L1_x0,L1_y0,L1_z0,L1_x1,L1_y1,L1_z1,L1_x2,L1_y2,L1_z2,L1_x3,L1_y3,L1_z3,L1_x4,L1_y4,L1_z4,L1_x5,L1_y5,L1_z5,L1_x6,L1_y6,L1_z6,L1_x7,L1_y7,L1_z7,L1_x8,L1_y8,L1_z8,L1_x9,L1_y9,L1_z9,L1_x10,L1_y10,L1_z10,L1_x11,L1_y11,L1_z11,L1_x12,L1_y12,L1_z12,L1_x13,L1_y13,L1_z13,L1_x14,L1_y14,L1_z14,L1_x15,L1_y15,L1_z15,L1_x16,L1_y16,L1_z16,L1_x17,L1_y17,L1_z17,L1_x18,L1_y18,L1_z18,L1_x19,L1_y19,L1_z19,L1_x20,L1_y20,L1_z20,L2_x0,L2_y0,L2_z0,L2_x1,L2_y1,L2_z1,L2_x2,L2_y2,L2_z2,L2_x3,L2_y3,L2_z3,L2_x4,L2_y4,L2_z4,L2_x5,L2_y5,L2_z5,L2_x6,L2_y6,L2_z6,L2_x7,L2_y7,L2_z7,L2_x8,L2_y8,L2_z8,L2_x9,L2_y9,L2_z9,L2_x10,L2_y10,L2_z10,L2_x11,L2_y11,L2_z11,L2_x12,L2_y12,L2_z12,L2_x13,L2_y13,L2_z13,L2_x14,L2_y14,L2_z14,L2_x15,L2_y15,L2_z15,L2_x16,L2_y16,L2_z16,L2_x17,L2_y17,L2_z17,L2_x18,L2_y18,L2_z18,L2_x19,L2_y19,L2_z19,L2_x20,L2_y20,L2_z20,label
0.6543136835098267,0.39734503626823425,2.0676345968695387e-07,0.6177778244018555,0.3957383334636688,-0.0038019188214093447,0.5790836215019226,0.3618599772453308,-0.006537809036672115,0.5452116131782532,0.3487873673439026,-0.01179374661296606,0.5141788721084595,0.3486652076244354,-0.01669841632246971,0.5911879539489746,0.26164302229881287,0.009915169328451157,0.5547134876251221,0.22007852792739868,0.0012521111639216542,0.5275321006774902,0.19217899441719055,-0.00889025442302227,0.5069258809089661,0.1683633029460907,-0.016538050025701523,0.5952405333518982,0.25042399764060974,0.0014966819435358047,0.5524371862411499,0.2040831744670868,-0.0074120513163506985,0.5219691395759583,0.1717120260000229,-0.016582252457737923,0.49703964591026306,0.14325928688049316,-0.022488011047244072,0.6015692353248596,0.2461794912815094,-0.009384997189044952,0.5599138140678406,0.1945400834083557,-0.018276028335094452,0.529772937297821,0.1619763970375061,-0.02422589808702469,0.5048043727874756,0.1328863650560379,-0.027109086513519287,0.6080358028411865,0.24952563643455505,-0.02165999822318554,0.5787683129310608,0.19798900187015533,-0.028178967535495758,0.5584799647331238,0.1651320457458496,-0.03023327700793743,0.5416646599769592,0.13547490537166595,-0.030934464186429977,0.0,0.0,0.0,0.0,0.0,0.0,0.0,0.0,0.0,0.0,0.0,0.0,0.0,0.0,0.0,0.0,0.0,0.0,0.0,0.0,0.0,0.0,0.0,0.0,0.0,0.0,0.0,0.0,0.0,0.0,0.0,0.0,0.0,0.0,0.0,0.0,0.0,0.0,0.0,0.0,0.0,0.0,0.0,0.0,0.0,0.0,0.0,0.0,0.0,0.0,0.0,0.0,0.0,0.0,0.0,0.0,0.0,0.0,0.0,0.0,0.0,0.0,0.0,he
0.6620231866836548,0.406097948551178,2.0764586494692594e-08,0.6160473227500916,0.4010135531425476,0.0011061318218708038,0.5760354995727539,0.36521440744400024,0.00013678075629286468,0.5416437983512878,0.3492989242076874,-0.0048166848719120026,0.5116345286369324,0.3500753939151764,-0.009641398675739765,0.593899130821228,0.26399052143096924,0.01648082584142685,0.5537953972816467,0.22284963726997375,0.010140801779925823,0.5241483449935913,0.19446666538715363,0.001990980003029108,0.5000715851783752,0.17127855122089386,-0.005095116328448057,0.6003081202507019,0.2527773678302765,0.004197852686047554,0.5537577867507935,0.20681609213352203,-0.002475658431649208,0.5214516520500183,0.17656491696834564,-0.009706307202577591,0.49370014667510986,0.1498645395040512,-0.01510138064622879,0.6057671904563904,0.2496834546327591,-0.010728147812187672,0.5590083599090576,0.19781936705112457,-0.019518835470080376,0.5247542858123779,0.1673547476530075,-0.024846842512488365,0.4966058135032654,0.13989633321762085,-0.028058184310793877,0.6077331304550171,0.2538863718509674,-0.026787487789988518,0.5738580822944641,0.20294639468193054,-0.03433527052402496,0.5507757663726807,0.1703205555677414,-0.036914099007844925,0.5308830738067627,0.1399848759174347,-0.03861693665385246,0.0,0.0,0.0,0.0,0.0,0.0,0.0,0.0,0.0,0.0,0.0,0.0,0.0,0.0,0.0,0.0,0.0,0.0,0.0,0.0,0.0,0.0,0.0,0.0,0.0,0.0,0.0,0.0,0.0,0.0,0.0,0.0,0.0,0.0,0.0,0.0,0.0,0.0,0.0,0.0,0.0,0.0,0.0,0.0,0.0,0.0,0.0,0.0,0.0,0.0,0.0,0.0,0.0,0.0,0.0,0.0,0.0,0.0,0.0,0.0,0.0,0.0,0.0,he
0.6670585870742798,0.41627323627471924,-5.040547534918005e-08,0.6152648329734802,0.40912219882011414,0.011072279885411263,0.5746727585792542,0.3698630928993225,0.01643935590982437,0.5403618812561035,0.3533441126346588,0.0159115232527256,0.5096330642700195,0.35363122820854187,0.014783084392547607,0.5948994159698486,0.26842859387397766,0.03099680133163929,0.5537947416305542,0.22736519575119019,0.02877994067966938,0.5221800804138184,0.19930192828178406,0.022109070792794228,0.49577614665031433,0.1759958267211914,0.015302896499633789,0.602259635925293,0.2565024197101593,0.01445681881159544,0.5531161427497864,0.2111111581325531,0.011689092963933945,0.5181028246879578,0.18087756633758545,0.004455301444977522,0.48811566829681396,0.15524673461914062,-0.0019370397785678506,0.6077806949615479,0.2536610960960388,-0.004358421079814434,0.5582602620124817,0.20297472178936005,-0.010586336255073547,0.5222054719924927,0.1728651523590088,-0.01625010184943676,0.49221524596214294,0.14555571973323822,-0.020566169172525406,0.6083055734634399,0.2579992413520813,-0.023555193096399307,0.5714592933654785,0.20778010785579681,-0.030469954013824463,0.5472513437271118,0.17544186115264893,-0.03348185867071152,0.5259506702423096,0.14490555226802826,-0.03602897375822067,0.0,0.0,0.0,0.0,0.0,0.0,0.0,0.0,0.0,0.0,0.0,0.0,0.0,0.0,0.0,0.0,0.0,0.0,0.0,0.0,0.0,0.0,0.0,0.0,0.0,0.0,0.0,0.0,0.0,0.0,0.0,0.0,0.0,0.0,0.0,0.0,0.0,0.0,0.0,0.0,0.0,0.0,0.0,0.0,0.0,0.0,0.0,0.0,0.0,0.0,0.0,0.0,0.0,0.0,0.0,0.0,0.0,0.0,0.0,0.0,0.0,0.0,0.0,he
0.6675245761871338,0.41565921902656555,-3.143251703363603e-08,0.6150887608528137,0.410769522190094,0.004278275184333324,0.5733131766319275,0.3723737597465515,0.006594360340386629,0.5382401943206787,0.3546019196510315,0.004831590689718723,0.5090520977973938,0.3538430631160736,0.003019222989678383,0.5944387316703796,0.2668796181678772,0.02150905132293701,0.5519797801971436,0.22793424129486084,0.01732509396970272,0.5206069946289062,0.20046284794807434,0.010132785886526108,0.494843989610672,0.17755530774593353,0.003380455309525132,0.6012936234474182,0.25529229640960693,0.009317946620285511,0.5506595969200134,0.21096959710121155,0.004983714781701565,0.5167641639709473,0.1825237274169922,-0.0013819299638271332,0.4879278838634491,0.15716694295406342,-0.006701293401420116,0.6058208346366882,0.2529049515724182,-0.005300818011164665,0.5548276901245117,0.20376992225646973,-0.012376923114061356,0.5199011564254761,0.17517775297164917,-0.016930682584643364,0.4911419451236725,0.14881636202335358,-0.01996554806828499,0.605467677116394,0.25809407234191895,-0.02079472318291664,0.5688799023628235,0.20911246538162231,-0.027321573346853256,0.5451541543006897,0.17750947177410126,-0.02948775701224804,0.5242640376091003,0.14808990061283112,-0.03111538104712963,0.0,0.0,0.0,0.0,0.0,0.0,0.0,0.0,0.0,0.0,0.0,0.0,0.0,0.0,0.0,0.0,0.0,0.0,0.0,0.0,0.0,0.0,0.0,0.0,0.0,0.0,0.0,0.0,0.0,0.0,0.0,0.0,0.0,0.0,0.0,0.0,0.0,0.0,0.0,0.0,0.0,0.0,0.0,0.0,0.0,0.0,0.0,0.0,0.0,0.0,0.0,0.0,0.0,0.0,0.0,0.0,0.0,0.0,0.0,0.0,0.0,0.0,0.0,he
0.6688233017921448,0.4247698187828064,-7.415518865627746e-08,0.6171722412109375,0.41582396626472473,0.003972321283072233,0.5747238397598267,0.3735155761241913,0.007013233378529549,0.5397119522094727,0.35413894057273865,0.005972797982394695,0.5092439651489258,0.35323697328567505,0.004635700024664402,0.5979579091072083,0.2743149697780609,0.02111290581524372,0.5577484965324402,0.23300251364707947,0.015472304075956345,0.5257949233055115,0.20454132556915283,0.007133504841476679,0.49942547082901,0.1815357357263565,-0.00032341881887987256,0.6046556234359741,0.26344579458236694,0.008862175047397614,0.5566280484199524,0.21708527207374573,0.002054759068414569,0.5219046473503113,0.18679992854595184,-0.006512970197945833,0.490871399641037,0.15929077565670013,-0.012979371473193169,0.6101704239845276,0.26055067777633667,-0.0057800766080617905,0.5617070198059082,0.20945698022842407,-0.015645192936062813,0.5262970328330994,0.17818769812583923,-0.022153491154313087,0.4957770109176636,0.1490245759487152,-0.025865275412797928,0.6118641495704651,0.26440706849098206,-0.02110762521624565,0.5748162865638733,0.2135455161333084,-0.030240599066019058,0.5490853190422058,0.18137815594673157,-0.033683113753795624,0.525776207447052,0.15218859910964966,-0.035759322345256805,0.0,0.0,0.0,0.0,0.0,0.0,0.0,0.0,0.0,0.0,0.0,0.0,0.0,0.0,0.0,0.0,0.0,0.0,0.0,0.0,0.0,0.0,0.0,0.0,0.0,0.0,0.0,0.0,0.0,0.0,0.0,0.0,0.0,0.0,0.0,0.0,0.0,0.0,0.0,0.0,0.0,0.0,0.0,0.0,0.0,0.0,0.0,0.0,0.0,0.0,0.0,0.0,0.0,0.0,0.0,0.0,0.0,0.0,0.0,0.0,0.0,0.0,0.0,he
0.6693358421325684,0.42387157678604126,-5.715099149483649e-08,0.6166377067565918,0.41643351316452026,0.0032789220567792654,0.5753577947616577,0.37469780445098877,0.005377152003347874,0.5402911901473999,0.3546045422554016,0.0035015400499105453,0.508512020111084,0.35261571407318115,0.001482013612985611,0.6004136204719543,0.2701004445552826,0.020739875733852386,0.5581158399581909,0.2307925522327423,0.015323460102081299,0.5250358581542969,0.20280742645263672,0.006903968285769224,0.49709823727607727,0.17989973723888397,-0.000720652868039906,0.6080206632614136,0.25885045528411865,0.008606990799307823,0.5576174855232239,0.21495312452316284,0.0025954025331884623,0.5218198895454407,0.18591147661209106,-0.0055570886470377445,0.4901840090751648,0.16034843027591705,-0.012069907039403915,0.6124786138534546,0.25711408257484436,-0.005996683146804571,0.5615846514701843,0.20836934447288513,-0.01504130195826292,0.5254831314086914,0.1791849434375763,-0.020992614328861237,0.49479472637176514,0.15206055343151093,-0.024677015841007233,0.6111862063407898,0.26296621561050415,-0.02146117389202118,0.5729038119316101,0.21438275277614594,-0.029911987483501434,0.547197699546814,0.18306100368499756,-0.03308643773198128,0.5244233012199402,0.15380516648292542,-0.03515126556158066,0.0,0.0,0.0,0.0,0.0,0.0,0.0,0.0,0.0,0.0,0.0,0.0,0.0,0.0,0.0,0.0,0.0,0.0,0.0,0.0,0.0,0.0,0.0,0.0,0.0,0.0,0.0,0.0,0.0,0.0,0.0,0.0,0.0,0.0,0.0,0.0,0.0,0.0,0.0,0.0,0.0,0.0,0.0,0.0,0.0,0.0,0.0,0.0,0.0,0.0,0.0,0.0,0.0,0.0,0.0,0.0,0.0,0.0,0.0,0.0,0.0,0.0,0.0,he
0.6731974482536316,0.436178982257843,-1.4135191861441854e-07,0.6181018352508545,0.4233611524105072,1.2858714399044402e-05,0.5758500099182129,0.3775131106376648,-0.0012456064578145742,0.5389611124992371,0.3531368672847748,-0.005517210811376572,0.5043882131576538,0.3507399559020996,-0.009916767477989197,0.6143493056297302,0.27797457575798035,0.011728009209036827,0.5663052201271057,0.24045932292938232,0.0029008639976382256,0.5296745300292969,0.21472135186195374,-0.0077721551060676575,0.49880683422088623,0.19425013661384583,-0.01690080016851425,0.6217074394226074,0.26805996894836426,0.0011971961939707398,0.5653456449508667,0.2254577875137329,-0.008526714518666267,0.5265690684318542,0.19816482067108154,-0.018764449283480644,0.49280649423599243,0.17488454282283783,-0.02694830484688282,0.6236367225646973,0.2697542607784271,-0.011462285183370113,0.5708292126655579,0.2226821333169937,-0.022848347201943398,0.5350500345230103,0.19483411312103271,-0.02981472946703434,0.5044440627098083,0.16954781115055084,-0.03441157937049866,0.6186708807945251,0.28134915232658386,-0.024901557713747025,0.5808956623077393,0.23563149571418762,-0.0344577319920063,0.5542407035827637,0.20849105715751648,-0.03822815418243408,0.5296770930290222,0.18406274914741516,-0.040917038917541504,0.0,0.0,0.0,0.0,0.0,0.0,0.0,0.0,0.0,0.0,0.0,0.0,0.0,0.0,0.0,0.0,0.0,0.0,0.0,0.0,0.0,0.0,0.0,0.0,0.0,0.0,0.0,0.0,0.0,0.0,0.0,0.0,0.0,0.0,0.0,0.0,0.0,0.0,0.0,0.0,0.0,0.0,0.0,0.0,0.0,0.0,0.0,0.0,0.0,0.0,0.0,0.0,0.0,0.0,0.0,0.0,0.0,0.0,0.0,0.0,0.0,0.0,0.0,he
0.6759932637214661,0.45180952548980713,-5.443257578008343e-07,0.6157389283180237,0.4344620704650879,0.006820941809564829,0.5745338797569275,0.3878959119319916,0.00324249267578125,0.5382081270217896,0.3606764078140259,-0.005420155823230743,0.5021957159042358,0.35128191113471985,-0.014405124820768833,0.6266826391220093,0.2817283272743225,0.009256696328520775,0.562717616558075,0.25609296560287476,-0.007951435633003712,0.5205085873603821,0.27248623967170715,-0.02507375366985798,0.4933985471725464,0.30063313245773315,-0.03483644872903824,0.6347416043281555,0.27434393763542175,-0.0042357961647212505,0.5587748885154724,0.24874699115753174,-0.016169322654604912,0.5131586790084839,0.26885274052619934,-0.028617125004529953,0.483732134103775,0.29887399077415466,-0.0378694161772728,0.6344147324562073,0.28161370754241943,-0.019133340567350388,0.5604843497276306,0.24445515871047974,-0.031170561909675598,0.5171865820884705,0.26511192321777344,-0.03659271076321602,0.49087047576904297,0.29307717084884644,-0.039668384939432144,0.6232287287712097,0.30057966709136963,-0.033727969974279404,0.5632045865058899,0.25961023569107056,-0.04338584840297699,0.5294228792190552,0.2665179371833801,-0.04387132450938225,0.5074869394302368,0.28554853796958923,-0.04307020455598831,0.0,0.0,0.0,0.0,0.0,0.0,0.0,0.0,0.0,0.0,0.0,0.0,0.0,0.0,0.0,0.0,0.0,0.0,0.0,0.0,0.0,0.0,0.0,0.0,0.0,0.0,0.0,0.0,0.0,0.0,0.0,0.0,0.0,0.0,0.0,0.0,0.0,0.0,0.0,0.0,0.0,0.0,0.0,0.0,0.0,0.0,0.0,0.0,0.0,0.0,0.0,0.0,0.0,0.0,0.0,0.0,0.0,0.0,0.0,0.0,0.0,0.0,0.0,he
0.6912092566490173,0.48508405685424805,-7.031746918073623e-07,0.6257968544960022,0.4673794209957123,0.012183332815766335,0.5852524638175964,0.41726285219192505,0.013395815156400204,0.5495040416717529,0.3895736634731293,0.007762380875647068,0.516819953918457,0.37029406428337097,0.0014300205511972308,0.6362631320953369,0.300465852022171,0.018852191045880318,0.5644518733024597,0.2833405137062073,0.006007630378007889,0.527954638004303,0.3188179135322571,-0.008068515919148922,0.5124160647392273,0.3582415282726288,-0.015603989362716675,0.6465755701065063,0.29256221652030945,0.0038992317859083414,0.5616453289985657,0.2783649265766144,-0.005747672636061907,0.5255269408226013,0.3232133686542511,-0.01602374203503132,0.5140131711959839,0.36484408378601074,-0.022494053468108177,0.6464616060256958,0.3020561933517456,-0.012012477964162827,0.5637460350990295,0.2741411030292511,-0.02498425729572773,0.5268468260765076,0.3185955882072449,-0.029668807983398438,0.5172195434570312,0.35924482345581055,-0.030605096369981766,0.6325504779815674,0.32337111234664917,-0.026828361675143242,0.568002462387085,0.2827318608760834,-0.03846277669072151,0.5354792475700378,0.30804887413978577,-0.037355903536081314,0.523684561252594,0.34372246265411377,-0.03370289131999016,0.0,0.0,0.0,0.0,0.0,0.0,0.0,0.0,0.0,0.0,0.0,0.0,0.0,0.0,0.0,0.0,0.0,0.0,0.0,0.0,0.0,0.0,0.0,0.0,0.0,0.0,0.0,0.0,0.0,0.0,0.0,0.0,0.0,0.0,0.0,0.0,0.0,0.0,0.0,0.0,0.0,0.0,0.0,0.0,0.0,0.0,0.0,0.0,0.0,0.0,0.0,0.0,0.0,0.0,0.0,0.0,0.0,0.0,0.0,0.0,0.0,0.0,0.0,he
0.7023620009422302,0.5036729574203491,-6.918563713043113e-07,0.6353192925453186,0.4842541217803955,0.010556529276072979,0.5952417850494385,0.43369027972221375,0.010580126196146011,0.5586216449737549,0.4042779207229614,0.0036044479347765446,0.5238680243492126,0.38487517833709717,-0.0037836777046322823,0.6446195244789124,0.3153458535671234,0.018004227429628372,0.5723091959953308,0.2973921597003937,0.0027547935023903847,0.5381711721420288,0.3370545208454132,-0.012201422825455666,0.5266653895378113,0.37926650047302246,-0.019711552187800407,0.6544679999351501,0.3074421286582947,0.003368140896782279,0.5693010091781616,0.2944043278694153,-0.008966747671365738,0.5346571207046509,0.34362494945526123,-0.01972237601876259,0.5260075926780701,0.38632506132125854,-0.02551092952489853,0.6540678143501282,0.3164019286632538,-0.012613203376531601,0.5702122449874878,0.28972309827804565,-0.028781374916434288,0.5343418121337891,0.33763420581817627,-0.032999180257320404,0.5268896222114563,0.3797025680541992,-0.03220582380890846,0.6391395926475525,0.33748674392700195,-0.027581719681620598,0.5738733410835266,0.2978293001651764,-0.04089915379881859,0.5433172583580017,0.3271956443786621,-0.0392400398850441,0.5341460108757019,0.3666670024394989,-0.034207265824079514,0.0,0.0,0.0,0.0,0.0,0.0,0.0,0.0,0.0,0.0,0.0,0.0,0.0,0.0,0.0,0.0,0.0,0.0,0.0,0.0,0.0,0.0,0.0,0.0,0.0,0.0,0.0,0.0,0.0,0.0,0.0,0.0,0.0,0.0,0.0,0.0,0.0,0.0,0.0,0.0,0.0,0.0,0.0,0.0,0.0,0.0,0.0,0.0,0.0,0.0,0.0,0.0,0.0,0.0,0.0,0.0,0.0,0.0,0.0,0.0,0.0,0.0,0.0,he
0.728113055229187,0.5299395322799683,-6.914275445524254e-07,0.6598107218742371,0.5047898292541504,0.008844242431223392,0.6190515756607056,0.44942396879196167,0.006524767726659775,0.5801987051963806,0.42111799120903015,-0.0028273952193558216,0.5445224046707153,0.4036669433116913,-0.012184428051114082,0.6727226376533508,0.33407291769981384,0.01801196299493313,0.6036242246627808,0.31361639499664307,-0.0011720542097464204,0.5631279945373535,0.34276509284973145,-0.020252898335456848,0.5407920479774475,0.38047197461128235,-0.030589675530791283,0.6849139332771301,0.3280602693557739,0.0024507876951247454,0.5989717841148376,0.3057388663291931,-0.012785169295966625,0.5560705065727234,0.344984769821167,-0.028076866641640663,0.5366275906562805,0.38831526041030884,-0.037394195795059204,0.6882160305976868,0.33685845136642456,-0.015025860629975796,0.6045219302177429,0.3034343123435974,-0.031187089160084724,0.559887170791626,0.3430729806423187,-0.03929030895233154,0.5408602356910706,0.3856413662433624,-0.04189290851354599,0.6774632930755615,0.3592543601989746,-0.031927403062582016,0.6122978329658508,0.32110247015953064,-0.04309895262122154,0.575620710849762,0.3422331213951111,-0.04362710565328598,0.5561280250549316,0.37692463397979736,-0.041491467505693436,0.0,0.0,0.0,0.0,0.0,0.0,0.0,0.0,0.0,0.0,0.0,0.0,0.0,0.0,0.0,0.0,0.0,0.0,0.0,0.0,0.0,0.0,0.0,0.0,0.0,0.0,0.0,0.0,0.0,0.0,0.0,0.0,0.0,0.0,0.0,0.0,0.0,0.0,0.0,0.0,0.0,0.0,0.0,0.0,0.0,0.0,0.0,0.0,0.0,0.0,0.0,0.0,0.0,0.0,0.0,0.0,0.0,0.0,0.0,0.0,0.0,0.0,0.0,he
0.7286913394927979,0.5320214033126831,-6.302967108240409e-07,0.6605449914932251,0.5063071846961975,0.005731116980314255,0.6187653541564941,0.44936665892601013,0.002725321566686034,0.5797116756439209,0.41961783170700073,-0.006630731280893087,0.5430710315704346,0.40036511421203613,-0.01618807390332222,0.6703036427497864,0.3328132629394531,0.014914731495082378,0.6004030704498291,0.3133147060871124,-0.005223794374614954,0.5579193830490112,0.3459186255931854,-0.02494526095688343,0.5342612266540527,0.38572239875793457,-0.03537467122077942,0.6827259659767151,0.327795147895813,0.0013813877012580633,0.5961390137672424,0.30825161933898926,-0.015213689766824245,0.5522533059120178,0.34975484013557434,-0.030425988137722015,0.5313037633895874,0.39326268434524536,-0.03898144140839577,0.6860734820365906,0.337586909532547,-0.014228569343686104,0.6015203595161438,0.30866265296936035,-0.03156518191099167,0.556342363357544,0.34918931126594543,-0.03931188955903053,0.5359493494033813,0.39102980494499207,-0.04092223569750786,0.6764618754386902,0.3596860468387604,-0.029543912038207054,0.6122187972068787,0.32229846715927124,-0.04168608412146568,0.5750595927238464,0.34120237827301025,-0.04234561696648598,0.5537929534912109,0.3742392361164093,-0.039662301540374756,0.0,0.0,0.0,0.0,0.0,0.0,0.0,0.0,0.0,0.0,0.0,0.0,0.0,0.0,0.0,0.0,0.0,0.0,0.0,0.0,0.0,0.0,0.0,0.0,0.0,0.0,0.0,0.0,0.0,0.0,0.0,0.0,0.0,0.0,0.0,0.0,0.0,0.0,0.0,0.0,0.0,0.0,0.0,0.0,0.0,0.0,0.0,0.0,0.0,0.0,0.0,0.0,0.0,0.0,0.0,0.0,0.0,0.0,0.0,0.0,0.0,0.0,0.0,he
0.7411222457885742,0.5293171405792236,-6.06315722961881e-07,0.6802014112472534,0.4947446584701538,0.015347510576248169,0.639726459980011,0.43189504742622375,0.019251324236392975,0.6059912443161011,0.3959861099720001,0.012692428193986416,0.5730637907981873,0.3741070032119751,0.00609197374433279,0.6778843402862549,0.3440420627593994,0.04213099181652069,0.636281430721283,0.30264145135879517,0.023699134588241577,0.5959404706954956,0.3199068307876587,0.004242298658937216,0.5671119093894958,0.34902310371398926,-0.006706566549837589,0.6912967562675476,0.33650311827659607,0.02154560759663582,0.6370196342468262,0.290910005569458,0.003600702155381441,0.589695930480957,0.3170376718044281,-0.016217540949583054,0.5595402121543884,0.35220322012901306,-0.026940232142806053,0.7037389278411865,0.33536016941070557,-0.002501948270946741,0.6470833420753479,0.2891858220100403,-0.021108856424689293,0.5974602103233337,0.32124432921409607,-0.03410101681947708,0.568675696849823,0.3590402603149414,-0.03877098858356476,0.7111228704452515,0.34224963188171387,-0.02604302391409874,0.6594401597976685,0.3019994795322418,-0.0370347835123539,0.6200305223464966,0.3219722509384155,-0.04007541388273239,0.5950713157653809,0.35519951581954956,-0.04015371575951576,0.0,0.0,0.0,0.0,0.0,0.0,0.0,0.0,0.0,0.0,0.0,0.0,0.0,0.0,0.0,0.0,0.0,0.0,0.0,0.0,0.0,0.0,0.0,0.0,0.0,0.0,0.0,0.0,0.0,0.0,0.0,0.0,0.0,0.0,0.0,0.0,0.0,0.0,0.0,0.0,0.0,0.0,0.0,0.0,0.0,0.0,0.0,0.0,0.0,0.0,0.0,0.0,0.0,0.0,0.0,0.0,0.0,0.0,0.0,0.0,0.0,0.0,0.0,he
0.7437207698822021,0.5133467316627502,-4.3450950215628836e-07,0.6921052932739258,0.4801250696182251,0.009260009974241257,0.6552184224128723,0.4147410988807678,0.014850225299596786,0.6272656321525574,0.374187707901001,0.011410916224122047,0.602620005607605,0.3453095853328705,0.008158433251082897,0.6892951726913452,0.3401240110397339,0.03958404064178467,0.6616143584251404,0.2879948616027832,0.025109615176916122,0.6261200904846191,0.28786876797676086,0.0096365287899971,0.599962592124939,0.30047857761383057,0.0008635587291792035,0.7042438387870789,0.33188897371292114,0.023650536313652992,0.6738415956497192,0.2651633024215698,0.004702155478298664,0.6316370964050293,0.2796594500541687,-0.01231741439551115,0.603175163269043,0.30819547176361084,-0.01903514750301838,0.7212401628494263,0.3283270299434662,0.00403514364734292,0.6853926181793213,0.2615981698036194,-0.015771931037306786,0.6425521373748779,0.2905069589614868,-0.02645581029355526,0.6186851263046265,0.327742338180542,-0.02762066200375557,0.736496090888977,0.33089178800582886,-0.015572523698210716,0.696782648563385,0.279593825340271,-0.027944441884756088,0.6579229831695557,0.2981809973716736,-0.030777493491768837,0.634117841720581,0.3297218084335327,-0.02967294119298458,0.0,0.0,0.0,0.0,0.0,0.0,0.0,0.0,0.0,0.0,0.0,0.0,0.0,0.0,0.0,0.0,0.0,0.0,0.0,0.0,0.0,0.0,0.0,0.0,0.0,0.0,0.0,0.0,0.0,0.0,0.0,0.0,0.0,0.0,0.0,0.0,0.0,0.0,0.0,0.0,0.0,0.0,0.0,0.0,0.0,0.0,0.0,0.0,0.0,0.0,0.0,0.0,0.0,0.0,0.0,0.0,0.0,0.0,0.0,0.0,0.0,0.0,0.0,he
0.7439134120941162,0.5129176378250122,-3.1248669074557256e-07,0.6945769190788269,0.47777143120765686,0.003457718761637807,0.6558773517608643,0.40908390283584595,0.0065715983510017395,0.6288834810256958,0.3604370653629303,0.0019777393899858,0.6049672365188599,0.3209524154663086,-0.001947538461536169,0.6926190257072449,0.3378660976886749,0.03552698716521263,0.6700679659843445,0.2836538851261139,0.021655088290572166,0.6387426257133484,0.26973435282707214,0.00630170339718461,0.6112807393074036,0.27085041999816895,-0.003007326042279601,0.7079401612281799,0.32899367809295654,0.022582408040761948,0.6770459413528442,0.26512467861175537,0.0030978741124272346,0.6374067068099976,0.2663607895374298,-0.014719848521053791,0.608220636844635,0.28364449739456177,-0.022630218416452408,0.7272171974182129,0.3262326121330261,0.005634679924696684,0.6932331919670105,0.260985791683197,-0.01662042737007141,0.6582174897193909,0.2892002463340759,-0.026690466329455376,0.6387630701065063,0.3272646963596344,-0.026359181851148605,0.7498530149459839,0.32843586802482605,-0.011651587672531605,0.7194662094116211,0.270792692899704,-0.025266818702220917,0.6913222074508667,0.2801598310470581,-0.027655277401208878,0.6753941178321838,0.30523544549942017,-0.025549812242388725,0.0,0.0,0.0,0.0,0.0,0.0,0.0,0.0,0.0,0.0,0.0,0.0,0.0,0.0,0.0,0.0,0.0,0.0,0.0,0.0,0.0,0.0,0.0,0.0,0.0,0.0,0.0,0.0,0.0,0.0,0.0,0.0,0.0,0.0,0.0,0.0,0.0,0.0,0.0,0.0,0.0,0.0,0.0,0.0,0.0,0.0,0.0,0.0,0.0,0.0,0.0,0.0,0.0,0.0,0.0,0.0,0.0,0.0,0.0,0.0,0.0,0.0,0.0,he
0.7285643219947815,0.5280376672744751,-4.7187771201606665e-07,0.6905179023742676,0.4984554052352905,-0.0019976175390183926,0.6543559432029724,0.42167916893959045,-0.0003254673210904002,0.632110059261322,0.3690091669559479,-0.004840516485273838,0.6130474209785461,0.3210933804512024,-0.009104771539568901,0.6956527829170227,0.3361022472381592,0.021257499232888222,0.6875519156455994,0.2654593586921692,0.0031122914515435696,0.6553080081939697,0.2387172281742096,-0.008846092969179153,0.6272761225700378,0.2230006754398346,-0.015760397538542747,0.71563321352005,0.3346203863620758,0.009791913442313671,0.6792847514152527,0.28331324458122253,-0.020374327898025513,0.658666729927063,0.3476327657699585,-0.027725551277399063,0.6651973724365234,0.396472692489624,-0.022470194846391678,0.7379741668701172,0.3427163362503052,-0.0056834956631064415,0.6983612775802612,0.29272109270095825,-0.03714475780725479,0.6822996139526367,0.3601272404193878,-0.030180376023054123,0.6935407519340515,0.4056786298751831,-0.013927397318184376,0.7647632360458374,0.35703498125076294,-0.021871045231819153,0.7295607924461365,0.311739057302475,-0.04070780426263809,0.7121224999427795,0.3539615869522095,-0.0321926511824131,0.7208573222160339,0.39241525530815125,-0.018948951736092567,0.0,0.0,0.0,0.0,0.0,0.0,0.0,0.0,0.0,0.0,0.0,0.0,0.0,0.0,0.0,0.0,0.0,0.0,0.0,0.0,0.0,0.0,0.0,0.0,0.0,0.0,0.0,0.0,0.0,0.0,0.0,0.0,0.0,0.0,0.0,0.0,0.0,0.0,0.0,0.0,0.0,0.0,0.0,0.0,0.0,0.0,0.0,0.0,0.0,0.0,0.0,0.0,0.0,0.0,0.0,0.0,0.0,0.0,0.0,0.0,0.0,0.0,0.0,he
0.7299461960792542,0.5295422077178955,-5.121179356137873e-07,0.6880470514297485,0.49870234727859497,-0.000814389786683023,0.6532787084579468,0.4211653470993042,0.00045770290307700634,0.6319450736045837,0.3685781955718994,-0.004476721864193678,0.6130877733230591,0.3216806650161743,-0.00883869081735611,0.6934646368026733,0.3358563184738159,0.0200458075851202,0.6826498508453369,0.26283878087997437,1.163675005955156e-05,0.6512449383735657,0.2347515970468521,-0.013509959913790226,0.6246629953384399,0.22034862637519836,-0.02066989056766033,0.7149133682250977,0.3334450125694275,0.00870602484792471,0.6764188408851624,0.28901684284210205,-0.020774049684405327,0.6570369005203247,0.3514726459980011,-0.028035402297973633,0.6635639071464539,0.39733779430389404,-0.023939533159136772,0.7385783195495605,0.34113389253616333,-0.006689837668091059,0.6974063515663147,0.2964634895324707,-0.03628978133201599,0.681425929069519,0.36063265800476074,-0.028952065855264664,0.6917756199836731,0.40494823455810547,-0.013994305394589901,0.7651422023773193,0.3571941554546356,-0.02292647771537304,0.7295835614204407,0.313109815120697,-0.03985564410686493,0.7110901474952698,0.35299956798553467,-0.031132571399211884,0.7175816297531128,0.39044320583343506,-0.018716122955083847,0.0,0.0,0.0,0.0,0.0,0.0,0.0,0.0,0.0,0.0,0.0,0.0,0.0,0.0,0.0,0.0,0.0,0.0,0.0,0.0,0.0,0.0,0.0,0.0,0.0,0.0,0.0,0.0,0.0,0.0,0.0,0.0,0.0,0.0,0.0,0.0,0.0,0.0,0.0,0.0,0.0,0.0,0.0,0.0,0.0,0.0,0.0,0.0,0.0,0.0,0.0,0.0,0.0,0.0,0.0,0.0,0.0,0.0,0.0,0.0,0.0,0.0,0.0,he
0.7564631700515747,0.5745518207550049,-3.5382083751756e-07,0.7041410803794861,0.5544577240943909,-0.014760016463696957,0.6564981341362,0.5008562803268433,-0.028267554938793182,0.6371806859970093,0.45947980880737305,-0.041494548320770264,0.6360331773757935,0.4493870139122009,-0.05624109506607056,0.7040112614631653,0.3662472665309906,-0.02849612757563591,0.6713922619819641,0.3104287087917328,-0.04656520113348961,0.6488767266273499,0.26790058612823486,-0.0630982294678688,0.6340729594230652,0.23481708765029907,-0.07711125165224075,0.7360954284667969,0.38011229038238525,-0.03437541425228119,0.6799173951148987,0.39414966106414795,-0.054470524191856384,0.6584267616271973,0.4382762908935547,-0.059740714728832245,0.659550130367279,0.46858924627304077,-0.06241696700453758,0.7562395334243774,0.42036551237106323,-0.041228946298360825,0.6976633667945862,0.44409602880477905,-0.05870496481657028,0.677093505859375,0.48352932929992676,-0.050837185233831406,0.6778685450553894,0.5095657110214233,-0.04442837834358215,0.7669942378997803,0.47100135684013367,-0.05024810507893562,0.7138298153877258,0.49260538816452026,-0.0634813979268074,0.696506142616272,0.5225043296813965,-0.05618078634142876,0.6977343559265137,0.5409337282180786,-0.04861130192875862,0.0,0.0,0.0,0.0,0.0,0.0,0.0,0.0,0.0,0.0,0.0,0.0,0.0,0.0,0.0,0.0,0.0,0.0,0.0,0.0,0.0,0.0,0.0,0.0,0.0,0.0,0.0,0.0,0.0,0.0,0.0,0.0,0.0,0.0,0.0,0.0,0.0,0.0,0.0,0.0,0.0,0.0,0.0,0.0,0.0,0.0,0.0,0.0,0.0,0.0,0.0,0.0,0.0,0.0,0.0,0.0,0.0,0.0,0.0,0.0,0.0,0.0,0.0,he
0.8136937022209167,0.6811568140983582,-4.87069542032259e-07,0.7499556541442871,0.6205998063087463,-0.012212568894028664,0.6874027252197266,0.5994226932525635,-0.030856238678097725,0.637831449508667,0.6339520812034607,-0.049695953726768494,0.6158156394958496,0.6845727562904358,-0.06985533982515335,0.7065034508705139,0.5211020708084106,-0.04697060212492943,0.6408252120018005,0.5768865346908569,-0.0696386992931366,0.6183627247810364,0.6373834609985352,-0.07639427483081818,0.6173772811889648,0.6832980513572693,-0.07933347672224045,0.74640953540802,0.5585551261901855,-0.05622487887740135,0.6456838846206665,0.6880881786346436,-0.07391753047704697,0.6495532989501953,0.7332872748374939,-0.07320830971002579,0.6692172288894653,0.7396491765975952,-0.07413017749786377,0.7789672613143921,0.6178982853889465,-0.06482648104429245,0.6794366836547852,0.7379055023193359,-0.08029001206159592,0.6917930245399475,0.7559384107589722,-0.07007113844156265,0.714131772518158,0.7414058446884155,-0.06416384130716324,0.8039746880531311,0.6811535358428955,-0.07429547607898712,0.7240930795669556,0.7715380191802979,-0.09123025834560394,0.7273609042167664,0.7825658321380615,-0.08243054896593094,0.7442218065261841,0.7672325372695923,-0.07315948605537415,0.0,0.0,0.0,0.0,0.0,0.0,0.0,0.0,0.0,0.0,0.0,0.0,0.0,0.0,0.0,0.0,0.0,0.0,0.0,0.0,0.0,0.0,0.0,0.0,0.0,0.0,0.0,0.0,0.0,0.0,0.0,0.0,0.0,0.0,0.0,0.0,0.0,0.0,0.0,0.0,0.0,0.0,0.0,0.0,0.0,0.0,0.0,0.0,0.0,0.0,0.0,0.0,0.0,0.0,0.0,0.0,0.0,0.0,0.0,0.0,0.0,0.0,0.0,he
0.8145530223846436,0.6865947842597961,-2.2807952859693614e-07,0.7462822794914246,0.6208527088165283,-0.00994415208697319,0.6786636710166931,0.6050424575805664,-0.02914592996239662,0.6236291527748108,0.6590241193771362,-0.048546724021434784,0.5949404239654541,0.7186880707740784,-0.06892602145671844,0.7131360173225403,0.5323498845100403,-0.04867797717452049,0.6537883877754211,0.5767788887023926,-0.07486996054649353,0.6421942710876465,0.608204185962677,-0.08557234704494476,0.6484320163726807,0.628670871257782,-0.0925481989979744,0.7500448226928711,0.5719665288925171,-0.06084149703383446,0.6495473384857178,0.690640389919281,-0.08415248245000839,0.6642522811889648,0.7125734090805054,-0.08547315001487732,0.6889826059341431,0.6986533403396606,-0.0887371376156807,0.7799891233444214,0.6341472268104553,-0.07273344695568085,0.6767290830612183,0.7452905178070068,-0.09349985420703888,0.6949185729026794,0.7447337508201599,-0.08505325764417648,0.7198104858398438,0.7152175307273865,-0.08049936592578888,0.8033126592636108,0.7015928030014038,-0.08482573926448822,0.7173066139221191,0.7827256917953491,-0.10677177459001541,0.7227185368537903,0.7799661755561829,-0.1025930717587471,0.7410023808479309,0.7535806894302368,-0.09773113578557968,0.0,0.0,0.0,0.0,0.0,0.0,0.0,0.0,0.0,0.0,0.0,0.0,0.0,0.0,0.0,0.0,0.0,0.0,0.0,0.0,0.0,0.0,0.0,0.0,0.0,0.0,0.0,0.0,0.0,0.0,0.0,0.0,0.0,0.0,0.0,0.0,0.0,0.0,0.0,0.0,0.0,0.0,0.0,0.0,0.0,0.0,0.0,0.0,0.0,0.0,0.0,0.0,0.0,0.0,0.0,0.0,0.0,0.0,0.0,0.0,0.0,0.0,0.0,he
0.8248738646507263,0.6794419884681702,-1.1884202422152157e-07,0.7520754933357239,0.6266955137252808,-0.011312436312437057,0.6780819892883301,0.6165669560432434,-0.02999279275536537,0.6256384253501892,0.6663053631782532,-0.04878922924399376,0.6040892601013184,0.7196770310401917,-0.07045910507440567,0.7064911723136902,0.5389324426651001,-0.0494784414768219,0.6675735712051392,0.5539635419845581,-0.07272976636886597,0.6399288773536682,0.581635057926178,-0.08239376544952393,0.6242220401763916,0.6126526594161987,-0.08945014327764511,0.7398451566696167,0.5872045755386353,-0.060520756989717484,0.6360569596290588,0.7066155672073364,-0.08543910831212997,0.6222681999206543,0.7473779320716858,-0.08845650404691696,0.629252552986145,0.7593812942504883,-0.09166083484888077,0.7699041962623596,0.6569110155105591,-0.07106837630271912,0.6622100472450256,0.7671175599098206,-0.09806456416845322,0.6642463803291321,0.7706270813941956,-0.09162705391645432,0.6836522817611694,0.7468019127845764,-0.08483059704303741,0.7950683236122131,0.7270359992980957,-0.08130483329296112,0.702699601650238,0.8006876111030579,-0.1080126240849495,0.6990556716918945,0.7997676134109497,-0.10403676331043243,0.7163394093513489,0.775903046131134,-0.09707003831863403,0.0,0.0,0.0,0.0,0.0,0.0,0.0,0.0,0.0,0.0,0.0,0.0,0.0,0.0,0.0,0.0,0.0,0.0,0.0,0.0,0.0,0.0,0.0,0.0,0.0,0.0,0.0,0.0,0.0,0.0,0.0,0.0,0.0,0.0,0.0,0.0,0.0,0.0,0.0,0.0,0.0,0.0,0.0,0.0,0.0,0.0,0.0,0.0,0.0,0.0,0.0,0.0,0.0,0.0,0.0,0.0,0.0,0.0,0.0,0.0,0.0,0.0,0.0,he
0.8101815581321716,0.6806132793426514,-2.152741984673412e-07,0.7364822030067444,0.6235355138778687,-0.011200222186744213,0.6693960428237915,0.6085677146911621,-0.03416268154978752,0.6236772537231445,0.6394112706184387,-0.05543609336018562,0.6057274341583252,0.6813023686408997,-0.07920288294553757,0.6898154616355896,0.5391254425048828,-0.07151519507169724,0.6351520419120789,0.6000043153762817,-0.09875553101301193,0.6071071028709412,0.6505863666534424,-0.10317303240299225,0.5979271531105042,0.6940252780914307,-0.10436852276325226,0.7301492691040039,0.5866262316703796,-0.08379074186086655,0.6341779828071594,0.7152342796325684,-0.11189518123865128,0.6290214657783508,0.7562152743339539,-0.1063825786113739,0.6414489150047302,0.7643587589263916,-0.10292413085699081,0.7653387784957886,0.6535252332687378,-0.09447220712900162,0.6646955609321594,0.772635817527771,-0.1250893920660019,0.6666536927223206,0.7866884469985962,-0.10887958854436874,0.6874276399612427,0.770581066608429,-0.09435489028692245,0.7925037145614624,0.7232513427734375,-0.10465195029973984,0.7019636631011963,0.8075727224349976,-0.13451194763183594,0.6959992051124573,0.8097889423370361,-0.12746432423591614,0.7127532958984375,0.7877712845802307,-0.11744911968708038,0.0,0.0,0.0,0.0,0.0,0.0,0.0,0.0,0.0,0.0,0.0,0.0,0.0,0.0,0.0,0.0,0.0,0.0,0.0,0.0,0.0,0.0,0.0,0.0,0.0,0.0,0.0,0.0,0.0,0.0,0.0,0.0,0.0,0.0,0.0,0.0,0.0,0.0,0.0,0.0,0.0,0.0,0.0,0.0,0.0,0.0,0.0,0.0,0.0,0.0,0.0,0.0,0.0,0.0,0.0,0.0,0.0,0.0,0.0,0.0,0.0,0.0,0.0,he
0.8038920164108276,0.6763487458229065,-1.425631950269235e-07,0.7217753529548645,0.6269808411598206,-0.010569846257567406,0.6497684717178345,0.6267099380493164,-0.03538703918457031,0.59743332862854,0.679025411605835,-0.059269100427627563,0.5671743154525757,0.7319329977035522,-0.08579105138778687,0.6872383952140808,0.5418798327445984,-0.0669330507516861,0.6337453722953796,0.6033209562301636,-0.09261535853147507,0.6081405878067017,0.6383035182952881,-0.0991414487361908,0.6011290550231934,0.6684869527816772,-0.1026819571852684,0.7297328114509583,0.5909061431884766,-0.07989117503166199,0.6304609775543213,0.7251874208450317,-0.10483051836490631,0.6283765435218811,0.7533139586448669,-0.10067730396986008,0.6443595290184021,0.7509142756462097,-0.09984093904495239,0.7651984095573425,0.6588885188102722,-0.09123691916465759,0.6596024036407471,0.7787679433822632,-0.1192433089017868,0.6610449552536011,0.7830575108528137,-0.10451053082942963,0.6811586022377014,0.7618204355239868,-0.09236182272434235,0.7916960716247559,0.7289941906929016,-0.10203660279512405,0.6984140872955322,0.8134151697158813,-0.1305454522371292,0.6913176774978638,0.808081865310669,-0.12333859503269196,0.7072474956512451,0.7814701795578003,-0.1140364557504654,0.0,0.0,0.0,0.0,0.0,0.0,0.0,0.0,0.0,0.0,0.0,0.0,0.0,0.0,0.0,0.0,0.0,0.0,0.0,0.0,0.0,0.0,0.0,0.0,0.0,0.0,0.0,0.0,0.0,0.0,0.0,0.0,0.0,0.0,0.0,0.0,0.0,0.0,0.0,0.0,0.0,0.0,0.0,0.0,0.0,0.0,0.0,0.0,0.0,0.0,0.0,0.0,0.0,0.0,0.0,0.0,0.0,0.0,0.0,0.0,0.0,0.0,0.0,he
0.8054020404815674,0.6789220571517944,-2.0741312312111404e-07,0.7326952815055847,0.6227509379386902,-0.00743756303563714,0.6696600317955017,0.6061298847198486,-0.028607770800590515,0.6265633702278137,0.6289113759994507,-0.048894695937633514,0.6084595918655396,0.6651492714881897,-0.07224079966545105,0.6903437376022339,0.5426243543624878,-0.06684209406375885,0.6402852535247803,0.5998491644859314,-0.09232303500175476,0.619221568107605,0.6320101618766785,-0.0962737649679184,0.6171203851699829,0.6579906344413757,-0.09690547734498978,0.7317510843276978,0.588583767414093,-0.07986737042665482,0.6370558142662048,0.7184526324272156,-0.10479358583688736,0.6245473027229309,0.7545571327209473,-0.09872594475746155,0.6320536732673645,0.7624812722206116,-0.0951770693063736,0.7667948603630066,0.6528562307357788,-0.09109246730804443,0.667870283126831,0.7753644585609436,-0.11896877735853195,0.6610240340232849,0.7849953770637512,-0.10288940370082855,0.675621509552002,0.7683781981468201,-0.08852142840623856,0.7934519052505493,0.7193871736526489,-0.10156876593828201,0.7039662003517151,0.8074736595153809,-0.1286555528640747,0.6938375234603882,0.8112297058105469,-0.12049901485443115,0.7057257294654846,0.791475236415863,-0.10971581935882568,0.0,0.0,0.0,0.0,0.0,0.0,0.0,0.0,0.0,0.0,0.0,0.0,0.0,0.0,0.0,0.0,0.0,0.0,0.0,0.0,0.0,0.0,0.0,0.0,0.0,0.0,0.0,0.0,0.0,0.0,0.0,0.0,0.0,0.0,0.0,0.0,0.0,0.0,0.0,0.0,0.0,0.0,0.0,0.0,0.0,0.0,0.0,0.0,0.0,0.0,0.0,0.0,0.0,0.0,0.0,0.0,0.0,0.0,0.0,0.0,0.0,0.0,0.0,he
0.8018112182617188,0.6705694794654846,-1.4429814143568365e-07,0.7258085608482361,0.6164155602455139,-0.010658249258995056,0.6589058041572571,0.6050696969032288,-0.03421657904982567,0.612759530544281,0.6428077816963196,-0.056216850876808167,0.5878236889839172,0.6974234580993652,-0.08123957365751266,0.6862584352493286,0.5404143929481506,-0.07250773161649704,0.631859302520752,0.6121140122413635,-0.09714554250240326,0.6130064129829407,0.6473096013069153,-0.09917973726987839,0.613530158996582,0.6712722182273865,-0.09884973615407944,0.730177640914917,0.5888559818267822,-0.08471935242414474,0.6343274712562561,0.7173017859458923,-0.10918404161930084,0.6237564086914062,0.7541090250015259,-0.10231491923332214,0.6336367726325989,0.7615107297897339,-0.09853539615869522,0.7659138441085815,0.6554450988769531,-0.09500104188919067,0.6660957932472229,0.773583173751831,-0.12240849435329437,0.6609194278717041,0.7838565111160278,-0.10607858747243881,0.6775611639022827,0.7679988741874695,-0.09203571081161499,0.7920865416526794,0.7243284583091736,-0.10466060042381287,0.7022192478179932,0.8071995377540588,-0.13173235952854156,0.6908489465713501,0.807705819606781,-0.12372881174087524,0.7035855650901794,0.7868739366531372,-0.11337624490261078,0.0,0.0,0.0,0.0,0.0,0.0,0.0,0.0,0.0,0.0,0.0,0.0,0.0,0.0,0.0,0.0,0.0,0.0,0.0,0.0,0.0,0.0,0.0,0.0,0.0,0.0,0.0,0.0,0.0,0.0,0.0,0.0,0.0,0.0,0.0,0.0,0.0,0.0,0.0,0.0,0.0,0.0,0.0,0.0,0.0,0.0,0.0,0.0,0.0,0.0,0.0,0.0,0.0,0.0,0.0,0.0,0.0,0.0,0.0,0.0,0.0,0.0,0.0,he
0.7937761545181274,0.6692175269126892,-2.1475059952535958e-07,0.723004162311554,0.6139062643051147,-0.005286212079226971,0.6664671301841736,0.595008373260498,-0.022388944402337074,0.6288742423057556,0.62050861120224,-0.039357129484415054,0.6126471757888794,0.6590204238891602,-0.05979737266898155,0.6921725273132324,0.5297003388404846,-0.053935397416353226,0.6402407884597778,0.5896682143211365,-0.0768575370311737,0.6160433292388916,0.6244093179702759,-0.08314578980207443,0.6116853356361389,0.6488133072853088,-0.08617932349443436,0.7323592901229858,0.574936032295227,-0.06671746075153351,0.6398630142211914,0.7057773470878601,-0.0903674066066742,0.6272684931755066,0.7393958568572998,-0.08911288529634476,0.6347611546516418,0.7433516383171082,-0.08928680419921875,0.7666119933128357,0.6365096569061279,-0.0780142992734909,0.6699347496032715,0.7582298517227173,-0.1049332320690155,0.6600970029830933,0.7678267955780029,-0.09468502551317215,0.6711686253547668,0.7499790191650391,-0.0844789445400238,0.7926523089408875,0.701145589351654,-0.0883985161781311,0.7073701024055481,0.7827808260917664,-0.11447637528181076,0.6951847076416016,0.785690426826477,-0.10910705476999283,0.7039390802383423,0.7660342454910278,-0.10090400278568268,0.0,0.0,0.0,0.0,0.0,0.0,0.0,0.0,0.0,0.0,0.0,0.0,0.0,0.0,0.0,0.0,0.0,0.0,0.0,0.0,0.0,0.0,0.0,0.0,0.0,0.0,0.0,0.0,0.0,0.0,0.0,0.0,0.0,0.0,0.0,0.0,0.0,0.0,0.0,0.0,0.0,0.0,0.0,0.0,0.0,0.0,0.0,0.0,0.0,0.0,0.0,0.0,0.0,0.0,0.0,0.0,0.0,0.0,0.0,0.0,0.0,0.0,0.0,he
0.7960584759712219,0.6490476727485657,-1.5351086801729252e-07,0.7210944294929504,0.6066871881484985,-0.013435746543109417,0.6485609412193298,0.6056211590766907,-0.03398885950446129,0.5931416153907776,0.6591140627861023,-0.05384814739227295,0.5554764270782471,0.7104659676551819,-0.0764271467924118,0.6846949458122253,0.5120365619659424,-0.048133764415979385,0.6427729725837708,0.567720890045166,-0.07161779701709747,0.6157041788101196,0.6005147099494934,-0.08353430777788162,0.6024563312530518,0.62969571352005,-0.09216929227113724,0.7240003943443298,0.5586041212081909,-0.058553386479616165,0.6320270299911499,0.6841247081756592,-0.08142343163490295,0.6230340003967285,0.7154271602630615,-0.08512429147958755,0.632156491279602,0.7210672497749329,-0.08995664119720459,0.7587637305259705,0.6235390901565552,-0.06872577965259552,0.6643015146255493,0.7382346391677856,-0.09364455193281174,0.6655728220939636,0.7390326857566833,-0.08568237721920013,0.6827958822250366,0.7163296937942505,-0.07877900451421738,0.785288393497467,0.689399778842926,-0.07913040369749069,0.7020878791809082,0.7646210193634033,-0.10522675514221191,0.6972731947898865,0.7623260617256165,-0.10108519345521927,0.7119458317756653,0.739663302898407,-0.09458407014608383,0.0,0.0,0.0,0.0,0.0,0.0,0.0,0.0,0.0,0.0,0.0,0.0,0.0,0.0,0.0,0.0,0.0,0.0,0.0,0.0,0.0,0.0,0.0,0.0,0.0,0.0,0.0,0.0,0.0,0.0,0.0,0.0,0.0,0.0,0.0,0.0,0.0,0.0,0.0,0.0,0.0,0.0,0.0,0.0,0.0,0.0,0.0,0.0,0.0,0.0,0.0,0.0,0.0,0.0,0.0,0.0,0.0,0.0,0.0,0.0,0.0,0.0,0.0,he
0.7861011028289795,0.6531140804290771,-2.62447741761207e-07,0.7166948318481445,0.6002493500709534,-0.011434161104261875,0.6659725904464722,0.573813796043396,-0.031128667294979095,0.6298961639404297,0.5756377577781677,-0.05058089643716812,0.6088844537734985,0.5928524732589722,-0.07314889878034592,0.6931407451629639,0.49872156977653503,-0.054488781839609146,0.6557521224021912,0.523191511631012,-0.08965303748846054,0.6241437196731567,0.54932701587677,-0.10960903763771057,0.6024179458618164,0.5749704837799072,-0.12070979177951813,0.7285454869270325,0.5316481590270996,-0.06503824889659882,0.6486908793449402,0.6319409608840942,-0.09299129247665405,0.6240003705024719,0.6849846839904785,-0.09496618807315826,0.6190491914749146,0.712001383304596,-0.09662818908691406,0.760757565498352,0.5862116813659668,-0.07634209841489792,0.6776270866394043,0.6851097941398621,-0.10486603528261185,0.6638858914375305,0.7108376026153564,-0.09334082156419754,0.6727546453475952,0.7106155157089233,-0.08189244568347931,0.7871084809303284,0.6427607536315918,-0.08821774274110794,0.7131351828575134,0.7140465974807739,-0.11552772670984268,0.6950771808624268,0.7344802618026733,-0.1110200509428978,0.6981112957000732,0.735562801361084,-0.1025959849357605,0.0,0.0,0.0,0.0,0.0,0.0,0.0,0.0,0.0,0.0,0.0,0.0,0.0,0.0,0.0,0.0,0.0,0.0,0.0,0.0,0.0,0.0,0.0,0.0,0.0,0.0,0.0,0.0,0.0,0.0,0.0,0.0,0.0,0.0,0.0,0.0,0.0,0.0,0.0,0.0,0.0,0.0,0.0,0.0,0.0,0.0,0.0,0.0,0.0,0.0,0.0,0.0,0.0,0.0,0.0,0.0,0.0,0.0,0.0,0.0,0.0,0.0,0.0,he
0.7775131464004517,0.6337146759033203,-4.3557415096984187e-07,0.7085080742835999,0.5933549404144287,-0.01939266175031662,0.6587368249893188,0.5667882561683655,-0.04040046036243439,0.6210662126541138,0.5650805234909058,-0.059197667986154556,0.5913589596748352,0.5842494964599609,-0.07886667549610138,0.690941572189331,0.4730859696865082,-0.053794994950294495,0.6420702934265137,0.5184414386749268,-0.08423548191785812,0.6108834147453308,0.5619350075721741,-0.10061419755220413,0.5914129018783569,0.6011015176773071,-0.10999701917171478,0.7272300124168396,0.502387523651123,-0.05948038771748543,0.6530115604400635,0.6000193357467651,-0.08530352264642715,0.6302666664123535,0.6539595723152161,-0.09010282903909683,0.6250486969947815,0.6819950938224792,-0.09451436251401901,0.7589080333709717,0.553320050239563,-0.06622880697250366,0.6839762926101685,0.6458845138549805,-0.08973290026187897,0.6710621118545532,0.6729224920272827,-0.08430776745080948,0.6752010583877563,0.6768156886100769,-0.08050761371850967,0.7840650677680969,0.6085821390151978,-0.07441110163927078,0.7202605605125427,0.6787386536598206,-0.09712173044681549,0.7052568793296814,0.6951379179954529,-0.09597156196832657,0.7062556743621826,0.691455602645874,-0.09264810383319855,0.0,0.0,0.0,0.0,0.0,0.0,0.0,0.0,0.0,0.0,0.0,0.0,0.0,0.0,0.0,0.0,0.0,0.0,0.0,0.0,0.0,0.0,0.0,0.0,0.0,0.0,0.0,0.0,0.0,0.0,0.0,0.0,0.0,0.0,0.0,0.0,0.0,0.0,0.0,0.0,0.0,0.0,0.0,0.0,0.0,0.0,0.0,0.0,0.0,0.0,0.0,0.0,0.0,0.0,0.0,0.0,0.0,0.0,0.0,0.0,0.0,0.0,0.0,he
0.7705476880073547,0.6269465684890747,-4.931147259412683e-07,0.7006894946098328,0.5947884321212769,-0.025813350453972816,0.6486345529556274,0.5712962746620178,-0.04945766180753708,0.61111980676651,0.5690832138061523,-0.06983533501625061,0.5813853740692139,0.5820500254631042,-0.09019558131694794,0.6866009831428528,0.4648434519767761,-0.06164231151342392,0.6363961696624756,0.5105011463165283,-0.09393180906772614,0.609595537185669,0.5598534941673279,-0.11003242433071136,0.5951559543609619,0.6051012277603149,-0.11889345198869705,0.7249789237976074,0.49406933784484863,-0.06586343050003052,0.6529600024223328,0.5964462757110596,-0.09602148085832596,0.6288764476776123,0.6548636555671692,-0.10198254138231277,0.6223236918449402,0.6876143217086792,-0.10606375336647034,0.757922887802124,0.5475996732711792,-0.07153616845607758,0.6842869520187378,0.6421013474464417,-0.09743150323629379,0.6729344725608826,0.6689004898071289,-0.09205469489097595,0.6777445077896118,0.6724415421485901,-0.08801490813493729,0.7838605046272278,0.6058033108711243,-0.07923227548599243,0.7200783491134644,0.6770420670509338,-0.10522298514842987,0.7062593102455139,0.6935828924179077,-0.10447987169027328,0.7086019515991211,0.6892044544219971,-0.10053051263093948,0.0,0.0,0.0,0.0,0.0,0.0,0.0,0.0,0.0,0.0,0.0,0.0,0.0,0.0,0.0,0.0,0.0,0.0,0.0,0.0,0.0,0.0,0.0,0.0,0.0,0.0,0.0,0.0,0.0,0.0,0.0,0.0,0.0,0.0,0.0,0.0,0.0,0.0,0.0,0.0,0.0,0.0,0.0,0.0,0.0,0.0,0.0,0.0,0.0,0.0,0.0,0.0,0.0,0.0,0.0,0.0,0.0,0.0,0.0,0.0,0.0,0.0,0.0,he
0.7812018394470215,0.593009352684021,-3.82217848482469e-07,0.7231053113937378,0.5388034582138062,-0.0013767180498689413,0.6769797801971436,0.49222081899642944,-0.007201667409390211,0.640293538570404,0.4589441418647766,-0.015011121518909931,0.609660267829895,0.434295654296875,-0.02352324314415455,0.7002429366111755,0.4236256778240204,-0.006646165158599615,0.6430473923683167,0.44371458888053894,-0.02440768852829933,0.6233088970184326,0.47197094559669495,-0.03846735879778862,0.6202057600021362,0.4902978539466858,-0.04708334058523178,0.7144207954406738,0.44620630145072937,-0.01319006085395813,0.6435647010803223,0.48238638043403625,-0.028360512107610703,0.6188933849334717,0.524036169052124,-0.03755953907966614,0.6108140349388123,0.5536683797836304,-0.0449182391166687,0.724431037902832,0.48091599345207214,-0.020872386172413826,0.6555690169334412,0.5118710994720459,-0.035653240978717804,0.6304661631584167,0.5465421676635742,-0.03910094499588013,0.6213334202766418,0.5717961192131042,-0.04130059480667114,0.7332360744476318,0.5231077671051025,-0.028260359540581703,0.6751758456230164,0.5398595333099365,-0.04134449362754822,0.6525336503982544,0.5603331923484802,-0.044350653886795044,0.641061544418335,0.5752237439155579,-0.04507272318005562,0.0,0.0,0.0,0.0,0.0,0.0,0.0,0.0,0.0,0.0,0.0,0.0,0.0,0.0,0.0,0.0,0.0,0.0,0.0,0.0,0.0,0.0,0.0,0.0,0.0,0.0,0.0,0.0,0.0,0.0,0.0,0.0,0.0,0.0,0.0,0.0,0.0,0.0,0.0,0.0,0.0,0.0,0.0,0.0,0.0,0.0,0.0,0.0,0.0,0.0,0.0,0.0,0.0,0.0,0.0,0.0,0.0,0.0,0.0,0.0,0.0,0.0,0.0,he
0.7091162204742432,0.5040795803070068,7.921908462549254e-08,0.6523362398147583,0.49540799856185913,0.0006825362215749919,0.6012097597122192,0.46001866459846497,-0.005568975117057562,0.5603281855583191,0.4461967647075653,-0.015941737219691277,0.5207138061523438,0.4448060393333435,-0.0271681547164917,0.640549898147583,0.37371960282325745,0.003724261885508895,0.608435869216919,0.34663787484169006,-0.00788143277168274,0.584100067615509,0.33406054973602295,-0.019894426688551903,0.5636173486709595,0.3260059356689453,-0.03067682310938835,0.654474139213562,0.37041375041007996,-0.009217891842126846,0.6215606331825256,0.3497839570045471,-0.021019959822297096,0.59751296043396,0.34500211477279663,-0.031825434416532516,0.5832967758178711,0.3467061221599579,-0.0422993078827858,0.6659598350524902,0.3797606825828552,-0.024253036826848984,0.6301613450050354,0.35333383083343506,-0.03743840754032135,0.5950645804405212,0.347459077835083,-0.04332698509097099,0.569644033908844,0.3468354642391205,-0.04907550662755966,0.6734639406204224,0.4031546115875244,-0.03977135196328163,0.6467393636703491,0.3656260371208191,-0.05425739288330078,0.6158134341239929,0.3422885835170746,-0.06254180520772934,0.5893656015396118,0.32731956243515015,-0.06991203129291534,0.759884774684906,0.5622163414955139,2.3281324956769822e-07,0.6777021288871765,0.5233331918716431,0.013126312755048275,0.6219615936279297,0.48713406920433044,0.013533692806959152,0.5824289917945862,0.4625375270843506,0.007530468516051769,0.5449535846710205,0.4453151822090149,0.0006987957167439163,0.6600449681282043,0.4425344169139862,0.023251555860042572,0.6299630999565125,0.4036819636821747,0.013852294534444809,0.6025510430335999,0.3790203332901001,-0.0007451564306393266,0.5754233002662659,0.36164090037345886,-0.012271706946194172,0.6750715970993042,0.4338565468788147,0.00789712555706501,0.6456050276756287,0.3946893811225891,-0.00025052588898688555,0.6104514598846436,0.36648106575012207,-0.012211118824779987,0.5818629264831543,0.3502899706363678,-0.021735837683081627,0.6893936395645142,0.43249398469924927,-0.00824140664190054,0.6581868529319763,0.3927953839302063,-0.01269547175616026,0.6253271698951721,0.36490383744239807,-0.012945733033120632,0.5981786847114563,0.34526532888412476,-0.013791288249194622,0.701403021812439,0.441376268863678,-0.02446671575307846,0.6760135889053345,0.4050758481025696,-0.025395838543772697,0.6513316631317139,0.3798307776451111,-0.02074025198817253,0.63125079870224,0.3621406555175781,-0.01766047440469265,he
0.7301687002182007,0.5113415718078613,3.616785875237838e-07,0.6559881567955017,0.47537916898727417,0.010551446117460728,0.6060879826545715,0.43890708684921265,0.00901675596833229,0.5673624873161316,0.42000845074653625,0.000279581785434857,0.5308583974838257,0.40609386563301086,-0.009841338731348515,0.6369644403457642,0.37544572353363037,0.02771994285285473,0.6097079515457153,0.3325878381729126,0.020766185596585274,0.5894588828086853,0.3034510016441345,0.006665326654911041,0.5680509209632874,0.27905499935150146,-0.0056256866082549095,0.6521478295326233,0.36942416429519653,0.011491134762763977,0.627970814704895,0.3248555660247803,0.005854753311723471,0.6020318269729614,0.29357320070266724,-0.00865683238953352,0.5815047025680542,0.27115321159362793,-0.021412551403045654,0.6651899814605713,0.3725082576274872,-0.006053876131772995,0.6448258757591248,0.32579582929611206,-0.009862715378403664,0.61859130859375,0.29222536087036133,-0.013439144939184189,0.5955581068992615,0.2644537389278412,-0.018500911071896553,0.6770855188369751,0.386586993932724,-0.024022353813052177,0.663611650466919,0.3439708948135376,-0.02569533698260784,0.6485605835914612,0.3130214810371399,-0.02374638244509697,0.6346407532691956,0.2846674919128418,-0.024072812870144844,0.0,0.0,0.0,0.0,0.0,0.0,0.0,0.0,0.0,0.0,0.0,0.0,0.0,0.0,0.0,0.0,0.0,0.0,0.0,0.0,0.0,0.0,0.0,0.0,0.0,0.0,0.0,0.0,0.0,0.0,0.0,0.0,0.0,0.0,0.0,0.0,0.0,0.0,0.0,0.0,0.0,0.0,0.0,0.0,0.0,0.0,0.0,0.0,0.0,0.0,0.0,0.0,0.0,0.0,0.0,0.0,0.0,0.0,0.0,0.0,0.0,0.0,0.0,he
0.7081964015960693,0.46479102969169617,3.627136209161108e-07,0.6381646990776062,0.43199604749679565,0.005386002827435732,0.5876864194869995,0.3931106626987457,0.004897895734757185,0.5482397675514221,0.38036978244781494,-0.0014909212477505207,0.5132015347480774,0.3859900236129761,-0.0085200360044837,0.6133484840393066,0.3229820430278778,0.029365794733166695,0.5874424576759338,0.27862536907196045,0.02292478457093239,0.5697418451309204,0.24233780801296234,0.009865607134997845,0.5519169569015503,0.20886103808879852,-0.0011988193728029728,0.6252968907356262,0.31604766845703125,0.015407368540763855,0.5973175764083862,0.2678369879722595,0.011609715409576893,0.5764493942260742,0.2298780381679535,-8.474359492538497e-05,0.5570552349090576,0.1966618001461029,-0.01024907361716032,0.6370689272880554,0.3177746534347534,-0.0012956366408616304,0.6083372831344604,0.270718514919281,-0.006484778597950935,0.5834548473358154,0.23402529954910278,-0.012998824007809162,0.5608915686607361,0.20270906388759613,-0.018418310210108757,0.6460682153701782,0.3310011029243469,-0.01896671950817108,0.6185343861579895,0.28884583711624146,-0.02136087976396084,0.5987955927848816,0.2590510845184326,-0.02146373875439167,0.5807034373283386,0.2322949916124344,-0.022827589884400368,0.0,0.0,0.0,0.0,0.0,0.0,0.0,0.0,0.0,0.0,0.0,0.0,0.0,0.0,0.0,0.0,0.0,0.0,0.0,0.0,0.0,0.0,0.0,0.0,0.0,0.0,0.0,0.0,0.0,0.0,0.0,0.0,0.0,0.0,0.0,0.0,0.0,0.0,0.0,0.0,0.0,0.0,0.0,0.0,0.0,0.0,0.0,0.0,0.0,0.0,0.0,0.0,0.0,0.0,0.0,0.0,0.0,0.0,0.0,0.0,0.0,0.0,0.0,he
0.6855210065841675,0.44178178906440735,3.60354533768259e-07,0.6303513050079346,0.42830151319503784,-0.004740782547742128,0.582207202911377,0.39377927780151367,-0.010622517205774784,0.5431889891624451,0.38223809003829956,-0.01991470344364643,0.5079007744789124,0.3853330612182617,-0.02961474470794201,0.5962571501731873,0.2987765669822693,0.006481907796114683,0.5613840222358704,0.24607282876968384,-0.008793322369456291,0.5350700616836548,0.20650431513786316,-0.024317678064107895,0.511591911315918,0.17230409383773804,-0.03552655503153801,0.6073547005653381,0.28909340500831604,-0.004933594260364771,0.5685045123100281,0.2321666032075882,-0.018245117738842964,0.5386585593223572,0.18913333117961884,-0.03195086866617203,0.5119879245758057,0.1513296365737915,-0.04167259484529495,0.6179446578025818,0.2879280745983124,-0.0192097257822752,0.5802058577537537,0.230349600315094,-0.032904453575611115,0.5492948293685913,0.1889098584651947,-0.04290848225355148,0.5220755934715271,0.15409034490585327,-0.048787493258714676,0.6266209483146667,0.2965662181377411,-0.034864701330661774,0.5945804119110107,0.24416539072990417,-0.04495299980044365,0.5697946548461914,0.20954491198062897,-0.048763543367385864,0.5472203493118286,0.180921733379364,-0.051004644483327866,0.0,0.0,0.0,0.0,0.0,0.0,0.0,0.0,0.0,0.0,0.0,0.0,0.0,0.0,0.0,0.0,0.0,0.0,0.0,0.0,0.0,0.0,0.0,0.0,0.0,0.0,0.0,0.0,0.0,0.0,0.0,0.0,0.0,0.0,0.0,0.0,0.0,0.0,0.0,0.0,0.0,0.0,0.0,0.0,0.0,0.0,0.0,0.0,0.0,0.0,0.0,0.0,0.0,0.0,0.0,0.0,0.0,0.0,0.0,0.0,0.0,0.0,0.0,he
0.667328953742981,0.4125552177429199,3.183230603553966e-07,0.6190767288208008,0.4054039716720581,-0.003614832181483507,0.5712674260139465,0.3720569312572479,-0.008247721940279007,0.5321508049964905,0.3615364134311676,-0.016536418348550797,0.500914990901947,0.37152862548828125,-0.02512400783598423,0.5763772130012512,0.2675442397594452,0.010574081912636757,0.5400331020355225,0.21299134194850922,0.000102928293927107,0.5153980255126953,0.17480114102363586,-0.011126380413770676,0.4964126646518707,0.14212463796138763,-0.019972113892436028,0.5847964882850647,0.2561831772327423,-0.0007889495464041829,0.5440042614936829,0.1961403340101242,-0.010436846874654293,0.5172038078308105,0.15390880405902863,-0.020498264580965042,0.4950089454650879,0.11712002754211426,-0.02780129387974739,0.5960298776626587,0.2534981369972229,-0.015163219533860683,0.5566468834877014,0.1908695101737976,-0.025355037301778793,0.5299426317214966,0.1505294293165207,-0.032652273774147034,0.5075778365135193,0.11632585525512695,-0.03747665137052536,0.6081222295761108,0.2592061161994934,-0.031104400753974915,0.5775381326675415,0.20650504529476166,-0.03846079111099243,0.5563113689422607,0.17198188602924347,-0.04109736159443855,0.5369255542755127,0.14300315082073212,-0.04322412982583046,0.0,0.0,0.0,0.0,0.0,0.0,0.0,0.0,0.0,0.0,0.0,0.0,0.0,0.0,0.0,0.0,0.0,0.0,0.0,0.0,0.0,0.0,0.0,0.0,0.0,0.0,0.0,0.0,0.0,0.0,0.0,0.0,0.0,0.0,0.0,0.0,0.0,0.0,0.0,0.0,0.0,0.0,0.0,0.0,0.0,0.0,0.0,0.0,0.0,0.0,0.0,0.0,0.0,0.0,0.0,0.0,0.0,0.0,0.0,0.0,0.0,0.0,0.0,he
0.6615864038467407,0.4119604527950287,1.2870630428096774e-07,0.6093214154243469,0.40445375442504883,-0.00083633087342605,0.5632621049880981,0.37425798177719116,-0.004412395879626274,0.5251153707504272,0.3635006248950958,-0.012140283361077309,0.49278318881988525,0.3659231960773468,-0.020262153819203377,0.5752600431442261,0.2713756263256073,0.012694212608039379,0.5356124043464661,0.22633503377437592,0.0027938582934439182,0.5081325173377991,0.1933920830488205,-0.008642051368951797,0.48512476682662964,0.16368475556373596,-0.01803288608789444,0.58269864320755,0.2592655420303345,0.0004051487776450813,0.5350569486618042,0.20826664566993713,-0.009403547272086143,0.503937840461731,0.1721496880054474,-0.01918146200478077,0.47660109400749207,0.1376519352197647,-0.026580944657325745,0.5906071066856384,0.2560611963272095,-0.01464168168604374,0.5437178015708923,0.20251935720443726,-0.024882083758711815,0.513834536075592,0.16720332205295563,-0.030427496880292892,0.4887447953224182,0.13474461436271667,-0.033979445695877075,0.5964806079864502,0.26100996136665344,-0.031102437525987625,0.5601306557655334,0.21194584667682648,-0.038404908031225204,0.5379050970077515,0.17925915122032166,-0.04018866643309593,0.5182968974113464,0.14994274079799652,-0.041661184281110764,0.0,0.0,0.0,0.0,0.0,0.0,0.0,0.0,0.0,0.0,0.0,0.0,0.0,0.0,0.0,0.0,0.0,0.0,0.0,0.0,0.0,0.0,0.0,0.0,0.0,0.0,0.0,0.0,0.0,0.0,0.0,0.0,0.0,0.0,0.0,0.0,0.0,0.0,0.0,0.0,0.0,0.0,0.0,0.0,0.0,0.0,0.0,0.0,0.0,0.0,0.0,0.0,0.0,0.0,0.0,0.0,0.0,0.0,0.0,0.0,0.0,0.0,0.0,he
0.6621823906898499,0.428182989358902,-5.327964558432541e-08,0.6093252897262573,0.4229619801044464,0.0013708488550037146,0.5627246499061584,0.3844180405139923,0.0012533101253211498,0.5244364738464355,0.3661823868751526,-0.0026945997960865498,0.4902787208557129,0.3696863651275635,-0.0067880782298743725,0.5851132869720459,0.28085777163505554,0.01763087883591652,0.5395237803459167,0.2443709671497345,0.009823238477110863,0.5054338574409485,0.21839827299118042,-0.0005292123532854021,0.4776168167591095,0.19614958763122559,-0.009480997920036316,0.5925998091697693,0.26818498969078064,0.0058112055994570255,0.5384619832038879,0.2269209921360016,-0.002887992886826396,0.5019755363464355,0.19860625267028809,-0.012605772353708744,0.47031253576278687,0.17165441811084747,-0.020104369148612022,0.5980690717697144,0.26585257053375244,-0.008553913794457912,0.5445273518562317,0.22137998044490814,-0.01936023309826851,0.5083363652229309,0.19265736639499664,-0.02545539289712906,0.4776557385921478,0.16523972153663635,-0.02910786308348179,0.5987730622291565,0.27298635244369507,-0.023896222934126854,0.5571959018707275,0.22882767021656036,-0.032933976501226425,0.5292643308639526,0.20084744691848755,-0.03591874986886978,0.5040445923805237,0.17466360330581665,-0.037907738238573074,0.0,0.0,0.0,0.0,0.0,0.0,0.0,0.0,0.0,0.0,0.0,0.0,0.0,0.0,0.0,0.0,0.0,0.0,0.0,0.0,0.0,0.0,0.0,0.0,0.0,0.0,0.0,0.0,0.0,0.0,0.0,0.0,0.0,0.0,0.0,0.0,0.0,0.0,0.0,0.0,0.0,0.0,0.0,0.0,0.0,0.0,0.0,0.0,0.0,0.0,0.0,0.0,0.0,0.0,0.0,0.0,0.0,0.0,0.0,0.0,0.0,0.0,0.0,he
0.6637061834335327,0.4352516531944275,-1.7493319148798037e-07,0.6097968816757202,0.4290039837360382,0.002954194089397788,0.5629465579986572,0.38779836893081665,0.004669546149671078,0.5245689153671265,0.3681131601333618,0.0025034539867192507,0.49127545952796936,0.3684057891368866,0.0002620235027279705,0.5930092930793762,0.28482142090797424,0.019524114206433296,0.5445894002914429,0.2553301751613617,0.012885481119155884,0.5082810521125793,0.23476606607437134,0.002980633871629834,0.477546364068985,0.21800169348716736,-0.005887405481189489,0.5999863743782043,0.2724970579147339,0.007528533227741718,0.5429173707962036,0.23822526633739471,0.00017980736447498202,0.5041763186454773,0.21528670191764832,-0.009086974896490574,0.47039860486984253,0.19576029479503632,-0.016743194311857224,0.6030846238136292,0.2720398008823395,-0.006942492909729481,0.5487245321273804,0.23360639810562134,-0.016951534897089005,0.5121968984603882,0.21093836426734924,-0.023156663402915,0.4807834029197693,0.1903834044933319,-0.027246691286563873,0.6003174185752869,0.2816821038722992,-0.022209180518984795,0.5572358965873718,0.24172651767730713,-0.0313633568584919,0.528250515460968,0.2190060317516327,-0.03460381552577019,0.5019126534461975,0.1989651918411255,-0.03682682663202286,0.0,0.0,0.0,0.0,0.0,0.0,0.0,0.0,0.0,0.0,0.0,0.0,0.0,0.0,0.0,0.0,0.0,0.0,0.0,0.0,0.0,0.0,0.0,0.0,0.0,0.0,0.0,0.0,0.0,0.0,0.0,0.0,0.0,0.0,0.0,0.0,0.0,0.0,0.0,0.0,0.0,0.0,0.0,0.0,0.0,0.0,0.0,0.0,0.0,0.0,0.0,0.0,0.0,0.0,0.0,0.0,0.0,0.0,0.0,0.0,0.0,0.0,0.0,he
0.6710425019264221,0.4474862217903137,-4.671539102218958e-07,0.6100190877914429,0.43844667077064514,0.010252957232296467,0.5661866664886475,0.3960680067539215,0.010833925567567348,0.528957724571228,0.37318119406700134,0.005928865633904934,0.49364107847213745,0.36384278535842896,0.0008523774449713528,0.6152170896530151,0.28576987981796265,0.022130638360977173,0.5535814762115479,0.26779112219810486,0.01221586111932993,0.5104005336761475,0.2719687819480896,-0.0009675021283328533,0.4804263114929199,0.2842445969581604,-0.009681000374257565,0.6237909197807312,0.2748604118824005,0.007534757722169161,0.5509570837020874,0.25541481375694275,0.0010707915062084794,0.5043669939041138,0.26463794708251953,-0.009301209822297096,0.4712539613246918,0.2818087637424469,-0.01790410466492176,0.6229802370071411,0.27837976813316345,-0.008762357756495476,0.5524661540985107,0.24623659253120422,-0.017548298463225365,0.5060233473777771,0.25579002499580383,-0.022322293370962143,0.4734422564506531,0.27274852991104126,-0.02546803094446659,0.6103591322898865,0.29433339834213257,-0.024797732010483742,0.554484486579895,0.25372856855392456,-0.033133428543806076,0.5184472799301147,0.2524392902851105,-0.03357846289873123,0.4910902976989746,0.26216769218444824,-0.03306204080581665,0.0,0.0,0.0,0.0,0.0,0.0,0.0,0.0,0.0,0.0,0.0,0.0,0.0,0.0,0.0,0.0,0.0,0.0,0.0,0.0,0.0,0.0,0.0,0.0,0.0,0.0,0.0,0.0,0.0,0.0,0.0,0.0,0.0,0.0,0.0,0.0,0.0,0.0,0.0,0.0,0.0,0.0,0.0,0.0,0.0,0.0,0.0,0.0,0.0,0.0,0.0,0.0,0.0,0.0,0.0,0.0,0.0,0.0,0.0,0.0,0.0,0.0,0.0,he
0.674980640411377,0.4468609094619751,-4.637142296815e-07,0.6132408976554871,0.4380699396133423,0.0114005571231246,0.567340075969696,0.39593425393104553,0.013050217181444168,0.5280479192733765,0.37584659457206726,0.008576888591051102,0.4915761351585388,0.3668633997440338,0.003701459150761366,0.613174557685852,0.28083497285842896,0.027384895831346512,0.5515879392623901,0.26710638403892517,0.017978370189666748,0.5089901089668274,0.27507713437080383,0.004040313884615898,0.47991710901260376,0.2888486981391907,-0.005215715151280165,0.6216989159584045,0.2707374691963196,0.011938434094190598,0.5484748482704163,0.25395017862319946,0.007012865971773863,0.5021347999572754,0.2650015950202942,-0.00371249089948833,0.46879518032073975,0.282725065946579,-0.012706704437732697,0.6210237145423889,0.27591395378112793,-0.005578490439802408,0.5500050783157349,0.24677088856697083,-0.013613765127956867,0.504511296749115,0.2591713070869446,-0.018857808783650398,0.47307318449020386,0.2778088450431824,-0.022447247058153152,0.608150839805603,0.29265955090522766,-0.022844485938549042,0.5514293909072876,0.254318505525589,-0.030256066471338272,0.5163936614990234,0.2561013996601105,-0.029964877292513847,0.4907360076904297,0.2683957815170288,-0.028970729559659958,0.0,0.0,0.0,0.0,0.0,0.0,0.0,0.0,0.0,0.0,0.0,0.0,0.0,0.0,0.0,0.0,0.0,0.0,0.0,0.0,0.0,0.0,0.0,0.0,0.0,0.0,0.0,0.0,0.0,0.0,0.0,0.0,0.0,0.0,0.0,0.0,0.0,0.0,0.0,0.0,0.0,0.0,0.0,0.0,0.0,0.0,0.0,0.0,0.0,0.0,0.0,0.0,0.0,0.0,0.0,0.0,0.0,0.0,0.0,0.0,0.0,0.0,0.0,he
0.6822770833969116,0.46697553992271423,-5.832875444866659e-07,0.6146202683448792,0.4502219557762146,0.015875592827796936,0.5717377662658691,0.40419697761535645,0.018191711977124214,0.5352845191955566,0.37653157114982605,0.01241286937147379,0.5003243684768677,0.3599620461463928,0.006021416746079922,0.621612012386322,0.2951744794845581,0.03197290375828743,0.5594078898429871,0.2851150631904602,0.02166915126144886,0.5211924910545349,0.30582818388938904,0.007280391175299883,0.4991376996040344,0.3319506049156189,-0.001591602573171258,0.6311554908752441,0.2862786650657654,0.013740605674684048,0.5556957721710205,0.2751566767692566,0.007969129830598831,0.5133768320083618,0.30237632989883423,-0.0031505159568041563,0.4893755316734314,0.3343631625175476,-0.011871484108269215,0.6310982704162598,0.29403501749038696,-0.006369770038872957,0.5559113621711731,0.27173373103141785,-0.01552961952984333,0.5133117437362671,0.30004528164863586,-0.02057560160756111,0.49069181084632874,0.32979878783226013,-0.023517416790127754,0.6188622713088989,0.3139979839324951,-0.025744786486029625,0.5579320788383484,0.27990198135375977,-0.03410099074244499,0.5225754976272583,0.29182934761047363,-0.03375939279794693,0.5008688569068909,0.3144945502281189,-0.03234591707587242,0.0,0.0,0.0,0.0,0.0,0.0,0.0,0.0,0.0,0.0,0.0,0.0,0.0,0.0,0.0,0.0,0.0,0.0,0.0,0.0,0.0,0.0,0.0,0.0,0.0,0.0,0.0,0.0,0.0,0.0,0.0,0.0,0.0,0.0,0.0,0.0,0.0,0.0,0.0,0.0,0.0,0.0,0.0,0.0,0.0,0.0,0.0,0.0,0.0,0.0,0.0,0.0,0.0,0.0,0.0,0.0,0.0,0.0,0.0,0.0,0.0,0.0,0.0,he
0.6968657970428467,0.4744921028614044,-5.723395588574931e-07,0.6310892701148987,0.4606252908706665,0.010019914247095585,0.590418815612793,0.4151099622249603,0.009030838496983051,0.5544893145561218,0.38872769474983215,0.0017705383943393826,0.5199585556983948,0.37190884351730347,-0.005854461342096329,0.637401282787323,0.29878664016723633,0.020813310518860817,0.5696215033531189,0.29212406277656555,0.006476086564362049,0.5308359265327454,0.3171485662460327,-0.009601996280252934,0.5085862874984741,0.3467228412628174,-0.01845894381403923,0.6470295190811157,0.2917971909046173,0.005837184377014637,0.5655473470687866,0.2832462787628174,-0.0031798675190657377,0.5239826440811157,0.3135371506214142,-0.014957529492676258,0.5012344121932983,0.34964486956596375,-0.02306356653571129,0.6471511125564575,0.3003239929676056,-0.010875340551137924,0.567383885383606,0.28130853176116943,-0.02196267619729042,0.526214063167572,0.3117152750492096,-0.02717727981507778,0.5056838393211365,0.3438933193683624,-0.029261838644742966,0.6342681050300598,0.3202667236328125,-0.027193134650588036,0.5726326107978821,0.288146436214447,-0.036438409239053726,0.5388149619102478,0.3005560636520386,-0.03604785352945328,0.5183352828025818,0.32458245754241943,-0.03380998224020004,0.0,0.0,0.0,0.0,0.0,0.0,0.0,0.0,0.0,0.0,0.0,0.0,0.0,0.0,0.0,0.0,0.0,0.0,0.0,0.0,0.0,0.0,0.0,0.0,0.0,0.0,0.0,0.0,0.0,0.0,0.0,0.0,0.0,0.0,0.0,0.0,0.0,0.0,0.0,0.0,0.0,0.0,0.0,0.0,0.0,0.0,0.0,0.0,0.0,0.0,0.0,0.0,0.0,0.0,0.0,0.0,0.0,0.0,0.0,0.0,0.0,0.0,0.0,he
0.7055491805076599,0.47587451338768005,-5.791916350972315e-07,0.6404626369476318,0.46013325452804565,0.008986357599496841,0.5988479256629944,0.4128538966178894,0.008120967075228691,0.5642516016960144,0.38542214035987854,0.00099318812135607,0.5328341722488403,0.3666810989379883,-0.006367625668644905,0.6434100866317749,0.2950523793697357,0.020524002611637115,0.576533854007721,0.28982195258140564,0.00443861773237586,0.5373558402061462,0.3187277019023895,-0.013360337354242802,0.5145116448402405,0.3520917296409607,-0.023162398487329483,0.6530439257621765,0.28803789615631104,0.006085995119065046,0.5732338428497314,0.281238853931427,-0.004724640864878893,0.5316510200500488,0.31493818759918213,-0.018384184688329697,0.5086120963096619,0.3541170358657837,-0.027242565527558327,0.6544255614280701,0.29499220848083496,-0.010170603170990944,0.5770007967948914,0.2790406048297882,-0.02239287458360195,0.5351766347885132,0.31200575828552246,-0.029373714700341225,0.5138626098632812,0.34674447774887085,-0.03217410296201706,0.6443139314651489,0.3133156895637512,-0.026089180260896683,0.5834823250770569,0.2852562963962555,-0.03496289998292923,0.549160897731781,0.30136382579803467,-0.03481842577457428,0.5281357169151306,0.32800668478012085,-0.03255974128842354,0.0,0.0,0.0,0.0,0.0,0.0,0.0,0.0,0.0,0.0,0.0,0.0,0.0,0.0,0.0,0.0,0.0,0.0,0.0,0.0,0.0,0.0,0.0,0.0,0.0,0.0,0.0,0.0,0.0,0.0,0.0,0.0,0.0,0.0,0.0,0.0,0.0,0.0,0.0,0.0,0.0,0.0,0.0,0.0,0.0,0.0,0.0,0.0,0.0,0.0,0.0,0.0,0.0,0.0,0.0,0.0,0.0,0.0,0.0,0.0,0.0,0.0,0.0,he
0.7040098905563354,0.4753677248954773,-5.81462415993883e-07,0.6386527419090271,0.458367258310318,0.009528317488729954,0.5966526865959167,0.4087406396865845,0.010006657801568508,0.5620065331459045,0.38302791118621826,0.004150752909481525,0.5309643745422363,0.36724185943603516,-0.002283161971718073,0.6420912742614746,0.2957271933555603,0.020433461293578148,0.5773364305496216,0.28925061225891113,0.00485296081751585,0.5383322238922119,0.31742504239082336,-0.012376416474580765,0.5157681703567505,0.3512150049209595,-0.02193787693977356,0.65292888879776,0.28845706582069397,0.006252884864807129,0.5747925043106079,0.280997097492218,-0.004341948311775923,0.5330425500869751,0.3147607147693634,-0.018063465133309364,0.5091913938522339,0.3538075089454651,-0.027328887954354286,0.6551517844200134,0.2953755557537079,-0.009688877500593662,0.5778666138648987,0.27800557017326355,-0.02256849966943264,0.535560131072998,0.3120386600494385,-0.030520740896463394,0.5129554867744446,0.34811311960220337,-0.03406086564064026,0.6449552178382874,0.3144960403442383,-0.02509027160704136,0.5829969048500061,0.2866371273994446,-0.034622907638549805,0.5487269759178162,0.3036157190799713,-0.035199977457523346,0.5269153714179993,0.3313778042793274,-0.03371076285839081,0.0,0.0,0.0,0.0,0.0,0.0,0.0,0.0,0.0,0.0,0.0,0.0,0.0,0.0,0.0,0.0,0.0,0.0,0.0,0.0,0.0,0.0,0.0,0.0,0.0,0.0,0.0,0.0,0.0,0.0,0.0,0.0,0.0,0.0,0.0,0.0,0.0,0.0,0.0,0.0,0.0,0.0,0.0,0.0,0.0,0.0,0.0,0.0,0.0,0.0,0.0,0.0,0.0,0.0,0.0,0.0,0.0,0.0,0.0,0.0,0.0,0.0,0.0,he
0.7097471356391907,0.4766611158847809,-5.031000682720332e-07,0.6554291844367981,0.45591437816619873,0.004637616686522961,0.6112906336784363,0.3991090655326843,0.007356658112257719,0.5771074295043945,0.3617628514766693,0.0026931148022413254,0.5444657802581787,0.3396349847316742,-0.0014552969951182604,0.6374807953834534,0.3261720836162567,0.034419696778059006,0.6009624600410461,0.28896281123161316,0.017879342660307884,0.5655470490455627,0.29767468571662903,7.849928078940138e-05,0.5385261178016663,0.3176519274711609,-0.010215258225798607,0.6495160460472107,0.31343892216682434,0.02109427936375141,0.6066047549247742,0.271338552236557,0.0025958672631531954,0.56666100025177,0.29066839814186096,-0.016158699989318848,0.538133442401886,0.3195655941963196,-0.025297997519373894,0.6638690829277039,0.30533379316329956,0.003879629308357835,0.6177933216094971,0.25865286588668823,-0.015871526673436165,0.5764075517654419,0.2857136130332947,-0.02797723561525345,0.5498596429824829,0.3189328908920288,-0.030940985307097435,0.678068995475769,0.3030426800251007,-0.013596558943390846,0.6320117712020874,0.26357874274253845,-0.026664627715945244,0.596410870552063,0.27982932329177856,-0.030649511143565178,0.5734596848487854,0.3073146939277649,-0.030556369572877884,0.0,0.0,0.0,0.0,0.0,0.0,0.0,0.0,0.0,0.0,0.0,0.0,0.0,0.0,0.0,0.0,0.0,0.0,0.0,0.0,0.0,0.0,0.0,0.0,0.0,0.0,0.0,0.0,0.0,0.0,0.0,0.0,0.0,0.0,0.0,0.0,0.0,0.0,0.0,0.0,0.0,0.0,0.0,0.0,0.0,0.0,0.0,0.0,0.0,0.0,0.0,0.0,0.0,0.0,0.0,0.0,0.0,0.0,0.0,0.0,0.0,0.0,0.0,he
0.7146946787834167,0.4874457120895386,-4.3298331320329453e-07,0.672324538230896,0.4694516658782959,-0.005937271751463413,0.6240969300270081,0.4087271988391876,-0.008136987686157227,0.5937620401382446,0.36457276344299316,-0.014393683522939682,0.5639829635620117,0.3317117989063263,-0.019837453961372375,0.6422106623649597,0.321328341960907,0.009288833476603031,0.617431104183197,0.27028557658195496,-0.009958993643522263,0.5876871943473816,0.2607114613056183,-0.024951783940196037,0.5623317956924438,0.2610582709312439,-0.033717211335897446,0.6664856672286987,0.3135223686695099,0.0009598017786629498,0.6335443258285522,0.2739074230194092,-0.02397025004029274,0.628131091594696,0.32447147369384766,-0.032280635088682175,0.6349233984947205,0.36324313282966614,-0.03142831102013588,0.6927480697631836,0.3165853023529053,-0.01086131576448679,0.6573346257209778,0.2773604393005371,-0.03293288126587868,0.6506302952766418,0.3277721107006073,-0.026373136788606644,0.6581327319145203,0.36601513624191284,-0.015063866972923279,0.7204315662384033,0.32744550704956055,-0.02420540526509285,0.6909515261650085,0.2851186692714691,-0.03590654954314232,0.6771142482757568,0.30936020612716675,-0.028976304456591606,0.6789604425430298,0.33555305004119873,-0.01998569816350937,0.0,0.0,0.0,0.0,0.0,0.0,0.0,0.0,0.0,0.0,0.0,0.0,0.0,0.0,0.0,0.0,0.0,0.0,0.0,0.0,0.0,0.0,0.0,0.0,0.0,0.0,0.0,0.0,0.0,0.0,0.0,0.0,0.0,0.0,0.0,0.0,0.0,0.0,0.0,0.0,0.0,0.0,0.0,0.0,0.0,0.0,0.0,0.0,0.0,0.0,0.0,0.0,0.0,0.0,0.0,0.0,0.0,0.0,0.0,0.0,0.0,0.0,0.0,he
0.7293583750724792,0.5027692914009094,-5.377969500841573e-07,0.6856173872947693,0.4820477366447449,-0.005595717113465071,0.6383746266365051,0.4340565800666809,-0.0124125424772501,0.6133367419242859,0.399226576089859,-0.021596938371658325,0.5917445421218872,0.3665830194950104,-0.030924910679459572,0.6739711165428162,0.31376519799232483,-0.006604528985917568,0.6374450325965881,0.28400474786758423,-0.028017649427056313,0.6046793460845947,0.2733333706855774,-0.04708629101514816,0.5762428045272827,0.26955196261405945,-0.05999162420630455,0.7030580639839172,0.31176385283470154,-0.016176335513591766,0.6605027914047241,0.30107641220092773,-0.04154112562537193,0.6492780447006226,0.3593679368495941,-0.050146035850048065,0.6535856127738953,0.40355953574180603,-0.05168631300330162,0.7312377691268921,0.32655513286590576,-0.027788070961833,0.6871914863586426,0.3092697262763977,-0.05181003734469414,0.6743637919425964,0.3653181791305542,-0.0443972647190094,0.6800453066825867,0.40885260701179504,-0.03403589874505997,0.757841944694519,0.3549909293651581,-0.04029018431901932,0.7204269766807556,0.3271416425704956,-0.05782843381166458,0.7031897306442261,0.3627861738204956,-0.05026617273688316,0.7059413194656372,0.3963632881641388,-0.04009825736284256,0.0,0.0,0.0,0.0,0.0,0.0,0.0,0.0,0.0,0.0,0.0,0.0,0.0,0.0,0.0,0.0,0.0,0.0,0.0,0.0,0.0,0.0,0.0,0.0,0.0,0.0,0.0,0.0,0.0,0.0,0.0,0.0,0.0,0.0,0.0,0.0,0.0,0.0,0.0,0.0,0.0,0.0,0.0,0.0,0.0,0.0,0.0,0.0,0.0,0.0,0.0,0.0,0.0,0.0,0.0,0.0,0.0,0.0,0.0,0.0,0.0,0.0,0.0,he
0.740520179271698,0.5212893486022949,-6.722054877172923e-07,0.6961756348609924,0.5004627108573914,-0.023831810802221298,0.6556912064552307,0.4745177924633026,-0.04485798627138138,0.6296126842498779,0.47527965903282166,-0.06462394446134567,0.6144652962684631,0.4964437186717987,-0.08232032507658005,0.6796196103096008,0.30369946360588074,-0.035127054899930954,0.6477611660957336,0.3591902554035187,-0.0627882108092308,0.6452224254608154,0.42927858233451843,-0.07974644750356674,0.6498184204101562,0.47130006551742554,-0.08801548182964325,0.7246474027633667,0.3131353259086609,-0.03866226226091385,0.6815794706344604,0.3913692831993103,-0.06222296506166458,0.6707813739776611,0.4651617407798767,-0.06779241561889648,0.6720132827758789,0.5027970671653748,-0.06816628575325012,0.7631295919418335,0.34964483976364136,-0.044783592224121094,0.7216286063194275,0.41720113158226013,-0.06598280370235443,0.7050421237945557,0.4781310260295868,-0.06115550920367241,0.7035050988197327,0.5070202350616455,-0.05381562560796738,0.7954226732254028,0.3975182771682739,-0.053310927003622055,0.7641849517822266,0.44402626156806946,-0.0654941201210022,0.7440387606620789,0.48518913984298706,-0.0580114908516407,0.7389275431632996,0.5056042075157166,-0.048260752111673355,0.0,0.0,0.0,0.0,0.0,0.0,0.0,0.0,0.0,0.0,0.0,0.0,0.0,0.0,0.0,0.0,0.0,0.0,0.0,0.0,0.0,0.0,0.0,0.0,0.0,0.0,0.0,0.0,0.0,0.0,0.0,0.0,0.0,0.0,0.0,0.0,0.0,0.0,0.0,0.0,0.0,0.0,0.0,0.0,0.0,0.0,0.0,0.0,0.0,0.0,0.0,0.0,0.0,0.0,0.0,0.0,0.0,0.0,0.0,0.0,0.0,0.0,0.0,he
0.733424723148346,0.5134233832359314,-5.488671490638808e-07,0.6908451914787292,0.4933256506919861,-0.024091096594929695,0.6510573029518127,0.47209644317626953,-0.04643961787223816,0.6257754564285278,0.47500497102737427,-0.06712670624256134,0.6175248026847839,0.4971841871738434,-0.08494257181882858,0.6749566793441772,0.30686742067337036,-0.03682687133550644,0.6485805511474609,0.3569367229938507,-0.06345653533935547,0.6457180976867676,0.42404451966285706,-0.07715056091547012,0.6483660936355591,0.4620964825153351,-0.08339710533618927,0.7209036946296692,0.31534504890441895,-0.040083929896354675,0.681792676448822,0.39548051357269287,-0.06383177638053894,0.6715035438537598,0.46707797050476074,-0.06798534840345383,0.6750247478485107,0.49862954020500183,-0.0672169104218483,0.7607039213180542,0.35030597448349,-0.04583122208714485,0.723094642162323,0.42576277256011963,-0.06677322089672089,0.7073616981506348,0.4824768006801605,-0.0610484853386879,0.7080350518226624,0.5051113963127136,-0.05324563756585121,0.7948206663131714,0.3963395953178406,-0.05414026975631714,0.7645527124404907,0.45136067271232605,-0.06563360244035721,0.7469258308410645,0.4910203218460083,-0.058391887694597244,0.7453858852386475,0.5067877173423767,-0.04897766932845116,0.0,0.0,0.0,0.0,0.0,0.0,0.0,0.0,0.0,0.0,0.0,0.0,0.0,0.0,0.0,0.0,0.0,0.0,0.0,0.0,0.0,0.0,0.0,0.0,0.0,0.0,0.0,0.0,0.0,0.0,0.0,0.0,0.0,0.0,0.0,0.0,0.0,0.0,0.0,0.0,0.0,0.0,0.0,0.0,0.0,0.0,0.0,0.0,0.0,0.0,0.0,0.0,0.0,0.0,0.0,0.0,0.0,0.0,0.0,0.0,0.0,0.0,0.0,he
0.7406916618347168,0.5251486301422119,-5.12787380557711e-07,0.6919580101966858,0.5039141178131104,-0.02739023044705391,0.6489863395690918,0.49175766110420227,-0.052803948521614075,0.6234723925590515,0.5182158946990967,-0.0780002549290657,0.6073877215385437,0.5520409345626831,-0.10083476454019547,0.667564868927002,0.34792789816856384,-0.0438021682202816,0.6432032585144043,0.37914857268333435,-0.07827974855899811,0.6257668733596802,0.41708338260650635,-0.09388464689254761,0.6158085465431213,0.44429999589920044,-0.101347416639328,0.71369868516922,0.34746304154396057,-0.04894347861409187,0.6647305488586426,0.4630267024040222,-0.08187238872051239,0.6552155017852783,0.5411052107810974,-0.08349443972110748,0.6668820977210999,0.5577315092086792,-0.0796339362859726,0.7546737194061279,0.38339418172836304,-0.058094095438718796,0.7101269364356995,0.49153077602386475,-0.08934980630874634,0.6931346654891968,0.5487557649612427,-0.07757927477359772,0.6963438987731934,0.5527662038803101,-0.06394387781620026,0.7882077097892761,0.43411341309547424,-0.07065404206514359,0.7552431225776672,0.5097593069076538,-0.09335269778966904,0.7337123155593872,0.5472132563591003,-0.08592857420444489,0.7300652265548706,0.5468894839286804,-0.07454919815063477,0.0,0.0,0.0,0.0,0.0,0.0,0.0,0.0,0.0,0.0,0.0,0.0,0.0,0.0,0.0,0.0,0.0,0.0,0.0,0.0,0.0,0.0,0.0,0.0,0.0,0.0,0.0,0.0,0.0,0.0,0.0,0.0,0.0,0.0,0.0,0.0,0.0,0.0,0.0,0.0,0.0,0.0,0.0,0.0,0.0,0.0,0.0,0.0,0.0,0.0,0.0,0.0,0.0,0.0,0.0,0.0,0.0,0.0,0.0,0.0,0.0,0.0,0.0,he
0.7378131747245789,0.5414786338806152,-5.018562774239399e-07,0.6844058036804199,0.5206316113471985,-0.025294659659266472,0.6417934894561768,0.5087262392044067,-0.051039859652519226,0.618858814239502,0.5362507700920105,-0.0769464522600174,0.6083124876022339,0.5709937810897827,-0.10090445727109909,0.6578604578971863,0.36498725414276123,-0.04292831942439079,0.6329982280731201,0.3906826972961426,-0.07477995753288269,0.6168575286865234,0.43316078186035156,-0.08823474496603012,0.6073370575904846,0.4714677333831787,-0.09435632079839706,0.7043377757072449,0.36612600088119507,-0.04988935962319374,0.6574141383171082,0.4781019389629364,-0.08226428925991058,0.6461435556411743,0.5615406632423401,-0.08467788994312286,0.6524493098258972,0.5810006260871887,-0.08113312721252441,0.7459093928337097,0.40279629826545715,-0.060345910489559174,0.7041229605674744,0.5085205435752869,-0.0903312936425209,0.6873800754547119,0.5666027069091797,-0.0807356983423233,0.686686635017395,0.5701115131378174,-0.06920181959867477,0.7787190079689026,0.45461103320121765,-0.07370412349700928,0.746084451675415,0.5296720862388611,-0.09455617517232895,0.7257488965988159,0.5679024457931519,-0.08690119534730911,0.7202938795089722,0.5670900344848633,-0.07636215537786484,0.0,0.0,0.0,0.0,0.0,0.0,0.0,0.0,0.0,0.0,0.0,0.0,0.0,0.0,0.0,0.0,0.0,0.0,0.0,0.0,0.0,0.0,0.0,0.0,0.0,0.0,0.0,0.0,0.0,0.0,0.0,0.0,0.0,0.0,0.0,0.0,0.0,0.0,0.0,0.0,0.0,0.0,0.0,0.0,0.0,0.0,0.0,0.0,0.0,0.0,0.0,0.0,0.0,0.0,0.0,0.0,0.0,0.0,0.0,0.0,0.0,0.0,0.0,he
0.7384248375892639,0.5520839691162109,-5.725283358515298e-07,0.6853737831115723,0.5311579704284668,-0.024269597604870796,0.642951250076294,0.5149574279785156,-0.04723351448774338,0.6171064972877502,0.5299195647239685,-0.07052068412303925,0.609043538570404,0.5577458143234253,-0.09156844764947891,0.660321056842804,0.3758017420768738,-0.03962107375264168,0.6315791606903076,0.4055989384651184,-0.07233768701553345,0.6128293871879578,0.45033901929855347,-0.08724894374608994,0.6026698350906372,0.48995524644851685,-0.09398400783538818,0.7054594159126282,0.3795323669910431,-0.046348340809345245,0.6568818688392639,0.49969130754470825,-0.0799710750579834,0.6448529958724976,0.5804174542427063,-0.0837814137339592,0.6502019166946411,0.6021154522895813,-0.08087345957756042,0.7452413439750671,0.41853681206703186,-0.05667322501540184,0.6998729109764099,0.5309446454048157,-0.08824215829372406,0.6841652989387512,0.5863631367683411,-0.07999159395694733,0.6846522092819214,0.5924954414367676,-0.068497434258461,0.7768489718437195,0.47196435928344727,-0.06979059427976608,0.7429212927818298,0.5481794476509094,-0.09260636568069458,0.7232354879379272,0.5843893885612488,-0.08637162297964096,0.7188060283660889,0.5865548253059387,-0.0759919285774231,0.0,0.0,0.0,0.0,0.0,0.0,0.0,0.0,0.0,0.0,0.0,0.0,0.0,0.0,0.0,0.0,0.0,0.0,0.0,0.0,0.0,0.0,0.0,0.0,0.0,0.0,0.0,0.0,0.0,0.0,0.0,0.0,0.0,0.0,0.0,0.0,0.0,0.0,0.0,0.0,0.0,0.0,0.0,0.0,0.0,0.0,0.0,0.0,0.0,0.0,0.0,0.0,0.0,0.0,0.0,0.0,0.0,0.0,0.0,0.0,0.0,0.0,0.0,he
0.7380015254020691,0.5516405701637268,-4.855696147387789e-07,0.6823495626449585,0.53602135181427,-0.026298483833670616,0.6386795043945312,0.5295102596282959,-0.052444200962781906,0.6148887872695923,0.5605068802833557,-0.07902505993843079,0.6030423641204834,0.6015543937683105,-0.1038786768913269,0.6582031846046448,0.3853122591972351,-0.0410955548286438,0.62825608253479,0.4307839572429657,-0.07403072714805603,0.6093828082084656,0.47572779655456543,-0.0885222926735878,0.5982656478881836,0.5110517740249634,-0.09511535614728928,0.7035462260246277,0.3886687159538269,-0.04813317582011223,0.6549466252326965,0.5112149119377136,-0.08022996783256531,0.6454507112503052,0.5950661897659302,-0.08193662762641907,0.6512961983680725,0.6098905205726624,-0.07767900079488754,0.7444139122962952,0.42640450596809387,-0.05912414565682411,0.699472188949585,0.5421697497367859,-0.08980293571949005,0.6828615665435791,0.60112065076828,-0.07987802475690842,0.6813031435012817,0.6034184694290161,-0.06752379238605499,0.7757046222686768,0.4802098870277405,-0.07328019291162491,0.7424397468566895,0.563021719455719,-0.09505540132522583,0.7215640544891357,0.6014001965522766,-0.08759232610464096,0.7162970900535583,0.601569414138794,-0.07671575993299484,0.0,0.0,0.0,0.0,0.0,0.0,0.0,0.0,0.0,0.0,0.0,0.0,0.0,0.0,0.0,0.0,0.0,0.0,0.0,0.0,0.0,0.0,0.0,0.0,0.0,0.0,0.0,0.0,0.0,0.0,0.0,0.0,0.0,0.0,0.0,0.0,0.0,0.0,0.0,0.0,0.0,0.0,0.0,0.0,0.0,0.0,0.0,0.0,0.0,0.0,0.0,0.0,0.0,0.0,0.0,0.0,0.0,0.0,0.0,0.0,0.0,0.0,0.0,he
0.7373499274253845,0.5612318515777588,-4.96852351261623e-07,0.6834113001823425,0.5423173904418945,-0.023966271430253983,0.6389544010162354,0.5312977433204651,-0.048357315361499786,0.6132611036300659,0.5562983155250549,-0.0732080489397049,0.6037697792053223,0.5910749435424805,-0.09659389406442642,0.6560190916061401,0.3837868869304657,-0.03801063448190689,0.6264670491218567,0.43048369884490967,-0.06767628341913223,0.6119177937507629,0.4720124900341034,-0.0813886746764183,0.6051435470581055,0.5035828948020935,-0.08825086057186127,0.7026069164276123,0.38949698209762573,-0.04503564164042473,0.6531267166137695,0.5187063813209534,-0.0749937891960144,0.6439841389656067,0.5993025898933411,-0.0780680850148201,0.649162769317627,0.6165948510169983,-0.07568448781967163,0.7434625625610352,0.42844074964523315,-0.05532858148217201,0.6967935562133789,0.5466154217720032,-0.08315151929855347,0.6829530596733093,0.6015942096710205,-0.07386917620897293,0.6827623844146729,0.6042276620864868,-0.06285392493009567,0.7751432061195374,0.4818175435066223,-0.06850764155387878,0.7392409443855286,0.5633555054664612,-0.08833674341440201,0.7199896574020386,0.6004384160041809,-0.08071520924568176,0.7138910889625549,0.6014955639839172,-0.07019037753343582,0.0,0.0,0.0,0.0,0.0,0.0,0.0,0.0,0.0,0.0,0.0,0.0,0.0,0.0,0.0,0.0,0.0,0.0,0.0,0.0,0.0,0.0,0.0,0.0,0.0,0.0,0.0,0.0,0.0,0.0,0.0,0.0,0.0,0.0,0.0,0.0,0.0,0.0,0.0,0.0,0.0,0.0,0.0,0.0,0.0,0.0,0.0,0.0,0.0,0.0,0.0,0.0,0.0,0.0,0.0,0.0,0.0,0.0,0.0,0.0,0.0,0.0,0.0,he
0.7346711754798889,0.5817784070968628,-5.176344188839721e-07,0.681287944316864,0.5628211498260498,-0.028476549312472343,0.6379873752593994,0.5517261028289795,-0.054232027381658554,0.6108070015907288,0.5640979409217834,-0.0796375423669815,0.6000826358795166,0.5848246812820435,-0.10141314566135406,0.652492105960846,0.40121835470199585,-0.04012705013155937,0.6228029727935791,0.45745837688446045,-0.07320073246955872,0.6093335151672363,0.5023423433303833,-0.08551037311553955,0.6036745309829712,0.5281482934951782,-0.09054367989301682,0.6992343664169312,0.40776509046554565,-0.046400465071201324,0.6495699882507324,0.5372024178504944,-0.07812139391899109,0.6410827040672302,0.6132520437240601,-0.07817648351192474,0.6466655731201172,0.6176005601882935,-0.07326849550008774,0.7409200668334961,0.44665950536727905,-0.05700744688510895,0.6943472623825073,0.5685538053512573,-0.08704417943954468,0.678725004196167,0.6245603561401367,-0.07296527177095413,0.6780292391777039,0.6224639415740967,-0.05845212563872337,0.7734906077384949,0.5027273893356323,-0.0714385062456131,0.7379465103149414,0.5887525081634521,-0.09400426596403122,0.7177393436431885,0.6256416440010071,-0.08602823317050934,0.7128061652183533,0.6234841346740723,-0.0745045617222786,0.0,0.0,0.0,0.0,0.0,0.0,0.0,0.0,0.0,0.0,0.0,0.0,0.0,0.0,0.0,0.0,0.0,0.0,0.0,0.0,0.0,0.0,0.0,0.0,0.0,0.0,0.0,0.0,0.0,0.0,0.0,0.0,0.0,0.0,0.0,0.0,0.0,0.0,0.0,0.0,0.0,0.0,0.0,0.0,0.0,0.0,0.0,0.0,0.0,0.0,0.0,0.0,0.0,0.0,0.0,0.0,0.0,0.0,0.0,0.0,0.0,0.0,0.0,he
0.7380377054214478,0.5855425596237183,-5.484944267664105e-07,0.6804899573326111,0.5670340061187744,-0.024827878922224045,0.6349247097969055,0.5531526803970337,-0.048545029014348984,0.6079698204994202,0.5727930068969727,-0.07178457826375961,0.6028530597686768,0.605765700340271,-0.0929778441786766,0.6541417241096497,0.408851683139801,-0.040551621466875076,0.6238341331481934,0.45900431275367737,-0.07053983211517334,0.6033262014389038,0.5063942670822144,-0.0832371935248375,0.5909786224365234,0.5418511629104614,-0.0892108753323555,0.6988526582717896,0.4172550439834595,-0.04720858111977577,0.6475018262863159,0.5402198433876038,-0.07713945209980011,0.6362635493278503,0.6188579201698303,-0.08020960539579391,0.6402988433837891,0.6353168487548828,-0.07802975922822952,0.738235354423523,0.45835384726524353,-0.057096414268016815,0.6914955973625183,0.5755304098129272,-0.08681273460388184,0.6750426292419434,0.6292163729667664,-0.07967063784599304,0.6725525259971619,0.6317800879478455,-0.06991185992956161,0.7681767344474792,0.5129910111427307,-0.06967611610889435,0.733173131942749,0.5951557159423828,-0.09224824607372284,0.7124811410903931,0.6325778961181641,-0.08708072453737259,0.7045688033103943,0.6352843642234802,-0.07819586992263794,0.0,0.0,0.0,0.0,0.0,0.0,0.0,0.0,0.0,0.0,0.0,0.0,0.0,0.0,0.0,0.0,0.0,0.0,0.0,0.0,0.0,0.0,0.0,0.0,0.0,0.0,0.0,0.0,0.0,0.0,0.0,0.0,0.0,0.0,0.0,0.0,0.0,0.0,0.0,0.0,0.0,0.0,0.0,0.0,0.0,0.0,0.0,0.0,0.0,0.0,0.0,0.0,0.0,0.0,0.0,0.0,0.0,0.0,0.0,0.0,0.0,0.0,0.0,he
0.7273409962654114,0.600762128829956,-4.655393581742828e-07,0.6685773730278015,0.5798821449279785,-0.021708929911255836,0.6270250082015991,0.562593400478363,-0.04395829886198044,0.604203999042511,0.5873233079910278,-0.06650516390800476,0.5881462693214417,0.626243531703949,-0.08782564103603363,0.6489353179931641,0.415182888507843,-0.03558850288391113,0.6211547255516052,0.4672306180000305,-0.06357977539300919,0.605080246925354,0.5077080130577087,-0.07657214999198914,0.5946452617645264,0.5312231183052063,-0.08326411247253418,0.6938971281051636,0.4256596565246582,-0.04358415678143501,0.6445571184158325,0.5455794930458069,-0.07062152773141861,0.6338856816291809,0.620948314666748,-0.07357736676931381,0.6374579668045044,0.6343790292739868,-0.07201708108186722,0.7329431772232056,0.466971218585968,-0.05456189438700676,0.6853231191635132,0.5775443911552429,-0.07961738109588623,0.6719005107879639,0.63044273853302,-0.07119939476251602,0.6726237535476685,0.6307159066200256,-0.061528515070676804,0.7626897692680359,0.5213202238082886,-0.06823384016752243,0.7252727150917053,0.5961383581161499,-0.0860808938741684,0.7076966762542725,0.6307498216629028,-0.07860388606786728,0.7053982615470886,0.6307772397994995,-0.06861419975757599,0.0,0.0,0.0,0.0,0.0,0.0,0.0,0.0,0.0,0.0,0.0,0.0,0.0,0.0,0.0,0.0,0.0,0.0,0.0,0.0,0.0,0.0,0.0,0.0,0.0,0.0,0.0,0.0,0.0,0.0,0.0,0.0,0.0,0.0,0.0,0.0,0.0,0.0,0.0,0.0,0.0,0.0,0.0,0.0,0.0,0.0,0.0,0.0,0.0,0.0,0.0,0.0,0.0,0.0,0.0,0.0,0.0,0.0,0.0,0.0,0.0,0.0,0.0,he
0.7304461002349854,0.5988273024559021,-6.525189633066475e-07,0.6707360744476318,0.5798677206039429,-0.01850346475839615,0.6247820854187012,0.5447486042976379,-0.03138686344027519,0.5919941663742065,0.5195716023445129,-0.04338665306568146,0.5615149736404419,0.5023560523986816,-0.0524202436208725,0.6516937613487244,0.41154399514198303,-0.025864463299512863,0.6202840805053711,0.46585118770599365,-0.049976710230112076,0.6066160202026367,0.5243614315986633,-0.06349292397499084,0.6036803126335144,0.5645064115524292,-0.06998603045940399,0.6925606727600098,0.42413848638534546,-0.02961176075041294,0.6488925814628601,0.5203224420547485,-0.049829356372356415,0.638244092464447,0.576371431350708,-0.05532624199986458,0.64137864112854,0.5977547764778137,-0.05771108344197273,0.7297611236572266,0.4610365033149719,-0.03590891882777214,0.687858521938324,0.5463682413101196,-0.056398384273052216,0.679941713809967,0.5862793326377869,-0.05360307916998863,0.6843766570091248,0.5948384404182434,-0.049510687589645386,0.7606611847877502,0.5077313780784607,-0.04408456012606621,0.7322627902030945,0.566822350025177,-0.06076923757791519,0.7224913835525513,0.5943695902824402,-0.05847276747226715,0.725713849067688,0.5993480086326599,-0.05282922089099884,0.0,0.0,0.0,0.0,0.0,0.0,0.0,0.0,0.0,0.0,0.0,0.0,0.0,0.0,0.0,0.0,0.0,0.0,0.0,0.0,0.0,0.0,0.0,0.0,0.0,0.0,0.0,0.0,0.0,0.0,0.0,0.0,0.0,0.0,0.0,0.0,0.0,0.0,0.0,0.0,0.0,0.0,0.0,0.0,0.0,0.0,0.0,0.0,0.0,0.0,0.0,0.0,0.0,0.0,0.0,0.0,0.0,0.0,0.0,0.0,0.0,0.0,0.0,he
0.7289549708366394,0.5985810160636902,-6.542047117363836e-07,0.6710309982299805,0.5795382261276245,-0.01854291744530201,0.6257604956626892,0.5448503494262695,-0.03136458992958069,0.5925097465515137,0.5206313729286194,-0.04333290457725525,0.5622472167015076,0.5027169585227966,-0.05231093615293503,0.6529268622398376,0.4116310179233551,-0.02609095722436905,0.6204342842102051,0.459117591381073,-0.049945637583732605,0.6060588955879211,0.5174369215965271,-0.06263906508684158,0.6040065288543701,0.5582003593444824,-0.06848465651273727,0.6934323310852051,0.42328840494155884,-0.029644975438714027,0.6480258703231812,0.5192108750343323,-0.04949568957090378,0.6381585597991943,0.5761707425117493,-0.054242365062236786,0.6431282758712769,0.5957224369049072,-0.056187648326158524,0.7300434112548828,0.46036556363105774,-0.03582753986120224,0.6860024333000183,0.5470361113548279,-0.05600855126976967,0.6783560514450073,0.5874096751213074,-0.05289836600422859,0.6838257908821106,0.5951276421546936,-0.04867278039455414,0.7601219415664673,0.5073384046554565,-0.043891340494155884,0.7297378182411194,0.5670433044433594,-0.06078258901834488,0.7198321223258972,0.5946184992790222,-0.058651555329561234,0.7237683534622192,0.5996407270431519,-0.053022127598524094,0.0,0.0,0.0,0.0,0.0,0.0,0.0,0.0,0.0,0.0,0.0,0.0,0.0,0.0,0.0,0.0,0.0,0.0,0.0,0.0,0.0,0.0,0.0,0.0,0.0,0.0,0.0,0.0,0.0,0.0,0.0,0.0,0.0,0.0,0.0,0.0,0.0,0.0,0.0,0.0,0.0,0.0,0.0,0.0,0.0,0.0,0.0,0.0,0.0,0.0,0.0,0.0,0.0,0.0,0.0,0.0,0.0,0.0,0.0,0.0,0.0,0.0,0.0,he
0.7536979913711548,0.5578209161758423,-2.437734849536355e-07,0.6855869889259338,0.5138968229293823,-0.01265863236039877,0.6337205767631531,0.47320789098739624,-0.02376214973628521,0.5941227674484253,0.4485664367675781,-0.03437270224094391,0.5659278035163879,0.42895272374153137,-0.045135896652936935,0.673732340335846,0.3734778165817261,-0.015402119606733322,0.6226494908332825,0.38882896304130554,-0.035572003573179245,0.5884716510772705,0.4013647437095642,-0.055833689868450165,0.5629286766052246,0.4092216491699219,-0.07019835710525513,0.696623682975769,0.38787657022476196,-0.01911269687116146,0.6366310119628906,0.40920281410217285,-0.03373952955007553,0.5955671072006226,0.4256271719932556,-0.04676084965467453,0.5633907914161682,0.43965309858322144,-0.05850768834352493,0.7146152853965759,0.4187549948692322,-0.024889182299375534,0.6580685973167419,0.44090697169303894,-0.04000554606318474,0.6197093725204468,0.4579898416996002,-0.04424384981393814,0.5917648077011108,0.47332459688186646,-0.04811521992087364,0.7310048341751099,0.4603195786476135,-0.03209414705634117,0.686741054058075,0.4715538024902344,-0.04692805930972099,0.659177303314209,0.48506471514701843,-0.04870855435729027,0.6373938322067261,0.4971996247768402,-0.04875417798757553,0.0,0.0,0.0,0.0,0.0,0.0,0.0,0.0,0.0,0.0,0.0,0.0,0.0,0.0,0.0,0.0,0.0,0.0,0.0,0.0,0.0,0.0,0.0,0.0,0.0,0.0,0.0,0.0,0.0,0.0,0.0,0.0,0.0,0.0,0.0,0.0,0.0,0.0,0.0,0.0,0.0,0.0,0.0,0.0,0.0,0.0,0.0,0.0,0.0,0.0,0.0,0.0,0.0,0.0,0.0,0.0,0.0,0.0,0.0,0.0,0.0,0.0,0.0,he
0.6866214275360107,0.4645238518714905,2.4989420310816968e-08,0.6380544304847717,0.45047473907470703,-0.010214843787252903,0.5923853516578674,0.3984585404396057,-0.023060761392116547,0.5542930364608765,0.3681788146495819,-0.03657739609479904,0.5148066282272339,0.3559347689151764,-0.05144418776035309,0.6242214441299438,0.3177424967288971,-0.02838406153023243,0.5792676210403442,0.2834267020225525,-0.0598708838224411,0.5356834530830383,0.2726020812988281,-0.08504106104373932,0.5003362894058228,0.27280503511428833,-0.10168550163507462,0.640104353427887,0.3125573992729187,-0.03967519849538803,0.5928308367729187,0.275176078081131,-0.06958083808422089,0.5444329977035522,0.26717376708984375,-0.08957280218601227,0.5056664943695068,0.27049940824508667,-0.1029718741774559,0.6569480895996094,0.32230308651924133,-0.05255651846528053,0.6114469766616821,0.28234076499938965,-0.07819969207048416,0.5660936832427979,0.2714882791042328,-0.08961410820484161,0.5289050340652466,0.26762646436691284,-0.0963839590549469,0.6715899705886841,0.34847477078437805,-0.0662328228354454,0.6439591646194458,0.30913645029067993,-0.08913664519786835,0.6115558743476868,0.28711336851119995,-0.09881123155355453,0.5819340348243713,0.27096644043922424,-0.10435760766267776,0.7393806576728821,0.5127496123313904,2.373656258214396e-07,0.6593330502510071,0.46436575055122375,0.0023170472122728825,0.6027908325195312,0.4140627086162567,-0.0017631355440244079,0.5623889565467834,0.3813774287700653,-0.011096106842160225,0.5257068872451782,0.3570353388786316,-0.020740915089845657,0.6511369347572327,0.35916346311569214,0.017438560724258423,0.628636360168457,0.31734639406204224,0.004246750846505165,0.60617595911026,0.28725385665893555,-0.014225968159735203,0.5803632736206055,0.2626574635505676,-0.029253264889121056,0.6686248183250427,0.35542023181915283,0.004393594805151224,0.6415514349937439,0.3120401203632355,-0.007728557102382183,0.6081626415252686,0.28201109170913696,-0.024021653458476067,0.5791321396827698,0.2617986798286438,-0.0373745933175087,0.6838178038597107,0.362640380859375,-0.010909988544881344,0.6549649238586426,0.317851185798645,-0.02072799950838089,0.6227787137031555,0.286001980304718,-0.026654506102204323,0.5962064862251282,0.2636546194553375,-0.031708311289548874,0.6942275762557983,0.3842269480228424,-0.0272772628813982,0.6674781441688538,0.342997670173645,-0.034244515001773834,0.6420575380325317,0.3119649589061737,-0.03546267747879028,0.6205450296401978,0.2866266965866089,-0.0369439423084259,he
0.7284255027770996,0.4696705937385559,1.8894080255904555e-07,0.6404661536216736,0.4195140302181244,0.03294994682073593,0.5954101085662842,0.3741505742073059,0.03581470996141434,0.5585192441940308,0.3585904836654663,0.02765287645161152,0.5220431089401245,0.35086363554000854,0.016413548961281776,0.6424378156661987,0.3075123727321625,0.030047178268432617,0.606041669845581,0.26307129859924316,0.021530315279960632,0.5781074166297913,0.23350787162780762,0.009579949080944061,0.5461174249649048,0.21036162972450256,-0.0016587238060310483,0.6578661203384399,0.3075829744338989,-0.0009159630862995982,0.618370771408081,0.25393441319465637,-0.011908033862709999,0.5800338983535767,0.2214474231004715,-0.025765376165509224,0.5430266261100769,0.2026555985212326,-0.03828362375497818,0.6662749648094177,0.3229357898235321,-0.030919961631298065,0.6295387744903564,0.2634391188621521,-0.04269535467028618,0.5917064547538757,0.22739464044570923,-0.05058163404464722,0.5552269816398621,0.20139385759830475,-0.05817699059844017,0.6644662618637085,0.35267144441604614,-0.05826149880886078,0.6391676068305969,0.30051055550575256,-0.07006477564573288,0.6148650050163269,0.2624399662017822,-0.07527343928813934,0.5900042057037354,0.23179933428764343,-0.08077573776245117,0.0,0.0,0.0,0.0,0.0,0.0,0.0,0.0,0.0,0.0,0.0,0.0,0.0,0.0,0.0,0.0,0.0,0.0,0.0,0.0,0.0,0.0,0.0,0.0,0.0,0.0,0.0,0.0,0.0,0.0,0.0,0.0,0.0,0.0,0.0,0.0,0.0,0.0,0.0,0.0,0.0,0.0,0.0,0.0,0.0,0.0,0.0,0.0,0.0,0.0,0.0,0.0,0.0,0.0,0.0,0.0,0.0,0.0,0.0,0.0,0.0,0.0,0.0,he
0.7091727256774902,0.4396666884422302,3.0488058655464556e-07,0.6339427828788757,0.4214676320552826,0.0020808186382055283,0.5873399972915649,0.38184505701065063,-0.0037085856311023235,0.5491287112236023,0.3679642379283905,-0.013193119317293167,0.5179126858711243,0.37191158533096313,-0.023905526846647263,0.62269526720047,0.28553274273872375,0.0005444655544124544,0.582394540309906,0.2331705540418625,-0.01464404072612524,0.5496424436569214,0.19423820078372955,-0.02953466959297657,0.517459511756897,0.16088560223579407,-0.040744613856077194,0.6367502212524414,0.2758300006389618,-0.0131333377212286,0.5879342555999756,0.22156381607055664,-0.027922995388507843,0.5457678437232971,0.1807776242494583,-0.04137231782078743,0.5089556574821472,0.14733143150806427,-0.05204904079437256,0.6431320309638977,0.28310927748680115,-0.027862628921866417,0.5968178510665894,0.22595971822738647,-0.04353436827659607,0.5529868006706238,0.18512311577796936,-0.054773274809122086,0.5168406367301941,0.15504492819309235,-0.061993539333343506,0.6386435031890869,0.30611997842788696,-0.04254688695073128,0.6036629676818848,0.25363439321517944,-0.054986972361803055,0.572245717048645,0.2158362865447998,-0.061074256896972656,0.5441204309463501,0.1864698827266693,-0.065571129322052,0.0,0.0,0.0,0.0,0.0,0.0,0.0,0.0,0.0,0.0,0.0,0.0,0.0,0.0,0.0,0.0,0.0,0.0,0.0,0.0,0.0,0.0,0.0,0.0,0.0,0.0,0.0,0.0,0.0,0.0,0.0,0.0,0.0,0.0,0.0,0.0,0.0,0.0,0.0,0.0,0.0,0.0,0.0,0.0,0.0,0.0,0.0,0.0,0.0,0.0,0.0,0.0,0.0,0.0,0.0,0.0,0.0,0.0,0.0,0.0,0.0,0.0,0.0,he
0.7024548649787903,0.4320809245109558,1.7314300748694222e-07,0.6325884461402893,0.42077329754829407,0.01271028071641922,0.588590145111084,0.38213497400283813,0.010679494589567184,0.550481379032135,0.36938104033470154,0.0026203009765595198,0.5182368755340576,0.3713408410549164,-0.00747467577457428,0.6180247068405151,0.27846044301986694,0.010200843214988708,0.5763933062553406,0.2225194275379181,-0.0007161030080169439,0.5442051291465759,0.1847749501466751,-0.011718676425516605,0.5142365097999573,0.1520887166261673,-0.0206652469933033,0.6310405731201172,0.2687135338783264,-0.009163755923509598,0.5774711966514587,0.2111290544271469,-0.02092721313238144,0.5361306071281433,0.16979748010635376,-0.03157844394445419,0.5004904270172119,0.13533355295658112,-0.04070260003209114,0.637287437915802,0.2766643166542053,-0.028921183198690414,0.5863105654716492,0.21599936485290527,-0.04242652282118797,0.5453487038612366,0.17675666511058807,-0.050685178488492966,0.5114415287971497,0.14611557126045227,-0.05646580457687378,0.6326606869697571,0.29727065563201904,-0.047831058502197266,0.5943154096603394,0.24181601405143738,-0.05919688567519188,0.5651523470878601,0.20690228044986725,-0.0634278878569603,0.5391498804092407,0.179620161652565,-0.06703203916549683,0.0,0.0,0.0,0.0,0.0,0.0,0.0,0.0,0.0,0.0,0.0,0.0,0.0,0.0,0.0,0.0,0.0,0.0,0.0,0.0,0.0,0.0,0.0,0.0,0.0,0.0,0.0,0.0,0.0,0.0,0.0,0.0,0.0,0.0,0.0,0.0,0.0,0.0,0.0,0.0,0.0,0.0,0.0,0.0,0.0,0.0,0.0,0.0,0.0,0.0,0.0,0.0,0.0,0.0,0.0,0.0,0.0,0.0,0.0,0.0,0.0,0.0,0.0,he
0.6872367858886719,0.4404279589653015,1.018462896240635e-07,0.6218519806861877,0.4339359402656555,0.0026496557984501123,0.57647305727005,0.3973350524902344,-4.207760139252059e-05,0.5362224578857422,0.3867732286453247,-0.006819406058639288,0.5033703446388245,0.3875913619995117,-0.014310012571513653,0.6061357259750366,0.2814232110977173,0.01342419907450676,0.5575238466262817,0.2407563328742981,0.005026753060519695,0.52452552318573,0.2088100016117096,-0.00613878620788455,0.49552762508392334,0.1800810694694519,-0.015748053789138794,0.6143094897270203,0.2723380923271179,0.0004799865128006786,0.5555627942085266,0.2280663549900055,-0.008580631576478481,0.5177562236785889,0.1931784749031067,-0.019744716584682465,0.4851856231689453,0.15989965200424194,-0.029172023758292198,0.6160531640052795,0.2773073613643646,-0.01441973727196455,0.5598150491714478,0.22923687100410461,-0.024727798998355865,0.5222464799880981,0.19444599747657776,-0.0328553207218647,0.49024632573127747,0.16257424652576447,-0.038693878799676895,0.6085755228996277,0.2932218909263611,-0.03005257435142994,0.5687539577484131,0.24422435462474823,-0.037795331329107285,0.541947603225708,0.2113284468650818,-0.041429050266742706,0.5173166990280151,0.18141598999500275,-0.0447266586124897,0.0,0.0,0.0,0.0,0.0,0.0,0.0,0.0,0.0,0.0,0.0,0.0,0.0,0.0,0.0,0.0,0.0,0.0,0.0,0.0,0.0,0.0,0.0,0.0,0.0,0.0,0.0,0.0,0.0,0.0,0.0,0.0,0.0,0.0,0.0,0.0,0.0,0.0,0.0,0.0,0.0,0.0,0.0,0.0,0.0,0.0,0.0,0.0,0.0,0.0,0.0,0.0,0.0,0.0,0.0,0.0,0.0,0.0,0.0,0.0,0.0,0.0,0.0,he
0.6800891160964966,0.4593803882598877,-1.2750284383855615e-07,0.6160358786582947,0.44618022441864014,0.002864840906113386,0.570652425289154,0.40790361166000366,-0.0015716662164777517,0.529409646987915,0.39218419790267944,-0.009451114572584629,0.4938700497150421,0.3909458816051483,-0.01809544861316681,0.6122663021087646,0.290240615606308,0.005081211216747761,0.555100679397583,0.25943461060523987,-0.005575662944465876,0.5151176452636719,0.24060413241386414,-0.017333300784230232,0.4808477759361267,0.22718501091003418,-0.027069872245192528,0.6189669966697693,0.28466296195983887,-0.007389115635305643,0.5504365563392639,0.2507670223712921,-0.0188111811876297,0.5060763359069824,0.23255854845046997,-0.0300593338906765,0.4684264361858368,0.2198621928691864,-0.03957924619317055,0.6176157593727112,0.2972102761268616,-0.021020444110035896,0.5530193448066711,0.2559508681297302,-0.03327876329421997,0.5098221302032471,0.2348797768354416,-0.04068292677402496,0.4739137887954712,0.21838915348052979,-0.04614553228020668,0.6057657599449158,0.3227352797985077,-0.03473162278532982,0.5609378814697266,0.27895909547805786,-0.04507976397871971,0.5302791595458984,0.2543674409389496,-0.04922595992684364,0.5030714869499207,0.23463863134384155,-0.052465490996837616,0.0,0.0,0.0,0.0,0.0,0.0,0.0,0.0,0.0,0.0,0.0,0.0,0.0,0.0,0.0,0.0,0.0,0.0,0.0,0.0,0.0,0.0,0.0,0.0,0.0,0.0,0.0,0.0,0.0,0.0,0.0,0.0,0.0,0.0,0.0,0.0,0.0,0.0,0.0,0.0,0.0,0.0,0.0,0.0,0.0,0.0,0.0,0.0,0.0,0.0,0.0,0.0,0.0,0.0,0.0,0.0,0.0,0.0,0.0,0.0,0.0,0.0,0.0,he
0.6737778186798096,0.4652769863605499,-2.859709979929903e-07,0.6110146045684814,0.45229846239089966,0.006120299454778433,0.5670615434646606,0.41473275423049927,0.002269262680783868,0.5257085561752319,0.39748862385749817,-0.005766645073890686,0.4890895485877991,0.3927868902683258,-0.014312630519270897,0.6122442483901978,0.29382434487342834,0.010150364600121975,0.551024854183197,0.26630905270576477,-0.0006523968186229467,0.507775068283081,0.26142945885658264,-0.013891642913222313,0.47307321429252625,0.26419761776924133,-0.02351461537182331,0.6188226938247681,0.28869765996932983,-0.002485540695488453,0.5481395721435547,0.2588176727294922,-0.010625413618981838,0.5029513239860535,0.25670552253723145,-0.020714562386274338,0.46648871898651123,0.2610887289047241,-0.029643910005688667,0.6155142784118652,0.30067551136016846,-0.01632644608616829,0.549231767654419,0.26147764921188354,-0.025573555380105972,0.5036956071853638,0.25477907061576843,-0.03042309172451496,0.46775996685028076,0.2575589716434479,-0.03428347036242485,0.6002936959266663,0.32486119866371155,-0.030060959979891777,0.5504511594772339,0.2823372483253479,-0.037738874554634094,0.5165120363235474,0.26826849579811096,-0.03869953751564026,0.48809534311294556,0.2655147910118103,-0.03929257392883301,0.0,0.0,0.0,0.0,0.0,0.0,0.0,0.0,0.0,0.0,0.0,0.0,0.0,0.0,0.0,0.0,0.0,0.0,0.0,0.0,0.0,0.0,0.0,0.0,0.0,0.0,0.0,0.0,0.0,0.0,0.0,0.0,0.0,0.0,0.0,0.0,0.0,0.0,0.0,0.0,0.0,0.0,0.0,0.0,0.0,0.0,0.0,0.0,0.0,0.0,0.0,0.0,0.0,0.0,0.0,0.0,0.0,0.0,0.0,0.0,0.0,0.0,0.0,he
0.6703631281852722,0.4875980019569397,-5.057750058767851e-07,0.6027299761772156,0.4747834801673889,0.011648982763290405,0.5618426203727722,0.42976114153862,0.007802760694175959,0.5235569477081299,0.4093131422996521,-0.00247196271084249,0.48694556951522827,0.40343624353408813,-0.013872772455215454,0.6116234660148621,0.31155040860176086,0.012306209653615952,0.5428350567817688,0.2881835401058197,-0.004867283161729574,0.49977898597717285,0.3058144450187683,-0.02225392311811447,0.4706552028656006,0.33264878392219543,-0.032322607934474945,0.6186932325363159,0.3100753128528595,-0.004519918002188206,0.5375124216079712,0.2815597355365753,-0.017610760405659676,0.49203041195869446,0.30622148513793945,-0.03089526668190956,0.4619850218296051,0.336102694272995,-0.04031266272068024,0.6164689660072327,0.3254641592502594,-0.02212825044989586,0.5395317077636719,0.28237807750701904,-0.034812722355127335,0.4961244761943817,0.30531933903694153,-0.03945528343319893,0.4678625762462616,0.33271050453186035,-0.04169929400086403,0.6026923656463623,0.3541921079158783,-0.038949448615312576,0.5430024862289429,0.30879026651382446,-0.04838143289089203,0.5096921324729919,0.31256377696990967,-0.04781848192214966,0.486346572637558,0.32722753286361694,-0.04621155560016632,0.0,0.0,0.0,0.0,0.0,0.0,0.0,0.0,0.0,0.0,0.0,0.0,0.0,0.0,0.0,0.0,0.0,0.0,0.0,0.0,0.0,0.0,0.0,0.0,0.0,0.0,0.0,0.0,0.0,0.0,0.0,0.0,0.0,0.0,0.0,0.0,0.0,0.0,0.0,0.0,0.0,0.0,0.0,0.0,0.0,0.0,0.0,0.0,0.0,0.0,0.0,0.0,0.0,0.0,0.0,0.0,0.0,0.0,0.0,0.0,0.0,0.0,0.0,he
0.6730809807777405,0.4888818860054016,-5.170302301849006e-07,0.6075068116188049,0.4782436490058899,0.00998482946306467,0.5659238696098328,0.4326344132423401,0.006219467148184776,0.5259099006652832,0.41160616278648376,-0.0030067896004766226,0.4872221052646637,0.405741810798645,-0.013501664623618126,0.6135526895523071,0.31007105112075806,0.008157189004123211,0.5433608293533325,0.28982338309288025,-0.008124160580337048,0.499830424785614,0.3094680905342102,-0.02451644279062748,0.4712423086166382,0.3370766341686249,-0.03420072793960571,0.6213774085044861,0.30692780017852783,-0.006665106862783432,0.5372248291969299,0.2815755009651184,-0.01889757253229618,0.4904309809207916,0.3071385324001312,-0.030881844460964203,0.45940524339675903,0.3380221724510193,-0.03977251052856445,0.6190136671066284,0.3227505087852478,-0.021965675055980682,0.5391870737075806,0.2829505205154419,-0.03451830893754959,0.49571922421455383,0.3073197305202484,-0.038583796471357346,0.4675009548664093,0.3365665674209595,-0.04062921181321144,0.6035378575325012,0.35267937183380127,-0.03644438832998276,0.5427572131156921,0.3101538419723511,-0.046722639352083206,0.5091181993484497,0.3153863251209259,-0.04645834490656853,0.48507988452911377,0.33177587389945984,-0.044949982315301895,0.0,0.0,0.0,0.0,0.0,0.0,0.0,0.0,0.0,0.0,0.0,0.0,0.0,0.0,0.0,0.0,0.0,0.0,0.0,0.0,0.0,0.0,0.0,0.0,0.0,0.0,0.0,0.0,0.0,0.0,0.0,0.0,0.0,0.0,0.0,0.0,0.0,0.0,0.0,0.0,0.0,0.0,0.0,0.0,0.0,0.0,0.0,0.0,0.0,0.0,0.0,0.0,0.0,0.0,0.0,0.0,0.0,0.0,0.0,0.0,0.0,0.0,0.0,he
0.6803973317146301,0.5160748958587646,-6.684728646177973e-07,0.6118158102035522,0.49706822633743286,0.009558692574501038,0.5700634121894836,0.44992196559906006,0.006469801068305969,0.5313757061958313,0.42539310455322266,-0.002573804697021842,0.49449992179870605,0.4139998257160187,-0.01232016272842884,0.6235126852989197,0.33377131819725037,0.008152822032570839,0.5494922399520874,0.3145564794540405,-0.00804061908274889,0.5114646553993225,0.3502389192581177,-0.02326536737382412,0.49470609426498413,0.3876550793647766,-0.03165445104241371,0.6334555745124817,0.32870596647262573,-0.005890837404876947,0.5433301329612732,0.3099743723869324,-0.018861746415495872,0.5047909021377563,0.35641366243362427,-0.03011835739016533,0.4901883602142334,0.3974170684814453,-0.037585653364658356,0.6331403851509094,0.34257498383522034,-0.02027595415711403,0.5476723313331604,0.3089671730995178,-0.03446844965219498,0.5097888708114624,0.35051262378692627,-0.03769523650407791,0.49599453806877136,0.38934069871902466,-0.037940993905067444,0.6193714141845703,0.37103909254074097,-0.03361869603395462,0.5537319183349609,0.32887962460517883,-0.04593183472752571,0.5222152471542358,0.34906160831451416,-0.04455490782856941,0.5083126425743103,0.38000234961509705,-0.04085294529795647,0.0,0.0,0.0,0.0,0.0,0.0,0.0,0.0,0.0,0.0,0.0,0.0,0.0,0.0,0.0,0.0,0.0,0.0,0.0,0.0,0.0,0.0,0.0,0.0,0.0,0.0,0.0,0.0,0.0,0.0,0.0,0.0,0.0,0.0,0.0,0.0,0.0,0.0,0.0,0.0,0.0,0.0,0.0,0.0,0.0,0.0,0.0,0.0,0.0,0.0,0.0,0.0,0.0,0.0,0.0,0.0,0.0,0.0,0.0,0.0,0.0,0.0,0.0,he
0.7074809670448303,0.5294703841209412,-6.599015023311949e-07,0.6487632393836975,0.5070354342460632,-0.004226127173751593,0.6042676568031311,0.4589990973472595,-0.009986757300794125,0.5653773546218872,0.428735613822937,-0.018849804997444153,0.5326449871063232,0.41387099027633667,-0.026390988379716873,0.6518011093139648,0.3452138304710388,0.0032135776709765196,0.588131308555603,0.3241910934448242,-0.017260665073990822,0.5506842732429504,0.3556140661239624,-0.03663037717342377,0.530554473400116,0.39463141560554504,-0.046916231513023376,0.662135124206543,0.33703848719596863,-0.0031075123697519302,0.5835283398628235,0.3197230100631714,-0.020315831527113914,0.5467551350593567,0.3605270981788635,-0.03458672761917114,0.5313303470611572,0.4034471809864044,-0.04238500818610191,0.6645578742027283,0.3423171937465668,-0.011716066859662533,0.5888102054595947,0.3168245553970337,-0.027555357664823532,0.5514968037605286,0.3555331826210022,-0.03419428691267967,0.5364924669265747,0.3974514901638031,-0.03546818718314171,0.6571879386901855,0.3611142337322235,-0.020832229405641556,0.5969557166099548,0.3341556191444397,-0.031388603150844574,0.5632772445678711,0.3550063669681549,-0.03196604922413826,0.5449212789535522,0.38685929775238037,-0.02945742756128311,0.0,0.0,0.0,0.0,0.0,0.0,0.0,0.0,0.0,0.0,0.0,0.0,0.0,0.0,0.0,0.0,0.0,0.0,0.0,0.0,0.0,0.0,0.0,0.0,0.0,0.0,0.0,0.0,0.0,0.0,0.0,0.0,0.0,0.0,0.0,0.0,0.0,0.0,0.0,0.0,0.0,0.0,0.0,0.0,0.0,0.0,0.0,0.0,0.0,0.0,0.0,0.0,0.0,0.0,0.0,0.0,0.0,0.0,0.0,0.0,0.0,0.0,0.0,he
0.716145396232605,0.5444952249526978,-5.361636112866108e-07,0.6615486741065979,0.5194765329360962,0.0032474305480718613,0.6163917183876038,0.459220826625824,0.0034943530336022377,0.582394003868103,0.4211892783641815,-0.0032804119400680065,0.5500732064247131,0.3949226140975952,-0.009473402984440327,0.6476830244064331,0.3764704167842865,0.02884085476398468,0.6090263724327087,0.33943599462509155,0.009087368845939636,0.5733451247215271,0.3438072204589844,-0.011140435002744198,0.544503390789032,0.3614916205406189,-0.022742118686437607,0.6621959805488586,0.36466163396835327,0.01489079650491476,0.6106060147285461,0.3251907229423523,-0.004197902046144009,0.5710573792457581,0.3392433524131775,-0.022330978885293007,0.5424469113349915,0.364150732755661,-0.031627822667360306,0.677968442440033,0.36092251539230347,-0.0031510365661233664,0.6233917474746704,0.3150356411933899,-0.0225369893014431,0.5815856456756592,0.33433476090431213,-0.031889647245407104,0.5541743040084839,0.3618925213813782,-0.033316824585199356,0.6920571327209473,0.3668205738067627,-0.021847626194357872,0.643022358417511,0.32272636890411377,-0.03542931750416756,0.6063022613525391,0.3266986310482025,-0.038577429950237274,0.5804973840713501,0.343771755695343,-0.03763803839683533,0.0,0.0,0.0,0.0,0.0,0.0,0.0,0.0,0.0,0.0,0.0,0.0,0.0,0.0,0.0,0.0,0.0,0.0,0.0,0.0,0.0,0.0,0.0,0.0,0.0,0.0,0.0,0.0,0.0,0.0,0.0,0.0,0.0,0.0,0.0,0.0,0.0,0.0,0.0,0.0,0.0,0.0,0.0,0.0,0.0,0.0,0.0,0.0,0.0,0.0,0.0,0.0,0.0,0.0,0.0,0.0,0.0,0.0,0.0,0.0,0.0,0.0,0.0,he
0.7098515033721924,0.58195561170578,-6.790593261030153e-07,0.6656160354614258,0.5668663382530212,-0.005815034732222557,0.6151679158210754,0.5048024654388428,-0.010450148023664951,0.5922982096672058,0.45038682222366333,-0.01744743064045906,0.5871701240539551,0.4135207235813141,-0.024789711460471153,0.6443043351173401,0.3869577944278717,-0.00634794170036912,0.6146799921989441,0.3493877947330475,-0.031718868762254715,0.5853278040885925,0.34129732847213745,-0.05255451798439026,0.5580835342407227,0.3458960950374603,-0.06500668823719025,0.6756370067596436,0.3806851804256439,-0.015353809110820293,0.6300690174102783,0.40013474225997925,-0.04261099919676781,0.6259368658065796,0.46817606687545776,-0.04950487241148949,0.6337238550186157,0.5136433243751526,-0.0489257276058197,0.705932080745697,0.39712652564048767,-0.027140451595187187,0.6589339971542358,0.41696110367774963,-0.054628293961286545,0.6541999578475952,0.4827253520488739,-0.046922408044338226,0.6623057723045349,0.5252583026885986,-0.035490840673446655,0.7328502535820007,0.42694854736328125,-0.039906829595565796,0.6929665803909302,0.43447020649909973,-0.06060907244682312,0.6828557252883911,0.4853944778442383,-0.05320817977190018,0.6887427568435669,0.521599292755127,-0.04227520897984505,0.0,0.0,0.0,0.0,0.0,0.0,0.0,0.0,0.0,0.0,0.0,0.0,0.0,0.0,0.0,0.0,0.0,0.0,0.0,0.0,0.0,0.0,0.0,0.0,0.0,0.0,0.0,0.0,0.0,0.0,0.0,0.0,0.0,0.0,0.0,0.0,0.0,0.0,0.0,0.0,0.0,0.0,0.0,0.0,0.0,0.0,0.0,0.0,0.0,0.0,0.0,0.0,0.0,0.0,0.0,0.0,0.0,0.0,0.0,0.0,0.0,0.0,0.0,he
0.7158289551734924,0.6313442587852478,-8.231207289099984e-07,0.6653123497962952,0.597532331943512,-0.014996121637523174,0.6308379769325256,0.5568372011184692,-0.0312659814953804,0.6147423982620239,0.5319789052009583,-0.04783565178513527,0.6158725619316101,0.5280351638793945,-0.06407668441534042,0.6643151640892029,0.4358174204826355,-0.03372187539935112,0.6240270733833313,0.48484671115875244,-0.059809811413288116,0.6087464094161987,0.5477540493011475,-0.07724238932132721,0.6091188192367554,0.5891276597976685,-0.08658275008201599,0.697697639465332,0.4602046608924866,-0.041703976690769196,0.6487012505531311,0.5223795175552368,-0.06291951984167099,0.6255398988723755,0.5799918174743652,-0.070077084004879,0.6206451058387756,0.6194836497306824,-0.07369080185890198,0.7269967794418335,0.502543032169342,-0.05077279731631279,0.678752601146698,0.563631534576416,-0.06965405493974686,0.6576662063598633,0.611115038394928,-0.06608277559280396,0.6541318893432617,0.637877345085144,-0.06175397336483002,0.7488993406295776,0.5531455278396606,-0.061522889882326126,0.7116783261299133,0.5987480878829956,-0.07304856181144714,0.6926524639129639,0.6310008764266968,-0.0653299018740654,0.6898107528686523,0.6469473838806152,-0.05697086825966835,0.0,0.0,0.0,0.0,0.0,0.0,0.0,0.0,0.0,0.0,0.0,0.0,0.0,0.0,0.0,0.0,0.0,0.0,0.0,0.0,0.0,0.0,0.0,0.0,0.0,0.0,0.0,0.0,0.0,0.0,0.0,0.0,0.0,0.0,0.0,0.0,0.0,0.0,0.0,0.0,0.0,0.0,0.0,0.0,0.0,0.0,0.0,0.0,0.0,0.0,0.0,0.0,0.0,0.0,0.0,0.0,0.0,0.0,0.0,0.0,0.0,0.0,0.0,he
0.6960616707801819,0.6418849229812622,-7.115730227269523e-07,0.6549089550971985,0.6165217757225037,-0.019008254632353783,0.6182364821434021,0.591191291809082,-0.03534715250134468,0.5929058790206909,0.5702916383743286,-0.05005333945155144,0.5752556324005127,0.5559919476509094,-0.0637064203619957,0.6379643082618713,0.5031970739364624,-0.043710388243198395,0.6047824621200562,0.5352697372436523,-0.06980587542057037,0.5938900113105774,0.5874783396720886,-0.0838548094034195,0.5897002220153809,0.6324268579483032,-0.08924461901187897,0.6776955127716064,0.520319402217865,-0.04779579117894173,0.6326543688774109,0.6092748641967773,-0.07014615833759308,0.6136552691459656,0.6673375368118286,-0.07526303827762604,0.6056246757507324,0.7040104269981384,-0.0764191523194313,0.7134132981300354,0.55763840675354,-0.05258261412382126,0.6689619421958923,0.6448328495025635,-0.07090488821268082,0.6554795503616333,0.683987021446228,-0.06567596644163132,0.6526875495910645,0.703986406326294,-0.06024697795510292,0.7412280440330505,0.6027317047119141,-0.05915080010890961,0.7034391760826111,0.6725025177001953,-0.07282809913158417,0.6878604888916016,0.6991733312606812,-0.065540611743927,0.685968279838562,0.7090435028076172,-0.05629851669073105,0.0,0.0,0.0,0.0,0.0,0.0,0.0,0.0,0.0,0.0,0.0,0.0,0.0,0.0,0.0,0.0,0.0,0.0,0.0,0.0,0.0,0.0,0.0,0.0,0.0,0.0,0.0,0.0,0.0,0.0,0.0,0.0,0.0,0.0,0.0,0.0,0.0,0.0,0.0,0.0,0.0,0.0,0.0,0.0,0.0,0.0,0.0,0.0,0.0,0.0,0.0,0.0,0.0,0.0,0.0,0.0,0.0,0.0,0.0,0.0,0.0,0.0,0.0,he
0.7073078155517578,0.6832132935523987,-6.453523724303523e-07,0.6612957715988159,0.6497855186462402,-0.012300020083785057,0.6264152526855469,0.6118648648262024,-0.024008089676499367,0.6033360958099365,0.5823113322257996,-0.035481423139572144,0.5935402512550354,0.5739076733589172,-0.04523854702711105,0.6352518796920776,0.5123560428619385,-0.029886022210121155,0.6035187244415283,0.5550522208213806,-0.05623491853475571,0.6017235517501831,0.616540253162384,-0.07119160145521164,0.6033000946044922,0.6610071063041687,-0.07673617452383041,0.6723437905311584,0.5272681713104248,-0.03596122935414314,0.6328725218772888,0.6161853075027466,-0.05808623135089874,0.6207800507545471,0.6733888387680054,-0.06330157071352005,0.615393877029419,0.7080405950546265,-0.06278812885284424,0.7080183029174805,0.5652189254760742,-0.04324211925268173,0.6671977043151855,0.6521140336990356,-0.05965415760874748,0.6616836786270142,0.6856352090835571,-0.054060038179159164,0.6628844738006592,0.6999179124832153,-0.04737140238285065,0.736403226852417,0.6126111745834351,-0.05204865336418152,0.701771080493927,0.6808674335479736,-0.06249365583062172,0.6965773701667786,0.7005370855331421,-0.055367738008499146,0.7014283537864685,0.7019820809364319,-0.0459926575422287,0.0,0.0,0.0,0.0,0.0,0.0,0.0,0.0,0.0,0.0,0.0,0.0,0.0,0.0,0.0,0.0,0.0,0.0,0.0,0.0,0.0,0.0,0.0,0.0,0.0,0.0,0.0,0.0,0.0,0.0,0.0,0.0,0.0,0.0,0.0,0.0,0.0,0.0,0.0,0.0,0.0,0.0,0.0,0.0,0.0,0.0,0.0,0.0,0.0,0.0,0.0,0.0,0.0,0.0,0.0,0.0,0.0,0.0,0.0,0.0,0.0,0.0,0.0,he
0.6993729472160339,0.6593832969665527,-4.795119821210392e-07,0.6546644568443298,0.638700008392334,-0.016170833259820938,0.6176939010620117,0.6302573084831238,-0.03270910680294037,0.5886077284812927,0.6395019292831421,-0.04824606701731682,0.5633251070976257,0.657225489616394,-0.06666114181280136,0.639826774597168,0.5765621662139893,-0.04303045943379402,0.5909669995307922,0.6340053081512451,-0.06341152638196945,0.5734096169471741,0.6675131320953369,-0.07589305937290192,0.5646272897720337,0.690470814704895,-0.0826774463057518,0.6725045442581177,0.6005183458328247,-0.047873131930828094,0.6150468587875366,0.6981725096702576,-0.06894046068191528,0.5971312522888184,0.7462763786315918,-0.07999229431152344,0.5863553881645203,0.7729055881500244,-0.08811040222644806,0.698934018611908,0.6346367001533508,-0.05163571983575821,0.6430152654647827,0.729293704032898,-0.07102719694375992,0.632912814617157,0.7657277584075928,-0.07251293212175369,0.6281293630599976,0.778190553188324,-0.0727614238858223,0.7158726453781128,0.6750187277793884,-0.05619750916957855,0.6775788068771362,0.743514895439148,-0.06909117847681046,0.6675907373428345,0.7724507451057434,-0.06291802227497101,0.6650561094284058,0.7860344648361206,-0.05683976411819458,0.0,0.0,0.0,0.0,0.0,0.0,0.0,0.0,0.0,0.0,0.0,0.0,0.0,0.0,0.0,0.0,0.0,0.0,0.0,0.0,0.0,0.0,0.0,0.0,0.0,0.0,0.0,0.0,0.0,0.0,0.0,0.0,0.0,0.0,0.0,0.0,0.0,0.0,0.0,0.0,0.0,0.0,0.0,0.0,0.0,0.0,0.0,0.0,0.0,0.0,0.0,0.0,0.0,0.0,0.0,0.0,0.0,0.0,0.0,0.0,0.0,0.0,0.0,he
0.7102121114730835,0.7569720149040222,-3.308935276891134e-07,0.6343415379524231,0.730478048324585,-0.025975750759243965,0.5766422152519226,0.7243019342422485,-0.052988454699516296,0.5355322360992432,0.7611185312271118,-0.080245740711689,0.5067870616912842,0.8028026819229126,-0.1078043282032013,0.5977824926376343,0.575617790222168,-0.048222776502370834,0.5675415992736816,0.6026159524917603,-0.0785580649971962,0.5586694478988647,0.6235478520393372,-0.0947466492652893,0.5571850538253784,0.6330738663673401,-0.10530383139848709,0.6466261148452759,0.5864988565444946,-0.056034866720438004,0.5830163955688477,0.7251741886138916,-0.09230760484933853,0.573997974395752,0.8026372194290161,-0.10087621957063675,0.5824681520462036,0.8273197412490845,-0.10274489223957062,0.6881775856018066,0.6351098418235779,-0.06619353592395782,0.6196403503417969,0.7707221508026123,-0.09759742766618729,0.6142589449882507,0.8194518685340881,-0.09237156808376312,0.6226030588150024,0.8199108839035034,-0.08450661599636078,0.7208055853843689,0.6966749429702759,-0.07902326434850693,0.663609504699707,0.7919272780418396,-0.10221655666828156,0.6504108905792236,0.8258704543113708,-0.09623336046934128,0.6527191996574402,0.8235601782798767,-0.08676811307668686,0.7042492628097534,0.7019351720809937,-3.325486090943741e-07,0.6513938307762146,0.6734253168106079,-0.02071370743215084,0.6066368222236633,0.6545702219009399,-0.03985900431871414,0.5700311660766602,0.6528365612030029,-0.056630704551935196,0.5389435887336731,0.6507463455200195,-0.07673181593418121,0.6294875144958496,0.5781787633895874,-0.060352422297000885,0.5806546211242676,0.6271956562995911,-0.08844543993473053,0.5650161504745483,0.6701762676239014,-0.10180741548538208,0.5643218159675598,0.7054580450057983,-0.10812737792730331,0.6613965034484863,0.607123076915741,-0.0644138976931572,0.5964545011520386,0.7032020688056946,-0.09057706594467163,0.5715073347091675,0.7697070240974426,-0.10095150768756866,0.5634317398071289,0.8110703825950623,-0.10840315371751785,0.6902157664299011,0.6547849178314209,-0.06748763471841812,0.6242671608924866,0.7492940425872803,-0.09529189765453339,0.6057747006416321,0.7980010509490967,-0.097065769135952,0.6036110520362854,0.8201563954353333,-0.09647426009178162,0.7121957540512085,0.7081157565116882,-0.0708320140838623,0.664716899394989,0.7819408774375916,-0.09832251816987991,0.6508785486221313,0.8134293556213379,-0.09847773611545563,0.6513689756393433,0.8261873722076416,-0.09437138587236404,he
0.6919521689414978,0.7352705597877502,-2.7649235789795057e-07,0.6278762817382812,0.7006111145019531,-0.02180817909538746,0.5849331617355347,0.6674293875694275,-0.04536721855401993,0.5557833313941956,0.6511183977127075,-0.06834140419960022,0.5257135033607483,0.6426068544387817,-0.09317195415496826,0.6088975071907043,0.5627681016921997,-0.058517102152109146,0.5785367488861084,0.5982736945152283,-0.09561895579099655,0.5610644221305847,0.6125590801239014,-0.11299138516187668,0.5524267554283142,0.6224773526191711,-0.12212038785219193,0.6490612030029297,0.5849865674972534,-0.06758955866098404,0.5776004791259766,0.7065911293029785,-0.10758014768362045,0.5623091459274292,0.7873901128768921,-0.11079414933919907,0.5624724626541138,0.8251677751541138,-0.10732246190309525,0.6870190501213074,0.6357730627059937,-0.07875576615333557,0.6150099635124207,0.7520087957382202,-0.12041661888360977,0.6124699115753174,0.7974082827568054,-0.11204590648412704,0.6246782541275024,0.8001096248626709,-0.09887994825839996,0.7183492183685303,0.6954612731933594,-0.09089487046003342,0.6583986878395081,0.779849112033844,-0.12825904786586761,0.648506224155426,0.8087728023529053,-0.1264502853155136,0.6557980179786682,0.8051621317863464,-0.11733883619308472,0.0,0.0,0.0,0.0,0.0,0.0,0.0,0.0,0.0,0.0,0.0,0.0,0.0,0.0,0.0,0.0,0.0,0.0,0.0,0.0,0.0,0.0,0.0,0.0,0.0,0.0,0.0,0.0,0.0,0.0,0.0,0.0,0.0,0.0,0.0,0.0,0.0,0.0,0.0,0.0,0.0,0.0,0.0,0.0,0.0,0.0,0.0,0.0,0.0,0.0,0.0,0.0,0.0,0.0,0.0,0.0,0.0,0.0,0.0,0.0,0.0,0.0,0.0,he
0.6927293539047241,0.7438310980796814,-2.9754181696262094e-07,0.6256420016288757,0.7139658331871033,-0.020655516535043716,0.5746065378189087,0.7017084956169128,-0.04384297505021095,0.5342785120010376,0.7361555695533752,-0.06740117818117142,0.5044158697128296,0.7731351852416992,-0.09183283150196075,0.5956860780715942,0.5649625062942505,-0.04455935209989548,0.5703756213188171,0.5862857699394226,-0.07687532156705856,0.5553826093673706,0.6018359661102295,-0.09611247479915619,0.5460914373397827,0.6131511926651001,-0.10812778025865555,0.6395477056503296,0.5758806467056274,-0.053486403077840805,0.568743884563446,0.7097288966178894,-0.08887145668268204,0.5590944886207581,0.7893519401550293,-0.09789697825908661,0.5677804350852966,0.8199105858802795,-0.09986985474824905,0.6785650253295898,0.6251816153526306,-0.06441465765237808,0.6074612140655518,0.7530649900436401,-0.09750518202781677,0.6029170155525208,0.8033230304718018,-0.09364009648561478,0.6124005317687988,0.8089543581008911,-0.08555347472429276,0.7105512619018555,0.6866414546966553,-0.07707639783620834,0.652018129825592,0.7746820449829102,-0.10465801507234573,0.6375964283943176,0.8089967966079712,-0.1009703129529953,0.6390036344528198,0.8116483688354492,-0.09204468876123428,0.0,0.0,0.0,0.0,0.0,0.0,0.0,0.0,0.0,0.0,0.0,0.0,0.0,0.0,0.0,0.0,0.0,0.0,0.0,0.0,0.0,0.0,0.0,0.0,0.0,0.0,0.0,0.0,0.0,0.0,0.0,0.0,0.0,0.0,0.0,0.0,0.0,0.0,0.0,0.0,0.0,0.0,0.0,0.0,0.0,0.0,0.0,0.0,0.0,0.0,0.0,0.0,0.0,0.0,0.0,0.0,0.0,0.0,0.0,0.0,0.0,0.0,0.0,he
0.699288547039032,0.7437191009521484,-3.540075965702272e-07,0.6292402744293213,0.7107608914375305,-0.018727419897913933,0.5751169919967651,0.7029956579208374,-0.042770866304636,0.5330992937088013,0.7442963123321533,-0.06754062324762344,0.5034976005554199,0.7882825136184692,-0.09335159510374069,0.5993967056274414,0.5647000670433044,-0.04611653462052345,0.5725749135017395,0.5879002213478088,-0.07657778263092041,0.5523160696029663,0.6074293851852417,-0.09266184270381927,0.5366754531860352,0.6196850538253784,-0.10287760198116302,0.6432322859764099,0.5780273675918579,-0.05583260953426361,0.5722795724868774,0.7068816423416138,-0.0877574011683464,0.5614941716194153,0.7880983352661133,-0.09313619881868362,0.5677772760391235,0.8133769631385803,-0.09422364830970764,0.681347131729126,0.6268369555473328,-0.06738308072090149,0.6102815270423889,0.750153660774231,-0.09758210927248001,0.602697491645813,0.8021385669708252,-0.09229305386543274,0.6093522310256958,0.8056612014770508,-0.08489126712083817,0.7119000554084778,0.68694007396698,-0.0804494321346283,0.6542783379554749,0.7734559774398804,-0.10376278311014175,0.6381820440292358,0.8089962005615234,-0.0988355427980423,0.6376522183418274,0.8108749389648438,-0.09080595523118973,0.0,0.0,0.0,0.0,0.0,0.0,0.0,0.0,0.0,0.0,0.0,0.0,0.0,0.0,0.0,0.0,0.0,0.0,0.0,0.0,0.0,0.0,0.0,0.0,0.0,0.0,0.0,0.0,0.0,0.0,0.0,0.0,0.0,0.0,0.0,0.0,0.0,0.0,0.0,0.0,0.0,0.0,0.0,0.0,0.0,0.0,0.0,0.0,0.0,0.0,0.0,0.0,0.0,0.0,0.0,0.0,0.0,0.0,0.0,0.0,0.0,0.0,0.0,he
0.6909070611000061,0.7434452772140503,-3.2447326248075115e-07,0.6189984083175659,0.7087879180908203,-0.017340630292892456,0.564826250076294,0.6983088254928589,-0.04116465523838997,0.5221371054649353,0.7382929921150208,-0.06607135385274887,0.49162226915359497,0.7797926068305969,-0.09268345683813095,0.5913071632385254,0.5629293918609619,-0.045272283256053925,0.5647940039634705,0.5828573703765869,-0.077695831656456,0.5422750115394592,0.594467043876648,-0.09741173684597015,0.5234125256538391,0.6028218865394592,-0.11057888716459274,0.63483726978302,0.5753995776176453,-0.055994912981987,0.5639445185661316,0.7062585353851318,-0.09044797718524933,0.5511600971221924,0.7860578298568726,-0.0978485494852066,0.5546886324882507,0.8129684925079346,-0.10013186186552048,0.6730800867080688,0.6237987279891968,-0.06849241256713867,0.6021013855934143,0.7514302730560303,-0.10063360631465912,0.5973807573318481,0.8006453514099121,-0.09519632160663605,0.6054653525352478,0.802577018737793,-0.08717850595712662,0.70369553565979,0.6835277676582336,-0.08252505213022232,0.6450359225273132,0.7712326049804688,-0.10833528637886047,0.6316019892692566,0.8055769801139832,-0.10379128158092499,0.6330970525741577,0.8062699437141418,-0.0955224558711052,0.0,0.0,0.0,0.0,0.0,0.0,0.0,0.0,0.0,0.0,0.0,0.0,0.0,0.0,0.0,0.0,0.0,0.0,0.0,0.0,0.0,0.0,0.0,0.0,0.0,0.0,0.0,0.0,0.0,0.0,0.0,0.0,0.0,0.0,0.0,0.0,0.0,0.0,0.0,0.0,0.0,0.0,0.0,0.0,0.0,0.0,0.0,0.0,0.0,0.0,0.0,0.0,0.0,0.0,0.0,0.0,0.0,0.0,0.0,0.0,0.0,0.0,0.0,he
0.6863358020782471,0.7406147718429565,-3.039945397631527e-07,0.6144412159919739,0.7045795917510986,-0.016790339723229408,0.5611326098442078,0.6942110061645508,-0.04157955199480057,0.5184560418128967,0.7366052865982056,-0.06757751852273941,0.4873371720314026,0.7826747894287109,-0.0955185517668724,0.5876609683036804,0.5579589009284973,-0.0468391552567482,0.5519203543663025,0.5840979218482971,-0.07791295647621155,0.5269896388053894,0.5968164205551147,-0.09529513120651245,0.5094200968742371,0.6026031970977783,-0.10704844444990158,0.6299012303352356,0.5721872448921204,-0.05815953016281128,0.5575441122055054,0.7002296447753906,-0.09137765318155289,0.5475664138793945,0.7774142026901245,-0.09611515700817108,0.5544328689575195,0.7989713549613953,-0.09675808995962143,0.667037308216095,0.6209278106689453,-0.07115127891302109,0.5937514305114746,0.7459775805473328,-0.1018948182463646,0.5909724831581116,0.7929719686508179,-0.09480726718902588,0.6014220118522644,0.7909334897994995,-0.08637732267379761,0.6956750154495239,0.6805918216705322,-0.08567529916763306,0.6361096501350403,0.7688207626342773,-0.10964440554380417,0.6267666816711426,0.7995771169662476,-0.10394981503486633,0.6326130628585815,0.7951506972312927,-0.09556909650564194,0.0,0.0,0.0,0.0,0.0,0.0,0.0,0.0,0.0,0.0,0.0,0.0,0.0,0.0,0.0,0.0,0.0,0.0,0.0,0.0,0.0,0.0,0.0,0.0,0.0,0.0,0.0,0.0,0.0,0.0,0.0,0.0,0.0,0.0,0.0,0.0,0.0,0.0,0.0,0.0,0.0,0.0,0.0,0.0,0.0,0.0,0.0,0.0,0.0,0.0,0.0,0.0,0.0,0.0,0.0,0.0,0.0,0.0,0.0,0.0,0.0,0.0,0.0,he
0.6771873831748962,0.7343481779098511,-3.3700970902827976e-07,0.6070165038108826,0.6987248063087463,-0.016052203252911568,0.5517921447753906,0.685052216053009,-0.038007039576768875,0.508614718914032,0.7264103293418884,-0.06141243875026703,0.47828900814056396,0.7717298269271851,-0.08691812306642532,0.5769291520118713,0.5535416603088379,-0.04106464236974716,0.5484085083007812,0.5710318684577942,-0.0692274421453476,0.5242014527320862,0.5850486755371094,-0.0872497484087944,0.505040168762207,0.5958443880081177,-0.10017973184585571,0.6201047897338867,0.5631077289581299,-0.05161546915769577,0.5507082343101501,0.6960026621818542,-0.08371158689260483,0.5394209027290344,0.7737348079681396,-0.09253312647342682,0.5444599986076355,0.8033839464187622,-0.09628482908010483,0.6588326692581177,0.609470009803772,-0.063478484749794,0.5876088738441467,0.7357056140899658,-0.09313338249921799,0.5884358882904053,0.7848948240280151,-0.08980956673622131,0.6007471680641174,0.7894752621650696,-0.08408203721046448,0.6912937760353088,0.6673253774642944,-0.07673069834709167,0.6328898668289185,0.7573386430740356,-0.10191768407821655,0.6228898763656616,0.7940744161605835,-0.09842324256896973,0.6271955966949463,0.7984468340873718,-0.09117237478494644,0.0,0.0,0.0,0.0,0.0,0.0,0.0,0.0,0.0,0.0,0.0,0.0,0.0,0.0,0.0,0.0,0.0,0.0,0.0,0.0,0.0,0.0,0.0,0.0,0.0,0.0,0.0,0.0,0.0,0.0,0.0,0.0,0.0,0.0,0.0,0.0,0.0,0.0,0.0,0.0,0.0,0.0,0.0,0.0,0.0,0.0,0.0,0.0,0.0,0.0,0.0,0.0,0.0,0.0,0.0,0.0,0.0,0.0,0.0,0.0,0.0,0.0,0.0,he
0.6775966286659241,0.7404565215110779,-4.4251970621189685e-07,0.6085139513015747,0.7022543549537659,-0.014146259054541588,0.5555199980735779,0.6830633282661438,-0.03201863914728165,0.5133594274520874,0.7051406502723694,-0.051528383046388626,0.4828009307384491,0.7367168664932251,-0.07178556174039841,0.5764501690864563,0.5552093386650085,-0.03523406758904457,0.5578808784484863,0.5606098175048828,-0.06269847601652145,0.5337086319923401,0.5766289830207825,-0.07884321361780167,0.5135137438774109,0.5946032404899597,-0.08928527683019638,0.6190868020057678,0.5646402835845947,-0.045433830469846725,0.5503122210502625,0.6969040632247925,-0.07501595467329025,0.5383907556533813,0.7726086974143982,-0.08203083276748657,0.5427321791648865,0.8041942119598389,-0.0840190127491951,0.6567009687423706,0.6113506555557251,-0.05715802311897278,0.5871573686599731,0.7395886182785034,-0.08488944172859192,0.5871906876564026,0.7856251001358032,-0.0802333727478981,0.5980989933013916,0.7913917899131775,-0.07303229719400406,0.6886033415794373,0.6695021986961365,-0.07028062641620636,0.632537305355072,0.7609439492225647,-0.0931432694196701,0.62343829870224,0.7929701805114746,-0.08874467760324478,0.6272271275520325,0.7952567338943481,-0.08023104816675186,0.0,0.0,0.0,0.0,0.0,0.0,0.0,0.0,0.0,0.0,0.0,0.0,0.0,0.0,0.0,0.0,0.0,0.0,0.0,0.0,0.0,0.0,0.0,0.0,0.0,0.0,0.0,0.0,0.0,0.0,0.0,0.0,0.0,0.0,0.0,0.0,0.0,0.0,0.0,0.0,0.0,0.0,0.0,0.0,0.0,0.0,0.0,0.0,0.0,0.0,0.0,0.0,0.0,0.0,0.0,0.0,0.0,0.0,0.0,0.0,0.0,0.0,0.0,he
0.6830335259437561,0.7132817506790161,-6.215997245817562e-07,0.6204565167427063,0.6684298515319824,-0.00720692565664649,0.5723849534988403,0.6121097803115845,-0.016711123287677765,0.53473961353302,0.5729081630706787,-0.026536215096712112,0.5030174851417542,0.5563157796859741,-0.036524705588817596,0.6052021980285645,0.5114085674285889,-0.02618819661438465,0.5506632328033447,0.543026328086853,-0.05076560750603676,0.5304670333862305,0.5941061973571777,-0.06525198370218277,0.5279271602630615,0.6288288831710815,-0.07298395782709122,0.6342093348503113,0.5357022285461426,-0.0341513529419899,0.564369797706604,0.6040530204772949,-0.05330663546919823,0.5467742681503296,0.6575300693511963,-0.05855267122387886,0.5435104966163635,0.6873872876167297,-0.06298507750034332,0.6588085293769836,0.5814750790596008,-0.043155331164598465,0.5877213478088379,0.6490092277526855,-0.061217717826366425,0.5733484625816345,0.6893377900123596,-0.05816752836108208,0.57087242603302,0.7094838619232178,-0.05625995993614197,0.6771411299705505,0.6357486248016357,-0.05237232893705368,0.6141356825828552,0.6867641806602478,-0.06776544451713562,0.6043882369995117,0.7118213772773743,-0.06551937013864517,0.6067851185798645,0.719028651714325,-0.06179553270339966,0.0,0.0,0.0,0.0,0.0,0.0,0.0,0.0,0.0,0.0,0.0,0.0,0.0,0.0,0.0,0.0,0.0,0.0,0.0,0.0,0.0,0.0,0.0,0.0,0.0,0.0,0.0,0.0,0.0,0.0,0.0,0.0,0.0,0.0,0.0,0.0,0.0,0.0,0.0,0.0,0.0,0.0,0.0,0.0,0.0,0.0,0.0,0.0,0.0,0.0,0.0,0.0,0.0,0.0,0.0,0.0,0.0,0.0,0.0,0.0,0.0,0.0,0.0,he
0.6590287685394287,0.4718434810638428,4.578877792482672e-07,0.5911803245544434,0.4770525097846985,-0.027603622525930405,0.5391017198562622,0.44280004501342773,-0.04763181880116463,0.4922548234462738,0.4269062578678131,-0.06448431313037872,0.448997437953949,0.4237433671951294,-0.08165150135755539,0.5692377686500549,0.3155170679092407,-0.04147312045097351,0.5163426399230957,0.25403839349746704,-0.07054077088832855,0.47637972235679626,0.20568805932998657,-0.09356912225484848,0.4430476427078247,0.16460736095905304,-0.10820773988962173,0.5812179446220398,0.30104437470436096,-0.04108085483312607,0.5181040167808533,0.2360980212688446,-0.06852508336305618,0.47134697437286377,0.18090645968914032,-0.08832971006631851,0.4319128394126892,0.1339116096496582,-0.10169287770986557,0.5869588255882263,0.30431127548217773,-0.04261882230639458,0.5247759222984314,0.240931898355484,-0.06647131592035294,0.4760623574256897,0.1907307654619217,-0.08139732480049133,0.4372733235359192,0.14937017858028412,-0.08934682607650757,0.5823215842247009,0.3230438530445099,-0.04610780254006386,0.5317081212997437,0.2679136395454407,-0.06471344828605652,0.49374622106552124,0.2263142317533493,-0.07404297590255737,0.46383342146873474,0.19137327373027802,-0.0791887417435646,0.0,0.0,0.0,0.0,0.0,0.0,0.0,0.0,0.0,0.0,0.0,0.0,0.0,0.0,0.0,0.0,0.0,0.0,0.0,0.0,0.0,0.0,0.0,0.0,0.0,0.0,0.0,0.0,0.0,0.0,0.0,0.0,0.0,0.0,0.0,0.0,0.0,0.0,0.0,0.0,0.0,0.0,0.0,0.0,0.0,0.0,0.0,0.0,0.0,0.0,0.0,0.0,0.0,0.0,0.0,0.0,0.0,0.0,0.0,0.0,0.0,0.0,0.0,he
0.6501101851463318,0.4472496211528778,2.5886029675348254e-07,0.5769621729850769,0.44792917370796204,0.017580101266503334,0.5226576328277588,0.4110439121723175,0.016905492171645164,0.47721901535987854,0.4051840305328369,0.008826916106045246,0.43864569067955017,0.41328421235084534,-0.0016009429236873984,0.553498387336731,0.26840221881866455,0.018403982743620872,0.49474501609802246,0.21241843700408936,0.010110675357282162,0.45498132705688477,0.170338973402977,5.117773253004998e-05,0.4201749265193939,0.13254839181900024,-0.008836163207888603,0.5647745728492737,0.2562705874443054,-0.005309777799993753,0.4911055266857147,0.19736237823963165,-0.014721333049237728,0.4442497491836548,0.1501859426498413,-0.025367358699440956,0.40848907828330994,0.10724624991416931,-0.03464590758085251,0.5670533180236816,0.26576799154281616,-0.02932645007967949,0.4966694116592407,0.20094361901283264,-0.04248609021306038,0.4495776891708374,0.15408194065093994,-0.052170589566230774,0.4140647053718567,0.11255800724029541,-0.05919972434639931,0.5568376779556274,0.2922550141811371,-0.052111148834228516,0.5058548450469971,0.2327067106962204,-0.0629110187292099,0.47223520278930664,0.19227124750614166,-0.06699132174253464,0.44453856348991394,0.15527796745300293,-0.0707525834441185,0.0,0.0,0.0,0.0,0.0,0.0,0.0,0.0,0.0,0.0,0.0,0.0,0.0,0.0,0.0,0.0,0.0,0.0,0.0,0.0,0.0,0.0,0.0,0.0,0.0,0.0,0.0,0.0,0.0,0.0,0.0,0.0,0.0,0.0,0.0,0.0,0.0,0.0,0.0,0.0,0.0,0.0,0.0,0.0,0.0,0.0,0.0,0.0,0.0,0.0,0.0,0.0,0.0,0.0,0.0,0.0,0.0,0.0,0.0,0.0,0.0,0.0,0.0,he
0.6483672261238098,0.4424901604652405,9.859527239086674e-08,0.5717931389808655,0.4434437155723572,0.013706468045711517,0.5218019485473633,0.40556368231773376,0.012851888313889503,0.4768322706222534,0.3964698910713196,0.0057269856333732605,0.4381599426269531,0.40052103996276855,-0.0032650933135300875,0.5506433248519897,0.2572776973247528,0.020173601806163788,0.49108466506004333,0.20854972302913666,0.0145275192335248,0.4509074091911316,0.1731567680835724,0.006276102736592293,0.41537752747535706,0.1409105509519577,-0.0019200090318918228,0.5606958270072937,0.24704387784004211,0.000439310708316043,0.4837664067745209,0.19414843618869781,-0.007513716351240873,0.4370635151863098,0.15537510812282562,-0.016227880492806435,0.39859533309936523,0.1178862601518631,-0.024645617231726646,0.5609185695648193,0.2600230872631073,-0.02035527117550373,0.48630911111831665,0.19855451583862305,-0.031496886163949966,0.43933260440826416,0.15775655210018158,-0.038093969225883484,0.402732789516449,0.12003940343856812,-0.043713636696338654,0.5455198884010315,0.28771814703941345,-0.04062838479876518,0.4934750497341156,0.22961696982383728,-0.05128360539674759,0.4607751965522766,0.1896032840013504,-0.05563613399863243,0.4328553080558777,0.150146022439003,-0.0599713996052742,0.0,0.0,0.0,0.0,0.0,0.0,0.0,0.0,0.0,0.0,0.0,0.0,0.0,0.0,0.0,0.0,0.0,0.0,0.0,0.0,0.0,0.0,0.0,0.0,0.0,0.0,0.0,0.0,0.0,0.0,0.0,0.0,0.0,0.0,0.0,0.0,0.0,0.0,0.0,0.0,0.0,0.0,0.0,0.0,0.0,0.0,0.0,0.0,0.0,0.0,0.0,0.0,0.0,0.0,0.0,0.0,0.0,0.0,0.0,0.0,0.0,0.0,0.0,he
0.6499781608581543,0.4424867331981659,7.850658079178174e-08,0.5725210905075073,0.4433618187904358,0.012421838007867336,0.5217127203941345,0.4047771692276001,0.012190108187496662,0.47695815563201904,0.39505040645599365,0.00598461227491498,0.4401347041130066,0.40168070793151855,-0.0021201763302087784,0.5526579022407532,0.2596217691898346,0.01967962458729744,0.49278587102890015,0.21017521619796753,0.013339429162442684,0.45225149393081665,0.17283007502555847,0.004526164382696152,0.4169088304042816,0.1399385631084442,-0.0040854038670659065,0.5619458556175232,0.24919366836547852,0.0006609890842810273,0.48441603779792786,0.194819837808609,-0.00834791548550129,0.43692824244499207,0.15490727126598358,-0.018439054489135742,0.39794763922691345,0.11707334220409393,-0.027749475091695786,0.56158846616745,0.2616647779941559,-0.019542040303349495,0.48652535676956177,0.19963786005973816,-0.0315193235874176,0.4384515583515167,0.15774209797382355,-0.040459271520376205,0.400859534740448,0.11893905699253082,-0.04771587997674942,0.5466343760490417,0.2883823812007904,-0.039248038083314896,0.4945994019508362,0.23083332180976868,-0.050997767597436905,0.4609043300151825,0.19111774861812592,-0.057209983468055725,0.43179652094841003,0.1520521342754364,-0.06295379251241684,0.0,0.0,0.0,0.0,0.0,0.0,0.0,0.0,0.0,0.0,0.0,0.0,0.0,0.0,0.0,0.0,0.0,0.0,0.0,0.0,0.0,0.0,0.0,0.0,0.0,0.0,0.0,0.0,0.0,0.0,0.0,0.0,0.0,0.0,0.0,0.0,0.0,0.0,0.0,0.0,0.0,0.0,0.0,0.0,0.0,0.0,0.0,0.0,0.0,0.0,0.0,0.0,0.0,0.0,0.0,0.0,0.0,0.0,0.0,0.0,0.0,0.0,0.0,he
0.6423071622848511,0.4512636959552765,-1.214047102848781e-07,0.5688408613204956,0.4405461847782135,0.0037350421771407127,0.5168834924697876,0.4020719826221466,0.0008017191430553794,0.47010040283203125,0.38596105575561523,-0.005378745496273041,0.43016520142555237,0.3862628638744354,-0.012475814670324326,0.5545174479484558,0.2618415057659149,0.008090299554169178,0.48485198616981506,0.22619794309139252,0.0016459865728393197,0.4397847354412079,0.20514824986457825,-0.006789658684283495,0.3995853662490845,0.18705280125141144,-0.014925182797014713,0.5649199485778809,0.25155240297317505,-0.003377513727173209,0.4814439117908478,0.21412138640880585,-0.013334441930055618,0.43069779872894287,0.19533824920654297,-0.024213232100009918,0.38777366280555725,0.17955327033996582,-0.033942755311727524,0.5632620453834534,0.2653535306453705,-0.01563122868537903,0.48354652523994446,0.2191607654094696,-0.028254015371203423,0.4312147796154022,0.19560755789279938,-0.037073202431201935,0.38948482275009155,0.1767677366733551,-0.0433678925037384,0.5459556579589844,0.29359930753707886,-0.027522120624780655,0.4871099591255188,0.2425897717475891,-0.0388907752931118,0.44770437479019165,0.21566081047058105,-0.04380117356777191,0.4144676923751831,0.19452303647994995,-0.04751630872488022,0.0,0.0,0.0,0.0,0.0,0.0,0.0,0.0,0.0,0.0,0.0,0.0,0.0,0.0,0.0,0.0,0.0,0.0,0.0,0.0,0.0,0.0,0.0,0.0,0.0,0.0,0.0,0.0,0.0,0.0,0.0,0.0,0.0,0.0,0.0,0.0,0.0,0.0,0.0,0.0,0.0,0.0,0.0,0.0,0.0,0.0,0.0,0.0,0.0,0.0,0.0,0.0,0.0,0.0,0.0,0.0,0.0,0.0,0.0,0.0,0.0,0.0,0.0,he
0.6295527815818787,0.43535396456718445,-2.567256274232932e-07,0.5706488490104675,0.43615031242370605,0.00015042844461277127,0.5184510350227356,0.3935050368309021,-0.005663482937961817,0.47284260392189026,0.37244758009910583,-0.013523967005312443,0.4305444359779358,0.3646301329135895,-0.021200960502028465,0.5692907571792603,0.2680296301841736,0.00025661292602308095,0.49535584449768066,0.24223890900611877,-0.01310022734105587,0.44886037707328796,0.24661578238010406,-0.0257885605096817,0.4158569276332855,0.2587280869483948,-0.03384777158498764,0.5741785168647766,0.2622702419757843,-0.0096889091655612,0.49102258682250977,0.23554347455501556,-0.020571637898683548,0.43976446986198425,0.24760492146015167,-0.029436925426125526,0.4011361002922058,0.26448118686676025,-0.03537888824939728,0.5684859156608582,0.2749592065811157,-0.020813627168536186,0.4889621436595917,0.23840336501598358,-0.030338987708091736,0.4411861002445221,0.24777314066886902,-0.03334899991750717,0.40556013584136963,0.26010459661483765,-0.03478756546974182,0.5527639389038086,0.3026646375656128,-0.03246750310063362,0.49621257185935974,0.2639680504798889,-0.04366181045770645,0.4600340723991394,0.2524203062057495,-0.046609483659267426,0.4330979585647583,0.24764323234558105,-0.04670028015971184,0.6332124471664429,0.4628477692604065,-5.499460939972778e-07,0.5629287362098694,0.45220184326171875,0.00421685166656971,0.5135049819946289,0.40644779801368713,-0.004199895076453686,0.4676876366138458,0.37949806451797485,-0.0168270543217659,0.4234541654586792,0.36895331740379333,-0.02977086417376995,0.565445601940155,0.26780766248703003,-0.005139890126883984,0.4768739342689514,0.23773035407066345,-0.02444862388074398,0.42748019099235535,0.26130861043930054,-0.040859155356884,0.3991856873035431,0.2950018048286438,-0.04972177743911743,0.5737028121948242,0.26060041785240173,-0.016845570877194405,0.4711880683898926,0.23330330848693848,-0.03210378438234329,0.4189777970314026,0.26513195037841797,-0.043929167091846466,0.38868165016174316,0.3026767373085022,-0.052916985005140305,0.5710316896438599,0.2764495611190796,-0.028792427852749825,0.4759298264980316,0.23065966367721558,-0.044032033532857895,0.4256118834018707,0.25964346528053284,-0.04875357449054718,0.395851194858551,0.29569485783576965,-0.051154203712940216,0.5546935200691223,0.30868804454803467,-0.04001011699438095,0.48446881771087646,0.26044291257858276,-0.05316798761487007,0.4443204700946808,0.26746731996536255,-0.054808925837278366,0.41724860668182373,0.28873276710510254,-0.05433874949812889,he
0.6376771330833435,0.48379844427108765,-7.601017841807334e-07,0.5592121481895447,0.4638481140136719,0.013242051005363464,0.5151439309120178,0.4147931933403015,0.010875423438847065,0.47368544340133667,0.389818012714386,0.0006653153104707599,0.43468916416168213,0.37253865599632263,-0.0109960176050663,0.5728615522384644,0.2758946120738983,0.014434071257710457,0.485551118850708,0.265359491109848,-0.002124043181538582,0.4470014274120331,0.31194862723350525,-0.018219510093331337,0.4338582456111908,0.3576800227165222,-0.027178702875971794,0.579872190952301,0.2728792428970337,-0.003170908661559224,0.4789761006832123,0.25770333409309387,-0.01780509576201439,0.43870577216148376,0.3158126771450043,-0.03160851076245308,0.426053524017334,0.3648408055305481,-0.04067983105778694,0.5773091912269592,0.2899238169193268,-0.02103501372039318,0.4803690016269684,0.25666749477386475,-0.03863236680626869,0.43973392248153687,0.3120444118976593,-0.04380645602941513,0.4283568561077118,0.3594546318054199,-0.04480810463428497,0.5606610178947449,0.3226882815361023,-0.037399403750896454,0.4853012263774872,0.277495801448822,-0.052219100296497345,0.45058515667915344,0.30659762024879456,-0.05095069855451584,0.4383710026741028,0.34407278895378113,-0.046993520110845566,0.0,0.0,0.0,0.0,0.0,0.0,0.0,0.0,0.0,0.0,0.0,0.0,0.0,0.0,0.0,0.0,0.0,0.0,0.0,0.0,0.0,0.0,0.0,0.0,0.0,0.0,0.0,0.0,0.0,0.0,0.0,0.0,0.0,0.0,0.0,0.0,0.0,0.0,0.0,0.0,0.0,0.0,0.0,0.0,0.0,0.0,0.0,0.0,0.0,0.0,0.0,0.0,0.0,0.0,0.0,0.0,0.0,0.0,0.0,0.0,0.0,0.0,0.0,he
0.6410568952560425,0.5025793313980103,-7.65169943406363e-07,0.5638579726219177,0.48024487495422363,0.014854788780212402,0.5174967050552368,0.4311755299568176,0.012016861699521542,0.47542881965637207,0.40725353360176086,0.0009766054572537541,0.43723949790000916,0.38840895891189575,-0.01145829539746046,0.5759093165397644,0.2903888523578644,0.013441627845168114,0.48983028531074524,0.27807119488716125,-0.0048173051327466965,0.4522826671600342,0.329388827085495,-0.021703163161873817,0.4409845471382141,0.3769805431365967,-0.03097807615995407,0.5840818881988525,0.2897208034992218,-0.005836205091327429,0.48483654856681824,0.2730589509010315,-0.021514488384127617,0.44649261236190796,0.33502620458602905,-0.03401841223239899,0.43633776903152466,0.38504964113235474,-0.0417800210416317,0.5820262432098389,0.30936214327812195,-0.025411145761609077,0.48700812458992004,0.2731124758720398,-0.04303242638707161,0.4478408694267273,0.33034053444862366,-0.04622170701622963,0.43776434659957886,0.37803521752357483,-0.045829176902770996,0.5659649968147278,0.34512588381767273,-0.04345766827464104,0.49200552701950073,0.29800114035606384,-0.059158191084861755,0.45730793476104736,0.32700610160827637,-0.05744416266679764,0.4445767402648926,0.3638949692249298,-0.05275687202811241,0.0,0.0,0.0,0.0,0.0,0.0,0.0,0.0,0.0,0.0,0.0,0.0,0.0,0.0,0.0,0.0,0.0,0.0,0.0,0.0,0.0,0.0,0.0,0.0,0.0,0.0,0.0,0.0,0.0,0.0,0.0,0.0,0.0,0.0,0.0,0.0,0.0,0.0,0.0,0.0,0.0,0.0,0.0,0.0,0.0,0.0,0.0,0.0,0.0,0.0,0.0,0.0,0.0,0.0,0.0,0.0,0.0,0.0,0.0,0.0,0.0,0.0,0.0,he
0.6423231363296509,0.501774787902832,-7.167262197071977e-07,0.5646263957023621,0.48056021332740784,0.01875172182917595,0.5192569494247437,0.43322858214378357,0.016848433762788773,0.47710829973220825,0.40956753492355347,0.005782042630016804,0.43979400396347046,0.38774892687797546,-0.006958085112273693,0.5754348039627075,0.29382506012916565,0.01661311462521553,0.489007830619812,0.27559590339660645,0.0007951367879286408,0.4487254023551941,0.3215913474559784,-0.014025731943547726,0.43463486433029175,0.36680862307548523,-0.0220943633466959,0.584443211555481,0.2916490435600281,-0.00443987874314189,0.48186516761779785,0.27083152532577515,-0.017855297774076462,0.4424211382865906,0.3292195200920105,-0.02817399427294731,0.43262916803359985,0.3778223693370819,-0.034482698887586594,0.5828067064285278,0.3102715313434601,-0.025471894070506096,0.4843396544456482,0.27026307582855225,-0.04098694026470184,0.4462086856365204,0.3254585862159729,-0.04196501895785332,0.4375160336494446,0.37255385518074036,-0.0402543842792511,0.5671282410621643,0.34428685903549194,-0.044797446578741074,0.4927665591239929,0.2946377396583557,-0.059814564883708954,0.4592754542827606,0.3215090036392212,-0.05718398094177246,0.447374552488327,0.3592999279499054,-0.051700688898563385,0.0,0.0,0.0,0.0,0.0,0.0,0.0,0.0,0.0,0.0,0.0,0.0,0.0,0.0,0.0,0.0,0.0,0.0,0.0,0.0,0.0,0.0,0.0,0.0,0.0,0.0,0.0,0.0,0.0,0.0,0.0,0.0,0.0,0.0,0.0,0.0,0.0,0.0,0.0,0.0,0.0,0.0,0.0,0.0,0.0,0.0,0.0,0.0,0.0,0.0,0.0,0.0,0.0,0.0,0.0,0.0,0.0,0.0,0.0,0.0,0.0,0.0,0.0,he
0.6577991843223572,0.5521595478057861,-7.105984423105838e-07,0.5848595499992371,0.5263009667396545,0.003588311141356826,0.5326718091964722,0.4677148461341858,-0.003545681480318308,0.48652589321136475,0.4347068965435028,-0.01635642722249031,0.4452335238456726,0.4112674295902252,-0.028274068608880043,0.5958967208862305,0.339213490486145,0.005020660813897848,0.5193706750869751,0.30973950028419495,-0.01612178422510624,0.4771758019924164,0.34125643968582153,-0.034243881702423096,0.4577800929546356,0.3788486123085022,-0.043952520936727524,0.6085610389709473,0.33618271350860596,-0.009057785384356976,0.5128721594810486,0.3029957115650177,-0.02796763926744461,0.47052353620529175,0.3480849266052246,-0.04005251079797745,0.4554796516895294,0.3908127546310425,-0.04618391767144203,0.6126104593276978,0.352335661649704,-0.024818899109959602,0.5210265517234802,0.30991095304489136,-0.04276326298713684,0.4768100380897522,0.34896209836006165,-0.04437616467475891,0.4603002667427063,0.38671764731407166,-0.04206603765487671,0.6037729978561401,0.3850739300251007,-0.04055829718708992,0.5345590710639954,0.3393230438232422,-0.055950090289115906,0.49466657638549805,0.3502883017063141,-0.0556938461959362,0.47534695267677307,0.3736094832420349,-0.051789648830890656,0.0,0.0,0.0,0.0,0.0,0.0,0.0,0.0,0.0,0.0,0.0,0.0,0.0,0.0,0.0,0.0,0.0,0.0,0.0,0.0,0.0,0.0,0.0,0.0,0.0,0.0,0.0,0.0,0.0,0.0,0.0,0.0,0.0,0.0,0.0,0.0,0.0,0.0,0.0,0.0,0.0,0.0,0.0,0.0,0.0,0.0,0.0,0.0,0.0,0.0,0.0,0.0,0.0,0.0,0.0,0.0,0.0,0.0,0.0,0.0,0.0,0.0,0.0,he
0.6707457900047302,0.5922160744667053,-7.005139082139067e-07,0.6127527356147766,0.5576529502868652,-0.004311422351747751,0.5597057342529297,0.49552837014198303,-0.012964427471160889,0.5196841359138489,0.4578443765640259,-0.025523586198687553,0.4853768050670624,0.42727136611938477,-0.03755451366305351,0.6101734638214111,0.36704522371292114,0.00013251964992377907,0.5472790002822876,0.33472031354904175,-0.02871105819940567,0.5055356621742249,0.3564215302467346,-0.0544218048453331,0.48137205839157104,0.38754189014434814,-0.0693197250366211,0.6296947002410889,0.3674199879169464,-0.011823705397546291,0.5451607704162598,0.33589303493499756,-0.03618389740586281,0.5054183006286621,0.370435893535614,-0.05216561257839203,0.48842310905456543,0.4034440517425537,-0.06120796129107475,0.6467693448066711,0.38413694500923157,-0.026915209367871284,0.5625786781311035,0.35056447982788086,-0.05089982599020004,0.53197181224823,0.3950413465499878,-0.05183456093072891,0.5235304832458496,0.4335356056690216,-0.0485791377723217,0.659541130065918,0.41506513953208923,-0.04311737045645714,0.5978803634643555,0.38934075832366943,-0.06423015147447586,0.5706790089607239,0.41777098178863525,-0.0635301023721695,0.5598526000976562,0.44834908843040466,-0.058653268963098526,0.0,0.0,0.0,0.0,0.0,0.0,0.0,0.0,0.0,0.0,0.0,0.0,0.0,0.0,0.0,0.0,0.0,0.0,0.0,0.0,0.0,0.0,0.0,0.0,0.0,0.0,0.0,0.0,0.0,0.0,0.0,0.0,0.0,0.0,0.0,0.0,0.0,0.0,0.0,0.0,0.0,0.0,0.0,0.0,0.0,0.0,0.0,0.0,0.0,0.0,0.0,0.0,0.0,0.0,0.0,0.0,0.0,0.0,0.0,0.0,0.0,0.0,0.0,he
0.6718158721923828,0.6307916641235352,-8.374112780984433e-07,0.608182966709137,0.594777524471283,-0.004059321247041225,0.561849057674408,0.5206353068351746,-0.010903366841375828,0.5397533178329468,0.45628300309181213,-0.020656609907746315,0.5345185399055481,0.4085303544998169,-0.03032730147242546,0.6017733216285706,0.3972621262073517,-0.011898383498191833,0.5540208220481873,0.3683142066001892,-0.03923749923706055,0.523433268070221,0.3898075222969055,-0.05844493955373764,0.5089520215988159,0.4177130460739136,-0.06817639619112015,0.6385884881019592,0.40079206228256226,-0.021486571058630943,0.5815561413764954,0.44143059849739075,-0.046078626066446304,0.5683998465538025,0.5111033916473389,-0.051685333251953125,0.5749542117118835,0.5556925535202026,-0.05179020017385483,0.6701679229736328,0.43240639567375183,-0.0332651287317276,0.6127274632453918,0.4831336736679077,-0.05484238266944885,0.5996235609054565,0.5440185070037842,-0.04716828092932701,0.6028857827186584,0.5818818807601929,-0.03840378671884537,0.6921147108078003,0.47861963510513306,-0.04628528654575348,0.6464108824729919,0.5166631937026978,-0.05930107831954956,0.6309781670570374,0.5633997321128845,-0.05144473910331726,0.6314656734466553,0.5924792885780334,-0.042005524039268494,0.0,0.0,0.0,0.0,0.0,0.0,0.0,0.0,0.0,0.0,0.0,0.0,0.0,0.0,0.0,0.0,0.0,0.0,0.0,0.0,0.0,0.0,0.0,0.0,0.0,0.0,0.0,0.0,0.0,0.0,0.0,0.0,0.0,0.0,0.0,0.0,0.0,0.0,0.0,0.0,0.0,0.0,0.0,0.0,0.0,0.0,0.0,0.0,0.0,0.0,0.0,0.0,0.0,0.0,0.0,0.0,0.0,0.0,0.0,0.0,0.0,0.0,0.0,he
0.6890407204627991,0.6598811745643616,-6.796923344154493e-07,0.614785373210907,0.6172351241111755,-0.00996733084321022,0.5612437725067139,0.5652506947517395,-0.020936056971549988,0.526625394821167,0.5285373330116272,-0.033799316734075546,0.5036502480506897,0.5036056041717529,-0.04475957155227661,0.5921979546546936,0.42482587695121765,-0.014349143020808697,0.5482892990112305,0.4263949394226074,-0.040753260254859924,0.5202672481536865,0.4545460343360901,-0.059230174869298935,0.5069848895072937,0.48032909631729126,-0.0696524903178215,0.6285837888717651,0.43563202023506165,-0.024160563945770264,0.5724400281906128,0.5051747560501099,-0.04734533652663231,0.5571630001068115,0.5610600709915161,-0.05424356088042259,0.5622963905334473,0.5881755948066711,-0.056519005447626114,0.6605204939842224,0.47719600796699524,-0.03670882806181908,0.6047972440719604,0.5563833713531494,-0.0540480799973011,0.5946961045265198,0.5981712341308594,-0.04732421040534973,0.6026416420936584,0.6069234609603882,-0.041650064289569855,0.6847527027130127,0.532726526260376,-0.05178282409906387,0.6375511884689331,0.5978676080703735,-0.06274960190057755,0.6267560720443726,0.6264340281486511,-0.05647476762533188,0.6334128379821777,0.6269909739494324,-0.049216099083423615,0.0,0.0,0.0,0.0,0.0,0.0,0.0,0.0,0.0,0.0,0.0,0.0,0.0,0.0,0.0,0.0,0.0,0.0,0.0,0.0,0.0,0.0,0.0,0.0,0.0,0.0,0.0,0.0,0.0,0.0,0.0,0.0,0.0,0.0,0.0,0.0,0.0,0.0,0.0,0.0,0.0,0.0,0.0,0.0,0.0,0.0,0.0,0.0,0.0,0.0,0.0,0.0,0.0,0.0,0.0,0.0,0.0,0.0,0.0,0.0,0.0,0.0,0.0,he
0.6890363097190857,0.6586816310882568,-5.849041713190672e-07,0.6155909895896912,0.6163029074668884,-0.010490428656339645,0.564784049987793,0.5629122257232666,-0.020806172862648964,0.5342225432395935,0.5210270881652832,-0.03253219649195671,0.5187402367591858,0.4960053861141205,-0.04211471602320671,0.589072585105896,0.4250656068325043,-0.014475851319730282,0.5478174686431885,0.4341720938682556,-0.0410359762609005,0.5199111700057983,0.45779621601104736,-0.05861174687743187,0.5026158690452576,0.478190153837204,-0.06828588247299194,0.6265207529067993,0.4376934766769409,-0.02400621771812439,0.5745158195495605,0.5008586049079895,-0.04973648488521576,0.5589999556541443,0.5567541122436523,-0.055841729044914246,0.5604457855224609,0.5854551792144775,-0.05622626096010208,0.6603860259056091,0.47956928610801697,-0.03656414523720741,0.6078321933746338,0.5534378290176392,-0.057310380041599274,0.5965282917022705,0.5955677628517151,-0.05114635452628136,0.6012771725654602,0.6068135499954224,-0.04398159682750702,0.6875587701797485,0.5357220768928528,-0.05141855403780937,0.6421487927436829,0.5977036356925964,-0.0637172982096672,0.6287497282028198,0.6257997155189514,-0.058578010648489,0.6310536861419678,0.6276134252548218,-0.05160455033183098,0.0,0.0,0.0,0.0,0.0,0.0,0.0,0.0,0.0,0.0,0.0,0.0,0.0,0.0,0.0,0.0,0.0,0.0,0.0,0.0,0.0,0.0,0.0,0.0,0.0,0.0,0.0,0.0,0.0,0.0,0.0,0.0,0.0,0.0,0.0,0.0,0.0,0.0,0.0,0.0,0.0,0.0,0.0,0.0,0.0,0.0,0.0,0.0,0.0,0.0,0.0,0.0,0.0,0.0,0.0,0.0,0.0,0.0,0.0,0.0,0.0,0.0,0.0,he
0.6947145462036133,0.7084732055664062,-8.508981181876152e-07,0.6237926483154297,0.6638209819793701,-0.012083372101187706,0.5783436298370361,0.6108213067054749,-0.02569214254617691,0.5533236265182495,0.5694853663444519,-0.03894723579287529,0.5502109527587891,0.5508068203926086,-0.049708712846040726,0.5822409987449646,0.5056572556495667,-0.04071551188826561,0.5423450469970703,0.5762195587158203,-0.06368640810251236,0.5404408574104309,0.6456368565559387,-0.06982426345348358,0.5495423078536987,0.6836308836936951,-0.07134795188903809,0.6214779615402222,0.5327243804931641,-0.050436828285455704,0.560723066329956,0.656867504119873,-0.07295703887939453,0.5595066547393799,0.7098841667175293,-0.07321340590715408,0.5690183043479919,0.7319955825805664,-0.07142525166273117,0.6583382487297058,0.580438494682312,-0.06025249883532524,0.5934102535247803,0.6986629962921143,-0.07658078521490097,0.5993200540542603,0.7285610437393188,-0.06531665474176407,0.6127092242240906,0.7258661389350891,-0.057489220052957535,0.6866775751113892,0.6368375420570374,-0.07174883782863617,0.631378173828125,0.723261833190918,-0.08376015722751617,0.6330541968345642,0.7394404411315918,-0.07438632845878601,0.6458188891410828,0.7266380190849304,-0.06433197110891342,0.0,0.0,0.0,0.0,0.0,0.0,0.0,0.0,0.0,0.0,0.0,0.0,0.0,0.0,0.0,0.0,0.0,0.0,0.0,0.0,0.0,0.0,0.0,0.0,0.0,0.0,0.0,0.0,0.0,0.0,0.0,0.0,0.0,0.0,0.0,0.0,0.0,0.0,0.0,0.0,0.0,0.0,0.0,0.0,0.0,0.0,0.0,0.0,0.0,0.0,0.0,0.0,0.0,0.0,0.0,0.0,0.0,0.0,0.0,0.0,0.0,0.0,0.0,he
0.677090048789978,0.7101752161979675,-4.6684363042004406e-07,0.6021900177001953,0.6759503483772278,-0.025442183017730713,0.5478624105453491,0.6673946976661682,-0.05219180881977081,0.5162985920906067,0.6850878000259399,-0.07813580334186554,0.5009796023368835,0.7075437307357788,-0.10578466206789017,0.5755038261413574,0.5608429908752441,-0.061930641531944275,0.5351026058197021,0.6136553883552551,-0.09175128489732742,0.5147966742515564,0.6552724838256836,-0.10257618874311447,0.5098992586135864,0.6893516778945923,-0.10828492045402527,0.6261591911315918,0.5874776840209961,-0.06984252482652664,0.5548884272575378,0.735866367816925,-0.10444480180740356,0.5390616655349731,0.8162959218025208,-0.10932893306016922,0.5386480093002319,0.8516284227371216,-0.10992317646741867,0.6704301834106445,0.6400260329246521,-0.0785462036728859,0.5993634462356567,0.7838335037231445,-0.11114072054624557,0.5900939702987671,0.8269822597503662,-0.10293025523424149,0.5921982526779175,0.8269224166870117,-0.09361565113067627,0.7055483460426331,0.7015954256057739,-0.0891856849193573,0.6481336951255798,0.8075066208839417,-0.11617016047239304,0.6332841515541077,0.8367787003517151,-0.10903815180063248,0.6308043599128723,0.8324324488639832,-0.09867022186517715,0.0,0.0,0.0,0.0,0.0,0.0,0.0,0.0,0.0,0.0,0.0,0.0,0.0,0.0,0.0,0.0,0.0,0.0,0.0,0.0,0.0,0.0,0.0,0.0,0.0,0.0,0.0,0.0,0.0,0.0,0.0,0.0,0.0,0.0,0.0,0.0,0.0,0.0,0.0,0.0,0.0,0.0,0.0,0.0,0.0,0.0,0.0,0.0,0.0,0.0,0.0,0.0,0.0,0.0,0.0,0.0,0.0,0.0,0.0,0.0,0.0,0.0,0.0,he
0.6866492629051208,0.7322608232498169,-2.8252179617993534e-07,0.6037670373916626,0.7038481831550598,-0.025836659595370293,0.5411399006843567,0.7057508230209351,-0.05668957158923149,0.49918949604034424,0.7632801532745361,-0.08625573664903641,0.46983838081359863,0.8209288120269775,-0.11748573929071426,0.5732722282409668,0.5635087490081787,-0.06998223066329956,0.5352133512496948,0.6120046973228455,-0.10466358810663223,0.5138944387435913,0.6435854434967041,-0.11869294196367264,0.5032135248184204,0.665713906288147,-0.12704959511756897,0.6258171200752258,0.5864457488059998,-0.07973822206258774,0.5449234843254089,0.7412326335906982,-0.11704909056425095,0.5318971872329712,0.820775032043457,-0.12097323685884476,0.5372968912124634,0.8439981341362,-0.12099385261535645,0.6721113324165344,0.6434258222579956,-0.09068355709314346,0.5880358815193176,0.7983390688896179,-0.12430468201637268,0.5817778706550598,0.8307918906211853,-0.115340456366539,0.5889500379562378,0.8136360049247742,-0.10595543682575226,0.7073585987091064,0.7084351778030396,-0.10359130054712296,0.6381410956382751,0.8183939456939697,-0.13359083235263824,0.6262445449829102,0.8358619213104248,-0.12829352915287018,0.6304004192352295,0.8166778683662415,-0.11931897699832916,0.0,0.0,0.0,0.0,0.0,0.0,0.0,0.0,0.0,0.0,0.0,0.0,0.0,0.0,0.0,0.0,0.0,0.0,0.0,0.0,0.0,0.0,0.0,0.0,0.0,0.0,0.0,0.0,0.0,0.0,0.0,0.0,0.0,0.0,0.0,0.0,0.0,0.0,0.0,0.0,0.0,0.0,0.0,0.0,0.0,0.0,0.0,0.0,0.0,0.0,0.0,0.0,0.0,0.0,0.0,0.0,0.0,0.0,0.0,0.0,0.0,0.0,0.0,he
0.6872807741165161,0.7413453459739685,-3.6744927456311416e-07,0.6080167889595032,0.7084519863128662,-0.022287465631961823,0.5438165664672852,0.7114471197128296,-0.05235762894153595,0.49439358711242676,0.7634155750274658,-0.08178776502609253,0.45865195989608765,0.8148699998855591,-0.11240865290164948,0.5732563138008118,0.5623414516448975,-0.06454405188560486,0.5284733176231384,0.621857762336731,-0.09742866456508636,0.5034213662147522,0.6555041074752808,-0.11107578128576279,0.4897907078266144,0.6763506531715393,-0.11986414343118668,0.626142144203186,0.5843589305877686,-0.0759866014122963,0.5469413995742798,0.7395536303520203,-0.10905133932828903,0.534222424030304,0.8152866363525391,-0.11101115494966507,0.5365819334983826,0.8329752683639526,-0.11166361719369888,0.6719160079956055,0.6394937634468079,-0.08865747600793839,0.5903809666633606,0.7923678755760193,-0.11832253634929657,0.5816758275032043,0.8266722559928894,-0.10721313208341599,0.584937334060669,0.8119707107543945,-0.09850490838289261,0.7061507701873779,0.704473078250885,-0.10336195677518845,0.640264093875885,0.8146082162857056,-0.12866774201393127,0.6295661926269531,0.8316665887832642,-0.12155137956142426,0.6328542828559875,0.811524510383606,-0.11292832344770432,0.0,0.0,0.0,0.0,0.0,0.0,0.0,0.0,0.0,0.0,0.0,0.0,0.0,0.0,0.0,0.0,0.0,0.0,0.0,0.0,0.0,0.0,0.0,0.0,0.0,0.0,0.0,0.0,0.0,0.0,0.0,0.0,0.0,0.0,0.0,0.0,0.0,0.0,0.0,0.0,0.0,0.0,0.0,0.0,0.0,0.0,0.0,0.0,0.0,0.0,0.0,0.0,0.0,0.0,0.0,0.0,0.0,0.0,0.0,0.0,0.0,0.0,0.0,he
0.6802513599395752,0.7335510849952698,-3.7413721543089196e-07,0.6044632792472839,0.6960921287536621,-0.02350490167737007,0.542206346988678,0.6957847476005554,-0.05266600847244263,0.4911539554595947,0.7362898588180542,-0.08144668489694595,0.45398831367492676,0.7771326303482056,-0.1103036105632782,0.5674646496772766,0.5494441986083984,-0.06129542738199234,0.5247965455055237,0.6116591095924377,-0.09750614315271378,0.5097392797470093,0.6441009044647217,-0.11314822733402252,0.5050225257873535,0.6561568975448608,-0.12256356328725815,0.6213131546974182,0.5738227367401123,-0.07205461710691452,0.545059323310852,0.7322896718978882,-0.10840822756290436,0.5312822461128235,0.8045170903205872,-0.11230792850255966,0.5313845872879028,0.8198321461677551,-0.11391549557447433,0.6668538451194763,0.6307972073554993,-0.08491971343755722,0.5889171957969666,0.7873018980026245,-0.11898591369390488,0.5794872641563416,0.8209491968154907,-0.1098373755812645,0.5815263390541077,0.8069039583206177,-0.10116951167583466,0.7001143097877502,0.6969583034515381,-0.09996166080236435,0.6355253458023071,0.8105379343032837,-0.12848104536533356,0.6221674680709839,0.8299727439880371,-0.12445271760225296,0.6216496229171753,0.8133891820907593,-0.11716405302286148,0.0,0.0,0.0,0.0,0.0,0.0,0.0,0.0,0.0,0.0,0.0,0.0,0.0,0.0,0.0,0.0,0.0,0.0,0.0,0.0,0.0,0.0,0.0,0.0,0.0,0.0,0.0,0.0,0.0,0.0,0.0,0.0,0.0,0.0,0.0,0.0,0.0,0.0,0.0,0.0,0.0,0.0,0.0,0.0,0.0,0.0,0.0,0.0,0.0,0.0,0.0,0.0,0.0,0.0,0.0,0.0,0.0,0.0,0.0,0.0,0.0,0.0,0.0,he
0.6879138350486755,0.7384709119796753,-4.0246246157948917e-07,0.608902096748352,0.7067989706993103,-0.021123161539435387,0.5431493520736694,0.7064099907875061,-0.04805803298950195,0.49017930030822754,0.7587689161300659,-0.07499077916145325,0.4523172080516815,0.8103616237640381,-0.10276547819375992,0.5708656311035156,0.550572395324707,-0.05473383516073227,0.5387176275253296,0.585282564163208,-0.08548127114772797,0.5135021805763245,0.6119986772537231,-0.10147272050380707,0.4944702982902527,0.6306934952735901,-0.11299636960029602,0.6219534873962402,0.5649601221084595,-0.06528263539075851,0.5456944704055786,0.7207887172698975,-0.09687621891498566,0.5325825810432434,0.7996422052383423,-0.10321681946516037,0.535322368144989,0.8222630620002747,-0.10760260373353958,0.6667539477348328,0.6186491847038269,-0.07727237045764923,0.5882636904716492,0.7721365690231323,-0.1057266965508461,0.5787086486816406,0.8139545321464539,-0.10058259963989258,0.580989420413971,0.8081128001213074,-0.09635072946548462,0.7014733552932739,0.6844485402107239,-0.09124062210321426,0.637963593006134,0.7976981997489929,-0.11610925197601318,0.6236758232116699,0.8236451148986816,-0.11315585672855377,0.6225725412368774,0.8137670755386353,-0.1079077422618866,0.0,0.0,0.0,0.0,0.0,0.0,0.0,0.0,0.0,0.0,0.0,0.0,0.0,0.0,0.0,0.0,0.0,0.0,0.0,0.0,0.0,0.0,0.0,0.0,0.0,0.0,0.0,0.0,0.0,0.0,0.0,0.0,0.0,0.0,0.0,0.0,0.0,0.0,0.0,0.0,0.0,0.0,0.0,0.0,0.0,0.0,0.0,0.0,0.0,0.0,0.0,0.0,0.0,0.0,0.0,0.0,0.0,0.0,0.0,0.0,0.0,0.0,0.0,he
0.683946430683136,0.7377703189849854,-3.3511102515149105e-07,0.6036257743835449,0.6947743892669678,-0.02037041075527668,0.5394951105117798,0.689740002155304,-0.04797278717160225,0.4915856420993805,0.7459887266159058,-0.07615325599908829,0.45945513248443604,0.8075314164161682,-0.10574567317962646,0.5763146877288818,0.5444316864013672,-0.05546623095870018,0.5439351201057434,0.5710241794586182,-0.08818576484918594,0.5176444053649902,0.5952566862106323,-0.10540883988142014,0.4998454749584198,0.6154872179031372,-0.1168019101023674,0.6284542679786682,0.5642127990722656,-0.0665222778916359,0.5500210523605347,0.7143305540084839,-0.09798247367143631,0.5368491411209106,0.7856491208076477,-0.10340516269207001,0.5409632325172424,0.8035708665847778,-0.10673312842845917,0.6723050475120544,0.6220610737800598,-0.07914268970489502,0.5905343294143677,0.7738711833953857,-0.10581400245428085,0.5815266370773315,0.8054041862487793,-0.09835823625326157,0.5853211879730225,0.7923135161399841,-0.0919649600982666,0.7044941186904907,0.6895768642425537,-0.09399259835481644,0.6373835802078247,0.7978196144104004,-0.1158771961927414,0.6227208971977234,0.8146384954452515,-0.1102309599518776,0.6224749088287354,0.7982823848724365,-0.10281621664762497,0.0,0.0,0.0,0.0,0.0,0.0,0.0,0.0,0.0,0.0,0.0,0.0,0.0,0.0,0.0,0.0,0.0,0.0,0.0,0.0,0.0,0.0,0.0,0.0,0.0,0.0,0.0,0.0,0.0,0.0,0.0,0.0,0.0,0.0,0.0,0.0,0.0,0.0,0.0,0.0,0.0,0.0,0.0,0.0,0.0,0.0,0.0,0.0,0.0,0.0,0.0,0.0,0.0,0.0,0.0,0.0,0.0,0.0,0.0,0.0,0.0,0.0,0.0,he
0.6836252212524414,0.7246217727661133,-3.663662653252686e-07,0.6062750816345215,0.6894229054450989,-0.023165764287114143,0.544182300567627,0.689544141292572,-0.05273928865790367,0.4953766465187073,0.7481175065040588,-0.08310231566429138,0.46201151609420776,0.8092125058174133,-0.1144513264298439,0.5761651992797852,0.5371092557907104,-0.05719088390469551,0.5445218086242676,0.5652374625205994,-0.09031645208597183,0.5166041254997253,0.5926589369773865,-0.1079086884856224,0.49681490659713745,0.6172778606414795,-0.11969610303640366,0.6270177364349365,0.5557628273963928,-0.0683629959821701,0.5522249937057495,0.7111949920654297,-0.10186312347650528,0.5387892127037048,0.7878186702728271,-0.10833314061164856,0.5430278182029724,0.8024806976318359,-0.11220315843820572,0.6707128286361694,0.6134433150291443,-0.08147282153367996,0.591768205165863,0.7649948596954346,-0.11029752343893051,0.5818595886230469,0.8046628832817078,-0.10400520265102386,0.5860694646835327,0.7917997241020203,-0.09838877618312836,0.7039692401885986,0.681327223777771,-0.0970892682671547,0.6391346454620361,0.7883830666542053,-0.1197243183851242,0.6216894388198853,0.8127018213272095,-0.1141892597079277,0.620483934879303,0.7998663783073425,-0.10717586427927017,0.0,0.0,0.0,0.0,0.0,0.0,0.0,0.0,0.0,0.0,0.0,0.0,0.0,0.0,0.0,0.0,0.0,0.0,0.0,0.0,0.0,0.0,0.0,0.0,0.0,0.0,0.0,0.0,0.0,0.0,0.0,0.0,0.0,0.0,0.0,0.0,0.0,0.0,0.0,0.0,0.0,0.0,0.0,0.0,0.0,0.0,0.0,0.0,0.0,0.0,0.0,0.0,0.0,0.0,0.0,0.0,0.0,0.0,0.0,0.0,0.0,0.0,0.0,he
0.6872193217277527,0.7284806966781616,-3.633406038261455e-07,0.6081496477127075,0.6916046738624573,-0.0222520362585783,0.5444535613059998,0.688153088092804,-0.05143748223781586,0.4957873821258545,0.7467978596687317,-0.08117302507162094,0.46314388513565063,0.809883713722229,-0.11227802187204361,0.5774235725402832,0.5367306470870972,-0.05800488218665123,0.5457425713539124,0.5688773393630981,-0.09125988185405731,0.5195023417472839,0.5954492688179016,-0.10917454957962036,0.4990675151348114,0.6161229610443115,-0.12134208530187607,0.6281419992446899,0.5562463402748108,-0.0692601427435875,0.5523049831390381,0.7091193199157715,-0.10247467458248138,0.5374168157577515,0.7841604948043823,-0.1094316765666008,0.5393073558807373,0.8021466732025146,-0.1138230711221695,0.6715695261955261,0.6141006946563721,-0.08211151510477066,0.5909407734870911,0.7630531787872314,-0.10996688902378082,0.5824337005615234,0.800568699836731,-0.10400388389825821,0.5869095921516418,0.7895192503929138,-0.09890903532505035,0.7040597796440125,0.6818517446517944,-0.09736812859773636,0.6371147632598877,0.7899969816207886,-0.11982875317335129,0.622299313545227,0.8123911619186401,-0.1148892268538475,0.6230607628822327,0.79884272813797,-0.10834510624408722,0.0,0.0,0.0,0.0,0.0,0.0,0.0,0.0,0.0,0.0,0.0,0.0,0.0,0.0,0.0,0.0,0.0,0.0,0.0,0.0,0.0,0.0,0.0,0.0,0.0,0.0,0.0,0.0,0.0,0.0,0.0,0.0,0.0,0.0,0.0,0.0,0.0,0.0,0.0,0.0,0.0,0.0,0.0,0.0,0.0,0.0,0.0,0.0,0.0,0.0,0.0,0.0,0.0,0.0,0.0,0.0,0.0,0.0,0.0,0.0,0.0,0.0,0.0,he
0.6846794486045837,0.742134690284729,-4.924804102302005e-07,0.6058509945869446,0.6971248388290405,-0.023204486817121506,0.5419487357139587,0.6654733419418335,-0.047795142978429794,0.49912992119789124,0.6684924364089966,-0.07246365398168564,0.495591938495636,0.6884737610816956,-0.09646052867174149,0.5786747932434082,0.5245502591133118,-0.04567011073231697,0.5471011400222778,0.5427684187889099,-0.07930560410022736,0.5169978737831116,0.5666838884353638,-0.09750926494598389,0.49506324529647827,0.5930216908454895,-0.10881354659795761,0.6289577484130859,0.5395981669425964,-0.054184965789318085,0.5595836043357849,0.6772428154945374,-0.09034344553947449,0.5429702401161194,0.7509015798568726,-0.09610540419816971,0.5424854755401611,0.7767688632011414,-0.09626874327659607,0.6733495593070984,0.5928258895874023,-0.06565434485673904,0.6011781692504883,0.7295279502868652,-0.09682000428438187,0.5890361666679382,0.76808100938797,-0.0894220769405365,0.5911186337471008,0.7638803720474243,-0.08042888343334198,0.707233726978302,0.6590390801429749,-0.07985073328018188,0.6427544951438904,0.7560001015663147,-0.10516901314258575,0.6270016431808472,0.7810683846473694,-0.10150080174207687,0.6270002722740173,0.7736183404922485,-0.09358377009630203,0.0,0.0,0.0,0.0,0.0,0.0,0.0,0.0,0.0,0.0,0.0,0.0,0.0,0.0,0.0,0.0,0.0,0.0,0.0,0.0,0.0,0.0,0.0,0.0,0.0,0.0,0.0,0.0,0.0,0.0,0.0,0.0,0.0,0.0,0.0,0.0,0.0,0.0,0.0,0.0,0.0,0.0,0.0,0.0,0.0,0.0,0.0,0.0,0.0,0.0,0.0,0.0,0.0,0.0,0.0,0.0,0.0,0.0,0.0,0.0,0.0,0.0,0.0,he
0.6907402276992798,0.7088910341262817,5.5635936746512016e-08,0.6115615367889404,0.6676325798034668,-0.01605842448771,0.5514823794364929,0.6172596216201782,-0.030279144644737244,0.503117024898529,0.5868168473243713,-0.0442051962018013,0.46269768476486206,0.5619454383850098,-0.0585368275642395,0.5951631665229797,0.5067520141601562,-0.016627077013254166,0.5546086430549622,0.4901754856109619,-0.04019246995449066,0.5208284854888916,0.4713990092277527,-0.06485680490732193,0.49278369545936584,0.4506351351737976,-0.08390296995639801,0.6255640387535095,0.5169866681098938,-0.023597313091158867,0.5754683613777161,0.49943414330482483,-0.0415581613779068,0.5386938452720642,0.4809018075466156,-0.05801927298307419,0.5106120705604553,0.4624999761581421,-0.07238483428955078,0.654168426990509,0.5453696846961975,-0.03353000432252884,0.6068170070648193,0.5301049947738647,-0.05170551314949989,0.5760645270347595,0.5134398341178894,-0.05550191178917885,0.555098295211792,0.4974953532218933,-0.05899777635931969,0.6802271604537964,0.5912586450576782,-0.045626793056726456,0.6429813504219055,0.5746739506721497,-0.0630931481719017,0.6222538948059082,0.5629410743713379,-0.06402873992919922,0.6077746748924255,0.5514422059059143,-0.06359989196062088,0.0,0.0,0.0,0.0,0.0,0.0,0.0,0.0,0.0,0.0,0.0,0.0,0.0,0.0,0.0,0.0,0.0,0.0,0.0,0.0,0.0,0.0,0.0,0.0,0.0,0.0,0.0,0.0,0.0,0.0,0.0,0.0,0.0,0.0,0.0,0.0,0.0,0.0,0.0,0.0,0.0,0.0,0.0,0.0,0.0,0.0,0.0,0.0,0.0,0.0,0.0,0.0,0.0,0.0,0.0,0.0,0.0,0.0,0.0,0.0,0.0,0.0,0.0,he
0.6929532885551453,0.6634688377380371,-1.6965303828442302e-08,0.6119616031646729,0.6215379238128662,0.0023036664351820946,0.5577701330184937,0.570571780204773,-0.0026472776662558317,0.5224723815917969,0.5283766984939575,-0.011193587444722652,0.502552330493927,0.49256813526153564,-0.019703757017850876,0.6099240183830261,0.4637836217880249,0.010844401083886623,0.5641018748283386,0.4346432685852051,-0.0043276227079331875,0.5271344184875488,0.4123721122741699,-0.023152591660618782,0.4974272847175598,0.39267849922180176,-0.03727066144347191,0.6253220438957214,0.4660559892654419,-0.001239344128407538,0.5680040717124939,0.4351296126842499,-0.013084350153803825,0.5263904929161072,0.41184332966804504,-0.027019435539841652,0.49406152963638306,0.39143407344818115,-0.03792029991745949,0.6360123157501221,0.4812856912612915,-0.015202991664409637,0.5806204080581665,0.44698578119277954,-0.027404697611927986,0.5406605005264282,0.41957366466522217,-0.031267352402210236,0.5097754597663879,0.39702945947647095,-0.033238485455513,0.6427822113037109,0.5117751955986023,-0.02986244112253189,0.6002342700958252,0.4683748483657837,-0.0401003472507,0.5706011056900024,0.440094530582428,-0.03924313932657242,0.5450341105461121,0.4142633378505707,-0.03703182190656662,0.0,0.0,0.0,0.0,0.0,0.0,0.0,0.0,0.0,0.0,0.0,0.0,0.0,0.0,0.0,0.0,0.0,0.0,0.0,0.0,0.0,0.0,0.0,0.0,0.0,0.0,0.0,0.0,0.0,0.0,0.0,0.0,0.0,0.0,0.0,0.0,0.0,0.0,0.0,0.0,0.0,0.0,0.0,0.0,0.0,0.0,0.0,0.0,0.0,0.0,0.0,0.0,0.0,0.0,0.0,0.0,0.0,0.0,0.0,0.0,0.0,0.0,0.0,he
0.686395525932312,0.638933002948761,-1.2387691583626292e-07,0.6083090305328369,0.6114186644554138,0.0012728134170174599,0.5565188527107239,0.5606496930122375,-0.004528115503489971,0.5244555473327637,0.5175234079360962,-0.01342414878308773,0.5031905174255371,0.4819754362106323,-0.02238629199564457,0.6013878583908081,0.4450814723968506,0.004797910340130329,0.553943395614624,0.4188324511051178,-0.012268814258277416,0.5162153840065002,0.4048704504966736,-0.03103683702647686,0.48891520500183105,0.393782377243042,-0.044662658125162125,0.6185244917869568,0.44556671380996704,-0.007518392521888018,0.5582870841026306,0.4181906580924988,-0.02099725604057312,0.5173972249031067,0.4037778079509735,-0.03394307196140289,0.4885097146034241,0.3927118182182312,-0.043916065245866776,0.6313842535018921,0.462577760219574,-0.021790482103824615,0.5732165575027466,0.4322742819786072,-0.03573776036500931,0.5334279537200928,0.4146510362625122,-0.038708917796611786,0.5050716400146484,0.39906617999076843,-0.04015139117836952,0.6388438940048218,0.49620521068573,-0.03672477602958679,0.5965719223022461,0.45881420373916626,-0.04985629767179489,0.565361499786377,0.4367354214191437,-0.050468217581510544,0.5393610000610352,0.4153742790222168,-0.04916266351938248,0.0,0.0,0.0,0.0,0.0,0.0,0.0,0.0,0.0,0.0,0.0,0.0,0.0,0.0,0.0,0.0,0.0,0.0,0.0,0.0,0.0,0.0,0.0,0.0,0.0,0.0,0.0,0.0,0.0,0.0,0.0,0.0,0.0,0.0,0.0,0.0,0.0,0.0,0.0,0.0,0.0,0.0,0.0,0.0,0.0,0.0,0.0,0.0,0.0,0.0,0.0,0.0,0.0,0.0,0.0,0.0,0.0,0.0,0.0,0.0,0.0,0.0,0.0,he
0.6908904910087585,0.5735298991203308,2.080184628994175e-07,0.6026642918586731,0.5273743867874146,0.020563889294862747,0.5503600239753723,0.47706782817840576,0.01296493411064148,0.504723846912384,0.4580361843109131,-0.002878874074667692,0.4581209123134613,0.4536527395248413,-0.023210246115922928,0.5940799117088318,0.3944956958293915,0.004254409112036228,0.5427389144897461,0.3556455969810486,-0.015468538738787174,0.5104237794876099,0.32723844051361084,-0.03684984892606735,0.47373688220977783,0.30228549242019653,-0.05474276468157768,0.6090254783630371,0.404464989900589,-0.02480206824839115,0.5524822473526001,0.35001838207244873,-0.046044427901506424,0.5105487704277039,0.32233068346977234,-0.06640195101499557,0.4681698679924011,0.2993624806404114,-0.08324280381202698,0.6197905540466309,0.4351441562175751,-0.0526876263320446,0.5667366981506348,0.372587651014328,-0.07175549119710922,0.531658411026001,0.33887818455696106,-0.08131871372461319,0.49539342522621155,0.3082593083381653,-0.09046458452939987,0.6212950348854065,0.48364904522895813,-0.07848499715328217,0.5964367389678955,0.4367501437664032,-0.09526022523641586,0.5774017572402954,0.3991425931453705,-0.09975550323724747,0.5557331442832947,0.36018988490104675,-0.10500795394182205,0.0,0.0,0.0,0.0,0.0,0.0,0.0,0.0,0.0,0.0,0.0,0.0,0.0,0.0,0.0,0.0,0.0,0.0,0.0,0.0,0.0,0.0,0.0,0.0,0.0,0.0,0.0,0.0,0.0,0.0,0.0,0.0,0.0,0.0,0.0,0.0,0.0,0.0,0.0,0.0,0.0,0.0,0.0,0.0,0.0,0.0,0.0,0.0,0.0,0.0,0.0,0.0,0.0,0.0,0.0,0.0,0.0,0.0,0.0,0.0,0.0,0.0,0.0,he
0.6862562298774719,0.5135393142700195,4.140661928886402e-07,0.6006333231925964,0.4857829511165619,0.00754349073395133,0.5506102442741394,0.44886845350265503,0.003786967834457755,0.5086003541946411,0.43565040826797485,-0.00539602292701602,0.4732969403266907,0.4369933605194092,-0.0158697459846735,0.5877957940101624,0.3373032510280609,0.021437881514430046,0.5464510917663574,0.2815791964530945,0.014603419229388237,0.520650327205658,0.23846496641635895,0.0018923477036878467,0.4933133125305176,0.20085936784744263,-0.008717390708625317,0.6007425785064697,0.3273584246635437,0.00706066470593214,0.5500093698501587,0.2702473998069763,0.002100873738527298,0.5170100927352905,0.2283010482788086,-0.009502643719315529,0.48752039670944214,0.19256150722503662,-0.020250890403985977,0.6042264103889465,0.3377005457878113,-0.008613617159426212,0.5554252862930298,0.27734845876693726,-0.013545969501137733,0.5201466083526611,0.23453672230243683,-0.019681274890899658,0.4903148114681244,0.19950631260871887,-0.025455383583903313,0.5940337181091309,0.3639843165874481,-0.024454616010189056,0.5561001896858215,0.3076992928981781,-0.02500598132610321,0.5309422016143799,0.26930493116378784,-0.023433100432157516,0.5087779760360718,0.23569545149803162,-0.024244051426649094,0.0,0.0,0.0,0.0,0.0,0.0,0.0,0.0,0.0,0.0,0.0,0.0,0.0,0.0,0.0,0.0,0.0,0.0,0.0,0.0,0.0,0.0,0.0,0.0,0.0,0.0,0.0,0.0,0.0,0.0,0.0,0.0,0.0,0.0,0.0,0.0,0.0,0.0,0.0,0.0,0.0,0.0,0.0,0.0,0.0,0.0,0.0,0.0,0.0,0.0,0.0,0.0,0.0,0.0,0.0,0.0,0.0,0.0,0.0,0.0,0.0,0.0,0.0,he
0.6625202298164368,0.4762725830078125,2.7638978394861624e-07,0.5885230898857117,0.4639473557472229,0.0014280485920608044,0.5379101037979126,0.42490047216415405,-0.005211065523326397,0.49364331364631653,0.4119935929775238,-0.015697084367275238,0.45405274629592896,0.4122868478298187,-0.027309399098157883,0.5793331861495972,0.29176121950149536,0.005187522619962692,0.5218737721443176,0.24084293842315674,-0.007760610897094011,0.4800353944301605,0.20340578258037567,-0.021695451810956,0.44126853346824646,0.17103101313114166,-0.032369229942560196,0.5895556211471558,0.2835741341114044,-0.00816347636282444,0.5173170566558838,0.22985807061195374,-0.02326880767941475,0.4683689475059509,0.19122940301895142,-0.03874807804822922,0.4270431399345398,0.15610438585281372,-0.050452034920454025,0.5883004069328308,0.2953651249408722,-0.022437449544668198,0.521450936794281,0.23245692253112793,-0.03927601873874664,0.47162318229675293,0.18900208175182343,-0.05170465260744095,0.43149876594543457,0.15177181363105774,-0.059066835790872574,0.571929395198822,0.3234485685825348,-0.036524657160043716,0.521095871925354,0.26025551557540894,-0.047821030020713806,0.4860093295574188,0.22055068612098694,-0.05202557146549225,0.45698440074920654,0.18498916923999786,-0.054801732301712036,0.0,0.0,0.0,0.0,0.0,0.0,0.0,0.0,0.0,0.0,0.0,0.0,0.0,0.0,0.0,0.0,0.0,0.0,0.0,0.0,0.0,0.0,0.0,0.0,0.0,0.0,0.0,0.0,0.0,0.0,0.0,0.0,0.0,0.0,0.0,0.0,0.0,0.0,0.0,0.0,0.0,0.0,0.0,0.0,0.0,0.0,0.0,0.0,0.0,0.0,0.0,0.0,0.0,0.0,0.0,0.0,0.0,0.0,0.0,0.0,0.0,0.0,0.0,he
0.6550389528274536,0.47909143567085266,-1.1107560027312502e-07,0.5831120014190674,0.46564608812332153,0.003316511632874608,0.5342144966125488,0.42207252979278564,-0.0014790563145652413,0.4902002215385437,0.4028630256652832,-0.010255696251988411,0.4506661891937256,0.39595118165016174,-0.019737182185053825,0.581064760684967,0.28821107745170593,0.008126016706228256,0.518187403678894,0.2528332471847534,-0.002041100524365902,0.4758307933807373,0.22727800905704498,-0.013769703917205334,0.43777981400489807,0.20539766550064087,-0.02401566691696644,0.5898120999336243,0.28160229325294495,-0.005526168737560511,0.5129031538963318,0.24198278784751892,-0.017588702961802483,0.46503204107284546,0.2181405872106552,-0.029619745910167694,0.4237423241138458,0.19569361209869385,-0.039950188249349594,0.5871492624282837,0.29457971453666687,-0.020514274016022682,0.514775812625885,0.24785086512565613,-0.03435404971241951,0.46724432706832886,0.22105738520622253,-0.04202358052134514,0.42769137024879456,0.19576983153820038,-0.04752064496278763,0.5706518888473511,0.32022589445114136,-0.0356430746614933,0.5181200504302979,0.26828187704086304,-0.04670489951968193,0.4829988181591034,0.23974904417991638,-0.05017612874507904,0.45216816663742065,0.21464639902114868,-0.05290386080741882,0.0,0.0,0.0,0.0,0.0,0.0,0.0,0.0,0.0,0.0,0.0,0.0,0.0,0.0,0.0,0.0,0.0,0.0,0.0,0.0,0.0,0.0,0.0,0.0,0.0,0.0,0.0,0.0,0.0,0.0,0.0,0.0,0.0,0.0,0.0,0.0,0.0,0.0,0.0,0.0,0.0,0.0,0.0,0.0,0.0,0.0,0.0,0.0,0.0,0.0,0.0,0.0,0.0,0.0,0.0,0.0,0.0,0.0,0.0,0.0,0.0,0.0,0.0,he
0.6524770855903625,0.48117882013320923,-1.0419394413929695e-07,0.5844987630844116,0.46772611141204834,0.002174556255340576,0.534650444984436,0.42374908924102783,-0.003685473231598735,0.48874518275260925,0.404710054397583,-0.013139061629772186,0.44744908809661865,0.3990032970905304,-0.02300349250435829,0.5829183459281921,0.290722131729126,0.006970039568841457,0.5192655324935913,0.2538353204727173,-0.003054983913898468,0.47581231594085693,0.2282387912273407,-0.015098909847438335,0.4367828071117401,0.20715627074241638,-0.025595543906092644,0.5918979644775391,0.28484249114990234,-0.006419854704290628,0.5147367119789124,0.24357697367668152,-0.017596537247300148,0.4660956859588623,0.21812216937541962,-0.029262542724609375,0.4244227111339569,0.1959318220615387,-0.03961772471666336,0.5886129140853882,0.2973572909832001,-0.02121734619140625,0.5166971683502197,0.24747353792190552,-0.03418884798884392,0.4696302115917206,0.21951016783714294,-0.041217587888240814,0.4305453300476074,0.19431070983409882,-0.04650837928056717,0.5715063810348511,0.3215288519859314,-0.036302145570516586,0.5198534727096558,0.2673426568508148,-0.04712973162531853,0.48547568917274475,0.23787438869476318,-0.050270624458789825,0.4555477797985077,0.21263472735881805,-0.05271477997303009,0.0,0.0,0.0,0.0,0.0,0.0,0.0,0.0,0.0,0.0,0.0,0.0,0.0,0.0,0.0,0.0,0.0,0.0,0.0,0.0,0.0,0.0,0.0,0.0,0.0,0.0,0.0,0.0,0.0,0.0,0.0,0.0,0.0,0.0,0.0,0.0,0.0,0.0,0.0,0.0,0.0,0.0,0.0,0.0,0.0,0.0,0.0,0.0,0.0,0.0,0.0,0.0,0.0,0.0,0.0,0.0,0.0,0.0,0.0,0.0,0.0,0.0,0.0,he
0.6523802280426025,0.4958813190460205,-5.529763029699097e-07,0.5795160531997681,0.4791175127029419,0.010688374750316143,0.5324592590332031,0.42882630228996277,0.00649152509868145,0.48836249113082886,0.40137773752212524,-0.003584887133911252,0.44650131464004517,0.3888353705406189,-0.014557086862623692,0.5915461182594299,0.2997135818004608,0.011045848950743675,0.5105054974555969,0.27962052822113037,-0.005328023340553045,0.45942598581314087,0.2914167046546936,-0.022164734080433846,0.42400234937667847,0.31131288409233093,-0.03239244595170021,0.6000072956085205,0.29288220405578613,-0.004937596619129181,0.505221426486969,0.2696247696876526,-0.016973428428173065,0.45001721382141113,0.28725773096084595,-0.029150627553462982,0.4102211594581604,0.311052143573761,-0.03894248604774475,0.5964612364768982,0.30641084909439087,-0.02173696830868721,0.5067832469940186,0.26789337396621704,-0.03535085916519165,0.45347076654434204,0.28695252537727356,-0.040521733462810516,0.41566669940948486,0.3116496503353119,-0.04363056644797325,0.5782793760299683,0.3351193368434906,-0.037707727402448654,0.508540153503418,0.2936321198940277,-0.04962773621082306,0.46770015358924866,0.29756879806518555,-0.05094236135482788,0.43658119440078735,0.3124340772628784,-0.050631098449230194,0.0,0.0,0.0,0.0,0.0,0.0,0.0,0.0,0.0,0.0,0.0,0.0,0.0,0.0,0.0,0.0,0.0,0.0,0.0,0.0,0.0,0.0,0.0,0.0,0.0,0.0,0.0,0.0,0.0,0.0,0.0,0.0,0.0,0.0,0.0,0.0,0.0,0.0,0.0,0.0,0.0,0.0,0.0,0.0,0.0,0.0,0.0,0.0,0.0,0.0,0.0,0.0,0.0,0.0,0.0,0.0,0.0,0.0,0.0,0.0,0.0,0.0,0.0,he
0.6561474204063416,0.5112297534942627,-7.00802502251463e-07,0.5791882872581482,0.48405328392982483,0.017790261656045914,0.5354064106941223,0.42800503969192505,0.017535308375954628,0.4951360821723938,0.3958740830421448,0.00883007887750864,0.45672500133514404,0.37643375992774963,-0.0013591573806479573,0.5995851755142212,0.3041155934333801,0.02453887276351452,0.5202321410179138,0.29700127243995667,0.00841033086180687,0.4745599031448364,0.3247452676296234,-0.009717029519379139,0.44535714387893677,0.3556062579154968,-0.020312044769525528,0.6075717806816101,0.2995660603046417,0.004265727009624243,0.513099730014801,0.286131352186203,-0.007673420011997223,0.4650093615055084,0.32324934005737305,-0.021723439916968346,0.43558281660079956,0.3624888062477112,-0.031460877507925034,0.6043434739112854,0.3124385178089142,-0.01674829050898552,0.5129106044769287,0.2869507670402527,-0.029999975115060806,0.4670127332210541,0.325846791267395,-0.034829456359148026,0.44099190831184387,0.36168068647384644,-0.03668854758143425,0.586758017539978,0.3392084836959839,-0.03655054792761803,0.5152061581611633,0.3030947744846344,-0.04740704596042633,0.47759681940078735,0.3198256492614746,-0.046288348734378815,0.45353901386260986,0.34554970264434814,-0.04337625950574875,0.0,0.0,0.0,0.0,0.0,0.0,0.0,0.0,0.0,0.0,0.0,0.0,0.0,0.0,0.0,0.0,0.0,0.0,0.0,0.0,0.0,0.0,0.0,0.0,0.0,0.0,0.0,0.0,0.0,0.0,0.0,0.0,0.0,0.0,0.0,0.0,0.0,0.0,0.0,0.0,0.0,0.0,0.0,0.0,0.0,0.0,0.0,0.0,0.0,0.0,0.0,0.0,0.0,0.0,0.0,0.0,0.0,0.0,0.0,0.0,0.0,0.0,0.0,he
0.6690769791603088,0.526597261428833,-7.536023645116074e-07,0.5906475782394409,0.4985344111919403,0.0171233881264925,0.5440787076950073,0.44095927476882935,0.01790035329759121,0.5038055777549744,0.4095674455165863,0.009141824208199978,0.46637704968452454,0.3869948983192444,-0.0007759631844237447,0.6068161725997925,0.31551218032836914,0.02682328224182129,0.5292202234268188,0.30218955874443054,0.009465592913329601,0.48820608854293823,0.3373768627643585,-0.009234003722667694,0.46698883175849915,0.37713831663131714,-0.02003520540893078,0.618070125579834,0.3123726546764374,0.005060174502432346,0.5233760476112366,0.2996695637702942,-0.009951931424438953,0.48239564895629883,0.3491223454475403,-0.024987224489450455,0.46653175354003906,0.39230620861053467,-0.03427967056632042,0.6197918653488159,0.32571059465408325,-0.01823369227349758,0.5256932973861694,0.29923927783966064,-0.03593910112977028,0.48399603366851807,0.3507618010044098,-0.04211529716849327,0.47011518478393555,0.392738938331604,-0.04343482106924057,0.6072815656661987,0.3534649908542633,-0.0403316468000412,0.5333105325698853,0.31021416187286377,-0.05483902245759964,0.49608510732650757,0.3381778597831726,-0.05408187583088875,0.4795168340206146,0.3748724162578583,-0.05053640156984329,0.0,0.0,0.0,0.0,0.0,0.0,0.0,0.0,0.0,0.0,0.0,0.0,0.0,0.0,0.0,0.0,0.0,0.0,0.0,0.0,0.0,0.0,0.0,0.0,0.0,0.0,0.0,0.0,0.0,0.0,0.0,0.0,0.0,0.0,0.0,0.0,0.0,0.0,0.0,0.0,0.0,0.0,0.0,0.0,0.0,0.0,0.0,0.0,0.0,0.0,0.0,0.0,0.0,0.0,0.0,0.0,0.0,0.0,0.0,0.0,0.0,0.0,0.0,he
0.6679444909095764,0.5387853384017944,-7.013442768766254e-07,0.593668520450592,0.5108436346054077,0.015129816718399525,0.5447162389755249,0.4502373933792114,0.01610483229160309,0.5031059980392456,0.4170365631580353,0.0069027794525027275,0.46545472741127014,0.3905365467071533,-0.002510931808501482,0.6006690859794617,0.33045774698257446,0.03609082102775574,0.5364120006561279,0.31310349702835083,0.017708947882056236,0.4942626655101776,0.33972907066345215,-0.0033701807260513306,0.46599361300468445,0.3737336993217468,-0.01614433154463768,0.6151464581489563,0.3218227028846741,0.013354475609958172,0.5324020981788635,0.30646827816963196,-0.0035022476222366095,0.4901372194290161,0.34729698300361633,-0.021067693829536438,0.4674004912376404,0.38800257444381714,-0.03116198256611824,0.6222578883171082,0.32908666133880615,-0.012369923293590546,0.5368514657020569,0.3011729121208191,-0.03128243610262871,0.49264636635780334,0.3462635576725006,-0.03861965611577034,0.47164595127105713,0.3860606849193573,-0.03987443447113037,0.616955578327179,0.35269635915756226,-0.037675950676202774,0.5457989573478699,0.31659170985221863,-0.05309826880693436,0.5056935548782349,0.3406323194503784,-0.05399104207754135,0.483651340007782,0.37439316511154175,-0.05128363519906998,0.0,0.0,0.0,0.0,0.0,0.0,0.0,0.0,0.0,0.0,0.0,0.0,0.0,0.0,0.0,0.0,0.0,0.0,0.0,0.0,0.0,0.0,0.0,0.0,0.0,0.0,0.0,0.0,0.0,0.0,0.0,0.0,0.0,0.0,0.0,0.0,0.0,0.0,0.0,0.0,0.0,0.0,0.0,0.0,0.0,0.0,0.0,0.0,0.0,0.0,0.0,0.0,0.0,0.0,0.0,0.0,0.0,0.0,0.0,0.0,0.0,0.0,0.0,he
0.668803334236145,0.5420300960540771,-6.932439191587036e-07,0.5942049622535706,0.5101566314697266,0.015127983875572681,0.5467745661735535,0.45000359416007996,0.014976944774389267,0.5066359043121338,0.41713088750839233,0.004995616152882576,0.471098929643631,0.3918156027793884,-0.005010298918932676,0.6048769950866699,0.33085423707962036,0.03199191018939018,0.5379327535629272,0.31123605370521545,0.0121524753049016,0.4943849444389343,0.33898258209228516,-0.009477905929088593,0.46464475989341736,0.3734185993671417,-0.022241635248064995,0.6185682415962219,0.32391974329948425,0.009899414144456387,0.5318189263343811,0.30923551321029663,-0.007922661490738392,0.4895458221435547,0.35031887888908386,-0.024828938767313957,0.4675872325897217,0.38966891169548035,-0.03440969064831734,0.6245453953742981,0.332359254360199,-0.01488562859594822,0.5370786786079407,0.304279625415802,-0.03320622071623802,0.4923569858074188,0.3479319214820862,-0.038987815380096436,0.47094428539276123,0.38657301664352417,-0.03927003964781761,0.6188838481903076,0.3562142550945282,-0.03928782790899277,0.5484905242919922,0.3201817572116852,-0.053549591451883316,0.5074469447135925,0.3412145972251892,-0.053451698273420334,0.48369187116622925,0.3719826340675354,-0.05000662803649902,0.0,0.0,0.0,0.0,0.0,0.0,0.0,0.0,0.0,0.0,0.0,0.0,0.0,0.0,0.0,0.0,0.0,0.0,0.0,0.0,0.0,0.0,0.0,0.0,0.0,0.0,0.0,0.0,0.0,0.0,0.0,0.0,0.0,0.0,0.0,0.0,0.0,0.0,0.0,0.0,0.0,0.0,0.0,0.0,0.0,0.0,0.0,0.0,0.0,0.0,0.0,0.0,0.0,0.0,0.0,0.0,0.0,0.0,0.0,0.0,0.0,0.0,0.0,he
0.6497360467910767,0.5685007572174072,-5.819356942993181e-07,0.5970296859741211,0.5462085008621216,-0.0031359288841485977,0.5430928468704224,0.4840943217277527,-0.006245945580303669,0.5073395371437073,0.44071871042251587,-0.015463391318917274,0.47301143407821655,0.4074287712574005,-0.024043863639235497,0.5565519332885742,0.385765016078949,0.019320771098136902,0.5271684527397156,0.3351290822029114,-0.007812237832695246,0.4899919629096985,0.3332461416721344,-0.028856175020337105,0.4601849913597107,0.3427507281303406,-0.03990422561764717,0.5810329914093018,0.37402257323265076,0.006831145845353603,0.5331118106842041,0.33520638942718506,-0.02444387972354889,0.5252712368965149,0.4012840986251831,-0.03464071825146675,0.5378433465957642,0.4474900960922241,-0.03309982642531395,0.6082873940467834,0.37326931953430176,-0.010821220465004444,0.5562987923622131,0.3325023353099823,-0.04235609620809555,0.5476297736167908,0.4000401794910431,-0.03658798336982727,0.5617232322692871,0.4471430480480194,-0.02302156388759613,0.637793242931366,0.38229694962501526,-0.02961740829050541,0.587651252746582,0.3443283438682556,-0.04920019581913948,0.5722004771232605,0.39184823632240295,-0.041666269302368164,0.5811845660209656,0.4355448782444,-0.03026202693581581,0.0,0.0,0.0,0.0,0.0,0.0,0.0,0.0,0.0,0.0,0.0,0.0,0.0,0.0,0.0,0.0,0.0,0.0,0.0,0.0,0.0,0.0,0.0,0.0,0.0,0.0,0.0,0.0,0.0,0.0,0.0,0.0,0.0,0.0,0.0,0.0,0.0,0.0,0.0,0.0,0.0,0.0,0.0,0.0,0.0,0.0,0.0,0.0,0.0,0.0,0.0,0.0,0.0,0.0,0.0,0.0,0.0,0.0,0.0,0.0,0.0,0.0,0.0,he
0.6449347138404846,0.5927917957305908,-6.665533192062867e-07,0.6010379791259766,0.576140820980072,-0.009727767668664455,0.542794406414032,0.5201756954193115,-0.016854822635650635,0.5079689025878906,0.47755715250968933,-0.026157882064580917,0.4887869358062744,0.4506152272224426,-0.035563837736845016,0.566038191318512,0.3813600540161133,-0.007044510450214148,0.5300073623657227,0.34977614879608154,-0.031548839062452316,0.4965582489967346,0.342769593000412,-0.051074180752038956,0.46678462624549866,0.3435114622116089,-0.06372950226068497,0.5993643999099731,0.3733338713645935,-0.015793077647686005,0.5450407862663269,0.4083998203277588,-0.044293832033872604,0.5432435870170593,0.48598164319992065,-0.04972824454307556,0.5570478439331055,0.5310664176940918,-0.04813753440976143,0.6326833367347717,0.39057278633117676,-0.027963750064373016,0.5784518718719482,0.42237189412117004,-0.056945137679576874,0.5752434730529785,0.49277254939079285,-0.04674863442778587,0.5890126824378967,0.5326469540596008,-0.03335903212428093,0.6645021438598633,0.4224422574043274,-0.04173784703016281,0.6179123520851135,0.43597090244293213,-0.06259477138519287,0.6056696176528931,0.48777496814727783,-0.05434511601924896,0.6145166754722595,0.5214470624923706,-0.04300931841135025,0.0,0.0,0.0,0.0,0.0,0.0,0.0,0.0,0.0,0.0,0.0,0.0,0.0,0.0,0.0,0.0,0.0,0.0,0.0,0.0,0.0,0.0,0.0,0.0,0.0,0.0,0.0,0.0,0.0,0.0,0.0,0.0,0.0,0.0,0.0,0.0,0.0,0.0,0.0,0.0,0.0,0.0,0.0,0.0,0.0,0.0,0.0,0.0,0.0,0.0,0.0,0.0,0.0,0.0,0.0,0.0,0.0,0.0,0.0,0.0,0.0,0.0,0.0,he
0.6482507586479187,0.6130850315093994,-7.720804546806903e-07,0.5965294241905212,0.5935956239700317,-0.013148960657417774,0.5420718789100647,0.5346776247024536,-0.022126464173197746,0.5143387317657471,0.4848062992095947,-0.03186959773302078,0.49605807662010193,0.4503735303878784,-0.04136405885219574,0.5676286220550537,0.39658933877944946,-0.013466273434460163,0.5314581990242004,0.3763502538204193,-0.04057612642645836,0.49930134415626526,0.3701642155647278,-0.06306764483451843,0.4706961214542389,0.3703013062477112,-0.077394038438797,0.604845404624939,0.38723695278167725,-0.019964981824159622,0.5502909421920776,0.44577229022979736,-0.04897928610444069,0.5450890064239502,0.5265412330627441,-0.05627802014350891,0.5542935729026794,0.575887143611908,-0.056309085339307785,0.6402912735939026,0.4109184443950653,-0.029767237603664398,0.584295928478241,0.46484658122062683,-0.059001535177230835,0.5787265300750732,0.5374191403388977,-0.0504862442612648,0.5873871445655823,0.5800438523292542,-0.038530223071575165,0.6727160215377808,0.4512383043766022,-0.04144055396318436,0.6254376769065857,0.48155272006988525,-0.06440559774637222,0.6123744249343872,0.5342024564743042,-0.057817842811346054,0.616492748260498,0.5691224336624146,-0.04723197966814041,0.0,0.0,0.0,0.0,0.0,0.0,0.0,0.0,0.0,0.0,0.0,0.0,0.0,0.0,0.0,0.0,0.0,0.0,0.0,0.0,0.0,0.0,0.0,0.0,0.0,0.0,0.0,0.0,0.0,0.0,0.0,0.0,0.0,0.0,0.0,0.0,0.0,0.0,0.0,0.0,0.0,0.0,0.0,0.0,0.0,0.0,0.0,0.0,0.0,0.0,0.0,0.0,0.0,0.0,0.0,0.0,0.0,0.0,0.0,0.0,0.0,0.0,0.0,he
0.65191650390625,0.6506301164627075,-6.42377415260853e-07,0.5988328456878662,0.6323894262313843,-0.02289905585348606,0.5467610359191895,0.5984423160552979,-0.04278421401977539,0.5071316957473755,0.5840998888015747,-0.06222324073314667,0.4739930033683777,0.5781350135803223,-0.08072766661643982,0.5616400837898254,0.4274106025695801,-0.030464578419923782,0.5315651297569275,0.42927873134613037,-0.060594748705625534,0.5125247240066528,0.4434645175933838,-0.07940905541181564,0.5000290870666504,0.4596608877182007,-0.08972740918397903,0.6048456430435181,0.42224276065826416,-0.03547291085124016,0.5531575083732605,0.5098944306373596,-0.06845124810934067,0.5461070537567139,0.5934053659439087,-0.07601571083068848,0.5546755194664001,0.6437918543815613,-0.07487043738365173,0.6451670527458191,0.45402345061302185,-0.043810371309518814,0.5930635929107666,0.5435270667076111,-0.07415679842233658,0.5872192978858948,0.6105633974075317,-0.06618472933769226,0.595280110836029,0.6437894105911255,-0.05403485521674156,0.6812407970428467,0.5005738735198975,-0.054677024483680725,0.6375670433044434,0.5566108226776123,-0.07620912790298462,0.6280121803283691,0.6026098728179932,-0.0686052143573761,0.6339219808578491,0.6235419511795044,-0.05641771852970123,0.0,0.0,0.0,0.0,0.0,0.0,0.0,0.0,0.0,0.0,0.0,0.0,0.0,0.0,0.0,0.0,0.0,0.0,0.0,0.0,0.0,0.0,0.0,0.0,0.0,0.0,0.0,0.0,0.0,0.0,0.0,0.0,0.0,0.0,0.0,0.0,0.0,0.0,0.0,0.0,0.0,0.0,0.0,0.0,0.0,0.0,0.0,0.0,0.0,0.0,0.0,0.0,0.0,0.0,0.0,0.0,0.0,0.0,0.0,0.0,0.0,0.0,0.0,he
0.6509224772453308,0.6518391370773315,-6.169831863189756e-07,0.5995582342147827,0.632407009601593,-0.023710258305072784,0.5494328141212463,0.5997814536094666,-0.043711915612220764,0.508880615234375,0.5806618928909302,-0.06282562017440796,0.4726347029209137,0.5706154108047485,-0.08067184686660767,0.5677260160446167,0.4318011999130249,-0.029483260586857796,0.5282012820243835,0.43853849172592163,-0.06033310666680336,0.5107210278511047,0.4567570984363556,-0.07907842099666595,0.5042344331741333,0.4751296937465668,-0.08871854096651077,0.6082066297531128,0.42595943808555603,-0.03302234411239624,0.5547433495521545,0.5104897618293762,-0.0656539723277092,0.5474579930305481,0.5942496657371521,-0.07290954142808914,0.5569684505462646,0.6391065716743469,-0.07144255936145782,0.6476534605026245,0.45467081665992737,-0.040240757167339325,0.5947508811950684,0.5400716066360474,-0.07139351963996887,0.5878392457962036,0.6083433032035828,-0.06544408202171326,0.5972549319267273,0.6398158073425293,-0.054403942078351974,0.6841737031936646,0.49768856167793274,-0.049877241253852844,0.6388663053512573,0.5549269914627075,-0.07246222347021103,0.6281197667121887,0.6046731472015381,-0.06742227077484131,0.6348106265068054,0.6266134977340698,-0.056972604244947433,0.0,0.0,0.0,0.0,0.0,0.0,0.0,0.0,0.0,0.0,0.0,0.0,0.0,0.0,0.0,0.0,0.0,0.0,0.0,0.0,0.0,0.0,0.0,0.0,0.0,0.0,0.0,0.0,0.0,0.0,0.0,0.0,0.0,0.0,0.0,0.0,0.0,0.0,0.0,0.0,0.0,0.0,0.0,0.0,0.0,0.0,0.0,0.0,0.0,0.0,0.0,0.0,0.0,0.0,0.0,0.0,0.0,0.0,0.0,0.0,0.0,0.0,0.0,he
0.6721577048301697,0.6658269166946411,-1.0168332664761692e-06,0.6173633337020874,0.6333847045898438,-0.026086529716849327,0.5632537007331848,0.6004948616027832,-0.04742826521396637,0.5166881680488586,0.5844758152961731,-0.06541979312896729,0.4815000891685486,0.5744390487670898,-0.0808640643954277,0.5885834097862244,0.48816296458244324,-0.05938390642404556,0.5447512865066528,0.5882492065429688,-0.0888085663318634,0.538138747215271,0.6791490316390991,-0.10087992995977402,0.5413187146186829,0.7376962304115295,-0.10477206856012344,0.6347848176956177,0.5100259780883789,-0.06184452399611473,0.5709027051925659,0.6499524116516113,-0.08699821680784225,0.5626209378242493,0.7291136980056763,-0.09114166349172592,0.5677585601806641,0.773867130279541,-0.09298667311668396,0.6760299205780029,0.5516409277915955,-0.06487426161766052,0.6131914258003235,0.6778383255004883,-0.08899570256471634,0.6063870787620544,0.7397286891937256,-0.08396820724010468,0.6114327311515808,0.7730792760848999,-0.07866401225328445,0.7107308506965637,0.6020672917366028,-0.06965683400630951,0.6653769016265869,0.6882022619247437,-0.08983417600393295,0.6523083448410034,0.7309117317199707,-0.08453982323408127,0.6521081924438477,0.7513754367828369,-0.07628617435693741,0.0,0.0,0.0,0.0,0.0,0.0,0.0,0.0,0.0,0.0,0.0,0.0,0.0,0.0,0.0,0.0,0.0,0.0,0.0,0.0,0.0,0.0,0.0,0.0,0.0,0.0,0.0,0.0,0.0,0.0,0.0,0.0,0.0,0.0,0.0,0.0,0.0,0.0,0.0,0.0,0.0,0.0,0.0,0.0,0.0,0.0,0.0,0.0,0.0,0.0,0.0,0.0,0.0,0.0,0.0,0.0,0.0,0.0,0.0,0.0,0.0,0.0,0.0,he
0.6792864799499512,0.7341867685317993,-7.680444014113164e-07,0.5963249802589417,0.7167905569076538,-0.04093368723988533,0.5335784554481506,0.7247275114059448,-0.08039382100105286,0.502770721912384,0.7919910550117493,-0.11872965842485428,0.5030655860900879,0.8639161586761475,-0.15728074312210083,0.560854434967041,0.5541766285896301,-0.07543330639600754,0.5282279849052429,0.6331088542938232,-0.11797713488340378,0.5162225961685181,0.7049691081047058,-0.13903413712978363,0.5138571262359619,0.7507061958312988,-0.1508411318063736,0.6290856599807739,0.562926709651947,-0.08151846379041672,0.5823140740394592,0.7447080016136169,-0.12466192245483398,0.5675122737884521,0.8395581245422363,-0.1372174471616745,0.5657521486282349,0.8657491207122803,-0.14425505697727203,0.6890090107917786,0.609197735786438,-0.09045442938804626,0.6363465785980225,0.7851842641830444,-0.12836281955242157,0.616209089756012,0.8548405170440674,-0.1253570169210434,0.6086968779563904,0.8651854395866394,-0.11995608359575272,0.731846272945404,0.6692039966583252,-0.10344971716403961,0.6902092695236206,0.7977750301361084,-0.12800168991088867,0.670743465423584,0.8449710607528687,-0.12011858075857162,0.6626362204551697,0.8490618467330933,-0.11045104265213013,0.6603966355323792,0.6886377334594727,-5.965650302641734e-07,0.6122995018959045,0.6681622266769409,-0.02900497056543827,0.5683688521385193,0.6640244722366333,-0.057657938450574875,0.5404645204544067,0.6835145354270935,-0.08499528467655182,0.5189046263694763,0.7091793417930603,-0.11307332664728165,0.5697597861289978,0.5575479865074158,-0.07129445672035217,0.5504270792007446,0.6194672584533691,-0.10445151478052139,0.5400466322898865,0.6631773710250854,-0.12240485101938248,0.5279625654220581,0.7006271481513977,-0.13327623903751373,0.6261367797851562,0.5686534643173218,-0.07841493934392929,0.5888210535049438,0.7357948422431946,-0.11715982854366302,0.5784834027290344,0.8182132244110107,-0.1308499127626419,0.572904646396637,0.8621773719787598,-0.13949306309223175,0.6791325211524963,0.608661949634552,-0.08538561314344406,0.638940155506134,0.7532790899276733,-0.12230848520994186,0.630726158618927,0.8152205944061279,-0.12115079909563065,0.6251027584075928,0.8499535322189331,-0.11718767881393433,0.7233127355575562,0.65949547290802,-0.09454702585935593,0.7088091373443604,0.7508032321929932,-0.1265355795621872,0.7000346183776855,0.792952299118042,-0.1238875687122345,0.6932467818260193,0.8173253536224365,-0.11649727821350098,he
0.6676481366157532,0.7475714683532715,-4.499254373513395e-07,0.6054148077964783,0.7384943962097168,-0.03733550012111664,0.5619179010391235,0.7408589124679565,-0.0736907571554184,0.5298044085502625,0.7795347571372986,-0.10865839570760727,0.49617400765419006,0.8189536333084106,-0.14442996680736542,0.5683000087738037,0.5697934627532959,-0.07286424189805984,0.5491644740104675,0.6208612322807312,-0.11859835684299469,0.5361412167549133,0.6549686193466187,-0.14547495543956757,0.5213257074356079,0.681361734867096,-0.16130724549293518,0.6306831240653992,0.5691877007484436,-0.08103843778371811,0.5848103165626526,0.7356268167495728,-0.1328851729631424,0.5670158863067627,0.8404139280319214,-0.1472039669752121,0.5605543255805969,0.8858282566070557,-0.1505420058965683,0.6879069805145264,0.6130251288414001,-0.09224481135606766,0.6405695676803589,0.7715860605239868,-0.13824233412742615,0.6214776039123535,0.8433804512023926,-0.13335292041301727,0.6136446595191956,0.8618398904800415,-0.12286318838596344,0.7338380813598633,0.6763125658035278,-0.1069653108716011,0.6992667317390442,0.7934826612472534,-0.14310090243816376,0.6765323281288147,0.845316469669342,-0.13893365859985352,0.665748119354248,0.8553091287612915,-0.12847460806369781,0.0,0.0,0.0,0.0,0.0,0.0,0.0,0.0,0.0,0.0,0.0,0.0,0.0,0.0,0.0,0.0,0.0,0.0,0.0,0.0,0.0,0.0,0.0,0.0,0.0,0.0,0.0,0.0,0.0,0.0,0.0,0.0,0.0,0.0,0.0,0.0,0.0,0.0,0.0,0.0,0.0,0.0,0.0,0.0,0.0,0.0,0.0,0.0,0.0,0.0,0.0,0.0,0.0,0.0,0.0,0.0,0.0,0.0,0.0,0.0,0.0,0.0,0.0,he
0.6672186851501465,0.7458770275115967,-4.683081158418645e-07,0.6034316420555115,0.7293887138366699,-0.0330883264541626,0.5496023893356323,0.7314538359642029,-0.0658978521823883,0.5199443101882935,0.7867759466171265,-0.09816768020391464,0.4976656436920166,0.8447197675704956,-0.13014912605285645,0.5644788146018982,0.561748743057251,-0.06067628413438797,0.5414695739746094,0.6195554733276367,-0.1002202257514,0.5313066244125366,0.6602122187614441,-0.12237516045570374,0.5230884552001953,0.6853151917457581,-0.13618144392967224,0.6288585066795349,0.5673982501029968,-0.06919097155332565,0.5819031000137329,0.7321385145187378,-0.11481846123933792,0.564790666103363,0.8279584050178528,-0.12753918766975403,0.5617367625236511,0.8619246482849121,-0.13127510249614716,0.684927225112915,0.6133038997650146,-0.08088038861751556,0.6361338496208191,0.7713165283203125,-0.12014803290367126,0.6159809231758118,0.835702121257782,-0.11634223908185959,0.6079310774803162,0.8442240357398987,-0.10786329209804535,0.7304345369338989,0.67307049036026,-0.09607534855604172,0.6902000308036804,0.788713812828064,-0.12396137416362762,0.6674729585647583,0.8324668407440186,-0.11927217245101929,0.6556991338729858,0.8345144391059875,-0.11020351201295853,0.0,0.0,0.0,0.0,0.0,0.0,0.0,0.0,0.0,0.0,0.0,0.0,0.0,0.0,0.0,0.0,0.0,0.0,0.0,0.0,0.0,0.0,0.0,0.0,0.0,0.0,0.0,0.0,0.0,0.0,0.0,0.0,0.0,0.0,0.0,0.0,0.0,0.0,0.0,0.0,0.0,0.0,0.0,0.0,0.0,0.0,0.0,0.0,0.0,0.0,0.0,0.0,0.0,0.0,0.0,0.0,0.0,0.0,0.0,0.0,0.0,0.0,0.0,he
0.6738654971122742,0.7588431239128113,-5.320008540365961e-07,0.605310320854187,0.7396210432052612,-0.03433346003293991,0.5486806631088257,0.7371796369552612,-0.06793542206287384,0.5171391367912292,0.7890072464942932,-0.10084878653287888,0.500282347202301,0.8479934930801392,-0.13287928700447083,0.5687448382377625,0.5622628331184387,-0.06317923963069916,0.5444880127906799,0.6093457341194153,-0.10471078008413315,0.5321246385574341,0.6542536020278931,-0.12707574665546417,0.5230433940887451,0.6854430437088013,-0.14060740172863007,0.632004976272583,0.565554678440094,-0.07119090855121613,0.5822209715843201,0.7324685454368591,-0.1174774318933487,0.5656347274780273,0.8283771872520447,-0.1300867795944214,0.5639089941978455,0.8596115708351135,-0.13402670621871948,0.68683922290802,0.6124493479728699,-0.08251145482063293,0.6356533765792847,0.7724176049232483,-0.12127374857664108,0.6149898171424866,0.8372483253479004,-0.11611679941415787,0.6068909168243408,0.8446586728096008,-0.10722770541906357,0.7305911779403687,0.673794150352478,-0.09758856892585754,0.6886116862297058,0.7899500131607056,-0.12480755895376205,0.6685915589332581,0.8319292664527893,-0.11918696761131287,0.6586665511131287,0.8319462537765503,-0.10955901443958282,0.0,0.0,0.0,0.0,0.0,0.0,0.0,0.0,0.0,0.0,0.0,0.0,0.0,0.0,0.0,0.0,0.0,0.0,0.0,0.0,0.0,0.0,0.0,0.0,0.0,0.0,0.0,0.0,0.0,0.0,0.0,0.0,0.0,0.0,0.0,0.0,0.0,0.0,0.0,0.0,0.0,0.0,0.0,0.0,0.0,0.0,0.0,0.0,0.0,0.0,0.0,0.0,0.0,0.0,0.0,0.0,0.0,0.0,0.0,0.0,0.0,0.0,0.0,he
0.6844552755355835,0.74177485704422,-4.3183518982914393e-07,0.6163055896759033,0.720893144607544,-0.02794487588107586,0.557466983795166,0.7182266712188721,-0.055777743458747864,0.5195088386535645,0.7684358358383179,-0.0844329446554184,0.4972614645957947,0.8278142809867859,-0.11345033347606659,0.5675504207611084,0.5519592761993408,-0.04616294056177139,0.5408222079277039,0.5774401426315308,-0.08021751046180725,0.5239682793617249,0.6009901165962219,-0.1015298068523407,0.5115624666213989,0.6193349361419678,-0.11547589302062988,0.6274865865707397,0.5502890944480896,-0.054219912737607956,0.5799777507781982,0.7110983729362488,-0.0916375145316124,0.5679742097854614,0.8011413812637329,-0.10473006963729858,0.570682942867279,0.8313174247741699,-0.11047881841659546,0.6819763779640198,0.5929186344146729,-0.0653572604060173,0.6334860324859619,0.7515853047370911,-0.09762688726186752,0.6125360727310181,0.8154463768005371,-0.0951664000749588,0.6048155426979065,0.8251159191131592,-0.08906152099370956,0.7262164950370789,0.6499143838882446,-0.07990801334381104,0.6855420470237732,0.7640613317489624,-0.10104525834321976,0.6665765643119812,0.8063490390777588,-0.09577202051877975,0.6587419509887695,0.8087743520736694,-0.0875202938914299,0.0,0.0,0.0,0.0,0.0,0.0,0.0,0.0,0.0,0.0,0.0,0.0,0.0,0.0,0.0,0.0,0.0,0.0,0.0,0.0,0.0,0.0,0.0,0.0,0.0,0.0,0.0,0.0,0.0,0.0,0.0,0.0,0.0,0.0,0.0,0.0,0.0,0.0,0.0,0.0,0.0,0.0,0.0,0.0,0.0,0.0,0.0,0.0,0.0,0.0,0.0,0.0,0.0,0.0,0.0,0.0,0.0,0.0,0.0,0.0,0.0,0.0,0.0,he
0.684509813785553,0.7419393062591553,-4.7378554768329195e-07,0.6194656491279602,0.7123869061470032,-0.029407506808638573,0.5641279816627502,0.7007663249969482,-0.057627756148576736,0.5259853601455688,0.736727237701416,-0.08618168532848358,0.5015485286712646,0.7859102487564087,-0.1141555905342102,0.5822062492370605,0.5357564687728882,-0.04795023426413536,0.5627635717391968,0.5310081839561462,-0.08306300640106201,0.5377146601676941,0.5571854710578918,-0.10395971685647964,0.5181474089622498,0.5917102098464966,-0.11706152558326721,0.6350749731063843,0.5312210321426392,-0.05486327409744263,0.5811201333999634,0.6737591624259949,-0.09500163793563843,0.5670490860939026,0.766282320022583,-0.10772011429071426,0.5677915811538696,0.8057717680931091,-0.11202070862054825,0.6840434670448303,0.5722986459732056,-0.06526480615139008,0.6319451928138733,0.7194010615348816,-0.10086148232221603,0.615843653678894,0.7813941240310669,-0.1004980280995369,0.6102344393730164,0.7976645231246948,-0.09508484601974487,0.7254126071929932,0.6279653310775757,-0.07868318259716034,0.6843372583389282,0.7315928936004639,-0.1047276183962822,0.669470489025116,0.7708759307861328,-0.10293804854154587,0.663832426071167,0.775926947593689,-0.09634365141391754,0.0,0.0,0.0,0.0,0.0,0.0,0.0,0.0,0.0,0.0,0.0,0.0,0.0,0.0,0.0,0.0,0.0,0.0,0.0,0.0,0.0,0.0,0.0,0.0,0.0,0.0,0.0,0.0,0.0,0.0,0.0,0.0,0.0,0.0,0.0,0.0,0.0,0.0,0.0,0.0,0.0,0.0,0.0,0.0,0.0,0.0,0.0,0.0,0.0,0.0,0.0,0.0,0.0,0.0,0.0,0.0,0.0,0.0,0.0,0.0,0.0,0.0,0.0,he
0.6793779730796814,0.7156575918197632,-5.022518507757923e-07,0.6194164752960205,0.6936951875686646,-0.029877424240112305,0.5673230886459351,0.6893039345741272,-0.05865027755498886,0.5309091210365295,0.7294207215309143,-0.08710971474647522,0.5039297938346863,0.7759220600128174,-0.11497901380062103,0.5835826396942139,0.5269815921783447,-0.051408469676971436,0.5631330013275146,0.533738374710083,-0.0895434021949768,0.5363597273826599,0.5560774207115173,-0.1133045181632042,0.5130565762519836,0.5855310559272766,-0.12773147225379944,0.6363986134529114,0.5234142541885376,-0.058062296360731125,0.5789348483085632,0.6708824038505554,-0.10075116902589798,0.5641449093818665,0.7606772780418396,-0.11361390352249146,0.5657563805580139,0.799170970916748,-0.11704212427139282,0.6841691136360168,0.565561056137085,-0.06811672449111938,0.6282832622528076,0.7113836407661438,-0.10405885428190231,0.612802267074585,0.770311713218689,-0.10005063563585281,0.6099952459335327,0.7816630005836487,-0.09153157472610474,0.7231737375259399,0.6233077645301819,-0.08155622333288193,0.6775912046432495,0.7288795709609985,-0.1079363226890564,0.6626177430152893,0.7656991481781006,-0.10403408110141754,0.6586728096008301,0.7653406858444214,-0.09523864835500717,0.0,0.0,0.0,0.0,0.0,0.0,0.0,0.0,0.0,0.0,0.0,0.0,0.0,0.0,0.0,0.0,0.0,0.0,0.0,0.0,0.0,0.0,0.0,0.0,0.0,0.0,0.0,0.0,0.0,0.0,0.0,0.0,0.0,0.0,0.0,0.0,0.0,0.0,0.0,0.0,0.0,0.0,0.0,0.0,0.0,0.0,0.0,0.0,0.0,0.0,0.0,0.0,0.0,0.0,0.0,0.0,0.0,0.0,0.0,0.0,0.0,0.0,0.0,he
0.6745468974113464,0.7105340957641602,-5.009150640944426e-07,0.6142143607139587,0.6929489374160767,-0.02953108586370945,0.563530445098877,0.6889721155166626,-0.05901256576180458,0.5308308005332947,0.7299204468727112,-0.08835400640964508,0.5017224550247192,0.7768457531929016,-0.1175612211227417,0.583976149559021,0.5279203057289124,-0.054457422345876694,0.5625202655792236,0.5361950397491455,-0.09515003859996796,0.5367217063903809,0.5562661290168762,-0.12104889750480652,0.5130181312561035,0.5837492346763611,-0.13652482628822327,0.6366327404975891,0.5241112112998962,-0.06239721551537514,0.5769398212432861,0.6706143021583557,-0.1075955182313919,0.5617702603340149,0.7635326981544495,-0.11987432837486267,0.5633073449134827,0.806879460811615,-0.1217944547533989,0.6842687129974365,0.5667451024055481,-0.07372356951236725,0.6264089345932007,0.7089095711708069,-0.11181128025054932,0.6120002865791321,0.769912600517273,-0.10593415796756744,0.6107068657875061,0.7854503393173218,-0.09506895393133163,0.723487138748169,0.6252713203430176,-0.08839854598045349,0.6759580969810486,0.7284400463104248,-0.11665564775466919,0.6606625318527222,0.7665174603462219,-0.1114947572350502,0.6579498052597046,0.7685756087303162,-0.1009274274110794,0.0,0.0,0.0,0.0,0.0,0.0,0.0,0.0,0.0,0.0,0.0,0.0,0.0,0.0,0.0,0.0,0.0,0.0,0.0,0.0,0.0,0.0,0.0,0.0,0.0,0.0,0.0,0.0,0.0,0.0,0.0,0.0,0.0,0.0,0.0,0.0,0.0,0.0,0.0,0.0,0.0,0.0,0.0,0.0,0.0,0.0,0.0,0.0,0.0,0.0,0.0,0.0,0.0,0.0,0.0,0.0,0.0,0.0,0.0,0.0,0.0,0.0,0.0,he
0.678939938545227,0.7080602049827576,-4.880085384684207e-07,0.6178600788116455,0.6794179677963257,-0.023022843524813652,0.5640662908554077,0.6635355949401855,-0.04637506604194641,0.524074375629425,0.6939697861671448,-0.07088499516248703,0.49098044633865356,0.7385169863700867,-0.09531385451555252,0.5844858884811401,0.5122141242027283,-0.04026426747441292,0.5626892447471619,0.5084791779518127,-0.07088973373174667,0.536017656326294,0.5295670032501221,-0.08988558501005173,0.5130687952041626,0.5600277781486511,-0.10176312178373337,0.6334027051925659,0.5076286792755127,-0.047583602368831635,0.5742207765579224,0.6485181450843811,-0.08407546579837799,0.5589532256126404,0.7375785112380981,-0.09590291976928711,0.5618574023246765,0.7792776823043823,-0.09961550682783127,0.680157482624054,0.5473729968070984,-0.05755823478102684,0.6233121156692505,0.6830444931983948,-0.08935164660215378,0.6091330647468567,0.7409836053848267,-0.08823603391647339,0.6089702248573303,0.7585761547088623,-0.08268370479345322,0.720768392086029,0.6006597876548767,-0.07000322639942169,0.6791894435882568,0.6933683753013611,-0.09299182891845703,0.667544960975647,0.7271692156791687,-0.09038365632295609,0.6690899133682251,0.7300851345062256,-0.08341588824987411,0.0,0.0,0.0,0.0,0.0,0.0,0.0,0.0,0.0,0.0,0.0,0.0,0.0,0.0,0.0,0.0,0.0,0.0,0.0,0.0,0.0,0.0,0.0,0.0,0.0,0.0,0.0,0.0,0.0,0.0,0.0,0.0,0.0,0.0,0.0,0.0,0.0,0.0,0.0,0.0,0.0,0.0,0.0,0.0,0.0,0.0,0.0,0.0,0.0,0.0,0.0,0.0,0.0,0.0,0.0,0.0,0.0,0.0,0.0,0.0,0.0,0.0,0.0,he
0.7029102444648743,0.6752615571022034,-3.911916621746059e-07,0.617848813533783,0.655336856842041,-0.009125490672886372,0.5502126812934875,0.6137293577194214,-0.025377873331308365,0.49748560786247253,0.5931353569030762,-0.043904855847358704,0.44611626863479614,0.5924818515777588,-0.06373937427997589,0.6036112308502197,0.46417587995529175,-0.015656614676117897,0.5443603992462158,0.4594866633415222,-0.0420544259250164,0.5004984140396118,0.4730127155780792,-0.0671517550945282,0.4727436304092407,0.4900909960269928,-0.08355946838855743,0.6382189989089966,0.4714970886707306,-0.025660034269094467,0.567337155342102,0.49506813287734985,-0.04121098294854164,0.5350105166435242,0.5378519296646118,-0.05000545084476471,0.5238979458808899,0.5661982297897339,-0.058482274413108826,0.6689818501472473,0.5039041042327881,-0.03804362565279007,0.6000445485115051,0.5341073274612427,-0.05221591889858246,0.5771201252937317,0.5816982388496399,-0.045425791293382645,0.5732703804969788,0.6155757308006287,-0.041855018585920334,0.6943438053131104,0.5513613224029541,-0.05233847349882126,0.6394679546356201,0.5685442686080933,-0.06268485635519028,0.619353711605072,0.605209231376648,-0.05392058566212654,0.6148293018341064,0.6351690888404846,-0.046385589987039566,0.0,0.0,0.0,0.0,0.0,0.0,0.0,0.0,0.0,0.0,0.0,0.0,0.0,0.0,0.0,0.0,0.0,0.0,0.0,0.0,0.0,0.0,0.0,0.0,0.0,0.0,0.0,0.0,0.0,0.0,0.0,0.0,0.0,0.0,0.0,0.0,0.0,0.0,0.0,0.0,0.0,0.0,0.0,0.0,0.0,0.0,0.0,0.0,0.0,0.0,0.0,0.0,0.0,0.0,0.0,0.0,0.0,0.0,0.0,0.0,0.0,0.0,0.0,he
0.6797475814819336,0.5542325377464294,4.240558126866745e-08,0.6216413378715515,0.5511796474456787,-0.009532654657959938,0.564721941947937,0.5121604800224304,-0.02248281240463257,0.5201576352119446,0.48687639832496643,-0.035676948726177216,0.47890353202819824,0.4772057831287384,-0.05006285011768341,0.6026683449745178,0.4033425748348236,-0.029922373592853546,0.5439924001693726,0.3760199248790741,-0.059290237724781036,0.49048253893852234,0.3583123981952667,-0.08407153189182281,0.4460473358631134,0.34808945655822754,-0.10211145132780075,0.6120168566703796,0.4042871594429016,-0.040946248918771744,0.5466907024383545,0.37863826751708984,-0.06871529668569565,0.491462379693985,0.3615943193435669,-0.0903540775179863,0.4458294212818146,0.35212430357933044,-0.10674609988927841,0.619501531124115,0.42278507351875305,-0.05264374613761902,0.5559070110321045,0.3945099115371704,-0.07727491855621338,0.5035057067871094,0.3789815604686737,-0.09038984030485153,0.4597929120063782,0.3698188364505768,-0.09915824234485626,0.6234629154205322,0.45838144421577454,-0.06494592875242233,0.5792483687400818,0.43029162287712097,-0.08943251520395279,0.5394355058670044,0.4121477007865906,-0.10123594105243683,0.5029476881027222,0.3979461193084717,-0.10832244902849197,0.7214016914367676,0.6111252307891846,2.7444363226436508e-08,0.6225337386131287,0.5591371655464172,0.005183909088373184,0.5562683343887329,0.5120201706886292,-0.005950062535703182,0.502761721611023,0.4924527406692505,-0.022191841155290604,0.4561828672885895,0.48762062191963196,-0.04038514196872711,0.6080763936042786,0.41404181718826294,-0.0002694112481549382,0.5474578738212585,0.3966277539730072,-0.02570885792374611,0.5001208186149597,0.3799712061882019,-0.05278705805540085,0.45930153131484985,0.36999940872192383,-0.07216139882802963,0.6250765323638916,0.4183861017227173,-0.01745752990245819,0.5568321943283081,0.3947770595550537,-0.036116622388362885,0.5036957859992981,0.37745678424835205,-0.05517617240548134,0.45944109559059143,0.36645078659057617,-0.07143522053956985,0.6401975154876709,0.4418300986289978,-0.035969555377960205,0.5766445994377136,0.41599613428115845,-0.052889660000801086,0.5259560346603394,0.3968391418457031,-0.06090715527534485,0.4824584126472473,0.38431715965270996,-0.06767582148313522,0.6515705585479736,0.4846338629722595,-0.05441543087363243,0.6122414469718933,0.45545992255210876,-0.06641101837158203,0.5790666341781616,0.4378916621208191,-0.0674513429403305,0.5468310713768005,0.4237966537475586,-0.06880073249340057,he
0.7154098749160767,0.5413490533828735,3.7418729448290833e-07,0.6109168529510498,0.49785295128822327,0.02068351022899151,0.5553310513496399,0.45220276713371277,0.013285430148243904,0.508215069770813,0.4344082176685333,-0.002531214151531458,0.46233639121055603,0.43175050616264343,-0.02248123660683632,0.5919167399406433,0.3682965934276581,-0.007146268151700497,0.5499846339225769,0.30980825424194336,-0.034746989607810974,0.5116989612579346,0.26790598034858704,-0.05934735760092735,0.4721132218837738,0.23440861701965332,-0.07877517491579056,0.6088401675224304,0.3707483112812042,-0.037371061742305756,0.5651912093162537,0.3016917109489441,-0.06549685448408127,0.5158057808876038,0.2576952576637268,-0.08715307712554932,0.4696235954761505,0.2246418297290802,-0.10502409934997559,0.6234673261642456,0.3930380940437317,-0.0664026290178299,0.5816717743873596,0.3228533864021301,-0.09376735240221024,0.5403533577919006,0.27952122688293457,-0.10841406136751175,0.5008100271224976,0.2425449788570404,-0.12094626575708389,0.6319444179534912,0.4354093372821808,-0.09300735592842102,0.6166187524795532,0.3869832456111908,-0.11809927970170975,0.596042275428772,0.35067495703697205,-0.12866927683353424,0.5730888247489929,0.3157203197479248,-0.13820701837539673,0.0,0.0,0.0,0.0,0.0,0.0,0.0,0.0,0.0,0.0,0.0,0.0,0.0,0.0,0.0,0.0,0.0,0.0,0.0,0.0,0.0,0.0,0.0,0.0,0.0,0.0,0.0,0.0,0.0,0.0,0.0,0.0,0.0,0.0,0.0,0.0,0.0,0.0,0.0,0.0,0.0,0.0,0.0,0.0,0.0,0.0,0.0,0.0,0.0,0.0,0.0,0.0,0.0,0.0,0.0,0.0,0.0,0.0,0.0,0.0,0.0,0.0,0.0,he
0.6965072751045227,0.4944141209125519,4.0597871020509047e-07,0.6069387197494507,0.4738256335258484,0.006655146833509207,0.5517035126686096,0.4317479133605957,-0.0007384478813037276,0.5054548978805542,0.42035120725631714,-0.014587794430553913,0.46135762333869934,0.42642223834991455,-0.030626291409134865,0.5804191827774048,0.31999099254608154,0.005628505256026983,0.5309023857116699,0.2594091594219208,-0.014849734492599964,0.49042651057243347,0.21744921803474426,-0.03454485908150673,0.4504776895046234,0.18136778473854065,-0.04935523122549057,0.5934107303619385,0.31227773427963257,-0.014089774340391159,0.5347644686698914,0.24596889317035675,-0.03415430337190628,0.4875953793525696,0.2004774659872055,-0.05229244753718376,0.4445783495903015,0.15958771109580994,-0.06645721197128296,0.6024198532104492,0.3226090669631958,-0.03504035994410515,0.5460925698280334,0.2529121935367584,-0.054253898561000824,0.4996350109577179,0.2075190544128418,-0.06637446582317352,0.4588693082332611,0.17059695720672607,-0.07469972223043442,0.6035932302474976,0.34834495186805725,-0.05589429661631584,0.5645663738250732,0.28375816345214844,-0.06969939172267914,0.5312893986701965,0.2436484694480896,-0.0749582052230835,0.5007063746452332,0.2107502818107605,-0.07943715155124664,0.0,0.0,0.0,0.0,0.0,0.0,0.0,0.0,0.0,0.0,0.0,0.0,0.0,0.0,0.0,0.0,0.0,0.0,0.0,0.0,0.0,0.0,0.0,0.0,0.0,0.0,0.0,0.0,0.0,0.0,0.0,0.0,0.0,0.0,0.0,0.0,0.0,0.0,0.0,0.0,0.0,0.0,0.0,0.0,0.0,0.0,0.0,0.0,0.0,0.0,0.0,0.0,0.0,0.0,0.0,0.0,0.0,0.0,0.0,0.0,0.0,0.0,0.0,he
0.6872197985649109,0.479630708694458,2.6835022026716615e-07,0.6044632792472839,0.46785372495651245,0.01778673566877842,0.5479010939598083,0.42590880393981934,0.016080811619758606,0.5018267035484314,0.4189079701900482,0.006441086530685425,0.4626106321811676,0.42541858553886414,-0.006249543279409409,0.5714330673217773,0.30730748176574707,0.011632668785750866,0.5214335918426514,0.24799184501171112,-0.0036344993859529495,0.48493069410324097,0.2073228806257248,-0.01886168122291565,0.45030859112739563,0.17041732370853424,-0.030996501445770264,0.5842369794845581,0.2984811067581177,-0.013091132044792175,0.5230934023857117,0.2303066849708557,-0.02765510603785515,0.47918900847435,0.17854705452919006,-0.041329581290483475,0.4398154616355896,0.13344025611877441,-0.05319361016154289,0.5930077433586121,0.31132441759109497,-0.03803719952702522,0.5312166213989258,0.24503973126411438,-0.053124211728572845,0.48701199889183044,0.19907815754413605,-0.06286124140024185,0.44829970598220825,0.1604757010936737,-0.07093463093042374,0.591934859752655,0.340192049741745,-0.06184737756848335,0.5489922165870667,0.28457140922546387,-0.07432164996862411,0.5182434320449829,0.24509142339229584,-0.07902520895004272,0.49021732807159424,0.21169759333133698,-0.08411802351474762,0.0,0.0,0.0,0.0,0.0,0.0,0.0,0.0,0.0,0.0,0.0,0.0,0.0,0.0,0.0,0.0,0.0,0.0,0.0,0.0,0.0,0.0,0.0,0.0,0.0,0.0,0.0,0.0,0.0,0.0,0.0,0.0,0.0,0.0,0.0,0.0,0.0,0.0,0.0,0.0,0.0,0.0,0.0,0.0,0.0,0.0,0.0,0.0,0.0,0.0,0.0,0.0,0.0,0.0,0.0,0.0,0.0,0.0,0.0,0.0,0.0,0.0,0.0,he
0.6773474812507629,0.4764283299446106,1.080005063158751e-07,0.6016643047332764,0.46177512407302856,0.013246767222881317,0.5456153154373169,0.41535478830337524,0.013503672555088997,0.5002257227897644,0.4002474546432495,0.006530859041959047,0.46123769879341125,0.4000478684902191,-0.002014534082263708,0.5741567015647888,0.29497113823890686,0.019560612738132477,0.5213659405708313,0.2383650690317154,0.008788825012743473,0.4848025441169739,0.1996694654226303,-0.003039443166926503,0.4523863196372986,0.16490371525287628,-0.0132474759593606,0.5858057737350464,0.28235968947410583,-0.001833879854530096,0.5227041840553284,0.22306421399116516,-0.01409593503922224,0.47976094484329224,0.18008403480052948,-0.02625052072107792,0.44151321053504944,0.14052793383598328,-0.036373745650053024,0.5924927592277527,0.2890018820762634,-0.024681512266397476,0.5297102332115173,0.22613438963890076,-0.038175299763679504,0.4868912100791931,0.18476518988609314,-0.0458420105278492,0.44937366247177124,0.14776571094989777,-0.051706764847040176,0.5893688797950745,0.31140121817588806,-0.04732426255941391,0.5414568185806274,0.251745343208313,-0.05878302827477455,0.508319616317749,0.21462848782539368,-0.06294386833906174,0.4771464467048645,0.18305835127830505,-0.06683497875928879,0.0,0.0,0.0,0.0,0.0,0.0,0.0,0.0,0.0,0.0,0.0,0.0,0.0,0.0,0.0,0.0,0.0,0.0,0.0,0.0,0.0,0.0,0.0,0.0,0.0,0.0,0.0,0.0,0.0,0.0,0.0,0.0,0.0,0.0,0.0,0.0,0.0,0.0,0.0,0.0,0.0,0.0,0.0,0.0,0.0,0.0,0.0,0.0,0.0,0.0,0.0,0.0,0.0,0.0,0.0,0.0,0.0,0.0,0.0,0.0,0.0,0.0,0.0,he
0.6723713278770447,0.4753895699977875,-1.004189371656139e-07,0.5917064547538757,0.46062028408050537,0.014494083821773529,0.5430601239204407,0.4155903160572052,0.014873563311994076,0.4989958703517914,0.39612889289855957,0.0083523690700531,0.45804864168167114,0.38871297240257263,0.00032580786501057446,0.5837877988815308,0.2856297791004181,0.024579934775829315,0.5236319899559021,0.24509404599666595,0.018258962780237198,0.48166683316230774,0.2193315625190735,0.008035087026655674,0.44187507033348083,0.19774557650089264,-0.0017007559072226286,0.5940845012664795,0.27692747116088867,0.005109610967338085,0.5207249522209167,0.23444423079490662,-0.003064211457967758,0.473349392414093,0.20891480147838593,-0.014509524218738079,0.4298693537712097,0.18967492878437042,-0.02511497214436531,0.5951324105262756,0.28865280747413635,-0.015446619130671024,0.5246834754943848,0.24027806520462036,-0.02577279321849346,0.47738343477249146,0.21260614693164825,-0.032643623650074005,0.43573305010795593,0.19233852624893188,-0.03859570622444153,0.5825661420822144,0.31455084681510925,-0.03551804646849632,0.5308431386947632,0.2640710175037384,-0.04385366290807724,0.4959679841995239,0.23491723835468292,-0.04661298170685768,0.4632605314254761,0.21318946778774261,-0.04972619190812111,0.0,0.0,0.0,0.0,0.0,0.0,0.0,0.0,0.0,0.0,0.0,0.0,0.0,0.0,0.0,0.0,0.0,0.0,0.0,0.0,0.0,0.0,0.0,0.0,0.0,0.0,0.0,0.0,0.0,0.0,0.0,0.0,0.0,0.0,0.0,0.0,0.0,0.0,0.0,0.0,0.0,0.0,0.0,0.0,0.0,0.0,0.0,0.0,0.0,0.0,0.0,0.0,0.0,0.0,0.0,0.0,0.0,0.0,0.0,0.0,0.0,0.0,0.0,he
0.6677538156509399,0.49940225481987,-5.759110308645177e-07,0.5929316282272339,0.4799703061580658,0.014076155610382557,0.5468394756317139,0.42832642793655396,0.009240754880011082,0.5043224692344666,0.40165087580680847,-0.0024477080442011356,0.46214181184768677,0.3928562104701996,-0.01541310828179121,0.6042720079421997,0.29787757992744446,0.007177357561886311,0.5212440490722656,0.26526957750320435,-0.011967833153903484,0.47035977244377136,0.2873675227165222,-0.029474839568138123,0.4406214654445648,0.3204609751701355,-0.03915813937783241,0.613262414932251,0.29355570673942566,-0.01142864115536213,0.5138817429542542,0.2603960335254669,-0.02501479722559452,0.458702027797699,0.287929892539978,-0.037872880697250366,0.42651328444480896,0.32265475392341614,-0.04807474836707115,0.6116451025009155,0.31091487407684326,-0.030223751440644264,0.5174580812454224,0.26014280319213867,-0.044287730008363724,0.4648878276348114,0.286165326833725,-0.04880628362298012,0.43403327465057373,0.31947675347328186,-0.05153316631913185,0.5958918333053589,0.34539443254470825,-0.04769698157906532,0.5227090716362,0.29346200823783875,-0.059517815709114075,0.4821997284889221,0.2995380461215973,-0.05949348211288452,0.45611587166786194,0.32041919231414795,-0.05828624963760376,0.0,0.0,0.0,0.0,0.0,0.0,0.0,0.0,0.0,0.0,0.0,0.0,0.0,0.0,0.0,0.0,0.0,0.0,0.0,0.0,0.0,0.0,0.0,0.0,0.0,0.0,0.0,0.0,0.0,0.0,0.0,0.0,0.0,0.0,0.0,0.0,0.0,0.0,0.0,0.0,0.0,0.0,0.0,0.0,0.0,0.0,0.0,0.0,0.0,0.0,0.0,0.0,0.0,0.0,0.0,0.0,0.0,0.0,0.0,0.0,0.0,0.0,0.0,he
0.6712279915809631,0.49775612354278564,-5.910633831263112e-07,0.5943707227706909,0.48177284002304077,0.013193095102906227,0.5483417510986328,0.43022486567497253,0.00822862982749939,0.5044730305671692,0.40642574429512024,-0.0034848067443817854,0.4623910188674927,0.39537540078163147,-0.01676219142973423,0.6047686338424683,0.2962382137775421,0.007006595842540264,0.5224640965461731,0.26533791422843933,-0.013421345502138138,0.47148555517196655,0.28824713826179504,-0.03234194219112396,0.44138699769973755,0.32120075821876526,-0.04299256205558777,0.6140227913856506,0.29398196935653687,-0.011335152201354504,0.5152482390403748,0.25669869780540466,-0.02724885381758213,0.4612041115760803,0.28788134455680847,-0.04067575931549072,0.4301898181438446,0.32583922147750854,-0.0501231849193573,0.6110672950744629,0.3123043179512024,-0.0299774631857872,0.518875002861023,0.2603627145290375,-0.045289717614650726,0.4672752022743225,0.2879948616027832,-0.04957123473286629,0.43710505962371826,0.3219875693321228,-0.05146404355764389,0.5934596061706543,0.34576985239982605,-0.04744380712509155,0.5226497054100037,0.29516366124153137,-0.05994115024805069,0.482460618019104,0.30182018876075745,-0.05955027416348457,0.4555799961090088,0.3222893178462982,-0.05754757672548294,0.0,0.0,0.0,0.0,0.0,0.0,0.0,0.0,0.0,0.0,0.0,0.0,0.0,0.0,0.0,0.0,0.0,0.0,0.0,0.0,0.0,0.0,0.0,0.0,0.0,0.0,0.0,0.0,0.0,0.0,0.0,0.0,0.0,0.0,0.0,0.0,0.0,0.0,0.0,0.0,0.0,0.0,0.0,0.0,0.0,0.0,0.0,0.0,0.0,0.0,0.0,0.0,0.0,0.0,0.0,0.0,0.0,0.0,0.0,0.0,0.0,0.0,0.0,he
0.6771235466003418,0.5203264951705933,-7.67407868806913e-07,0.5939145684242249,0.49266451597213745,0.019380634650588036,0.5511953830718994,0.4372755289077759,0.017917998135089874,0.5108086466789246,0.40913093090057373,0.006826885510236025,0.47177377343177795,0.39116615056991577,-0.005906105041503906,0.6110087037086487,0.30490460991859436,0.020944971591234207,0.5243977904319763,0.2869186997413635,0.0034095982555299997,0.4859318435192108,0.3344823122024536,-0.014210494235157967,0.473876416683197,0.3826819360256195,-0.024267127737402916,0.6187812089920044,0.30328240990638733,-0.0008631484815850854,0.5149184465408325,0.2785279154777527,-0.014960171654820442,0.4765308201313019,0.33970218896865845,-0.028560945764183998,0.4687846302986145,0.3885583281517029,-0.03792627900838852,0.617325484752655,0.322042852640152,-0.022853199392557144,0.5197322964668274,0.27732473611831665,-0.03858201950788498,0.48017752170562744,0.3337710201740265,-0.04200581833720207,0.4725472927093506,0.38305777311325073,-0.04274265468120575,0.6002697348594666,0.3573440611362457,-0.04323344677686691,0.5238885879516602,0.3123960793018341,-0.05617782846093178,0.49169284105300903,0.34182965755462646,-0.053958646953105927,0.484591007232666,0.3796258270740509,-0.05009959638118744,0.0,0.0,0.0,0.0,0.0,0.0,0.0,0.0,0.0,0.0,0.0,0.0,0.0,0.0,0.0,0.0,0.0,0.0,0.0,0.0,0.0,0.0,0.0,0.0,0.0,0.0,0.0,0.0,0.0,0.0,0.0,0.0,0.0,0.0,0.0,0.0,0.0,0.0,0.0,0.0,0.0,0.0,0.0,0.0,0.0,0.0,0.0,0.0,0.0,0.0,0.0,0.0,0.0,0.0,0.0,0.0,0.0,0.0,0.0,0.0,0.0,0.0,0.0,he
0.6552239656448364,0.49930569529533386,-5.018071647100442e-07,0.5990691781044006,0.49524393677711487,0.007433194667100906,0.5472548604011536,0.4465295374393463,0.004418546799570322,0.5049619674682617,0.42025697231292725,-0.003154907375574112,0.46571168303489685,0.40462347865104675,-0.010961798951029778,0.6097496151924133,0.32117271423339844,0.0015100754098966718,0.5304580926895142,0.306145578622818,-0.01350629422813654,0.48764389753341675,0.33998262882232666,-0.02412903681397438,0.4665568470954895,0.3778829276561737,-0.02981083281338215,0.6186175346374512,0.3149304687976837,-0.013797791674733162,0.5247290134429932,0.2906155288219452,-0.02846439741551876,0.482011079788208,0.3353882431983948,-0.03505443036556244,0.4656512141227722,0.38129130005836487,-0.03760751709342003,0.6156843900680542,0.328451007604599,-0.029603300616145134,0.5224809646606445,0.29475122690200806,-0.04419916123151779,0.4839749038219452,0.33879631757736206,-0.04379510134458542,0.47053349018096924,0.38110753893852234,-0.04110948368906975,0.6022766828536987,0.3589339256286621,-0.04499242082238197,0.5349923968315125,0.32366684079170227,-0.0616753064095974,0.5001376867294312,0.33951690793037415,-0.06309778988361359,0.4858367145061493,0.3645241856575012,-0.0606619268655777,0.6852224469184875,0.5282431840896606,-7.605650012010301e-07,0.5959663987159729,0.49928781390190125,0.02604554407298565,0.5505393743515015,0.446230411529541,0.025914266705513,0.5089272260665894,0.42146047949790955,0.014406245201826096,0.4722999334335327,0.4008570611476898,0.00055447913473472,0.6153026223182678,0.30795982480049133,0.027445757761597633,0.5270528197288513,0.29201874136924744,0.01061415858566761,0.4860566258430481,0.3363114595413208,-0.00787702202796936,0.46698296070098877,0.38149940967559814,-0.01904112473130226,0.6237262487411499,0.30668625235557556,0.0012052269885316491,0.5159907937049866,0.28543782234191895,-0.011705935001373291,0.4751521646976471,0.343525230884552,-0.02515088953077793,0.4634580612182617,0.39213699102401733,-0.0352933444082737,0.6223435997962952,0.32698529958724976,-0.025044282898306847,0.5214670896530151,0.28837576508522034,-0.038235854357481,0.48179563879966736,0.34448662400245667,-0.04045146331191063,0.4716135263442993,0.3923736810684204,-0.04181431606411934,0.6065288186073303,0.3637048006057739,-0.049466926604509354,0.5281963348388672,0.3220248520374298,-0.060350071638822556,0.49452272057533264,0.3547767996788025,-0.056822288781404495,0.4830322861671448,0.3937051296234131,-0.053018901497125626,he
0.6909491419792175,0.5392557382583618,-7.418377663270803e-07,0.6028732657432556,0.5097371935844421,0.017239969223737717,0.5515845417976379,0.44891610741615295,0.013151053339242935,0.5071815848350525,0.42076563835144043,-0.0005948604666627944,0.4678838551044464,0.4015263319015503,-0.015449379570782185,0.6160386800765991,0.30816808342933655,0.017391767352819443,0.5289186239242554,0.29397937655448914,-0.005715219769626856,0.48516398668289185,0.3336813747882843,-0.027640627697110176,0.4611589014530182,0.3751450479030609,-0.04067283496260643,0.6288641095161438,0.3084622323513031,-0.006413075607270002,0.5189401507377625,0.2894458770751953,-0.02659652754664421,0.47479698061943054,0.3453734517097473,-0.042328476905822754,0.45780616998672485,0.3926158845424652,-0.052507899701595306,0.631956160068512,0.33083537220954895,-0.031218422576785088,0.5285150408744812,0.2974129021167755,-0.05060383304953575,0.4846155643463135,0.3498130440711975,-0.05382924526929855,0.4680565297603607,0.3944747745990753,-0.05390232801437378,0.6210024952888489,0.37025079131126404,-0.05498216301202774,0.5431661605834961,0.3337489366531372,-0.07077564299106598,0.5043714046478271,0.3574755787849426,-0.07048103958368301,0.4853549599647522,0.38788899779319763,-0.06778094172477722,0.0,0.0,0.0,0.0,0.0,0.0,0.0,0.0,0.0,0.0,0.0,0.0,0.0,0.0,0.0,0.0,0.0,0.0,0.0,0.0,0.0,0.0,0.0,0.0,0.0,0.0,0.0,0.0,0.0,0.0,0.0,0.0,0.0,0.0,0.0,0.0,0.0,0.0,0.0,0.0,0.0,0.0,0.0,0.0,0.0,0.0,0.0,0.0,0.0,0.0,0.0,0.0,0.0,0.0,0.0,0.0,0.0,0.0,0.0,0.0,0.0,0.0,0.0,he
0.6927655339241028,0.5442969799041748,-7.443063054779486e-07,0.6055464148521423,0.5115543603897095,0.01650163345038891,0.5546318292617798,0.44866108894348145,0.012113850563764572,0.5098722577095032,0.420031875371933,-0.0014427101705223322,0.470685750246048,0.4052402973175049,-0.016422143206000328,0.6178343296051025,0.30786311626434326,0.014262959361076355,0.5289820432662964,0.2954868674278259,-0.008841251954436302,0.4848216474056244,0.33672064542770386,-0.03085952065885067,0.4600306749343872,0.37771517038345337,-0.044022783637046814,0.6303324103355408,0.30926698446273804,-0.008605592884123325,0.5182634592056274,0.29136908054351807,-0.029158659279346466,0.4740038812160492,0.34753167629241943,-0.04548605531454086,0.4561281204223633,0.39402782917022705,-0.056109897792339325,0.6338768601417542,0.33332306146621704,-0.032054007053375244,0.529842734336853,0.29934245347976685,-0.05162416771054268,0.4848317503929138,0.3499959707260132,-0.0556417815387249,0.4661426544189453,0.39370325207710266,-0.05609388276934624,0.623214840888977,0.3739587664604187,-0.05431707575917244,0.544826865196228,0.33634740114212036,-0.06990258395671844,0.5051051378250122,0.35753095149993896,-0.06978112459182739,0.484119713306427,0.38622498512268066,-0.06711143255233765,0.0,0.0,0.0,0.0,0.0,0.0,0.0,0.0,0.0,0.0,0.0,0.0,0.0,0.0,0.0,0.0,0.0,0.0,0.0,0.0,0.0,0.0,0.0,0.0,0.0,0.0,0.0,0.0,0.0,0.0,0.0,0.0,0.0,0.0,0.0,0.0,0.0,0.0,0.0,0.0,0.0,0.0,0.0,0.0,0.0,0.0,0.0,0.0,0.0,0.0,0.0,0.0,0.0,0.0,0.0,0.0,0.0,0.0,0.0,0.0,0.0,0.0,0.0,he
0.6849396228790283,0.566379964351654,-7.469559477613075e-07,0.6180904507637024,0.5300676822662354,0.0014632773818448186,0.55699622631073,0.4613272249698639,-0.005944940727204084,0.512458860874176,0.42244118452072144,-0.019558552652597427,0.46959686279296875,0.395724356174469,-0.032791607081890106,0.6134414672851562,0.3171612024307251,0.0068861194886267185,0.540017306804657,0.2917901873588562,-0.022621965035796165,0.4945600926876068,0.3086780309677124,-0.047869082540273666,0.4648224711418152,0.3312495946884155,-0.06262698024511337,0.6371995210647583,0.318847119808197,-0.009784325957298279,0.5419754385948181,0.30730289220809937,-0.03903740271925926,0.5182763934135437,0.3742542564868927,-0.052918143570423126,0.519510805606842,0.41826748847961426,-0.05815380439162254,0.6539278030395508,0.34231096506118774,-0.02946190908551216,0.5591506958007812,0.3307519555091858,-0.05787356197834015,0.546815812587738,0.40208011865615845,-0.053038980811834335,0.558283805847168,0.44611960649490356,-0.043532099574804306,0.6613684892654419,0.38167211413383484,-0.0500263050198555,0.5893380641937256,0.3580511212348938,-0.07307497411966324,0.5657266974449158,0.39506107568740845,-0.06939536333084106,0.5636926889419556,0.4256627559661865,-0.061073582619428635,0.0,0.0,0.0,0.0,0.0,0.0,0.0,0.0,0.0,0.0,0.0,0.0,0.0,0.0,0.0,0.0,0.0,0.0,0.0,0.0,0.0,0.0,0.0,0.0,0.0,0.0,0.0,0.0,0.0,0.0,0.0,0.0,0.0,0.0,0.0,0.0,0.0,0.0,0.0,0.0,0.0,0.0,0.0,0.0,0.0,0.0,0.0,0.0,0.0,0.0,0.0,0.0,0.0,0.0,0.0,0.0,0.0,0.0,0.0,0.0,0.0,0.0,0.0,he
0.6849545240402222,0.5968851447105408,-8.905431059247348e-07,0.6187340021133423,0.5646649599075317,-0.005041430238634348,0.5642411708831787,0.4944685995578766,-0.011944111436605453,0.5350549817085266,0.43603482842445374,-0.021926578134298325,0.5195319056510925,0.39441174268722534,-0.0318114347755909,0.5913675427436829,0.3531830608844757,-0.010397256352007389,0.554460883140564,0.322391539812088,-0.0395735427737236,0.5183573365211487,0.32273244857788086,-0.060974471271038055,0.487997829914093,0.3343806862831116,-0.07241463661193848,0.6299583911895752,0.3487861752510071,-0.021210016682744026,0.5702136158943176,0.4018281102180481,-0.050380587577819824,0.5592131614685059,0.4845179319381714,-0.05665697902441025,0.567275881767273,0.5395769476890564,-0.0555010661482811,0.6659241318702698,0.3791545629501343,-0.03480050340294838,0.6045423746109009,0.4421020448207855,-0.06458842754364014,0.5981616377830505,0.5172531604766846,-0.057436879724264145,0.6074114441871643,0.5649800300598145,-0.04627494141459465,0.6954337358474731,0.42712974548339844,-0.0495966300368309,0.6443167328834534,0.47227343916893005,-0.07152869552373886,0.6273185610771179,0.5320082902908325,-0.0655575543642044,0.6262078881263733,0.5735498070716858,-0.055483702570199966,0.0,0.0,0.0,0.0,0.0,0.0,0.0,0.0,0.0,0.0,0.0,0.0,0.0,0.0,0.0,0.0,0.0,0.0,0.0,0.0,0.0,0.0,0.0,0.0,0.0,0.0,0.0,0.0,0.0,0.0,0.0,0.0,0.0,0.0,0.0,0.0,0.0,0.0,0.0,0.0,0.0,0.0,0.0,0.0,0.0,0.0,0.0,0.0,0.0,0.0,0.0,0.0,0.0,0.0,0.0,0.0,0.0,0.0,0.0,0.0,0.0,0.0,0.0,he
0.6899462342262268,0.6250887513160706,-8.032530445234443e-07,0.6136600375175476,0.5795221328735352,-0.01646965555846691,0.5549399852752686,0.49925345182418823,-0.027110710740089417,0.522459089756012,0.4293048083782196,-0.03860771283507347,0.4943913221359253,0.37308958172798157,-0.049395851790905,0.5898839831352234,0.3783586919307709,-0.019342346116900444,0.5532156229019165,0.3687209486961365,-0.05154857784509659,0.5242553949356079,0.3696741461753845,-0.07368139177560806,0.5017090439796448,0.3747022747993469,-0.08664534986019135,0.6321921348571777,0.37883228063583374,-0.027088260278105736,0.5747643709182739,0.4556727409362793,-0.06212063506245613,0.5595570206642151,0.5351795554161072,-0.071135975420475,0.5614385604858398,0.5785149931907654,-0.07205374538898468,0.6712563037872314,0.41445839405059814,-0.03885580226778984,0.6130252480506897,0.49656301736831665,-0.07315122336149216,0.6007144451141357,0.5637258291244507,-0.06756055355072021,0.6054508686065674,0.5920118093490601,-0.05768152326345444,0.7061253786087036,0.46749916672706604,-0.0527411513030529,0.653342604637146,0.5326582193374634,-0.07817930728197098,0.6356000900268555,0.5843969583511353,-0.07451571524143219,0.6364202499389648,0.6079278588294983,-0.06595128029584885,0.0,0.0,0.0,0.0,0.0,0.0,0.0,0.0,0.0,0.0,0.0,0.0,0.0,0.0,0.0,0.0,0.0,0.0,0.0,0.0,0.0,0.0,0.0,0.0,0.0,0.0,0.0,0.0,0.0,0.0,0.0,0.0,0.0,0.0,0.0,0.0,0.0,0.0,0.0,0.0,0.0,0.0,0.0,0.0,0.0,0.0,0.0,0.0,0.0,0.0,0.0,0.0,0.0,0.0,0.0,0.0,0.0,0.0,0.0,0.0,0.0,0.0,0.0,he
0.7057390213012695,0.6768477559089661,-7.431452786477166e-07,0.6346089839935303,0.6326818466186523,-0.013817650265991688,0.5795281529426575,0.5758184790611267,-0.028799720108509064,0.5411737561225891,0.5431234836578369,-0.0453549288213253,0.5129331946372986,0.5396850109100342,-0.06188619136810303,0.5924529433250427,0.4414588212966919,-0.030455105006694794,0.5541566610336304,0.4417388439178467,-0.060219500213861465,0.5265650153160095,0.4454003870487213,-0.0783134251832962,0.5058152675628662,0.44986575841903687,-0.08980539441108704,0.6359947919845581,0.44724535942077637,-0.04321061447262764,0.5665198564529419,0.575788676738739,-0.08369167149066925,0.5543767809867859,0.6617125272750854,-0.09233508259057999,0.5609642863273621,0.7086247205734253,-0.09025606513023376,0.6778361201286316,0.4962230622768402,-0.058030568063259125,0.6093164086341858,0.6204684972763062,-0.09136655926704407,0.6077064871788025,0.6747345924377441,-0.08416811376810074,0.6205497980117798,0.6884406805038452,-0.0730879083275795,0.712947428226471,0.5612859725952148,-0.07495712488889694,0.6556426882743835,0.653376579284668,-0.10045899450778961,0.6514061689376831,0.6882978081703186,-0.09531046450138092,0.6639909148216248,0.6873513460159302,-0.08465955406427383,0.0,0.0,0.0,0.0,0.0,0.0,0.0,0.0,0.0,0.0,0.0,0.0,0.0,0.0,0.0,0.0,0.0,0.0,0.0,0.0,0.0,0.0,0.0,0.0,0.0,0.0,0.0,0.0,0.0,0.0,0.0,0.0,0.0,0.0,0.0,0.0,0.0,0.0,0.0,0.0,0.0,0.0,0.0,0.0,0.0,0.0,0.0,0.0,0.0,0.0,0.0,0.0,0.0,0.0,0.0,0.0,0.0,0.0,0.0,0.0,0.0,0.0,0.0,he
0.7088284492492676,0.6845964789390564,-6.749483532075828e-07,0.6350116729736328,0.6327669620513916,-0.013262232765555382,0.5803407430648804,0.567454993724823,-0.023952776566147804,0.5426850914955139,0.5199422240257263,-0.03544790297746658,0.5070086121559143,0.49480950832366943,-0.04692137613892555,0.5988795757293701,0.444033145904541,-0.024463454261422157,0.563671350479126,0.45464563369750977,-0.05442500114440918,0.5345726609230042,0.4528818130493164,-0.07385176420211792,0.5100675821304321,0.45611801743507385,-0.08571271598339081,0.6385728120803833,0.45185038447380066,-0.03488703444600105,0.5708023905754089,0.5673441886901855,-0.07317948341369629,0.553932249546051,0.6470416784286499,-0.08330418914556503,0.5537499785423279,0.6968199610710144,-0.08301541954278946,0.6769461631774902,0.49780917167663574,-0.04786678031086922,0.6095010638237,0.6149675846099854,-0.08177930116653442,0.6063430309295654,0.666681170463562,-0.07772939652204514,0.6163740754127502,0.6815595030784607,-0.0682896301150322,0.7118366360664368,0.5595709681510925,-0.06256477534770966,0.6525872945785522,0.651316225528717,-0.08904408663511276,0.6477674245834351,0.6861299872398376,-0.0869511067867279,0.6584210991859436,0.6888117790222168,-0.07852014899253845,0.0,0.0,0.0,0.0,0.0,0.0,0.0,0.0,0.0,0.0,0.0,0.0,0.0,0.0,0.0,0.0,0.0,0.0,0.0,0.0,0.0,0.0,0.0,0.0,0.0,0.0,0.0,0.0,0.0,0.0,0.0,0.0,0.0,0.0,0.0,0.0,0.0,0.0,0.0,0.0,0.0,0.0,0.0,0.0,0.0,0.0,0.0,0.0,0.0,0.0,0.0,0.0,0.0,0.0,0.0,0.0,0.0,0.0,0.0,0.0,0.0,0.0,0.0,he
0.7008346319198608,0.7026886343955994,-3.809520308095671e-07,0.6246328949928284,0.6737868785858154,-0.030110539868474007,0.5662769079208374,0.6648573875427246,-0.06261859834194183,0.526250958442688,0.7135858535766602,-0.09574604779481888,0.49499356746673584,0.7651098370552063,-0.13039244711399078,0.5902862548828125,0.49462947249412537,-0.058425698429346085,0.5641171932220459,0.5052037835121155,-0.09984651207923889,0.5486798286437988,0.5223804116249084,-0.12505312263965607,0.5365069508552551,0.5389255285263062,-0.14142805337905884,0.6469399929046631,0.4974804222583771,-0.07018297910690308,0.5755189061164856,0.6472097635269165,-0.12136993557214737,0.5615556240081787,0.7514297962188721,-0.13622646033763885,0.565517783164978,0.7992053031921387,-0.1387351155281067,0.6971553564071655,0.5500930547714233,-0.08505596220493317,0.6245853900909424,0.7039325833320618,-0.12878373265266418,0.6134238243103027,0.7692741751670837,-0.12531353533267975,0.6158695816993713,0.7778528928756714,-0.11549671739339828,0.7367708683013916,0.6219882369041443,-0.10283682495355606,0.6741824150085449,0.7339863181114197,-0.13594000041484833,0.6524899005889893,0.7786605358123779,-0.1312863975763321,0.6476626396179199,0.7797951698303223,-0.12073476612567902,0.0,0.0,0.0,0.0,0.0,0.0,0.0,0.0,0.0,0.0,0.0,0.0,0.0,0.0,0.0,0.0,0.0,0.0,0.0,0.0,0.0,0.0,0.0,0.0,0.0,0.0,0.0,0.0,0.0,0.0,0.0,0.0,0.0,0.0,0.0,0.0,0.0,0.0,0.0,0.0,0.0,0.0,0.0,0.0,0.0,0.0,0.0,0.0,0.0,0.0,0.0,0.0,0.0,0.0,0.0,0.0,0.0,0.0,0.0,0.0,0.0,0.0,0.0,he
0.7114429473876953,0.7144806385040283,-4.4042670310773246e-07,0.6315627098083496,0.6830896735191345,-0.022138547152280807,0.5707195401191711,0.6674100756645203,-0.04846567660570145,0.5246495604515076,0.7078266739845276,-0.07632958143949509,0.4889800548553467,0.7587544322013855,-0.10579821467399597,0.5963528752326965,0.5000454783439636,-0.04433145001530647,0.5688270330429077,0.509774386882782,-0.08203125,0.5439427495002747,0.5178043246269226,-0.10650807619094849,0.5223673582077026,0.5229848027229309,-0.12334015965461731,0.6470890641212463,0.5046276450157166,-0.05752682313323021,0.570252537727356,0.6432622075080872,-0.10275115817785263,0.5546908974647522,0.7435322999954224,-0.11517051607370377,0.5592846870422363,0.7836214900016785,-0.11713387072086334,0.6926571130752563,0.5552312135696411,-0.07378657162189484,0.6190201640129089,0.698608934879303,-0.11427494883537292,0.6069098114967346,0.7623416185379028,-0.11112885922193527,0.609808623790741,0.7683762907981873,-0.10185811668634415,0.7298979759216309,0.6219297647476196,-0.09232121706008911,0.6678548455238342,0.7289350628852844,-0.12170048803091049,0.6473038196563721,0.7731126546859741,-0.11764968931674957,0.6422470808029175,0.7749813795089722,-0.10844700038433075,0.0,0.0,0.0,0.0,0.0,0.0,0.0,0.0,0.0,0.0,0.0,0.0,0.0,0.0,0.0,0.0,0.0,0.0,0.0,0.0,0.0,0.0,0.0,0.0,0.0,0.0,0.0,0.0,0.0,0.0,0.0,0.0,0.0,0.0,0.0,0.0,0.0,0.0,0.0,0.0,0.0,0.0,0.0,0.0,0.0,0.0,0.0,0.0,0.0,0.0,0.0,0.0,0.0,0.0,0.0,0.0,0.0,0.0,0.0,0.0,0.0,0.0,0.0,he
0.7079474925994873,0.6995828151702881,-3.8742231822652684e-07,0.6279715895652771,0.6692161560058594,-0.026266785338521004,0.5660638809204102,0.6505966782569885,-0.05455303564667702,0.5233461260795593,0.6938619613647461,-0.0836140438914299,0.49238866567611694,0.7490006685256958,-0.11441777646541595,0.5945311784744263,0.4938420355319977,-0.049618855118751526,0.5674884915351868,0.5081893801689148,-0.09160386770963669,0.5390380620956421,0.5174779891967773,-0.12069274485111237,0.511488676071167,0.5216163992881775,-0.14116989076137543,0.6460593342781067,0.49471214413642883,-0.062477096915245056,0.5737589597702026,0.6335457563400269,-0.11209564656019211,0.5586397051811218,0.7317951917648315,-0.12653934955596924,0.5612660646438599,0.7713817358016968,-0.1295044869184494,0.6936817169189453,0.5435210466384888,-0.07912588119506836,0.6261370182037354,0.6890475749969482,-0.12289532274007797,0.6120479702949524,0.7513570785522461,-0.11967041343450546,0.61271071434021,0.7546378970146179,-0.10985952615737915,0.7321516871452332,0.610288143157959,-0.09863566607236862,0.6724690198898315,0.7183869481086731,-0.13058573007583618,0.6487897038459778,0.7620000839233398,-0.12699002027511597,0.6421440243721008,0.7622792720794678,-0.11802609264850616,0.0,0.0,0.0,0.0,0.0,0.0,0.0,0.0,0.0,0.0,0.0,0.0,0.0,0.0,0.0,0.0,0.0,0.0,0.0,0.0,0.0,0.0,0.0,0.0,0.0,0.0,0.0,0.0,0.0,0.0,0.0,0.0,0.0,0.0,0.0,0.0,0.0,0.0,0.0,0.0,0.0,0.0,0.0,0.0,0.0,0.0,0.0,0.0,0.0,0.0,0.0,0.0,0.0,0.0,0.0,0.0,0.0,0.0,0.0,0.0,0.0,0.0,0.0,he
0.7078932523727417,0.7016923427581787,-4.0963743686006637e-07,0.6278913021087646,0.670962393283844,-0.02399553172290325,0.5676892399787903,0.6550108194351196,-0.051347095519304276,0.5245853066444397,0.6978905200958252,-0.07972381263971329,0.4918869435787201,0.749926745891571,-0.10983547568321228,0.5968973636627197,0.4956686496734619,-0.047343406826257706,0.567814826965332,0.5086522102355957,-0.08677225559949875,0.5397491455078125,0.5171208381652832,-0.11340787261724472,0.5139074325561523,0.5200972557067871,-0.13249245285987854,0.6479405760765076,0.4970841407775879,-0.060791391879320145,0.5715171098709106,0.6331483125686646,-0.10872603207826614,0.5566521286964417,0.7325367331504822,-0.12258162349462509,0.5611513257026672,0.7719184160232544,-0.12551148235797882,0.694615364074707,0.545019805431366,-0.07752136886119843,0.6238715648651123,0.6905601024627686,-0.11927000433206558,0.6103888750076294,0.7537454962730408,-0.11625224351882935,0.612080991268158,0.7568577527999878,-0.10740520805120468,0.7323428988456726,0.6111262440681458,-0.09688352793455124,0.6725003719329834,0.7199349403381348,-0.12740355730056763,0.6500119566917419,0.7639831900596619,-0.12403484433889389,0.6438018083572388,0.7639139890670776,-0.11584288626909256,0.0,0.0,0.0,0.0,0.0,0.0,0.0,0.0,0.0,0.0,0.0,0.0,0.0,0.0,0.0,0.0,0.0,0.0,0.0,0.0,0.0,0.0,0.0,0.0,0.0,0.0,0.0,0.0,0.0,0.0,0.0,0.0,0.0,0.0,0.0,0.0,0.0,0.0,0.0,0.0,0.0,0.0,0.0,0.0,0.0,0.0,0.0,0.0,0.0,0.0,0.0,0.0,0.0,0.0,0.0,0.0,0.0,0.0,0.0,0.0,0.0,0.0,0.0,he
0.708837628364563,0.6939463019371033,-4.112779663500987e-07,0.6320162415504456,0.6606779098510742,-0.025677569210529327,0.5707560181617737,0.6437469124794006,-0.05360708385705948,0.5270571112632751,0.6860806941986084,-0.08240573108196259,0.4953392744064331,0.741945207118988,-0.11311619728803635,0.5994500517845154,0.4838297367095947,-0.047342780977487564,0.5736699104309082,0.4958069920539856,-0.0870305672287941,0.544177770614624,0.504716157913208,-0.11462582647800446,0.5153084993362427,0.5100952386856079,-0.13401758670806885,0.6508558392524719,0.4865390956401825,-0.05945085361599922,0.5789483189582825,0.6211469173431396,-0.10640402883291245,0.5616121888160706,0.7204498648643494,-0.12127401679754257,0.5613764524459839,0.7621966004371643,-0.1253204345703125,0.6975359916687012,0.535895824432373,-0.07512378692626953,0.6298615336418152,0.6768820285797119,-0.11803875118494034,0.6132221221923828,0.7416697144508362,-0.11817305535078049,0.6109278202056885,0.7496230006217957,-0.11101879924535751,0.7348779439926147,0.6023515462875366,-0.09321562945842743,0.6740375757217407,0.7069206237792969,-0.12400852143764496,0.6505637168884277,0.7520895600318909,-0.12179241329431534,0.6436163783073425,0.7563455700874329,-0.11438325047492981,0.0,0.0,0.0,0.0,0.0,0.0,0.0,0.0,0.0,0.0,0.0,0.0,0.0,0.0,0.0,0.0,0.0,0.0,0.0,0.0,0.0,0.0,0.0,0.0,0.0,0.0,0.0,0.0,0.0,0.0,0.0,0.0,0.0,0.0,0.0,0.0,0.0,0.0,0.0,0.0,0.0,0.0,0.0,0.0,0.0,0.0,0.0,0.0,0.0,0.0,0.0,0.0,0.0,0.0,0.0,0.0,0.0,0.0,0.0,0.0,0.0,0.0,0.0,he
0.7130637168884277,0.6978235840797424,-4.856735813518753e-07,0.6371773481369019,0.6679564118385315,-0.024332156404852867,0.5766049027442932,0.6518419981002808,-0.05089970678091049,0.5333614945411682,0.6889767646789551,-0.07836040109395981,0.500194251537323,0.7381530404090881,-0.10761843621730804,0.6044842004776001,0.4874250292778015,-0.04459001496434212,0.5740823745727539,0.5005398988723755,-0.08384357392787933,0.5441277027130127,0.5095701813697815,-0.1120014488697052,0.5156189203262329,0.5147228240966797,-0.1316365897655487,0.6554485559463501,0.48931676149368286,-0.05721244961023331,0.5814414024353027,0.6264848113059998,-0.1019727885723114,0.5665281414985657,0.7261830568313599,-0.11578288674354553,0.5705304145812988,0.7655450105667114,-0.11960601806640625,0.7018593549728394,0.5391252636909485,-0.07339616119861603,0.6323051452636719,0.6768141388893127,-0.11454561352729797,0.6156607866287231,0.7441858053207397,-0.11307232826948166,0.6152331233024597,0.7529762983322144,-0.10543856024742126,0.7400815486907959,0.6070510745048523,-0.09202097356319427,0.6794659495353699,0.7077512741088867,-0.12217877805233002,0.655388355255127,0.7554914355278015,-0.11836617439985275,0.648428738117218,0.7617002725601196,-0.10984800010919571,0.0,0.0,0.0,0.0,0.0,0.0,0.0,0.0,0.0,0.0,0.0,0.0,0.0,0.0,0.0,0.0,0.0,0.0,0.0,0.0,0.0,0.0,0.0,0.0,0.0,0.0,0.0,0.0,0.0,0.0,0.0,0.0,0.0,0.0,0.0,0.0,0.0,0.0,0.0,0.0,0.0,0.0,0.0,0.0,0.0,0.0,0.0,0.0,0.0,0.0,0.0,0.0,0.0,0.0,0.0,0.0,0.0,0.0,0.0,0.0,0.0,0.0,0.0,he
0.707914412021637,0.7005970478057861,-5.141980636835797e-07,0.6324844360351562,0.6660657525062561,-0.021940601989626884,0.5697680711746216,0.6420931220054626,-0.04516316577792168,0.5210243463516235,0.6719602942466736,-0.0697261244058609,0.48469194769859314,0.7145103216171265,-0.0954979956150055,0.6004260778427124,0.4842616319656372,-0.03744211420416832,0.5733952522277832,0.48993003368377686,-0.07159265130758286,0.5401178598403931,0.5030194520950317,-0.09618084877729416,0.5072041153907776,0.5194962024688721,-0.11326244473457336,0.651009202003479,0.48626840114593506,-0.04902450740337372,0.5835169553756714,0.6189366579055786,-0.08938224613666534,0.5654252171516418,0.7173155546188354,-0.10347975045442581,0.5632723569869995,0.7603541016578674,-0.1081208661198616,0.6985025405883789,0.5342532992362976,-0.06367935240268707,0.6351519823074341,0.6724306344985962,-0.10039077699184418,0.6182906627655029,0.7380959987640381,-0.09971753507852554,0.6145328879356384,0.7503914833068848,-0.09368578344583511,0.7382797002792358,0.5993179082870483,-0.08063751459121704,0.6831544041633606,0.697363018989563,-0.10751359164714813,0.6594807505607605,0.7443584203720093,-0.10344424098730087,0.65145343542099,0.7542458772659302,-0.09530232101678848,0.0,0.0,0.0,0.0,0.0,0.0,0.0,0.0,0.0,0.0,0.0,0.0,0.0,0.0,0.0,0.0,0.0,0.0,0.0,0.0,0.0,0.0,0.0,0.0,0.0,0.0,0.0,0.0,0.0,0.0,0.0,0.0,0.0,0.0,0.0,0.0,0.0,0.0,0.0,0.0,0.0,0.0,0.0,0.0,0.0,0.0,0.0,0.0,0.0,0.0,0.0,0.0,0.0,0.0,0.0,0.0,0.0,0.0,0.0,0.0,0.0,0.0,0.0,he
0.7339305877685547,0.6690438389778137,-4.5222182620818785e-07,0.644216001033783,0.6379989981651306,-0.020260611549019814,0.5690157413482666,0.5995576977729797,-0.041681792587041855,0.5051998496055603,0.5878528952598572,-0.0635385736823082,0.4488528072834015,0.5993602871894836,-0.08638003468513489,0.6048625111579895,0.44676709175109863,-0.03169004246592522,0.5547972321510315,0.46449801325798035,-0.06726236641407013,0.5191919803619385,0.4797915816307068,-0.09678423404693604,0.49125736951828003,0.4939580261707306,-0.11576861143112183,0.6513956189155579,0.46039363741874695,-0.04046616703271866,0.5864255428314209,0.5373427271842957,-0.07042796909809113,0.5585878491401672,0.6059415936470032,-0.0826423242688179,0.5501084327697754,0.648127555847168,-0.08987900614738464,0.6935099363327026,0.5105021595954895,-0.05265210568904877,0.6270402073860168,0.5884968638420105,-0.08186285942792892,0.5982786417007446,0.6478694081306458,-0.07959416508674622,0.5884687900543213,0.684226930141449,-0.07482745498418808,0.7272301912307739,0.5753864049911499,-0.0670466423034668,0.6705772876739502,0.6330892443656921,-0.08963649719953537,0.644748330116272,0.6689201593399048,-0.08611248433589935,0.6356207728385925,0.6910607814788818,-0.07938603311777115,0.0,0.0,0.0,0.0,0.0,0.0,0.0,0.0,0.0,0.0,0.0,0.0,0.0,0.0,0.0,0.0,0.0,0.0,0.0,0.0,0.0,0.0,0.0,0.0,0.0,0.0,0.0,0.0,0.0,0.0,0.0,0.0,0.0,0.0,0.0,0.0,0.0,0.0,0.0,0.0,0.0,0.0,0.0,0.0,0.0,0.0,0.0,0.0,0.0,0.0,0.0,0.0,0.0,0.0,0.0,0.0,0.0,0.0,0.0,0.0,0.0,0.0,0.0,he
0.7234960794448853,0.6648151278495789,-5.09749838784046e-07,0.6411618590354919,0.6357378363609314,-0.02153814397752285,0.5686014890670776,0.5969699621200562,-0.04431845247745514,0.5048763155937195,0.5923004150390625,-0.06675929576158524,0.4484560489654541,0.6097477674484253,-0.09002267569303513,0.6059167981147766,0.4486941993236542,-0.038578711450099945,0.5551692247390747,0.46582892537117004,-0.07405366003513336,0.5172384977340698,0.48523807525634766,-0.10146786272525787,0.4894076883792877,0.5019019246101379,-0.11995426565408707,0.650580108165741,0.46124476194381714,-0.047976888716220856,0.5832229852676392,0.5355323553085327,-0.07916230708360672,0.5532510280609131,0.6108423471450806,-0.09048209339380264,0.541311502456665,0.6546329259872437,-0.0983106791973114,0.6932283639907837,0.5107532143592834,-0.0604889839887619,0.6246307492256165,0.5850184559822083,-0.09321817010641098,0.5975091457366943,0.6490345001220703,-0.09138210862874985,0.5876542329788208,0.6841045022010803,-0.08757032454013824,0.7283358573913574,0.5754503607749939,-0.07468587905168533,0.6718777418136597,0.6307043433189392,-0.10247515141963959,0.6444130539894104,0.6715070605278015,-0.1010073646903038,0.6335408687591553,0.6946473121643066,-0.09608392417430878,0.0,0.0,0.0,0.0,0.0,0.0,0.0,0.0,0.0,0.0,0.0,0.0,0.0,0.0,0.0,0.0,0.0,0.0,0.0,0.0,0.0,0.0,0.0,0.0,0.0,0.0,0.0,0.0,0.0,0.0,0.0,0.0,0.0,0.0,0.0,0.0,0.0,0.0,0.0,0.0,0.0,0.0,0.0,0.0,0.0,0.0,0.0,0.0,0.0,0.0,0.0,0.0,0.0,0.0,0.0,0.0,0.0,0.0,0.0,0.0,0.0,0.0,0.0,he
0.7256964445114136,0.614849328994751,2.299505013070302e-07,0.64616459608078,0.5589364171028137,-0.0016281662974506617,0.5783846378326416,0.5118154883384705,-0.008689076639711857,0.5227360725402832,0.4867102801799774,-0.018872881308197975,0.4775223731994629,0.47787341475486755,-0.029366755858063698,0.6187210083007812,0.46665865182876587,0.007215139921754599,0.5787829756736755,0.4169412851333618,-0.009576749987900257,0.5514658689498901,0.3803883194923401,-0.029279690235853195,0.5277676582336426,0.350691020488739,-0.04357456788420677,0.6316056847572327,0.4613407254219055,0.00022079558402765542,0.5881532430648804,0.4113615155220032,-0.012667998671531677,0.556203305721283,0.373629093170166,-0.027389533817768097,0.5315992832183838,0.34024447202682495,-0.03943341225385666,0.6457034945487976,0.4644683301448822,-0.008595158345997334,0.6043295860290527,0.4126860499382019,-0.01757785491645336,0.5753039121627808,0.37638184428215027,-0.021451830863952637,0.5535340905189514,0.34768447279930115,-0.024922704324126244,0.6634565591812134,0.47731852531433105,-0.01828964240849018,0.6342539191246033,0.43386244773864746,-0.02070058323442936,0.6106893420219421,0.4059434235095978,-0.017722681164741516,0.5901163220405579,0.38249969482421875,-0.01654052548110485,0.0,0.0,0.0,0.0,0.0,0.0,0.0,0.0,0.0,0.0,0.0,0.0,0.0,0.0,0.0,0.0,0.0,0.0,0.0,0.0,0.0,0.0,0.0,0.0,0.0,0.0,0.0,0.0,0.0,0.0,0.0,0.0,0.0,0.0,0.0,0.0,0.0,0.0,0.0,0.0,0.0,0.0,0.0,0.0,0.0,0.0,0.0,0.0,0.0,0.0,0.0,0.0,0.0,0.0,0.0,0.0,0.0,0.0,0.0,0.0,0.0,0.0,0.0,he
0.655320405960083,0.491169273853302,4.945751470586401e-07,0.5889255404472351,0.46943414211273193,-0.007421424612402916,0.5375434160232544,0.4236789047718048,-0.02009490504860878,0.49558067321777344,0.4058019518852234,-0.036376696079969406,0.454113245010376,0.39762112498283386,-0.054125960916280746,0.5845319032669067,0.29934149980545044,-0.009838404133915901,0.5552990436553955,0.2180347442626953,-0.03560269996523857,0.5256439447402954,0.15822145342826843,-0.059463370591402054,0.49714380502700806,0.11141003668308258,-0.07658427953720093,0.5968010425567627,0.30137643218040466,-0.02529081329703331,0.5608648061752319,0.2135990560054779,-0.04908998683094978,0.5239502191543579,0.1525985449552536,-0.07102490961551666,0.4908907413482666,0.10229507088661194,-0.08727297931909561,0.6039325594902039,0.31652212142944336,-0.04298165440559387,0.5669500231742859,0.2305583506822586,-0.0636129155755043,0.5320087671279907,0.17851482331752777,-0.07811711728572845,0.5011690258979797,0.13671168684959412,-0.08808960020542145,0.6040083169937134,0.34510308504104614,-0.06212358549237251,0.5773648619651794,0.2831343412399292,-0.0789560005068779,0.5529375672340393,0.2442496120929718,-0.08709666132926941,0.5312555432319641,0.2118898630142212,-0.09304233640432358,0.702337384223938,0.5550798177719116,5.628339749819133e-07,0.6093493103981018,0.49795112013816833,0.018148386850953102,0.5545008778572083,0.44413813948631287,0.017434367910027504,0.5112552642822266,0.41614529490470886,0.00616589467972517,0.4688986539840698,0.3979252874851227,-0.007061890326440334,0.6025404334068298,0.3773716688156128,0.034652214497327805,0.5831764936447144,0.30677270889282227,0.026404405012726784,0.5668399333953857,0.2581198811531067,0.011971489526331425,0.5457520484924316,0.21758347749710083,-0.00047374187852256,0.6210894584655762,0.3751938045024872,0.010315276682376862,0.6015198230743408,0.29792195558547974,0.0015559624880552292,0.5784979462623596,0.24319106340408325,-0.0149518558755517,0.5577827095985413,0.2027778923511505,-0.029411211609840393,0.6332215070724487,0.3851272463798523,-0.015326001681387424,0.6145376563072205,0.3072165250778198,-0.023516949266195297,0.58543860912323,0.2539161145687103,-0.03182712942361832,0.5588911175727844,0.21349716186523438,-0.039606429636478424,0.6375819444656372,0.40673959255218506,-0.04085332155227661,0.6161473393440247,0.3418871760368347,-0.04505264014005661,0.5941619873046875,0.2948405146598816,-0.04690461978316307,0.5761731266975403,0.25421151518821716,-0.050487417727708817,he
0.6765205264091492,0.5065730810165405,4.4599201487471873e-07,0.5941617488861084,0.4653089940547943,0.004316544625908136,0.541259765625,0.4164327085018158,0.0017027738504111767,0.49711230397224426,0.39733731746673584,-0.0066855233162641525,0.4554487466812134,0.3942999541759491,-0.01581832952797413,0.5850586295127869,0.3213564157485962,0.02355956844985485,0.5530255436897278,0.25576961040496826,0.012736715376377106,0.5287430286407471,0.20592573285102844,-0.0025014891289174557,0.5028364658355713,0.16206219792366028,-0.014458066783845425,0.596709668636322,0.31513965129852295,0.008536895737051964,0.5596203207969666,0.2477036714553833,-0.001000492600724101,0.5300896763801575,0.19531047344207764,-0.015283985994756222,0.5015755891799927,0.1487291157245636,-0.02673884853720665,0.602330207824707,0.320806622505188,-0.009032579138875008,0.5656227469444275,0.25349801778793335,-0.019386550411581993,0.5330888032913208,0.2011747509241104,-0.02884778380393982,0.5029571056365967,0.15732210874557495,-0.035384923219680786,0.5988919138908386,0.33978360891342163,-0.027377091348171234,0.5671091079711914,0.2777113914489746,-0.033498045057058334,0.54364413022995,0.23146970570087433,-0.035820260643959045,0.5221379399299622,0.1909068077802658,-0.03821343556046486,0.0,0.0,0.0,0.0,0.0,0.0,0.0,0.0,0.0,0.0,0.0,0.0,0.0,0.0,0.0,0.0,0.0,0.0,0.0,0.0,0.0,0.0,0.0,0.0,0.0,0.0,0.0,0.0,0.0,0.0,0.0,0.0,0.0,0.0,0.0,0.0,0.0,0.0,0.0,0.0,0.0,0.0,0.0,0.0,0.0,0.0,0.0,0.0,0.0,0.0,0.0,0.0,0.0,0.0,0.0,0.0,0.0,0.0,0.0,0.0,0.0,0.0,0.0,he
0.6542906165122986,0.4795920252799988,3.2774403280200204e-07,0.5812937617301941,0.4636755585670471,-0.0038039868231862783,0.5309764742851257,0.41895708441734314,-0.012682346627116203,0.4883890748023987,0.39980778098106384,-0.02452806755900383,0.4501904547214508,0.3961471617221832,-0.03711288049817085,0.5800813436508179,0.2955136001110077,-0.00299628428183496,0.5276118516921997,0.2322322130203247,-0.01891852729022503,0.49098625779151917,0.1854364573955536,-0.033788856118917465,0.4576415419578552,0.1454973965883255,-0.044930148869752884,0.5900428891181946,0.28760457038879395,-0.014903835952281952,0.5268421173095703,0.21923087537288666,-0.03273072466254234,0.48574015498161316,0.1687956005334854,-0.04823674261569977,0.450692355632782,0.12262019515037537,-0.05940864235162735,0.5902170538902283,0.2971895635128021,-0.028100844472646713,0.5311509370803833,0.22511076927185059,-0.045216597616672516,0.4902271330356598,0.17448711395263672,-0.056255754083395004,0.45695990324020386,0.12990400195121765,-0.06289292871952057,0.5780126452445984,0.3196185529232025,-0.04190792515873909,0.5369076728820801,0.2529287338256836,-0.05346547067165375,0.5080749988555908,0.2094050496816635,-0.058094095438718796,0.48366039991378784,0.16954860091209412,-0.061294376850128174,0.0,0.0,0.0,0.0,0.0,0.0,0.0,0.0,0.0,0.0,0.0,0.0,0.0,0.0,0.0,0.0,0.0,0.0,0.0,0.0,0.0,0.0,0.0,0.0,0.0,0.0,0.0,0.0,0.0,0.0,0.0,0.0,0.0,0.0,0.0,0.0,0.0,0.0,0.0,0.0,0.0,0.0,0.0,0.0,0.0,0.0,0.0,0.0,0.0,0.0,0.0,0.0,0.0,0.0,0.0,0.0,0.0,0.0,0.0,0.0,0.0,0.0,0.0,he
0.6558247804641724,0.4784240424633026,1.8885015151681728e-07,0.579082727432251,0.464167058467865,-0.0031872179824858904,0.5316314697265625,0.41914135217666626,-0.012357720173895359,0.48989740014076233,0.3994366228580475,-0.024639572948217392,0.4518275558948517,0.39373064041137695,-0.03805144131183624,0.5782569646835327,0.2951790392398834,-0.002956697717308998,0.5282915234565735,0.23157531023025513,-0.018605193123221397,0.4936702847480774,0.1844506859779358,-0.03395286574959755,0.4621749222278595,0.14245283603668213,-0.046203795820474625,0.5903691649436951,0.2877051830291748,-0.015617494471371174,0.5278265476226807,0.2214086949825287,-0.03292298689484596,0.4884435534477234,0.1715337336063385,-0.048730265349149704,0.45520728826522827,0.12405262887477875,-0.061185818165540695,0.5921599864959717,0.29855141043663025,-0.029674144461750984,0.5326585173606873,0.22909808158874512,-0.04713207483291626,0.49177786707878113,0.1799616664648056,-0.05772465467453003,0.45915138721466064,0.13583078980445862,-0.06475193053483963,0.5799062848091125,0.3216637670993805,-0.04437150061130524,0.538072407245636,0.25731104612350464,-0.05726324021816254,0.5096617341041565,0.21424464881420135,-0.062212880700826645,0.4854395389556885,0.1749635636806488,-0.06611374765634537,0.0,0.0,0.0,0.0,0.0,0.0,0.0,0.0,0.0,0.0,0.0,0.0,0.0,0.0,0.0,0.0,0.0,0.0,0.0,0.0,0.0,0.0,0.0,0.0,0.0,0.0,0.0,0.0,0.0,0.0,0.0,0.0,0.0,0.0,0.0,0.0,0.0,0.0,0.0,0.0,0.0,0.0,0.0,0.0,0.0,0.0,0.0,0.0,0.0,0.0,0.0,0.0,0.0,0.0,0.0,0.0,0.0,0.0,0.0,0.0,0.0,0.0,0.0,he
0.6294432878494263,0.48307040333747864,-1.4776065881960676e-07,0.5830548405647278,0.4793756604194641,-0.009143766015768051,0.534503161907196,0.42823928594589233,-0.01748989149928093,0.4931553900241852,0.3997826874256134,-0.025929773226380348,0.45430997014045715,0.3924397826194763,-0.03393926844000816,0.5952798128128052,0.3107719123363495,-0.009388073347508907,0.5328773260116577,0.2724606394767761,-0.02785211242735386,0.4826992452144623,0.2606178820133209,-0.04492487758398056,0.4432728886604309,0.26558613777160645,-0.05562322214245796,0.600806713104248,0.30872297286987305,-0.015204062685370445,0.5320647358894348,0.2715776860713959,-0.03283274918794632,0.47860485315322876,0.2650204300880432,-0.04760533571243286,0.43479251861572266,0.2715858519077301,-0.056845568120479584,0.596304178237915,0.31891438364982605,-0.02266659028828144,0.5340886116027832,0.2728026509284973,-0.03827851638197899,0.4827003479003906,0.26286596059799194,-0.046247608959674835,0.4403493404388428,0.26457154750823975,-0.04967240244150162,0.5825438499450684,0.340341717004776,-0.030964715406298637,0.5341307520866394,0.29469776153564453,-0.0446401983499527,0.499155193567276,0.2742426097393036,-0.04922478273510933,0.4693262577056885,0.26308920979499817,-0.05006087198853493,0.651832103729248,0.5020365715026855,-3.985796013239451e-07,0.5788110494613647,0.4794241189956665,0.007772756740450859,0.533668577671051,0.42919597029685974,0.0014883700059726834,0.4909690022468567,0.4032246172428131,-0.010022236965596676,0.4520706534385681,0.3901631534099579,-0.021711261942982674,0.5962105989456177,0.3028486967086792,0.00537031888961792,0.5216063857078552,0.26308363676071167,-0.01162535510957241,0.47095370292663574,0.26344192028045654,-0.027271803468465805,0.43694812059402466,0.2769595682621002,-0.0366421602666378,0.602436363697052,0.30072274804115295,-0.009536749683320522,0.5135791897773743,0.2569175362586975,-0.02266784757375717,0.46077850461006165,0.26269277930259705,-0.034318212419748306,0.4248998761177063,0.279697060585022,-0.043861087411642075,0.5985820889472961,0.3170962333679199,-0.025398647412657738,0.5171681642532349,0.2615281343460083,-0.03881028667092323,0.4652863144874573,0.2664656341075897,-0.04354380443692207,0.42963290214538574,0.2843075394630432,-0.04649810120463371,0.5822139382362366,0.3469087779521942,-0.04081963747739792,0.524265706539154,0.28714874386787415,-0.05159315466880798,0.4855213463306427,0.2744731605052948,-0.05333995074033737,0.4550849199295044,0.27929219603538513,-0.053969718515872955,he
0.6616924405097961,0.522819995880127,-7.510457180615049e-07,0.5789819359779358,0.49046051502227783,0.02094625122845173,0.5375525951385498,0.43473437428474426,0.02141411043703556,0.4982541799545288,0.4055385887622833,0.012659233994781971,0.4601614475250244,0.3890710175037384,0.001753164455294609,0.6008197069168091,0.31186729669570923,0.023129433393478394,0.5200242400169373,0.2987470030784607,0.007115276996046305,0.47568902373313904,0.3332880139350891,-0.00996872317045927,0.45062732696533203,0.3691166341304779,-0.02000816911458969,0.6092251539230347,0.31043580174446106,0.0015685776015743613,0.5116451382637024,0.2927248775959015,-0.011359767988324165,0.4652343988418579,0.33683308959007263,-0.026306606829166412,0.43956267833709717,0.37733981013298035,-0.036743320524692535,0.6077303290367126,0.3280879259109497,-0.020032433792948723,0.5124022960662842,0.2976849675178528,-0.03532249480485916,0.46612226963043213,0.3400174379348755,-0.04131178557872772,0.4411371946334839,0.3776988685131073,-0.04370642825961113,0.5918185114860535,0.3609482944011688,-0.03970272094011307,0.5163302421569824,0.3197595477104187,-0.052070967853069305,0.4794658124446869,0.33787864446640015,-0.051045745611190796,0.4573642909526825,0.363986998796463,-0.04807407036423683,0.0,0.0,0.0,0.0,0.0,0.0,0.0,0.0,0.0,0.0,0.0,0.0,0.0,0.0,0.0,0.0,0.0,0.0,0.0,0.0,0.0,0.0,0.0,0.0,0.0,0.0,0.0,0.0,0.0,0.0,0.0,0.0,0.0,0.0,0.0,0.0,0.0,0.0,0.0,0.0,0.0,0.0,0.0,0.0,0.0,0.0,0.0,0.0,0.0,0.0,0.0,0.0,0.0,0.0,0.0,0.0,0.0,0.0,0.0,0.0,0.0,0.0,0.0,he
0.6690371036529541,0.5301711559295654,-7.21299556971644e-07,0.5886319875717163,0.502479076385498,0.01829790323972702,0.5443071126937866,0.4459460973739624,0.016179466620087624,0.5017804503440857,0.4173603355884552,0.0054996926337480545,0.46132680773735046,0.40064144134521484,-0.007547588087618351,0.6045060753822327,0.31819042563438416,0.014285491779446602,0.5196666121482849,0.30677035450935364,-0.0043786498717963696,0.47449904680252075,0.3420010805130005,-0.022580113261938095,0.44506874680519104,0.37705734372138977,-0.03298960253596306,0.6146209836006165,0.31713807582855225,-0.006554269697517157,0.5111089944839478,0.30294138193130493,-0.022846845909953117,0.46361926198005676,0.34903913736343384,-0.03786933794617653,0.43650323152542114,0.3904353976249695,-0.04766666516661644,0.6140002608299255,0.33738481998443604,-0.027076540514826775,0.5158653259277344,0.3078005313873291,-0.043270137161016464,0.47087356448173523,0.3498678207397461,-0.04785405844449997,0.4457409977912903,0.3859415352344513,-0.0489489883184433,0.5994298458099365,0.37394097447395325,-0.04594322666525841,0.526069164276123,0.3342749774456024,-0.05995308607816696,0.49067240953445435,0.34889256954193115,-0.05978218838572502,0.4688379168510437,0.37134435772895813,-0.05683555454015732,0.0,0.0,0.0,0.0,0.0,0.0,0.0,0.0,0.0,0.0,0.0,0.0,0.0,0.0,0.0,0.0,0.0,0.0,0.0,0.0,0.0,0.0,0.0,0.0,0.0,0.0,0.0,0.0,0.0,0.0,0.0,0.0,0.0,0.0,0.0,0.0,0.0,0.0,0.0,0.0,0.0,0.0,0.0,0.0,0.0,0.0,0.0,0.0,0.0,0.0,0.0,0.0,0.0,0.0,0.0,0.0,0.0,0.0,0.0,0.0,0.0,0.0,0.0,he
0.6877687573432922,0.5492066740989685,-7.198888738457754e-07,0.6130815148353577,0.5182613134384155,0.012219760566949844,0.5641269683837891,0.4573746919631958,0.009023829363286495,0.5212427377700806,0.4272507429122925,-0.0024814496282488108,0.4819738268852234,0.41011708974838257,-0.0144778061658144,0.6190335750579834,0.3295236825942993,0.020062945783138275,0.5417446494102478,0.3183567225933075,-0.0028565062675625086,0.49631398916244507,0.3452703356742859,-0.026348840445280075,0.46519213914871216,0.3758862316608429,-0.040067799389362335,0.6320447325706482,0.32267481088638306,6.498075526906177e-05,0.5355108976364136,0.3128679394721985,-0.01896049454808235,0.4895714223384857,0.34980684518814087,-0.037220828235149384,0.4629262089729309,0.38590893149375916,-0.0488211065530777,0.6380903720855713,0.3337949812412262,-0.021854890510439873,0.5445166230201721,0.31669798493385315,-0.03901257738471031,0.49718061089515686,0.3509274125099182,-0.0460641086101532,0.4711759686470032,0.38375604152679443,-0.048741839826107025,0.6332205533981323,0.3600665032863617,-0.04348205775022507,0.560475766658783,0.33862319588661194,-0.05531308054924011,0.5210434794425964,0.35730838775634766,-0.05615667253732681,0.49651771783828735,0.3819817900657654,-0.05475275591015816,0.0,0.0,0.0,0.0,0.0,0.0,0.0,0.0,0.0,0.0,0.0,0.0,0.0,0.0,0.0,0.0,0.0,0.0,0.0,0.0,0.0,0.0,0.0,0.0,0.0,0.0,0.0,0.0,0.0,0.0,0.0,0.0,0.0,0.0,0.0,0.0,0.0,0.0,0.0,0.0,0.0,0.0,0.0,0.0,0.0,0.0,0.0,0.0,0.0,0.0,0.0,0.0,0.0,0.0,0.0,0.0,0.0,0.0,0.0,0.0,0.0,0.0,0.0,he
0.6880362629890442,0.5494472980499268,-7.104877113306429e-07,0.612420380115509,0.5175591707229614,0.012185856699943542,0.5636548399925232,0.4521113634109497,0.011435321532189846,0.5213623046875,0.41888290643692017,0.0022800820879638195,0.48287060856819153,0.40031611919403076,-0.007364549674093723,0.6134499311447144,0.32593488693237305,0.024268459528684616,0.5378418564796448,0.3138601779937744,0.002446178812533617,0.49285537004470825,0.34467941522598267,-0.020241912454366684,0.4640923738479614,0.37872135639190674,-0.0332491397857666,0.6283484697341919,0.3194738030433655,0.0051042246632277966,0.5337221622467041,0.3115297555923462,-0.013480938039720058,0.48620355129241943,0.3527306616306305,-0.03102980926632881,0.459180623292923,0.3926919400691986,-0.041267577558755875,0.6359835863113403,0.3307061195373535,-0.016358589753508568,0.5430675148963928,0.3154586851596832,-0.03308684378862381,0.49526840448379517,0.35457149147987366,-0.03945848345756531,0.46913838386535645,0.3897199332714081,-0.04100124537944794,0.6326859593391418,0.3579748868942261,-0.037702180445194244,0.5601188540458679,0.3380805253982544,-0.05006784945726395,0.5194701552391052,0.35848355293273926,-0.050909169018268585,0.49380388855934143,0.38442572951316833,-0.04869905114173889,0.0,0.0,0.0,0.0,0.0,0.0,0.0,0.0,0.0,0.0,0.0,0.0,0.0,0.0,0.0,0.0,0.0,0.0,0.0,0.0,0.0,0.0,0.0,0.0,0.0,0.0,0.0,0.0,0.0,0.0,0.0,0.0,0.0,0.0,0.0,0.0,0.0,0.0,0.0,0.0,0.0,0.0,0.0,0.0,0.0,0.0,0.0,0.0,0.0,0.0,0.0,0.0,0.0,0.0,0.0,0.0,0.0,0.0,0.0,0.0,0.0,0.0,0.0,he
0.6756343841552734,0.5562419891357422,-6.589866075046302e-07,0.6251265406608582,0.521797776222229,-0.004241309594362974,0.5774862766265869,0.4553980827331543,-0.010999998077750206,0.5437747240066528,0.414129376411438,-0.022478124126791954,0.5129950046539307,0.3785572350025177,-0.03278464451432228,0.6134269833564758,0.3314116597175598,0.008160465396940708,0.5716224908828735,0.2902153730392456,-0.020496439188718796,0.5349282622337341,0.3058655858039856,-0.043857745826244354,0.5083519220352173,0.3310360610485077,-0.05691366642713547,0.6402660608291626,0.3282625377178192,-0.0037195978220552206,0.5774255990982056,0.3156440258026123,-0.029412945732474327,0.5670252442359924,0.37787389755249023,-0.0388365276157856,0.5766485333442688,0.4119541049003601,-0.041245754808187485,0.6649346947669983,0.3435400128364563,-0.019962746649980545,0.5990930199623108,0.33346840739250183,-0.04628264158964157,0.5903621912002563,0.39676132798194885,-0.038634683936834335,0.6020633578300476,0.4305504560470581,-0.028066154569387436,0.68611079454422,0.37255245447158813,-0.037650782614946365,0.6308119297027588,0.35672667622566223,-0.05631202831864357,0.6155473589897156,0.4036863446235657,-0.04817973077297211,0.6209020018577576,0.4374324679374695,-0.037752456963062286,0.0,0.0,0.0,0.0,0.0,0.0,0.0,0.0,0.0,0.0,0.0,0.0,0.0,0.0,0.0,0.0,0.0,0.0,0.0,0.0,0.0,0.0,0.0,0.0,0.0,0.0,0.0,0.0,0.0,0.0,0.0,0.0,0.0,0.0,0.0,0.0,0.0,0.0,0.0,0.0,0.0,0.0,0.0,0.0,0.0,0.0,0.0,0.0,0.0,0.0,0.0,0.0,0.0,0.0,0.0,0.0,0.0,0.0,0.0,0.0,0.0,0.0,0.0,he
0.7031463980674744,0.5957454442977905,-8.675560252413561e-07,0.6345430612564087,0.5691161155700684,-0.011893825605511665,0.5801265835762024,0.4993382394313812,-0.025437574833631516,0.5529909133911133,0.4391561448574066,-0.04063855856657028,0.5358061790466309,0.3996560275554657,-0.056172747164964676,0.6169238686561584,0.3701117932796478,-0.03461319953203201,0.5670218467712402,0.3357986807823181,-0.07479630410671234,0.5300320982933044,0.3636024296283722,-0.10166259855031967,0.5083816051483154,0.4020554721355438,-0.11475946009159088,0.6578637957572937,0.3739345967769623,-0.04449975863099098,0.5963693261146545,0.4141257107257843,-0.0806811973452568,0.5767693519592285,0.4933460056781769,-0.0878075435757637,0.5819642543792725,0.5495350360870361,-0.086919404566288,0.6933422684669495,0.4110281765460968,-0.05712265893816948,0.6313223838806152,0.4679345190525055,-0.08949632197618484,0.6126107573509216,0.5382038950920105,-0.08092663437128067,0.61482173204422,0.5873069167137146,-0.06891780346632004,0.7180335521697998,0.4633006155490875,-0.07129482179880142,0.6651877164840698,0.5044341087341309,-0.09310662001371384,0.6449483633041382,0.5532213449478149,-0.084929458796978,0.644074022769928,0.5885946750640869,-0.07322929054498672,0.0,0.0,0.0,0.0,0.0,0.0,0.0,0.0,0.0,0.0,0.0,0.0,0.0,0.0,0.0,0.0,0.0,0.0,0.0,0.0,0.0,0.0,0.0,0.0,0.0,0.0,0.0,0.0,0.0,0.0,0.0,0.0,0.0,0.0,0.0,0.0,0.0,0.0,0.0,0.0,0.0,0.0,0.0,0.0,0.0,0.0,0.0,0.0,0.0,0.0,0.0,0.0,0.0,0.0,0.0,0.0,0.0,0.0,0.0,0.0,0.0,0.0,0.0,he
0.7388435006141663,0.6328439712524414,-6.913393235663534e-07,0.664966344833374,0.6027109026908875,-0.00529842684045434,0.6107068061828613,0.558253824710846,-0.018038181588053703,0.5813071727752686,0.5381805300712585,-0.03315676003694534,0.5726661086082458,0.5500035881996155,-0.048738960176706314,0.6125975847244263,0.4267415702342987,-0.02431776374578476,0.5679863095283508,0.4270753264427185,-0.044759608805179596,0.5593413710594177,0.46938320994377136,-0.05786733701825142,0.5648046135902405,0.4992901682853699,-0.06554917991161346,0.6491717100143433,0.43482914566993713,-0.034883711487054825,0.5948777794837952,0.5185521841049194,-0.05245396867394447,0.5890264511108398,0.5765112638473511,-0.057890936732292175,0.599838376045227,0.606167733669281,-0.06095314770936966,0.682456910610199,0.47391068935394287,-0.045616623014211655,0.6260663270950317,0.5587734580039978,-0.05869504064321518,0.6188359260559082,0.6061702966690063,-0.055080100893974304,0.6259706616401672,0.6275966763496399,-0.05254526436328888,0.7064683437347412,0.5247829556465149,-0.05736114829778671,0.6551195979118347,0.5930322408676147,-0.06538562476634979,0.6456742882728577,0.6265966892242432,-0.05878100171685219,0.6496087312698364,0.6384531855583191,-0.05167853832244873,0.0,0.0,0.0,0.0,0.0,0.0,0.0,0.0,0.0,0.0,0.0,0.0,0.0,0.0,0.0,0.0,0.0,0.0,0.0,0.0,0.0,0.0,0.0,0.0,0.0,0.0,0.0,0.0,0.0,0.0,0.0,0.0,0.0,0.0,0.0,0.0,0.0,0.0,0.0,0.0,0.0,0.0,0.0,0.0,0.0,0.0,0.0,0.0,0.0,0.0,0.0,0.0,0.0,0.0,0.0,0.0,0.0,0.0,0.0,0.0,0.0,0.0,0.0,he
0.7399207353591919,0.636645495891571,-4.855394877267827e-07,0.6687337160110474,0.6069740653038025,0.017258374020457268,0.612862229347229,0.5703063011169434,0.021222136914730072,0.5842933058738708,0.5653710961341858,0.019706225022673607,0.5741545557975769,0.5911037921905518,0.01602916792035103,0.6049444675445557,0.44722068309783936,0.01582007110118866,0.57122403383255,0.43764185905456543,0.021335266530513763,0.5667275190353394,0.4744446277618408,0.02150624990463257,0.5730699300765991,0.5013231039047241,0.020865067839622498,0.6355486512184143,0.4372991621494293,0.004394719377160072,0.6015575528144836,0.4800841808319092,0.01856962777674198,0.5981276631355286,0.5238062739372253,0.018908686935901642,0.6098222136497498,0.5547771453857422,0.014851663261651993,0.6684709787368774,0.4557948112487793,-0.004985641688108444,0.6290410757064819,0.514927864074707,0.010743560269474983,0.6208159327507019,0.5600376129150391,0.009849702008068562,0.6275011897087097,0.591797947883606,0.0034276985097676516,0.6950486302375793,0.48743265867233276,-0.013431333005428314,0.6537107825279236,0.5472675561904907,-0.0001474631717428565,0.6413620114326477,0.5878791809082031,0.005352542735636234,0.6428152322769165,0.6176328659057617,0.007075333967804909,0.0,0.0,0.0,0.0,0.0,0.0,0.0,0.0,0.0,0.0,0.0,0.0,0.0,0.0,0.0,0.0,0.0,0.0,0.0,0.0,0.0,0.0,0.0,0.0,0.0,0.0,0.0,0.0,0.0,0.0,0.0,0.0,0.0,0.0,0.0,0.0,0.0,0.0,0.0,0.0,0.0,0.0,0.0,0.0,0.0,0.0,0.0,0.0,0.0,0.0,0.0,0.0,0.0,0.0,0.0,0.0,0.0,0.0,0.0,0.0,0.0,0.0,0.0,he
0.7266502976417542,0.6834983825683594,-4.019165658064594e-07,0.6463156342506409,0.6561253070831299,-0.02763088047504425,0.5834212899208069,0.6490299701690674,-0.05417991429567337,0.5462253093719482,0.6981565356254578,-0.08072955906391144,0.5281238555908203,0.7586323022842407,-0.10924780368804932,0.6128385066986084,0.5115101933479309,-0.049962278455495834,0.5867405533790588,0.5195783376693726,-0.08014924824237823,0.5611883401870728,0.5381280183792114,-0.09978032112121582,0.5403308868408203,0.5563628077507019,-0.11426421254873276,0.6637051701545715,0.5150774121284485,-0.0579879991710186,0.5991202592849731,0.6695813536643982,-0.09321016818284988,0.5889114141464233,0.7578209638595581,-0.1053817942738533,0.5922333598136902,0.794049859046936,-0.1121383011341095,0.7112737894058228,0.5609609484672546,-0.06802693009376526,0.6470596790313721,0.7176616191864014,-0.09961339831352234,0.6402829885482788,0.7719056606292725,-0.09728917479515076,0.6432062387466431,0.7758774161338806,-0.09278542548418045,0.7510837912559509,0.6227360963821411,-0.08074606955051422,0.6958937644958496,0.7376078367233276,-0.10531884431838989,0.6786179542541504,0.7793428897857666,-0.10005423426628113,0.6759343147277832,0.7822702527046204,-0.09221048653125763,0.0,0.0,0.0,0.0,0.0,0.0,0.0,0.0,0.0,0.0,0.0,0.0,0.0,0.0,0.0,0.0,0.0,0.0,0.0,0.0,0.0,0.0,0.0,0.0,0.0,0.0,0.0,0.0,0.0,0.0,0.0,0.0,0.0,0.0,0.0,0.0,0.0,0.0,0.0,0.0,0.0,0.0,0.0,0.0,0.0,0.0,0.0,0.0,0.0,0.0,0.0,0.0,0.0,0.0,0.0,0.0,0.0,0.0,0.0,0.0,0.0,0.0,0.0,he
0.7250068187713623,0.7068637609481812,-3.507513497424952e-07,0.6435316205024719,0.6785950660705566,-0.01883739046752453,0.5821166634559631,0.670385479927063,-0.04292347654700279,0.5408725142478943,0.7219997048377991,-0.06860719621181488,0.5127520561218262,0.7814261317253113,-0.09651444852352142,0.6068915724754333,0.5168472528457642,-0.04385751485824585,0.577826738357544,0.5375238656997681,-0.07648629695177078,0.5548959374427795,0.5461928248405457,-0.097806915640831,0.5343896150588989,0.5477970242500305,-0.11324086785316467,0.6560328602790833,0.5223730802536011,-0.05607708543539047,0.5848050713539124,0.6704652309417725,-0.09670848399400711,0.573745846748352,0.7614330053329468,-0.10949535667896271,0.5800924301147461,0.7948734164237976,-0.11372338235378265,0.7018536329269409,0.5693926215171814,-0.07005419582128525,0.6339238286018372,0.7158203125,-0.10602394491434097,0.6283086538314819,0.7731881141662598,-0.10560047626495361,0.6350864768028259,0.777815580368042,-0.09963984042406082,0.7402976155281067,0.6306431293487549,-0.08583614230155945,0.6844736933708191,0.7350471019744873,-0.11363112926483154,0.6687706112861633,0.774624228477478,-0.11194539815187454,0.6678197383880615,0.777269184589386,-0.10520906001329422,0.0,0.0,0.0,0.0,0.0,0.0,0.0,0.0,0.0,0.0,0.0,0.0,0.0,0.0,0.0,0.0,0.0,0.0,0.0,0.0,0.0,0.0,0.0,0.0,0.0,0.0,0.0,0.0,0.0,0.0,0.0,0.0,0.0,0.0,0.0,0.0,0.0,0.0,0.0,0.0,0.0,0.0,0.0,0.0,0.0,0.0,0.0,0.0,0.0,0.0,0.0,0.0,0.0,0.0,0.0,0.0,0.0,0.0,0.0,0.0,0.0,0.0,0.0,he
0.7231207489967346,0.7082421779632568,-3.83523229174898e-07,0.6459910273551941,0.6734083294868469,-0.02159253880381584,0.5840381383895874,0.6604229211807251,-0.04797930270433426,0.5412628650665283,0.7006950378417969,-0.07503712177276611,0.5125088095664978,0.7523745894432068,-0.10296417027711868,0.605014443397522,0.5102366805076599,-0.0488588847219944,0.5814578533172607,0.5147573351860046,-0.08367104083299637,0.5569677948951721,0.5284477472305298,-0.10454928129911423,0.5376749634742737,0.5452896952629089,-0.11866790801286697,0.6534647345542908,0.5134459733963013,-0.059698861092329025,0.5848497152328491,0.6539603471755981,-0.10080575942993164,0.571269154548645,0.744629979133606,-0.11236132681369781,0.5748217105865479,0.7824216485023499,-0.11608502268791199,0.6987630128860474,0.5595824122428894,-0.07283095270395279,0.6323474645614624,0.6999222040176392,-0.11007502675056458,0.6217235922813416,0.7579860687255859,-0.10914977639913559,0.6240631937980652,0.7661877274513245,-0.10334356874227524,0.7376541495323181,0.6193385720252991,-0.08779890090227127,0.6804064512252808,0.7189728617668152,-0.11755164712667465,0.6604694724082947,0.7628376483917236,-0.11657959967851639,0.6543130278587341,0.7709733843803406,-0.11035875976085663,0.0,0.0,0.0,0.0,0.0,0.0,0.0,0.0,0.0,0.0,0.0,0.0,0.0,0.0,0.0,0.0,0.0,0.0,0.0,0.0,0.0,0.0,0.0,0.0,0.0,0.0,0.0,0.0,0.0,0.0,0.0,0.0,0.0,0.0,0.0,0.0,0.0,0.0,0.0,0.0,0.0,0.0,0.0,0.0,0.0,0.0,0.0,0.0,0.0,0.0,0.0,0.0,0.0,0.0,0.0,0.0,0.0,0.0,0.0,0.0,0.0,0.0,0.0,he
0.7166851758956909,0.6903934478759766,-3.274651305673615e-07,0.6415252685546875,0.660044252872467,-0.027226025238633156,0.5814812779426575,0.6450213193893433,-0.05563870444893837,0.541141927242279,0.6860359311103821,-0.08398628234863281,0.5137283802032471,0.7393001914024353,-0.11435388028621674,0.6080986857414246,0.490204393863678,-0.04877579212188721,0.5745932459831238,0.5116533637046814,-0.08647186309099197,0.5442346334457397,0.5160528421401978,-0.11339478939771652,0.5156747698783875,0.5127995014190674,-0.13348136842250824,0.6565666794776917,0.4936702847480774,-0.0597492940723896,0.5829668641090393,0.6299533843994141,-0.10580767691135406,0.5733500719070435,0.7232146263122559,-0.12076503038406372,0.5802541375160217,0.756621778011322,-0.12573812901973724,0.7022286057472229,0.5411242246627808,-0.0741468146443367,0.6349766850471497,0.6787928938865662,-0.1169954165816307,0.6226189732551575,0.7399684190750122,-0.11738406121730804,0.6247302889823914,0.7447701692581177,-0.1108761876821518,0.7403943538665771,0.6043343544006348,-0.09106359630823135,0.6823433637619019,0.7009574174880981,-0.1228681281208992,0.6597837209701538,0.7447856664657593,-0.12196153402328491,0.6539678573608398,0.7495439052581787,-0.11589156091213226,0.0,0.0,0.0,0.0,0.0,0.0,0.0,0.0,0.0,0.0,0.0,0.0,0.0,0.0,0.0,0.0,0.0,0.0,0.0,0.0,0.0,0.0,0.0,0.0,0.0,0.0,0.0,0.0,0.0,0.0,0.0,0.0,0.0,0.0,0.0,0.0,0.0,0.0,0.0,0.0,0.0,0.0,0.0,0.0,0.0,0.0,0.0,0.0,0.0,0.0,0.0,0.0,0.0,0.0,0.0,0.0,0.0,0.0,0.0,0.0,0.0,0.0,0.0,he
0.7260584235191345,0.6908574104309082,-3.8431502957791963e-07,0.6478875875473022,0.6625157594680786,-0.020272213965654373,0.5869316458702087,0.6511114239692688,-0.044867780059576035,0.5448032021522522,0.692244291305542,-0.07121497392654419,0.5158101916313171,0.7417152523994446,-0.09964780509471893,0.6098794341087341,0.49635034799575806,-0.038128405809402466,0.57521653175354,0.514417290687561,-0.07248114794492722,0.5477142333984375,0.5163384079933167,-0.09730637818574905,0.5234081745147705,0.5112243294715881,-0.11569041013717651,0.6574781537055969,0.49877554178237915,-0.05124654993414879,0.5843381285667419,0.632720947265625,-0.09188556671142578,0.5748713612556458,0.7236247658729553,-0.10406079888343811,0.5827235579490662,0.7535589933395386,-0.10735639184713364,0.7017048597335815,0.5444276928901672,-0.06739726662635803,0.6347941160202026,0.6809440851211548,-0.1039828509092331,0.6231206655502319,0.7406889200210571,-0.1012694463133812,0.625411331653595,0.7428169250488281,-0.09351689368486404,0.7383875846862793,0.606993556022644,-0.08592648804187775,0.6823303699493408,0.7041781544685364,-0.1119828075170517,0.6597383618354797,0.7474561929702759,-0.10746286809444427,0.6522333025932312,0.7513248920440674,-0.09915696084499359,0.0,0.0,0.0,0.0,0.0,0.0,0.0,0.0,0.0,0.0,0.0,0.0,0.0,0.0,0.0,0.0,0.0,0.0,0.0,0.0,0.0,0.0,0.0,0.0,0.0,0.0,0.0,0.0,0.0,0.0,0.0,0.0,0.0,0.0,0.0,0.0,0.0,0.0,0.0,0.0,0.0,0.0,0.0,0.0,0.0,0.0,0.0,0.0,0.0,0.0,0.0,0.0,0.0,0.0,0.0,0.0,0.0,0.0,0.0,0.0,0.0,0.0,0.0,he
0.7154910564422607,0.6953793168067932,-3.816652167643042e-07,0.6398167014122009,0.6655634045600891,-0.024454757571220398,0.5815375447273254,0.6472042798995972,-0.05084468424320221,0.5428986549377441,0.6845656037330627,-0.07771700620651245,0.5177935361862183,0.7355023622512817,-0.10658258199691772,0.6099957227706909,0.4907667338848114,-0.04408853501081467,0.5783125162124634,0.5097140073776245,-0.0806087851524353,0.5474633574485779,0.515631914138794,-0.1075093075633049,0.5161917805671692,0.5121336579322815,-0.1278359740972519,0.6596014499664307,0.49283429980278015,-0.056372541934251785,0.588142454624176,0.626130223274231,-0.10052748024463654,0.578823447227478,0.7210953235626221,-0.11449361592531204,0.5840109586715698,0.7538498044013977,-0.11868783831596375,0.7054404020309448,0.539944052696228,-0.07189338654279709,0.6398855447769165,0.676491916179657,-0.11201983690261841,0.6290680766105652,0.7390040159225464,-0.11070344597101212,0.6309319734573364,0.7430397868156433,-0.10345190018415451,0.7430462837219238,0.604181170463562,-0.08996114134788513,0.6859432458877563,0.7028874754905701,-0.11956015974283218,0.6644554734230042,0.7477793097496033,-0.11679744720458984,0.6594273447990417,0.7522971034049988,-0.1094978004693985,0.0,0.0,0.0,0.0,0.0,0.0,0.0,0.0,0.0,0.0,0.0,0.0,0.0,0.0,0.0,0.0,0.0,0.0,0.0,0.0,0.0,0.0,0.0,0.0,0.0,0.0,0.0,0.0,0.0,0.0,0.0,0.0,0.0,0.0,0.0,0.0,0.0,0.0,0.0,0.0,0.0,0.0,0.0,0.0,0.0,0.0,0.0,0.0,0.0,0.0,0.0,0.0,0.0,0.0,0.0,0.0,0.0,0.0,0.0,0.0,0.0,0.0,0.0,he
0.7211130857467651,0.6952394247055054,-4.121418157865264e-07,0.6437932252883911,0.6604397296905518,-0.02172967419028282,0.5819056034088135,0.6418848633766174,-0.046577922999858856,0.536536693572998,0.679606556892395,-0.073192298412323,0.5042625665664673,0.728028416633606,-0.10144952684640884,0.6072831749916077,0.4903797209262848,-0.03604888170957565,0.5738469362258911,0.5023959279060364,-0.07069500535726547,0.5430256128311157,0.5080310702323914,-0.09644420444965363,0.5142894983291626,0.5108407139778137,-0.11528940498828888,0.6572462320327759,0.493184894323349,-0.04871254041790962,0.5859169960021973,0.6290138959884644,-0.09007739275693893,0.5743637681007385,0.7226405143737793,-0.10378364473581314,0.5803218483924866,0.752544641494751,-0.10825527459383011,0.703194797039032,0.5411639213562012,-0.06481660902500153,0.6363794803619385,0.6772432327270508,-0.10230476409196854,0.6215740442276001,0.739206850528717,-0.10068030655384064,0.6218776106834412,0.7425832152366638,-0.0938328355550766,0.7406581044197083,0.6061937808990479,-0.08342818915843964,0.6819894909858704,0.7013125419616699,-0.11022789776325226,0.6570597887039185,0.7451090216636658,-0.10600333660840988,0.6491920351982117,0.7492393255233765,-0.0979953482747078,0.0,0.0,0.0,0.0,0.0,0.0,0.0,0.0,0.0,0.0,0.0,0.0,0.0,0.0,0.0,0.0,0.0,0.0,0.0,0.0,0.0,0.0,0.0,0.0,0.0,0.0,0.0,0.0,0.0,0.0,0.0,0.0,0.0,0.0,0.0,0.0,0.0,0.0,0.0,0.0,0.0,0.0,0.0,0.0,0.0,0.0,0.0,0.0,0.0,0.0,0.0,0.0,0.0,0.0,0.0,0.0,0.0,0.0,0.0,0.0,0.0,0.0,0.0,he
0.7203486561775208,0.6972789168357849,-6.100741529735387e-07,0.6446422934532166,0.6659491658210754,-0.01729539781808853,0.5811943411827087,0.6376551985740662,-0.035001643002033234,0.5357801914215088,0.6493780612945557,-0.05415479093790054,0.5021425485610962,0.6776182055473328,-0.07383608818054199,0.6088821291923523,0.48466745018959045,-0.03131229057908058,0.5775810480117798,0.4876348376274109,-0.06177138909697533,0.5408393144607544,0.5048755407333374,-0.08151773363351822,0.5090922117233276,0.5297059416770935,-0.09448515623807907,0.6573908925056458,0.48684161901474,-0.04231416434049606,0.5859367847442627,0.6161928772926331,-0.07881107181310654,0.5682753324508667,0.7109578251838684,-0.08938856422901154,0.5676338076591492,0.7546491622924805,-0.09164158254861832,0.7028802633285522,0.5334725975990295,-0.05611293017864227,0.6361054182052612,0.6639741659164429,-0.09088224917650223,0.6225202083587646,0.7270833253860474,-0.08944695442914963,0.6223360896110535,0.741159975528717,-0.0827387273311615,0.7415505647659302,0.596241295337677,-0.07158946990966797,0.6828795075416565,0.6881201267242432,-0.09875691682100296,0.6596687436103821,0.7343035340309143,-0.09611905366182327,0.6526198387145996,0.7462291121482849,-0.08844038099050522,0.0,0.0,0.0,0.0,0.0,0.0,0.0,0.0,0.0,0.0,0.0,0.0,0.0,0.0,0.0,0.0,0.0,0.0,0.0,0.0,0.0,0.0,0.0,0.0,0.0,0.0,0.0,0.0,0.0,0.0,0.0,0.0,0.0,0.0,0.0,0.0,0.0,0.0,0.0,0.0,0.0,0.0,0.0,0.0,0.0,0.0,0.0,0.0,0.0,0.0,0.0,0.0,0.0,0.0,0.0,0.0,0.0,0.0,0.0,0.0,0.0,0.0,0.0,he
0.7154010534286499,0.6944046020507812,-6.117229531810153e-07,0.6408030986785889,0.6619287729263306,-0.017336582764983177,0.5779924988746643,0.6329183578491211,-0.03572698310017586,0.5329297184944153,0.645789384841919,-0.055653076618909836,0.5006488561630249,0.6769359707832336,-0.07603807747364044,0.6106111407279968,0.4854414761066437,-0.03225526213645935,0.5816640853881836,0.4849356710910797,-0.06289029866456985,0.5450500845909119,0.5039360523223877,-0.08255613595247269,0.5130359530448914,0.5316452980041504,-0.09552063047885895,0.6593184471130371,0.4880850315093994,-0.04346524551510811,0.585934579372406,0.6176961064338684,-0.08023407310247421,0.5681931972503662,0.7135869264602661,-0.09088090807199478,0.5678549408912659,0.7575104236602783,-0.09326474368572235,0.7042244076728821,0.5353195667266846,-0.05739665403962135,0.6351945996284485,0.6633303761482239,-0.09229131788015366,0.6195526123046875,0.7278653383255005,-0.09119899570941925,0.617362380027771,0.7443159222602844,-0.08486750721931458,0.7425772547721863,0.5984120965003967,-0.07290571182966232,0.6844638586044312,0.6907690167427063,-0.10034400969743729,0.6590958833694458,0.7367739081382751,-0.09798074513673782,0.6492310166358948,0.7500901818275452,-0.0905458927154541,0.0,0.0,0.0,0.0,0.0,0.0,0.0,0.0,0.0,0.0,0.0,0.0,0.0,0.0,0.0,0.0,0.0,0.0,0.0,0.0,0.0,0.0,0.0,0.0,0.0,0.0,0.0,0.0,0.0,0.0,0.0,0.0,0.0,0.0,0.0,0.0,0.0,0.0,0.0,0.0,0.0,0.0,0.0,0.0,0.0,0.0,0.0,0.0,0.0,0.0,0.0,0.0,0.0,0.0,0.0,0.0,0.0,0.0,0.0,0.0,0.0,0.0,0.0,he
0.7427882552146912,0.6609715223312378,-4.0815191937326745e-07,0.6561743021011353,0.6305183172225952,-0.019008126109838486,0.5813354849815369,0.5946812629699707,-0.038866076618433,0.5187681317329407,0.5863018035888672,-0.058491986244916916,0.4648588299751282,0.5891498923301697,-0.07813642919063568,0.6246452927589417,0.44350969791412354,-0.03250927850604057,0.5655415058135986,0.4713955819606781,-0.0643264576792717,0.5354428291320801,0.5006023645401001,-0.0903581827878952,0.5173945426940918,0.5188084244728088,-0.10735273361206055,0.6658313274383545,0.4649001657962799,-0.040255531668663025,0.5971649885177612,0.5170941948890686,-0.06281276047229767,0.558754563331604,0.5578380227088928,-0.07558369636535645,0.5344516038894653,0.5861356258392334,-0.08696801215410233,0.701053261756897,0.5148302912712097,-0.050636354833841324,0.6302822828292847,0.5790155529975891,-0.07479024678468704,0.596301794052124,0.6249491572380066,-0.07650044560432434,0.5781742334365845,0.6534476280212402,-0.07756650447845459,0.7267062067985535,0.5792455673217773,-0.0627698227763176,0.663126528263092,0.6274232268333435,-0.08448004722595215,0.6305673718452454,0.6593112945556641,-0.08496764302253723,0.6121112108230591,0.681488573551178,-0.08300784230232239,0.0,0.0,0.0,0.0,0.0,0.0,0.0,0.0,0.0,0.0,0.0,0.0,0.0,0.0,0.0,0.0,0.0,0.0,0.0,0.0,0.0,0.0,0.0,0.0,0.0,0.0,0.0,0.0,0.0,0.0,0.0,0.0,0.0,0.0,0.0,0.0,0.0,0.0,0.0,0.0,0.0,0.0,0.0,0.0,0.0,0.0,0.0,0.0,0.0,0.0,0.0,0.0,0.0,0.0,0.0,0.0,0.0,0.0,0.0,0.0,0.0,0.0,0.0,he
0.7342722415924072,0.6099782586097717,-2.2329464499648566e-08,0.650516152381897,0.5724144577980042,0.007024172227829695,0.5916042923927307,0.538612425327301,0.005225652363151312,0.5585402250289917,0.5131419897079468,-0.0037869750522077084,0.5454145669937134,0.4976479411125183,-0.013875704258680344,0.6206724047660828,0.4266190528869629,0.016876475885510445,0.5903943777084351,0.38867419958114624,0.003637969959527254,0.560884952545166,0.3666982054710388,-0.011489239521324635,0.5384249091148376,0.35188090801239014,-0.023189052939414978,0.6394153833389282,0.42405617237091064,0.0025711876805871725,0.5964857339859009,0.3995964527130127,-0.00987947266548872,0.5713692903518677,0.4201546013355255,-0.018501922488212585,0.5648669004440308,0.4447610676288605,-0.02331087552011013,0.6589011549949646,0.43645167350769043,-0.013611309230327606,0.6079508066177368,0.4381624758243561,-0.027912097051739693,0.5952891111373901,0.4928472936153412,-0.024748720228672028,0.6028205156326294,0.538421630859375,-0.01871083304286003,0.6794109344482422,0.4661296308040619,-0.030453462153673172,0.6308791637420654,0.46427080035209656,-0.04159191623330116,0.6152215003967285,0.5024051666259766,-0.03692123666405678,0.6169474124908447,0.5412588119506836,-0.02982429787516594,0.0,0.0,0.0,0.0,0.0,0.0,0.0,0.0,0.0,0.0,0.0,0.0,0.0,0.0,0.0,0.0,0.0,0.0,0.0,0.0,0.0,0.0,0.0,0.0,0.0,0.0,0.0,0.0,0.0,0.0,0.0,0.0,0.0,0.0,0.0,0.0,0.0,0.0,0.0,0.0,0.0,0.0,0.0,0.0,0.0,0.0,0.0,0.0,0.0,0.0,0.0,0.0,0.0,0.0,0.0,0.0,0.0,0.0,0.0,0.0,0.0,0.0,0.0,he
0.6547673344612122,0.5113731622695923,3.4689981021074345e-07,0.5921475291252136,0.4986186623573303,-0.009835664182901382,0.5408310890197754,0.4475647807121277,-0.02162208780646324,0.4962683320045471,0.42539137601852417,-0.03598413243889809,0.4507380723953247,0.41177308559417725,-0.05140780285000801,0.5804911255836487,0.3185308873653412,-0.009648405946791172,0.5428235530853271,0.2521878480911255,-0.03311236947774887,0.5049015879631042,0.20485590398311615,-0.05565907061100006,0.4712756872177124,0.16590102016925812,-0.07212761789560318,0.595058262348175,0.31140434741973877,-0.023048968985676765,0.549931526184082,0.22868239879608154,-0.043399978429079056,0.5078231692314148,0.16787216067314148,-0.06344486027956009,0.47094249725341797,0.1161811351776123,-0.07872606813907623,0.6075549721717834,0.3213537931442261,-0.03895467519760132,0.5646892189979553,0.24139675498008728,-0.05815519019961357,0.5218867063522339,0.1917438507080078,-0.07306469231843948,0.4834012985229492,0.1530250906944275,-0.08337503671646118,0.6144105792045593,0.34824517369270325,-0.05639373138546944,0.5812388062477112,0.2914517819881439,-0.0737556591629982,0.5491786599159241,0.255715012550354,-0.08266089111566544,0.5189071893692017,0.22776025533676147,-0.08879344165325165,0.7034808993339539,0.5653456449508667,4.763361118875764e-07,0.605298638343811,0.5094959735870361,0.014798545278608799,0.5457722544670105,0.4509645402431488,0.013437367044389248,0.49947473406791687,0.4217296540737152,0.0029621266294270754,0.4549303650856018,0.40704378485679626,-0.009562254883348942,0.5983848571777344,0.3761598467826843,0.025396965444087982,0.5774123072624207,0.3109753429889679,0.012200302444398403,0.5572232007980347,0.2632070779800415,-0.0049214293248951435,0.530489444732666,0.2221592664718628,-0.019856296479701996,0.6163229942321777,0.3767509460449219,0.0013121261727064848,0.5963689088821411,0.2998060882091522,-0.012487774714827538,0.5668619275093079,0.24903061985969543,-0.029602110385894775,0.5366132259368896,0.2090485692024231,-0.044536322355270386,0.6310458183288574,0.39230459928512573,-0.02453174814581871,0.6131994724273682,0.31522491574287415,-0.038994573056697845,0.5787267088890076,0.2681557536125183,-0.05094820633530617,0.5448987483978271,0.233751118183136,-0.06081051379442215,0.6398063898086548,0.423795223236084,-0.050049033015966415,0.6233673691749573,0.3571307063102722,-0.06205872446298599,0.5979840159416199,0.3147854208946228,-0.06911054253578186,0.572648286819458,0.2828139662742615,-0.07607599347829819,he
0.6767897605895996,0.5285332798957825,3.7159492194405175e-07,0.590199887752533,0.4903690814971924,0.01167193241417408,0.5333086252212524,0.4319821298122406,0.012626414187252522,0.48900699615478516,0.4115464985370636,0.005050661973655224,0.44451040029525757,0.40264150500297546,-0.003413428785279393,0.590041995048523,0.319210410118103,0.0344199500977993,0.5482641458511353,0.25447994470596313,0.024577047675848007,0.5143908858299255,0.20708264410495758,0.009135624393820763,0.4787496328353882,0.16605547070503235,-0.0036139271687716246,0.6038646101951599,0.3139196038246155,0.012461941689252853,0.5543429255485535,0.24518419802188873,0.0024784503038972616,0.514122724533081,0.19525767862796783,-0.01441702526062727,0.4764834940433502,0.15198799967765808,-0.027870498597621918,0.6089224219322205,0.3214004635810852,-0.012082346715033054,0.5596954226493835,0.25250616669654846,-0.025718970224261284,0.5130860209465027,0.20289954543113708,-0.03903072699904442,0.4707445502281189,0.16173791885375977,-0.047674234956502914,0.6017736196517944,0.34397244453430176,-0.03689545765519142,0.5573408007621765,0.27984005212783813,-0.04717404767870903,0.5221403241157532,0.23735536634922028,-0.05257008969783783,0.49022412300109863,0.20259901881217957,-0.05667278543114662,0.0,0.0,0.0,0.0,0.0,0.0,0.0,0.0,0.0,0.0,0.0,0.0,0.0,0.0,0.0,0.0,0.0,0.0,0.0,0.0,0.0,0.0,0.0,0.0,0.0,0.0,0.0,0.0,0.0,0.0,0.0,0.0,0.0,0.0,0.0,0.0,0.0,0.0,0.0,0.0,0.0,0.0,0.0,0.0,0.0,0.0,0.0,0.0,0.0,0.0,0.0,0.0,0.0,0.0,0.0,0.0,0.0,0.0,0.0,0.0,0.0,0.0,0.0,he
0.661260187625885,0.5071130394935608,1.1643493991186915e-07,0.5854718685150146,0.4884508550167084,0.017665956169366837,0.5321832299232483,0.4300276041030884,0.020651642233133316,0.4870234727859497,0.4078181982040405,0.015741383656859398,0.44587603211402893,0.39608025550842285,0.009624075144529343,0.5793461799621582,0.29827797412872314,0.030503831803798676,0.5305925011634827,0.237488254904747,0.025818096473813057,0.4942973852157593,0.19860239326953888,0.016831252723932266,0.46053463220596313,0.16472651064395905,0.007938958704471588,0.5923019051551819,0.2858002781867981,0.00667536212131381,0.5325698256492615,0.20781096816062927,0.0004766453930642456,0.4926242232322693,0.1539708524942398,-0.009578177705407143,0.45904433727264404,0.10931596159934998,-0.018846170976758003,0.5963362455368042,0.29484063386917114,-0.018816715106368065,0.5381255149841309,0.21548984944820404,-0.029175883159041405,0.49457257986068726,0.1659487932920456,-0.038875509053468704,0.4577505886554718,0.1275218427181244,-0.04666336625814438,0.5868562459945679,0.31766530871391296,-0.043703593313694,0.5390788316726685,0.25256162881851196,-0.05449642613530159,0.5034611225128174,0.2115008533000946,-0.06041386350989342,0.4711175560951233,0.1787378191947937,-0.06569363921880722,0.0,0.0,0.0,0.0,0.0,0.0,0.0,0.0,0.0,0.0,0.0,0.0,0.0,0.0,0.0,0.0,0.0,0.0,0.0,0.0,0.0,0.0,0.0,0.0,0.0,0.0,0.0,0.0,0.0,0.0,0.0,0.0,0.0,0.0,0.0,0.0,0.0,0.0,0.0,0.0,0.0,0.0,0.0,0.0,0.0,0.0,0.0,0.0,0.0,0.0,0.0,0.0,0.0,0.0,0.0,0.0,0.0,0.0,0.0,0.0,0.0,0.0,0.0,he
0.6602269411087036,0.5086256265640259,-1.726915712652044e-07,0.5734211206436157,0.48470616340637207,0.01660873182117939,0.528082549571991,0.4274241030216217,0.019879568368196487,0.48848381638526917,0.39729568362236023,0.015199361369013786,0.4512425661087036,0.38211750984191895,0.00849694013595581,0.5748955011367798,0.30894994735717773,0.02991979382932186,0.5233110785484314,0.2575874924659729,0.024945082142949104,0.4855957329273224,0.22496068477630615,0.015238763764500618,0.44939929246902466,0.19658814370632172,0.005321841221302748,0.5887614488601685,0.29812899231910706,0.00883009098470211,0.5215000510215759,0.2400282621383667,0.001999056898057461,0.4761172831058502,0.20502659678459167,-0.009357710368931293,0.4348691999912262,0.17648887634277344,-0.02053648605942726,0.5930879712104797,0.306991308927536,-0.01374437753111124,0.5286161303520203,0.24749554693698883,-0.023377465084195137,0.48258671164512634,0.211919903755188,-0.031935691833496094,0.4409453570842743,0.18308025598526,-0.04000737518072128,0.5825498104095459,0.3281138837337494,-0.03593215346336365,0.5364252924919128,0.2722736597061157,-0.04465382546186447,0.5029208064079285,0.24035659432411194,-0.04894905537366867,0.4699625074863434,0.2148556113243103,-0.05399276688694954,0.0,0.0,0.0,0.0,0.0,0.0,0.0,0.0,0.0,0.0,0.0,0.0,0.0,0.0,0.0,0.0,0.0,0.0,0.0,0.0,0.0,0.0,0.0,0.0,0.0,0.0,0.0,0.0,0.0,0.0,0.0,0.0,0.0,0.0,0.0,0.0,0.0,0.0,0.0,0.0,0.0,0.0,0.0,0.0,0.0,0.0,0.0,0.0,0.0,0.0,0.0,0.0,0.0,0.0,0.0,0.0,0.0,0.0,0.0,0.0,0.0,0.0,0.0,he
0.6531023979187012,0.5136948227882385,-4.780187055075658e-07,0.5708606839179993,0.48504114151000977,0.020978035405278206,0.5271610021591187,0.4287551939487457,0.02290460281074047,0.48717552423477173,0.3938460946083069,0.01564132794737816,0.449331670999527,0.37889647483825684,0.006552400533109903,0.5880310535430908,0.3114978075027466,0.02977144345641136,0.518315315246582,0.27744224667549133,0.019244596362113953,0.47081229090690613,0.27590855956077576,0.004918001592159271,0.43445664644241333,0.283664733171463,-0.005389590281993151,0.5985130667686462,0.305541455745697,0.007115919608622789,0.514305055141449,0.26725417375564575,-0.0023267297074198723,0.46056830883026123,0.2696526050567627,-0.015882525593042374,0.4196014702320099,0.28350889682769775,-0.027452729642391205,0.5987288355827332,0.32063284516334534,-0.01651807129383087,0.5188376903533936,0.2706354260444641,-0.027611298486590385,0.46638286113739014,0.27336955070495605,-0.03402116149663925,0.4268314838409424,0.2875364124774933,-0.03904905170202255,0.5851548314094543,0.3498988151550293,-0.039018284529447556,0.5252041220664978,0.29595187306404114,-0.04870746284723282,0.4863344728946686,0.2834579348564148,-0.050762079656124115,0.45429515838623047,0.28565460443496704,-0.05247819423675537,0.0,0.0,0.0,0.0,0.0,0.0,0.0,0.0,0.0,0.0,0.0,0.0,0.0,0.0,0.0,0.0,0.0,0.0,0.0,0.0,0.0,0.0,0.0,0.0,0.0,0.0,0.0,0.0,0.0,0.0,0.0,0.0,0.0,0.0,0.0,0.0,0.0,0.0,0.0,0.0,0.0,0.0,0.0,0.0,0.0,0.0,0.0,0.0,0.0,0.0,0.0,0.0,0.0,0.0,0.0,0.0,0.0,0.0,0.0,0.0,0.0,0.0,0.0,he
0.6527329683303833,0.5141690373420715,-5.87796023410192e-07,0.5757147073745728,0.490549772977829,0.01747727580368519,0.5303371548652649,0.4363001585006714,0.016721663996577263,0.4893721640110016,0.40639597177505493,0.007382668554782867,0.4508163630962372,0.39030641317367554,-0.0033595222048461437,0.5925683379173279,0.312980592250824,0.02238491177558899,0.5189526677131653,0.28801870346069336,0.005765098612755537,0.470936119556427,0.30255410075187683,-0.01252349466085434,0.4383658766746521,0.3268865942955017,-0.02371540479362011,0.6023802161216736,0.3099134564399719,0.0015504667535424232,0.5119762420654297,0.2772209048271179,-0.011277046985924244,0.4591471254825592,0.2994938790798187,-0.025970324873924255,0.42512524127960205,0.32949674129486084,-0.03702086582779884,0.6009315252304077,0.3253248333930969,-0.020321641117334366,0.5157577991485596,0.2778114676475525,-0.03407203406095505,0.4644976854324341,0.30073651671409607,-0.04064341261982918,0.4323344826698303,0.3306073546409607,-0.04451785981655121,0.5846500396728516,0.3548835813999176,-0.041051026433706284,0.5192887187004089,0.3032369911670685,-0.052207332104444504,0.4790687561035156,0.30874747037887573,-0.053043730556964874,0.45023804903030396,0.3288082480430603,-0.05258531868457794,0.0,0.0,0.0,0.0,0.0,0.0,0.0,0.0,0.0,0.0,0.0,0.0,0.0,0.0,0.0,0.0,0.0,0.0,0.0,0.0,0.0,0.0,0.0,0.0,0.0,0.0,0.0,0.0,0.0,0.0,0.0,0.0,0.0,0.0,0.0,0.0,0.0,0.0,0.0,0.0,0.0,0.0,0.0,0.0,0.0,0.0,0.0,0.0,0.0,0.0,0.0,0.0,0.0,0.0,0.0,0.0,0.0,0.0,0.0,0.0,0.0,0.0,0.0,he
0.6536811590194702,0.512976884841919,-6.008733066664718e-07,0.5760861039161682,0.4894599914550781,0.01973338983952999,0.5298107862472534,0.43486687541007996,0.019075721502304077,0.48783865571022034,0.40607839822769165,0.009644693695008755,0.44981300830841064,0.3901089131832123,-0.0014157550176605582,0.5907891392707825,0.31097134947776794,0.022356698289513588,0.5166358351707458,0.2880830764770508,0.0065617687068879604,0.4698465168476105,0.3054002821445465,-0.011475267820060253,0.43686777353286743,0.33045798540115356,-0.02279549278318882,0.6012938618659973,0.30856648087501526,0.0002585831971373409,0.5089789032936096,0.27960485219955444,-0.011927920393645763,0.45683416724205017,0.3041946291923523,-0.026561850681900978,0.42179620265960693,0.33425039052963257,-0.037873707711696625,0.6005500555038452,0.3254195749759674,-0.022415803745388985,0.5146235823631287,0.2797929048538208,-0.03474303334951401,0.4655436873435974,0.30445554852485657,-0.04032155126333237,0.43318238854408264,0.33438917994499207,-0.04404657334089279,0.5853719711303711,0.35645872354507446,-0.043759990483522415,0.5206953287124634,0.30504000186920166,-0.05412423983216286,0.4819764494895935,0.30984756350517273,-0.054284196346998215,0.45286592841148376,0.32807329297065735,-0.05353102460503578,0.0,0.0,0.0,0.0,0.0,0.0,0.0,0.0,0.0,0.0,0.0,0.0,0.0,0.0,0.0,0.0,0.0,0.0,0.0,0.0,0.0,0.0,0.0,0.0,0.0,0.0,0.0,0.0,0.0,0.0,0.0,0.0,0.0,0.0,0.0,0.0,0.0,0.0,0.0,0.0,0.0,0.0,0.0,0.0,0.0,0.0,0.0,0.0,0.0,0.0,0.0,0.0,0.0,0.0,0.0,0.0,0.0,0.0,0.0,0.0,0.0,0.0,0.0,he
0.6324629187583923,0.5071112513542175,-3.0019143082427036e-07,0.5914298295974731,0.49935099482536316,-0.0027378390077501535,0.5440533757209778,0.45488035678863525,-0.006320166867226362,0.5054460167884827,0.42794111371040344,-0.010781644843518734,0.47130393981933594,0.41144248843193054,-0.014251996763050556,0.6004226803779602,0.33749058842658997,0.00042934829252772033,0.538466215133667,0.3131271302700043,-0.011744936928153038,0.49827611446380615,0.3194653391838074,-0.02385408617556095,0.47541987895965576,0.3402055501937866,-0.030608350411057472,0.6046558618545532,0.33508527278900146,-0.004596823826432228,0.5299751162528992,0.31515032052993774,-0.014906946569681168,0.49012163281440735,0.3361058533191681,-0.024679234251379967,0.4670467972755432,0.36969247460365295,-0.030128099024295807,0.5988905429840088,0.34547844529151917,-0.010686424560844898,0.5277193188667297,0.3207066059112549,-0.01952863670885563,0.4877680540084839,0.33878326416015625,-0.023407068103551865,0.4633519947528839,0.3657749891281128,-0.024075860157608986,0.58524489402771,0.36878424882888794,-0.01719430647790432,0.5327566266059875,0.3349486291408539,-0.02688875049352646,0.5014711618423462,0.32760536670684814,-0.029940707609057426,0.480663537979126,0.330412358045578,-0.02927737683057785,0.6622554063796997,0.527724027633667,-7.91477077655145e-07,0.5801748037338257,0.5061115026473999,0.02117306739091873,0.5386305451393127,0.4536881744861603,0.021931111812591553,0.5019708275794983,0.42738136649131775,0.013211997225880623,0.4674989879131317,0.40774625539779663,0.0024128530640155077,0.6001957654953003,0.31826651096343994,0.01736796647310257,0.5139471888542175,0.2949071526527405,0.0010191029869019985,0.47629866003990173,0.34693610668182373,-0.013890765607357025,0.46736565232276917,0.3978227972984314,-0.02171299420297146,0.6079745292663574,0.3167080879211426,-0.004230386111885309,0.5048922896385193,0.2923109829425812,-0.016860412433743477,0.46540963649749756,0.3553457260131836,-0.02643917128443718,0.46029481291770935,0.40680867433547974,-0.032612428069114685,0.6050787568092346,0.33575576543807983,-0.02577650174498558,0.5053243041038513,0.2991311550140381,-0.040063709020614624,0.46780145168304443,0.35764792561531067,-0.041361935436725616,0.463470995426178,0.4065879285335541,-0.040688276290893555,0.5879672169685364,0.3707849979400635,-0.045505836606025696,0.5102381706237793,0.3272435665130615,-0.05796588584780693,0.4791606068611145,0.3608713448047638,-0.054670047014951706,0.4732034206390381,0.4007226824760437,-0.049813028424978256,he
0.6812994480133057,0.5451746582984924,-8.032385494516348e-07,0.5912902355194092,0.5206921100616455,0.025552714243531227,0.5452734231948853,0.4655066430568695,0.02705434337258339,0.5046205520629883,0.4412095546722412,0.017927857115864754,0.4703245162963867,0.42794299125671387,0.0064636762253940105,0.6080330610275269,0.330746054649353,0.022646280005574226,0.5192448496818542,0.3148115873336792,0.008875186555087566,0.4831397533416748,0.36608102917671204,-0.006207789294421673,0.46913430094718933,0.4128381311893463,-0.015413329936563969,0.6168324947357178,0.3294636607170105,-0.0016551371663808823,0.5095861554145813,0.3131137490272522,-0.013340525329113007,0.472665011882782,0.3741510808467865,-0.02504800260066986,0.46325796842575073,0.42421862483024597,-0.03369313105940819,0.6158584356307983,0.3498600721359253,-0.02529720962047577,0.5135151743888855,0.3197571337223053,-0.03828483819961548,0.4765797555446625,0.376442015171051,-0.04157518222928047,0.4669511020183563,0.4236277639865875,-0.043225064873695374,0.6002548933029175,0.38642895221710205,-0.04675854369997978,0.5221109986305237,0.3467165529727936,-0.058130569756031036,0.49224355816841125,0.3796979486942291,-0.055688027292490005,0.48347947001457214,0.4196690320968628,-0.052361831068992615,0.0,0.0,0.0,0.0,0.0,0.0,0.0,0.0,0.0,0.0,0.0,0.0,0.0,0.0,0.0,0.0,0.0,0.0,0.0,0.0,0.0,0.0,0.0,0.0,0.0,0.0,0.0,0.0,0.0,0.0,0.0,0.0,0.0,0.0,0.0,0.0,0.0,0.0,0.0,0.0,0.0,0.0,0.0,0.0,0.0,0.0,0.0,0.0,0.0,0.0,0.0,0.0,0.0,0.0,0.0,0.0,0.0,0.0,0.0,0.0,0.0,0.0,0.0,he
0.6919073462486267,0.5604112148284912,-7.913498052403156e-07,0.6071851849555969,0.5314276218414307,0.018738282844424248,0.5559322834014893,0.47191354632377625,0.01735226996243,0.513543963432312,0.4466190040111542,0.005721137393265963,0.4751661717891693,0.43028882145881653,-0.007261989172548056,0.6170142889022827,0.33411675691604614,0.018044788390398026,0.5316855311393738,0.3152039647102356,-0.005099704023450613,0.49056386947631836,0.35956525802612305,-0.025334905833005905,0.4719829857349396,0.40564465522766113,-0.03629280626773834,0.6307758688926697,0.3352774381637573,-0.005536836571991444,0.5224148035049438,0.32057440280914307,-0.026672152802348137,0.4836009442806244,0.3834490478038788,-0.0418819934129715,0.4746713936328888,0.43287602066993713,-0.050275273621082306,0.635507345199585,0.35670170187950134,-0.030043426901102066,0.5313518047332764,0.3290906846523285,-0.05010393634438515,0.49564558267593384,0.38838014006614685,-0.053237248212099075,0.48855146765708923,0.43609902262687683,-0.05174938961863518,0.6275748014450073,0.3946882486343384,-0.05325930193066597,0.5496129393577576,0.358477383852005,-0.06926549971103668,0.5195547342300415,0.3841859698295593,-0.06825175881385803,0.5117514133453369,0.4169500768184662,-0.06382054090499878,0.0,0.0,0.0,0.0,0.0,0.0,0.0,0.0,0.0,0.0,0.0,0.0,0.0,0.0,0.0,0.0,0.0,0.0,0.0,0.0,0.0,0.0,0.0,0.0,0.0,0.0,0.0,0.0,0.0,0.0,0.0,0.0,0.0,0.0,0.0,0.0,0.0,0.0,0.0,0.0,0.0,0.0,0.0,0.0,0.0,0.0,0.0,0.0,0.0,0.0,0.0,0.0,0.0,0.0,0.0,0.0,0.0,0.0,0.0,0.0,0.0,0.0,0.0,he
0.6968043446540833,0.5707377791404724,-7.524386091972701e-07,0.6167694926261902,0.5412168502807617,0.00848257727921009,0.5593661665916443,0.4831349849700928,0.0030955213587731123,0.5128967761993408,0.45412778854370117,-0.010285042226314545,0.4726262092590332,0.4289343059062958,-0.02374108135700226,0.6169747114181519,0.33728912472724915,0.009197469800710678,0.5310841202735901,0.3201640844345093,-0.015574200078845024,0.4969821572303772,0.3704199492931366,-0.03600171580910683,0.4924607574939728,0.4181804060935974,-0.04730529338121414,0.6324918270111084,0.3398556709289551,-0.009723021648824215,0.5268796682357788,0.3257618546485901,-0.034381624311208725,0.4945680499076843,0.3919803202152252,-0.04874050244688988,0.49716731905937195,0.4409182667732239,-0.05537806451320648,0.6426467299461365,0.36299824714660645,-0.03052297979593277,0.5391809940338135,0.3324137330055237,-0.0543207973241806,0.5055456161499023,0.3916980028152466,-0.055466219782829285,0.5074490308761597,0.43769553303718567,-0.051052309572696686,0.6438112258911133,0.4032062590122223,-0.050997715443372726,0.5679469704627991,0.3597941994667053,-0.0723390206694603,0.5340611934661865,0.3761928379535675,-0.07324599474668503,0.528322160243988,0.39866408705711365,-0.06843610852956772,0.0,0.0,0.0,0.0,0.0,0.0,0.0,0.0,0.0,0.0,0.0,0.0,0.0,0.0,0.0,0.0,0.0,0.0,0.0,0.0,0.0,0.0,0.0,0.0,0.0,0.0,0.0,0.0,0.0,0.0,0.0,0.0,0.0,0.0,0.0,0.0,0.0,0.0,0.0,0.0,0.0,0.0,0.0,0.0,0.0,0.0,0.0,0.0,0.0,0.0,0.0,0.0,0.0,0.0,0.0,0.0,0.0,0.0,0.0,0.0,0.0,0.0,0.0,he
0.6979333758354187,0.5717744827270508,-7.558850825262198e-07,0.616378664970398,0.539359450340271,0.00834633782505989,0.5591849684715271,0.48009899258613586,0.003466209629550576,0.5141259431838989,0.4491567015647888,-0.009477540850639343,0.47689032554626465,0.42214906215667725,-0.022251076996326447,0.6163891553878784,0.33430027961730957,0.010441472753882408,0.5280340909957886,0.319072425365448,-0.012839816510677338,0.4972544312477112,0.3746286630630493,-0.032354507595300674,0.4966678321361542,0.4232955276966095,-0.04318063333630562,0.631100058555603,0.33694902062416077,-0.007881572470068932,0.5237453579902649,0.32607322931289673,-0.031927432864904404,0.4962487518787384,0.39732638001441956,-0.04539884626865387,0.504548966884613,0.4470159709453583,-0.051297131925821304,0.6401228904724121,0.36021947860717773,-0.027968768030405045,0.5355570316314697,0.33056843280792236,-0.05155157670378685,0.5069025158882141,0.3954665958881378,-0.05142642930150032,0.5153518319129944,0.4440379738807678,-0.04596012458205223,0.6399534940719604,0.40009763836860657,-0.04775078967213631,0.5632797479629517,0.3552933931350708,-0.06827349960803986,0.5323923826217651,0.3802669644355774,-0.06715572625398636,0.5320760011672974,0.41033104062080383,-0.060764823108911514,0.0,0.0,0.0,0.0,0.0,0.0,0.0,0.0,0.0,0.0,0.0,0.0,0.0,0.0,0.0,0.0,0.0,0.0,0.0,0.0,0.0,0.0,0.0,0.0,0.0,0.0,0.0,0.0,0.0,0.0,0.0,0.0,0.0,0.0,0.0,0.0,0.0,0.0,0.0,0.0,0.0,0.0,0.0,0.0,0.0,0.0,0.0,0.0,0.0,0.0,0.0,0.0,0.0,0.0,0.0,0.0,0.0,0.0,0.0,0.0,0.0,0.0,0.0,he
0.6772899627685547,0.6082610487937927,-7.631757625858882e-07,0.6252650022506714,0.5807652473449707,-0.011124365031719208,0.5667044520378113,0.5209137797355652,-0.023943787440657616,0.5253852009773254,0.4854033589363098,-0.04020819067955017,0.48805445432662964,0.4563300311565399,-0.054531678557395935,0.6022139191627502,0.360491544008255,-0.009907850064337254,0.5514093637466431,0.32660531997680664,-0.045873574912548065,0.5208401679992676,0.35517191886901855,-0.06731525808572769,0.5073933601379395,0.39004427194595337,-0.07725831121206284,0.639208197593689,0.3627333641052246,-0.021054057404398918,0.566306471824646,0.37802451848983765,-0.05143754556775093,0.5614798665046692,0.4564303755760193,-0.0530300997197628,0.5767374634742737,0.4795369505882263,-0.04915439337491989,0.6722419261932373,0.38970592617988586,-0.03757750988006592,0.5993654727935791,0.40846556425094604,-0.07020667940378189,0.5942120552062988,0.4826187491416931,-0.05546051263809204,0.6077772974967957,0.5056279301643372,-0.039206888526678085,0.6995624899864197,0.431881844997406,-0.05592913553118706,0.6403518915176392,0.43773457407951355,-0.07845008373260498,0.6259837746620178,0.49159348011016846,-0.06687931716442108,0.6320793032646179,0.5169212818145752,-0.05294843018054962,0.0,0.0,0.0,0.0,0.0,0.0,0.0,0.0,0.0,0.0,0.0,0.0,0.0,0.0,0.0,0.0,0.0,0.0,0.0,0.0,0.0,0.0,0.0,0.0,0.0,0.0,0.0,0.0,0.0,0.0,0.0,0.0,0.0,0.0,0.0,0.0,0.0,0.0,0.0,0.0,0.0,0.0,0.0,0.0,0.0,0.0,0.0,0.0,0.0,0.0,0.0,0.0,0.0,0.0,0.0,0.0,0.0,0.0,0.0,0.0,0.0,0.0,0.0,he
0.6757307052612305,0.6510591506958008,-9.888598242469016e-07,0.6096276044845581,0.6135548949241638,-0.007545855827629566,0.561307430267334,0.5327820181846619,-0.014368986710906029,0.540835976600647,0.4649958610534668,-0.023873234167695045,0.5275969505310059,0.4250571131706238,-0.0326649434864521,0.6012231707572937,0.3981024920940399,-0.009079241193830967,0.5634564161300659,0.37143027782440186,-0.039268165826797485,0.5289673805236816,0.39168357849121094,-0.06055217236280441,0.5038714408874512,0.42139485478401184,-0.0717097669839859,0.6453424692153931,0.39673900604248047,-0.019648754969239235,0.5810771584510803,0.45221006870269775,-0.046667419373989105,0.5679552555084229,0.5357069373130798,-0.051575638353824615,0.5761480927467346,0.5840666890144348,-0.0503060445189476,0.6843324303627014,0.430325984954834,-0.03373458981513977,0.6183451414108276,0.49272051453590393,-0.05884239077568054,0.6068048477172852,0.5659103393554688,-0.04838957265019417,0.6135572791099548,0.6027498245239258,-0.03689202666282654,0.7167626619338989,0.4809507727622986,-0.049805738031864166,0.6606150269508362,0.5288243293762207,-0.06556245684623718,0.6422545313835144,0.5836445093154907,-0.05575263872742653,0.6435734033584595,0.6121654510498047,-0.04445980489253998,0.0,0.0,0.0,0.0,0.0,0.0,0.0,0.0,0.0,0.0,0.0,0.0,0.0,0.0,0.0,0.0,0.0,0.0,0.0,0.0,0.0,0.0,0.0,0.0,0.0,0.0,0.0,0.0,0.0,0.0,0.0,0.0,0.0,0.0,0.0,0.0,0.0,0.0,0.0,0.0,0.0,0.0,0.0,0.0,0.0,0.0,0.0,0.0,0.0,0.0,0.0,0.0,0.0,0.0,0.0,0.0,0.0,0.0,0.0,0.0,0.0,0.0,0.0,he
0.690769374370575,0.6791540384292603,-7.818558174221835e-07,0.6188021302223206,0.6451348066329956,-0.013464397750794888,0.5633023381233215,0.5791720151901245,-0.02430022321641445,0.5350347757339478,0.5241636037826538,-0.036817800253629684,0.5144784450531006,0.49093079566955566,-0.047148510813713074,0.5880002379417419,0.43171146512031555,-0.017322106286883354,0.5548558235168457,0.41648775339126587,-0.04835498705506325,0.5299731492996216,0.4359480142593384,-0.0704345777630806,0.5140011310577393,0.4651324152946472,-0.082181416451931,0.6353505849838257,0.4291858673095703,-0.026461932808160782,0.590533971786499,0.5125934481620789,-0.05586490407586098,0.5776404142379761,0.584972620010376,-0.06343483924865723,0.5815660953521729,0.6300264596939087,-0.06363184750080109,0.678581714630127,0.4668673872947693,-0.039118263870477676,0.6331683993339539,0.5634751915931702,-0.06272928416728973,0.6231847405433655,0.6208962798118591,-0.053736306726932526,0.6290571689605713,0.6476913094520569,-0.043934859335422516,0.7146640419960022,0.5216271281242371,-0.054793234914541245,0.6750867962837219,0.5975937247276306,-0.0708884596824646,0.662287712097168,0.6397470235824585,-0.06358638405799866,0.6667657494544983,0.6544659733772278,-0.05351589247584343,0.0,0.0,0.0,0.0,0.0,0.0,0.0,0.0,0.0,0.0,0.0,0.0,0.0,0.0,0.0,0.0,0.0,0.0,0.0,0.0,0.0,0.0,0.0,0.0,0.0,0.0,0.0,0.0,0.0,0.0,0.0,0.0,0.0,0.0,0.0,0.0,0.0,0.0,0.0,0.0,0.0,0.0,0.0,0.0,0.0,0.0,0.0,0.0,0.0,0.0,0.0,0.0,0.0,0.0,0.0,0.0,0.0,0.0,0.0,0.0,0.0,0.0,0.0,he
0.6975021362304688,0.6759623289108276,-7.395536840704153e-07,0.6180296540260315,0.6308680772781372,-0.01273982971906662,0.5623234510421753,0.5545733571052551,-0.02138858661055565,0.5328848361968994,0.4881911873817444,-0.03143926337361336,0.5131146907806396,0.44795072078704834,-0.03867163881659508,0.5880661010742188,0.4197245240211487,-0.014125673100352287,0.5517560839653015,0.4250887334346771,-0.04567844048142433,0.536729633808136,0.4564191699028015,-0.06465525925159454,0.5292530655860901,0.4891197681427002,-0.07295743376016617,0.6336796283721924,0.4239675998687744,-0.023151639848947525,0.5913221836090088,0.49911242723464966,-0.05524355173110962,0.5768221616744995,0.5719497203826904,-0.062427639961242676,0.5770289897918701,0.6195504069328308,-0.0602538101375103,0.6769160032272339,0.46299389004707336,-0.0360458642244339,0.6335021257400513,0.5562718510627747,-0.06352303177118301,0.6217556595802307,0.6155868172645569,-0.05755402147769928,0.6254285573959351,0.6419515609741211,-0.04735904559493065,0.7138826251029968,0.5187506675720215,-0.05133764073252678,0.6768210530281067,0.5956783890724182,-0.06806819885969162,0.6641794443130493,0.6371084451675415,-0.06301907449960709,0.6673836708068848,0.6491703987121582,-0.053712330758571625,0.0,0.0,0.0,0.0,0.0,0.0,0.0,0.0,0.0,0.0,0.0,0.0,0.0,0.0,0.0,0.0,0.0,0.0,0.0,0.0,0.0,0.0,0.0,0.0,0.0,0.0,0.0,0.0,0.0,0.0,0.0,0.0,0.0,0.0,0.0,0.0,0.0,0.0,0.0,0.0,0.0,0.0,0.0,0.0,0.0,0.0,0.0,0.0,0.0,0.0,0.0,0.0,0.0,0.0,0.0,0.0,0.0,0.0,0.0,0.0,0.0,0.0,0.0,he
0.7015367746353149,0.6805639266967773,-4.359638126061327e-07,0.6238935589790344,0.6649007201194763,-0.023553233593702316,0.5632906556129456,0.663242518901825,-0.05256630480289459,0.524513840675354,0.7203199863433838,-0.08377136290073395,0.49595314264297485,0.7801530361175537,-0.11698466539382935,0.5905269980430603,0.5176000595092773,-0.05187217891216278,0.5582494735717773,0.5205836892127991,-0.08102136105298996,0.5383856892585754,0.5420515537261963,-0.09816134721040726,0.5282660722732544,0.5662793517112732,-0.10958497226238251,0.6470693349838257,0.5232560634613037,-0.06356453895568848,0.5767541527748108,0.6787561774253845,-0.09787927567958832,0.5704445838928223,0.765046238899231,-0.10538876056671143,0.5848417282104492,0.7967637777328491,-0.10699167102575302,0.6960663795471191,0.5713143348693848,-0.07649745792150497,0.6195459365844727,0.7294581532478333,-0.10163211077451706,0.6160649061203003,0.783069372177124,-0.09030982106924057,0.6268576383590698,0.7866858243942261,-0.08009184151887894,0.732101559638977,0.6338887214660645,-0.09275295585393906,0.6672267317771912,0.7515201568603516,-0.11074957251548767,0.6549160480499268,0.7873004674911499,-0.09752988815307617,0.6609320640563965,0.7831264734268188,-0.08329902589321136,0.0,0.0,0.0,0.0,0.0,0.0,0.0,0.0,0.0,0.0,0.0,0.0,0.0,0.0,0.0,0.0,0.0,0.0,0.0,0.0,0.0,0.0,0.0,0.0,0.0,0.0,0.0,0.0,0.0,0.0,0.0,0.0,0.0,0.0,0.0,0.0,0.0,0.0,0.0,0.0,0.0,0.0,0.0,0.0,0.0,0.0,0.0,0.0,0.0,0.0,0.0,0.0,0.0,0.0,0.0,0.0,0.0,0.0,0.0,0.0,0.0,0.0,0.0,he
0.7169760465621948,0.7362221479415894,-4.28530540830252e-07,0.6343430876731873,0.698793888092041,-0.01974627934396267,0.5725618004798889,0.6799625158309937,-0.04557210952043533,0.5303437113761902,0.7236157059669495,-0.07274777442216873,0.5008417963981628,0.7840521931648254,-0.10136432945728302,0.6023246645927429,0.5242393016815186,-0.0443517230451107,0.5746768116950989,0.5355154275894165,-0.07886730879545212,0.5445018410682678,0.5534203052520752,-0.10001993179321289,0.5207218527793884,0.5715664029121399,-0.11407842487096786,0.650597333908081,0.5341683626174927,-0.05678567662835121,0.5711024403572083,0.6754201650619507,-0.09417639672756195,0.5653022527694702,0.7652902603149414,-0.10187173634767532,0.5775447487831116,0.7966690063476562,-0.10263561457395554,0.6945980787277222,0.5858927369117737,-0.07155229896306992,0.6146551370620728,0.7311526536941528,-0.10291796922683716,0.6153378486633301,0.7831125855445862,-0.09566553682088852,0.6279403567314148,0.7811843752861023,-0.08613888919353485,0.7299993634223938,0.6507667899131775,-0.08856633305549622,0.6616453528404236,0.7563342452049255,-0.11042288690805435,0.65639328956604,0.7866843342781067,-0.10210666805505753,0.6665214896202087,0.7758030891418457,-0.09133497625589371,0.0,0.0,0.0,0.0,0.0,0.0,0.0,0.0,0.0,0.0,0.0,0.0,0.0,0.0,0.0,0.0,0.0,0.0,0.0,0.0,0.0,0.0,0.0,0.0,0.0,0.0,0.0,0.0,0.0,0.0,0.0,0.0,0.0,0.0,0.0,0.0,0.0,0.0,0.0,0.0,0.0,0.0,0.0,0.0,0.0,0.0,0.0,0.0,0.0,0.0,0.0,0.0,0.0,0.0,0.0,0.0,0.0,0.0,0.0,0.0,0.0,0.0,0.0,he
0.7134000062942505,0.711929202079773,-3.10676767867335e-07,0.6366824507713318,0.6777098774909973,-0.025416146963834763,0.5795114636421204,0.6659519672393799,-0.055646512657403946,0.5356415510177612,0.7057262659072876,-0.08573847264051437,0.5028268098831177,0.7565653324127197,-0.11694861948490143,0.6020141243934631,0.5012725591659546,-0.05393880233168602,0.5717905759811401,0.520944356918335,-0.09022699296474457,0.5466887354850769,0.5289060473442078,-0.11174435913562775,0.5271965265274048,0.535041332244873,-0.12699857354164124,0.6527612805366516,0.5099347233772278,-0.06507616490125656,0.5717417597770691,0.6530285477638245,-0.10903788357973099,0.562667191028595,0.742820143699646,-0.11830276250839233,0.5720572471618652,0.7776588201522827,-0.11928550153970718,0.6970492005348206,0.562178373336792,-0.07898297905921936,0.6200161576271057,0.7085249423980713,-0.11726924031972885,0.616652250289917,0.7584099173545837,-0.11175017058849335,0.6272947192192078,0.757026195526123,-0.10237562656402588,0.7325405478477478,0.6287805438041687,-0.09540162235498428,0.6643348336219788,0.7349012494087219,-0.1251951903104782,0.6494848728179932,0.7700660824775696,-0.12200535088777542,0.6509194374084473,0.7651281356811523,-0.11412645131349564,0.0,0.0,0.0,0.0,0.0,0.0,0.0,0.0,0.0,0.0,0.0,0.0,0.0,0.0,0.0,0.0,0.0,0.0,0.0,0.0,0.0,0.0,0.0,0.0,0.0,0.0,0.0,0.0,0.0,0.0,0.0,0.0,0.0,0.0,0.0,0.0,0.0,0.0,0.0,0.0,0.0,0.0,0.0,0.0,0.0,0.0,0.0,0.0,0.0,0.0,0.0,0.0,0.0,0.0,0.0,0.0,0.0,0.0,0.0,0.0,0.0,0.0,0.0,he
0.7138857841491699,0.7091279625892639,-3.3460867143730866e-07,0.6398125290870667,0.6784628629684448,-0.023697178810834885,0.5818558931350708,0.6629514694213867,-0.05076983943581581,0.5385008454322815,0.6983454823493958,-0.07832230627536774,0.5082180500030518,0.7449308037757874,-0.10718823224306107,0.6058511734008789,0.500652551651001,-0.04457688331604004,0.5780121684074402,0.5138757228851318,-0.07980473339557648,0.5494579672813416,0.5180500745773315,-0.10319069772958755,0.5228436589241028,0.5188867449760437,-0.1201905757188797,0.6553134322166443,0.5042569637298584,-0.05646273493766785,0.5778443813323975,0.6438179016113281,-0.09800194203853607,0.5728750824928284,0.7331112623214722,-0.10715260356664658,0.5857099294662476,0.7596421241760254,-0.10773496329784393,0.6996159553527832,0.5530903339385986,-0.07152172923088074,0.6252460479736328,0.6976708173751831,-0.10824273526668549,0.6203779578208923,0.7529944181442261,-0.10131830722093582,0.6294000148773193,0.7497628331184387,-0.09065335243940353,0.7343131899833679,0.6190108060836792,-0.08937139064073563,0.6713453531265259,0.7236812114715576,-0.11659075319766998,0.6575300097465515,0.7597124576568604,-0.11087695509195328,0.6600806713104248,0.7517732977867126,-0.10114361345767975,0.0,0.0,0.0,0.0,0.0,0.0,0.0,0.0,0.0,0.0,0.0,0.0,0.0,0.0,0.0,0.0,0.0,0.0,0.0,0.0,0.0,0.0,0.0,0.0,0.0,0.0,0.0,0.0,0.0,0.0,0.0,0.0,0.0,0.0,0.0,0.0,0.0,0.0,0.0,0.0,0.0,0.0,0.0,0.0,0.0,0.0,0.0,0.0,0.0,0.0,0.0,0.0,0.0,0.0,0.0,0.0,0.0,0.0,0.0,0.0,0.0,0.0,0.0,he
0.7166694402694702,0.7056477665901184,-3.693454857511824e-07,0.6445088982582092,0.6772960424423218,-0.023430170491337776,0.5880717039108276,0.6592267155647278,-0.04915032163262367,0.5463536977767944,0.6917022466659546,-0.07517381012439728,0.5161945819854736,0.7362459301948547,-0.10267466306686401,0.6104611158370972,0.49297553300857544,-0.04276799038052559,0.5765150189399719,0.511154294013977,-0.07880377769470215,0.5458006262779236,0.5133429765701294,-0.1042068600654602,0.5177234411239624,0.5073038935661316,-0.12295147031545639,0.659709632396698,0.4958209991455078,-0.05460858717560768,0.5800572633743286,0.6376218199729919,-0.0968199148774147,0.5772233009338379,0.7266332507133484,-0.10638093948364258,0.5920534133911133,0.7511683106422424,-0.10698536783456802,0.7036885023117065,0.5450435876846313,-0.0697888657450676,0.6272053718566895,0.6908993124961853,-0.1073528602719307,0.6241788268089294,0.7469067573547363,-0.0999244675040245,0.6353151202201843,0.7427196502685547,-0.08857102692127228,0.7377577424049377,0.6116431355476379,-0.08786124736070633,0.6735913157463074,0.7177010774612427,-0.11639208346605301,0.6628785133361816,0.75391685962677,-0.11100113391876221,0.6692551374435425,0.7447803020477295,-0.10108555853366852,0.0,0.0,0.0,0.0,0.0,0.0,0.0,0.0,0.0,0.0,0.0,0.0,0.0,0.0,0.0,0.0,0.0,0.0,0.0,0.0,0.0,0.0,0.0,0.0,0.0,0.0,0.0,0.0,0.0,0.0,0.0,0.0,0.0,0.0,0.0,0.0,0.0,0.0,0.0,0.0,0.0,0.0,0.0,0.0,0.0,0.0,0.0,0.0,0.0,0.0,0.0,0.0,0.0,0.0,0.0,0.0,0.0,0.0,0.0,0.0,0.0,0.0,0.0,he
0.7193558812141418,0.7111979722976685,-3.660139498151693e-07,0.6458026170730591,0.6822011470794678,-0.02213161252439022,0.589346706867218,0.6629485487937927,-0.04694346711039543,0.5439877510070801,0.6917606592178345,-0.07260645180940628,0.5081492066383362,0.7334160804748535,-0.09967993199825287,0.6123827695846558,0.4972062110900879,-0.03716890513896942,0.5793517827987671,0.5104070901870728,-0.0708070769906044,0.5487062931060791,0.5110832452774048,-0.09481342881917953,0.5206778645515442,0.506968080997467,-0.11266475915908813,0.6607486009597778,0.5005578398704529,-0.04959659278392792,0.5799537301063538,0.6307061910629272,-0.09002784639596939,0.5743037462234497,0.7234817147254944,-0.10004258155822754,0.586881697177887,0.7524833679199219,-0.10074497759342194,0.7042498588562012,0.5488751530647278,-0.0652465969324112,0.627723753452301,0.6880801916122437,-0.10135315358638763,0.6234690546989441,0.7473098635673523,-0.094798743724823,0.6333269476890564,0.7455538511276245,-0.08426780253648758,0.738060474395752,0.6153337955474854,-0.08364059776067734,0.6750984191894531,0.7171695828437805,-0.10967735946178436,0.662807285785675,0.7553204298019409,-0.1032043844461441,0.6672632694244385,0.7488037943840027,-0.09313385933637619,0.0,0.0,0.0,0.0,0.0,0.0,0.0,0.0,0.0,0.0,0.0,0.0,0.0,0.0,0.0,0.0,0.0,0.0,0.0,0.0,0.0,0.0,0.0,0.0,0.0,0.0,0.0,0.0,0.0,0.0,0.0,0.0,0.0,0.0,0.0,0.0,0.0,0.0,0.0,0.0,0.0,0.0,0.0,0.0,0.0,0.0,0.0,0.0,0.0,0.0,0.0,0.0,0.0,0.0,0.0,0.0,0.0,0.0,0.0,0.0,0.0,0.0,0.0,he
0.7023237943649292,0.6896165013313293,-4.19329694523185e-07,0.6375330686569214,0.6686841249465942,-0.02236170321702957,0.5743587613105774,0.6385716199874878,-0.04384428635239601,0.5242174863815308,0.6302298903465271,-0.06571902334690094,0.48797768354415894,0.6432201862335205,-0.0872287005186081,0.6054023504257202,0.4778265357017517,-0.03375811129808426,0.5867254734039307,0.4634496569633484,-0.062171872705221176,0.5595153570175171,0.46535855531692505,-0.07983143627643585,0.5397936701774597,0.48459017276763916,-0.09110438078641891,0.6554068326950073,0.4810391664505005,-0.0424039326608181,0.5917526483535767,0.5874191522598267,-0.07418111711740494,0.5691789388656616,0.6734029054641724,-0.0795179083943367,0.570494532585144,0.7160559892654419,-0.07855776697397232,0.7007085680961609,0.5290191769599915,-0.054615940898656845,0.638411819934845,0.6325072050094604,-0.08634782582521439,0.6174384355545044,0.6927295923233032,-0.08066999912261963,0.6176668405532837,0.7122947573661804,-0.07155661284923553,0.739603579044342,0.5922540426254272,-0.06911392509937286,0.6858859062194824,0.6673547029495239,-0.09456650167703629,0.6620376706123352,0.7072051763534546,-0.09053108841180801,0.6585493683815002,0.718449592590332,-0.0817040354013443,0.0,0.0,0.0,0.0,0.0,0.0,0.0,0.0,0.0,0.0,0.0,0.0,0.0,0.0,0.0,0.0,0.0,0.0,0.0,0.0,0.0,0.0,0.0,0.0,0.0,0.0,0.0,0.0,0.0,0.0,0.0,0.0,0.0,0.0,0.0,0.0,0.0,0.0,0.0,0.0,0.0,0.0,0.0,0.0,0.0,0.0,0.0,0.0,0.0,0.0,0.0,0.0,0.0,0.0,0.0,0.0,0.0,0.0,0.0,0.0,0.0,0.0,0.0,he
0.7130579948425293,0.6967682838439941,-5.20656897151639e-07,0.6404467821121216,0.6723973751068115,-0.020705483853816986,0.5710691809654236,0.6383492350578308,-0.04103585332632065,0.5189405083656311,0.6267611980438232,-0.06197938695549965,0.48524999618530273,0.637867271900177,-0.08255104720592499,0.6024569272994995,0.4731842577457428,-0.034573569893836975,0.5734438896179199,0.46383094787597656,-0.06189612299203873,0.5458640456199646,0.4680424928665161,-0.07901604473590851,0.5252282619476318,0.4800399839878082,-0.09047849476337433,0.6540220975875854,0.4767994284629822,-0.04359254613518715,0.5894488096237183,0.5898559093475342,-0.07444893568754196,0.5681117177009583,0.6765437126159668,-0.07956277579069138,0.5699164867401123,0.7188509702682495,-0.07949688285589218,0.6993993520736694,0.5245693325996399,-0.05561862885951996,0.6355662941932678,0.6363183259963989,-0.08359615504741669,0.6168017387390137,0.6966421604156494,-0.07624121010303497,0.6184787750244141,0.7179676294326782,-0.06785251945257187,0.7374985218048096,0.5881593227386475,-0.07024944573640823,0.6833791732788086,0.6677186489105225,-0.09188146889209747,0.6622734069824219,0.7086954712867737,-0.08594587445259094,0.6603726744651794,0.7223257422447205,-0.07693498581647873,0.0,0.0,0.0,0.0,0.0,0.0,0.0,0.0,0.0,0.0,0.0,0.0,0.0,0.0,0.0,0.0,0.0,0.0,0.0,0.0,0.0,0.0,0.0,0.0,0.0,0.0,0.0,0.0,0.0,0.0,0.0,0.0,0.0,0.0,0.0,0.0,0.0,0.0,0.0,0.0,0.0,0.0,0.0,0.0,0.0,0.0,0.0,0.0,0.0,0.0,0.0,0.0,0.0,0.0,0.0,0.0,0.0,0.0,0.0,0.0,0.0,0.0,0.0,he
0.7495258450508118,0.6285583972930908,-4.5472569354387815e-07,0.6548337936401367,0.5819739103317261,0.002227960852906108,0.5931221842765808,0.5404975414276123,-0.008448483422398567,0.5516344308853149,0.5074491500854492,-0.024640575051307678,0.5211188793182373,0.48894453048706055,-0.041038475930690765,0.6200000047683716,0.41634827852249146,-0.0015758608933538198,0.5560425519943237,0.4196922183036804,-0.03440714627504349,0.5433719158172607,0.4748375415802002,-0.061099231243133545,0.5513537526130676,0.5219061374664307,-0.07503757625818253,0.6452712416648865,0.42148834466934204,-0.016168538480997086,0.5764069557189941,0.4271612763404846,-0.04224477335810661,0.56087327003479,0.4900115728378296,-0.05408114194869995,0.5695760250091553,0.5423064231872559,-0.05905991047620773,0.6695547103881836,0.44431015849113464,-0.03352658823132515,0.6052364706993103,0.46052607893943787,-0.05539209395647049,0.5925416946411133,0.5224543809890747,-0.049642544239759445,0.6014703512191772,0.5714642405509949,-0.04205987602472305,0.6909575462341309,0.4844379127025604,-0.05161412060260773,0.6414221525192261,0.49517393112182617,-0.06435953825712204,0.6268802881240845,0.5420206189155579,-0.05524935945868492,0.6286562085151672,0.5786332488059998,-0.045081742107868195,0.0,0.0,0.0,0.0,0.0,0.0,0.0,0.0,0.0,0.0,0.0,0.0,0.0,0.0,0.0,0.0,0.0,0.0,0.0,0.0,0.0,0.0,0.0,0.0,0.0,0.0,0.0,0.0,0.0,0.0,0.0,0.0,0.0,0.0,0.0,0.0,0.0,0.0,0.0,0.0,0.0,0.0,0.0,0.0,0.0,0.0,0.0,0.0,0.0,0.0,0.0,0.0,0.0,0.0,0.0,0.0,0.0,0.0,0.0,0.0,0.0,0.0,0.0,he
0.6826996803283691,0.48089975118637085,3.1032467973091116e-07,0.6086135506629944,0.4785332977771759,-0.013937976211309433,0.5538579821586609,0.43846988677978516,-0.03077334724366665,0.5077695846557617,0.4102267622947693,-0.04735612869262695,0.46024030447006226,0.3936693072319031,-0.06430742889642715,0.5960597395896912,0.32364916801452637,-0.02974006161093712,0.5408187508583069,0.2604772746562958,-0.0525059774518013,0.4986596703529358,0.22409915924072266,-0.06930430233478546,0.46194517612457275,0.19863194227218628,-0.0805232971906662,0.6181891560554504,0.3099804222583771,-0.03769666701555252,0.5531548857688904,0.24343588948249817,-0.058727070689201355,0.5024496912956238,0.20823585987091064,-0.07232242822647095,0.46083226799964905,0.18635685741901398,-0.08226849138736725,0.6335567235946655,0.31863296031951904,-0.04667088761925697,0.5707132816314697,0.2596133053302765,-0.0650087371468544,0.5186817049980164,0.22811314463615417,-0.0735493004322052,0.4774237275123596,0.20901596546173096,-0.07925356179475784,0.6378476023674011,0.34457093477249146,-0.05644838511943817,0.5919241905212402,0.2997589111328125,-0.07217803597450256,0.5533950924873352,0.27106940746307373,-0.07767936587333679,0.5204861164093018,0.2507426142692566,-0.08102058619260788,0.736972987651825,0.5585812926292419,4.976253080712922e-07,0.6400892734527588,0.4925512969493866,0.0289854034781456,0.5730258226394653,0.4406842291355133,0.01773783192038536,0.5157094597816467,0.41487932205200195,-0.004841743968427181,0.4588336944580078,0.4027911126613617,-0.031504012644290924,0.639994204044342,0.3631517291069031,0.0006492881220765412,0.5775636434555054,0.3063259720802307,-0.025236666202545166,0.5449846982955933,0.26543179154396057,-0.053399451076984406,0.5018591284751892,0.23068472743034363,-0.07798951864242554,0.6562965512275696,0.3758377134799957,-0.03684021905064583,0.5861068964004517,0.2924363315105438,-0.06895718723535538,0.5384456515312195,0.25267255306243896,-0.09953183680772781,0.4897325038909912,0.21941909193992615,-0.1251211017370224,0.6649194955825806,0.41017818450927734,-0.07071400433778763,0.5938970446586609,0.3193448781967163,-0.09349291026592255,0.5530641078948975,0.27859240770339966,-0.10166867822408676,0.5097730755805969,0.24323886632919312,-0.11152102798223495,0.65908282995224,0.45741739869117737,-0.1019493117928505,0.6236003637313843,0.4002644419670105,-0.11747750639915466,0.598272442817688,0.3579968810081482,-0.11910820752382278,0.5718105435371399,0.3144042193889618,-0.12406469881534576,he
0.6956448554992676,0.503473162651062,3.867473310492642e-07,0.602360725402832,0.45141178369522095,0.01490600686520338,0.5460478067398071,0.4082816243171692,0.011102105490863323,0.4994816780090332,0.39327096939086914,0.0009827982867136598,0.45893168449401855,0.38803237676620483,-0.010917054489254951,0.5915260910987854,0.30830883979797363,0.010387062095105648,0.545896589756012,0.24511639773845673,-0.00237787002697587,0.5130093693733215,0.2039310783147812,-0.015767987817525864,0.47942233085632324,0.1686234474182129,-0.026522774249315262,0.6042941808700562,0.30444857478141785,-0.009078160859644413,0.5500882267951965,0.2306607961654663,-0.02215934917330742,0.5114243030548096,0.18201571702957153,-0.03563864901661873,0.47864148020744324,0.1428537666797638,-0.04736380651593208,0.6084234118461609,0.3219556212425232,-0.028234511613845825,0.555237352848053,0.25359877943992615,-0.04034795984625816,0.5166996717453003,0.20757153630256653,-0.05016668885946274,0.4839046895503998,0.17203983664512634,-0.058772213757038116,0.6030055284500122,0.35738611221313477,-0.0460500568151474,0.5699095129966736,0.3035920262336731,-0.0556161105632782,0.5442520380020142,0.2626897096633911,-0.06044229492545128,0.5209835171699524,0.227363720536232,-0.0655355155467987,0.0,0.0,0.0,0.0,0.0,0.0,0.0,0.0,0.0,0.0,0.0,0.0,0.0,0.0,0.0,0.0,0.0,0.0,0.0,0.0,0.0,0.0,0.0,0.0,0.0,0.0,0.0,0.0,0.0,0.0,0.0,0.0,0.0,0.0,0.0,0.0,0.0,0.0,0.0,0.0,0.0,0.0,0.0,0.0,0.0,0.0,0.0,0.0,0.0,0.0,0.0,0.0,0.0,0.0,0.0,0.0,0.0,0.0,0.0,0.0,0.0,0.0,0.0,he
0.6664960384368896,0.46955639123916626,2.989008009990357e-07,0.587015688419342,0.45060187578201294,0.008789648301899433,0.537149965763092,0.40943479537963867,0.0009993241401389241,0.4922511577606201,0.3930656611919403,-0.011548267677426338,0.4511578381061554,0.3871577978134155,-0.02655819244682789,0.5827562212944031,0.27607497572898865,-0.005540906917303801,0.5260180830955505,0.2084895521402359,-0.02186959981918335,0.4866522252559662,0.16326338052749634,-0.035131942480802536,0.4507369101047516,0.1260993778705597,-0.04528098925948143,0.5895156264305115,0.2750534415245056,-0.023612860590219498,0.5205284357070923,0.19892971217632294,-0.04192085936665535,0.47433167695999146,0.15153707563877106,-0.05586334317922592,0.436678946018219,0.11177924275398254,-0.06706369668245316,0.5863770842552185,0.298342764377594,-0.041148073971271515,0.5174921154975891,0.22347542643547058,-0.05793456360697746,0.4708241820335388,0.17782308161258698,-0.06816326826810837,0.43456822633743286,0.1394129991531372,-0.07619615644216537,0.5704300999641418,0.33741745352745056,-0.05763092637062073,0.5243293046951294,0.27635931968688965,-0.07083164155483246,0.490729421377182,0.23605631291866302,-0.07679755240678787,0.4626390039920807,0.19830721616744995,-0.08219791948795319,0.0,0.0,0.0,0.0,0.0,0.0,0.0,0.0,0.0,0.0,0.0,0.0,0.0,0.0,0.0,0.0,0.0,0.0,0.0,0.0,0.0,0.0,0.0,0.0,0.0,0.0,0.0,0.0,0.0,0.0,0.0,0.0,0.0,0.0,0.0,0.0,0.0,0.0,0.0,0.0,0.0,0.0,0.0,0.0,0.0,0.0,0.0,0.0,0.0,0.0,0.0,0.0,0.0,0.0,0.0,0.0,0.0,0.0,0.0,0.0,0.0,0.0,0.0,he
0.6615987420082092,0.458318829536438,1.750044589243771e-07,0.58396977186203,0.4456913471221924,0.004829771816730499,0.5353328585624695,0.40804335474967957,-0.004504757467657328,0.49258339405059814,0.39047855138778687,-0.017267607152462006,0.4539127051830292,0.3844854235649109,-0.0323607437312603,0.5788717865943909,0.2716212570667267,-0.014959334395825863,0.52353835105896,0.20364877581596375,-0.03295690193772316,0.48618489503860474,0.1598009616136551,-0.04675000533461571,0.45213639736175537,0.12331874668598175,-0.057340528815984726,0.5861982703208923,0.27203893661499023,-0.03060459904372692,0.5170475840568542,0.19525450468063354,-0.05034284293651581,0.47396528720855713,0.1489133983850479,-0.06381198763847351,0.4394947588443756,0.10897654294967651,-0.07471376657485962,0.583810567855835,0.295491099357605,-0.045598354190588,0.5150893926620483,0.22200539708137512,-0.0638037696480751,0.47100013494491577,0.17893566191196442,-0.0741773173213005,0.43687641620635986,0.14262819290161133,-0.08223728090524673,0.5689297318458557,0.33300721645355225,-0.05976641923189163,0.5259537696838379,0.27453848719596863,-0.07557497173547745,0.49426451325416565,0.23757556080818176,-0.08330933004617691,0.4673357903957367,0.20328064262866974,-0.0897386223077774,0.0,0.0,0.0,0.0,0.0,0.0,0.0,0.0,0.0,0.0,0.0,0.0,0.0,0.0,0.0,0.0,0.0,0.0,0.0,0.0,0.0,0.0,0.0,0.0,0.0,0.0,0.0,0.0,0.0,0.0,0.0,0.0,0.0,0.0,0.0,0.0,0.0,0.0,0.0,0.0,0.0,0.0,0.0,0.0,0.0,0.0,0.0,0.0,0.0,0.0,0.0,0.0,0.0,0.0,0.0,0.0,0.0,0.0,0.0,0.0,0.0,0.0,0.0,he
0.6381542682647705,0.4359198808670044,9.800237066315276e-09,0.5863620638847351,0.4550166130065918,-0.035740602761507034,0.5342146158218384,0.41894567012786865,-0.04989154636859894,0.49212178587913513,0.3876030147075653,-0.05583878606557846,0.4518752992153168,0.37515392899513245,-0.059680547565221786,0.5704953074455261,0.31115487217903137,-0.03689976781606674,0.5181851983070374,0.2725096046924591,-0.04370583966374397,0.4818218946456909,0.2599007487297058,-0.0492723248898983,0.4548375606536865,0.2563464641571045,-0.05294365435838699,0.5888344049453735,0.2896762490272522,-0.020804377272725105,0.5324259400367737,0.2574045658111572,-0.026397760957479477,0.4952967166900635,0.24944889545440674,-0.029864393174648285,0.46386927366256714,0.24965910613536835,-0.03202276676893234,0.5970132946968079,0.28225934505462646,-0.00621033925563097,0.5421388745307922,0.2513130307197571,-0.01231120154261589,0.5067141652107239,0.24342674016952515,-0.012410786002874374,0.47689682245254517,0.24299421906471252,-0.011474375613033772,0.5953341126441956,0.28565114736557007,0.00601033354178071,0.5458630919456482,0.2568877339363098,-0.001021177158690989,0.5156722664833069,0.24647462368011475,-0.0006331633776426315,0.4908340275287628,0.24346110224723816,0.0018689435673877597,0.6502499580383301,0.4743363857269287,-4.439504834863328e-07,0.5816410779953003,0.4530753493309021,0.006809154059737921,0.5343786478042603,0.40770575404167175,-0.0027824342250823975,0.48934534192085266,0.37960323691368103,-0.01707160286605358,0.44503945112228394,0.3692981004714966,-0.03223436698317528,0.5800621509552002,0.28614264726638794,-0.0064617483876645565,0.49882403016090393,0.24439221620559692,-0.027132075279951096,0.4488203525543213,0.25526660680770874,-0.04430394619703293,0.41658252477645874,0.2786651849746704,-0.05363151803612709,0.5879127383232117,0.28302326798439026,-0.020373856648802757,0.49077242612838745,0.24241776764392853,-0.037198204547166824,0.43895795941352844,0.25960850715637207,-0.04993482306599617,0.4056215286254883,0.2860323190689087,-0.059853773564100266,0.5871575474739075,0.3018083870410919,-0.03402004390954971,0.496249258518219,0.24798108637332916,-0.04867424815893173,0.4466445744037628,0.26221930980682373,-0.052149124443531036,0.414512574672699,0.28678590059280396,-0.054202333092689514,0.5750229954719543,0.3353936970233917,-0.04676538333296776,0.5071896910667419,0.2799716293811798,-0.05871037393808365,0.4668591618537903,0.2736479938030243,-0.05936051532626152,0.4373469352722168,0.28295278549194336,-0.058751750737428665,he
0.6555370092391968,0.4948561489582062,-7.351786166509555e-07,0.5754002332687378,0.46463871002197266,0.023015320301055908,0.535089910030365,0.41059958934783936,0.021156124770641327,0.4946873188018799,0.3849934935569763,0.009705000557005405,0.4537217617034912,0.3712430000305176,-0.004038255661725998,0.5890870094299316,0.28645217418670654,0.01808520033955574,0.5042989253997803,0.2751374840736389,0.0006237376946955919,0.463448703289032,0.31504008173942566,-0.016418496146798134,0.445078045129776,0.35424327850341797,-0.026369057595729828,0.5964922308921814,0.287237286567688,-0.004774949979037046,0.49189940094947815,0.2702924609184265,-0.018993182107806206,0.4519953429698944,0.32414865493774414,-0.03133874014019966,0.4384053945541382,0.3681880235671997,-0.04063835367560387,0.595854640007019,0.30866509675979614,-0.027003463357686996,0.4963456392288208,0.27467525005340576,-0.04036537930369377,0.45841455459594727,0.32238101959228516,-0.04165080189704895,0.4467119872570038,0.36332234740257263,-0.04230538755655289,0.582188606262207,0.34569644927978516,-0.04742082208395004,0.5068655610084534,0.3095860481262207,-0.05824824422597885,0.4769420921802521,0.3284526467323303,-0.05592522770166397,0.4665931463241577,0.3518480658531189,-0.05309634283185005,0.0,0.0,0.0,0.0,0.0,0.0,0.0,0.0,0.0,0.0,0.0,0.0,0.0,0.0,0.0,0.0,0.0,0.0,0.0,0.0,0.0,0.0,0.0,0.0,0.0,0.0,0.0,0.0,0.0,0.0,0.0,0.0,0.0,0.0,0.0,0.0,0.0,0.0,0.0,0.0,0.0,0.0,0.0,0.0,0.0,0.0,0.0,0.0,0.0,0.0,0.0,0.0,0.0,0.0,0.0,0.0,0.0,0.0,0.0,0.0,0.0,0.0,0.0,he
0.6333867311477661,0.46246978640556335,-4.978839456271089e-07,0.576629102230072,0.46632120013237,-0.001592429238371551,0.5350400805473328,0.42393994331359863,-0.0064963288605213165,0.5019484758377075,0.39785513281822205,-0.013253063894808292,0.47122466564178467,0.37918344140052795,-0.020636891946196556,0.5839036107063293,0.2993678152561188,-0.014214040711522102,0.5048217177391052,0.2876792550086975,-0.03289845213294029,0.4649759531021118,0.329193115234375,-0.04462236538529396,0.448101669549942,0.37120598554611206,-0.04972560331225395,0.5943096876144409,0.2951863706111908,-0.02355622686445713,0.4997148811817169,0.28330352902412415,-0.041795194149017334,0.45830613374710083,0.33109578490257263,-0.04897817596793175,0.4434328079223633,0.374747097492218,-0.05127299576997757,0.5940241813659668,0.3098008930683136,-0.033529751002788544,0.49676427245140076,0.28838998079299927,-0.05226592719554901,0.45736029744148254,0.33430275321006775,-0.05372988060116768,0.443484365940094,0.3746563494205475,-0.05102972686290741,0.5863933563232422,0.34022560715675354,-0.04329293221235275,0.5141233205795288,0.30925312638282776,-0.060201529413461685,0.47897711396217346,0.33339986205101013,-0.06052988022565842,0.46412327885627747,0.3648639917373657,-0.056912023574113846,0.6643508672714233,0.49604812264442444,-7.289854693226516e-07,0.5781978964805603,0.4744419753551483,0.02080470323562622,0.5360386371612549,0.42616474628448486,0.01919434405863285,0.4983052909374237,0.4030342102050781,0.008054488338530064,0.46386557817459106,0.3822115361690521,-0.0055386582389473915,0.5905583500862122,0.2900530695915222,0.01424326654523611,0.5034384727478027,0.27645331621170044,-0.00422083493322134,0.465183287858963,0.32388070225715637,-0.021856063976883888,0.4529431164264679,0.3699812591075897,-0.032107532024383545,0.5996840596199036,0.28973281383514404,-0.00835200771689415,0.49462005496025085,0.27577173709869385,-0.023526595905423164,0.4573642313480377,0.33365222811698914,-0.035628460347652435,0.45148059725761414,0.3800644278526306,-0.044500112533569336,0.599901020526886,0.31227102875709534,-0.03076240047812462,0.499513179063797,0.28010639548301697,-0.046627938747406006,0.4630858898162842,0.33412542939186096,-0.04840947687625885,0.45797091722488403,0.3799881935119629,-0.04868033528327942,0.5872052311897278,0.35160934925079346,-0.05143222212791443,0.5083412528038025,0.31438374519348145,-0.06477714329957962,0.47800540924072266,0.3440070152282715,-0.06218640133738518,0.4721274971961975,0.3795448839664459,-0.05845065414905548,he
0.6759893894195557,0.5233551263809204,-7.834258894945378e-07,0.5932864546775818,0.4949929118156433,0.02088504284620285,0.5382918119430542,0.4422781765460968,0.019998405128717422,0.49526458978652954,0.4156697988510132,0.008717125281691551,0.4648255407810211,0.39198195934295654,-0.003576768096536398,0.5959906578063965,0.3033085763454437,0.023736625909805298,0.513293445110321,0.2936680316925049,0.0028720044065266848,0.4699317216873169,0.3299015760421753,-0.0177154503762722,0.44642889499664307,0.36704114079475403,-0.03015914559364319,0.6108476519584656,0.29922905564308167,-0.0016162018291652203,0.5070694088935852,0.29261118173599243,-0.0197298526763916,0.4646313786506653,0.3443194627761841,-0.034675925970077515,0.4476162791252136,0.38932356238365173,-0.043936241418123245,0.6183884143829346,0.31754791736602783,-0.028078462928533554,0.5153771042823792,0.30103614926338196,-0.045165713876485825,0.47396421432495117,0.35244616866111755,-0.046750783920288086,0.4578266739845276,0.39403221011161804,-0.0456179715692997,0.6146717071533203,0.35568103194236755,-0.05357561260461807,0.5347954034805298,0.3307178020477295,-0.06956345587968826,0.4946388006210327,0.3547288775444031,-0.06951232999563217,0.4740326404571533,0.38243192434310913,-0.066216841340065,0.0,0.0,0.0,0.0,0.0,0.0,0.0,0.0,0.0,0.0,0.0,0.0,0.0,0.0,0.0,0.0,0.0,0.0,0.0,0.0,0.0,0.0,0.0,0.0,0.0,0.0,0.0,0.0,0.0,0.0,0.0,0.0,0.0,0.0,0.0,0.0,0.0,0.0,0.0,0.0,0.0,0.0,0.0,0.0,0.0,0.0,0.0,0.0,0.0,0.0,0.0,0.0,0.0,0.0,0.0,0.0,0.0,0.0,0.0,0.0,0.0,0.0,0.0,he
0.6805704832077026,0.5244961380958557,-7.02461363744078e-07,0.5934123992919922,0.4928905963897705,0.01396469958126545,0.5385787487030029,0.43759027123451233,0.009521766565740108,0.4942147731781006,0.40640974044799805,-0.003529537236317992,0.464811772108078,0.38162004947662354,-0.01695953868329525,0.5976124405860901,0.2971566617488861,0.016181470826268196,0.5120965838432312,0.29097095131874084,-0.006347076501697302,0.4684394299983978,0.3291078507900238,-0.028346598148345947,0.443352609872818,0.36657872796058655,-0.04186415672302246,0.6123026609420776,0.2959756851196289,-0.004855046514421701,0.5049042701721191,0.2902217209339142,-0.025416750460863113,0.4626864194869995,0.3433493673801422,-0.04192207753658295,0.44367697834968567,0.38785693049430847,-0.05229112505912781,0.6189894676208496,0.3169363737106323,-0.02710345759987831,0.515333354473114,0.2978798747062683,-0.04571031779050827,0.47287681698799133,0.34739941358566284,-0.048844292759895325,0.45320236682891846,0.389122873544693,-0.04861675202846527,0.6133144497871399,0.35679444670677185,-0.048835039138793945,0.5354493856430054,0.3334681987762451,-0.06532517075538635,0.49533480405807495,0.35273247957229614,-0.06680607050657272,0.4714500904083252,0.37674692273139954,-0.06473587453365326,0.0,0.0,0.0,0.0,0.0,0.0,0.0,0.0,0.0,0.0,0.0,0.0,0.0,0.0,0.0,0.0,0.0,0.0,0.0,0.0,0.0,0.0,0.0,0.0,0.0,0.0,0.0,0.0,0.0,0.0,0.0,0.0,0.0,0.0,0.0,0.0,0.0,0.0,0.0,0.0,0.0,0.0,0.0,0.0,0.0,0.0,0.0,0.0,0.0,0.0,0.0,0.0,0.0,0.0,0.0,0.0,0.0,0.0,0.0,0.0,0.0,0.0,0.0,he
0.6599687933921814,0.5569700598716736,-6.705250825689291e-07,0.603560209274292,0.528089165687561,-0.0030233231373131275,0.5478411316871643,0.45961928367614746,-0.0075470199808478355,0.5098287463188171,0.41413822770118713,-0.017897754907608032,0.4745669364929199,0.3771292269229889,-0.02707570418715477,0.5789640545845032,0.3329170346260071,0.013910980895161629,0.5318407416343689,0.2989567518234253,-0.01481728907674551,0.4926387667655945,0.31838592886924744,-0.040232282131910324,0.4659108519554138,0.3492116332054138,-0.05460440739989281,0.6041259169578552,0.32633426785469055,0.0008741103811189532,0.538787841796875,0.2965432405471802,-0.024418698623776436,0.5032231211662292,0.3401647210121155,-0.04054556414484978,0.4859679341316223,0.37873879075050354,-0.04812238737940788,0.6301384568214417,0.33809173107147217,-0.016727039590477943,0.563533365726471,0.30963850021362305,-0.04215788096189499,0.5360550880432129,0.36274826526641846,-0.04429863765835762,0.5271890759468079,0.40732133388519287,-0.04034288227558136,0.6527584195137024,0.3668942451477051,-0.03578612208366394,0.5957456231117249,0.3431468605995178,-0.055227939039468765,0.5629696249961853,0.36859169602394104,-0.056206218898296356,0.5469716191291809,0.394519180059433,-0.052594203501939774,0.0,0.0,0.0,0.0,0.0,0.0,0.0,0.0,0.0,0.0,0.0,0.0,0.0,0.0,0.0,0.0,0.0,0.0,0.0,0.0,0.0,0.0,0.0,0.0,0.0,0.0,0.0,0.0,0.0,0.0,0.0,0.0,0.0,0.0,0.0,0.0,0.0,0.0,0.0,0.0,0.0,0.0,0.0,0.0,0.0,0.0,0.0,0.0,0.0,0.0,0.0,0.0,0.0,0.0,0.0,0.0,0.0,0.0,0.0,0.0,0.0,0.0,0.0,he
0.6624168157577515,0.5765878558158875,-7.779667612339836e-07,0.6070732474327087,0.5526915192604065,-0.0032890134025365114,0.5492769479751587,0.49449262022972107,-0.010348360054194927,0.5155578851699829,0.454096257686615,-0.021349860355257988,0.49507683515548706,0.41687607765197754,-0.031501371413469315,0.5867289304733276,0.3513474464416504,-0.0011072729248553514,0.5405833721160889,0.3124026656150818,-0.028983062133193016,0.5048249959945679,0.33078527450561523,-0.05125657469034195,0.48206377029418945,0.36452916264533997,-0.0630333423614502,0.6164507269859314,0.34770217537879944,-0.01217619888484478,0.551511824131012,0.36005640029907227,-0.03532244265079498,0.5364585518836975,0.42486515641212463,-0.04333050549030304,0.543143093585968,0.46629083156585693,-0.04562646895647049,0.6443979740142822,0.3676687479019165,-0.026449015364050865,0.5790649056434631,0.37838608026504517,-0.04842406511306763,0.5673930644989014,0.44137659668922424,-0.04086873307824135,0.5750201940536499,0.4812638759613037,-0.03184070065617561,0.6682605147361755,0.40340957045555115,-0.04200155287981033,0.6131504774093628,0.4084029793739319,-0.05753200873732567,0.5954405665397644,0.4545518457889557,-0.04937123507261276,0.5972480773925781,0.4888592064380646,-0.039232973009347916,0.0,0.0,0.0,0.0,0.0,0.0,0.0,0.0,0.0,0.0,0.0,0.0,0.0,0.0,0.0,0.0,0.0,0.0,0.0,0.0,0.0,0.0,0.0,0.0,0.0,0.0,0.0,0.0,0.0,0.0,0.0,0.0,0.0,0.0,0.0,0.0,0.0,0.0,0.0,0.0,0.0,0.0,0.0,0.0,0.0,0.0,0.0,0.0,0.0,0.0,0.0,0.0,0.0,0.0,0.0,0.0,0.0,0.0,0.0,0.0,0.0,0.0,0.0,he
0.6660515666007996,0.6006020307540894,-7.947499511828937e-07,0.6066223382949829,0.5793268084526062,-0.008798918686807156,0.5466251969337463,0.5206213593482971,-0.017940867692232132,0.5134903788566589,0.47126534581184387,-0.02947443723678589,0.5049178600311279,0.43388015031814575,-0.03963419422507286,0.5767384171485901,0.37212225794792175,-0.0092158243060112,0.5440819263458252,0.338640958070755,-0.038002610206604004,0.511225163936615,0.34983929991722107,-0.05857223644852638,0.4847567081451416,0.37560296058654785,-0.069337859749794,0.6138866543769836,0.3639683127403259,-0.018433377146720886,0.5595519542694092,0.4091818034648895,-0.042653050273656845,0.5557778477668762,0.48315614461898804,-0.04676798731088638,0.5677907466888428,0.5243884325027466,-0.04573959484696388,0.6497953534126282,0.38860470056533813,-0.031250547617673874,0.5956231355667114,0.4379289746284485,-0.05634357035160065,0.591480016708374,0.5056424736976624,-0.04658406227827072,0.6002945899963379,0.5420522689819336,-0.035466667264699936,0.6806644797325134,0.43132078647613525,-0.04588760808110237,0.6363849639892578,0.46733349561691284,-0.06413841247558594,0.6223644018173218,0.5231897830963135,-0.05556362122297287,0.6230490207672119,0.5582615733146667,-0.04459213465452194,0.0,0.0,0.0,0.0,0.0,0.0,0.0,0.0,0.0,0.0,0.0,0.0,0.0,0.0,0.0,0.0,0.0,0.0,0.0,0.0,0.0,0.0,0.0,0.0,0.0,0.0,0.0,0.0,0.0,0.0,0.0,0.0,0.0,0.0,0.0,0.0,0.0,0.0,0.0,0.0,0.0,0.0,0.0,0.0,0.0,0.0,0.0,0.0,0.0,0.0,0.0,0.0,0.0,0.0,0.0,0.0,0.0,0.0,0.0,0.0,0.0,0.0,0.0,he
0.6664880514144897,0.6030696630477905,-7.050743420222716e-07,0.6076819896697998,0.5801666975021362,-0.008921111933887005,0.5484821796417236,0.5287439823150635,-0.01808205619454384,0.5132099986076355,0.48661839962005615,-0.029184401035308838,0.4995603561401367,0.45044901967048645,-0.03879120945930481,0.5751943588256836,0.3768116235733032,-0.00999502930790186,0.5417813062667847,0.34203436970710754,-0.036741964519023895,0.5088738203048706,0.3520883619785309,-0.05542568489909172,0.4817753732204437,0.3749770522117615,-0.06537772715091705,0.6128260493278503,0.36930084228515625,-0.01828932575881481,0.5578546524047852,0.40893033146858215,-0.04179515317082405,0.5553376078605652,0.48175522685050964,-0.04540913552045822,0.5668302178382874,0.5212628841400146,-0.04430467262864113,0.6487194299697876,0.39163345098495483,-0.029986808076500893,0.5949939489364624,0.4413303732872009,-0.05371393263339996,0.591953694820404,0.5077822208404541,-0.04335315525531769,0.6006903052330017,0.5428640842437744,-0.032203879207372665,0.6801692843437195,0.4316224157810211,-0.04344109818339348,0.6360154747962952,0.4665207266807556,-0.060095157474279404,0.622783899307251,0.5216813683509827,-0.051109012216329575,0.6236481666564941,0.5563800930976868,-0.04029330983757973,0.0,0.0,0.0,0.0,0.0,0.0,0.0,0.0,0.0,0.0,0.0,0.0,0.0,0.0,0.0,0.0,0.0,0.0,0.0,0.0,0.0,0.0,0.0,0.0,0.0,0.0,0.0,0.0,0.0,0.0,0.0,0.0,0.0,0.0,0.0,0.0,0.0,0.0,0.0,0.0,0.0,0.0,0.0,0.0,0.0,0.0,0.0,0.0,0.0,0.0,0.0,0.0,0.0,0.0,0.0,0.0,0.0,0.0,0.0,0.0,0.0,0.0,0.0,he
0.6970832943916321,0.6481090188026428,-7.886578714533243e-07,0.625451922416687,0.6041558384895325,-0.012774848379194736,0.570680558681488,0.5503780245780945,-0.025495043024420738,0.5328440070152283,0.5088183283805847,-0.03894242271780968,0.5128463506698608,0.4854695200920105,-0.04891986399888992,0.5812097191810608,0.43146416544914246,-0.030425649136304855,0.5305584669113159,0.4567078948020935,-0.05459430068731308,0.5234204530715942,0.5031391382217407,-0.06381021440029144,0.5255582928657532,0.5300207138061523,-0.06790787726640701,0.6206518411636353,0.4454660415649414,-0.04034659266471863,0.5559381246566772,0.5555153489112854,-0.06671424210071564,0.5593109726905823,0.6084316968917847,-0.0702367052435875,0.572775661945343,0.6270742416381836,-0.06918548792600632,0.6593018174171448,0.48859530687332153,-0.05154218524694443,0.5957909822463989,0.6016337871551514,-0.07097651064395905,0.602121889591217,0.6371632218360901,-0.06206546351313591,0.6156260967254639,0.6366287469863892,-0.05469237640500069,0.6897187232971191,0.5449332594871521,-0.06501253694295883,0.6416491270065308,0.6338289976119995,-0.07936906814575195,0.6438285708427429,0.6574922204017639,-0.07310742139816284,0.6571232080459595,0.6497041583061218,-0.06451793760061264,0.0,0.0,0.0,0.0,0.0,0.0,0.0,0.0,0.0,0.0,0.0,0.0,0.0,0.0,0.0,0.0,0.0,0.0,0.0,0.0,0.0,0.0,0.0,0.0,0.0,0.0,0.0,0.0,0.0,0.0,0.0,0.0,0.0,0.0,0.0,0.0,0.0,0.0,0.0,0.0,0.0,0.0,0.0,0.0,0.0,0.0,0.0,0.0,0.0,0.0,0.0,0.0,0.0,0.0,0.0,0.0,0.0,0.0,0.0,0.0,0.0,0.0,0.0,he
0.6993681192398071,0.681929349899292,-4.873603529631509e-07,0.6295911073684692,0.6634790897369385,-0.02340453490614891,0.5680573582649231,0.65446937084198,-0.04932514205574989,0.5241919159889221,0.6959614753723145,-0.07519090920686722,0.49298810958862305,0.7384573817253113,-0.10443324595689774,0.5815554857254028,0.514927327632904,-0.05272703990340233,0.5495890974998474,0.5357837677001953,-0.08251996338367462,0.5213876962661743,0.5450226664543152,-0.10344134271144867,0.4990030825138092,0.5554694533348083,-0.11855147778987885,0.6282283663749695,0.5215020775794983,-0.06231266260147095,0.5625132918357849,0.6749218702316284,-0.10179015249013901,0.5545350909233093,0.7639340758323669,-0.11517152190208435,0.5583662986755371,0.8144800066947937,-0.1191602498292923,0.6740675568580627,0.5670810341835022,-0.07222495973110199,0.6082920432090759,0.7156916856765747,-0.1051630899310112,0.6128624081611633,0.7647700905799866,-0.10121433436870575,0.6226972341537476,0.7715675830841064,-0.0935804545879364,0.7126407623291016,0.6270893812179565,-0.08406747132539749,0.6548910140991211,0.7404122948646545,-0.11027676612138748,0.649491548538208,0.7771971225738525,-0.10240228474140167,0.6560171842575073,0.7776558995246887,-0.09044520556926727,0.0,0.0,0.0,0.0,0.0,0.0,0.0,0.0,0.0,0.0,0.0,0.0,0.0,0.0,0.0,0.0,0.0,0.0,0.0,0.0,0.0,0.0,0.0,0.0,0.0,0.0,0.0,0.0,0.0,0.0,0.0,0.0,0.0,0.0,0.0,0.0,0.0,0.0,0.0,0.0,0.0,0.0,0.0,0.0,0.0,0.0,0.0,0.0,0.0,0.0,0.0,0.0,0.0,0.0,0.0,0.0,0.0,0.0,0.0,0.0,0.0,0.0,0.0,he
0.6903498768806458,0.7159090638160706,-2.6501615479901375e-07,0.6183929443359375,0.6941025257110596,-0.02605140209197998,0.5655059218406677,0.6872713565826416,-0.055983468890190125,0.5306713581085205,0.7392668128013611,-0.08582039177417755,0.5041110515594482,0.7944358587265015,-0.11874925345182419,0.5921332836151123,0.5279736518859863,-0.05930186063051224,0.5555471181869507,0.5520296692848206,-0.09760097414255142,0.5284912586212158,0.5541296601295471,-0.12471936643123627,0.5060551762580872,0.5445142388343811,-0.14540165662765503,0.6397523283958435,0.5321500897407532,-0.07066647708415985,0.5628050565719604,0.6721502542495728,-0.11609694361686707,0.5573786497116089,0.7675713300704956,-0.1273987889289856,0.5686146020889282,0.8002590537071228,-0.13022424280643463,0.6849400997161865,0.5787675976753235,-0.0844234973192215,0.6145250797271729,0.7219873666763306,-0.12402814626693726,0.6078712344169617,0.7800328731536865,-0.11882499605417252,0.6157796382904053,0.782333254814148,-0.1097114160656929,0.7230226993560791,0.6410555243492126,-0.10076946020126343,0.6639203429222107,0.7438456416130066,-0.13288865983486176,0.6427757143974304,0.7867749929428101,-0.12990319728851318,0.639268696308136,0.7899914383888245,-0.12214140594005585,0.0,0.0,0.0,0.0,0.0,0.0,0.0,0.0,0.0,0.0,0.0,0.0,0.0,0.0,0.0,0.0,0.0,0.0,0.0,0.0,0.0,0.0,0.0,0.0,0.0,0.0,0.0,0.0,0.0,0.0,0.0,0.0,0.0,0.0,0.0,0.0,0.0,0.0,0.0,0.0,0.0,0.0,0.0,0.0,0.0,0.0,0.0,0.0,0.0,0.0,0.0,0.0,0.0,0.0,0.0,0.0,0.0,0.0,0.0,0.0,0.0,0.0,0.0,he
0.699861466884613,0.7183852791786194,-3.320465964407049e-07,0.6219534873962402,0.6895453929901123,-0.019864767789840698,0.5629759430885315,0.6737623810768127,-0.04369552806019783,0.522658109664917,0.7177830338478088,-0.06884286552667618,0.4936186373233795,0.7708117961883545,-0.09644436091184616,0.5875215530395508,0.5185612440109253,-0.04023519530892372,0.5575679540634155,0.5292050838470459,-0.07266516983509064,0.5311175584793091,0.5265602469444275,-0.09716956317424774,0.506687343120575,0.5177413821220398,-0.11620692163705826,0.6370213627815247,0.5184725522994995,-0.053206682205200195,0.561024010181427,0.6582611799240112,-0.09452928602695465,0.5521077513694763,0.7489363551139832,-0.10771820694208145,0.5631413459777832,0.783636748790741,-0.11139883100986481,0.6818532943725586,0.5663715600967407,-0.06864331662654877,0.6083914041519165,0.7082918286323547,-0.10398382693529129,0.6033573150634766,0.7629232406616211,-0.10151195526123047,0.6138209700584412,0.7633182406425476,-0.09435444325208664,0.7178124189376831,0.6303533911705017,-0.08644366264343262,0.6544431447982788,0.7342471480369568,-0.11327548325061798,0.6364497542381287,0.773209810256958,-0.1100047305226326,0.6363088488578796,0.7719615697860718,-0.10235247761011124,0.0,0.0,0.0,0.0,0.0,0.0,0.0,0.0,0.0,0.0,0.0,0.0,0.0,0.0,0.0,0.0,0.0,0.0,0.0,0.0,0.0,0.0,0.0,0.0,0.0,0.0,0.0,0.0,0.0,0.0,0.0,0.0,0.0,0.0,0.0,0.0,0.0,0.0,0.0,0.0,0.0,0.0,0.0,0.0,0.0,0.0,0.0,0.0,0.0,0.0,0.0,0.0,0.0,0.0,0.0,0.0,0.0,0.0,0.0,0.0,0.0,0.0,0.0,he
0.7001925706863403,0.7199845314025879,-3.580402392344695e-07,0.6209080815315247,0.6918262243270874,-0.019729534164071083,0.5635056495666504,0.6758188009262085,-0.04348493367433548,0.5254356861114502,0.7173681259155273,-0.06831096857786179,0.49816179275512695,0.770783543586731,-0.09518236666917801,0.5911146998405457,0.5213686227798462,-0.04246312752366066,0.5610449910163879,0.5308695435523987,-0.074773408472538,0.5333224534988403,0.5317144989967346,-0.09670772403478622,0.5082090497016907,0.5267109870910645,-0.11356933414936066,0.6388349533081055,0.5223208665847778,-0.054963141679763794,0.5624574422836304,0.6565670371055603,-0.09539398550987244,0.5563762784004211,0.7475119829177856,-0.10529428720474243,0.5687075257301331,0.7804275751113892,-0.1066596731543541,0.6823364496231079,0.568087100982666,-0.06989099830389023,0.609660267829895,0.7090387940406799,-0.10436868667602539,0.6062240600585938,0.7651327252388,-0.09912033379077911,0.6163231730461121,0.7656217813491821,-0.09012126922607422,0.7175869941711426,0.6297897100448608,-0.08721162378787994,0.6562836170196533,0.7333341240882874,-0.11303918063640594,0.640777051448822,0.772934079170227,-0.10850602388381958,0.6410931944847107,0.7708596587181091,-0.10007645934820175,0.0,0.0,0.0,0.0,0.0,0.0,0.0,0.0,0.0,0.0,0.0,0.0,0.0,0.0,0.0,0.0,0.0,0.0,0.0,0.0,0.0,0.0,0.0,0.0,0.0,0.0,0.0,0.0,0.0,0.0,0.0,0.0,0.0,0.0,0.0,0.0,0.0,0.0,0.0,0.0,0.0,0.0,0.0,0.0,0.0,0.0,0.0,0.0,0.0,0.0,0.0,0.0,0.0,0.0,0.0,0.0,0.0,0.0,0.0,0.0,0.0,0.0,0.0,he
0.6967599391937256,0.7026278972625732,-2.918961286013655e-07,0.6250224113464355,0.6778574585914612,-0.02607526257634163,0.5702039003372192,0.6602906584739685,-0.05238191410899162,0.5319220423698425,0.6914134621620178,-0.07899206876754761,0.5087897181510925,0.7342138886451721,-0.10726264119148254,0.5931442379951477,0.49546411633491516,-0.04206891730427742,0.5593081116676331,0.5079257488250732,-0.07841223478317261,0.5314909815788269,0.5021518468856812,-0.10417207330465317,0.5075057148933411,0.4883847236633301,-0.12365303933620453,0.640716552734375,0.4939286708831787,-0.05326743423938751,0.5645328760147095,0.6267479658126831,-0.09843527525663376,0.5603952407836914,0.7211326956748962,-0.1097542941570282,0.575894832611084,0.7499222159385681,-0.11071235686540604,0.6848775744438171,0.5392242670059204,-0.06851259618997574,0.6156917810440063,0.6782016754150391,-0.11004915088415146,0.6110334992408752,0.7357380390167236,-0.105303093791008,0.622902512550354,0.732665479183197,-0.09463533759117126,0.7211331129074097,0.6013980507850647,-0.08672839403152466,0.6634985208511353,0.701606035232544,-0.11591599881649017,0.6487459540367126,0.7432597279548645,-0.11144841462373734,0.6519432067871094,0.7396112084388733,-0.10250695049762726,0.0,0.0,0.0,0.0,0.0,0.0,0.0,0.0,0.0,0.0,0.0,0.0,0.0,0.0,0.0,0.0,0.0,0.0,0.0,0.0,0.0,0.0,0.0,0.0,0.0,0.0,0.0,0.0,0.0,0.0,0.0,0.0,0.0,0.0,0.0,0.0,0.0,0.0,0.0,0.0,0.0,0.0,0.0,0.0,0.0,0.0,0.0,0.0,0.0,0.0,0.0,0.0,0.0,0.0,0.0,0.0,0.0,0.0,0.0,0.0,0.0,0.0,0.0,he
0.7024134993553162,0.6927354335784912,-3.7389509088825434e-07,0.6281431317329407,0.6683206558227539,-0.0200424212962389,0.5707086324691772,0.6475936770439148,-0.042891860008239746,0.5312284827232361,0.6804200410842896,-0.06712256371974945,0.5055315494537354,0.7261185646057129,-0.09335242956876755,0.5975093841552734,0.4881746768951416,-0.03614760935306549,0.5655416250228882,0.49215108156204224,-0.06995908915996552,0.5338442325592041,0.48909980058670044,-0.09507233649492264,0.5049842596054077,0.4812435507774353,-0.11429981142282486,0.6458904147148132,0.48585450649261475,-0.0491589792072773,0.5719456672668457,0.6125800013542175,-0.09162414819002151,0.5648276209831238,0.704443633556366,-0.10384652018547058,0.5770230889320374,0.7355836629867554,-0.10610205680131912,0.6893132925033569,0.5313780307769775,-0.06534826010465622,0.6186450123786926,0.6645081043243408,-0.10223254561424255,0.6135311126708984,0.7236181497573853,-0.09839151799678802,0.6237936019897461,0.723170280456543,-0.08961835503578186,0.7236698269844055,0.5947291851043701,-0.08405521512031555,0.6629490256309509,0.6909456849098206,-0.11032013595104218,0.6447766423225403,0.7325282096862793,-0.10592971742153168,0.6448686122894287,0.7308550477027893,-0.09753257036209106,0.0,0.0,0.0,0.0,0.0,0.0,0.0,0.0,0.0,0.0,0.0,0.0,0.0,0.0,0.0,0.0,0.0,0.0,0.0,0.0,0.0,0.0,0.0,0.0,0.0,0.0,0.0,0.0,0.0,0.0,0.0,0.0,0.0,0.0,0.0,0.0,0.0,0.0,0.0,0.0,0.0,0.0,0.0,0.0,0.0,0.0,0.0,0.0,0.0,0.0,0.0,0.0,0.0,0.0,0.0,0.0,0.0,0.0,0.0,0.0,0.0,0.0,0.0,he
0.698550820350647,0.6923434734344482,-3.6971812278352445e-07,0.6280280351638794,0.6631680727005005,-0.02245606854557991,0.5726777911186218,0.6431936621665955,-0.04791336879134178,0.5306342244148254,0.6721646189689636,-0.07434793561697006,0.49752289056777954,0.7138363718986511,-0.10246064513921738,0.5980850458145142,0.4851461946964264,-0.041693855077028275,0.5612963438034058,0.4864271879196167,-0.0771673321723938,0.5264972448348999,0.4802039861679077,-0.10212245583534241,0.49494704604148865,0.4700334966182709,-0.1208752989768982,0.6462177634239197,0.48403990268707275,-0.05432793125510216,0.571764349937439,0.606083869934082,-0.09751299768686295,0.5648565292358398,0.7006045579910278,-0.10659093409776688,0.5765575170516968,0.7292086482048035,-0.10606511682271957,0.6896500587463379,0.5295859575271606,-0.07030503451824188,0.6195216774940491,0.6616999506950378,-0.10779949277639389,0.6131341457366943,0.721924364566803,-0.09992703795433044,0.6221450567245483,0.7200565338134766,-0.08835256844758987,0.7242621183395386,0.5936377644538879,-0.08921872824430466,0.6651946306228638,0.6922214031219482,-0.11634711921215057,0.6466202735900879,0.7343800663948059,-0.11009854823350906,0.6466909646987915,0.7312624454498291,-0.10009171813726425,0.0,0.0,0.0,0.0,0.0,0.0,0.0,0.0,0.0,0.0,0.0,0.0,0.0,0.0,0.0,0.0,0.0,0.0,0.0,0.0,0.0,0.0,0.0,0.0,0.0,0.0,0.0,0.0,0.0,0.0,0.0,0.0,0.0,0.0,0.0,0.0,0.0,0.0,0.0,0.0,0.0,0.0,0.0,0.0,0.0,0.0,0.0,0.0,0.0,0.0,0.0,0.0,0.0,0.0,0.0,0.0,0.0,0.0,0.0,0.0,0.0,0.0,0.0,he
0.7017292976379395,0.6940250396728516,-4.143108185417077e-07,0.6314122080802917,0.6672254800796509,-0.021578894928097725,0.5752443671226501,0.6488050818443298,-0.046629227697849274,0.5325663089752197,0.6738404631614685,-0.07289721071720123,0.4992879331111908,0.711505115032196,-0.10032632946968079,0.6004934310913086,0.485703706741333,-0.03950514271855354,0.5671389102935791,0.4849846065044403,-0.07509629428386688,0.532607913017273,0.4831334948539734,-0.09954056888818741,0.5014371871948242,0.4792608320713043,-0.11710505187511444,0.6475368142127991,0.484828382730484,-0.051880985498428345,0.571397066116333,0.6070334911346436,-0.09297479689121246,0.5662735104560852,0.7021244168281555,-0.10016419738531113,0.5811488032341003,0.7276397347450256,-0.09850668162107468,0.6899371147155762,0.5302972793579102,-0.06784188002347946,0.6189042925834656,0.661718487739563,-0.10329356044530869,0.612284779548645,0.723355233669281,-0.09412133693695068,0.6227251887321472,0.7223886251449585,-0.08203389495611191,0.7234262228012085,0.5944422483444214,-0.08681260794401169,0.6649485230445862,0.6910917162895203,-0.11232029646635056,0.6459783315658569,0.7335988283157349,-0.10525171458721161,0.6464788317680359,0.731731116771698,-0.0947607010602951,0.0,0.0,0.0,0.0,0.0,0.0,0.0,0.0,0.0,0.0,0.0,0.0,0.0,0.0,0.0,0.0,0.0,0.0,0.0,0.0,0.0,0.0,0.0,0.0,0.0,0.0,0.0,0.0,0.0,0.0,0.0,0.0,0.0,0.0,0.0,0.0,0.0,0.0,0.0,0.0,0.0,0.0,0.0,0.0,0.0,0.0,0.0,0.0,0.0,0.0,0.0,0.0,0.0,0.0,0.0,0.0,0.0,0.0,0.0,0.0,0.0,0.0,0.0,he
0.6953062415122986,0.6691232919692993,-5.558080147238798e-07,0.6256005167961121,0.6399638056755066,-0.021426577121019363,0.5649814009666443,0.5942453145980835,-0.03938298299908638,0.5164981484413147,0.5668996572494507,-0.05716650187969208,0.4699506163597107,0.5636296272277832,-0.07465238869190216,0.6070703268051147,0.4478802978992462,-0.030665496364235878,0.5773742198944092,0.44157886505126953,-0.061932481825351715,0.5519087314605713,0.4525763988494873,-0.08466197550296783,0.5342594385147095,0.47615280747413635,-0.09860502183437347,0.6524344682693481,0.45471855998039246,-0.03736677020788193,0.5917190909385681,0.5344229340553284,-0.06877487152814865,0.5602126121520996,0.6133235692977905,-0.0784827470779419,0.5480936765670776,0.6672627329826355,-0.08150298148393631,0.6921501159667969,0.5012966990470886,-0.04763064533472061,0.6311584115028381,0.5837603211402893,-0.07938969135284424,0.6031298041343689,0.6437387466430664,-0.07811321318149567,0.591767430305481,0.6795998811721802,-0.07240735739469528,0.7233794927597046,0.5639070272445679,-0.05971406772732735,0.6701510548591614,0.6270201802253723,-0.08630840480327606,0.6431177258491516,0.6660634875297546,-0.0856381356716156,0.6313525438308716,0.6866854429244995,-0.07946024090051651,0.0,0.0,0.0,0.0,0.0,0.0,0.0,0.0,0.0,0.0,0.0,0.0,0.0,0.0,0.0,0.0,0.0,0.0,0.0,0.0,0.0,0.0,0.0,0.0,0.0,0.0,0.0,0.0,0.0,0.0,0.0,0.0,0.0,0.0,0.0,0.0,0.0,0.0,0.0,0.0,0.0,0.0,0.0,0.0,0.0,0.0,0.0,0.0,0.0,0.0,0.0,0.0,0.0,0.0,0.0,0.0,0.0,0.0,0.0,0.0,0.0,0.0,0.0,he
0.7066486477851868,0.6158004403114319,4.349393805114232e-07,0.6274754405021667,0.5574299097061157,-0.007954944856464863,0.5600616335868835,0.5010631084442139,-0.018660947680473328,0.5031918883323669,0.47254011034965515,-0.031643856316804886,0.4558567702770233,0.4591081738471985,-0.0456199012696743,0.5994637608528137,0.4544469714164734,-0.001969646429643035,0.5860826969146729,0.39258477091789246,-0.01733519323170185,0.5735057592391968,0.3493378162384033,-0.03482961282134056,0.561379611492157,0.3141813278198242,-0.04873427376151085,0.6264129281044006,0.45196425914764404,-0.008638657629489899,0.6101223826408386,0.39293503761291504,-0.02040039375424385,0.5938708782196045,0.3484758138656616,-0.03428412973880768,0.5815396904945374,0.31531959772109985,-0.04675636067986488,0.6540112495422363,0.46066099405288696,-0.017407435923814774,0.6381472945213318,0.403420090675354,-0.026310501620173454,0.6203998923301697,0.36578696966171265,-0.029657380655407906,0.6054917573928833,0.3401474356651306,-0.03369242697954178,0.682047426700592,0.4819647967815399,-0.027457181364297867,0.6664344668388367,0.4395613372325897,-0.031936392188072205,0.6521980166435242,0.41215044260025024,-0.029658935964107513,0.6384463906288147,0.39550286531448364,-0.02912602201104164,0.0,0.0,0.0,0.0,0.0,0.0,0.0,0.0,0.0,0.0,0.0,0.0,0.0,0.0,0.0,0.0,0.0,0.0,0.0,0.0,0.0,0.0,0.0,0.0,0.0,0.0,0.0,0.0,0.0,0.0,0.0,0.0,0.0,0.0,0.0,0.0,0.0,0.0,0.0,0.0,0.0,0.0,0.0,0.0,0.0,0.0,0.0,0.0,0.0,0.0,0.0,0.0,0.0,0.0,0.0,0.0,0.0,0.0,0.0,0.0,0.0,0.0,0.0,he
0.7010733485221863,0.5518779754638672,5.385427357396111e-07,0.6114309430122375,0.5060887932777405,0.0017337067984044552,0.5538730621337891,0.45871466398239136,-0.0036166950594633818,0.5109619498252869,0.427886962890625,-0.014276201836764812,0.4732510447502136,0.4057663679122925,-0.02650623582303524,0.5992162227630615,0.3804570436477661,0.009600807912647724,0.5829218029975891,0.3078776001930237,-0.005974142346531153,0.5658588409423828,0.25559306144714355,-0.025112325325608253,0.5441606044769287,0.2107469141483307,-0.04079572111368179,0.6190280318260193,0.3805588185787201,-0.0063111367635428905,0.6024042367935181,0.29964715242385864,-0.02038910612463951,0.5799494385719299,0.24387341737747192,-0.03863605856895447,0.5564121603965759,0.19644853472709656,-0.05355099216103554,0.6380408406257629,0.39449456334114075,-0.023784341290593147,0.6202157735824585,0.31793487071990967,-0.03768114373087883,0.597373902797699,0.2664024829864502,-0.04773978888988495,0.5739619731903076,0.22530725598335266,-0.05575937405228615,0.6539742350578308,0.4243680238723755,-0.04177276790142059,0.6372817754745483,0.3690996766090393,-0.052383970469236374,0.6191246509552002,0.3317650258541107,-0.055211637169122696,0.6019324660301208,0.2999955117702484,-0.05822008475661278,0.0,0.0,0.0,0.0,0.0,0.0,0.0,0.0,0.0,0.0,0.0,0.0,0.0,0.0,0.0,0.0,0.0,0.0,0.0,0.0,0.0,0.0,0.0,0.0,0.0,0.0,0.0,0.0,0.0,0.0,0.0,0.0,0.0,0.0,0.0,0.0,0.0,0.0,0.0,0.0,0.0,0.0,0.0,0.0,0.0,0.0,0.0,0.0,0.0,0.0,0.0,0.0,0.0,0.0,0.0,0.0,0.0,0.0,0.0,0.0,0.0,0.0,0.0,he
0.6761226058006287,0.5026831030845642,5.015128294871829e-07,0.5871514081954956,0.44615501165390015,0.013316076248884201,0.5375133156776428,0.39793843030929565,0.009494869038462639,0.49636292457580566,0.37916290760040283,-0.00202970951795578,0.4580875039100647,0.3657251000404358,-0.015373865142464638,0.5959516167640686,0.3054209351539612,0.020035376772284508,0.5672012567520142,0.2391640692949295,0.008562222123146057,0.546460747718811,0.18868206441402435,-0.00624865060672164,0.5218294858932495,0.14535057544708252,-0.01811870187520981,0.6134974360466003,0.3057752549648285,-0.000703401688951999,0.5824586153030396,0.2289385348558426,-0.01151892077177763,0.5561110377311707,0.17146176099777222,-0.02622356452047825,0.5312997102737427,0.12529614567756653,-0.03910023719072342,0.6205951571464539,0.32241103053092957,-0.022481512278318405,0.58981853723526,0.24892738461494446,-0.03281190246343613,0.5580434203147888,0.19446961581707,-0.04298461228609085,0.5298545956611633,0.15146920084953308,-0.05177248269319534,0.6150212287902832,0.35117489099502563,-0.043781280517578125,0.5909664630889893,0.29060935974121094,-0.05048109218478203,0.5682178735733032,0.24580325186252594,-0.054310012608766556,0.5477198958396912,0.20774579048156738,-0.059192147105932236,0.0,0.0,0.0,0.0,0.0,0.0,0.0,0.0,0.0,0.0,0.0,0.0,0.0,0.0,0.0,0.0,0.0,0.0,0.0,0.0,0.0,0.0,0.0,0.0,0.0,0.0,0.0,0.0,0.0,0.0,0.0,0.0,0.0,0.0,0.0,0.0,0.0,0.0,0.0,0.0,0.0,0.0,0.0,0.0,0.0,0.0,0.0,0.0,0.0,0.0,0.0,0.0,0.0,0.0,0.0,0.0,0.0,0.0,0.0,0.0,0.0,0.0,0.0,he
0.6559053063392639,0.4701584577560425,3.68171356512903e-07,0.5835367441177368,0.4459666311740875,0.007066922262310982,0.5363326668739319,0.3998080790042877,0.0002989994827657938,0.49418190121650696,0.378529816865921,-0.012133686803281307,0.4568285346031189,0.36458340287208557,-0.025404326617717743,0.5957463979721069,0.27030035853385925,0.008166790939867496,0.5605970621109009,0.18806575238704681,-0.004660582169890404,0.5339513421058655,0.13065817952156067,-0.017904693260788918,0.5082957744598389,0.08496713638305664,-0.028021246194839478,0.6056531071662903,0.2642245292663574,-0.010766920633614063,0.558991014957428,0.1776563674211502,-0.02249932289123535,0.5218155980110168,0.11780264973640442,-0.034397222101688385,0.49335891008377075,0.07061126828193665,-0.04401586204767227,0.6044187545776367,0.277526319026947,-0.03087729774415493,0.5581287145614624,0.1909690648317337,-0.0422854945063591,0.5192210078239441,0.1334235817193985,-0.051930833607912064,0.49052906036376953,0.08812078833580017,-0.05990736186504364,0.5914619565010071,0.3048609495162964,-0.051038891077041626,0.5590452551841736,0.2448422908782959,-0.06042628362774849,0.5313878655433655,0.20244188606739044,-0.06506907194852829,0.508390486240387,0.16539818048477173,-0.06923791021108627,0.0,0.0,0.0,0.0,0.0,0.0,0.0,0.0,0.0,0.0,0.0,0.0,0.0,0.0,0.0,0.0,0.0,0.0,0.0,0.0,0.0,0.0,0.0,0.0,0.0,0.0,0.0,0.0,0.0,0.0,0.0,0.0,0.0,0.0,0.0,0.0,0.0,0.0,0.0,0.0,0.0,0.0,0.0,0.0,0.0,0.0,0.0,0.0,0.0,0.0,0.0,0.0,0.0,0.0,0.0,0.0,0.0,0.0,0.0,0.0,0.0,0.0,0.0,he
0.6437040567398071,0.4792318344116211,-5.856137619275614e-08,0.5710698366165161,0.4515118896961212,-0.0003769424802158028,0.5284859538078308,0.39923644065856934,-0.009812464006245136,0.48634859919548035,0.37112361192703247,-0.022334998473525047,0.44711387157440186,0.36038708686828613,-0.0362929031252861,0.5782045722007751,0.2801164984703064,-0.00842549093067646,0.5266985297203064,0.21332001686096191,-0.02638811059296131,0.48737311363220215,0.17718076705932617,-0.04283040389418602,0.4518107771873474,0.15559959411621094,-0.05423644185066223,0.5893222093582153,0.2819543182849884,-0.02103009819984436,0.5239700078964233,0.2121639847755432,-0.03984985873103142,0.4792720675468445,0.17866797745227814,-0.05564683675765991,0.4409676492214203,0.15932682156562805,-0.0670379027724266,0.5905414819717407,0.30020320415496826,-0.03424615412950516,0.5279642343521118,0.23217961192131042,-0.04993593692779541,0.4845421314239502,0.19625934958457947,-0.05950488895177841,0.44765499234199524,0.1727837473154068,-0.06607335805892944,0.5793276429176331,0.3285537660121918,-0.0475500226020813,0.539048433303833,0.27104970812797546,-0.05914284288883209,0.5093594789505005,0.23602336645126343,-0.06405547261238098,0.4821244776248932,0.2094043791294098,-0.06757130473852158,0.0,0.0,0.0,0.0,0.0,0.0,0.0,0.0,0.0,0.0,0.0,0.0,0.0,0.0,0.0,0.0,0.0,0.0,0.0,0.0,0.0,0.0,0.0,0.0,0.0,0.0,0.0,0.0,0.0,0.0,0.0,0.0,0.0,0.0,0.0,0.0,0.0,0.0,0.0,0.0,0.0,0.0,0.0,0.0,0.0,0.0,0.0,0.0,0.0,0.0,0.0,0.0,0.0,0.0,0.0,0.0,0.0,0.0,0.0,0.0,0.0,0.0,0.0,he
0.6144818663597107,0.4604685306549072,-3.5539090958991437e-07,0.5713804364204407,0.4428526759147644,-0.002442409750074148,0.5331436395645142,0.39249223470687866,-0.01079263910651207,0.49629297852516174,0.36253079771995544,-0.020248636603355408,0.46101969480514526,0.34358900785446167,-0.02938094735145569,0.5906140804290771,0.2897396683692932,-0.013747750781476498,0.5159348845481873,0.26017749309539795,-0.0326288603246212,0.4683123230934143,0.2758041024208069,-0.04667481780052185,0.4431919455528259,0.30092427134513855,-0.053909942507743835,0.5962944030761719,0.2937908172607422,-0.021920740604400635,0.5134682059288025,0.2599862813949585,-0.0371878445148468,0.4652557373046875,0.27926138043403625,-0.04539240524172783,0.4387054443359375,0.3077003061771393,-0.0503312386572361,0.5897710919380188,0.3108520209789276,-0.03088674135506153,0.5094111561775208,0.2710568308830261,-0.04560153931379318,0.463493287563324,0.28881001472473145,-0.04849475994706154,0.43877044320106506,0.3126227855682373,-0.04881586506962776,0.5728205442428589,0.3380970060825348,-0.03977010399103165,0.5133581161499023,0.29746049642562866,-0.055665481835603714,0.4761728346347809,0.29787421226501465,-0.05886534973978996,0.45373520255088806,0.3093787729740143,-0.05820228159427643,0.6330469846725464,0.4941372871398926,-6.578002285095863e-07,0.5598734021186829,0.46158716082572937,0.016896158456802368,0.5214425921440125,0.40335404872894287,0.013236423023045063,0.48437249660491943,0.36790210008621216,0.002162690507248044,0.4485403895378113,0.344544380903244,-0.010512739419937134,0.587173342704773,0.2910037636756897,0.0016022052150219679,0.5044201612472534,0.24756354093551636,-0.01611069031059742,0.4567572772502899,0.2774141728878021,-0.0303955078125,0.4341186583042145,0.3128215968608856,-0.03822057694196701,0.5961403846740723,0.29143258929252625,-0.01739719696342945,0.4955933690071106,0.24360902607440948,-0.03271307051181793,0.44544491171836853,0.28138434886932373,-0.04295531287789345,0.42576879262924194,0.3200775682926178,-0.05082909017801285,0.5935709476470947,0.3123661279678345,-0.03530529886484146,0.4994203448295593,0.2521045506000519,-0.049211204051971436,0.4542442858219147,0.28756028413772583,-0.04976369068026543,0.437298446893692,0.325329065322876,-0.04988972097635269,0.5778876543045044,0.345645546913147,-0.05157264694571495,0.5066447854042053,0.2899329364299774,-0.06336214393377304,0.46978873014450073,0.30137428641319275,-0.061454664915800095,0.452303946018219,0.3242727518081665,-0.05892894044518471,he
0.650574803352356,0.5148844122886658,-7.966675070747442e-07,0.5622919797897339,0.4717874526977539,0.02468089945614338,0.5305464863777161,0.4136384129524231,0.02583436854183674,0.5006918907165527,0.37837523221969604,0.01706034317612648,0.4756786823272705,0.3459218144416809,0.0059565166011452675,0.5989542007446289,0.2973073422908783,0.01805093139410019,0.5089126229286194,0.27272945642471313,0.0011576937977224588,0.46648138761520386,0.31575435400009155,-0.014570157043635845,0.44975727796554565,0.3610864579677582,-0.023009443655610085,0.6052496433258057,0.3007253110408783,-0.004897818900644779,0.49978840351104736,0.2699800729751587,-0.01907687820494175,0.45762205123901367,0.32313424348831177,-0.030370842665433884,0.44502025842666626,0.3733201026916504,-0.03798960521817207,0.6009203791618347,0.3211269676685333,-0.02716047503054142,0.49808356165885925,0.28304797410964966,-0.04259061440825462,0.4587976038455963,0.33628472685813904,-0.04552317038178444,0.4487648010253906,0.3841593861579895,-0.046077463775873184,0.5829175710678101,0.3553081154823303,-0.047325149178504944,0.5041757822036743,0.3116888999938965,-0.06025668978691101,0.4722088873386383,0.33990561962127686,-0.058225903660058975,0.46104300022125244,0.3770168721675873,-0.05458848178386688,0.0,0.0,0.0,0.0,0.0,0.0,0.0,0.0,0.0,0.0,0.0,0.0,0.0,0.0,0.0,0.0,0.0,0.0,0.0,0.0,0.0,0.0,0.0,0.0,0.0,0.0,0.0,0.0,0.0,0.0,0.0,0.0,0.0,0.0,0.0,0.0,0.0,0.0,0.0,0.0,0.0,0.0,0.0,0.0,0.0,0.0,0.0,0.0,0.0,0.0,0.0,0.0,0.0,0.0,0.0,0.0,0.0,0.0,0.0,0.0,0.0,0.0,0.0,he
0.6294414401054382,0.48947378993034363,-5.14601424583816e-07,0.5757904648780823,0.4692336320877075,0.010522144846618176,0.5432732701301575,0.4078890383243561,0.010083237662911415,0.5167773962020874,0.3692997097969055,0.004940732382237911,0.4910881519317627,0.34338098764419556,-0.001568780280649662,0.5985961556434631,0.3076198995113373,-0.002149473410099745,0.5180630087852478,0.2947894334793091,-0.01879497617483139,0.47063329815864563,0.3237657845020294,-0.029438940808176994,0.44506093859672546,0.35578668117523193,-0.034527938812971115,0.6057132482528687,0.31084883213043213,-0.01855076104402542,0.5106156468391418,0.2923244833946228,-0.035370487719774246,0.46126267313957214,0.3289451003074646,-0.04148494452238083,0.43621063232421875,0.36843591928482056,-0.043451230973005295,0.6001449227333069,0.33131393790245056,-0.03508017957210541,0.5046125650405884,0.3038316071033478,-0.05272736772894859,0.45809146761894226,0.33945104479789734,-0.05246082320809364,0.43567609786987305,0.37346282601356506,-0.049013055860996246,0.5850419402122498,0.36527395248413086,-0.050674211233854294,0.5166195631027222,0.3279176652431488,-0.06843562424182892,0.4782812297344208,0.3383723497390747,-0.06933705508708954,0.45756494998931885,0.35751214623451233,-0.06612338870763779,0.6575511693954468,0.5277461409568787,-7.66886387282284e-07,0.5685176253318787,0.48905205726623535,0.023313868790864944,0.5285728573799133,0.4339994788169861,0.02327253669500351,0.49379053711891174,0.40365731716156006,0.013348442502319813,0.4677618741989136,0.3735329210758209,0.0009378556278534234,0.6026169657707214,0.31020215153694153,0.013778011314570904,0.5086628794670105,0.2822837233543396,-0.0051525551825761795,0.46445220708847046,0.32394927740097046,-0.021451229229569435,0.446784645318985,0.368588387966156,-0.03002801351249218,0.6092828512191772,0.31456148624420166,-0.009666436351835728,0.500120222568512,0.28397130966186523,-0.02664332278072834,0.45837780833244324,0.3399330675601959,-0.038810696452856064,0.4481254518032074,0.3898288309574127,-0.04649553820490837,0.6057129502296448,0.3362111747264862,-0.03241956606507301,0.5012049674987793,0.2971402108669281,-0.050172384828329086,0.46510159969329834,0.3532131314277649,-0.05272584781050682,0.4592110216617584,0.4024735689163208,-0.052137162536382675,0.5901163816452026,0.3725762367248535,-0.05317530781030655,0.511005163192749,0.3275796175003052,-0.06890317052602768,0.4835531711578369,0.35568252205848694,-0.0674499124288559,0.4795581102371216,0.3924970328807831,-0.06332354992628098,he
0.6754827499389648,0.546479344367981,-7.07225126461708e-07,0.5909445285797119,0.5105968713760376,0.011211586184799671,0.5402175188064575,0.44458407163619995,0.005617910996079445,0.5024862885475159,0.40911346673965454,-0.007130408193916082,0.47533348202705383,0.38643717765808105,-0.020325476303696632,0.6174862384796143,0.3128206133842468,0.002258045133203268,0.5301480889320374,0.28121671080589294,-0.0211804062128067,0.482149213552475,0.31371986865997314,-0.04085326939821243,0.45475468039512634,0.35260695219039917,-0.05204642191529274,0.630372941493988,0.3196791410446167,-0.017046727240085602,0.5243566036224365,0.28788048028945923,-0.03858792036771774,0.47274816036224365,0.3298913240432739,-0.054224900901317596,0.44840556383132935,0.37106412649154663,-0.0645374208688736,0.6326456665992737,0.34538882970809937,-0.03700248524546623,0.5318615436553955,0.30722352862358093,-0.05643005669116974,0.48136287927627563,0.3448542058467865,-0.062201082706451416,0.4579344689846039,0.3825788199901581,-0.06449542939662933,0.6217593550682068,0.38590750098228455,-0.05617455393075943,0.5466775894165039,0.3426784873008728,-0.07196742296218872,0.5044886469841003,0.3541622757911682,-0.07463937997817993,0.4808778464794159,0.37542763352394104,-0.07463381439447403,0.0,0.0,0.0,0.0,0.0,0.0,0.0,0.0,0.0,0.0,0.0,0.0,0.0,0.0,0.0,0.0,0.0,0.0,0.0,0.0,0.0,0.0,0.0,0.0,0.0,0.0,0.0,0.0,0.0,0.0,0.0,0.0,0.0,0.0,0.0,0.0,0.0,0.0,0.0,0.0,0.0,0.0,0.0,0.0,0.0,0.0,0.0,0.0,0.0,0.0,0.0,0.0,0.0,0.0,0.0,0.0,0.0,0.0,0.0,0.0,0.0,0.0,0.0,he
0.6415894031524658,0.5211977362632751,-5.077372975392791e-07,0.5773149132728577,0.5051707625389099,-0.0006993121933192015,0.5315992832183838,0.43259504437446594,-0.0032900357618927956,0.4972466826438904,0.39779233932495117,-0.009470543824136257,0.47809141874313354,0.3791395425796509,-0.015626229345798492,0.6099420189857483,0.31117957830429077,-0.0011564758606255054,0.5371960997581482,0.29489269852638245,-0.020334333181381226,0.48799628019332886,0.31682470440864563,-0.035538651049137115,0.45408159494400024,0.3462182879447937,-0.045606162399053574,0.6255266666412354,0.31293985247612,-0.015368825756013393,0.5325521230697632,0.2902185320854187,-0.03620145469903946,0.47977977991104126,0.3240779638290405,-0.049569446593523026,0.4473806917667389,0.3594905138015747,-0.05697335675358772,0.6308276653289795,0.3354588449001312,-0.03154394403100014,0.5349028706550598,0.3060905337333679,-0.0559963583946228,0.48253270983695984,0.33957386016845703,-0.062489982694387436,0.45057907700538635,0.37319523096084595,-0.06274238973855972,0.6229057312011719,0.3756211996078491,-0.047894544899463654,0.5493044257164001,0.3490298092365265,-0.07277516275644302,0.5038547515869141,0.35759851336479187,-0.07981818169355392,0.4745687246322632,0.37512946128845215,-0.08058670163154602,0.6827723383903503,0.5491858124732971,-6.889443966429099e-07,0.5945752263069153,0.5068501830101013,0.012408445589244366,0.5415697693824768,0.43949517607688904,0.006364691071212292,0.5007157325744629,0.4022667109966278,-0.007640542928129435,0.4751799404621124,0.38055336475372314,-0.022228673100471497,0.6157492399215698,0.30810678005218506,0.006493882741779089,0.5246535539627075,0.28198909759521484,-0.01641353964805603,0.4753573536872864,0.3147984445095062,-0.03720768913626671,0.4469742774963379,0.3511143922805786,-0.049565210938453674,0.628402590751648,0.3153214752674103,-0.01368353795260191,0.5163946747779846,0.2891749143600464,-0.03482085093855858,0.4679020941257477,0.3365528881549835,-0.05048387497663498,0.44694244861602783,0.38016805052757263,-0.06106042116880417,0.6316101551055908,0.34146758913993835,-0.03444385901093483,0.528915524482727,0.30713212490081787,-0.053549766540527344,0.484391987323761,0.3547405004501343,-0.05765911936759949,0.466991126537323,0.3992847204208374,-0.05870119109749794,0.6215786337852478,0.3819141983985901,-0.054517075419425964,0.548507571220398,0.33873018622398376,-0.06975806504487991,0.5094826817512512,0.3565507233142853,-0.07062382996082306,0.48809555172920227,0.3842926025390625,-0.06918581575155258,he
0.6709307432174683,0.5681280493736267,-7.811839850546676e-07,0.604911744594574,0.5260220766067505,-0.0012975576100870967,0.5459612607955933,0.4556570053100586,-0.010398193262517452,0.5047920346260071,0.41395702958106995,-0.024351021274924278,0.4670937955379486,0.3835179805755615,-0.03748488053679466,0.6139360070228577,0.3172222971916199,-0.0010568617144599557,0.5420979857444763,0.2869762182235718,-0.031661659479141235,0.49868640303611755,0.30373185873031616,-0.05644224211573601,0.46840938925743103,0.327067494392395,-0.07056067883968353,0.6384033560752869,0.322966068983078,-0.015137068927288055,0.5435457825660706,0.3173075318336487,-0.04388712719082832,0.5311030745506287,0.3898731470108032,-0.052811264991760254,0.5415800213813782,0.4327227473258972,-0.05529029294848442,0.6533783674240112,0.3494184911251068,-0.03238727152347565,0.5586921572685242,0.3378307521343231,-0.06079152598977089,0.5516170263290405,0.4106014370918274,-0.051385439932346344,0.5666019916534424,0.45557349920272827,-0.03944984823465347,0.6583198308944702,0.3908642828464508,-0.05064854025840759,0.588158905506134,0.364857941865921,-0.07368414103984833,0.5677213668823242,0.40799248218536377,-0.06733627617359161,0.5676534175872803,0.444884717464447,-0.05739518627524376,0.0,0.0,0.0,0.0,0.0,0.0,0.0,0.0,0.0,0.0,0.0,0.0,0.0,0.0,0.0,0.0,0.0,0.0,0.0,0.0,0.0,0.0,0.0,0.0,0.0,0.0,0.0,0.0,0.0,0.0,0.0,0.0,0.0,0.0,0.0,0.0,0.0,0.0,0.0,0.0,0.0,0.0,0.0,0.0,0.0,0.0,0.0,0.0,0.0,0.0,0.0,0.0,0.0,0.0,0.0,0.0,0.0,0.0,0.0,0.0,0.0,0.0,0.0,he
0.6744519472122192,0.5830419063568115,-7.582605690004129e-07,0.604533314704895,0.5358288288116455,-0.000929043220821768,0.5458774566650391,0.4706082344055176,-0.009815022349357605,0.5085020661354065,0.4296875298023224,-0.022587252780795097,0.4787398874759674,0.39700859785079956,-0.034508589655160904,0.6064146161079407,0.33619239926338196,-0.0027724127285182476,0.5487868785858154,0.30247974395751953,-0.02965594455599785,0.5070924162864685,0.3122561573982239,-0.051746804267168045,0.4756762981414795,0.33345696330070496,-0.06469082087278366,0.6376345753669739,0.33862805366516113,-0.014962025918066502,0.5556961297988892,0.3639589548110962,-0.03813444823026657,0.5526829361915588,0.428636372089386,-0.04557618126273155,0.56788569688797,0.4658094048500061,-0.049045152962207794,0.6607096791267395,0.364311546087265,-0.029676338657736778,0.578071117401123,0.39384374022483826,-0.04992053657770157,0.5788987278938293,0.4539034068584442,-0.04034353047609329,0.5937538743019104,0.4891718924045563,-0.031713731586933136,0.6762149930000305,0.405713826417923,-0.04577282443642616,0.6126165986061096,0.4183885157108307,-0.059926848858594894,0.604701578617096,0.4627949893474579,-0.05087244510650635,0.6121645569801331,0.49416664242744446,-0.0412113331258297,0.0,0.0,0.0,0.0,0.0,0.0,0.0,0.0,0.0,0.0,0.0,0.0,0.0,0.0,0.0,0.0,0.0,0.0,0.0,0.0,0.0,0.0,0.0,0.0,0.0,0.0,0.0,0.0,0.0,0.0,0.0,0.0,0.0,0.0,0.0,0.0,0.0,0.0,0.0,0.0,0.0,0.0,0.0,0.0,0.0,0.0,0.0,0.0,0.0,0.0,0.0,0.0,0.0,0.0,0.0,0.0,0.0,0.0,0.0,0.0,0.0,0.0,0.0,he
0.6770259141921997,0.5814769268035889,-6.816068776061002e-07,0.607187807559967,0.5355614423751831,-0.0019836355932056904,0.546284019947052,0.47250089049339294,-0.012426897883415222,0.5079376697540283,0.4327804148197174,-0.02656717598438263,0.4754523038864136,0.4000757932662964,-0.03994345664978027,0.6059105396270752,0.3374442458152771,-0.0051986826583743095,0.5487388968467712,0.30526649951934814,-0.033780694007873535,0.5070945024490356,0.31202536821365356,-0.05726178362965584,0.4746851623058319,0.32814714312553406,-0.07148072868585587,0.6375458836555481,0.33991488814353943,-0.01776091568171978,0.5556308627128601,0.36562368273735046,-0.04376671835780144,0.555527925491333,0.4304053485393524,-0.05222982540726662,0.5730769038200378,0.4668872654438019,-0.056026704609394073,0.6606078147888184,0.36635279655456543,-0.032965004444122314,0.5782666206359863,0.39532268047332764,-0.05552740767598152,0.5807886719703674,0.4562089443206787,-0.04576429724693298,0.5974079370498657,0.4907713532447815,-0.03666622191667557,0.6761209964752197,0.40806135535240173,-0.04958963766694069,0.6107487082481384,0.42102721333503723,-0.06680864840745926,0.6053183674812317,0.46580445766448975,-0.058706313371658325,0.6159260869026184,0.49577176570892334,-0.04918823763728142,0.0,0.0,0.0,0.0,0.0,0.0,0.0,0.0,0.0,0.0,0.0,0.0,0.0,0.0,0.0,0.0,0.0,0.0,0.0,0.0,0.0,0.0,0.0,0.0,0.0,0.0,0.0,0.0,0.0,0.0,0.0,0.0,0.0,0.0,0.0,0.0,0.0,0.0,0.0,0.0,0.0,0.0,0.0,0.0,0.0,0.0,0.0,0.0,0.0,0.0,0.0,0.0,0.0,0.0,0.0,0.0,0.0,0.0,0.0,0.0,0.0,0.0,0.0,he
0.7075192332267761,0.6277408003807068,-8.014589525373594e-07,0.632145345211029,0.5784768462181091,-0.007762946654111147,0.5805432796478271,0.5131503939628601,-0.01844923384487629,0.5479275584220886,0.4601200222969055,-0.03056490607559681,0.5242111086845398,0.4253165125846863,-0.0383634977042675,0.5940346717834473,0.39458978176116943,-0.021651629358530045,0.5330312848091125,0.4263644218444824,-0.04997912794351578,0.5363150238990784,0.4772912561893463,-0.0639437809586525,0.5495415329933167,0.49137502908706665,-0.07075896859169006,0.6294788718223572,0.4108692705631256,-0.03274131938815117,0.5609106421470642,0.5078510642051697,-0.058821745216846466,0.5740475058555603,0.5510380864143372,-0.06252646446228027,0.593897819519043,0.5519008040428162,-0.06237921118736267,0.6625486612319946,0.45171400904655457,-0.045652639120817184,0.5962274074554443,0.5510777235031128,-0.0654120072722435,0.6084735989570618,0.5863580703735352,-0.05500553920865059,0.6252374649047852,0.5806310772895813,-0.046878401190042496,0.6864418983459473,0.5052053928375244,-0.060596030205488205,0.632421612739563,0.5891397595405579,-0.07279516011476517,0.6406170725822449,0.6112650036811829,-0.06558262556791306,0.657314121723175,0.6006917953491211,-0.05715413764119148,0.0,0.0,0.0,0.0,0.0,0.0,0.0,0.0,0.0,0.0,0.0,0.0,0.0,0.0,0.0,0.0,0.0,0.0,0.0,0.0,0.0,0.0,0.0,0.0,0.0,0.0,0.0,0.0,0.0,0.0,0.0,0.0,0.0,0.0,0.0,0.0,0.0,0.0,0.0,0.0,0.0,0.0,0.0,0.0,0.0,0.0,0.0,0.0,0.0,0.0,0.0,0.0,0.0,0.0,0.0,0.0,0.0,0.0,0.0,0.0,0.0,0.0,0.0,he
0.7021204829216003,0.6767586469650269,-4.779153073286579e-07,0.6299666166305542,0.6509643197059631,-0.022182775661349297,0.5715788006782532,0.6356885433197021,-0.04914889112114906,0.5344735383987427,0.673187255859375,-0.07700390368700027,0.5132020711898804,0.7232761383056641,-0.10717487335205078,0.595346987247467,0.48141369223594666,-0.04529180750250816,0.5740140080451965,0.48651349544525146,-0.07304010540246964,0.5473020076751709,0.4925704300403595,-0.09176743030548096,0.5242809057235718,0.5015514492988586,-0.10565269738435745,0.6438714861869812,0.48556363582611084,-0.05645165219902992,0.5757396221160889,0.6331824660301208,-0.09268227219581604,0.5653384923934937,0.7199869155883789,-0.1036219596862793,0.570013165473938,0.7617272138595581,-0.10594750195741653,0.6889656186103821,0.5334893465042114,-0.06879804283380508,0.6195722818374634,0.6763291954994202,-0.09840628504753113,0.6281314492225647,0.7181562781333923,-0.09366834908723831,0.6435034871101379,0.7168093919754028,-0.08589722216129303,0.7256770133972168,0.5954861640930176,-0.0835312008857727,0.6650499701499939,0.6987285614013672,-0.10722086578607559,0.6626082062721252,0.7291668653488159,-0.0995873287320137,0.6734167337417603,0.7230571508407593,-0.0880042091012001,0.0,0.0,0.0,0.0,0.0,0.0,0.0,0.0,0.0,0.0,0.0,0.0,0.0,0.0,0.0,0.0,0.0,0.0,0.0,0.0,0.0,0.0,0.0,0.0,0.0,0.0,0.0,0.0,0.0,0.0,0.0,0.0,0.0,0.0,0.0,0.0,0.0,0.0,0.0,0.0,0.0,0.0,0.0,0.0,0.0,0.0,0.0,0.0,0.0,0.0,0.0,0.0,0.0,0.0,0.0,0.0,0.0,0.0,0.0,0.0,0.0,0.0,0.0,he
0.7106244564056396,0.6842637658119202,-3.9724307043798035e-07,0.6381979584693909,0.6608660817146301,-0.023111121729016304,0.5810636878013611,0.6514700055122375,-0.05011553317308426,0.5378134250640869,0.6873723268508911,-0.07791950553655624,0.5039955377578735,0.7300690412521362,-0.10752040892839432,0.6028460264205933,0.48890066146850586,-0.045211631804704666,0.5781291723251343,0.5049549341201782,-0.08165498822927475,0.5554633140563965,0.5065200924873352,-0.10728031396865845,0.5344975590705872,0.5047694444656372,-0.12548644840717316,0.652463436126709,0.49232733249664307,-0.057240214198827744,0.5806469321250916,0.6301969885826111,-0.09969858825206757,0.5700634121894836,0.7237741947174072,-0.1112930178642273,0.5769938230514526,0.7573621869087219,-0.11365778744220734,0.6970829367637634,0.540579080581665,-0.07223045080900192,0.629010796546936,0.6789948344230652,-0.11045263707637787,0.6189233064651489,0.7385880947113037,-0.10598389059305191,0.6229881048202515,0.7428589463233948,-0.09656808525323868,0.7338113784790039,0.6049584150314331,-0.08965951204299927,0.6749982237815857,0.7043497562408447,-0.11883056908845901,0.6540225744247437,0.7459550499916077,-0.11441556364297867,0.6488974094390869,0.7483816146850586,-0.10519438982009888,0.0,0.0,0.0,0.0,0.0,0.0,0.0,0.0,0.0,0.0,0.0,0.0,0.0,0.0,0.0,0.0,0.0,0.0,0.0,0.0,0.0,0.0,0.0,0.0,0.0,0.0,0.0,0.0,0.0,0.0,0.0,0.0,0.0,0.0,0.0,0.0,0.0,0.0,0.0,0.0,0.0,0.0,0.0,0.0,0.0,0.0,0.0,0.0,0.0,0.0,0.0,0.0,0.0,0.0,0.0,0.0,0.0,0.0,0.0,0.0,0.0,0.0,0.0,he
0.7149978280067444,0.6913039684295654,-3.624641919941496e-07,0.6406340003013611,0.6650456786155701,-0.024231888353824615,0.5838149785995483,0.6559790372848511,-0.052785392850637436,0.5401725172996521,0.6875265836715698,-0.08210033178329468,0.5059442520141602,0.7275451421737671,-0.11232692748308182,0.6067885160446167,0.49175164103507996,-0.048863016068935394,0.5848124623298645,0.4962398409843445,-0.08551774173974991,0.5603227615356445,0.5007497668266296,-0.108342744410038,0.5382912158966064,0.5055736303329468,-0.1241665631532669,0.6556044220924377,0.4955747127532959,-0.06019889935851097,0.5807859897613525,0.6311270594596863,-0.10293439775705338,0.5708924531936646,0.7225005626678467,-0.1127869263291359,0.5790280103683472,0.753433108329773,-0.11428344994783401,0.6993102431297302,0.5431864857673645,-0.07452303916215897,0.6288365721702576,0.6817920207977295,-0.11361338943243027,0.6193637251853943,0.7402532696723938,-0.10888136923313141,0.6236039400100708,0.7430240511894226,-0.0994139313697815,0.7361888885498047,0.605996310710907,-0.09124039858579636,0.6764670610427856,0.7054256796836853,-0.12055900692939758,0.6563618779182434,0.7465489506721497,-0.11648011207580566,0.6513248682022095,0.7488328814506531,-0.10765796899795532,0.0,0.0,0.0,0.0,0.0,0.0,0.0,0.0,0.0,0.0,0.0,0.0,0.0,0.0,0.0,0.0,0.0,0.0,0.0,0.0,0.0,0.0,0.0,0.0,0.0,0.0,0.0,0.0,0.0,0.0,0.0,0.0,0.0,0.0,0.0,0.0,0.0,0.0,0.0,0.0,0.0,0.0,0.0,0.0,0.0,0.0,0.0,0.0,0.0,0.0,0.0,0.0,0.0,0.0,0.0,0.0,0.0,0.0,0.0,0.0,0.0,0.0,0.0,he
0.7160904407501221,0.6931350231170654,-3.747054222458246e-07,0.6366127133369446,0.6598142981529236,-0.02101849392056465,0.5771109461784363,0.6422784328460693,-0.045871198177337646,0.5335778594017029,0.6755972504615784,-0.07158269733190536,0.501834511756897,0.721300482749939,-0.09833209216594696,0.6090240478515625,0.48824796080589294,-0.042932551354169846,0.583371102809906,0.5013954639434814,-0.07708583027124405,0.5578801035881042,0.5065670609474182,-0.09847570210695267,0.5353149175643921,0.5069923400878906,-0.11383866518735886,0.65752112865448,0.494821161031723,-0.05478007346391678,0.5751584768295288,0.6288615465164185,-0.0947457104921341,0.5640816688537598,0.7166157364845276,-0.10449134558439255,0.5733189582824707,0.7452307939529419,-0.10637505352497101,0.6992242932319641,0.5436326265335083,-0.0693773627281189,0.621372640132904,0.6823523640632629,-0.10629045218229294,0.6133850812911987,0.7363191843032837,-0.10256389528512955,0.6208495497703552,0.7363654971122742,-0.09398771822452545,0.7320258021354675,0.6071826815605164,-0.0861407145857811,0.6655148267745972,0.7065512537956238,-0.1143038347363472,0.6453021168708801,0.743996262550354,-0.11129741370677948,0.6416804194450378,0.7448110580444336,-0.10340142250061035,0.0,0.0,0.0,0.0,0.0,0.0,0.0,0.0,0.0,0.0,0.0,0.0,0.0,0.0,0.0,0.0,0.0,0.0,0.0,0.0,0.0,0.0,0.0,0.0,0.0,0.0,0.0,0.0,0.0,0.0,0.0,0.0,0.0,0.0,0.0,0.0,0.0,0.0,0.0,0.0,0.0,0.0,0.0,0.0,0.0,0.0,0.0,0.0,0.0,0.0,0.0,0.0,0.0,0.0,0.0,0.0,0.0,0.0,0.0,0.0,0.0,0.0,0.0,he
0.7111724019050598,0.6774950623512268,-3.3034606872206496e-07,0.6425264477729797,0.6457076072692871,-0.027854828163981438,0.5867028832435608,0.6316626071929932,-0.057333387434482574,0.543654203414917,0.6631766557693481,-0.08632268011569977,0.5152415037155151,0.7046151757240295,-0.11631308495998383,0.6099317073822021,0.47246235609054565,-0.05290974676609039,0.5845418572425842,0.4873775243759155,-0.09280116111040115,0.5629100799560547,0.49081599712371826,-0.11867807805538177,0.5436912178993225,0.48662668466567993,-0.13654358685016632,0.6594467163085938,0.47843438386917114,-0.06283453106880188,0.5820543766021729,0.6164747476577759,-0.10840142518281937,0.5727400779724121,0.7074611186981201,-0.1194659173488617,0.5827266573905945,0.7374933362007141,-0.1213473454117775,0.7028962969779968,0.5284928679466248,-0.07623977214097977,0.6306216716766357,0.6679248809814453,-0.11847280710935593,0.622977614402771,0.7258628606796265,-0.11438993364572525,0.631679117679596,0.7273306846618652,-0.10452132672071457,0.7386546730995178,0.592934250831604,-0.09225095063447952,0.6760615110397339,0.6915132999420166,-0.12393340468406677,0.6575411558151245,0.7330403327941895,-0.12080357223749161,0.6566542983055115,0.7339106798171997,-0.11224018782377243,0.0,0.0,0.0,0.0,0.0,0.0,0.0,0.0,0.0,0.0,0.0,0.0,0.0,0.0,0.0,0.0,0.0,0.0,0.0,0.0,0.0,0.0,0.0,0.0,0.0,0.0,0.0,0.0,0.0,0.0,0.0,0.0,0.0,0.0,0.0,0.0,0.0,0.0,0.0,0.0,0.0,0.0,0.0,0.0,0.0,0.0,0.0,0.0,0.0,0.0,0.0,0.0,0.0,0.0,0.0,0.0,0.0,0.0,0.0,0.0,0.0,0.0,0.0,he
0.719232976436615,0.6771977543830872,-3.8929783841012977e-07,0.6466050744056702,0.6412330269813538,-0.021701449528336525,0.5882254838943481,0.6213871240615845,-0.04554252326488495,0.5473255515098572,0.6526751518249512,-0.07003851234912872,0.521103024482727,0.6970304846763611,-0.09611877053976059,0.6194626092910767,0.4739754796028137,-0.04153266176581383,0.5895016193389893,0.48814132809638977,-0.07691896706819534,0.561922013759613,0.48905497789382935,-0.10205640643835068,0.5366426706314087,0.48268359899520874,-0.1205165907740593,0.6668304204940796,0.4783102571964264,-0.05301688238978386,0.5882836580276489,0.6049736142158508,-0.09405124187469482,0.5766939520835876,0.6928406953811646,-0.10534557700157166,0.5844210386276245,0.7241944670677185,-0.1079835519194603,0.7081871628761292,0.526677668094635,-0.06758429110050201,0.6339665651321411,0.6603964567184448,-0.10394741594791412,0.6218034625053406,0.7171739339828491,-0.10095547884702682,0.6251540780067444,0.7200617790222168,-0.0931200385093689,0.7411736249923706,0.5913930535316467,-0.08467254042625427,0.6792629361152649,0.6885225772857666,-0.11124656349420547,0.6574251651763916,0.7276180386543274,-0.10802218317985535,0.6515780091285706,0.7290905714035034,-0.10057826340198517,0.0,0.0,0.0,0.0,0.0,0.0,0.0,0.0,0.0,0.0,0.0,0.0,0.0,0.0,0.0,0.0,0.0,0.0,0.0,0.0,0.0,0.0,0.0,0.0,0.0,0.0,0.0,0.0,0.0,0.0,0.0,0.0,0.0,0.0,0.0,0.0,0.0,0.0,0.0,0.0,0.0,0.0,0.0,0.0,0.0,0.0,0.0,0.0,0.0,0.0,0.0,0.0,0.0,0.0,0.0,0.0,0.0,0.0,0.0,0.0,0.0,0.0,0.0,he
0.7162915468215942,0.6821035742759705,-3.61433478701656e-07,0.6438199877738953,0.64665687084198,-0.02103411592543125,0.5864397287368774,0.6253665685653687,-0.04559481143951416,0.5458584427833557,0.6553428769111633,-0.07110891491174698,0.5184146761894226,0.7002416849136353,-0.09822395443916321,0.6216075420379639,0.47589096426963806,-0.04045518860220909,0.5944916605949402,0.4861522912979126,-0.07476231455802917,0.5650357604026794,0.48692095279693604,-0.0989231988787651,0.536917507648468,0.4812737703323364,-0.11703448742628098,0.6683498620986938,0.4807068407535553,-0.05273693427443504,0.5894259810447693,0.6049637198448181,-0.09293195605278015,0.5772606134414673,0.6939128041267395,-0.1038193553686142,0.5842063426971436,0.7231819033622742,-0.10606296360492706,0.708657443523407,0.5292701125144958,-0.06788846105337143,0.6344587206840515,0.6617236137390137,-0.10365337878465652,0.6224207282066345,0.7184265851974487,-0.1002458930015564,0.6255494952201843,0.720183253288269,-0.09213927388191223,0.7400156855583191,0.5943958759307861,-0.08555623888969421,0.6785061359405518,0.6919118165969849,-0.11268282681703568,0.6566011309623718,0.7306463718414307,-0.10957799851894379,0.6509008407592773,0.7318622469902039,-0.10192710161209106,0.0,0.0,0.0,0.0,0.0,0.0,0.0,0.0,0.0,0.0,0.0,0.0,0.0,0.0,0.0,0.0,0.0,0.0,0.0,0.0,0.0,0.0,0.0,0.0,0.0,0.0,0.0,0.0,0.0,0.0,0.0,0.0,0.0,0.0,0.0,0.0,0.0,0.0,0.0,0.0,0.0,0.0,0.0,0.0,0.0,0.0,0.0,0.0,0.0,0.0,0.0,0.0,0.0,0.0,0.0,0.0,0.0,0.0,0.0,0.0,0.0,0.0,0.0,he
0.7193174362182617,0.6805510520935059,-3.825635701559804e-07,0.6471439003944397,0.6437647938728333,-0.01964065060019493,0.5889415144920349,0.6214196681976318,-0.042860135436058044,0.5470455288887024,0.6525269746780396,-0.06730097532272339,0.518101155757904,0.6982771754264832,-0.09329628199338913,0.6223476529121399,0.47570207715034485,-0.03939943388104439,0.5937429666519165,0.4841616153717041,-0.07335641235113144,0.564477264881134,0.48562997579574585,-0.09681733697652817,0.5372742414474487,0.4814595580101013,-0.11404529958963394,0.6691385507583618,0.4808039963245392,-0.05177000164985657,0.5898963809013367,0.606670618057251,-0.09124014526605606,0.5785546898841858,0.6951261758804321,-0.1009058877825737,0.5873022079467773,0.7240350246429443,-0.10226811468601227,0.7093935608863831,0.5302419066429138,-0.06702718138694763,0.6343525052070618,0.6627218723297119,-0.10205327719449997,0.621720016002655,0.7197986841201782,-0.09793107956647873,0.6251994371414185,0.7218672037124634,-0.08939559757709503,0.7408449649810791,0.5958283543586731,-0.0847110003232956,0.678679347038269,0.6930069327354431,-0.11087067425251007,0.6556435823440552,0.7321435213088989,-0.10718951374292374,0.6494818925857544,0.733436107635498,-0.09921123832464218,0.0,0.0,0.0,0.0,0.0,0.0,0.0,0.0,0.0,0.0,0.0,0.0,0.0,0.0,0.0,0.0,0.0,0.0,0.0,0.0,0.0,0.0,0.0,0.0,0.0,0.0,0.0,0.0,0.0,0.0,0.0,0.0,0.0,0.0,0.0,0.0,0.0,0.0,0.0,0.0,0.0,0.0,0.0,0.0,0.0,0.0,0.0,0.0,0.0,0.0,0.0,0.0,0.0,0.0,0.0,0.0,0.0,0.0,0.0,0.0,0.0,0.0,0.0,he
0.7182679772377014,0.691787838935852,-3.905921914792998e-07,0.6452447772026062,0.6569182276725769,-0.02239520102739334,0.587289035320282,0.6353291273117065,-0.047236789017915726,0.5410882830619812,0.6645742654800415,-0.07327993214130402,0.5053914785385132,0.7043509483337402,-0.10133114457130432,0.6218971610069275,0.4866553843021393,-0.04115660488605499,0.5952781438827515,0.4903545379638672,-0.07742545008659363,0.5658211708068848,0.4942823648452759,-0.10323122143745422,0.5382734537124634,0.4945017695426941,-0.12143711745738983,0.6710270047187805,0.49172526597976685,-0.05281688645482063,0.595544695854187,0.6172906160354614,-0.09509051591157913,0.5748234987258911,0.7128490805625916,-0.10741306841373444,0.5748316049575806,0.7489916086196899,-0.11041704565286636,0.7130551934242249,0.5421123504638672,-0.06765612214803696,0.6375288963317871,0.6698096394538879,-0.10564733296632767,0.6199626922607422,0.7336700558662415,-0.1031673401594162,0.6200324892997742,0.7422711849212646,-0.09541011601686478,0.7460470199584961,0.608788251876831,-0.08483196794986725,0.6835137009620667,0.7038018107414246,-0.11273100227117538,0.6608268618583679,0.7449254989624023,-0.10899509489536285,0.6561293601989746,0.7485248446464539,-0.10076549649238586,0.0,0.0,0.0,0.0,0.0,0.0,0.0,0.0,0.0,0.0,0.0,0.0,0.0,0.0,0.0,0.0,0.0,0.0,0.0,0.0,0.0,0.0,0.0,0.0,0.0,0.0,0.0,0.0,0.0,0.0,0.0,0.0,0.0,0.0,0.0,0.0,0.0,0.0,0.0,0.0,0.0,0.0,0.0,0.0,0.0,0.0,0.0,0.0,0.0,0.0,0.0,0.0,0.0,0.0,0.0,0.0,0.0,0.0,0.0,0.0,0.0,0.0,0.0,he
0.759191632270813,0.7335713505744934,-6.860119583507185e-07,0.6819084882736206,0.7070655822753906,-0.007500945590436459,0.6146420240402222,0.6666054129600525,-0.02437383122742176,0.5600644946098328,0.6622772812843323,-0.0445365384221077,0.5094599723815918,0.6767450571060181,-0.06714997440576553,0.6486570835113525,0.536543607711792,-0.030557818710803986,0.6107947826385498,0.5145094990730286,-0.06533271819353104,0.5773669481277466,0.5212680697441101,-0.08931571990251541,0.549724817276001,0.5430737733840942,-0.10306577384471893,0.6854572892189026,0.5440019369125366,-0.04455694928765297,0.6047113537788391,0.6327627897262573,-0.07808049023151398,0.5776707530021667,0.7215819954872131,-0.08589845895767212,0.5713931322097778,0.7803264856338501,-0.08692748099565506,0.7174055576324463,0.5873262286186218,-0.06038237363100052,0.6381664276123047,0.6796208024024963,-0.08975151926279068,0.6205946207046509,0.7470057010650635,-0.08339981734752655,0.618284285068512,0.7850226163864136,-0.07471880316734314,0.7409996390342712,0.6432456970214844,-0.07693067193031311,0.6724602580070496,0.7206493020057678,-0.09733863174915314,0.6580883860588074,0.7649794220924377,-0.08927129209041595,0.6594434380531311,0.7853050827980042,-0.07843709737062454,0.0,0.0,0.0,0.0,0.0,0.0,0.0,0.0,0.0,0.0,0.0,0.0,0.0,0.0,0.0,0.0,0.0,0.0,0.0,0.0,0.0,0.0,0.0,0.0,0.0,0.0,0.0,0.0,0.0,0.0,0.0,0.0,0.0,0.0,0.0,0.0,0.0,0.0,0.0,0.0,0.0,0.0,0.0,0.0,0.0,0.0,0.0,0.0,0.0,0.0,0.0,0.0,0.0,0.0,0.0,0.0,0.0,0.0,0.0,0.0,0.0,0.0,0.0,he
0.3767263889312744,0.5500641465187073,7.041923026918084e-07,0.4314386248588562,0.5596561431884766,-0.05414564535021782,0.4741891324520111,0.5224831700325012,-0.08761719614267349,0.5151090621948242,0.4861825108528137,-0.10983693599700928,0.5603287220001221,0.47428491711616516,-0.1325957328081131,0.42911648750305176,0.432163804769516,-0.09388863295316696,0.4696695804595947,0.35238516330718994,-0.1286403238773346,0.500191330909729,0.29490846395492554,-0.15016067028045654,0.5218172669410706,0.25107789039611816,-0.16277237236499786,0.40770381689071655,0.40503713488578796,-0.07548210769891739,0.4596957564353943,0.3172365128993988,-0.1073845773935318,0.4966225028038025,0.25953996181488037,-0.12413070350885391,0.5257005095481873,0.21232740581035614,-0.13397663831710815,0.4001963436603546,0.39350900053977966,-0.057672563940286636,0.4510834217071533,0.31266236305236816,-0.08117672055959702,0.4876735806465149,0.25927114486694336,-0.09463158994913101,0.5175978541374207,0.21969854831695557,-0.10258552432060242,0.4017878770828247,0.3919881284236908,-0.043057288974523544,0.4426450729370117,0.3314872980117798,-0.06010323017835617,0.4728756248950958,0.29055285453796387,-0.06960705667734146,0.5002314448356628,0.26038867235183716,-0.07537221908569336,0.0,0.0,0.0,0.0,0.0,0.0,0.0,0.0,0.0,0.0,0.0,0.0,0.0,0.0,0.0,0.0,0.0,0.0,0.0,0.0,0.0,0.0,0.0,0.0,0.0,0.0,0.0,0.0,0.0,0.0,0.0,0.0,0.0,0.0,0.0,0.0,0.0,0.0,0.0,0.0,0.0,0.0,0.0,0.0,0.0,0.0,0.0,0.0,0.0,0.0,0.0,0.0,0.0,0.0,0.0,0.0,0.0,0.0,0.0,0.0,0.0,0.0,0.0,he
0.38679081201553345,0.5536158084869385,6.530295877382741e-07,0.4574213922023773,0.522909939289093,0.028655191883444786,0.49975717067718506,0.47386348247528076,0.033606380224227905,0.5411922335624695,0.457125186920166,0.02712288871407509,0.5838090777397156,0.45171141624450684,0.017985373735427856,0.4358339309692383,0.35697436332702637,0.04863189160823822,0.4864157438278198,0.2981213927268982,0.05167056992650032,0.5161514282226562,0.253301203250885,0.045591119676828384,0.5395643711090088,0.2122478485107422,0.036535561084747314,0.42940330505371094,0.3518368601799011,0.018181247636675835,0.48890483379364014,0.27982935309410095,0.01720942184329033,0.5270875692367554,0.22922638058662415,0.005528160836547613,0.5601978898048401,0.19051580131053925,-0.004555863793939352,0.4348720610141754,0.36303919553756714,-0.012316185049712658,0.48877736926078796,0.28636085987091064,-0.013488258235156536,0.5252833366394043,0.23569972813129425,-0.018307479098439217,0.5538134574890137,0.19184032082557678,-0.024115154519677162,0.45228299498558044,0.39089369773864746,-0.04222053289413452,0.4914836585521698,0.3235655725002289,-0.04313042387366295,0.513874888420105,0.27913719415664673,-0.04141076281666756,0.5327748656272888,0.24100245535373688,-0.04197429493069649,0.0,0.0,0.0,0.0,0.0,0.0,0.0,0.0,0.0,0.0,0.0,0.0,0.0,0.0,0.0,0.0,0.0,0.0,0.0,0.0,0.0,0.0,0.0,0.0,0.0,0.0,0.0,0.0,0.0,0.0,0.0,0.0,0.0,0.0,0.0,0.0,0.0,0.0,0.0,0.0,0.0,0.0,0.0,0.0,0.0,0.0,0.0,0.0,0.0,0.0,0.0,0.0,0.0,0.0,0.0,0.0,0.0,0.0,0.0,0.0,0.0,0.0,0.0,he
0.39261794090270996,0.5690298080444336,5.397272957452515e-07,0.46799054741859436,0.5240075588226318,0.029187487438321114,0.5067036151885986,0.46857190132141113,0.03545812517404556,0.5444339513778687,0.4413878321647644,0.02985607646405697,0.5869470834732056,0.4283423125743866,0.02257256954908371,0.4382058382034302,0.3484259247779846,0.054460979998111725,0.49981555342674255,0.30499741435050964,0.05296361446380615,0.5415920615196228,0.26943057775497437,0.04085356369614601,0.574603796005249,0.23816093802452087,0.027909021824598312,0.43115296959877014,0.345257431268692,0.023885270580649376,0.5032506585121155,0.29083824157714844,0.0211764108389616,0.5502306222915649,0.25293266773223877,0.007014653645455837,0.5902641415596008,0.2210833877325058,-0.005987957585602999,0.43489283323287964,0.3577197790145874,-0.007790069095790386,0.5031921863555908,0.29777252674102783,-0.009695510379970074,0.548707127571106,0.2581489086151123,-0.013860954903066158,0.5843328237533569,0.222559854388237,-0.020125631242990494,0.45076319575309753,0.38431745767593384,-0.03937184810638428,0.5008773803710938,0.3291083574295044,-0.04045656695961952,0.5316362380981445,0.2884681820869446,-0.03867108002305031,0.5581169128417969,0.25214844942092896,-0.03980943188071251,0.0,0.0,0.0,0.0,0.0,0.0,0.0,0.0,0.0,0.0,0.0,0.0,0.0,0.0,0.0,0.0,0.0,0.0,0.0,0.0,0.0,0.0,0.0,0.0,0.0,0.0,0.0,0.0,0.0,0.0,0.0,0.0,0.0,0.0,0.0,0.0,0.0,0.0,0.0,0.0,0.0,0.0,0.0,0.0,0.0,0.0,0.0,0.0,0.0,0.0,0.0,0.0,0.0,0.0,0.0,0.0,0.0,0.0,0.0,0.0,0.0,0.0,0.0,he
0.3939281404018402,0.5680223107337952,5.436948526948981e-07,0.47113746404647827,0.5203251242637634,0.026727572083473206,0.5096474885940552,0.4643874168395996,0.03222207352519035,0.5459228754043579,0.43940627574920654,0.026581017300486565,0.5882080793380737,0.42482686042785645,0.019334496930241585,0.4386700689792633,0.34760862588882446,0.048405248671770096,0.5003790259361267,0.30113646388053894,0.04428902268409729,0.5427829027175903,0.26546233892440796,0.03111203946173191,0.5777679681777954,0.23578955233097076,0.01815061829984188,0.4313909709453583,0.3447933793067932,0.019420478492975235,0.5038601756095886,0.2862519323825836,0.014834930188953876,0.5509431958198547,0.24828584492206573,0.00031804872560314834,0.5917069911956787,0.21973823010921478,-0.012805512174963951,0.43535101413726807,0.3573874235153198,-0.01078480388969183,0.505272388458252,0.29411616921424866,-0.014759276062250137,0.5511977672576904,0.2562066912651062,-0.020874343812465668,0.587369441986084,0.22448591887950897,-0.028223196044564247,0.4509350061416626,0.38261687755584717,-0.040833838284015656,0.5024197697639465,0.32633450627326965,-0.04412098973989487,0.5340318083763123,0.2871256172657013,-0.044219210743904114,0.5613186359405518,0.25299984216690063,-0.046601537615060806,0.0,0.0,0.0,0.0,0.0,0.0,0.0,0.0,0.0,0.0,0.0,0.0,0.0,0.0,0.0,0.0,0.0,0.0,0.0,0.0,0.0,0.0,0.0,0.0,0.0,0.0,0.0,0.0,0.0,0.0,0.0,0.0,0.0,0.0,0.0,0.0,0.0,0.0,0.0,0.0,0.0,0.0,0.0,0.0,0.0,0.0,0.0,0.0,0.0,0.0,0.0,0.0,0.0,0.0,0.0,0.0,0.0,0.0,0.0,0.0,0.0,0.0,0.0,he
0.3933626413345337,0.5732235312461853,2.50485840069814e-07,0.4668909013271332,0.5083939433097839,0.028495023027062416,0.49692732095718384,0.44547706842422485,0.03671656548976898,0.5328677892684937,0.4082406163215637,0.03271947428584099,0.5676945447921753,0.37958380579948425,0.028581315651535988,0.41264763474464417,0.35007327795028687,0.05409351363778114,0.48093727231025696,0.32199954986572266,0.04666091129183769,0.5286617875099182,0.32056039571762085,0.03264725208282471,0.5641769170761108,0.3234342932701111,0.021741658449172974,0.40530717372894287,0.345894992351532,0.027948152273893356,0.4921382963657379,0.31416913866996765,0.013783589005470276,0.5394547581672668,0.33403199911117554,-0.0025059888139367104,0.5720863342285156,0.3587288558483124,-0.011453741230070591,0.41017645597457886,0.3546411395072937,0.0005153721431270242,0.4927157163619995,0.3208169937133789,-0.01225828193128109,0.5402470231056213,0.34255552291870117,-0.019517509266734123,0.5712531805038452,0.36791443824768066,-0.021499784663319588,0.4251492917537689,0.3724917471408844,-0.026137055829167366,0.48782917857170105,0.3345968723297119,-0.03284968063235283,0.5272243618965149,0.3398512005805969,-0.03266645595431328,0.5573529601097107,0.3539743423461914,-0.030997157096862793,0.0,0.0,0.0,0.0,0.0,0.0,0.0,0.0,0.0,0.0,0.0,0.0,0.0,0.0,0.0,0.0,0.0,0.0,0.0,0.0,0.0,0.0,0.0,0.0,0.0,0.0,0.0,0.0,0.0,0.0,0.0,0.0,0.0,0.0,0.0,0.0,0.0,0.0,0.0,0.0,0.0,0.0,0.0,0.0,0.0,0.0,0.0,0.0,0.0,0.0,0.0,0.0,0.0,0.0,0.0,0.0,0.0,0.0,0.0,0.0,0.0,0.0,0.0,he
0.379256010055542,0.576397716999054,1.446706079377691e-07,0.4509797692298889,0.512624979019165,0.030866583809256554,0.47948023676872253,0.44906991720199585,0.04246552661061287,0.5115467309951782,0.4118795096874237,0.04246213287115097,0.5432034730911255,0.3900875747203827,0.042547717690467834,0.39613404870033264,0.35436713695526123,0.053739190101623535,0.4721143841743469,0.33286306262016296,0.04617895931005478,0.5210052132606506,0.34608370065689087,0.03131559118628502,0.5558491349220276,0.36572152376174927,0.0203977320343256,0.38802045583724976,0.3525594472885132,0.0285270344465971,0.4795415699481964,0.321698933839798,0.01813099905848503,0.5306349992752075,0.3469204902648926,0.003964740317314863,0.5638977289199829,0.37854915857315063,-0.004139664117246866,0.39555564522743225,0.36461347341537476,0.0024183415807783604,0.4785269498825073,0.32417869567871094,-0.008365198969841003,0.5288892984390259,0.3457626700401306,-0.015339449979364872,0.5592166185379028,0.37473466992378235,-0.01714933104813099,0.4140584468841553,0.38348597288131714,-0.02242148295044899,0.47584930062294006,0.3395262062549591,-0.029022397473454475,0.5136021971702576,0.3512236177921295,-0.028588684275746346,0.5404126644134521,0.37276050448417664,-0.026322003453969955,0.0,0.0,0.0,0.0,0.0,0.0,0.0,0.0,0.0,0.0,0.0,0.0,0.0,0.0,0.0,0.0,0.0,0.0,0.0,0.0,0.0,0.0,0.0,0.0,0.0,0.0,0.0,0.0,0.0,0.0,0.0,0.0,0.0,0.0,0.0,0.0,0.0,0.0,0.0,0.0,0.0,0.0,0.0,0.0,0.0,0.0,0.0,0.0,0.0,0.0,0.0,0.0,0.0,0.0,0.0,0.0,0.0,0.0,0.0,0.0,0.0,0.0,0.0,he
0.36063000559806824,0.5864560604095459,8.225861591881767e-08,0.43136537075042725,0.5231576561927795,0.02702309563755989,0.4592929780483246,0.46165093779563904,0.03466758877038956,0.4914812743663788,0.42543914914131165,0.03122088685631752,0.524148166179657,0.4048132598400116,0.027574598789215088,0.3800349533557892,0.36388975381851196,0.042577553540468216,0.4548741579055786,0.3407934904098511,0.02894473448395729,0.5021084547042847,0.36045610904693604,0.0114590497687459,0.5342156887054443,0.3869958519935608,-4.886076203547418e-05,0.3707062005996704,0.3633287250995636,0.017314307391643524,0.46260344982147217,0.33106744289398193,0.0008823360549286008,0.5132239460945129,0.3610377907752991,-0.01468090619891882,0.5440687537193298,0.3969036638736725,-0.022471055388450623,0.3762392997741699,0.377850204706192,-0.00898672640323639,0.45996811985969543,0.3357996642589569,-0.02591272071003914,0.5109125375747681,0.362285315990448,-0.03370998427271843,0.539584755897522,0.3953239619731903,-0.03444438800215721,0.39264559745788574,0.4010546803474426,-0.03393721207976341,0.4533967673778534,0.35017967224121094,-0.044775109738111496,0.49264219403266907,0.36236119270324707,-0.044833216816186905,0.5199812650680542,0.38611412048339844,-0.042023129761219025,0.0,0.0,0.0,0.0,0.0,0.0,0.0,0.0,0.0,0.0,0.0,0.0,0.0,0.0,0.0,0.0,0.0,0.0,0.0,0.0,0.0,0.0,0.0,0.0,0.0,0.0,0.0,0.0,0.0,0.0,0.0,0.0,0.0,0.0,0.0,0.0,0.0,0.0,0.0,0.0,0.0,0.0,0.0,0.0,0.0,0.0,0.0,0.0,0.0,0.0,0.0,0.0,0.0,0.0,0.0,0.0,0.0,0.0,0.0,0.0,0.0,0.0,0.0,he
0.34616851806640625,0.5967848896980286,1.2151954820183164e-07,0.41618841886520386,0.5352371335029602,0.02381821908056736,0.4465184807777405,0.4691551923751831,0.030455658212304115,0.4790480136871338,0.4310813844203949,0.026961633935570717,0.5135140419006348,0.41089844703674316,0.023565655574202538,0.3707049489021301,0.37215927243232727,0.038709256798028946,0.4456958472728729,0.34788820147514343,0.024858172982931137,0.4941694438457489,0.364554226398468,0.007978512905538082,0.5276608467102051,0.3876442015171051,-0.003172443015500903,0.3604254722595215,0.370599627494812,0.015294149518013,0.4505610764026642,0.3389603793621063,-0.0012500862358137965,0.502772331237793,0.3661031723022461,-0.01585155725479126,0.5354596376419067,0.3996083438396454,-0.022871000692248344,0.3641313314437866,0.3837897479534149,-0.009278998710215092,0.444902241230011,0.34128984808921814,-0.026537859812378883,0.497883141040802,0.3639071583747864,-0.033923130482435226,0.5292332172393799,0.3938756585121155,-0.03433094918727875,0.3787185549736023,0.40595853328704834,-0.03277428448200226,0.43844884634017944,0.356125146150589,-0.045343805104494095,0.47855430841445923,0.36734041571617126,-0.04619032144546509,0.5068035125732422,0.39001068472862244,-0.04340195655822754,0.0,0.0,0.0,0.0,0.0,0.0,0.0,0.0,0.0,0.0,0.0,0.0,0.0,0.0,0.0,0.0,0.0,0.0,0.0,0.0,0.0,0.0,0.0,0.0,0.0,0.0,0.0,0.0,0.0,0.0,0.0,0.0,0.0,0.0,0.0,0.0,0.0,0.0,0.0,0.0,0.0,0.0,0.0,0.0,0.0,0.0,0.0,0.0,0.0,0.0,0.0,0.0,0.0,0.0,0.0,0.0,0.0,0.0,0.0,0.0,0.0,0.0,0.0,he
0.34766438603401184,0.5936858057975769,1.4561705086180154e-07,0.41904300451278687,0.5358302593231201,0.01658080890774727,0.4488983452320099,0.46833372116088867,0.019791848957538605,0.4797475337982178,0.42887166142463684,0.014087015762925148,0.5120784640312195,0.40504318475723267,0.009197287261486053,0.3707483112812042,0.37287846207618713,0.031237637624144554,0.44427695870399475,0.3478865623474121,0.014536675997078419,0.49250316619873047,0.3662587106227875,-0.003492792369797826,0.5252957344055176,0.39136451482772827,-0.014668377116322517,0.3597145676612854,0.37187445163726807,0.011442209593951702,0.44877883791923523,0.33836129307746887,-0.008481796830892563,0.5015303492546082,0.3671751618385315,-0.023948466405272484,0.5346030592918396,0.4019868075847626,-0.030765896663069725,0.36281391978263855,0.38439279794692993,-0.010034906677901745,0.44269225001335144,0.341340571641922,-0.029025258496403694,0.49720239639282227,0.36257070302963257,-0.03737797960639,0.5302318334579468,0.39325857162475586,-0.03791080042719841,0.37721461057662964,0.4054470956325531,-0.031035128980875015,0.4368242621421814,0.3561897873878479,-0.04365312680602074,0.47864511609077454,0.36537453532218933,-0.045015137642621994,0.508315920829773,0.38726145029067993,-0.04254492372274399,0.0,0.0,0.0,0.0,0.0,0.0,0.0,0.0,0.0,0.0,0.0,0.0,0.0,0.0,0.0,0.0,0.0,0.0,0.0,0.0,0.0,0.0,0.0,0.0,0.0,0.0,0.0,0.0,0.0,0.0,0.0,0.0,0.0,0.0,0.0,0.0,0.0,0.0,0.0,0.0,0.0,0.0,0.0,0.0,0.0,0.0,0.0,0.0,0.0,0.0,0.0,0.0,0.0,0.0,0.0,0.0,0.0,0.0,0.0,0.0,0.0,0.0,0.0,he
0.334098219871521,0.6001137495040894,2.0459798122374195e-07,0.3974451720714569,0.5527904629707336,0.008375909179449081,0.4376143217086792,0.48121488094329834,0.007985853590071201,0.47266241908073425,0.4362521469593048,0.00015830851043574512,0.5066068768501282,0.4021426737308502,-0.006689694244414568,0.3668779730796814,0.37857696413993835,0.02908845990896225,0.42905908823013306,0.3519478738307953,0.01294275838881731,0.47795453667640686,0.36570364236831665,-0.0049873702228069305,0.5104987025260925,0.38509416580200195,-0.016412412747740746,0.3500005006790161,0.37523695826530457,0.01310326624661684,0.4275752007961273,0.3430813252925873,-0.005444424692541361,0.4796340763568878,0.36703574657440186,-0.020481470972299576,0.5109877586364746,0.3967705965042114,-0.027706094086170197,0.34297218918800354,0.3841203451156616,-0.005720488261431456,0.4205731749534607,0.34918835759162903,-0.026063067838549614,0.47140151262283325,0.3719427287578583,-0.03363484889268875,0.5021249651908875,0.4039222002029419,-0.03347570821642876,0.345354288816452,0.40354830026626587,-0.02481117658317089,0.40757593512535095,0.3672536611557007,-0.04050493612885475,0.45045357942581177,0.3757326304912567,-0.0432058610022068,0.4803312420845032,0.39564284682273865,-0.0409700907766819,0.0,0.0,0.0,0.0,0.0,0.0,0.0,0.0,0.0,0.0,0.0,0.0,0.0,0.0,0.0,0.0,0.0,0.0,0.0,0.0,0.0,0.0,0.0,0.0,0.0,0.0,0.0,0.0,0.0,0.0,0.0,0.0,0.0,0.0,0.0,0.0,0.0,0.0,0.0,0.0,0.0,0.0,0.0,0.0,0.0,0.0,0.0,0.0,0.0,0.0,0.0,0.0,0.0,0.0,0.0,0.0,0.0,0.0,0.0,0.0,0.0,0.0,0.0,he
0.309721976518631,0.6285408735275269,1.4999577047092316e-07,0.3545978367328644,0.6129150986671448,-0.022985225543379784,0.391205757856369,0.5846155881881714,-0.04645200073719025,0.41088399291038513,0.5727388858795166,-0.070015549659729,0.4283432364463806,0.5573367476463318,-0.09401770681142807,0.3881414532661438,0.4242147207260132,-0.033525023609399796,0.4266138970851898,0.37742486596107483,-0.05815679579973221,0.45662111043930054,0.34863075613975525,-0.08074432611465454,0.4829156994819641,0.31944921612739563,-0.09746784716844559,0.3510477542877197,0.4100005030632019,-0.03870297223329544,0.3853685259819031,0.42469316720962524,-0.06824198365211487,0.38334953784942627,0.4738353192806244,-0.08548460900783539,0.3710147440433502,0.5038390755653381,-0.09506157785654068,0.316866934299469,0.4236655533313751,-0.045038994401693344,0.3534644842147827,0.43579089641571045,-0.06993837654590607,0.35578885674476624,0.47841084003448486,-0.06987245380878448,0.3463969826698303,0.5086732506752014,-0.06674432754516602,0.2849127948284149,0.4557231068611145,-0.05392484366893768,0.3189340829849243,0.4552115201950073,-0.07035136222839355,0.32888489961624146,0.48886141180992126,-0.06443269550800323,0.32778218388557434,0.518527626991272,-0.056479837745428085,0.0,0.0,0.0,0.0,0.0,0.0,0.0,0.0,0.0,0.0,0.0,0.0,0.0,0.0,0.0,0.0,0.0,0.0,0.0,0.0,0.0,0.0,0.0,0.0,0.0,0.0,0.0,0.0,0.0,0.0,0.0,0.0,0.0,0.0,0.0,0.0,0.0,0.0,0.0,0.0,0.0,0.0,0.0,0.0,0.0,0.0,0.0,0.0,0.0,0.0,0.0,0.0,0.0,0.0,0.0,0.0,0.0,0.0,0.0,0.0,0.0,0.0,0.0,he
0.2978747487068176,0.6419438719749451,5.540351821764489e-07,0.3415071368217468,0.6223208904266357,-0.02647893689572811,0.3710941672325134,0.6096156239509583,-0.05739052966237068,0.38452067971229553,0.6409310102462769,-0.08938248455524445,0.39088544249534607,0.6784014701843262,-0.1255669742822647,0.36154597997665405,0.4653210937976837,-0.059073593467473984,0.3871122896671295,0.42082297801971436,-0.09619753062725067,0.4076802134513855,0.39813029766082764,-0.12472964823246002,0.42916637659072876,0.37697041034698486,-0.14497655630111694,0.3162482678890228,0.4685230851173401,-0.07061580568552017,0.32102102041244507,0.4082583487033844,-0.10657281428575516,0.3404402434825897,0.42582792043685913,-0.12607412040233612,0.3587034046649933,0.45257773995399475,-0.13893193006515503,0.27400442957878113,0.501568615436554,-0.08362612128257751,0.2727827727794647,0.4627875089645386,-0.11917369067668915,0.298264741897583,0.49467721581459045,-0.12946867942810059,0.3170594274997711,0.5317544341087341,-0.13385598361492157,0.24081820249557495,0.5576222538948059,-0.09856210649013519,0.24615073204040527,0.5439938306808472,-0.1262321025133133,0.27079665660858154,0.5693838000297546,-0.13026948273181915,0.29058268666267395,0.5985103249549866,-0.13168612122535706,0.0,0.0,0.0,0.0,0.0,0.0,0.0,0.0,0.0,0.0,0.0,0.0,0.0,0.0,0.0,0.0,0.0,0.0,0.0,0.0,0.0,0.0,0.0,0.0,0.0,0.0,0.0,0.0,0.0,0.0,0.0,0.0,0.0,0.0,0.0,0.0,0.0,0.0,0.0,0.0,0.0,0.0,0.0,0.0,0.0,0.0,0.0,0.0,0.0,0.0,0.0,0.0,0.0,0.0,0.0,0.0,0.0,0.0,0.0,0.0,0.0,0.0,0.0,he
0.3134382963180542,0.6210397481918335,6.141979156382149e-07,0.3452417850494385,0.6050969958305359,-0.02678612433373928,0.3691025674343109,0.5950738191604614,-0.05900620296597481,0.3838457465171814,0.6223820447921753,-0.0919811800122261,0.39063534140586853,0.6568527817726135,-0.1290217489004135,0.35761702060699463,0.46092623472213745,-0.06003857031464577,0.3752097189426422,0.41970986127853394,-0.09989739209413528,0.39847463369369507,0.4002053439617157,-0.13036565482616425,0.4239216446876526,0.384773313999176,-0.1502930372953415,0.31678855419158936,0.46867284178733826,-0.06962080299854279,0.3120443820953369,0.4061870574951172,-0.10694173723459244,0.33176708221435547,0.4278819262981415,-0.12570112943649292,0.35267147421836853,0.4604666233062744,-0.13641656935214996,0.27930814027786255,0.5006694197654724,-0.08059902489185333,0.2706625759601593,0.45869016647338867,-0.11510779708623886,0.2983490824699402,0.4951990842819214,-0.12005434185266495,0.32058802247047424,0.5372570753097534,-0.11917328089475632,0.250101774930954,0.551741361618042,-0.09357751905918121,0.24662448465824127,0.5256361365318298,-0.12041518092155457,0.2696569263935089,0.5498365163803101,-0.12042946368455887,0.2884995937347412,0.578883171081543,-0.11728287488222122,0.0,0.0,0.0,0.0,0.0,0.0,0.0,0.0,0.0,0.0,0.0,0.0,0.0,0.0,0.0,0.0,0.0,0.0,0.0,0.0,0.0,0.0,0.0,0.0,0.0,0.0,0.0,0.0,0.0,0.0,0.0,0.0,0.0,0.0,0.0,0.0,0.0,0.0,0.0,0.0,0.0,0.0,0.0,0.0,0.0,0.0,0.0,0.0,0.0,0.0,0.0,0.0,0.0,0.0,0.0,0.0,0.0,0.0,0.0,0.0,0.0,0.0,0.0,he
0.2810353636741638,0.6344267129898071,-1.3150639688319643e-07,0.33786648511886597,0.6226043105125427,-0.025712694972753525,0.379777729511261,0.6095037460327148,-0.05455642193555832,0.3922896385192871,0.6394046545028687,-0.08565140515565872,0.3759617805480957,0.6749882102012634,-0.11987895518541336,0.34482690691947937,0.43994009494781494,-0.05409417673945427,0.35009920597076416,0.44002872705459595,-0.09266979247331619,0.3601346015930176,0.43174973130226135,-0.12068076431751251,0.37676218152046204,0.4263111352920532,-0.13816051185131073,0.28587979078292847,0.42816630005836487,-0.06281299889087677,0.31529712677001953,0.5336521863937378,-0.11445678025484085,0.341619610786438,0.6333796977996826,-0.13212868571281433,0.36073583364486694,0.7114709615707397,-0.13427872955799103,0.23508748412132263,0.46217969059944153,-0.07237549871206284,0.26473915576934814,0.5580549240112305,-0.11762496829032898,0.2965441346168518,0.6444165110588074,-0.11841515451669693,0.3210751414299011,0.7092037796974182,-0.10746386647224426,0.19718113541603088,0.5167897343635559,-0.08456841111183167,0.21458163857460022,0.5862510800361633,-0.11674918234348297,0.24538284540176392,0.6419409513473511,-0.1153930127620697,0.2710301876068115,0.6834487915039062,-0.10516996681690216,0.2741334140300751,0.603429913520813,1.3059940329185338e-07,0.3120535910129547,0.5985530614852905,-0.03209757059812546,0.34836021065711975,0.5868563652038574,-0.06516623497009277,0.36930277943611145,0.6051994562149048,-0.09883047640323639,0.3805939853191376,0.6224993467330933,-0.1361156851053238,0.3376764953136444,0.439250648021698,-0.06067100912332535,0.35537341237068176,0.4365597069263458,-0.10381302237510681,0.36853113770484924,0.43597277998924255,-0.13376757502555847,0.38090598583221436,0.4360126256942749,-0.15271933376789093,0.2840687334537506,0.4321349561214447,-0.06823538988828659,0.31922730803489685,0.5392579436302185,-0.12614820897579193,0.343330442905426,0.6359596252441406,-0.14725643396377563,0.3603805899620056,0.7058449983596802,-0.15161919593811035,0.2361677885055542,0.47076940536499023,-0.07788331806659698,0.2669949531555176,0.5587745904922485,-0.13554871082305908,0.2979307174682617,0.6428834795951843,-0.13933847844600677,0.3197877109050751,0.7065093517303467,-0.12885509431362152,0.20084401965141296,0.5297824144363403,-0.08943440765142441,0.2199794352054596,0.5865263342857361,-0.13476680219173431,0.24737286567687988,0.6428546905517578,-0.13627351820468903,0.2693447470664978,0.6869954466819763,-0.126240536570549,he
0.2828398644924164,0.6061666011810303,1.222911834020124e-07,0.3247503340244293,0.6082581281661987,-0.03728906065225601,0.36236536502838135,0.6084896326065063,-0.07487335801124573,0.3765937089920044,0.645002007484436,-0.11225001513957977,0.37554818391799927,0.6826741695404053,-0.15240927040576935,0.34565913677215576,0.4513487219810486,-0.06735726445913315,0.3521844148635864,0.44730228185653687,-0.11389415711164474,0.35851335525512695,0.4428307116031647,-0.14595796167850494,0.36822760105133057,0.44581907987594604,-0.16523395478725433,0.28858646750450134,0.44011566042900085,-0.07249585539102554,0.3110675811767578,0.5475386381149292,-0.13392245769500732,0.33322441577911377,0.6474051475524902,-0.15425214171409607,0.35077235102653503,0.7221846580505371,-0.15632730722427368,0.23698562383651733,0.4727891981601715,-0.0803675502538681,0.2594676613807678,0.5675004720687866,-0.13773685693740845,0.2887585163116455,0.6531765460968018,-0.14045916497707367,0.31085190176963806,0.7169408798217773,-0.12851741909980774,0.1984950304031372,0.5246626138687134,-0.09088961780071259,0.2153666466474533,0.5901427865028381,-0.1341034173965454,0.2415170520544052,0.6522586941719055,-0.13499349355697632,0.26171907782554626,0.6952120661735535,-0.1245088204741478,0.0,0.0,0.0,0.0,0.0,0.0,0.0,0.0,0.0,0.0,0.0,0.0,0.0,0.0,0.0,0.0,0.0,0.0,0.0,0.0,0.0,0.0,0.0,0.0,0.0,0.0,0.0,0.0,0.0,0.0,0.0,0.0,0.0,0.0,0.0,0.0,0.0,0.0,0.0,0.0,0.0,0.0,0.0,0.0,0.0,0.0,0.0,0.0,0.0,0.0,0.0,0.0,0.0,0.0,0.0,0.0,0.0,0.0,0.0,0.0,0.0,0.0,0.0,he
0.28067928552627563,0.6166210174560547,9.895494201828114e-08,0.3246569335460663,0.6208754777908325,-0.03402235731482506,0.3642842769622803,0.6249088048934937,-0.07097171992063522,0.3769446313381195,0.6637874841690063,-0.10792966187000275,0.36336612701416016,0.6926925778388977,-0.14739376306533813,0.34154006838798523,0.4465996325016022,-0.06595789641141891,0.34455570578575134,0.44512102007865906,-0.11352498084306717,0.35365065932273865,0.4450054466724396,-0.1469426155090332,0.3676775097846985,0.45227861404418945,-0.16709734499454498,0.28297731280326843,0.4351281225681305,-0.07296902686357498,0.31209221482276917,0.5425284504890442,-0.13503554463386536,0.33621877431869507,0.6484365463256836,-0.1562172770500183,0.352956086397171,0.7257538437843323,-0.15909205377101898,0.23107114434242249,0.47206786274909973,-0.08241797983646393,0.2602860629558563,0.570742130279541,-0.1407303661108017,0.29382726550102234,0.6600419282913208,-0.14447961747646332,0.316256046295166,0.7247509956359863,-0.13354641199111938,0.19274085760116577,0.5307071208953857,-0.09414297342300415,0.21381458640098572,0.5999621748924255,-0.13907617330551147,0.24380633234977722,0.6620233058929443,-0.14142118394374847,0.2657966613769531,0.7038652300834656,-0.13206373155117035,0.0,0.0,0.0,0.0,0.0,0.0,0.0,0.0,0.0,0.0,0.0,0.0,0.0,0.0,0.0,0.0,0.0,0.0,0.0,0.0,0.0,0.0,0.0,0.0,0.0,0.0,0.0,0.0,0.0,0.0,0.0,0.0,0.0,0.0,0.0,0.0,0.0,0.0,0.0,0.0,0.0,0.0,0.0,0.0,0.0,0.0,0.0,0.0,0.0,0.0,0.0,0.0,0.0,0.0,0.0,0.0,0.0,0.0,0.0,0.0,0.0,0.0,0.0,he
0.28083544969558716,0.6065747141838074,1.0110186821066236e-07,0.32737866044044495,0.6138226985931396,-0.03720143064856529,0.3672351539134979,0.6205013394355774,-0.07641203701496124,0.3790889382362366,0.6625782251358032,-0.11557410657405853,0.3677979111671448,0.6997862458229065,-0.15754848718643188,0.345173716545105,0.44742506742477417,-0.06898315250873566,0.347959041595459,0.44458186626434326,-0.11770790815353394,0.3556055724620819,0.4423082172870636,-0.15141542255878448,0.3697178065776825,0.4517824649810791,-0.17126108705997467,0.287939190864563,0.4349774718284607,-0.07480625808238983,0.3131619095802307,0.5400999188423157,-0.1391569972038269,0.33699795603752136,0.6444715261459351,-0.16115455329418182,0.35550370812416077,0.7247276306152344,-0.16366806626319885,0.2376834601163864,0.4704218804836273,-0.08329770714044571,0.26079776883125305,0.5681171417236328,-0.14479470252990723,0.2953985333442688,0.6604059934616089,-0.14986193180084229,0.32214492559432983,0.7290048599243164,-0.1383577585220337,0.20033009350299835,0.5262537598609924,-0.0941520631313324,0.21416300535202026,0.5963045954704285,-0.1419275552034378,0.2428106814622879,0.6572331786155701,-0.1457279622554779,0.2659851610660553,0.6999664306640625,-0.13652361929416656,0.0,0.0,0.0,0.0,0.0,0.0,0.0,0.0,0.0,0.0,0.0,0.0,0.0,0.0,0.0,0.0,0.0,0.0,0.0,0.0,0.0,0.0,0.0,0.0,0.0,0.0,0.0,0.0,0.0,0.0,0.0,0.0,0.0,0.0,0.0,0.0,0.0,0.0,0.0,0.0,0.0,0.0,0.0,0.0,0.0,0.0,0.0,0.0,0.0,0.0,0.0,0.0,0.0,0.0,0.0,0.0,0.0,0.0,0.0,0.0,0.0,0.0,0.0,he
0.28219127655029297,0.6146271228790283,1.3820462640978803e-07,0.32755082845687866,0.618515133857727,-0.034497711807489395,0.36672961711883545,0.6219576597213745,-0.07259313762187958,0.37785521149635315,0.6621576547622681,-0.11105655133724213,0.36669299006462097,0.6985059976577759,-0.1521953046321869,0.3423563539981842,0.4468963146209717,-0.06732163578271866,0.34341365098953247,0.4442954659461975,-0.11536498367786407,0.3535180389881134,0.4444279670715332,-0.1491718292236328,0.37067174911499023,0.4540139436721802,-0.169483482837677,0.2852238118648529,0.43571776151657104,-0.07466467469930649,0.31574881076812744,0.543526291847229,-0.13734109699726105,0.3408529460430145,0.6474667191505432,-0.15905192494392395,0.35882705450057983,0.7259577512741089,-0.16232159733772278,0.2347518503665924,0.4727197289466858,-0.08439166843891144,0.2628174126148224,0.570392370223999,-0.1430516093969345,0.2971761226654053,0.6613878607749939,-0.14694443345069885,0.32214245200157166,0.7285350561141968,-0.13587063550949097,0.19739162921905518,0.5312901735305786,-0.09647035598754883,0.21575507521629333,0.5971375107765198,-0.14069382846355438,0.24471689760684967,0.6573448181152344,-0.14255516231060028,0.2674713134765625,0.6994727849960327,-0.13293151557445526,0.0,0.0,0.0,0.0,0.0,0.0,0.0,0.0,0.0,0.0,0.0,0.0,0.0,0.0,0.0,0.0,0.0,0.0,0.0,0.0,0.0,0.0,0.0,0.0,0.0,0.0,0.0,0.0,0.0,0.0,0.0,0.0,0.0,0.0,0.0,0.0,0.0,0.0,0.0,0.0,0.0,0.0,0.0,0.0,0.0,0.0,0.0,0.0,0.0,0.0,0.0,0.0,0.0,0.0,0.0,0.0,0.0,0.0,0.0,0.0,0.0,0.0,0.0,he
0.2923867106437683,0.6121193170547485,8.225016046026212e-08,0.3366627097129822,0.6159241199493408,-0.03411400690674782,0.3750383257865906,0.6191877722740173,-0.06957873702049255,0.3861561715602875,0.6556832790374756,-0.10468674451112747,0.37445327639579773,0.6853825449943542,-0.1420915275812149,0.35272523760795593,0.44544243812561035,-0.05999492108821869,0.3592654764652252,0.44174033403396606,-0.10563816875219345,0.36509060859680176,0.4374297261238098,-0.1387828141450882,0.3734053075313568,0.44465363025665283,-0.15863387286663055,0.2945590019226074,0.43199092149734497,-0.06527208536863327,0.31976333260536194,0.5324590802192688,-0.1232842355966568,0.3437771797180176,0.6310297846794128,-0.1434069722890854,0.360057532787323,0.705193042755127,-0.14604851603507996,0.2443116009235382,0.4668806195259094,-0.07343107461929321,0.2680622935295105,0.5557821393013,-0.1283813863992691,0.30132678151130676,0.6388625502586365,-0.1324911117553711,0.3251262307167053,0.7007744908332825,-0.12218713760375977,0.20793786644935608,0.523194432258606,-0.08395837992429733,0.22482243180274963,0.5893349647521973,-0.12861894071102142,0.2554779648780823,0.6481162905693054,-0.1327459067106247,0.2796582877635956,0.6889196634292603,-0.12442527711391449,0.0,0.0,0.0,0.0,0.0,0.0,0.0,0.0,0.0,0.0,0.0,0.0,0.0,0.0,0.0,0.0,0.0,0.0,0.0,0.0,0.0,0.0,0.0,0.0,0.0,0.0,0.0,0.0,0.0,0.0,0.0,0.0,0.0,0.0,0.0,0.0,0.0,0.0,0.0,0.0,0.0,0.0,0.0,0.0,0.0,0.0,0.0,0.0,0.0,0.0,0.0,0.0,0.0,0.0,0.0,0.0,0.0,0.0,0.0,0.0,0.0,0.0,0.0,he
0.29110851883888245,0.6303424835205078,5.517318300007901e-07,0.3397572636604309,0.6233823895454407,-0.03221181407570839,0.3753524124622345,0.6186003088951111,-0.06547750532627106,0.39642930030822754,0.6413918733596802,-0.0982021614909172,0.40906184911727905,0.6629064679145813,-0.13442476093769073,0.35761767625808716,0.475166916847229,-0.0628095418214798,0.36881333589553833,0.43412792682647705,-0.10497311502695084,0.3924579620361328,0.41804495453834534,-0.13600477576255798,0.4179854989051819,0.4085606336593628,-0.15639404952526093,0.3146991729736328,0.47604691982269287,-0.07071764022111893,0.3079287111759186,0.40526989102363586,-0.11301513761281967,0.3298799693584442,0.42408937215805054,-0.13602228462696075,0.35201871395111084,0.45701324939727783,-0.1483396589756012,0.27594316005706787,0.5047367215156555,-0.08074211329221725,0.26594820618629456,0.44918158650398254,-0.12469937652349472,0.29674413800239563,0.4814908504486084,-0.13951852917671204,0.3219585418701172,0.5215162038803101,-0.1434973180294037,0.2470240443944931,0.5549541711807251,-0.09227311611175537,0.25522056221961975,0.5374141931533813,-0.13273170590400696,0.2860138714313507,0.5650820732116699,-0.14369897544384003,0.3105669319629669,0.5960288047790527,-0.146294504404068,0.0,0.0,0.0,0.0,0.0,0.0,0.0,0.0,0.0,0.0,0.0,0.0,0.0,0.0,0.0,0.0,0.0,0.0,0.0,0.0,0.0,0.0,0.0,0.0,0.0,0.0,0.0,0.0,0.0,0.0,0.0,0.0,0.0,0.0,0.0,0.0,0.0,0.0,0.0,0.0,0.0,0.0,0.0,0.0,0.0,0.0,0.0,0.0,0.0,0.0,0.0,0.0,0.0,0.0,0.0,0.0,0.0,0.0,0.0,0.0,0.0,0.0,0.0,he
0.29953819513320923,0.6133140921592712,6.642721928074025e-07,0.35219305753707886,0.5961753726005554,-0.023789063096046448,0.3893745541572571,0.5842500925064087,-0.05355118215084076,0.41845250129699707,0.5918771028518677,-0.08338068425655365,0.4405709505081177,0.5874574184417725,-0.11614079773426056,0.35989585518836975,0.43966636061668396,-0.0622347891330719,0.38453051447868347,0.41200801730155945,-0.1054488942027092,0.4183690547943115,0.40429604053497314,-0.1385292112827301,0.45067688822746277,0.4047757089138031,-0.16100169718265533,0.32382532954216003,0.44803547859191895,-0.07517498731613159,0.33754080533981323,0.4035711884498596,-0.11778250336647034,0.36940526962280273,0.41880035400390625,-0.1439875215291977,0.3971516489982605,0.4460359811782837,-0.16186943650245667,0.29498839378356934,0.4848363399505615,-0.08961313962936401,0.30710911750793457,0.4549117386341095,-0.13444426655769348,0.3446771204471588,0.47350943088531494,-0.15568917989730835,0.37220507860183716,0.5032132267951965,-0.16745096445083618,0.2760944068431854,0.544226884841919,-0.10467652976512909,0.3059764504432678,0.5426322221755981,-0.1434180587530136,0.34349316358566284,0.5625115036964417,-0.15845075249671936,0.37257248163223267,0.5876309871673584,-0.16711056232452393,0.0,0.0,0.0,0.0,0.0,0.0,0.0,0.0,0.0,0.0,0.0,0.0,0.0,0.0,0.0,0.0,0.0,0.0,0.0,0.0,0.0,0.0,0.0,0.0,0.0,0.0,0.0,0.0,0.0,0.0,0.0,0.0,0.0,0.0,0.0,0.0,0.0,0.0,0.0,0.0,0.0,0.0,0.0,0.0,0.0,0.0,0.0,0.0,0.0,0.0,0.0,0.0,0.0,0.0,0.0,0.0,0.0,0.0,0.0,0.0,0.0,0.0,0.0,he
0.2947794795036316,0.5667266249656677,3.144401361510063e-08,0.38592591881752014,0.5485206246376038,0.022325389087200165,0.4414367377758026,0.5065141916275024,0.015836132690310478,0.48540666699409485,0.49237751960754395,0.0005082459538243711,0.5287231802940369,0.4936625063419342,-0.01649269461631775,0.40077659487724304,0.3478735685348511,-0.007023300509899855,0.49032899737358093,0.3738197982311249,-0.02581029012799263,0.5297053456306458,0.40183156728744507,-0.03570130839943886,0.5600681900978088,0.431935578584671,-0.04460391402244568,0.38059520721435547,0.364629864692688,-0.03659135848283768,0.4845258295536041,0.39331936836242676,-0.06637921184301376,0.5160521864891052,0.4455171227455139,-0.07487571239471436,0.5355643033981323,0.49272289872169495,-0.07835943251848221,0.3661034405231476,0.4058496057987213,-0.0649830624461174,0.46610283851623535,0.4177956283092499,-0.09125339984893799,0.5045768022537231,0.4631219506263733,-0.09092409908771515,0.5280576944351196,0.4986807703971863,-0.0885499119758606,0.36169707775115967,0.4633246660232544,-0.09158874303102493,0.42903366684913635,0.43763014674186707,-0.11490467190742493,0.47116169333457947,0.41892698407173157,-0.12213577330112457,0.5065011978149414,0.3999704122543335,-0.12675504386425018,0.303793340921402,0.5837815999984741,3.2654935466780444e-07,0.3754165768623352,0.5566815733909607,0.0056004454381763935,0.4242211580276489,0.5108460187911987,-0.00394776975736022,0.47202396392822266,0.4890696108341217,-0.019267547875642776,0.5144771337509155,0.47553688287734985,-0.036124054342508316,0.3936518728733063,0.36160966753959656,-0.0028137604240328074,0.4723069667816162,0.3990285098552704,-0.019197456538677216,0.5091528296470642,0.42654675245285034,-0.03535141423344612,0.53592848777771,0.4448723793029785,-0.047497525811195374,0.37088099122047424,0.36847496032714844,-0.021166620776057243,0.4682248830795288,0.4153541326522827,-0.045184675604104996,0.48931992053985596,0.4555816948413849,-0.060038212686777115,0.5036587119102478,0.49386197328567505,-0.0667986124753952,0.3570327162742615,0.4023267924785614,-0.039298657327890396,0.4462446868419647,0.4460577666759491,-0.06277918815612793,0.4609919786453247,0.48984891176223755,-0.06495463103055954,0.46941137313842773,0.521735668182373,-0.06087595596909523,0.34946462512016296,0.45867350697517395,-0.057494211941957474,0.41426557302474976,0.4300481975078583,-0.07678869366645813,0.4576878547668457,0.40688276290893555,-0.07898252457380295,0.49910807609558105,0.38774168491363525,-0.07647331804037094,he
0.30098265409469604,0.5670684576034546,2.871869924092607e-07,0.3892242908477783,0.5481613874435425,0.014731121249496937,0.44064387679100037,0.5123409628868103,0.006226259283721447,0.4832996428012848,0.4987218379974365,-0.008051116950809956,0.525641679763794,0.49911630153656006,-0.023527560755610466,0.40023273229599,0.34968075156211853,-0.010806379839777946,0.4890298843383789,0.3790343105792999,-0.030728932470083237,0.5291619896888733,0.4152258038520813,-0.043793532997369766,0.5580092668533325,0.45178329944610596,-0.053291190415620804,0.37980714440345764,0.35949867963790894,-0.034562382847070694,0.4883182644844055,0.38371771574020386,-0.062432315200567245,0.5269477963447571,0.4297810196876526,-0.07452793419361115,0.5519765019416809,0.4735378623008728,-0.07970599830150604,0.36604541540145874,0.39841270446777344,-0.057063937187194824,0.4716227352619171,0.40859419107437134,-0.08340805023908615,0.5156807899475098,0.45077216625213623,-0.08792684972286224,0.5424531698226929,0.48376473784446716,-0.0871521532535553,0.36181846261024475,0.45629099011421204,-0.07770588248968124,0.4330146908760071,0.43183454871177673,-0.09911040961742401,0.4749297499656677,0.4114270806312561,-0.10552410781383514,0.5103145837783813,0.3899921476840973,-0.10812811553478241,0.0,0.0,0.0,0.0,0.0,0.0,0.0,0.0,0.0,0.0,0.0,0.0,0.0,0.0,0.0,0.0,0.0,0.0,0.0,0.0,0.0,0.0,0.0,0.0,0.0,0.0,0.0,0.0,0.0,0.0,0.0,0.0,0.0,0.0,0.0,0.0,0.0,0.0,0.0,0.0,0.0,0.0,0.0,0.0,0.0,0.0,0.0,0.0,0.0,0.0,0.0,0.0,0.0,0.0,0.0,0.0,0.0,0.0,0.0,0.0,0.0,0.0,0.0,he
0.3246815502643585,0.5314375758171082,3.5976901813228324e-07,0.41334429383277893,0.490197092294693,0.02633265033364296,0.46113118529319763,0.43681254982948303,0.029696660116314888,0.497609943151474,0.41085976362228394,0.022334976121783257,0.5290569067001343,0.3958130180835724,0.014792715199291706,0.40493902564048767,0.3152325749397278,0.026523523032665253,0.4910928010940552,0.31725046038627625,0.008764036931097507,0.5324546098709106,0.3529316484928131,-0.008586850017309189,0.5577430725097656,0.3897642493247986,-0.019440216943621635,0.39705681800842285,0.3184707462787628,-0.00014673649275209755,0.4963001012802124,0.31550002098083496,-0.022578347474336624,0.539150059223175,0.364439457654953,-0.03942691534757614,0.5611615180969238,0.4119202196598053,-0.04685554280877113,0.39932870864868164,0.34306755661964417,-0.02653762325644493,0.49047690629959106,0.3246864974498749,-0.04602004587650299,0.5370821356773376,0.37098950147628784,-0.053329240530729294,0.5591968297958374,0.412608802318573,-0.05328604578971863,0.40924081206321716,0.38164976239204407,-0.051225680857896805,0.4807315468788147,0.35447871685028076,-0.06383903324604034,0.5221088528633118,0.36682695150375366,-0.06524244695901871,0.5478514432907104,0.38322770595550537,-0.06317172199487686,0.0,0.0,0.0,0.0,0.0,0.0,0.0,0.0,0.0,0.0,0.0,0.0,0.0,0.0,0.0,0.0,0.0,0.0,0.0,0.0,0.0,0.0,0.0,0.0,0.0,0.0,0.0,0.0,0.0,0.0,0.0,0.0,0.0,0.0,0.0,0.0,0.0,0.0,0.0,0.0,0.0,0.0,0.0,0.0,0.0,0.0,0.0,0.0,0.0,0.0,0.0,0.0,0.0,0.0,0.0,0.0,0.0,0.0,0.0,0.0,0.0,0.0,0.0,he
0.3509344756603241,0.5047813653945923,5.936685738561209e-07,0.4348870515823364,0.4758160710334778,0.011771402321755886,0.48394861817359924,0.43328097462654114,0.006300724111497402,0.5211666226387024,0.4185180962085724,-0.0057583581656217575,0.561566948890686,0.41698598861694336,-0.02026187814772129,0.43446168303489685,0.3008200526237488,0.0009245972032658756,0.4964471459388733,0.2539825737476349,-0.015030204318463802,0.5323382616043091,0.2195943146944046,-0.03052496910095215,0.5605940818786621,0.1866566687822342,-0.04439572989940643,0.42648744583129883,0.3062812387943268,-0.02320941910147667,0.5024953484535217,0.25226253271102905,-0.04088640958070755,0.5439221262931824,0.21783049404621124,-0.059708043932914734,0.5769429206848145,0.1836683750152588,-0.07452405989170074,0.4265243709087372,0.33531618118286133,-0.04691464453935623,0.49775415658950806,0.27914875745773315,-0.06481366604566574,0.5414696335792542,0.2490270584821701,-0.07961197942495346,0.5756604671478271,0.21896561980247498,-0.0911501944065094,0.4349344074726105,0.3824313282966614,-0.06968522071838379,0.4854649305343628,0.3414323925971985,-0.08542820066213608,0.5206356644630432,0.3159497380256653,-0.0929463729262352,0.5524274110794067,0.29476410150527954,-0.09928639233112335,0.0,0.0,0.0,0.0,0.0,0.0,0.0,0.0,0.0,0.0,0.0,0.0,0.0,0.0,0.0,0.0,0.0,0.0,0.0,0.0,0.0,0.0,0.0,0.0,0.0,0.0,0.0,0.0,0.0,0.0,0.0,0.0,0.0,0.0,0.0,0.0,0.0,0.0,0.0,0.0,0.0,0.0,0.0,0.0,0.0,0.0,0.0,0.0,0.0,0.0,0.0,0.0,0.0,0.0,0.0,0.0,0.0,0.0,0.0,0.0,0.0,0.0,0.0,he
0.3789885640144348,0.465768963098526,2.7364035304344725e-07,0.447971373796463,0.4496360421180725,0.05715291202068329,0.4928799867630005,0.42220863699913025,0.06779325008392334,0.5277536511421204,0.4216066002845764,0.06449658423662186,0.5705315470695496,0.4219912886619568,0.055079299956560135,0.4576902985572815,0.3053557276725769,0.02029491402208805,0.505726158618927,0.2520383596420288,0.012776452116668224,0.5370420813560486,0.21133726835250854,0.00718114385381341,0.5613561868667603,0.1788894683122635,-0.001172608695924282,0.45140784978866577,0.3110482692718506,-0.027842707931995392,0.5090001225471497,0.24459028244018555,-0.04428497329354286,0.5509953498840332,0.20578119158744812,-0.05686894804239273,0.5856829881668091,0.17550675570964813,-0.06853093951940536,0.4515667259693146,0.3338559567928314,-0.07149085402488708,0.5083913207054138,0.27326709032058716,-0.0901208147406578,0.5510293245315552,0.236810564994812,-0.10253378748893738,0.585149347782135,0.20594264566898346,-0.11423568427562714,0.46108514070510864,0.3718664348125458,-0.10949128866195679,0.50754714012146,0.32861870527267456,-0.131332129240036,0.5398666858673096,0.297711580991745,-0.14263534545898438,0.5661778450012207,0.27254176139831543,-0.1531423181295395,0.3635774850845337,0.501444399356842,2.3368920665234327e-07,0.44105932116508484,0.4760377109050751,0.0299628097563982,0.49072694778442383,0.43737220764160156,0.03452996537089348,0.5304278135299683,0.42527222633361816,0.03052479960024357,0.5707447528839111,0.42319995164871216,0.022781454026699066,0.45187491178512573,0.30774909257888794,0.004091888666152954,0.5050085186958313,0.2520444989204407,-0.009867625311017036,0.5381968021392822,0.2116420716047287,-0.020386720076203346,0.5634251236915588,0.1782120019197464,-0.03115776553750038,0.4448150098323822,0.31284865736961365,-0.027615323662757874,0.5173569917678833,0.2461872398853302,-0.04659770429134369,0.5629721283912659,0.20566652715206146,-0.06297080963850021,0.5982264280319214,0.16754603385925293,-0.07680750638246536,0.4431631565093994,0.3384372591972351,-0.05734703317284584,0.5088664889335632,0.2720048427581787,-0.07855211198329926,0.5522134900093079,0.23198319971561432,-0.09747277200222015,0.5852075815200806,0.19406846165657043,-0.11292587965726852,0.45054638385772705,0.3783152103424072,-0.0837840661406517,0.5010161995887756,0.33310195803642273,-0.10852280259132385,0.5345384478569031,0.30130696296691895,-0.12621472775936127,0.5635038614273071,0.2737103998661041,-0.14070141315460205,he
0.3756643235683441,0.49712008237838745,4.0900354747464007e-07,0.45228374004364014,0.4708171486854553,0.020691651850938797,0.5000133514404297,0.42866572737693787,0.022863999009132385,0.5406602025032043,0.41319695115089417,0.017002275213599205,0.5804807543754578,0.40819695591926575,0.009272389113903046,0.45212915539741516,0.2945754826068878,0.01753455586731434,0.5201297998428345,0.25379714369773865,0.008202088996767998,0.5615106225013733,0.2260979264974594,-0.004451940301805735,0.5930856466293335,0.2013649344444275,-0.016651658341288567,0.4482473134994507,0.2990642786026001,-0.007963597774505615,0.5256979465484619,0.24644237756729126,-0.01881476864218712,0.5727234482765198,0.2119002789258957,-0.03659564629197121,0.6101889610290527,0.17721709609031677,-0.05203690752387047,0.45321372151374817,0.32388773560523987,-0.03292573615908623,0.5248483419418335,0.26920977234840393,-0.044380635023117065,0.5706517696380615,0.2316335141658783,-0.05998505279421806,0.6054294109344482,0.1941090226173401,-0.0737280622124672,0.4659225344657898,0.36240074038505554,-0.05652579292654991,0.5189624428749084,0.32329392433166504,-0.06793814152479172,0.5527641773223877,0.29338762164115906,-0.07687561959028244,0.581475555896759,0.2652842104434967,-0.08551524579524994,0.0,0.0,0.0,0.0,0.0,0.0,0.0,0.0,0.0,0.0,0.0,0.0,0.0,0.0,0.0,0.0,0.0,0.0,0.0,0.0,0.0,0.0,0.0,0.0,0.0,0.0,0.0,0.0,0.0,0.0,0.0,0.0,0.0,0.0,0.0,0.0,0.0,0.0,0.0,0.0,0.0,0.0,0.0,0.0,0.0,0.0,0.0,0.0,0.0,0.0,0.0,0.0,0.0,0.0,0.0,0.0,0.0,0.0,0.0,0.0,0.0,0.0,0.0,he
0.37567606568336487,0.4996747374534607,4.215881403979438e-07,0.4518965482711792,0.4693705439567566,0.025987161323428154,0.4994437098503113,0.428290456533432,0.0278141088783741,0.5391657948493958,0.41345030069351196,0.020611155778169632,0.5826489925384521,0.4097645580768585,0.010716184973716736,0.4526427388191223,0.29517319798469543,0.018398389220237732,0.5210142135620117,0.25476890802383423,0.009230290539562702,0.5633276104927063,0.22935910522937775,-0.0036305291578173637,0.5969290733337402,0.20721788704395294,-0.016297612339258194,0.44883623719215393,0.29935944080352783,-0.01040768064558506,0.5250159502029419,0.2462478131055832,-0.019586728885769844,0.5739728212356567,0.21266549825668335,-0.03667200356721878,0.6128373146057129,0.18119554221630096,-0.05236101895570755,0.4530874788761139,0.3250676691532135,-0.038037337362766266,0.5233044624328613,0.26705747842788696,-0.04771201312541962,0.5699563026428223,0.23044908046722412,-0.061635684221982956,0.605084240436554,0.1950649470090866,-0.07509032636880875,0.46609777212142944,0.3654990792274475,-0.06378846615552902,0.5187520384788513,0.32327061891555786,-0.07395260035991669,0.5534989833831787,0.29277467727661133,-0.08115901052951813,0.5828593373298645,0.26469671726226807,-0.0889209657907486,0.0,0.0,0.0,0.0,0.0,0.0,0.0,0.0,0.0,0.0,0.0,0.0,0.0,0.0,0.0,0.0,0.0,0.0,0.0,0.0,0.0,0.0,0.0,0.0,0.0,0.0,0.0,0.0,0.0,0.0,0.0,0.0,0.0,0.0,0.0,0.0,0.0,0.0,0.0,0.0,0.0,0.0,0.0,0.0,0.0,0.0,0.0,0.0,0.0,0.0,0.0,0.0,0.0,0.0,0.0,0.0,0.0,0.0,0.0,0.0,0.0,0.0,0.0,he
0.3914944529533386,0.5003823041915894,4.102174102627032e-07,0.46988213062286377,0.45419013500213623,0.02629057504236698,0.5053809881210327,0.40506795048713684,0.030122820287942886,0.543732225894928,0.37686383724212646,0.022781342267990112,0.582574725151062,0.3603491485118866,0.015536753460764885,0.4398132860660553,0.2798767387866974,0.04056430235505104,0.5197701454162598,0.2626284956932068,0.028906185179948807,0.5660019516944885,0.26851463317871094,0.012449500150978565,0.5970273017883301,0.27693721652030945,0.0002628208603709936,0.43652966618537903,0.284424751996994,0.013969353400170803,0.5296205282211304,0.2619624733924866,-0.0011478635715320706,0.5769965648651123,0.2785033583641052,-0.017570149153470993,0.6085161566734314,0.2977902591228485,-0.02716646157205105,0.4455000162124634,0.30767640471458435,-0.013169151730835438,0.5307811498641968,0.27662497758865356,-0.024316811934113503,0.5779169201850891,0.2894129157066345,-0.029180344194173813,0.6083795428276062,0.30140721797943115,-0.030703667551279068,0.4636361002922058,0.3434106111526489,-0.039583489298820496,0.5337333679199219,0.3126355707645416,-0.04293116554617882,0.5721879005432129,0.3123583495616913,-0.038187380880117416,0.5996440052986145,0.31568643450737,-0.03401629999279976,0.0,0.0,0.0,0.0,0.0,0.0,0.0,0.0,0.0,0.0,0.0,0.0,0.0,0.0,0.0,0.0,0.0,0.0,0.0,0.0,0.0,0.0,0.0,0.0,0.0,0.0,0.0,0.0,0.0,0.0,0.0,0.0,0.0,0.0,0.0,0.0,0.0,0.0,0.0,0.0,0.0,0.0,0.0,0.0,0.0,0.0,0.0,0.0,0.0,0.0,0.0,0.0,0.0,0.0,0.0,0.0,0.0,0.0,0.0,0.0,0.0,0.0,0.0,he
0.3960082530975342,0.4979722797870636,3.389488085758785e-07,0.4689541459083557,0.4508415162563324,0.020258335396647453,0.5030142068862915,0.3966641128063202,0.02422310784459114,0.5386865139007568,0.3618345558643341,0.0194860752671957,0.5722607374191284,0.3447161912918091,0.015921255573630333,0.4296853542327881,0.2820192575454712,0.03322722390294075,0.5110982656478882,0.26692211627960205,0.025245631113648415,0.5575474500656128,0.28113114833831787,0.012980191968381405,0.590546727180481,0.2967383861541748,0.0036228024400770664,0.4281541705131531,0.28527677059173584,0.013535370118916035,0.521702766418457,0.2647366225719452,0.0037865242920815945,0.565524697303772,0.2901586890220642,-0.007469003088772297,0.5945475101470947,0.31516700983047485,-0.014277558773756027,0.4398439824581146,0.30727314949035645,-0.006520852912217379,0.5271494388580322,0.2872571051120758,-0.01625913567841053,0.5706813335418701,0.31614696979522705,-0.02087513916194439,0.5957933068275452,0.34404268860816956,-0.02180996909737587,0.4616157114505768,0.3401013910770416,-0.025755561888217926,0.5325126647949219,0.31959089636802673,-0.028101686388254166,0.5657697916030884,0.33330225944519043,-0.024353425949811935,0.5872260332107544,0.350872278213501,-0.020635567605495453,0.0,0.0,0.0,0.0,0.0,0.0,0.0,0.0,0.0,0.0,0.0,0.0,0.0,0.0,0.0,0.0,0.0,0.0,0.0,0.0,0.0,0.0,0.0,0.0,0.0,0.0,0.0,0.0,0.0,0.0,0.0,0.0,0.0,0.0,0.0,0.0,0.0,0.0,0.0,0.0,0.0,0.0,0.0,0.0,0.0,0.0,0.0,0.0,0.0,0.0,0.0,0.0,0.0,0.0,0.0,0.0,0.0,0.0,0.0,0.0,0.0,0.0,0.0,he
0.38516849279403687,0.5081756114959717,2.7080311326699302e-08,0.45410817861557007,0.47117018699645996,0.01550721749663353,0.49261313676834106,0.4184401035308838,0.01519972737878561,0.5297011733055115,0.38875171542167664,0.006428020540624857,0.5635005831718445,0.3748500943183899,-0.0003521108301356435,0.42499712109565735,0.2976093888282776,0.024519754573702812,0.5076092481613159,0.2856855094432831,0.01264809351414442,0.5447427034378052,0.32602542638778687,-0.0010800567688420415,0.5629560947418213,0.3637083172798157,-0.009970572777092457,0.42306840419769287,0.29852309823036194,0.00585296330973506,0.519695520401001,0.28274890780448914,-0.006356389261782169,0.5540861487388611,0.3320573568344116,-0.01681441254913807,0.5673485398292542,0.3764912188053131,-0.021895695477724075,0.4352608621120453,0.31837931275367737,-0.013252124190330505,0.5249122977256775,0.29132387042045593,-0.024404335767030716,0.5562564134597778,0.33825916051864624,-0.024395620450377464,0.5660611391067505,0.3826647698879242,-0.021028054878115654,0.4568445682525635,0.351212739944458,-0.03205014392733574,0.5281527042388916,0.32255908846855164,-0.03709825128316879,0.5612170100212097,0.34036576747894287,-0.03238987922668457,0.5793151259422302,0.36340993642807007,-0.02691272832453251,0.0,0.0,0.0,0.0,0.0,0.0,0.0,0.0,0.0,0.0,0.0,0.0,0.0,0.0,0.0,0.0,0.0,0.0,0.0,0.0,0.0,0.0,0.0,0.0,0.0,0.0,0.0,0.0,0.0,0.0,0.0,0.0,0.0,0.0,0.0,0.0,0.0,0.0,0.0,0.0,0.0,0.0,0.0,0.0,0.0,0.0,0.0,0.0,0.0,0.0,0.0,0.0,0.0,0.0,0.0,0.0,0.0,0.0,0.0,0.0,0.0,0.0,0.0,he
0.3862464129924774,0.511927604675293,7.611591001932538e-08,0.45407533645629883,0.4724714457988739,0.019003264605998993,0.49048078060150146,0.41903436183929443,0.02057334966957569,0.52747642993927,0.3879866302013397,0.013229627162218094,0.5611170530319214,0.37413299083709717,0.007505025714635849,0.4233025908470154,0.2957245111465454,0.028706371784210205,0.5098497867584229,0.2870456576347351,0.01778505928814411,0.5472560524940491,0.3262466490268707,0.0047428179532289505,0.565748393535614,0.3633120656013489,-0.003611915512010455,0.4206412136554718,0.29533833265304565,0.008303140290081501,0.5205478668212891,0.2843552231788635,-0.0036979822907596827,0.5557669997215271,0.3355066180229187,-0.013707694597542286,0.5708440542221069,0.38118213415145874,-0.017874954268336296,0.4317677617073059,0.31599006056785583,-0.012366430833935738,0.5255932807922363,0.29210588335990906,-0.02369985543191433,0.5611153841018677,0.3394172191619873,-0.023784248158335686,0.5743329524993896,0.38162362575531006,-0.02019229717552662,0.45200690627098083,0.3515976369380951,-0.03232276067137718,0.527303159236908,0.32281485199928284,-0.03785036504268646,0.5626124143600464,0.3432421088218689,-0.03247705474495888,0.5814741849899292,0.3668859004974365,-0.0261883232742548,0.0,0.0,0.0,0.0,0.0,0.0,0.0,0.0,0.0,0.0,0.0,0.0,0.0,0.0,0.0,0.0,0.0,0.0,0.0,0.0,0.0,0.0,0.0,0.0,0.0,0.0,0.0,0.0,0.0,0.0,0.0,0.0,0.0,0.0,0.0,0.0,0.0,0.0,0.0,0.0,0.0,0.0,0.0,0.0,0.0,0.0,0.0,0.0,0.0,0.0,0.0,0.0,0.0,0.0,0.0,0.0,0.0,0.0,0.0,0.0,0.0,0.0,0.0,he
0.3595367968082428,0.5340143442153931,-2.7653680234607236e-08,0.4339384436607361,0.5021898746490479,0.016902878880500793,0.47643059492111206,0.45108169317245483,0.01747918874025345,0.5172193646430969,0.4241901636123657,0.009917122311890125,0.5537863969802856,0.4170387089252472,0.004112806636840105,0.41588330268859863,0.3181343376636505,0.025820555165410042,0.5026549100875854,0.31817373633384705,0.017502620816230774,0.5347533226013184,0.3624938726425171,0.006021884735673666,0.5470901727676392,0.3997434675693512,-0.002564121037721634,0.4137055277824402,0.31830114126205444,0.006691412068903446,0.5129570960998535,0.31484800577163696,-0.001988631673157215,0.5433889031410217,0.3679453432559967,-0.010238989256322384,0.5547215342521667,0.41424956917762756,-0.01451839692890644,0.4239102303981781,0.3406168520450592,-0.012382782995700836,0.516637921333313,0.3229488134384155,-0.020833760499954224,0.5467108488082886,0.3735050857067108,-0.019034376367926598,0.5558255314826965,0.4171270728111267,-0.015377167612314224,0.4426075220108032,0.3816487491130829,-0.030972551554441452,0.5187010169029236,0.3597344756126404,-0.03560760244727135,0.5538363456726074,0.38018301129341125,-0.030034150928258896,0.5734785199165344,0.401900053024292,-0.02412816509604454,0.0,0.0,0.0,0.0,0.0,0.0,0.0,0.0,0.0,0.0,0.0,0.0,0.0,0.0,0.0,0.0,0.0,0.0,0.0,0.0,0.0,0.0,0.0,0.0,0.0,0.0,0.0,0.0,0.0,0.0,0.0,0.0,0.0,0.0,0.0,0.0,0.0,0.0,0.0,0.0,0.0,0.0,0.0,0.0,0.0,0.0,0.0,0.0,0.0,0.0,0.0,0.0,0.0,0.0,0.0,0.0,0.0,0.0,0.0,0.0,0.0,0.0,0.0,he
0.33791622519493103,0.5661382675170898,3.105905079792137e-07,0.4250979721546173,0.5234190821647644,0.017859822139143944,0.4721035361289978,0.468708336353302,0.01752525009214878,0.5090540051460266,0.4413646459579468,0.008712941780686378,0.5425937175750732,0.4278865456581116,0.00031829546787776053,0.3968014419078827,0.33978649973869324,0.017344608902931213,0.48204565048217773,0.33777526021003723,0.0006567230448126793,0.5303824543952942,0.36035946011543274,-0.014776989817619324,0.5653327107429504,0.38559919595718384,-0.02613859809935093,0.3843021094799042,0.3422459661960602,-0.006528871599584818,0.48858025670051575,0.3303905129432678,-0.028344392776489258,0.5365453362464905,0.36867430806159973,-0.04006044939160347,0.5664563179016113,0.4042300581932068,-0.04494985565543175,0.38555270433425903,0.36518147587776184,-0.030821140855550766,0.48630383610725403,0.34809350967407227,-0.05105871334671974,0.533300518989563,0.38721585273742676,-0.05303493142127991,0.5583443641662598,0.4204273521900177,-0.05050978437066078,0.398923397064209,0.4030337631702423,-0.05451785400509834,0.4773072600364685,0.3832910358905792,-0.06785524636507034,0.5128922462463379,0.403433620929718,-0.06554881483316422,0.5339023470878601,0.4233172535896301,-0.06133095920085907,0.0,0.0,0.0,0.0,0.0,0.0,0.0,0.0,0.0,0.0,0.0,0.0,0.0,0.0,0.0,0.0,0.0,0.0,0.0,0.0,0.0,0.0,0.0,0.0,0.0,0.0,0.0,0.0,0.0,0.0,0.0,0.0,0.0,0.0,0.0,0.0,0.0,0.0,0.0,0.0,0.0,0.0,0.0,0.0,0.0,0.0,0.0,0.0,0.0,0.0,0.0,0.0,0.0,0.0,0.0,0.0,0.0,0.0,0.0,0.0,0.0,0.0,0.0,he
0.3289659023284912,0.5829746723175049,1.5934968189412757e-07,0.40968286991119385,0.5481752157211304,0.011152982711791992,0.46228885650634766,0.4948568344116211,0.0018416151870042086,0.5055861473083496,0.4686637222766876,-0.014607281424105167,0.5458213686943054,0.4535618722438812,-0.03135507181286812,0.4008866548538208,0.3469887375831604,-0.0015400884440168738,0.48512014746665955,0.34319350123405457,-0.02389235608279705,0.5343126654624939,0.35379669070243835,-0.041655514389276505,0.5716098546981812,0.36357805132865906,-0.05474189296364784,0.38465267419815063,0.35131072998046875,-0.024154916405677795,0.4878740906715393,0.35232722759246826,-0.05212777107954025,0.505576491355896,0.41835126280784607,-0.060734037309885025,0.5003493428230286,0.456256240606308,-0.0626261979341507,0.378571480512619,0.3815659284591675,-0.04653248190879822,0.4739781320095062,0.3738098442554474,-0.07401357591152191,0.49426913261413574,0.4336463212966919,-0.06673181056976318,0.4884650409221649,0.46917399764060974,-0.05589709058403969,0.3797743320465088,0.42927637696266174,-0.06830410659313202,0.45949244499206543,0.4087797701358795,-0.08799563348293304,0.48887062072753906,0.43964892625808716,-0.08006437867879868,0.49544745683670044,0.46173301339149475,-0.06973262876272202,0.0,0.0,0.0,0.0,0.0,0.0,0.0,0.0,0.0,0.0,0.0,0.0,0.0,0.0,0.0,0.0,0.0,0.0,0.0,0.0,0.0,0.0,0.0,0.0,0.0,0.0,0.0,0.0,0.0,0.0,0.0,0.0,0.0,0.0,0.0,0.0,0.0,0.0,0.0,0.0,0.0,0.0,0.0,0.0,0.0,0.0,0.0,0.0,0.0,0.0,0.0,0.0,0.0,0.0,0.0,0.0,0.0,0.0,0.0,0.0,0.0,0.0,0.0,he
0.3274618089199066,0.6187219023704529,2.384068977789866e-07,0.39649373292922974,0.5922387838363647,-0.009610925801098347,0.4501968324184418,0.5668187737464905,-0.03642568364739418,0.4875662624835968,0.5708678960800171,-0.06776615977287292,0.5140310525894165,0.5861350297927856,-0.10093669593334198,0.4330258071422577,0.38582170009613037,-0.03388373181223869,0.47745388746261597,0.3882818818092346,-0.07168485969305038,0.5158331394195557,0.389228492975235,-0.10214647650718689,0.5561411380767822,0.3955300450325012,-0.12356511503458023,0.3939819931983948,0.38627544045448303,-0.05313540995121002,0.45876452326774597,0.45601335167884827,-0.1010330319404602,0.48211222887039185,0.5368380546569824,-0.1223825141787529,0.4923895299434662,0.6016513109207153,-0.13183504343032837,0.35583892464637756,0.4228125810623169,-0.0734439566731453,0.4189237356185913,0.48724862933158875,-0.11376303434371948,0.44041842222213745,0.5533680319786072,-0.11560821533203125,0.4461791515350342,0.6026961803436279,-0.11066385358572006,0.32513394951820374,0.48070910573005676,-0.09511855989694595,0.38042640686035156,0.5145835876464844,-0.11903557181358337,0.4038686454296112,0.5477147102355957,-0.11537113040685654,0.4131944179534912,0.5731611847877502,-0.1087697371840477,0.0,0.0,0.0,0.0,0.0,0.0,0.0,0.0,0.0,0.0,0.0,0.0,0.0,0.0,0.0,0.0,0.0,0.0,0.0,0.0,0.0,0.0,0.0,0.0,0.0,0.0,0.0,0.0,0.0,0.0,0.0,0.0,0.0,0.0,0.0,0.0,0.0,0.0,0.0,0.0,0.0,0.0,0.0,0.0,0.0,0.0,0.0,0.0,0.0,0.0,0.0,0.0,0.0,0.0,0.0,0.0,0.0,0.0,0.0,0.0,0.0,0.0,0.0,he
0.3293914794921875,0.6177958250045776,3.1505831543654494e-07,0.39736828207969666,0.5882904529571533,-0.005523120518773794,0.45130655169487,0.5602720975875854,-0.028386125341057777,0.49071139097213745,0.5641435384750366,-0.05640454590320587,0.5221124291419983,0.5817304849624634,-0.08684701472520828,0.43494147062301636,0.3930869698524475,-0.026765214279294014,0.4765087962150574,0.39354079961776733,-0.06144976615905762,0.516190767288208,0.3917032480239868,-0.09022863954305649,0.5555305480957031,0.3965628445148468,-0.11022323369979858,0.3966251015663147,0.3922908902168274,-0.04583711549639702,0.45611268281936646,0.45014503598213196,-0.09271026402711868,0.4860824942588806,0.5301913619041443,-0.1147732362151146,0.49959102272987366,0.5988404750823975,-0.12350241839885712,0.3597164750099182,0.42485934495925903,-0.06547996401786804,0.415664941072464,0.47409525513648987,-0.10495048016309738,0.44304075837135315,0.5418568849563599,-0.10779973864555359,0.45368823409080505,0.5970321297645569,-0.10233064740896225,0.32918840646743774,0.47726932168006897,-0.08603929728269577,0.3745756447315216,0.49523279070854187,-0.11084064841270447,0.39857885241508484,0.5232207179069519,-0.10890714079141617,0.410537451505661,0.5494017004966736,-0.10256779938936234,0.0,0.0,0.0,0.0,0.0,0.0,0.0,0.0,0.0,0.0,0.0,0.0,0.0,0.0,0.0,0.0,0.0,0.0,0.0,0.0,0.0,0.0,0.0,0.0,0.0,0.0,0.0,0.0,0.0,0.0,0.0,0.0,0.0,0.0,0.0,0.0,0.0,0.0,0.0,0.0,0.0,0.0,0.0,0.0,0.0,0.0,0.0,0.0,0.0,0.0,0.0,0.0,0.0,0.0,0.0,0.0,0.0,0.0,0.0,0.0,0.0,0.0,0.0,he
0.3335180878639221,0.646912157535553,4.387985939047212e-07,0.39628151059150696,0.6252239942550659,-0.02301803044974804,0.44659799337387085,0.6144242286682129,-0.058184102177619934,0.482724130153656,0.6409125328063965,-0.09510079026222229,0.5076949596405029,0.671575665473938,-0.1332470327615738,0.41681548953056335,0.4130662977695465,-0.0628264769911766,0.4438733458518982,0.4361422061920166,-0.11222555488348007,0.47474294900894165,0.4480171203613281,-0.14772826433181763,0.5142557621002197,0.4603424072265625,-0.17180131375789642,0.36217445135116577,0.4155741333961487,-0.07857285439968109,0.41727134585380554,0.5052472949028015,-0.13603080809116364,0.4499492049217224,0.5994967818260193,-0.15739141404628754,0.4736666977405548,0.672216534614563,-0.16592711210250854,0.3169811964035034,0.4623732268810272,-0.09582798182964325,0.3777860701084137,0.5581733584403992,-0.15164969861507416,0.4132051467895508,0.6392458081245422,-0.15851269662380219,0.4366340637207031,0.695621132850647,-0.15374772250652313,0.28487396240234375,0.5307633876800537,-0.11460595577955246,0.3443635106086731,0.6113960146903992,-0.153217613697052,0.3872556686401367,0.6703354716300964,-0.15693935751914978,0.41903048753738403,0.710516631603241,-0.15303082764148712,0.0,0.0,0.0,0.0,0.0,0.0,0.0,0.0,0.0,0.0,0.0,0.0,0.0,0.0,0.0,0.0,0.0,0.0,0.0,0.0,0.0,0.0,0.0,0.0,0.0,0.0,0.0,0.0,0.0,0.0,0.0,0.0,0.0,0.0,0.0,0.0,0.0,0.0,0.0,0.0,0.0,0.0,0.0,0.0,0.0,0.0,0.0,0.0,0.0,0.0,0.0,0.0,0.0,0.0,0.0,0.0,0.0,0.0,0.0,0.0,0.0,0.0,0.0,he
0.32086262106895447,0.6472193002700806,1.5804684494469257e-07,0.38951772451400757,0.6127614974975586,-0.013868289068341255,0.44181302189826965,0.5815086960792542,-0.037446290254592896,0.48091110587120056,0.5858213305473328,-0.06442940980195999,0.5138678550720215,0.5851753950119019,-0.09231815487146378,0.4025127589702606,0.4050382971763611,-0.03764672949910164,0.42572131752967834,0.4349592626094818,-0.07937260717153549,0.4573933780193329,0.4525339901447296,-0.10861068218946457,0.4964780807495117,0.4654701054096222,-0.12645426392555237,0.3516404330730438,0.41809868812561035,-0.05313408002257347,0.4118196964263916,0.5218886137008667,-0.10900334268808365,0.447426438331604,0.6218324899673462,-0.12840096652507782,0.47400763630867004,0.6955305337905884,-0.13076333701610565,0.310301810503006,0.4677918553352356,-0.06992030888795853,0.37374043464660645,0.573619544506073,-0.12325624376535416,0.40849190950393677,0.6544150114059448,-0.12664319574832916,0.4316834509372711,0.7096245884895325,-0.11571832746267319,0.2798877954483032,0.5354939699172974,-0.0877576395869255,0.3357464671134949,0.6142727732658386,-0.12376125156879425,0.3766505718231201,0.6677912473678589,-0.1238030195236206,0.4074673354625702,0.7031399011611938,-0.1136198565363884,0.0,0.0,0.0,0.0,0.0,0.0,0.0,0.0,0.0,0.0,0.0,0.0,0.0,0.0,0.0,0.0,0.0,0.0,0.0,0.0,0.0,0.0,0.0,0.0,0.0,0.0,0.0,0.0,0.0,0.0,0.0,0.0,0.0,0.0,0.0,0.0,0.0,0.0,0.0,0.0,0.0,0.0,0.0,0.0,0.0,0.0,0.0,0.0,0.0,0.0,0.0,0.0,0.0,0.0,0.0,0.0,0.0,0.0,0.0,0.0,0.0,0.0,0.0,he
0.31525304913520813,0.6475818753242493,1.2568129648116155e-07,0.3861866593360901,0.6123826503753662,-0.013511820696294308,0.4369039535522461,0.5711053609848022,-0.03430045768618584,0.470302015542984,0.5612264275550842,-0.0579417459666729,0.4977254867553711,0.5523846745491028,-0.08190169185400009,0.40046247839927673,0.4020352363586426,-0.034322142601013184,0.422512948513031,0.42900145053863525,-0.07498157769441605,0.45339566469192505,0.4459913969039917,-0.10244026780128479,0.49083077907562256,0.4579238295555115,-0.11876115202903748,0.3515162169933319,0.4126240313053131,-0.04840206727385521,0.4106958210468292,0.516453742980957,-0.10408323258161545,0.44533225893974304,0.6156901121139526,-0.12207774817943573,0.471442312002182,0.6885182857513428,-0.12281675636768341,0.31084394454956055,0.45878350734710693,-0.06410858780145645,0.3735676109790802,0.5704232454299927,-0.11793769150972366,0.4087647497653961,0.6541544795036316,-0.12071163952350616,0.43322592973709106,0.7109147310256958,-0.10874106734991074,0.28024208545684814,0.5237252116203308,-0.08090098947286606,0.33426669239997864,0.6033797264099121,-0.11804808676242828,0.37272414565086365,0.6586861610412598,-0.11912617832422256,0.4020044207572937,0.6952624320983887,-0.10913195461034775,0.0,0.0,0.0,0.0,0.0,0.0,0.0,0.0,0.0,0.0,0.0,0.0,0.0,0.0,0.0,0.0,0.0,0.0,0.0,0.0,0.0,0.0,0.0,0.0,0.0,0.0,0.0,0.0,0.0,0.0,0.0,0.0,0.0,0.0,0.0,0.0,0.0,0.0,0.0,0.0,0.0,0.0,0.0,0.0,0.0,0.0,0.0,0.0,0.0,0.0,0.0,0.0,0.0,0.0,0.0,0.0,0.0,0.0,0.0,0.0,0.0,0.0,0.0,he
0.3226761817932129,0.6377728581428528,2.1631335300753562e-07,0.3906247019767761,0.6101421117782593,-0.018142323940992355,0.4409986138343811,0.5811548233032227,-0.04347870498895645,0.4783552289009094,0.5881489515304565,-0.07112770527601242,0.5073374509811401,0.5937613248825073,-0.09952039271593094,0.40104472637176514,0.4034489393234253,-0.041129257529973984,0.42271265387535095,0.4284919202327728,-0.0838688313961029,0.4529552161693573,0.4451858103275299,-0.11378268152475357,0.4907197952270508,0.4574756920337677,-0.13250738382339478,0.3523092567920685,0.4131011366844177,-0.0546867810189724,0.4102656841278076,0.5130825638771057,-0.1122889369726181,0.4435608983039856,0.6113567352294922,-0.1326051950454712,0.46980661153793335,0.6832883358001709,-0.13573214411735535,0.31201571226119995,0.4596610367298126,-0.07003115117549896,0.3751899302005768,0.5692252516746521,-0.12549273669719696,0.41262269020080566,0.6519358158111572,-0.13041384518146515,0.43925297260284424,0.7076136469841003,-0.12050943076610565,0.2817637324333191,0.5255019068717957,-0.08666913956403732,0.3352269232273102,0.6071972250938416,-0.12460574507713318,0.3744952976703644,0.6627453565597534,-0.12652859091758728,0.40536922216415405,0.6983522772789001,-0.11801934987306595,0.0,0.0,0.0,0.0,0.0,0.0,0.0,0.0,0.0,0.0,0.0,0.0,0.0,0.0,0.0,0.0,0.0,0.0,0.0,0.0,0.0,0.0,0.0,0.0,0.0,0.0,0.0,0.0,0.0,0.0,0.0,0.0,0.0,0.0,0.0,0.0,0.0,0.0,0.0,0.0,0.0,0.0,0.0,0.0,0.0,0.0,0.0,0.0,0.0,0.0,0.0,0.0,0.0,0.0,0.0,0.0,0.0,0.0,0.0,0.0,0.0,0.0,0.0,he
0.31564730405807495,0.6511343121528625,1.3076643767817586e-07,0.3854854702949524,0.6094129085540771,-0.014463372528553009,0.43376457691192627,0.5610069036483765,-0.03451739624142647,0.4660082459449768,0.5435277819633484,-0.05663098767399788,0.4971083402633667,0.5296316146850586,-0.07887793332338333,0.3957361578941345,0.3959219455718994,-0.03480983152985573,0.4205637276172638,0.43059825897216797,-0.0759568065404892,0.4499702453613281,0.44584864377975464,-0.10337694734334946,0.4858629107475281,0.4550009071826935,-0.12012799829244614,0.3469039797782898,0.4104761481285095,-0.04886910691857338,0.4079422652721405,0.5077490210533142,-0.10619277507066727,0.4438900947570801,0.6084849238395691,-0.12452580034732819,0.47099483013153076,0.6815648078918457,-0.1250237375497818,0.3071269392967224,0.46004655957221985,-0.06472969800233841,0.3711388111114502,0.5669134855270386,-0.12127143889665604,0.40590986609458923,0.6472616791725159,-0.12593162059783936,0.42942026257514954,0.6999622583389282,-0.11499740928411484,0.27749109268188477,0.5291014909744263,-0.08144427835941315,0.3339729905128479,0.6102206707000732,-0.12254203110933304,0.37589699029922485,0.6649896502494812,-0.12670305371284485,0.40766283869743347,0.7000135183334351,-0.11870108544826508,0.0,0.0,0.0,0.0,0.0,0.0,0.0,0.0,0.0,0.0,0.0,0.0,0.0,0.0,0.0,0.0,0.0,0.0,0.0,0.0,0.0,0.0,0.0,0.0,0.0,0.0,0.0,0.0,0.0,0.0,0.0,0.0,0.0,0.0,0.0,0.0,0.0,0.0,0.0,0.0,0.0,0.0,0.0,0.0,0.0,0.0,0.0,0.0,0.0,0.0,0.0,0.0,0.0,0.0,0.0,0.0,0.0,0.0,0.0,0.0,0.0,0.0,0.0,he
0.31859058141708374,0.6449490785598755,2.1271591776894638e-07,0.3869101107120514,0.6174293160438538,-0.018566010519862175,0.436700701713562,0.5916388630867004,-0.04571663215756416,0.47380608320236206,0.6013087034225464,-0.07533863186836243,0.5004887580871582,0.6094603538513184,-0.10576705634593964,0.3975243866443634,0.4048730432987213,-0.041960690170526505,0.4152166247367859,0.42525580525398254,-0.08552222698926926,0.44409433007240295,0.43946704268455505,-0.11651156842708588,0.48110154271125793,0.4511084258556366,-0.13591879606246948,0.3490877151489258,0.41286325454711914,-0.055825259536504745,0.4052102267742157,0.5041836500167847,-0.11334532499313354,0.4406268298625946,0.6028397679328918,-0.13390091061592102,0.4675048887729645,0.678303599357605,-0.13710440695285797,0.3091469705104828,0.4586547911167145,-0.07154471427202225,0.3710719645023346,0.5595781803131104,-0.12561094760894775,0.407336562871933,0.639783501625061,-0.13037587702274323,0.4317138195037842,0.696266770362854,-0.12058159708976746,0.27972412109375,0.5241559147834778,-0.08872244507074356,0.3353549540042877,0.6010979413986206,-0.12538112699985504,0.3747633397579193,0.657193660736084,-0.12676861882209778,0.4039666950702667,0.6950148344039917,-0.11791162937879562,0.0,0.0,0.0,0.0,0.0,0.0,0.0,0.0,0.0,0.0,0.0,0.0,0.0,0.0,0.0,0.0,0.0,0.0,0.0,0.0,0.0,0.0,0.0,0.0,0.0,0.0,0.0,0.0,0.0,0.0,0.0,0.0,0.0,0.0,0.0,0.0,0.0,0.0,0.0,0.0,0.0,0.0,0.0,0.0,0.0,0.0,0.0,0.0,0.0,0.0,0.0,0.0,0.0,0.0,0.0,0.0,0.0,0.0,0.0,0.0,0.0,0.0,0.0,he
0.30822834372520447,0.650174617767334,5.867429990757955e-07,0.37371212244033813,0.6265218257904053,-0.024910807609558105,0.41949719190597534,0.619213342666626,-0.058971572667360306,0.45565465092658997,0.6391925811767578,-0.09530863910913467,0.4921172857284546,0.6569909453392029,-0.1321048140525818,0.39978960156440735,0.44138211011886597,-0.05924320966005325,0.4262329936027527,0.4221251308917999,-0.10893606394529343,0.46159958839416504,0.42958545684814453,-0.1420900821685791,0.4986726641654968,0.44159597158432007,-0.16235244274139404,0.353338360786438,0.445676326751709,-0.07495193183422089,0.3640426695346832,0.4124424457550049,-0.12620599567890167,0.3969477117061615,0.4457494616508484,-0.148773193359375,0.42706239223480225,0.48905131220817566,-0.15836600959300995,0.31490617990493774,0.4836384356021881,-0.09299743920564651,0.35242876410484314,0.5182839035987854,-0.14986886084079742,0.3972780704498291,0.5862225890159607,-0.1621686965227127,0.42662373185157776,0.6409673690795898,-0.15898697078227997,0.2915998101234436,0.5471229553222656,-0.11240088194608688,0.3421112895011902,0.5879358649253845,-0.1548336148262024,0.3825809359550476,0.6345195770263672,-0.16134364902973175,0.4100211262702942,0.6724582314491272,-0.15782968699932098,0.0,0.0,0.0,0.0,0.0,0.0,0.0,0.0,0.0,0.0,0.0,0.0,0.0,0.0,0.0,0.0,0.0,0.0,0.0,0.0,0.0,0.0,0.0,0.0,0.0,0.0,0.0,0.0,0.0,0.0,0.0,0.0,0.0,0.0,0.0,0.0,0.0,0.0,0.0,0.0,0.0,0.0,0.0,0.0,0.0,0.0,0.0,0.0,0.0,0.0,0.0,0.0,0.0,0.0,0.0,0.0,0.0,0.0,0.0,0.0,0.0,0.0,0.0,he
0.30049335956573486,0.6137367486953735,9.649428420743789e-07,0.3730408847332001,0.5942283868789673,-0.01616540551185608,0.4246166944503784,0.5780006647109985,-0.047139111906290054,0.466942697763443,0.5895811319351196,-0.08036812394857407,0.5076968669891357,0.5931724905967712,-0.11795567721128464,0.3995998799800873,0.41406816244125366,-0.06564269214868546,0.4482307434082031,0.3929756283760071,-0.11614008992910385,0.49934548139572144,0.39361944794654846,-0.15442964434623718,0.5449091792106628,0.4052128195762634,-0.179886132478714,0.3622245192527771,0.4263169765472412,-0.08469149470329285,0.4156535267829895,0.39009976387023926,-0.13168469071388245,0.4711558222770691,0.39680686593055725,-0.16135522723197937,0.5152975916862488,0.4188385605812073,-0.18311955034732819,0.331784188747406,0.4686885476112366,-0.10438381135463715,0.3842279613018036,0.45288360118865967,-0.15190377831459045,0.4315760135650635,0.47327372431755066,-0.17271925508975983,0.4634656608104706,0.5008302330970764,-0.18523716926574707,0.31247639656066895,0.5350645780563354,-0.12410228699445724,0.37677791714668274,0.5397617816925049,-0.16189177334308624,0.4259917438030243,0.5538944602012634,-0.17482945322990417,0.46330711245536804,0.5694835782051086,-0.18312697112560272,0.0,0.0,0.0,0.0,0.0,0.0,0.0,0.0,0.0,0.0,0.0,0.0,0.0,0.0,0.0,0.0,0.0,0.0,0.0,0.0,0.0,0.0,0.0,0.0,0.0,0.0,0.0,0.0,0.0,0.0,0.0,0.0,0.0,0.0,0.0,0.0,0.0,0.0,0.0,0.0,0.0,0.0,0.0,0.0,0.0,0.0,0.0,0.0,0.0,0.0,0.0,0.0,0.0,0.0,0.0,0.0,0.0,0.0,0.0,0.0,0.0,0.0,0.0,he
0.2935469150543213,0.6166749000549316,5.933609941166651e-07,0.3601948320865631,0.5702882409095764,-0.009670780040323734,0.4210470914840698,0.5299764275550842,-0.03557093068957329,0.4662235975265503,0.5251212120056152,-0.06290547549724579,0.505338728427887,0.5261469483375549,-0.09234216809272766,0.39968645572662354,0.38248759508132935,-0.05696346238255501,0.47268062829971313,0.3991357088088989,-0.09631115198135376,0.5255385637283325,0.40463656187057495,-0.1272916942834854,0.5701577067375183,0.4115089774131775,-0.15012137591838837,0.36136752367019653,0.4024609327316284,-0.07344470173120499,0.45613396167755127,0.48316654562950134,-0.1207675114274025,0.48895108699798584,0.5510454773902893,-0.14162537455558777,0.5028789639472961,0.5943666100502014,-0.1551099717617035,0.33114421367645264,0.4555758833885193,-0.08908490091562271,0.4251088798046112,0.5263453722000122,-0.13059376180171967,0.45345568656921387,0.578731894493103,-0.13252022862434387,0.46355652809143066,0.6098278164863586,-0.13113056123256683,0.31113582849502563,0.5247980952262878,-0.10502418130636215,0.39696839451789856,0.5562146306037903,-0.13633005321025848,0.44693341851234436,0.5723727345466614,-0.13802838325500488,0.483644962310791,0.578848659992218,-0.13680948317050934,0.0,0.0,0.0,0.0,0.0,0.0,0.0,0.0,0.0,0.0,0.0,0.0,0.0,0.0,0.0,0.0,0.0,0.0,0.0,0.0,0.0,0.0,0.0,0.0,0.0,0.0,0.0,0.0,0.0,0.0,0.0,0.0,0.0,0.0,0.0,0.0,0.0,0.0,0.0,0.0,0.0,0.0,0.0,0.0,0.0,0.0,0.0,0.0,0.0,0.0,0.0,0.0,0.0,0.0,0.0,0.0,0.0,0.0,0.0,0.0,0.0,0.0,0.0,he
0.29044243693351746,0.5446733832359314,6.871135838082409e-07,0.3393711447715759,0.45032936334609985,0.023756124079227448,0.39518481492996216,0.3827228844165802,0.022448133677244186,0.4472435414791107,0.3571218252182007,0.013745201751589775,0.4913616180419922,0.3467278480529785,0.0036347166169434786,0.39460331201553345,0.31983816623687744,0.011961104348301888,0.4835922420024872,0.31996333599090576,-0.0030197198502719402,0.5393420457839966,0.32658135890960693,-0.01834883540868759,0.5796657800674438,0.3402501046657562,-0.02855030447244644,0.3990241587162018,0.3437275290489197,-0.01106660533696413,0.4921613931655884,0.32973775267601013,-0.023063475266098976,0.5516500473022461,0.33833175897598267,-0.03322191163897514,0.5954952239990234,0.35603874921798706,-0.039604078978300095,0.4070678651332855,0.38403844833374023,-0.032614413648843765,0.496503621339798,0.35612547397613525,-0.04283947870135307,0.553057849407196,0.36349719762802124,-0.043351441621780396,0.5918267965316772,0.37317055463790894,-0.042333900928497314,0.4185822010040283,0.43735653162002563,-0.05255751684308052,0.48828554153442383,0.4055180847644806,-0.056306421756744385,0.531196653842926,0.397707462310791,-0.049919504672288895,0.5640941262245178,0.39220911264419556,-0.043698750436306,0.0,0.0,0.0,0.0,0.0,0.0,0.0,0.0,0.0,0.0,0.0,0.0,0.0,0.0,0.0,0.0,0.0,0.0,0.0,0.0,0.0,0.0,0.0,0.0,0.0,0.0,0.0,0.0,0.0,0.0,0.0,0.0,0.0,0.0,0.0,0.0,0.0,0.0,0.0,0.0,0.0,0.0,0.0,0.0,0.0,0.0,0.0,0.0,0.0,0.0,0.0,0.0,0.0,0.0,0.0,0.0,0.0,0.0,0.0,0.0,0.0,0.0,0.0,he
0.35948410630226135,0.43967902660369873,4.267806730240409e-07,0.42266684770584106,0.407717764377594,0.03346186503767967,0.46519070863723755,0.3650140166282654,0.03851570188999176,0.5091859102249146,0.34643054008483887,0.03469190374016762,0.5456485748291016,0.3341769278049469,0.02910553105175495,0.420780211687088,0.2546759843826294,0.015807706862688065,0.5082545280456543,0.24669235944747925,0.011271304450929165,0.5547283291816711,0.2648535370826721,0.007903092540800571,0.5874720215797424,0.2895526587963104,0.0044548423029482365,0.42155730724334717,0.2652360796928406,-0.010781707242131233,0.5183675289154053,0.2353832721710205,-0.018904710188508034,0.5705242156982422,0.25285741686820984,-0.0238263551145792,0.6057167053222656,0.2798205316066742,-0.026301464065909386,0.42725133895874023,0.29823651909828186,-0.03424004092812538,0.5175170302391052,0.2559216022491455,-0.04032620042562485,0.5708232522010803,0.27106916904449463,-0.03932201862335205,0.6044003963470459,0.287986159324646,-0.03911547735333443,0.4391675293445587,0.3476944863796234,-0.05463460087776184,0.5056573748588562,0.31327706575393677,-0.05767010152339935,0.5409870743751526,0.31030234694480896,-0.05228105187416077,0.5665749311447144,0.3112349808216095,-0.048438660800457,0.3274962604045868,0.5016533136367798,6.404877694876632e-07,0.41084134578704834,0.44394227862358093,0.03447379916906357,0.4588054120540619,0.3858153820037842,0.044154152274131775,0.502696692943573,0.3552030324935913,0.04347565397620201,0.540699303150177,0.3299131393432617,0.043108172714710236,0.414010226726532,0.2616347074508667,0.04780077189207077,0.4937800467014313,0.24931296706199646,0.04474284127354622,0.5447725057601929,0.2609316110610962,0.032846253365278244,0.5808796286582947,0.27628254890441895,0.02344054915010929,0.415172278881073,0.26829952001571655,0.021864982321858406,0.5080345273017883,0.2472469061613083,0.02158568613231182,0.5628929138183594,0.25696974992752075,0.009638159535825253,0.600296139717102,0.27397143840789795,9.474086982663721e-05,0.4223940372467041,0.29902756214141846,-0.0032806003000587225,0.5109940767288208,0.26679909229278564,-0.002081067766994238,0.5651092529296875,0.27409619092941284,-0.005341066513210535,0.5997915267944336,0.28543734550476074,-0.008972962386906147,0.43724575638771057,0.3464759588241577,-0.02662918157875538,0.5053913593292236,0.31480854749679565,-0.021349426358938217,0.5412821769714355,0.31221485137939453,-0.013585968874394894,0.5667173862457275,0.3153265118598938,-0.008295221254229546,he
0.3661991357803345,0.4625316560268402,4.335436756264244e-07,0.4380935728549957,0.435066819190979,0.027657505124807358,0.48618751764297485,0.3883821666240692,0.033248063176870346,0.526536762714386,0.37063851952552795,0.02941824123263359,0.5628067851066589,0.36774659156799316,0.0242285318672657,0.45318523049354553,0.25233644247055054,0.027967721223831177,0.5225124359130859,0.21161532402038574,0.02062300592660904,0.5644787549972534,0.18695561587810516,0.01047565322369337,0.5955637693405151,0.1657840609550476,0.0013489151606336236,0.45311790704727173,0.26039496064186096,0.0013463557697832584,0.5359358191490173,0.21930477023124695,-0.006041926331818104,0.5897600054740906,0.1988736242055893,-0.01774250902235508,0.6305530667304993,0.18212296068668365,-0.027872703969478607,0.46094799041748047,0.2862645387649536,-0.024986211210489273,0.5372186303138733,0.2386646866798401,-0.03318926319479942,0.5884819626808167,0.21739017963409424,-0.04156322404742241,0.6276712417602539,0.19685997068881989,-0.049097634851932526,0.47810396552085876,0.3241046071052551,-0.04982660338282585,0.5388674736022949,0.27881014347076416,-0.05659887194633484,0.5771908164024353,0.25124871730804443,-0.05912142992019653,0.6095605492591858,0.22805337607860565,-0.062277812510728836,0.0,0.0,0.0,0.0,0.0,0.0,0.0,0.0,0.0,0.0,0.0,0.0,0.0,0.0,0.0,0.0,0.0,0.0,0.0,0.0,0.0,0.0,0.0,0.0,0.0,0.0,0.0,0.0,0.0,0.0,0.0,0.0,0.0,0.0,0.0,0.0,0.0,0.0,0.0,0.0,0.0,0.0,0.0,0.0,0.0,0.0,0.0,0.0,0.0,0.0,0.0,0.0,0.0,0.0,0.0,0.0,0.0,0.0,0.0,0.0,0.0,0.0,0.0,he
0.3799642324447632,0.45981109142303467,2.642269691932597e-07,0.444295197725296,0.4297831654548645,0.03661873936653137,0.48948609828948975,0.3905341923236847,0.04861065000295639,0.5331929922103882,0.3751392066478729,0.05134815350174904,0.5703190565109253,0.3663942515850067,0.0530976727604866,0.46258851885795593,0.26787620782852173,0.035007044672966,0.5262305736541748,0.2172907590866089,0.033191777765750885,0.5626686215400696,0.1856275349855423,0.028002120554447174,0.5910267233848572,0.15914686024188995,0.022623397409915924,0.46328282356262207,0.27081775665283203,0.00798923708498478,0.5407542586326599,0.21853378415107727,0.006043591536581516,0.588589608669281,0.18734890222549438,-0.0014670639066025615,0.6251307725906372,0.16467730700969696,-0.008599923923611641,0.4709191918373108,0.29277676343917847,-0.017451966181397438,0.5483646392822266,0.24044737219810486,-0.02010435424745083,0.5966041088104248,0.2098720371723175,-0.025364741683006287,0.6339828372001648,0.18554548919200897,-0.030934754759073257,0.48718854784965515,0.3294740915298462,-0.04033851996064186,0.5497873425483704,0.28368139266967773,-0.04318931698799133,0.5853608846664429,0.2586066722869873,-0.04315350577235222,0.6160494089126587,0.23783622682094574,-0.04402047023177147,0.0,0.0,0.0,0.0,0.0,0.0,0.0,0.0,0.0,0.0,0.0,0.0,0.0,0.0,0.0,0.0,0.0,0.0,0.0,0.0,0.0,0.0,0.0,0.0,0.0,0.0,0.0,0.0,0.0,0.0,0.0,0.0,0.0,0.0,0.0,0.0,0.0,0.0,0.0,0.0,0.0,0.0,0.0,0.0,0.0,0.0,0.0,0.0,0.0,0.0,0.0,0.0,0.0,0.0,0.0,0.0,0.0,0.0,0.0,0.0,0.0,0.0,0.0,he
0.37862396240234375,0.455816388130188,3.1408751510753063e-07,0.4352838397026062,0.42544025182724,0.03021991066634655,0.4844187796115875,0.38795560598373413,0.03808210790157318,0.5290554761886597,0.37273460626602173,0.03810501843690872,0.5654107928276062,0.36675769090652466,0.03667758032679558,0.45962658524513245,0.263978511095047,0.02582372911274433,0.5231648087501526,0.21527978777885437,0.023834336549043655,0.5605951547622681,0.1872083991765976,0.019858041778206825,0.5902556777000427,0.16423803567886353,0.015342150814831257,0.4629262387752533,0.2665647566318512,0.001475852681323886,0.5409016609191895,0.21490168571472168,-0.00034303407301194966,0.5877747535705566,0.18489545583724976,-0.006036223378032446,0.6238163709640503,0.1620863974094391,-0.012009570375084877,0.47134608030319214,0.28995487093925476,-0.021556280553340912,0.5495935678482056,0.23634859919548035,-0.025594063103199005,0.5967419743537903,0.2040770947933197,-0.031364068388938904,0.6322888135910034,0.1784275621175766,-0.03721814230084419,0.4870195686817169,0.32928866147994995,-0.04227714613080025,0.5505537986755371,0.2850830852985382,-0.04604547843337059,0.5871694087982178,0.25962066650390625,-0.04680261015892029,0.617845356464386,0.2387031614780426,-0.04856669157743454,0.0,0.0,0.0,0.0,0.0,0.0,0.0,0.0,0.0,0.0,0.0,0.0,0.0,0.0,0.0,0.0,0.0,0.0,0.0,0.0,0.0,0.0,0.0,0.0,0.0,0.0,0.0,0.0,0.0,0.0,0.0,0.0,0.0,0.0,0.0,0.0,0.0,0.0,0.0,0.0,0.0,0.0,0.0,0.0,0.0,0.0,0.0,0.0,0.0,0.0,0.0,0.0,0.0,0.0,0.0,0.0,0.0,0.0,0.0,0.0,0.0,0.0,0.0,he
0.3884339928627014,0.4598795771598816,3.865896474053443e-07,0.44568556547164917,0.4210665822029114,0.026245251297950745,0.48828205466270447,0.3791694641113281,0.032931841909885406,0.5353021025657654,0.358542263507843,0.03164607286453247,0.5755825042724609,0.34736084938049316,0.030199654400348663,0.4511677920818329,0.25669345259666443,0.03598388656973839,0.5291172862052917,0.23721131682395935,0.03463220223784447,0.5763890743255615,0.22721421718597412,0.028073018416762352,0.6084737181663513,0.2191057950258255,0.02247803285717964,0.4577641487121582,0.262694388628006,0.014664972200989723,0.5460936427116394,0.23525884747505188,0.01616002433001995,0.5938600301742554,0.2217455804347992,0.009857427328824997,0.6285287141799927,0.20830899477005005,0.0029974114149808884,0.4698929190635681,0.2857363820075989,-0.006572980433702469,0.5554110407829285,0.2569690942764282,-0.0062901671044528484,0.6043856143951416,0.24662727117538452,-0.009351152926683426,0.6387678384780884,0.23440515995025635,-0.013579032383859158,0.4870542883872986,0.3192957043647766,-0.0264622513204813,0.5529245734214783,0.28378766775131226,-0.025350647047162056,0.5898247361183167,0.2679126262664795,-0.02222558483481407,0.6195337772369385,0.2526623606681824,-0.0209847092628479,0.0,0.0,0.0,0.0,0.0,0.0,0.0,0.0,0.0,0.0,0.0,0.0,0.0,0.0,0.0,0.0,0.0,0.0,0.0,0.0,0.0,0.0,0.0,0.0,0.0,0.0,0.0,0.0,0.0,0.0,0.0,0.0,0.0,0.0,0.0,0.0,0.0,0.0,0.0,0.0,0.0,0.0,0.0,0.0,0.0,0.0,0.0,0.0,0.0,0.0,0.0,0.0,0.0,0.0,0.0,0.0,0.0,0.0,0.0,0.0,0.0,0.0,0.0,he
0.390727162361145,0.46961304545402527,2.4444827317893214e-07,0.452429860830307,0.42336636781692505,0.028590258210897446,0.4917181432247162,0.3745100200176239,0.035845763981342316,0.5354935526847839,0.34785765409469604,0.03305850550532341,0.5717323422431946,0.3352399170398712,0.030749067664146423,0.43570879101753235,0.2509673833847046,0.04173990339040756,0.5122702121734619,0.24148187041282654,0.041226524859666824,0.5580598711967468,0.2534208297729492,0.03348424658179283,0.5888538956642151,0.26744744181632996,0.026403790339827538,0.441310316324234,0.2538405954837799,0.019782254472374916,0.5309305787086487,0.24921643733978271,0.01791413500905037,0.5690605640411377,0.28299465775489807,0.008597500622272491,0.5877346992492676,0.314730703830719,0.0015654591843485832,0.45509710907936096,0.27888593077659607,-0.00119916966650635,0.5406649708747864,0.2692117691040039,-0.003074207343161106,0.574146568775177,0.30851125717163086,-0.004270099103450775,0.5863857865333557,0.3451199531555176,-0.00469684274867177,0.47474604845046997,0.3157092332839966,-0.02071193978190422,0.5427897572517395,0.2988761365413666,-0.016617631539702415,0.5719459056854248,0.31758764386177063,-0.009368586353957653,0.5865248441696167,0.34119823575019836,-0.004249955993145704,0.0,0.0,0.0,0.0,0.0,0.0,0.0,0.0,0.0,0.0,0.0,0.0,0.0,0.0,0.0,0.0,0.0,0.0,0.0,0.0,0.0,0.0,0.0,0.0,0.0,0.0,0.0,0.0,0.0,0.0,0.0,0.0,0.0,0.0,0.0,0.0,0.0,0.0,0.0,0.0,0.0,0.0,0.0,0.0,0.0,0.0,0.0,0.0,0.0,0.0,0.0,0.0,0.0,0.0,0.0,0.0,0.0,0.0,0.0,0.0,0.0,0.0,0.0,he
0.39200371503829956,0.47127658128738403,1.8124661949059373e-07,0.45545658469200134,0.43402811884880066,0.03473313897848129,0.4934183657169342,0.384899765253067,0.04454263299703598,0.5329280495643616,0.3552265763282776,0.04284584894776344,0.5625091195106506,0.3355875611305237,0.04110490903258324,0.4317266345024109,0.25526297092437744,0.047595273703336716,0.5127204656600952,0.24945572018623352,0.04867400974035263,0.557051420211792,0.27357184886932373,0.04167104884982109,0.5820545554161072,0.298602432012558,0.03582107648253441,0.43310487270355225,0.25602099299430847,0.022881444543600082,0.5283377766609192,0.25024983286857605,0.025325536727905273,0.5660033822059631,0.28927797079086304,0.01811090111732483,0.5804958343505859,0.32328835129737854,0.012285648845136166,0.4463435411453247,0.2784327566623688,-0.00040130605339072645,0.5371702313423157,0.26615819334983826,0.000744605204090476,0.5723228454589844,0.31097611784935,0.00036400905810296535,0.5830733776092529,0.34997501969337463,0.0003355742373969406,0.4681975245475769,0.31359052658081055,-0.02162802778184414,0.5416845083236694,0.2948460280895233,-0.01634594425559044,0.5716580152511597,0.320152223110199,-0.008202112279832363,0.585365355014801,0.3494296073913574,-0.0021802836563438177,0.0,0.0,0.0,0.0,0.0,0.0,0.0,0.0,0.0,0.0,0.0,0.0,0.0,0.0,0.0,0.0,0.0,0.0,0.0,0.0,0.0,0.0,0.0,0.0,0.0,0.0,0.0,0.0,0.0,0.0,0.0,0.0,0.0,0.0,0.0,0.0,0.0,0.0,0.0,0.0,0.0,0.0,0.0,0.0,0.0,0.0,0.0,0.0,0.0,0.0,0.0,0.0,0.0,0.0,0.0,0.0,0.0,0.0,0.0,0.0,0.0,0.0,0.0,he
0.39400362968444824,0.4707295596599579,1.3080720862035378e-07,0.4564918279647827,0.4332282841205597,0.03613707423210144,0.4943437874317169,0.38289111852645874,0.047014020383358,0.5345452427864075,0.35228899121284485,0.04636802151799202,0.5645810961723328,0.33128756284713745,0.04580610245466232,0.43086621165275574,0.25671523809432983,0.04932434484362602,0.5106696486473083,0.2498270571231842,0.052239928394556046,0.5529866218566895,0.2770782709121704,0.04691251367330551,0.5753717422485352,0.3045271039009094,0.042117904871702194,0.43259197473526,0.2572152316570282,0.025036895647644997,0.5263946056365967,0.25178062915802,0.030276359990239143,0.5623083710670471,0.29186034202575684,0.024655848741531372,0.5751524567604065,0.32736873626708984,0.01935523748397827,0.446433961391449,0.27896443009376526,0.0022990249563008547,0.5367639064788818,0.2667384147644043,0.006159053184092045,0.5706052184104919,0.30954211950302124,0.006130511406809092,0.5806448459625244,0.34753870964050293,0.00537536758929491,0.46897390484809875,0.31325942277908325,-0.01825966127216816,0.5436172485351562,0.2993322014808655,-0.011403833515942097,0.57364821434021,0.32381671667099,-0.003917883150279522,0.5875908136367798,0.35173285007476807,0.0010517423506826162,0.0,0.0,0.0,0.0,0.0,0.0,0.0,0.0,0.0,0.0,0.0,0.0,0.0,0.0,0.0,0.0,0.0,0.0,0.0,0.0,0.0,0.0,0.0,0.0,0.0,0.0,0.0,0.0,0.0,0.0,0.0,0.0,0.0,0.0,0.0,0.0,0.0,0.0,0.0,0.0,0.0,0.0,0.0,0.0,0.0,0.0,0.0,0.0,0.0,0.0,0.0,0.0,0.0,0.0,0.0,0.0,0.0,0.0,0.0,0.0,0.0,0.0,0.0,he
0.38381147384643555,0.48309898376464844,-1.8004044477493153e-08,0.4495484232902527,0.4522213041782379,0.022165128961205482,0.4897054135799408,0.4014652967453003,0.02627759426832199,0.5277048349380493,0.37497836351394653,0.021238602697849274,0.5603358149528503,0.3609156608581543,0.017987443134188652,0.4278225898742676,0.27401119470596313,0.02992403693497181,0.5109089016914368,0.26679727435112,0.021023841574788094,0.5462578535079956,0.3098830580711365,0.0101461885496974,0.5612349510192871,0.34816601872444153,0.0032905489206314087,0.4263265132904053,0.27285152673721313,0.009491326287388802,0.5239645838737488,0.2624121308326721,0.0014669804368168116,0.5557922720909119,0.3161180317401886,-0.006064993795007467,0.5640872716903687,0.36178410053253174,-0.009509698487818241,0.4375250041484833,0.2917356491088867,-0.010822407901287079,0.5281092524528503,0.27093684673309326,-0.019744448363780975,0.5574458837509155,0.3224790096282959,-0.020150521770119667,0.5634415149688721,0.36750179529190063,-0.017440656200051308,0.4576966464519501,0.3242376148700714,-0.030005212873220444,0.531665563583374,0.30753761529922485,-0.03448199853301048,0.561633825302124,0.33872175216674805,-0.03022424690425396,0.5747160315513611,0.3717232346534729,-0.025018634274601936,0.0,0.0,0.0,0.0,0.0,0.0,0.0,0.0,0.0,0.0,0.0,0.0,0.0,0.0,0.0,0.0,0.0,0.0,0.0,0.0,0.0,0.0,0.0,0.0,0.0,0.0,0.0,0.0,0.0,0.0,0.0,0.0,0.0,0.0,0.0,0.0,0.0,0.0,0.0,0.0,0.0,0.0,0.0,0.0,0.0,0.0,0.0,0.0,0.0,0.0,0.0,0.0,0.0,0.0,0.0,0.0,0.0,0.0,0.0,0.0,0.0,0.0,0.0,he
0.36797529458999634,0.5058287382125854,1.817286658933881e-07,0.44481366872787476,0.4670179486274719,0.020366907119750977,0.48270052671432495,0.4153372645378113,0.0227733813226223,0.5183765888214111,0.3866109251976013,0.015256565995514393,0.5488592982292175,0.3700845241546631,0.008965887129306793,0.40981367230415344,0.2891464829444885,0.028739232569932938,0.49605751037597656,0.27882012724876404,0.013457573018968105,0.5417692065238953,0.3129062056541443,-0.0026645499747246504,0.5675478577613831,0.35084041953086853,-0.012283184565603733,0.4074377119541168,0.29055720567703247,0.007580965757369995,0.5107514262199402,0.27543628215789795,-0.00685235345736146,0.5517072081565857,0.325253427028656,-0.017896300181746483,0.5672962665557861,0.3717174530029297,-0.02237497642636299,0.4190019965171814,0.3104652762413025,-0.014051288366317749,0.5173739790916443,0.29241955280303955,-0.026740271598100662,0.5530719757080078,0.34226614236831665,-0.02789224311709404,0.5624730587005615,0.38691550493240356,-0.024355094879865646,0.44025668501853943,0.3435443937778473,-0.035032398998737335,0.5186541676521301,0.33042198419570923,-0.039634205400943756,0.5496964454650879,0.3604471981525421,-0.034021228551864624,0.5628198981285095,0.3932299017906189,-0.027117328718304634,0.0,0.0,0.0,0.0,0.0,0.0,0.0,0.0,0.0,0.0,0.0,0.0,0.0,0.0,0.0,0.0,0.0,0.0,0.0,0.0,0.0,0.0,0.0,0.0,0.0,0.0,0.0,0.0,0.0,0.0,0.0,0.0,0.0,0.0,0.0,0.0,0.0,0.0,0.0,0.0,0.0,0.0,0.0,0.0,0.0,0.0,0.0,0.0,0.0,0.0,0.0,0.0,0.0,0.0,0.0,0.0,0.0,0.0,0.0,0.0,0.0,0.0,0.0,he
0.3549276292324066,0.5248756408691406,2.7374542810321145e-07,0.44267064332962036,0.4721590280532837,0.021954035386443138,0.4825003743171692,0.4187503457069397,0.023949960246682167,0.5227872133255005,0.3864949643611908,0.015508261509239674,0.5546596646308899,0.3609340488910675,0.008223085664212704,0.40049031376838684,0.295620322227478,0.031176259741187096,0.49036428332328796,0.2864988446235657,0.014320185407996178,0.5394275188446045,0.31495970487594604,-0.003153263358399272,0.5732129812240601,0.34493839740753174,-0.01463552936911583,0.3932395875453949,0.2965896427631378,0.007208012044429779,0.5039364099502563,0.2799420654773712,-0.014563856646418571,0.5471869111061096,0.3325849175453186,-0.0282000619918108,0.5688220262527466,0.3803214430809021,-0.032458774745464325,0.40066200494766235,0.3165644109249115,-0.01736915484070778,0.5064273476600647,0.2993549704551697,-0.0359872467815876,0.5457140803337097,0.34952303767204285,-0.03781663626432419,0.5608623623847961,0.39252758026123047,-0.03316580876708031,0.4188455641269684,0.3505959212779999,-0.04116193577647209,0.5035606622695923,0.33874139189720154,-0.05073346570134163,0.5377529263496399,0.3680633306503296,-0.0467330701649189,0.5556982755661011,0.39741501212120056,-0.03989074379205704,0.0,0.0,0.0,0.0,0.0,0.0,0.0,0.0,0.0,0.0,0.0,0.0,0.0,0.0,0.0,0.0,0.0,0.0,0.0,0.0,0.0,0.0,0.0,0.0,0.0,0.0,0.0,0.0,0.0,0.0,0.0,0.0,0.0,0.0,0.0,0.0,0.0,0.0,0.0,0.0,0.0,0.0,0.0,0.0,0.0,0.0,0.0,0.0,0.0,0.0,0.0,0.0,0.0,0.0,0.0,0.0,0.0,0.0,0.0,0.0,0.0,0.0,0.0,he
0.353628933429718,0.5298997163772583,2.288617224621703e-07,0.4421159625053406,0.4737347364425659,0.01941557601094246,0.4828800559043884,0.41839390993118286,0.019150907173752785,0.5231773853302002,0.38303110003471375,0.00819568894803524,0.5573904514312744,0.35427355766296387,-0.0013443459756672382,0.4001300036907196,0.2971726655960083,0.03038361668586731,0.49039530754089355,0.28582826256752014,0.010709106922149658,0.5384313464164734,0.31723302602767944,-0.008852236904203892,0.568388044834137,0.3504176139831543,-0.021171100437641144,0.39289164543151855,0.2993312478065491,0.006815191358327866,0.5018652677536011,0.27944839000701904,-0.017271775752305984,0.5451732873916626,0.3337555527687073,-0.03298510983586311,0.5647478103637695,0.38310787081718445,-0.03863619267940521,0.4004315137863159,0.31961530447006226,-0.017852559685707092,0.5033122301101685,0.2956314980983734,-0.03894265368580818,0.5433335900306702,0.34733450412750244,-0.0423293337225914,0.558209240436554,0.39380311965942383,-0.0382760651409626,0.4187043309211731,0.35330745577812195,-0.04190092161297798,0.5005480051040649,0.3367246389389038,-0.05348924174904823,0.5364032983779907,0.36498740315437317,-0.050962965935468674,0.5555665493011475,0.3961339294910431,-0.044955309480428696,0.0,0.0,0.0,0.0,0.0,0.0,0.0,0.0,0.0,0.0,0.0,0.0,0.0,0.0,0.0,0.0,0.0,0.0,0.0,0.0,0.0,0.0,0.0,0.0,0.0,0.0,0.0,0.0,0.0,0.0,0.0,0.0,0.0,0.0,0.0,0.0,0.0,0.0,0.0,0.0,0.0,0.0,0.0,0.0,0.0,0.0,0.0,0.0,0.0,0.0,0.0,0.0,0.0,0.0,0.0,0.0,0.0,0.0,0.0,0.0,0.0,0.0,0.0,he
0.33953261375427246,0.5533822178840637,1.6571202365867066e-07,0.43270188570022583,0.5067721605300903,0.013063430786132812,0.4784184694290161,0.4416418671607971,0.007760453503578901,0.5082672834396362,0.3992781937122345,-0.006133756134659052,0.5368894338607788,0.36783644556999207,-0.01971117965877056,0.40399879217147827,0.3113682270050049,0.0037138541229069233,0.4936819076538086,0.30221694707870483,-0.0230396818369627,0.5442023873329163,0.34199288487434387,-0.044162675738334656,0.573472797870636,0.37710440158843994,-0.05733620002865791,0.3890498876571655,0.317136287689209,-0.019561896100640297,0.49798741936683655,0.30192580819129944,-0.05115846171975136,0.5426493287086487,0.37031397223472595,-0.06476233899593353,0.556124210357666,0.42687124013900757,-0.06882686167955399,0.3865412175655365,0.3450492322444916,-0.04321299493312836,0.49115514755249023,0.3187268376350403,-0.07578974217176437,0.5301628708839417,0.39113032817840576,-0.07457829266786575,0.5375537872314453,0.4488372504711151,-0.06592483073472977,0.39327719807624817,0.38815370202064514,-0.06588094681501389,0.48253852128982544,0.366644024848938,-0.08962174504995346,0.5187549591064453,0.40381938219070435,-0.08593501150608063,0.5316996574401855,0.438264936208725,-0.07759197056293488,0.0,0.0,0.0,0.0,0.0,0.0,0.0,0.0,0.0,0.0,0.0,0.0,0.0,0.0,0.0,0.0,0.0,0.0,0.0,0.0,0.0,0.0,0.0,0.0,0.0,0.0,0.0,0.0,0.0,0.0,0.0,0.0,0.0,0.0,0.0,0.0,0.0,0.0,0.0,0.0,0.0,0.0,0.0,0.0,0.0,0.0,0.0,0.0,0.0,0.0,0.0,0.0,0.0,0.0,0.0,0.0,0.0,0.0,0.0,0.0,0.0,0.0,0.0,he
0.3402020335197449,0.5982469916343689,7.286890308932925e-07,0.4184454083442688,0.6020416617393494,-0.02622230537235737,0.484004408121109,0.5972732901573181,-0.058445144444704056,0.5270100831985474,0.610457181930542,-0.0942833200097084,0.5502644181251526,0.6262292861938477,-0.13063214719295502,0.49065089225769043,0.4281960427761078,-0.04160726070404053,0.5337553024291992,0.41771069169044495,-0.08442769944667816,0.5684179067611694,0.3985905647277832,-0.11111477762460709,0.599520206451416,0.3832800090312958,-0.1269652396440506,0.4526698589324951,0.4019549787044525,-0.05588742718100548,0.5141937732696533,0.3884378671646118,-0.10095855593681335,0.5614170432090759,0.3775363862514496,-0.1204194650053978,0.5997137427330017,0.3705591857433319,-0.12656822800636292,0.41235417127609253,0.4099220037460327,-0.07388021796941757,0.4742279648780823,0.48471853137016296,-0.1291411817073822,0.49264881014823914,0.574550211429596,-0.1351584643125534,0.5013635754585266,0.638487696647644,-0.12346324324607849,0.3779469430446625,0.4450961649417877,-0.09436654299497604,0.4350847899913788,0.5128475427627563,-0.13117870688438416,0.45493409037590027,0.576190710067749,-0.13073332607746124,0.4656285345554352,0.6217758655548096,-0.12082688510417938,0.0,0.0,0.0,0.0,0.0,0.0,0.0,0.0,0.0,0.0,0.0,0.0,0.0,0.0,0.0,0.0,0.0,0.0,0.0,0.0,0.0,0.0,0.0,0.0,0.0,0.0,0.0,0.0,0.0,0.0,0.0,0.0,0.0,0.0,0.0,0.0,0.0,0.0,0.0,0.0,0.0,0.0,0.0,0.0,0.0,0.0,0.0,0.0,0.0,0.0,0.0,0.0,0.0,0.0,0.0,0.0,0.0,0.0,0.0,0.0,0.0,0.0,0.0,he
0.3545082211494446,0.667829155921936,5.287861881697609e-07,0.4167787432670593,0.6476730704307556,-0.023199182003736496,0.4733627736568451,0.638907253742218,-0.05803540721535683,0.508787989616394,0.6824606657028198,-0.09583442658185959,0.5310613512992859,0.7428848743438721,-0.1361026018857956,0.4645012617111206,0.4559115469455719,-0.06422629952430725,0.4984140396118164,0.46165117621421814,-0.10597090423107147,0.5295524001121521,0.44939398765563965,-0.13590864837169647,0.5654476881027222,0.44066745042800903,-0.15867780148983002,0.4097459614276886,0.45013996958732605,-0.08137282729148865,0.45191407203674316,0.5524421334266663,-0.13712702691555023,0.47679945826530457,0.6554470062255859,-0.15826961398124695,0.49309033155441284,0.7349777817726135,-0.1665588915348053,0.35791048407554626,0.4923713505268097,-0.0986451581120491,0.4091155230998993,0.6014699935913086,-0.1517542451620102,0.4310581684112549,0.6868060827255249,-0.15537600219249725,0.4423467814922333,0.7432442903518677,-0.14852644503116608,0.3159923255443573,0.5578786134719849,-0.11785492300987244,0.3704664707183838,0.6501370668411255,-0.15384624898433685,0.4030424654483795,0.7171228528022766,-0.1531754732131958,0.42375853657722473,0.7624213695526123,-0.14638100564479828,0.0,0.0,0.0,0.0,0.0,0.0,0.0,0.0,0.0,0.0,0.0,0.0,0.0,0.0,0.0,0.0,0.0,0.0,0.0,0.0,0.0,0.0,0.0,0.0,0.0,0.0,0.0,0.0,0.0,0.0,0.0,0.0,0.0,0.0,0.0,0.0,0.0,0.0,0.0,0.0,0.0,0.0,0.0,0.0,0.0,0.0,0.0,0.0,0.0,0.0,0.0,0.0,0.0,0.0,0.0,0.0,0.0,0.0,0.0,0.0,0.0,0.0,0.0,he
0.36304599046707153,0.6601380705833435,3.5924628605243925e-07,0.42357081174850464,0.648801863193512,-0.018481800332665443,0.4757959842681885,0.6374279260635376,-0.05013031139969826,0.5136767625808716,0.6705422401428223,-0.08577960729598999,0.5456697344779968,0.7086220979690552,-0.1248653307557106,0.4562809467315674,0.46479952335357666,-0.05703352391719818,0.4824095070362091,0.48018527030944824,-0.10287165641784668,0.50807124376297,0.4704377353191376,-0.13539791107177734,0.5434514284133911,0.462604284286499,-0.158066526055336,0.4019240438938141,0.4543516933917999,-0.07585607469081879,0.44777587056159973,0.5693024396896362,-0.1386510282754898,0.47534671425819397,0.6735497713088989,-0.1607978641986847,0.4976291060447693,0.754828155040741,-0.16603294014930725,0.3517307937145233,0.4933188259601593,-0.09523609280586243,0.40282708406448364,0.615557074546814,-0.15608914196491241,0.43592187762260437,0.7100364565849304,-0.16057534515857697,0.45924606919288635,0.7791568040847778,-0.15064717829227448,0.3109409809112549,0.5574095249176025,-0.11588364094495773,0.3563882112503052,0.6567594408988953,-0.15943698585033417,0.3950484097003937,0.7282701730728149,-0.16129553318023682,0.4243517816066742,0.7791135907173157,-0.15294568240642548,0.0,0.0,0.0,0.0,0.0,0.0,0.0,0.0,0.0,0.0,0.0,0.0,0.0,0.0,0.0,0.0,0.0,0.0,0.0,0.0,0.0,0.0,0.0,0.0,0.0,0.0,0.0,0.0,0.0,0.0,0.0,0.0,0.0,0.0,0.0,0.0,0.0,0.0,0.0,0.0,0.0,0.0,0.0,0.0,0.0,0.0,0.0,0.0,0.0,0.0,0.0,0.0,0.0,0.0,0.0,0.0,0.0,0.0,0.0,0.0,0.0,0.0,0.0,he
0.3513396978378296,0.6587091088294983,3.220290807348647e-07,0.4172821640968323,0.6551122665405273,-0.019377045333385468,0.47102251648902893,0.6523573398590088,-0.05251140147447586,0.5081328749656677,0.694646954536438,-0.0903330072760582,0.5346558094024658,0.7451794147491455,-0.13153640925884247,0.45165514945983887,0.46968787908554077,-0.053544167429208755,0.47858959436416626,0.477075457572937,-0.09816671162843704,0.506762683391571,0.4680674970149994,-0.13000066578388214,0.5443947911262512,0.461391419172287,-0.1516694873571396,0.39961007237434387,0.45973894000053406,-0.07163086533546448,0.4492579400539398,0.5743335485458374,-0.1323489546775818,0.4750273823738098,0.6780688166618347,-0.15339700877666473,0.4954315423965454,0.7589631676673889,-0.15719209611415863,0.3509703278541565,0.498553603887558,-0.0905841737985611,0.4036581814289093,0.6169270873069763,-0.14807507395744324,0.4348441958427429,0.709047794342041,-0.15183474123477936,0.4567740261554718,0.777610719203949,-0.14092431962490082,0.31251710653305054,0.5617770552635193,-0.11126082390546799,0.35909855365753174,0.6601194739341736,-0.151500403881073,0.39736491441726685,0.7288979291915894,-0.1520414650440216,0.4261024296283722,0.779105544090271,-0.1422726809978485,0.0,0.0,0.0,0.0,0.0,0.0,0.0,0.0,0.0,0.0,0.0,0.0,0.0,0.0,0.0,0.0,0.0,0.0,0.0,0.0,0.0,0.0,0.0,0.0,0.0,0.0,0.0,0.0,0.0,0.0,0.0,0.0,0.0,0.0,0.0,0.0,0.0,0.0,0.0,0.0,0.0,0.0,0.0,0.0,0.0,0.0,0.0,0.0,0.0,0.0,0.0,0.0,0.0,0.0,0.0,0.0,0.0,0.0,0.0,0.0,0.0,0.0,0.0,he
0.3638934791088104,0.6522523760795593,3.607079008816072e-07,0.4304009974002838,0.6529136896133423,-0.022227831184864044,0.4815610349178314,0.6551894545555115,-0.057511597871780396,0.5147048234939575,0.6989220976829529,-0.09632375091314316,0.5301519632339478,0.743784487247467,-0.1381273716688156,0.4588092565536499,0.46500009298324585,-0.061105214059352875,0.47570130228996277,0.4814460277557373,-0.10848136991262436,0.49933016300201416,0.47568100690841675,-0.1419283002614975,0.534417986869812,0.47130268812179565,-0.16439583897590637,0.4038296043872833,0.45471617579460144,-0.0779680609703064,0.4483691155910492,0.5707648992538452,-0.14123564958572388,0.473357617855072,0.6739380359649658,-0.16282837092876434,0.4928430914878845,0.7543566226959229,-0.16696517169475555,0.35318538546562195,0.49164462089538574,-0.09561115503311157,0.4027439057826996,0.6165144443511963,-0.1553502380847931,0.4358898401260376,0.7118279933929443,-0.1588437557220459,0.4590243697166443,0.7812919616699219,-0.14755412936210632,0.3131122887134552,0.5532536506652832,-0.11502643674612045,0.35536888241767883,0.6544547080993652,-0.1560647338628769,0.39206311106681824,0.7255741357803345,-0.15660931169986725,0.4203157126903534,0.7764970660209656,-0.14703838527202606,0.0,0.0,0.0,0.0,0.0,0.0,0.0,0.0,0.0,0.0,0.0,0.0,0.0,0.0,0.0,0.0,0.0,0.0,0.0,0.0,0.0,0.0,0.0,0.0,0.0,0.0,0.0,0.0,0.0,0.0,0.0,0.0,0.0,0.0,0.0,0.0,0.0,0.0,0.0,0.0,0.0,0.0,0.0,0.0,0.0,0.0,0.0,0.0,0.0,0.0,0.0,0.0,0.0,0.0,0.0,0.0,0.0,0.0,0.0,0.0,0.0,0.0,0.0,he
0.3532317876815796,0.6396793723106384,3.3383847153345414e-07,0.41944101452827454,0.6365537047386169,-0.021245189011096954,0.47295069694519043,0.6402508020401001,-0.05617215484380722,0.5100889801979065,0.6864035129547119,-0.09523321688175201,0.5290213227272034,0.7348771095275879,-0.13697022199630737,0.45332640409469604,0.45276567339897156,-0.05449959635734558,0.4727155566215515,0.47106608748435974,-0.09958799928426743,0.49967867136001587,0.4698422849178314,-0.13200496137142181,0.5379331707954407,0.4693318009376526,-0.1536601185798645,0.40007102489471436,0.44920986890792847,-0.0711572989821434,0.4482897222042084,0.5603864192962646,-0.13123467564582825,0.47517043352127075,0.665199339389801,-0.15193617343902588,0.49566471576690674,0.7458105683326721,-0.15544478595256805,0.3521081507205963,0.4880644679069519,-0.08868993818759918,0.4052239656448364,0.6050823330879211,-0.14494739472866058,0.4371621310710907,0.7008321285247803,-0.14620544016361237,0.4594649374485016,0.7699360847473145,-0.13327312469482422,0.3149367570877075,0.5486560463905334,-0.10825174301862717,0.36221206188201904,0.64622962474823,-0.1454150527715683,0.3984692692756653,0.7157292366027832,-0.14333955943584442,0.4251610040664673,0.7640114426612854,-0.13189834356307983,0.0,0.0,0.0,0.0,0.0,0.0,0.0,0.0,0.0,0.0,0.0,0.0,0.0,0.0,0.0,0.0,0.0,0.0,0.0,0.0,0.0,0.0,0.0,0.0,0.0,0.0,0.0,0.0,0.0,0.0,0.0,0.0,0.0,0.0,0.0,0.0,0.0,0.0,0.0,0.0,0.0,0.0,0.0,0.0,0.0,0.0,0.0,0.0,0.0,0.0,0.0,0.0,0.0,0.0,0.0,0.0,0.0,0.0,0.0,0.0,0.0,0.0,0.0,he
0.3581678569316864,0.6501702070236206,3.5473121329232526e-07,0.4253198206424713,0.6482523679733276,-0.021323613822460175,0.47700265049934387,0.6499059200286865,-0.055886056274175644,0.5092548727989197,0.6909877061843872,-0.09408408403396606,0.522101879119873,0.7322803139686584,-0.13480421900749207,0.45784538984298706,0.45346832275390625,-0.05631829425692558,0.4759733974933624,0.47166675329208374,-0.1019928827881813,0.5015057325363159,0.4698643088340759,-0.13432955741882324,0.5400953888893127,0.47052156925201416,-0.15587183833122253,0.40395277738571167,0.4459764063358307,-0.07303959131240845,0.4478263854980469,0.5544170141220093,-0.1337679773569107,0.47230222821235657,0.6568727493286133,-0.15541855990886688,0.49208834767341614,0.738755464553833,-0.1595488041639328,0.3542361259460449,0.4833579361438751,-0.09065747261047363,0.40358272194862366,0.6026920676231384,-0.1485665738582611,0.43491262197494507,0.6978237628936768,-0.1534174382686615,0.4573975205421448,0.7676276564598083,-0.14288577437400818,0.31482210755348206,0.5443154573440552,-0.10989552736282349,0.359365850687027,0.6434728503227234,-0.1494503617286682,0.3971638083457947,0.7140411138534546,-0.1507374346256256,0.42635053396224976,0.764380931854248,-0.14160870015621185,0.0,0.0,0.0,0.0,0.0,0.0,0.0,0.0,0.0,0.0,0.0,0.0,0.0,0.0,0.0,0.0,0.0,0.0,0.0,0.0,0.0,0.0,0.0,0.0,0.0,0.0,0.0,0.0,0.0,0.0,0.0,0.0,0.0,0.0,0.0,0.0,0.0,0.0,0.0,0.0,0.0,0.0,0.0,0.0,0.0,0.0,0.0,0.0,0.0,0.0,0.0,0.0,0.0,0.0,0.0,0.0,0.0,0.0,0.0,0.0,0.0,0.0,0.0,he
0.35487666726112366,0.6452029943466187,3.694091219585971e-07,0.41975224018096924,0.6388006806373596,-0.01986817456781864,0.4724099338054657,0.6354161500930786,-0.05367876961827278,0.5087713599205017,0.6743632555007935,-0.09154412895441055,0.5301745533943176,0.7162555456161499,-0.1323571354150772,0.4511181712150574,0.4497876763343811,-0.055621836334466934,0.47259244322776794,0.4695765972137451,-0.1019752025604248,0.4992787539958954,0.46586066484451294,-0.13508079946041107,0.5375050902366638,0.46330225467681885,-0.1574121117591858,0.39650431275367737,0.4451178312301636,-0.07379750162363052,0.44367143511772156,0.5532813668251038,-0.13561543822288513,0.47285735607147217,0.6559996008872986,-0.1576048880815506,0.4964749813079834,0.7363672256469727,-0.16226887702941895,0.34725427627563477,0.4849785268306732,-0.09279187768697739,0.40209469199180603,0.6003776788711548,-0.1521466225385666,0.4359378516674042,0.6961482763290405,-0.15581493079662323,0.46000754833221436,0.7652744054794312,-0.1446940302848816,0.3089269995689392,0.5486539006233215,-0.11334063112735748,0.358368456363678,0.6435207724571228,-0.15407328307628632,0.3959861993789673,0.7142100930213928,-0.15417280793190002,0.4238506555557251,0.7642355561256409,-0.1444191336631775,0.0,0.0,0.0,0.0,0.0,0.0,0.0,0.0,0.0,0.0,0.0,0.0,0.0,0.0,0.0,0.0,0.0,0.0,0.0,0.0,0.0,0.0,0.0,0.0,0.0,0.0,0.0,0.0,0.0,0.0,0.0,0.0,0.0,0.0,0.0,0.0,0.0,0.0,0.0,0.0,0.0,0.0,0.0,0.0,0.0,0.0,0.0,0.0,0.0,0.0,0.0,0.0,0.0,0.0,0.0,0.0,0.0,0.0,0.0,0.0,0.0,0.0,0.0,he
0.35410013794898987,0.6427388787269592,3.4194189879599435e-07,0.4182823598384857,0.6394413709640503,-0.020223144441843033,0.46981576085090637,0.6393781304359436,-0.053971175104379654,0.5061004161834717,0.6811433434486389,-0.09191692620515823,0.5273318290710449,0.726091742515564,-0.1326768696308136,0.44987139105796814,0.4523584246635437,-0.05314445495605469,0.4718351662158966,0.47034162282943726,-0.09849996864795685,0.4983524680137634,0.46373623609542847,-0.13123123347759247,0.5360156893730164,0.4579569697380066,-0.15333957970142365,0.39733341336250305,0.44526129961013794,-0.07038092613220215,0.4456110894680023,0.5549038648605347,-0.13149768114089966,0.4729858636856079,0.6578445434570312,-0.15304209291934967,0.4944973886013031,0.7390151023864746,-0.15682856738567352,0.34957683086395264,0.4823627471923828,-0.08853764832019806,0.40312644839286804,0.6012459397315979,-0.14618277549743652,0.43566441535949707,0.6952363848686218,-0.1490788757801056,0.4582664966583252,0.7645993232727051,-0.13696113228797913,0.3117067217826843,0.5424916744232178,-0.10855534672737122,0.35882577300071716,0.6406282782554626,-0.14737938344478607,0.3952338695526123,0.7094851732254028,-0.14697830379009247,0.4220370352268219,0.7589316368103027,-0.13653570413589478,0.0,0.0,0.0,0.0,0.0,0.0,0.0,0.0,0.0,0.0,0.0,0.0,0.0,0.0,0.0,0.0,0.0,0.0,0.0,0.0,0.0,0.0,0.0,0.0,0.0,0.0,0.0,0.0,0.0,0.0,0.0,0.0,0.0,0.0,0.0,0.0,0.0,0.0,0.0,0.0,0.0,0.0,0.0,0.0,0.0,0.0,0.0,0.0,0.0,0.0,0.0,0.0,0.0,0.0,0.0,0.0,0.0,0.0,0.0,0.0,0.0,0.0,0.0,he
0.3460788428783417,0.6467038989067078,3.633661833646329e-07,0.4122646749019623,0.6406159400939941,-0.018208308145403862,0.4653782546520233,0.6428425312042236,-0.05204850435256958,0.5037175416946411,0.683330774307251,-0.0905732661485672,0.5264905095100403,0.7239971160888672,-0.131871297955513,0.44788187742233276,0.450470507144928,-0.05090049281716347,0.4745205044746399,0.4607732892036438,-0.0955427810549736,0.5037208795547485,0.4541547894477844,-0.12826378643512726,0.5417479276657104,0.44908297061920166,-0.1503981649875641,0.39770206809043884,0.4445957839488983,-0.06940583139657974,0.45116522908210754,0.5489555597305298,-0.1279643476009369,0.4782769978046417,0.6490213871002197,-0.15015345811843872,0.49749451875686646,0.7255874276161194,-0.15574035048484802,0.351184219121933,0.48416173458099365,-0.0887070819735527,0.4078058898448944,0.5950998663902283,-0.14467431604862213,0.44045233726501465,0.6882468461990356,-0.1484077274799347,0.46193650364875793,0.7550123333930969,-0.13796736299991608,0.3140079379081726,0.5460328459739685,-0.10946464538574219,0.36185315251350403,0.6318539381027222,-0.14569105207920074,0.39788779616355896,0.6957885026931763,-0.14371450245380402,0.42389291524887085,0.7413806319236755,-0.13326099514961243,0.0,0.0,0.0,0.0,0.0,0.0,0.0,0.0,0.0,0.0,0.0,0.0,0.0,0.0,0.0,0.0,0.0,0.0,0.0,0.0,0.0,0.0,0.0,0.0,0.0,0.0,0.0,0.0,0.0,0.0,0.0,0.0,0.0,0.0,0.0,0.0,0.0,0.0,0.0,0.0,0.0,0.0,0.0,0.0,0.0,0.0,0.0,0.0,0.0,0.0,0.0,0.0,0.0,0.0,0.0,0.0,0.0,0.0,0.0,0.0,0.0,0.0,0.0,he
0.3480803966522217,0.65257328748703,3.8009247305126337e-07,0.41522419452667236,0.6401229500770569,-0.012593256309628487,0.47373107075691223,0.6302011013031006,-0.04083958640694618,0.5147364139556885,0.6459391713142395,-0.07340222597122192,0.5353333950042725,0.6556181907653809,-0.10872653871774673,0.4519568979740143,0.44412344694137573,-0.04736660048365593,0.48164957761764526,0.4344444274902344,-0.08648043125867844,0.5146280527114868,0.4225812554359436,-0.11708173900842667,0.5523669123649597,0.4187700152397156,-0.13833369314670563,0.40614572167396545,0.4372972846031189,-0.06444136053323746,0.4556437134742737,0.5091993808746338,-0.11505576223134995,0.4842960834503174,0.5940992832183838,-0.13638535141944885,0.500249981880188,0.6696321964263916,-0.14475701749324799,0.3648573160171509,0.4732508957386017,-0.08163432776927948,0.41759443283081055,0.5488144755363464,-0.12716037034988403,0.44970789551734924,0.627350926399231,-0.13084794580936432,0.46695324778556824,0.694916844367981,-0.12527905404567719,0.33282819390296936,0.5318482518196106,-0.09993774443864822,0.3851475715637207,0.5916936993598938,-0.13071772456169128,0.4161408841609955,0.6454052925109863,-0.1303774118423462,0.4348579943180084,0.6927366256713867,-0.12415915727615356,0.0,0.0,0.0,0.0,0.0,0.0,0.0,0.0,0.0,0.0,0.0,0.0,0.0,0.0,0.0,0.0,0.0,0.0,0.0,0.0,0.0,0.0,0.0,0.0,0.0,0.0,0.0,0.0,0.0,0.0,0.0,0.0,0.0,0.0,0.0,0.0,0.0,0.0,0.0,0.0,0.0,0.0,0.0,0.0,0.0,0.0,0.0,0.0,0.0,0.0,0.0,0.0,0.0,0.0,0.0,0.0,0.0,0.0,0.0,0.0,0.0,0.0,0.0,he
0.3378000855445862,0.6151740550994873,9.840817938311375e-07,0.41901737451553345,0.5979056358337402,-0.008455246686935425,0.4817134439945221,0.5804450511932373,-0.037740692496299744,0.5284754633903503,0.5870847105979919,-0.07249973714351654,0.5544092059135437,0.5951674580574036,-0.11051018536090851,0.4674554467201233,0.4057043194770813,-0.04625387117266655,0.5287147164344788,0.411145955324173,-0.09767018258571625,0.5756826400756836,0.4106462597846985,-0.13677647709846497,0.6169612407684326,0.42162731289863586,-0.16248637437820435,0.43514567613601685,0.39836859703063965,-0.07229967415332794,0.5194456577301025,0.41860562562942505,-0.12931126356124878,0.5756704807281494,0.43270033597946167,-0.16228212416172028,0.6173734068870544,0.46161025762557983,-0.1812685877084732,0.40489479899406433,0.42321354150772095,-0.099356509745121,0.4927266538143158,0.48877906799316406,-0.1564096212387085,0.5307683944702148,0.5665059089660645,-0.16682526469230652,0.5550380349159241,0.6289440989494324,-0.1644446849822998,0.3812294006347656,0.4731399118900299,-0.12692120671272278,0.458703875541687,0.5204772353172302,-0.16632647812366486,0.4922734498977661,0.5681720972061157,-0.1681850701570511,0.515041172504425,0.6077762842178345,-0.16336381435394287,0.0,0.0,0.0,0.0,0.0,0.0,0.0,0.0,0.0,0.0,0.0,0.0,0.0,0.0,0.0,0.0,0.0,0.0,0.0,0.0,0.0,0.0,0.0,0.0,0.0,0.0,0.0,0.0,0.0,0.0,0.0,0.0,0.0,0.0,0.0,0.0,0.0,0.0,0.0,0.0,0.0,0.0,0.0,0.0,0.0,0.0,0.0,0.0,0.0,0.0,0.0,0.0,0.0,0.0,0.0,0.0,0.0,0.0,0.0,0.0,0.0,0.0,0.0,he
0.3384050130844116,0.5599456429481506,4.7199213781823346e-07,0.4295106530189514,0.5225845575332642,0.030696211382746696,0.4914994537830353,0.4577084183692932,0.03118220716714859,0.5438281297683716,0.4256364703178406,0.020610010251402855,0.5911493301391602,0.40484175086021423,0.008067085407674313,0.4414999186992645,0.32748186588287354,0.00772440992295742,0.5325597524642944,0.3289601504802704,-0.011369027197360992,0.5838686227798462,0.3558838963508606,-0.025168757885694504,0.6225259304046631,0.38504844903945923,-0.03462600335478783,0.4264344573020935,0.3401757776737213,-0.02432870678603649,0.534340500831604,0.3478618264198303,-0.052871666848659515,0.5851149559020996,0.4003618061542511,-0.0659048929810524,0.6101993322372437,0.45108622312545776,-0.07121840864419937,0.4209740459918976,0.3774907886981964,-0.05446488410234451,0.5252487659454346,0.37947261333465576,-0.08002365380525589,0.5715456604957581,0.4393150508403778,-0.08064049482345581,0.5895999073982239,0.48770833015441895,-0.07551222294569016,0.42369338870048523,0.4256375730037689,-0.08206116408109665,0.4972512722015381,0.3965396285057068,-0.09810929000377655,0.5423937439918518,0.389909565448761,-0.09774991869926453,0.5725268125534058,0.3854207694530487,-0.09471411257982254,0.0,0.0,0.0,0.0,0.0,0.0,0.0,0.0,0.0,0.0,0.0,0.0,0.0,0.0,0.0,0.0,0.0,0.0,0.0,0.0,0.0,0.0,0.0,0.0,0.0,0.0,0.0,0.0,0.0,0.0,0.0,0.0,0.0,0.0,0.0,0.0,0.0,0.0,0.0,0.0,0.0,0.0,0.0,0.0,0.0,0.0,0.0,0.0,0.0,0.0,0.0,0.0,0.0,0.0,0.0,0.0,0.0,0.0,0.0,0.0,0.0,0.0,0.0,he
0.33710777759552,0.5622999668121338,2.4660337771820195e-07,0.4307486116886139,0.5272976160049438,0.02705751359462738,0.4927157163619995,0.46113839745521545,0.025386277586221695,0.5445247292518616,0.42623400688171387,0.01295926608145237,0.5910288691520691,0.4053827226161957,-0.0013787708012387156,0.4421663284301758,0.32322317361831665,0.0013875904260203242,0.5337580442428589,0.3237280249595642,-0.02037843130528927,0.5871413946151733,0.3529767394065857,-0.03556863218545914,0.624254584312439,0.38290935754776,-0.04593220725655556,0.4280865788459778,0.33845198154449463,-0.02915324456989765,0.5359894037246704,0.34497007727622986,-0.058452967554330826,0.5863655805587769,0.4050710201263428,-0.0702594518661499,0.6092153787612915,0.4553965926170349,-0.07523754239082336,0.42320695519447327,0.3781977593898773,-0.05803229287266731,0.5268812775611877,0.3795570731163025,-0.08346095681190491,0.5725926756858826,0.44109341502189636,-0.08171214163303375,0.5873889923095703,0.4903411865234375,-0.07564400136470795,0.4263548254966736,0.428329735994339,-0.08496169000864029,0.4999285638332367,0.3949545621871948,-0.10035873204469681,0.541421115398407,0.3893532156944275,-0.09882473200559616,0.5668635368347168,0.3874276280403137,-0.095307856798172,0.0,0.0,0.0,0.0,0.0,0.0,0.0,0.0,0.0,0.0,0.0,0.0,0.0,0.0,0.0,0.0,0.0,0.0,0.0,0.0,0.0,0.0,0.0,0.0,0.0,0.0,0.0,0.0,0.0,0.0,0.0,0.0,0.0,0.0,0.0,0.0,0.0,0.0,0.0,0.0,0.0,0.0,0.0,0.0,0.0,0.0,0.0,0.0,0.0,0.0,0.0,0.0,0.0,0.0,0.0,0.0,0.0,0.0,0.0,0.0,0.0,0.0,0.0,he
0.3566352128982544,0.5188049077987671,6.013642632751726e-07,0.4491075277328491,0.47893866896629333,0.030253808945417404,0.4980507791042328,0.42210716009140015,0.032728325575590134,0.5392088890075684,0.3971237540245056,0.024615703150629997,0.584985613822937,0.39077553153038025,0.01364699937403202,0.4461032450199127,0.2894744873046875,0.015903474763035774,0.529404878616333,0.2654297947883606,-0.001009358442388475,0.5812205076217651,0.2508039176464081,-0.017103927209973335,0.6256536245346069,0.23978079855442047,-0.031603746116161346,0.43516504764556885,0.3000686764717102,-0.018256129696965218,0.5338466763496399,0.25797390937805176,-0.03752374276518822,0.5934033393859863,0.23856274783611298,-0.05579475685954094,0.643702507019043,0.22044900059700012,-0.07013662904500961,0.4356268048286438,0.3337823748588562,-0.05138535797595978,0.5259173512458801,0.27979132533073425,-0.06967262178659439,0.5833181142807007,0.26055753231048584,-0.08163660764694214,0.6296149492263794,0.23990151286125183,-0.09107500314712524,0.4475274682044983,0.38314005732536316,-0.08239543437957764,0.5068733096122742,0.3324141204357147,-0.09748784452676773,0.5470349788665771,0.3029104173183441,-0.10445993393659592,0.5840981006622314,0.27720731496810913,-0.11076498031616211,0.0,0.0,0.0,0.0,0.0,0.0,0.0,0.0,0.0,0.0,0.0,0.0,0.0,0.0,0.0,0.0,0.0,0.0,0.0,0.0,0.0,0.0,0.0,0.0,0.0,0.0,0.0,0.0,0.0,0.0,0.0,0.0,0.0,0.0,0.0,0.0,0.0,0.0,0.0,0.0,0.0,0.0,0.0,0.0,0.0,0.0,0.0,0.0,0.0,0.0,0.0,0.0,0.0,0.0,0.0,0.0,0.0,0.0,0.0,0.0,0.0,0.0,0.0,he
0.376350075006485,0.4980947971343994,3.5832223943543795e-07,0.4539564251899719,0.46974265575408936,0.03953374922275543,0.5030580163002014,0.42372649908065796,0.0495782233774662,0.542465090751648,0.40749216079711914,0.04740694537758827,0.5887858271598816,0.4079712927341461,0.04194502905011177,0.4602164030075073,0.29216140508651733,0.042610183358192444,0.5250046849250793,0.2428581565618515,0.042119819670915604,0.5655049085617065,0.21377994120121002,0.036424897611141205,0.5994762778282166,0.19255661964416504,0.028983404859900475,0.4562591016292572,0.2953813970088959,0.00884091854095459,0.5323431491851807,0.23485521972179413,0.007266520988196135,0.5816186666488647,0.19801075756549835,-0.002852327423170209,0.6238285303115845,0.16816136240959167,-0.012279064394533634,0.46026650071144104,0.3178726136684418,-0.023641511797904968,0.531038761138916,0.24378074705600739,-0.026217976585030556,0.5775145292282104,0.20385584235191345,-0.031375061720609665,0.61464524269104,0.1682666689157486,-0.03826829791069031,0.47265657782554626,0.3534725606441498,-0.053934160619974136,0.5189296007156372,0.2929156720638275,-0.06071719527244568,0.5481724143028259,0.2517935335636139,-0.0637161135673523,0.5741713643074036,0.21522767841815948,-0.06734620034694672,0.0,0.0,0.0,0.0,0.0,0.0,0.0,0.0,0.0,0.0,0.0,0.0,0.0,0.0,0.0,0.0,0.0,0.0,0.0,0.0,0.0,0.0,0.0,0.0,0.0,0.0,0.0,0.0,0.0,0.0,0.0,0.0,0.0,0.0,0.0,0.0,0.0,0.0,0.0,0.0,0.0,0.0,0.0,0.0,0.0,0.0,0.0,0.0,0.0,0.0,0.0,0.0,0.0,0.0,0.0,0.0,0.0,0.0,0.0,0.0,0.0,0.0,0.0,he
0.3832608759403229,0.5009548664093018,4.356383271897357e-07,0.45577308535575867,0.4754904806613922,0.031884368509054184,0.5057089328765869,0.42670971155166626,0.038910239934921265,0.5458317399024963,0.41153380274772644,0.0354076586663723,0.5923410654067993,0.410206139087677,0.030056234449148178,0.4628008306026459,0.2945253849029541,0.03935244306921959,0.5311263203620911,0.24747228622436523,0.035351645201444626,0.571944534778595,0.2187967747449875,0.02512647770345211,0.6068899035453796,0.19815489649772644,0.015038623474538326,0.4559518098831177,0.29694104194641113,0.009765313938260078,0.5277693271636963,0.24622374773025513,0.004052841104567051,0.5795127153396606,0.2179209142923355,-0.008708973415195942,0.6242179870605469,0.1996554434299469,-0.018277408555150032,0.45934340357780457,0.31726324558258057,-0.01900227554142475,0.5275226831436157,0.2467416524887085,-0.022330008447170258,0.574133038520813,0.20773853361606598,-0.02362324856221676,0.6127619743347168,0.17262807488441467,-0.025940479710698128,0.47241201996803284,0.35038724541664124,-0.0464962013065815,0.5227575302124023,0.2913343906402588,-0.05086622014641762,0.5531449317932129,0.24926269054412842,-0.048585932701826096,0.5803660154342651,0.21084396541118622,-0.04662354290485382,0.0,0.0,0.0,0.0,0.0,0.0,0.0,0.0,0.0,0.0,0.0,0.0,0.0,0.0,0.0,0.0,0.0,0.0,0.0,0.0,0.0,0.0,0.0,0.0,0.0,0.0,0.0,0.0,0.0,0.0,0.0,0.0,0.0,0.0,0.0,0.0,0.0,0.0,0.0,0.0,0.0,0.0,0.0,0.0,0.0,0.0,0.0,0.0,0.0,0.0,0.0,0.0,0.0,0.0,0.0,0.0,0.0,0.0,0.0,0.0,0.0,0.0,0.0,he
0.3835851550102234,0.5014165639877319,5.049469677942398e-07,0.4499768018722534,0.4792701303958893,0.02485157549381256,0.5047963857650757,0.4235422611236572,0.02751142717897892,0.5443853735923767,0.4096783697605133,0.02089964598417282,0.5917872786521912,0.4062204360961914,0.013151608407497406,0.4598847031593323,0.2921977937221527,0.031883854418992996,0.53172367811203,0.24074119329452515,0.02529314160346985,0.5728510022163391,0.20830190181732178,0.012819722294807434,0.6090207099914551,0.18541312217712402,0.0010747900232672691,0.45420804619789124,0.2988744080066681,0.004728197585791349,0.5272333025932312,0.25918176770210266,-0.006261034402996302,0.5758050680160522,0.24744117259979248,-0.021895263344049454,0.6158417463302612,0.24599239230155945,-0.03149988129734993,0.4590230882167816,0.32126179337501526,-0.021702755242586136,0.5269297361373901,0.2481306493282318,-0.026328464969992638,0.5741727352142334,0.20745407044887543,-0.026344554498791695,0.6133573651313782,0.17240269482135773,-0.026956897228956223,0.4734348654747009,0.3544013500213623,-0.04755675047636032,0.5230661630630493,0.295524924993515,-0.04978936165571213,0.5535199642181396,0.2534011900424957,-0.04442206397652626,0.580115020275116,0.2146316021680832,-0.03987130895256996,0.0,0.0,0.0,0.0,0.0,0.0,0.0,0.0,0.0,0.0,0.0,0.0,0.0,0.0,0.0,0.0,0.0,0.0,0.0,0.0,0.0,0.0,0.0,0.0,0.0,0.0,0.0,0.0,0.0,0.0,0.0,0.0,0.0,0.0,0.0,0.0,0.0,0.0,0.0,0.0,0.0,0.0,0.0,0.0,0.0,0.0,0.0,0.0,0.0,0.0,0.0,0.0,0.0,0.0,0.0,0.0,0.0,0.0,0.0,0.0,0.0,0.0,0.0,he
0.38837796449661255,0.5095927119255066,5.614087967842352e-07,0.4638051688671112,0.4763059616088867,0.023230286315083504,0.512438952922821,0.424450159072876,0.024224426597356796,0.5501753091812134,0.40981197357177734,0.015583699569106102,0.5941879153251648,0.40042537450790405,0.006727310363203287,0.4584534168243408,0.2965792417526245,0.029242301359772682,0.5413624048233032,0.25401419401168823,0.015593355521559715,0.5856904983520508,0.2371210753917694,-0.0025095671880990267,0.6234868168830872,0.22711281478405,-0.016778355464339256,0.45220157504081726,0.30374133586883545,0.0014007962308824062,0.5344522595405579,0.27619192004203796,-0.014416716061532497,0.5892745852470398,0.2605985701084137,-0.03304971009492874,0.6346582174301147,0.2550368309020996,-0.04468041658401489,0.4566873610019684,0.3261701762676239,-0.026317913085222244,0.5356549620628357,0.2671909034252167,-0.033746492117643356,0.5885691046714783,0.23883596062660217,-0.03391146659851074,0.6332347393035889,0.21300560235977173,-0.03357481211423874,0.4725539982318878,0.35831859707832336,-0.053964562714099884,0.5356504321098328,0.30584055185317993,-0.05538512393832207,0.5728510022163391,0.27405136823654175,-0.046880993992090225,0.605247437953949,0.24573060870170593,-0.03953934088349342,0.0,0.0,0.0,0.0,0.0,0.0,0.0,0.0,0.0,0.0,0.0,0.0,0.0,0.0,0.0,0.0,0.0,0.0,0.0,0.0,0.0,0.0,0.0,0.0,0.0,0.0,0.0,0.0,0.0,0.0,0.0,0.0,0.0,0.0,0.0,0.0,0.0,0.0,0.0,0.0,0.0,0.0,0.0,0.0,0.0,0.0,0.0,0.0,0.0,0.0,0.0,0.0,0.0,0.0,0.0,0.0,0.0,0.0,0.0,0.0,0.0,0.0,0.0,he
0.3978460133075714,0.5179864764213562,3.477028656106995e-07,0.47617921233177185,0.46637433767318726,0.03008519671857357,0.5089693069458008,0.4134654104709625,0.03901665285229683,0.5451167821884155,0.3823326528072357,0.036803245544433594,0.5825473070144653,0.3648875951766968,0.034732386469841,0.438846617937088,0.2952587902545929,0.04943355545401573,0.5199315547943115,0.2791286110877991,0.04428696632385254,0.5688546895980835,0.27941885590553284,0.03195507451891899,0.6063342690467834,0.2816261053085327,0.02170375920832157,0.43593499064445496,0.2948788106441498,0.023211060091853142,0.5333211421966553,0.2796313762664795,0.01370165403932333,0.5836209654808044,0.2966243624687195,-0.0012283124960958958,0.6205648183822632,0.3152539134025574,-0.011178426444530487,0.44549593329429626,0.3123634159564972,-0.003384683281183243,0.5351756811141968,0.2901430130004883,-0.011357438750565052,0.5861659049987793,0.3058447241783142,-0.01869439147412777,0.6206620931625366,0.32184767723083496,-0.02269727736711502,0.4654543697834015,0.33939123153686523,-0.028917862102389336,0.531381368637085,0.2997027039527893,-0.030608104541897774,0.5703156590461731,0.2868805527687073,-0.02899441495537758,0.6020030975341797,0.2806088328361511,-0.02806578204035759,0.0,0.0,0.0,0.0,0.0,0.0,0.0,0.0,0.0,0.0,0.0,0.0,0.0,0.0,0.0,0.0,0.0,0.0,0.0,0.0,0.0,0.0,0.0,0.0,0.0,0.0,0.0,0.0,0.0,0.0,0.0,0.0,0.0,0.0,0.0,0.0,0.0,0.0,0.0,0.0,0.0,0.0,0.0,0.0,0.0,0.0,0.0,0.0,0.0,0.0,0.0,0.0,0.0,0.0,0.0,0.0,0.0,0.0,0.0,0.0,0.0,0.0,0.0,he
0.4009058475494385,0.5146060585975647,2.812704451571335e-07,0.4734097123146057,0.46589890122413635,0.023876124992966652,0.5067132115364075,0.40678322315216064,0.03132743015885353,0.540560245513916,0.3717120587825775,0.029277101159095764,0.5741421580314636,0.35218724608421326,0.02820892259478569,0.4279773533344269,0.29404205083847046,0.04436501860618591,0.511972188949585,0.28563055396080017,0.04008937254548073,0.5585436820983887,0.30032476782798767,0.02877636067569256,0.5918454527854919,0.3167334794998169,0.019558081403374672,0.4268605709075928,0.2930390238761902,0.023240746930241585,0.5229353904724121,0.2790305018424988,0.013859610073268414,0.5673936605453491,0.30662959814071655,0.0007832045084796846,0.5992720127105713,0.3356740176677704,-0.006430945359170437,0.43995988368988037,0.30927547812461853,0.0017369779525324702,0.5274931192398071,0.28683874011039734,-0.006620894186198711,0.572418212890625,0.3119387924671173,-0.012302834540605545,0.6017823815345764,0.33717167377471924,-0.01374638732522726,0.4642084538936615,0.33655616641044617,-0.01891682855784893,0.5301333069801331,0.30790019035339355,-0.021427473053336143,0.5671838521957397,0.3134879469871521,-0.018925068899989128,0.5955640077590942,0.3243592083454132,-0.01588696800172329,0.0,0.0,0.0,0.0,0.0,0.0,0.0,0.0,0.0,0.0,0.0,0.0,0.0,0.0,0.0,0.0,0.0,0.0,0.0,0.0,0.0,0.0,0.0,0.0,0.0,0.0,0.0,0.0,0.0,0.0,0.0,0.0,0.0,0.0,0.0,0.0,0.0,0.0,0.0,0.0,0.0,0.0,0.0,0.0,0.0,0.0,0.0,0.0,0.0,0.0,0.0,0.0,0.0,0.0,0.0,0.0,0.0,0.0,0.0,0.0,0.0,0.0,0.0,he
0.3907838463783264,0.5126439332962036,1.3473412252551498e-07,0.457636296749115,0.46832743287086487,0.022159457206726074,0.49043670296669006,0.40956011414527893,0.028651079162955284,0.5246789455413818,0.3734511733055115,0.026745358482003212,0.5561090707778931,0.35433506965637207,0.02612302079796791,0.4185168743133545,0.2948564887046814,0.03345271944999695,0.5060446858406067,0.2864265739917755,0.026819923892617226,0.5508621335029602,0.3147547245025635,0.01600295677781105,0.5786051154136658,0.34390097856521606,0.008652709424495697,0.4180511236190796,0.29466626048088074,0.014477231539785862,0.5180907249450684,0.2811449468135834,0.006822080351412296,0.5614426136016846,0.3213972747325897,-0.0024371217004954815,0.5851681232452393,0.3601994812488556,-0.007088708691298962,0.43166109919548035,0.3135361075401306,-0.004449238069355488,0.5259366631507874,0.2903673052787781,-0.012752234004437923,0.5686666965484619,0.3260769248008728,-0.016552653163671494,0.5896422266960144,0.3606257736682892,-0.016214581206440926,0.45504137873649597,0.34250760078430176,-0.02208053693175316,0.5278028845787048,0.3145979344844818,-0.024482490494847298,0.5619691014289856,0.33136290311813354,-0.02077384851872921,0.5826782584190369,0.35264843702316284,-0.01627795211970806,0.0,0.0,0.0,0.0,0.0,0.0,0.0,0.0,0.0,0.0,0.0,0.0,0.0,0.0,0.0,0.0,0.0,0.0,0.0,0.0,0.0,0.0,0.0,0.0,0.0,0.0,0.0,0.0,0.0,0.0,0.0,0.0,0.0,0.0,0.0,0.0,0.0,0.0,0.0,0.0,0.0,0.0,0.0,0.0,0.0,0.0,0.0,0.0,0.0,0.0,0.0,0.0,0.0,0.0,0.0,0.0,0.0,0.0,0.0,0.0,0.0,0.0,0.0,he
0.3950182795524597,0.5137996077537537,1.6654109913361026e-07,0.46108442544937134,0.4658796787261963,0.02534891664981842,0.4930361211299896,0.4094724655151367,0.032456137239933014,0.5284650325775146,0.3739320635795593,0.03016088716685772,0.5587438344955444,0.35152971744537354,0.028739385306835175,0.417162150144577,0.2957446277141571,0.04043162614107132,0.5022763609886169,0.287120521068573,0.03593826666474342,0.547050416469574,0.31316208839416504,0.025159958750009537,0.5747612714767456,0.34070712327957153,0.017201252281665802,0.41600778698921204,0.29447466135025024,0.01933218538761139,0.5175310373306274,0.28166621923446655,0.013164483942091465,0.5598904490470886,0.3190937042236328,0.001778459525667131,0.5828744173049927,0.3569583296775818,-0.004707670770585537,0.4286251664161682,0.31235790252685547,-0.0014424303080886602,0.5230605602264404,0.2900799512863159,-0.007832691073417664,0.5660882592201233,0.3245212435722351,-0.012480195611715317,0.5880566835403442,0.3580663800239563,-0.013223213143646717,0.45134907960891724,0.3425399959087372,-0.020785054191946983,0.5238191485404968,0.31275829672813416,-0.022464195266366005,0.5610989928245544,0.32765474915504456,-0.01866317167878151,0.5852325558662415,0.348884642124176,-0.014261247590184212,0.0,0.0,0.0,0.0,0.0,0.0,0.0,0.0,0.0,0.0,0.0,0.0,0.0,0.0,0.0,0.0,0.0,0.0,0.0,0.0,0.0,0.0,0.0,0.0,0.0,0.0,0.0,0.0,0.0,0.0,0.0,0.0,0.0,0.0,0.0,0.0,0.0,0.0,0.0,0.0,0.0,0.0,0.0,0.0,0.0,0.0,0.0,0.0,0.0,0.0,0.0,0.0,0.0,0.0,0.0,0.0,0.0,0.0,0.0,0.0,0.0,0.0,0.0,he
0.3798972964286804,0.5219008326530457,1.8569959081560228e-07,0.4555550813674927,0.47101089358329773,0.016007181257009506,0.4910513758659363,0.4169514775276184,0.01678500324487686,0.5245434641838074,0.3849724531173706,0.009516025893390179,0.5563563108444214,0.3659574091434479,0.003191250842064619,0.412202388048172,0.3020530939102173,0.023666175082325935,0.5031041502952576,0.29507261514663696,0.007473737932741642,0.5520312190055847,0.3219069242477417,-0.010231737978756428,0.5839768648147583,0.3496533930301666,-0.02208959124982357,0.40711039304733276,0.3033680319786072,0.0038947612047195435,0.5116965770721436,0.290936678647995,-0.01647169142961502,0.560923159122467,0.3322170078754425,-0.032217592000961304,0.5895295143127441,0.3724447190761566,-0.03955391049385071,0.4169972836971283,0.32093748450279236,-0.016556788235902786,0.5139159560203552,0.30068090558052063,-0.03602185845375061,0.5635919570922852,0.3347114622592926,-0.04446696862578392,0.5909926891326904,0.3690081536769867,-0.045148495584726334,0.4373544156551361,0.34887421131134033,-0.03611418977379799,0.5134936571121216,0.3234458267688751,-0.04824209213256836,0.5527766942977905,0.34163346886634827,-0.04915981739759445,0.5783230066299438,0.3640212118625641,-0.04649421200156212,0.0,0.0,0.0,0.0,0.0,0.0,0.0,0.0,0.0,0.0,0.0,0.0,0.0,0.0,0.0,0.0,0.0,0.0,0.0,0.0,0.0,0.0,0.0,0.0,0.0,0.0,0.0,0.0,0.0,0.0,0.0,0.0,0.0,0.0,0.0,0.0,0.0,0.0,0.0,0.0,0.0,0.0,0.0,0.0,0.0,0.0,0.0,0.0,0.0,0.0,0.0,0.0,0.0,0.0,0.0,0.0,0.0,0.0,0.0,0.0,0.0,0.0,0.0,he
0.37096935510635376,0.5430598855018616,2.5796515501497197e-07,0.4450106620788574,0.5053816437721252,0.008175762370228767,0.4930560290813446,0.44842976331710815,0.001677869469858706,0.5349860787391663,0.41421225666999817,-0.011183791793882847,0.571056067943573,0.38542699813842773,-0.023904718458652496,0.42287203669548035,0.32181113958358765,0.00833612959831953,0.49976038932800293,0.3087198734283447,-0.010251694358885288,0.5515933036804199,0.31454867124557495,-0.028470788151025772,0.5888196229934692,0.3254050016403198,-0.04133456200361252,0.4078168272972107,0.3217989206314087,-0.009734153747558594,0.5024924874305725,0.302964985370636,-0.0330619178712368,0.5480342507362366,0.3488225042819977,-0.04644268378615379,0.5675522685050964,0.39127078652381897,-0.052197739481925964,0.4050212502479553,0.33952558040618896,-0.02826014719903469,0.4942624568939209,0.31330037117004395,-0.05058063566684723,0.5362076759338379,0.3578914999961853,-0.050927817821502686,0.5506945848464966,0.4000324308872223,-0.04618620127439499,0.41095489263534546,0.3703610599040985,-0.04663332179188728,0.4843706786632538,0.34380418062210083,-0.06128451228141785,0.518817126750946,0.36970070004463196,-0.056801728904247284,0.5322794318199158,0.4004582166671753,-0.04982267692685127,0.0,0.0,0.0,0.0,0.0,0.0,0.0,0.0,0.0,0.0,0.0,0.0,0.0,0.0,0.0,0.0,0.0,0.0,0.0,0.0,0.0,0.0,0.0,0.0,0.0,0.0,0.0,0.0,0.0,0.0,0.0,0.0,0.0,0.0,0.0,0.0,0.0,0.0,0.0,0.0,0.0,0.0,0.0,0.0,0.0,0.0,0.0,0.0,0.0,0.0,0.0,0.0,0.0,0.0,0.0,0.0,0.0,0.0,0.0,0.0,0.0,0.0,0.0,he
0.3642340898513794,0.5632122159004211,9.538869960579177e-08,0.4355090856552124,0.5392950773239136,-0.007625185884535313,0.493181049823761,0.49307727813720703,-0.023586027324199677,0.5404379367828369,0.46876266598701477,-0.04399814084172249,0.5868697166442871,0.4495101571083069,-0.06408289074897766,0.45648613572120667,0.3453347384929657,-0.0051265559159219265,0.5263834595680237,0.3437199592590332,-0.03433630242943764,0.5693265795707703,0.35290226340293884,-0.05728774145245552,0.6003724336624146,0.3569395840167999,-0.07159599661827087,0.43280428647994995,0.33618471026420593,-0.017520446330308914,0.5246257781982422,0.35469722747802734,-0.055069126188755035,0.5459260940551758,0.4341243803501129,-0.07025190442800522,0.5439577102661133,0.492881178855896,-0.07321634888648987,0.41374632716178894,0.3514944612979889,-0.032600004225969315,0.498885840177536,0.36453211307525635,-0.07081223279237747,0.5215980410575867,0.4363832473754883,-0.0724329873919487,0.5227090716362,0.4950730800628662,-0.0633612796664238,0.3979172706604004,0.3836973011493683,-0.04838278889656067,0.4699888229370117,0.38398122787475586,-0.07558001577854156,0.496696412563324,0.43347272276878357,-0.07514552772045135,0.5031617879867554,0.4811791777610779,-0.06762081384658813,0.0,0.0,0.0,0.0,0.0,0.0,0.0,0.0,0.0,0.0,0.0,0.0,0.0,0.0,0.0,0.0,0.0,0.0,0.0,0.0,0.0,0.0,0.0,0.0,0.0,0.0,0.0,0.0,0.0,0.0,0.0,0.0,0.0,0.0,0.0,0.0,0.0,0.0,0.0,0.0,0.0,0.0,0.0,0.0,0.0,0.0,0.0,0.0,0.0,0.0,0.0,0.0,0.0,0.0,0.0,0.0,0.0,0.0,0.0,0.0,0.0,0.0,0.0,he
0.3511468470096588,0.606361985206604,3.090534903549269e-07,0.4220893681049347,0.5868182182312012,-0.01014544814825058,0.4809386730194092,0.5644798278808594,-0.03737620264291763,0.5227677226066589,0.5804967880249023,-0.06920177489519119,0.5515464544296265,0.6090408563613892,-0.10272117704153061,0.46507853269577026,0.3950888514518738,-0.03206739202141762,0.5165830254554749,0.39073649048805237,-0.06652197986841202,0.5529578924179077,0.37352943420410156,-0.09419310092926025,0.5877285599708557,0.35681861639022827,-0.11452171206474304,0.42699164152145386,0.3905457556247711,-0.05024435743689537,0.4973444938659668,0.4690699279308319,-0.09456601738929749,0.524924099445343,0.5557935833930969,-0.11215780675411224,0.5365350246429443,0.6164840459823608,-0.11924543976783752,0.38993221521377563,0.423215389251709,-0.06944867223501205,0.46117883920669556,0.4935101270675659,-0.1084483414888382,0.484986811876297,0.5638014078140259,-0.10866636782884598,0.4914780855178833,0.6115715503692627,-0.10249967873096466,0.35979682207107544,0.476635605096817,-0.09000764787197113,0.42486539483070374,0.5174634456634521,-0.11172955483198166,0.4454305171966553,0.5690471529960632,-0.10482840985059738,0.4498625695705414,0.607491135597229,-0.09610165655612946,0.0,0.0,0.0,0.0,0.0,0.0,0.0,0.0,0.0,0.0,0.0,0.0,0.0,0.0,0.0,0.0,0.0,0.0,0.0,0.0,0.0,0.0,0.0,0.0,0.0,0.0,0.0,0.0,0.0,0.0,0.0,0.0,0.0,0.0,0.0,0.0,0.0,0.0,0.0,0.0,0.0,0.0,0.0,0.0,0.0,0.0,0.0,0.0,0.0,0.0,0.0,0.0,0.0,0.0,0.0,0.0,0.0,0.0,0.0,0.0,0.0,0.0,0.0,he
0.34849101305007935,0.6052610874176025,4.4029394530298305e-07,0.42111679911613464,0.5907541513442993,-0.009571605361998081,0.4813770055770874,0.5708048343658447,-0.03663491830229759,0.5236809253692627,0.5878980755805969,-0.06885410100221634,0.5484586358070374,0.6184900403022766,-0.10284553468227386,0.4667186141014099,0.3986109495162964,-0.02964014559984207,0.5154142379760742,0.3896775245666504,-0.06255082041025162,0.5520123243331909,0.3691684603691101,-0.08886203914880753,0.5867418050765991,0.35010790824890137,-0.10855036228895187,0.42885512113571167,0.3919999599456787,-0.048317477107048035,0.49879151582717896,0.4709271788597107,-0.09461444616317749,0.5248532295227051,0.5586891770362854,-0.11260300874710083,0.5337023735046387,0.6221150755882263,-0.11852740496397018,0.39184314012527466,0.42162126302719116,-0.06777715682983398,0.46649444103240967,0.49786102771759033,-0.10734716057777405,0.4869908392429352,0.5730531215667725,-0.10550472885370255,0.489637553691864,0.622910737991333,-0.09688298404216766,0.361251562833786,0.4728303551673889,-0.08865577727556229,0.42901864647865295,0.5197555422782898,-0.1098041906952858,0.4452022910118103,0.5733724236488342,-0.10097740590572357,0.44574010372161865,0.6109057068824768,-0.0901167169213295,0.0,0.0,0.0,0.0,0.0,0.0,0.0,0.0,0.0,0.0,0.0,0.0,0.0,0.0,0.0,0.0,0.0,0.0,0.0,0.0,0.0,0.0,0.0,0.0,0.0,0.0,0.0,0.0,0.0,0.0,0.0,0.0,0.0,0.0,0.0,0.0,0.0,0.0,0.0,0.0,0.0,0.0,0.0,0.0,0.0,0.0,0.0,0.0,0.0,0.0,0.0,0.0,0.0,0.0,0.0,0.0,0.0,0.0,0.0,0.0,0.0,0.0,0.0,he
0.3420341908931732,0.6381213068962097,4.1433358433096146e-07,0.4178619682788849,0.6215418577194214,-0.007867956534028053,0.4757087528705597,0.603884756565094,-0.034747157245874405,0.5154725909233093,0.628764808177948,-0.06813817471265793,0.5375403761863708,0.6745991706848145,-0.10424599051475525,0.4625515341758728,0.41756701469421387,-0.033344510942697525,0.5014951825141907,0.41959840059280396,-0.07140479981899261,0.5360370874404907,0.4058089256286621,-0.10175705701112747,0.5732429623603821,0.3924405872821808,-0.12410129606723785,0.4183168113231659,0.4122002124786377,-0.05519726499915123,0.4743152856826782,0.5074303150177002,-0.10771444439888,0.502392590045929,0.6055343747138977,-0.13089966773986816,0.5160066485404968,0.6803662776947021,-0.13906025886535645,0.3749321401119232,0.449025422334671,-0.07717385143041611,0.43313756585121155,0.542166531085968,-0.12534043192863464,0.4629661738872528,0.6294863820075989,-0.1286819726228714,0.4774770140647888,0.6925488710403442,-0.12053032964468002,0.3377663493156433,0.507716178894043,-0.10017439723014832,0.39375776052474976,0.5731262564659119,-0.13091278076171875,0.42464253306388855,0.6350406408309937,-0.127693310379982,0.44271647930145264,0.6833343505859375,-0.11805418133735657,0.0,0.0,0.0,0.0,0.0,0.0,0.0,0.0,0.0,0.0,0.0,0.0,0.0,0.0,0.0,0.0,0.0,0.0,0.0,0.0,0.0,0.0,0.0,0.0,0.0,0.0,0.0,0.0,0.0,0.0,0.0,0.0,0.0,0.0,0.0,0.0,0.0,0.0,0.0,0.0,0.0,0.0,0.0,0.0,0.0,0.0,0.0,0.0,0.0,0.0,0.0,0.0,0.0,0.0,0.0,0.0,0.0,0.0,0.0,0.0,0.0,0.0,0.0,he
0.33830147981643677,0.6398578882217407,4.560278057397227e-07,0.4153558015823364,0.6144875288009644,-0.009684637188911438,0.4722784757614136,0.5879146456718445,-0.03430253267288208,0.5175929665565491,0.6021502017974854,-0.0640634298324585,0.5509754419326782,0.6262604594230652,-0.09585820138454437,0.4540795683860779,0.409292608499527,-0.0351891964673996,0.48372986912727356,0.42014259099960327,-0.07432591170072556,0.513353705406189,0.4090181291103363,-0.10458192974328995,0.5496328473091125,0.39729735255241394,-0.1261654496192932,0.4066566526889801,0.4067067503929138,-0.054405927658081055,0.4627624750137329,0.5066217184066772,-0.10810258239507675,0.4959166646003723,0.6059972047805786,-0.13084977865219116,0.5193378329277039,0.6800005435943604,-0.13825573027133942,0.36340510845184326,0.4447391629219055,-0.07393807172775269,0.4219229817390442,0.5541761517524719,-0.1257314383983612,0.4550628662109375,0.6456900238990784,-0.1302669644355774,0.4778670072555542,0.7100454568862915,-0.1219242513179779,0.32755231857299805,0.5028641819953918,-0.0942707285284996,0.380348801612854,0.5812311768531799,-0.12853491306304932,0.41315963864326477,0.6446208953857422,-0.1276509314775467,0.4379669725894928,0.6880915760993958,-0.11873720586299896,0.0,0.0,0.0,0.0,0.0,0.0,0.0,0.0,0.0,0.0,0.0,0.0,0.0,0.0,0.0,0.0,0.0,0.0,0.0,0.0,0.0,0.0,0.0,0.0,0.0,0.0,0.0,0.0,0.0,0.0,0.0,0.0,0.0,0.0,0.0,0.0,0.0,0.0,0.0,0.0,0.0,0.0,0.0,0.0,0.0,0.0,0.0,0.0,0.0,0.0,0.0,0.0,0.0,0.0,0.0,0.0,0.0,0.0,0.0,0.0,0.0,0.0,0.0,he
0.3387303054332733,0.6396876573562622,4.4073360072616197e-07,0.41679054498672485,0.6178593635559082,-0.010522305965423584,0.47291040420532227,0.5933262705802917,-0.03593328222632408,0.514691174030304,0.6055803894996643,-0.0664878785610199,0.5432154536247253,0.6249678134918213,-0.09946288913488388,0.4519115388393402,0.4092777967453003,-0.03430080786347389,0.4792425334453583,0.42249682545661926,-0.07414252310991287,0.5096442103385925,0.41303741931915283,-0.10499032586812973,0.5471327304840088,0.40525078773498535,-0.12672516703605652,0.40391674637794495,0.40631550550460815,-0.05341885983943939,0.4608163833618164,0.5079200267791748,-0.10796418786048889,0.4933549463748932,0.6084176898002625,-0.13152259588241577,0.5152760744094849,0.6835336685180664,-0.13913819193840027,0.35988321900367737,0.44557082653045654,-0.07315268367528915,0.41840553283691406,0.5528648495674133,-0.12702356278896332,0.4530879557132721,0.6465914845466614,-0.13256001472473145,0.4760417640209198,0.7129338383674622,-0.12436562031507492,0.32362785935401917,0.507424533367157,-0.09357108175754547,0.3775991201400757,0.5837404131889343,-0.13037754595279694,0.411845862865448,0.6489342451095581,-0.13053171336650848,0.43647095561027527,0.6954087018966675,-0.12186967581510544,0.0,0.0,0.0,0.0,0.0,0.0,0.0,0.0,0.0,0.0,0.0,0.0,0.0,0.0,0.0,0.0,0.0,0.0,0.0,0.0,0.0,0.0,0.0,0.0,0.0,0.0,0.0,0.0,0.0,0.0,0.0,0.0,0.0,0.0,0.0,0.0,0.0,0.0,0.0,0.0,0.0,0.0,0.0,0.0,0.0,0.0,0.0,0.0,0.0,0.0,0.0,0.0,0.0,0.0,0.0,0.0,0.0,0.0,0.0,0.0,0.0,0.0,0.0,he
0.343837171792984,0.6342319250106812,4.075516244483879e-07,0.4187033772468567,0.6137400269508362,-0.01565028540790081,0.47397807240486145,0.5877853035926819,-0.043736618012189865,0.5150308609008789,0.5940449237823486,-0.07554613798856735,0.539122998714447,0.6035067439079285,-0.10938089340925217,0.45094630122184753,0.40870025753974915,-0.04174832999706268,0.4723361134529114,0.42585575580596924,-0.08696854114532471,0.5014936923980713,0.42094773054122925,-0.1203974038362503,0.5386579036712646,0.41856884956359863,-0.14294485747814178,0.40115803480148315,0.4053367078304291,-0.05959305167198181,0.4550172984600067,0.5030155181884766,-0.12234065681695938,0.48599010705947876,0.610120415687561,-0.14689961075782776,0.5068696737289429,0.6901035904884338,-0.15284183621406555,0.35582321882247925,0.44310462474823,-0.0786813348531723,0.41295325756073,0.5511113405227661,-0.13987375795841217,0.44782915711402893,0.6500486731529236,-0.14483314752578735,0.47057586908340454,0.7188969850540161,-0.13411426544189453,0.3186313211917877,0.5037402510643005,-0.09863793104887009,0.36898890137672424,0.5811493992805481,-0.14081257581710815,0.4031897187232971,0.6487045288085938,-0.14185179769992828,0.4279833436012268,0.6952860355377197,-0.1325257122516632,0.0,0.0,0.0,0.0,0.0,0.0,0.0,0.0,0.0,0.0,0.0,0.0,0.0,0.0,0.0,0.0,0.0,0.0,0.0,0.0,0.0,0.0,0.0,0.0,0.0,0.0,0.0,0.0,0.0,0.0,0.0,0.0,0.0,0.0,0.0,0.0,0.0,0.0,0.0,0.0,0.0,0.0,0.0,0.0,0.0,0.0,0.0,0.0,0.0,0.0,0.0,0.0,0.0,0.0,0.0,0.0,0.0,0.0,0.0,0.0,0.0,0.0,0.0,he
0.34238526225090027,0.632519006729126,3.56929632516767e-07,0.4166376292705536,0.6144692301750183,-0.014472337439656258,0.4753648042678833,0.5963196754455566,-0.04323843494057655,0.5207909345626831,0.6151106953620911,-0.07669724524021149,0.5472288131713867,0.6386290788650513,-0.11265423893928528,0.4516429603099823,0.40987730026245117,-0.040029820054769516,0.4753783941268921,0.425851047039032,-0.08385264128446579,0.5045174360275269,0.42194876074790955,-0.11648392677307129,0.5408017635345459,0.41893038153648376,-0.13841743767261505,0.40146201848983765,0.4056299328804016,-0.05848461762070656,0.4574930667877197,0.5085783004760742,-0.1187317743897438,0.4862261414527893,0.6142891049385071,-0.14246352016925812,0.5050301551818848,0.6928461790084839,-0.14823266863822937,0.35584592819213867,0.44372642040252686,-0.07808715850114822,0.41437724232673645,0.5538491010665894,-0.13562682271003723,0.44806191325187683,0.65057373046875,-0.14023704826831818,0.4702780246734619,0.718696117401123,-0.1298341006040573,0.31901994347572327,0.5046805739402771,-0.09873832017183304,0.36969879269599915,0.581935703754425,-0.13622796535491943,0.40389034152030945,0.6469516158103943,-0.13556841015815735,0.42870503664016724,0.692673921585083,-0.12571163475513458,0.0,0.0,0.0,0.0,0.0,0.0,0.0,0.0,0.0,0.0,0.0,0.0,0.0,0.0,0.0,0.0,0.0,0.0,0.0,0.0,0.0,0.0,0.0,0.0,0.0,0.0,0.0,0.0,0.0,0.0,0.0,0.0,0.0,0.0,0.0,0.0,0.0,0.0,0.0,0.0,0.0,0.0,0.0,0.0,0.0,0.0,0.0,0.0,0.0,0.0,0.0,0.0,0.0,0.0,0.0,0.0,0.0,0.0,0.0,0.0,0.0,0.0,0.0,he
0.33070069551467896,0.6335073709487915,3.614249806105363e-07,0.40673506259918213,0.6163115501403809,-0.00960463099181652,0.4661538600921631,0.6047979593276978,-0.03718629479408264,0.5110931396484375,0.6317472457885742,-0.07069886475801468,0.5362311005592346,0.6658133864402771,-0.10665976256132126,0.45025187730789185,0.41180309653282166,-0.03446442633867264,0.4788499176502228,0.4305129647254944,-0.07515919208526611,0.5087701082229614,0.42755401134490967,-0.1060609221458435,0.5468920469284058,0.42354899644851685,-0.12715430557727814,0.40303051471710205,0.40941834449768066,-0.05443457141518593,0.4614660143852234,0.5136027932167053,-0.10808980464935303,0.4907356798648834,0.6142142415046692,-0.13062052428722382,0.5106277465820312,0.6894307136535645,-0.13733740150928497,0.3593922257423401,0.44743937253952026,-0.07491671293973923,0.4201038181781769,0.5547313094139099,-0.1264030486345291,0.4519452154636383,0.648068904876709,-0.13129524886608124,0.4727742671966553,0.7145146727561951,-0.12246844917535782,0.32371777296066284,0.5059868097305298,-0.0961993858218193,0.37886443734169006,0.58469557762146,-0.1289108395576477,0.4125910699367523,0.65035480260849,-0.1272522509098053,0.43657004833221436,0.697476863861084,-0.11739503592252731,0.0,0.0,0.0,0.0,0.0,0.0,0.0,0.0,0.0,0.0,0.0,0.0,0.0,0.0,0.0,0.0,0.0,0.0,0.0,0.0,0.0,0.0,0.0,0.0,0.0,0.0,0.0,0.0,0.0,0.0,0.0,0.0,0.0,0.0,0.0,0.0,0.0,0.0,0.0,0.0,0.0,0.0,0.0,0.0,0.0,0.0,0.0,0.0,0.0,0.0,0.0,0.0,0.0,0.0,0.0,0.0,0.0,0.0,0.0,0.0,0.0,0.0,0.0,he
0.3354271650314331,0.6352084279060364,4.797282713298046e-07,0.4135749936103821,0.6192781329154968,-0.00993648823350668,0.47066593170166016,0.6031842827796936,-0.035495590418577194,0.5127005577087402,0.6274042129516602,-0.06607678532600403,0.5418776869773865,0.6591843962669373,-0.09917343407869339,0.45433908700942993,0.40666767954826355,-0.03168603777885437,0.48824095726013184,0.43112191557884216,-0.06793273985385895,0.5207831263542175,0.4260108470916748,-0.09699999541044235,0.5608959197998047,0.4216711223125458,-0.11844673752784729,0.4075469970703125,0.40472424030303955,-0.05030643567442894,0.4678157866001129,0.5094878077507019,-0.099484384059906,0.4974287152290344,0.6085050702095032,-0.12179309874773026,0.5177661180496216,0.6821825504302979,-0.13033846020698547,0.36396312713623047,0.44398096203804016,-0.06941360980272293,0.42545023560523987,0.5527273416519165,-0.11748600006103516,0.4566565454006195,0.6426329016685486,-0.12337002903223038,0.4772319495677948,0.7057836055755615,-0.11727931350469589,0.3275660574436188,0.5043244361877441,-0.08930712938308716,0.3827950358390808,0.5818473100662231,-0.12131204456090927,0.41553398966789246,0.6438884139060974,-0.12141583859920502,0.4389955401420593,0.686981201171875,-0.11425211280584335,0.0,0.0,0.0,0.0,0.0,0.0,0.0,0.0,0.0,0.0,0.0,0.0,0.0,0.0,0.0,0.0,0.0,0.0,0.0,0.0,0.0,0.0,0.0,0.0,0.0,0.0,0.0,0.0,0.0,0.0,0.0,0.0,0.0,0.0,0.0,0.0,0.0,0.0,0.0,0.0,0.0,0.0,0.0,0.0,0.0,0.0,0.0,0.0,0.0,0.0,0.0,0.0,0.0,0.0,0.0,0.0,0.0,0.0,0.0,0.0,0.0,0.0,0.0,he
0.34114599227905273,0.6061704754829407,5.262235731606779e-07,0.41859903931617737,0.5863696932792664,-0.01461461465805769,0.4815567135810852,0.5713555216789246,-0.04356694221496582,0.5245136022567749,0.6013382077217102,-0.07540853321552277,0.556511640548706,0.6428537964820862,-0.10925482213497162,0.46223095059394836,0.3888319134712219,-0.04140052571892738,0.5063214302062988,0.41001275181770325,-0.07767783850431442,0.5494479537010193,0.4158404469490051,-0.10767678916454315,0.5934175848960876,0.4226394593715668,-0.12961328029632568,0.4184069037437439,0.3940776586532593,-0.055655624717473984,0.48617008328437805,0.4982380270957947,-0.10266323387622833,0.507375955581665,0.58418208360672,-0.12222576141357422,0.5146642327308655,0.6455873250961304,-0.1309962421655655,0.37925511598587036,0.4354807436466217,-0.07086842507123947,0.45034196972846985,0.5329947471618652,-0.1133234053850174,0.47854113578796387,0.6018189787864685,-0.11884570121765137,0.4904248118400574,0.6527327299118042,-0.11573121696710587,0.34946906566619873,0.4967532455921173,-0.08732179552316666,0.4202432930469513,0.5635921955108643,-0.11595094203948975,0.4558529853820801,0.6124074459075928,-0.1172361671924591,0.4774303436279297,0.648713231086731,-0.11318445205688477,0.0,0.0,0.0,0.0,0.0,0.0,0.0,0.0,0.0,0.0,0.0,0.0,0.0,0.0,0.0,0.0,0.0,0.0,0.0,0.0,0.0,0.0,0.0,0.0,0.0,0.0,0.0,0.0,0.0,0.0,0.0,0.0,0.0,0.0,0.0,0.0,0.0,0.0,0.0,0.0,0.0,0.0,0.0,0.0,0.0,0.0,0.0,0.0,0.0,0.0,0.0,0.0,0.0,0.0,0.0,0.0,0.0,0.0,0.0,0.0,0.0,0.0,0.0,he
0.3418179750442505,0.5789270401000977,6.30173758509045e-07,0.42258110642433167,0.5353097915649414,-0.009758293628692627,0.4956624209880829,0.4792918860912323,-0.02806312032043934,0.5472440719604492,0.4428423047065735,-0.047123730182647705,0.5952973961830139,0.41505682468414307,-0.06827584654092789,0.47106677293777466,0.3663291335105896,-0.0483846552670002,0.5378783941268921,0.3933154344558716,-0.08498001098632812,0.5871334075927734,0.39767423272132874,-0.10951347649097443,0.6298739314079285,0.40569695830345154,-0.1255977898836136,0.43353477120399475,0.3768230676651001,-0.06208063289523125,0.5234973430633545,0.45169591903686523,-0.10474584251642227,0.5745568871498108,0.5064639449119568,-0.12203788757324219,0.6103193759918213,0.5549638867378235,-0.13130412995815277,0.4020889699459076,0.4210090637207031,-0.0761563628911972,0.4944445490837097,0.5010455250740051,-0.12028692662715912,0.5476996302604675,0.5546426773071289,-0.12959004938602448,0.5867040753364563,0.5990402698516846,-0.13019664585590363,0.37768450379371643,0.48476067185401917,-0.09006275236606598,0.46153366565704346,0.5327682495117188,-0.12196812033653259,0.5079017877578735,0.5642867088317871,-0.1285356730222702,0.5431123971939087,0.5912716388702393,-0.1295904517173767,0.0,0.0,0.0,0.0,0.0,0.0,0.0,0.0,0.0,0.0,0.0,0.0,0.0,0.0,0.0,0.0,0.0,0.0,0.0,0.0,0.0,0.0,0.0,0.0,0.0,0.0,0.0,0.0,0.0,0.0,0.0,0.0,0.0,0.0,0.0,0.0,0.0,0.0,0.0,0.0,0.0,0.0,0.0,0.0,0.0,0.0,0.0,0.0,0.0,0.0,0.0,0.0,0.0,0.0,0.0,0.0,0.0,0.0,0.0,0.0,0.0,0.0,0.0,he
0.338992178440094,0.5877845883369446,5.717524231840798e-07,0.41607666015625,0.5372023582458496,-0.008163138292729855,0.4884985387325287,0.47531840205192566,-0.025650037452578545,0.5404796600341797,0.436115562915802,-0.04394546151161194,0.59002685546875,0.4093053340911865,-0.06409365683794022,0.4703054428100586,0.368893563747406,-0.05060066282749176,0.5404517650604248,0.3939943313598633,-0.08635066449642181,0.5909794569015503,0.39913007616996765,-0.11009521037340164,0.6347275972366333,0.4079321026802063,-0.12628957629203796,0.4335647225379944,0.3854265809059143,-0.06503430008888245,0.5207827687263489,0.4653880000114441,-0.1046667993068695,0.5740381479263306,0.5216995477676392,-0.12020262330770493,0.6128048300743103,0.5687365531921387,-0.1305035948753357,0.40050074458122253,0.4343639612197876,-0.07956839352846146,0.48992401361465454,0.5149141550064087,-0.1207924634218216,0.5431848764419556,0.565336287021637,-0.12964250147342682,0.5820000171661377,0.6053094267845154,-0.13216570019721985,0.3744902014732361,0.5007592439651489,-0.09391476213932037,0.4564913213253021,0.5462648868560791,-0.12518812716007233,0.5032863020896912,0.5749635100364685,-0.13261699676513672,0.538888692855835,0.599269449710846,-0.1354125440120697,0.0,0.0,0.0,0.0,0.0,0.0,0.0,0.0,0.0,0.0,0.0,0.0,0.0,0.0,0.0,0.0,0.0,0.0,0.0,0.0,0.0,0.0,0.0,0.0,0.0,0.0,0.0,0.0,0.0,0.0,0.0,0.0,0.0,0.0,0.0,0.0,0.0,0.0,0.0,0.0,0.0,0.0,0.0,0.0,0.0,0.0,0.0,0.0,0.0,0.0,0.0,0.0,0.0,0.0,0.0,0.0,0.0,0.0,0.0,0.0,0.0,0.0,0.0,he
0.32988983392715454,0.5324440002441406,6.884602044010535e-07,0.382806658744812,0.45191001892089844,0.042478207498788834,0.4459584355354309,0.393008291721344,0.04605298861861229,0.4965114891529083,0.3748527467250824,0.03912331908941269,0.5387084484100342,0.37493056058883667,0.028948089107871056,0.4588329792022705,0.3179304599761963,0.00907929427921772,0.5550370216369629,0.3286621570587158,-0.002137975301593542,0.6095304489135742,0.34102413058280945,-0.01057733129709959,0.6519107222557068,0.35297197103500366,-0.017034849151968956,0.4569399058818817,0.3426746428012848,-0.02529989928007126,0.5655454993247986,0.34919798374176025,-0.03237419202923775,0.626394510269165,0.36340928077697754,-0.03462158888578415,0.6702388525009155,0.3807133734226227,-0.037460263818502426,0.45660629868507385,0.38902002573013306,-0.05617961660027504,0.5641459822654724,0.3829166889190674,-0.062327008694410324,0.6224737763404846,0.40149566531181335,-0.057819537818431854,0.6646623611450195,0.4143315255641937,-0.055927835404872894,0.45846378803253174,0.45132002234458923,-0.08372468501329422,0.5450727939605713,0.4405074715614319,-0.08618006855249405,0.5962944626808167,0.4444398581981659,-0.07879270613193512,0.6367485523223877,0.44425418972969055,-0.07359979301691055,0.0,0.0,0.0,0.0,0.0,0.0,0.0,0.0,0.0,0.0,0.0,0.0,0.0,0.0,0.0,0.0,0.0,0.0,0.0,0.0,0.0,0.0,0.0,0.0,0.0,0.0,0.0,0.0,0.0,0.0,0.0,0.0,0.0,0.0,0.0,0.0,0.0,0.0,0.0,0.0,0.0,0.0,0.0,0.0,0.0,0.0,0.0,0.0,0.0,0.0,0.0,0.0,0.0,0.0,0.0,0.0,0.0,0.0,0.0,0.0,0.0,0.0,0.0,he
0.345492959022522,0.5044421553611755,6.079689001126098e-07,0.39704641699790955,0.4481026828289032,0.023654712364077568,0.4529562294483185,0.4014549255371094,0.02487953193485737,0.5057743787765503,0.3898826241493225,0.020311012864112854,0.5492827296257019,0.3949067294597626,0.014295964501798153,0.4421842396259308,0.29694026708602905,0.000827013689558953,0.5347504019737244,0.2766225337982178,-0.009976820088922977,0.5843019485473633,0.2751704156398773,-0.01729622855782509,0.6256328225135803,0.2760729193687439,-0.023242704570293427,0.44908544421195984,0.3201996982097626,-0.02231772057712078,0.5458697080612183,0.2748665511608124,-0.030124539509415627,0.6017124056816101,0.2526471018791199,-0.040101777762174606,0.6511081457138062,0.23280058801174164,-0.04943173751235008,0.4557678997516632,0.36409127712249756,-0.042844004929065704,0.539080023765564,0.3245381712913513,-0.052228040993213654,0.5901236534118652,0.3163560628890991,-0.06125388666987419,0.6307233572006226,0.3056032061576843,-0.06991694122552872,0.46457532048225403,0.42010238766670227,-0.060769617557525635,0.5114918947219849,0.3932272493839264,-0.06750629097223282,0.5360827445983887,0.38252198696136475,-0.06904544681310654,0.5605561137199402,0.3723270893096924,-0.07152574509382248,0.0,0.0,0.0,0.0,0.0,0.0,0.0,0.0,0.0,0.0,0.0,0.0,0.0,0.0,0.0,0.0,0.0,0.0,0.0,0.0,0.0,0.0,0.0,0.0,0.0,0.0,0.0,0.0,0.0,0.0,0.0,0.0,0.0,0.0,0.0,0.0,0.0,0.0,0.0,0.0,0.0,0.0,0.0,0.0,0.0,0.0,0.0,0.0,0.0,0.0,0.0,0.0,0.0,0.0,0.0,0.0,0.0,0.0,0.0,0.0,0.0,0.0,0.0,he
0.34908348321914673,0.5050443410873413,3.074294738780736e-07,0.40473997592926025,0.45025962591171265,0.04003313183784485,0.4591961205005646,0.40681523084640503,0.05108596757054329,0.5170339345932007,0.40404781699180603,0.052362728863954544,0.561932384967804,0.41355425119400024,0.05254880711436272,0.43316832184791565,0.29877156019210815,0.03118910640478134,0.5187921524047852,0.28240060806274414,0.022787567228078842,0.5671247243881226,0.28657266497612,0.012965737842023373,0.6074931621551514,0.2996884882450104,0.00409470871090889,0.4420590400695801,0.31226617097854614,0.0006753928028047085,0.5346423387527466,0.2555634379386902,-0.008142002858221531,0.5900517106056213,0.22847621142864227,-0.01992936246097088,0.6380013823509216,0.20808227360248566,-0.029548145830631256,0.455138623714447,0.34442293643951416,-0.027616381645202637,0.5420416593551636,0.27364581823349,-0.03702037036418915,0.5925723314285278,0.24553871154785156,-0.044472306966781616,0.6334905028343201,0.21905991435050964,-0.05087155103683472,0.4753987491130829,0.3911624550819397,-0.05257188156247139,0.537858247756958,0.3393109142780304,-0.05997142195701599,0.57248455286026,0.3125103712081909,-0.06188587471842766,0.6070026159286499,0.2875586152076721,-0.06413052976131439,0.0,0.0,0.0,0.0,0.0,0.0,0.0,0.0,0.0,0.0,0.0,0.0,0.0,0.0,0.0,0.0,0.0,0.0,0.0,0.0,0.0,0.0,0.0,0.0,0.0,0.0,0.0,0.0,0.0,0.0,0.0,0.0,0.0,0.0,0.0,0.0,0.0,0.0,0.0,0.0,0.0,0.0,0.0,0.0,0.0,0.0,0.0,0.0,0.0,0.0,0.0,0.0,0.0,0.0,0.0,0.0,0.0,0.0,0.0,0.0,0.0,0.0,0.0,he
0.38452720642089844,0.48932623863220215,5.150913011675584e-07,0.45365872979164124,0.48369044065475464,0.027003880590200424,0.4974571466445923,0.45099937915802,0.029590271413326263,0.5368856191635132,0.43559327721595764,0.021730216220021248,0.5788993239402771,0.43498504161834717,0.0115605928003788,0.4592289328575134,0.320905864238739,0.033393360674381256,0.5132700204849243,0.26543325185775757,0.03379093483090401,0.548229992389679,0.23125773668289185,0.029110794886946678,0.5754186511039734,0.1983446478843689,0.021992484107613564,0.45705437660217285,0.3153078556060791,0.0060250964015722275,0.5270150303840637,0.2573488652706146,0.004749367944896221,0.5753013491630554,0.22316429018974304,-0.003794740652665496,0.6123714447021484,0.19885994493961334,-0.012231829576194286,0.46163666248321533,0.331682950258255,-0.020720399916172028,0.5271852612495422,0.2704770565032959,-0.020867010578513145,0.5688266158103943,0.23350538313388824,-0.024892309680581093,0.60011887550354,0.20611931383609772,-0.03098575957119465,0.4776132106781006,0.3691416084766388,-0.046454232186079025,0.5293835997581482,0.31392812728881836,-0.04740516468882561,0.562167227268219,0.2779220640659332,-0.04675384238362312,0.5884139537811279,0.24857228994369507,-0.048446014523506165,0.3673481345176697,0.5197800993919373,3.013302602994372e-07,0.4389372766017914,0.496455579996109,0.027843037620186806,0.4967356026172638,0.4470376670360565,0.027701489627361298,0.5344035029411316,0.438041090965271,0.016147935763001442,0.5790536999702454,0.4324202537536621,0.0037013133987784386,0.45414218306541443,0.32180216908454895,0.02587754651904106,0.5235563516616821,0.2500239610671997,0.01650550216436386,0.5624377131462097,0.2217399775981903,0.006751267705112696,0.5941712260246277,0.20307579636573792,-0.0017164801247417927,0.4524361491203308,0.3308298885822296,-0.006279432214796543,0.5218359231948853,0.30698174238204956,-0.027045173570513725,0.5629362463951111,0.312244176864624,-0.04118143394589424,0.5889815092086792,0.32237446308135986,-0.04629693552851677,0.4579222798347473,0.3558933734893799,-0.037865571677684784,0.5199137926101685,0.2751271426677704,-0.046852000057697296,0.5603549480438232,0.22263994812965393,-0.04739246144890785,0.5925180912017822,0.1784168779850006,-0.047829605638980865,0.473111093044281,0.3879949450492859,-0.0686427652835846,0.5197234749794006,0.3238793909549713,-0.07302743196487427,0.5515671968460083,0.28015008568763733,-0.06843386590480804,0.579182505607605,0.24253985285758972,-0.06440191715955734,he
0.3696874976158142,0.5213804244995117,2.61147050650834e-07,0.43176600337028503,0.5033186674118042,0.0175115205347538,0.4924528896808624,0.45383283495903015,0.01127645280212164,0.5339868068695068,0.4453897774219513,-0.003954938612878323,0.5814359188079834,0.43698278069496155,-0.0191654022783041,0.4521242380142212,0.32183152437210083,0.014826308935880661,0.5238813161849976,0.24696387350559235,0.0031890589743852615,0.5639515519142151,0.21702322363853455,-0.00990252010524273,0.5966616272926331,0.19652609527111053,-0.0212902519851923,0.4520670175552368,0.33173051476478577,-0.013232902623713017,0.5268478393554688,0.3358839750289917,-0.047483574599027634,0.5579535961151123,0.36724138259887695,-0.06855053454637527,0.5730319619178772,0.390890896320343,-0.07461949437856674,0.4586755037307739,0.3556472659111023,-0.04080842807888985,0.5259541273117065,0.28398674726486206,-0.05625513568520546,0.565037727355957,0.23597624897956848,-0.06074254959821701,0.5939410328865051,0.19009697437286377,-0.06195766478776932,0.47313815355300903,0.3838740289211273,-0.06808153539896011,0.5233492851257324,0.32588791847229004,-0.0740918293595314,0.5555022954940796,0.28203290700912476,-0.07097338885068893,0.5821409821510315,0.23713813722133636,-0.06741107255220413,0.0,0.0,0.0,0.0,0.0,0.0,0.0,0.0,0.0,0.0,0.0,0.0,0.0,0.0,0.0,0.0,0.0,0.0,0.0,0.0,0.0,0.0,0.0,0.0,0.0,0.0,0.0,0.0,0.0,0.0,0.0,0.0,0.0,0.0,0.0,0.0,0.0,0.0,0.0,0.0,0.0,0.0,0.0,0.0,0.0,0.0,0.0,0.0,0.0,0.0,0.0,0.0,0.0,0.0,0.0,0.0,0.0,0.0,0.0,0.0,0.0,0.0,0.0,he
0.37407320737838745,0.5264860391616821,2.714065772124741e-07,0.4472181797027588,0.503369152545929,0.030744165182113647,0.49781304597854614,0.4556603729724884,0.03621009737253189,0.5347109436988831,0.44254177808761597,0.031735047698020935,0.578980028629303,0.43911516666412354,0.02559897117316723,0.45910462737083435,0.32636383175849915,0.02357049658894539,0.5238440632820129,0.266622930765152,0.01416723895817995,0.5621441602706909,0.2387629896402359,0.003636800218373537,0.5913351774215698,0.21837164461612701,-0.005239066202193499,0.4549660384654999,0.3342806100845337,-0.0062830219976603985,0.5249841213226318,0.2998383045196533,-0.017888866364955902,0.5751638412475586,0.2790834307670593,-0.028618449345231056,0.6118032336235046,0.26575058698654175,-0.03597784787416458,0.4584147036075592,0.35886454582214355,-0.03540540859103203,0.5262198448181152,0.28921157121658325,-0.04458291456103325,0.5714040398597717,0.2458554059267044,-0.04744914919137955,0.6067328453063965,0.2106582522392273,-0.050175100564956665,0.47198542952537537,0.39115968346595764,-0.06287480890750885,0.5248358249664307,0.3357672691345215,-0.07319756597280502,0.5591592788696289,0.29787665605545044,-0.07442081719636917,0.589435875415802,0.2652955949306488,-0.07438840717077255,0.0,0.0,0.0,0.0,0.0,0.0,0.0,0.0,0.0,0.0,0.0,0.0,0.0,0.0,0.0,0.0,0.0,0.0,0.0,0.0,0.0,0.0,0.0,0.0,0.0,0.0,0.0,0.0,0.0,0.0,0.0,0.0,0.0,0.0,0.0,0.0,0.0,0.0,0.0,0.0,0.0,0.0,0.0,0.0,0.0,0.0,0.0,0.0,0.0,0.0,0.0,0.0,0.0,0.0,0.0,0.0,0.0,0.0,0.0,0.0,0.0,0.0,0.0,he
0.3776806890964508,0.5340666174888611,3.8951694136812876e-07,0.4522240161895752,0.4968843460083008,0.02648962289094925,0.49055448174476624,0.4447004497051239,0.032699473202228546,0.5296865701675415,0.4165305495262146,0.02898910827934742,0.5674495697021484,0.40292996168136597,0.025262800976634026,0.43685248494148254,0.3220091462135315,0.041921764612197876,0.5143745541572571,0.29890888929367065,0.03709077835083008,0.5604177713394165,0.28710347414016724,0.02710617147386074,0.5941528677940369,0.27600085735321045,0.018536152318120003,0.43302157521247864,0.32545650005340576,0.016767604276537895,0.523139476776123,0.30532777309417725,0.009672494605183601,0.5729022026062012,0.30069535970687866,-0.0012098080478608608,0.6114368438720703,0.2936263084411621,-0.00949043408036232,0.4397571384906769,0.3419002294540405,-0.009178509004414082,0.5232591032981873,0.3117566704750061,-0.015633849427103996,0.573842465877533,0.30655860900878906,-0.019969681277871132,0.6114280223846436,0.29811838269233704,-0.023164596408605576,0.45668306946754456,0.3653055429458618,-0.03441058471798897,0.5202240943908691,0.32296261191368103,-0.03612702339887619,0.5558110475540161,0.30159610509872437,-0.03354615718126297,0.5843109488487244,0.2824956178665161,-0.032386865466833115,0.0,0.0,0.0,0.0,0.0,0.0,0.0,0.0,0.0,0.0,0.0,0.0,0.0,0.0,0.0,0.0,0.0,0.0,0.0,0.0,0.0,0.0,0.0,0.0,0.0,0.0,0.0,0.0,0.0,0.0,0.0,0.0,0.0,0.0,0.0,0.0,0.0,0.0,0.0,0.0,0.0,0.0,0.0,0.0,0.0,0.0,0.0,0.0,0.0,0.0,0.0,0.0,0.0,0.0,0.0,0.0,0.0,0.0,0.0,0.0,0.0,0.0,0.0,he
0.37496691942214966,0.5337880849838257,3.53679524778272e-07,0.4483411908149719,0.4907914698123932,0.020443370565772057,0.48506835103034973,0.43195024132728577,0.025951627641916275,0.5221046209335327,0.40092933177948,0.022401483729481697,0.5597122311592102,0.38471636176109314,0.019560081884264946,0.41479653120040894,0.314147412776947,0.04140900447964668,0.4927031099796295,0.30912134051322937,0.0359138548374176,0.539375901222229,0.3211168646812439,0.02303829789161682,0.573771059513092,0.33517584204673767,0.012343044392764568,0.41311103105545044,0.31390857696533203,0.020968271419405937,0.5015012621879578,0.3068065345287323,0.01177699863910675,0.5462067723274231,0.3266162574291229,-0.0022581967059522867,0.5810446739196777,0.3479399085044861,-0.011230871081352234,0.4236367642879486,0.3307872414588928,-0.0002544189337641001,0.506132960319519,0.31736570596694946,-0.008015393279492855,0.5486547946929932,0.3369245231151581,-0.01337150763720274,0.5788025259971619,0.3551618158817291,-0.01574331521987915,0.4439322054386139,0.35962072014808655,-0.021286316215991974,0.5083767175674438,0.33774733543395996,-0.023037318140268326,0.5451274514198303,0.33802950382232666,-0.019943170249462128,0.5740649104118347,0.34162500500679016,-0.017308443784713745,0.0,0.0,0.0,0.0,0.0,0.0,0.0,0.0,0.0,0.0,0.0,0.0,0.0,0.0,0.0,0.0,0.0,0.0,0.0,0.0,0.0,0.0,0.0,0.0,0.0,0.0,0.0,0.0,0.0,0.0,0.0,0.0,0.0,0.0,0.0,0.0,0.0,0.0,0.0,0.0,0.0,0.0,0.0,0.0,0.0,0.0,0.0,0.0,0.0,0.0,0.0,0.0,0.0,0.0,0.0,0.0,0.0,0.0,0.0,0.0,0.0,0.0,0.0,he
0.37743598222732544,0.5272113084793091,3.6129489444647334e-07,0.4465388059616089,0.4943336844444275,0.017806632444262505,0.4838621914386749,0.4362560510635376,0.02097080461680889,0.5211673378944397,0.4042533040046692,0.015850456431508064,0.5580770969390869,0.3874753415584564,0.011112243868410587,0.41504210233688354,0.3194577395915985,0.03579125925898552,0.4910326302051544,0.308831125497818,0.033167075365781784,0.5364731550216675,0.3163509666919708,0.02287357486784458,0.5694259405136108,0.3277769684791565,0.013518734835088253,0.4133169949054718,0.3184271454811096,0.01703670062124729,0.499811589717865,0.30822476744651794,0.01155078038573265,0.5446575880050659,0.32679611444473267,0.00011609275679802522,0.579030454158783,0.34843388199806213,-0.00805911049246788,0.42431381344795227,0.33419185876846313,-0.002036547753959894,0.5051044225692749,0.31699666380882263,-0.006395169533789158,0.549899697303772,0.33196938037872314,-0.010523303411900997,0.5813790559768677,0.34844404458999634,-0.01344531774520874,0.4458650052547455,0.363320529460907,-0.02099573239684105,0.5112780928611755,0.3388631343841553,-0.021877814084291458,0.5500380396842957,0.33768588304519653,-0.01886676996946335,0.5802221298217773,0.3415115475654602,-0.01681366190314293,0.0,0.0,0.0,0.0,0.0,0.0,0.0,0.0,0.0,0.0,0.0,0.0,0.0,0.0,0.0,0.0,0.0,0.0,0.0,0.0,0.0,0.0,0.0,0.0,0.0,0.0,0.0,0.0,0.0,0.0,0.0,0.0,0.0,0.0,0.0,0.0,0.0,0.0,0.0,0.0,0.0,0.0,0.0,0.0,0.0,0.0,0.0,0.0,0.0,0.0,0.0,0.0,0.0,0.0,0.0,0.0,0.0,0.0,0.0,0.0,0.0,0.0,0.0,he
0.35996267199516296,0.5376523733139038,2.392120563854405e-07,0.4260083734989166,0.49773091077804565,0.01741655543446541,0.46129581332206726,0.43820151686668396,0.021251022815704346,0.49658718705177307,0.4045560956001282,0.017357373610138893,0.5283410549163818,0.3914947807788849,0.014240135438740253,0.39202702045440674,0.31715697050094604,0.03210241347551346,0.4771859347820282,0.3167467713356018,0.028324205428361893,0.5200656056404114,0.34092146158218384,0.01934715174138546,0.5482101440429688,0.36527371406555176,0.011928179301321507,0.39167702198028564,0.31817495822906494,0.01438873540610075,0.49055638909339905,0.31645721197128296,0.008010334335267544,0.5299978256225586,0.35243862867355347,-0.0008970754570327699,0.5552764534950256,0.38784855604171753,-0.005795357748866081,0.40449172258377075,0.337691068649292,-0.003603619057685137,0.49724799394607544,0.33010491728782654,-0.00961458869278431,0.5380977988243103,0.3632754385471344,-0.011995676904916763,0.561235249042511,0.39447396993637085,-0.011729840189218521,0.42632073163986206,0.3709832429885864,-0.021182676777243614,0.49763721227645874,0.3502500355243683,-0.021859996020793915,0.5338160991668701,0.3603566884994507,-0.01760510355234146,0.5582419633865356,0.37454378604888916,-0.013560328632593155,0.0,0.0,0.0,0.0,0.0,0.0,0.0,0.0,0.0,0.0,0.0,0.0,0.0,0.0,0.0,0.0,0.0,0.0,0.0,0.0,0.0,0.0,0.0,0.0,0.0,0.0,0.0,0.0,0.0,0.0,0.0,0.0,0.0,0.0,0.0,0.0,0.0,0.0,0.0,0.0,0.0,0.0,0.0,0.0,0.0,0.0,0.0,0.0,0.0,0.0,0.0,0.0,0.0,0.0,0.0,0.0,0.0,0.0,0.0,0.0,0.0,0.0,0.0,he
0.340989351272583,0.5482137799263,1.834122542732075e-07,0.41012802720069885,0.5089614391326904,0.016531582921743393,0.4452488422393799,0.4537026286125183,0.018779918551445007,0.47944995760917664,0.421173095703125,0.01329775620251894,0.5120047926902771,0.4063921272754669,0.00887827668339014,0.37732604146003723,0.33323052525520325,0.026712795719504356,0.46566271781921387,0.3339211046695709,0.017818935215473175,0.5096034407615662,0.3620608150959015,0.005745558999478817,0.538934051990509,0.3875502347946167,-0.0032150032930076122,0.3737066090106964,0.332784503698349,0.008489295840263367,0.4746648073196411,0.33164656162261963,-0.003184319706633687,0.5176393985748291,0.3732387125492096,-0.01333627849817276,0.545271635055542,0.4107968807220459,-0.01837281696498394,0.3843388557434082,0.35002025961875916,-0.010195614770054817,0.4788529872894287,0.3412514925003052,-0.021853556856513023,0.5232181549072266,0.3761626183986664,-0.026041362434625626,0.5488897562026978,0.40839800238609314,-0.02582789771258831,0.4052225649356842,0.3787016272544861,-0.028301693499088287,0.48047149181365967,0.36017876863479614,-0.033462680876255035,0.5167379379272461,0.37629586458206177,-0.03108496591448784,0.5401176810264587,0.3949127793312073,-0.02761668525636196,0.0,0.0,0.0,0.0,0.0,0.0,0.0,0.0,0.0,0.0,0.0,0.0,0.0,0.0,0.0,0.0,0.0,0.0,0.0,0.0,0.0,0.0,0.0,0.0,0.0,0.0,0.0,0.0,0.0,0.0,0.0,0.0,0.0,0.0,0.0,0.0,0.0,0.0,0.0,0.0,0.0,0.0,0.0,0.0,0.0,0.0,0.0,0.0,0.0,0.0,0.0,0.0,0.0,0.0,0.0,0.0,0.0,0.0,0.0,0.0,0.0,0.0,0.0,he
0.3292695879936218,0.5540112853050232,2.468749755735189e-07,0.40167728066444397,0.5155959129333496,0.012785456143319607,0.44035083055496216,0.458437979221344,0.014156698249280453,0.47652170062065125,0.42587947845458984,0.008928542956709862,0.5099144577980042,0.4109762907028198,0.005223357584327459,0.3677801489830017,0.3336147665977478,0.02362958714365959,0.45824742317199707,0.33657288551330566,0.012815145775675774,0.5043374300003052,0.3636767268180847,-0.0005398717476055026,0.5358965396881104,0.3905956745147705,-0.010183301754295826,0.3657863438129425,0.333873450756073,0.006857708562165499,0.4684506356716156,0.331759512424469,-0.008136279881000519,0.5113974213600159,0.37110841274261475,-0.020467491820454597,0.5381148457527161,0.40939757227897644,-0.02607247233390808,0.3767160475254059,0.35350003838539124,-0.01058618538081646,0.47162139415740967,0.3443945050239563,-0.026080986484885216,0.5185097455978394,0.3792964518070221,-0.032758649438619614,0.5464668273925781,0.41176837682724,-0.03299335762858391,0.39792224764823914,0.3845084607601166,-0.02744310349225998,0.4739677309989929,0.3676789104938507,-0.03722577914595604,0.5136111378669739,0.38604187965393066,-0.037129323929548264,0.5397328734397888,0.40630829334259033,-0.034152690321207047,0.0,0.0,0.0,0.0,0.0,0.0,0.0,0.0,0.0,0.0,0.0,0.0,0.0,0.0,0.0,0.0,0.0,0.0,0.0,0.0,0.0,0.0,0.0,0.0,0.0,0.0,0.0,0.0,0.0,0.0,0.0,0.0,0.0,0.0,0.0,0.0,0.0,0.0,0.0,0.0,0.0,0.0,0.0,0.0,0.0,0.0,0.0,0.0,0.0,0.0,0.0,0.0,0.0,0.0,0.0,0.0,0.0,0.0,0.0,0.0,0.0,0.0,0.0,he
0.31928080320358276,0.5659502744674683,2.904097016198648e-07,0.4049408733844757,0.5191731452941895,0.012215310707688332,0.4502977132797241,0.46530038118362427,0.010758672840893269,0.48775726556777954,0.43514537811279297,0.0015207745600491762,0.5151425004005432,0.41549500823020935,-0.007004606071859598,0.3698730766773224,0.336370587348938,0.019624918699264526,0.45884570479393005,0.33898699283599854,-0.0019960342906415462,0.5106817483901978,0.36244067549705505,-0.02396024577319622,0.5528450012207031,0.38937824964523315,-0.0386318601667881,0.3621293902397156,0.3384937047958374,-0.0016195422504097223,0.4712606370449066,0.33602818846702576,-0.033319637179374695,0.5216193795204163,0.3844728171825409,-0.055539730936288834,0.5536271929740906,0.4324606657028198,-0.06430991739034653,0.36681103706359863,0.3585348427295685,-0.023768169805407524,0.4678734540939331,0.35372433066368103,-0.05239220708608627,0.5198208093643188,0.398032009601593,-0.06488119810819626,0.5486617684364319,0.43946927785873413,-0.06540166586637497,0.38160139322280884,0.390177458524704,-0.04537957161664963,0.4613391160964966,0.3759075403213501,-0.06300869584083557,0.5011925101280212,0.3993788957595825,-0.06581388413906097,0.5257047414779663,0.4257262647151947,-0.06293928623199463,0.0,0.0,0.0,0.0,0.0,0.0,0.0,0.0,0.0,0.0,0.0,0.0,0.0,0.0,0.0,0.0,0.0,0.0,0.0,0.0,0.0,0.0,0.0,0.0,0.0,0.0,0.0,0.0,0.0,0.0,0.0,0.0,0.0,0.0,0.0,0.0,0.0,0.0,0.0,0.0,0.0,0.0,0.0,0.0,0.0,0.0,0.0,0.0,0.0,0.0,0.0,0.0,0.0,0.0,0.0,0.0,0.0,0.0,0.0,0.0,0.0,0.0,0.0,he
0.31883618235588074,0.569670557975769,3.306508347122872e-07,0.40845203399658203,0.5176462531089783,0.012972818687558174,0.45395028591156006,0.4642041325569153,0.011172903701663017,0.4909752607345581,0.4338087737560272,0.0008332738070748746,0.518054187297821,0.4094958007335663,-0.008610795252025127,0.3693499267101288,0.33339107036590576,0.022217659279704094,0.46078887581825256,0.33892327547073364,-0.000344858126481995,0.5128241777420044,0.3686639070510864,-0.023635735735297203,0.5537983179092407,0.39763349294662476,-0.03916357830166817,0.36198100447654724,0.3357439339160919,3.195445970050059e-05,0.4731205701828003,0.33517131209373474,-0.03280419856309891,0.5251491069793701,0.38579171895980835,-0.05696873739361763,0.5581270456314087,0.43617820739746094,-0.06682713329792023,0.36719629168510437,0.35686445236206055,-0.023138221353292465,0.4683879315853119,0.3531709909439087,-0.0521545447409153,0.5220557451248169,0.39903315901756287,-0.06570050865411758,0.5524643063545227,0.44231948256492615,-0.06692755967378616,0.38248690962791443,0.3902774453163147,-0.0457720123231411,0.4628971219062805,0.3803862929344177,-0.0632893443107605,0.5037317276000977,0.40470263361930847,-0.0664156898856163,0.5300672054290771,0.43196722865104675,-0.06374632567167282,0.0,0.0,0.0,0.0,0.0,0.0,0.0,0.0,0.0,0.0,0.0,0.0,0.0,0.0,0.0,0.0,0.0,0.0,0.0,0.0,0.0,0.0,0.0,0.0,0.0,0.0,0.0,0.0,0.0,0.0,0.0,0.0,0.0,0.0,0.0,0.0,0.0,0.0,0.0,0.0,0.0,0.0,0.0,0.0,0.0,0.0,0.0,0.0,0.0,0.0,0.0,0.0,0.0,0.0,0.0,0.0,0.0,0.0,0.0,0.0,0.0,0.0,0.0,he
0.34055599570274353,0.5898627042770386,2.756554806637723e-07,0.41885432600975037,0.5518385767936707,0.002774990862235427,0.4777238667011261,0.49669989943504333,-0.007006277330219746,0.5149243474006653,0.45987921953201294,-0.0233115516602993,0.5475966930389404,0.433037132024765,-0.03962321951985359,0.4225142300128937,0.3548548221588135,0.003913592547178268,0.4902336001396179,0.3517305552959442,-0.021191656589508057,0.5370422005653381,0.3645229637622833,-0.042513489723205566,0.5753639936447144,0.3790147304534912,-0.05648187920451164,0.39817917346954346,0.3533329665660858,-0.013789243996143341,0.48729223012924194,0.3632403314113617,-0.04732837155461311,0.5343088507652283,0.41978728771209717,-0.06548295170068741,0.5606266856193542,0.4678388237953186,-0.07193825393915176,0.3825206458568573,0.3737403452396393,-0.03276259824633598,0.46621373295783997,0.37980708479881287,-0.06729768961668015,0.5088744759559631,0.4391028881072998,-0.0730101466178894,0.531449556350708,0.4876101613044739,-0.06812110543251038,0.3751636743545532,0.41011056303977966,-0.0516061969101429,0.44886890053749084,0.409158319234848,-0.0753902792930603,0.4875229597091675,0.44339898228645325,-0.0756843239068985,0.5101892948150635,0.475115031003952,-0.06948031485080719,0.0,0.0,0.0,0.0,0.0,0.0,0.0,0.0,0.0,0.0,0.0,0.0,0.0,0.0,0.0,0.0,0.0,0.0,0.0,0.0,0.0,0.0,0.0,0.0,0.0,0.0,0.0,0.0,0.0,0.0,0.0,0.0,0.0,0.0,0.0,0.0,0.0,0.0,0.0,0.0,0.0,0.0,0.0,0.0,0.0,0.0,0.0,0.0,0.0,0.0,0.0,0.0,0.0,0.0,0.0,0.0,0.0,0.0,0.0,0.0,0.0,0.0,0.0,he
0.35531580448150635,0.637290894985199,1.0385369364485086e-07,0.4280836582183838,0.6095523834228516,-0.0056109316647052765,0.48520395159721375,0.5723935961723328,-0.02654951624572277,0.5243011116981506,0.5574246644973755,-0.053032923489809036,0.5570903420448303,0.5607333183288574,-0.08101379871368408,0.47741132974624634,0.41525962948799133,-0.024456070736050606,0.5240625739097595,0.4030344486236572,-0.06216101348400116,0.5646219253540039,0.39201924204826355,-0.09167321026325226,0.6017797589302063,0.38643431663513184,-0.1109214797616005,0.4418255090713501,0.40553343296051025,-0.042474813759326935,0.5047503709793091,0.4835761487483978,-0.0923612117767334,0.5295214653015137,0.5713381171226501,-0.11098765581846237,0.5401616096496582,0.6395566463470459,-0.11537420749664307,0.4078678786754608,0.43215927481651306,-0.06200043112039566,0.4707968831062317,0.5112175345420837,-0.10777683556079865,0.4945991635322571,0.5890610218048096,-0.1091965064406395,0.5050464272499084,0.6515125632286072,-0.10009047389030457,0.37943291664123535,0.48014846444129944,-0.08261781930923462,0.43651366233825684,0.531657874584198,-0.11221553385257721,0.45981740951538086,0.5876696109771729,-0.10928843170404434,0.47156527638435364,0.6344811916351318,-0.09983465820550919,0.0,0.0,0.0,0.0,0.0,0.0,0.0,0.0,0.0,0.0,0.0,0.0,0.0,0.0,0.0,0.0,0.0,0.0,0.0,0.0,0.0,0.0,0.0,0.0,0.0,0.0,0.0,0.0,0.0,0.0,0.0,0.0,0.0,0.0,0.0,0.0,0.0,0.0,0.0,0.0,0.0,0.0,0.0,0.0,0.0,0.0,0.0,0.0,0.0,0.0,0.0,0.0,0.0,0.0,0.0,0.0,0.0,0.0,0.0,0.0,0.0,0.0,0.0,he
0.3697953522205353,0.6846335530281067,1.147024732972568e-07,0.4465545117855072,0.6490678787231445,-0.003385589923709631,0.5017954707145691,0.6097947359085083,-0.021293506026268005,0.5377624034881592,0.5869229435920715,-0.045587897300720215,0.5709141492843628,0.5781311392784119,-0.07078724354505539,0.5026885271072388,0.4554401636123657,-0.023170258849859238,0.541719913482666,0.4481187164783478,-0.058955106884241104,0.5761294364929199,0.4395957887172699,-0.0856376588344574,0.611274778842926,0.43762487173080444,-0.10299312323331833,0.46225419640541077,0.44211870431900024,-0.04209775850176811,0.5104632377624512,0.5479286909103394,-0.09234005212783813,0.5352310538291931,0.6439289450645447,-0.11203768104314804,0.5521844029426575,0.7194012999534607,-0.1161969006061554,0.4209323823451996,0.46917828917503357,-0.061720870435237885,0.47320109605789185,0.5790017247200012,-0.1077687218785286,0.49542832374572754,0.6636813879013062,-0.11023417860269547,0.5107994079589844,0.7284104824066162,-0.10121364146471024,0.383861243724823,0.5189860463142395,-0.08228862285614014,0.4323161840438843,0.5967260003089905,-0.11312798410654068,0.4558964967727661,0.6574084758758545,-0.11175695061683655,0.4732276201248169,0.7026966214179993,-0.10210472345352173,0.0,0.0,0.0,0.0,0.0,0.0,0.0,0.0,0.0,0.0,0.0,0.0,0.0,0.0,0.0,0.0,0.0,0.0,0.0,0.0,0.0,0.0,0.0,0.0,0.0,0.0,0.0,0.0,0.0,0.0,0.0,0.0,0.0,0.0,0.0,0.0,0.0,0.0,0.0,0.0,0.0,0.0,0.0,0.0,0.0,0.0,0.0,0.0,0.0,0.0,0.0,0.0,0.0,0.0,0.0,0.0,0.0,0.0,0.0,0.0,0.0,0.0,0.0,he
0.36523887515068054,0.6834850907325745,2.921671580224938e-07,0.4397619962692261,0.6555066704750061,-0.006112692411988974,0.4979912340641022,0.6278303265571594,-0.027776528149843216,0.5410267114639282,0.629823625087738,-0.05578772351145744,0.5780640244483948,0.6453750133514404,-0.0856543704867363,0.5017018914222717,0.46202048659324646,-0.026922481134533882,0.5405023097991943,0.45065757632255554,-0.06175794452428818,0.5751290321350098,0.4419347047805786,-0.0884794294834137,0.6132152080535889,0.4389345943927765,-0.10660625249147415,0.4619190990924835,0.44830867648124695,-0.045811329036951065,0.5151397585868835,0.5435999631881714,-0.09629043936729431,0.5382720232009888,0.6415020227432251,-0.11758173257112503,0.5526248812675476,0.7216570973396301,-0.12295819073915482,0.4205456078052521,0.4733201861381531,-0.06516717374324799,0.4772697389125824,0.5761455297470093,-0.10954112559556961,0.4960303008556366,0.6605244874954224,-0.11427372694015503,0.5073339939117432,0.7271657586097717,-0.10739871114492416,0.38238295912742615,0.5206643342971802,-0.08571509271860123,0.4368840456008911,0.5993744134902954,-0.11396734416484833,0.46098947525024414,0.6623605489730835,-0.1132345050573349,0.4779443144798279,0.711811363697052,-0.10500887036323547,0.0,0.0,0.0,0.0,0.0,0.0,0.0,0.0,0.0,0.0,0.0,0.0,0.0,0.0,0.0,0.0,0.0,0.0,0.0,0.0,0.0,0.0,0.0,0.0,0.0,0.0,0.0,0.0,0.0,0.0,0.0,0.0,0.0,0.0,0.0,0.0,0.0,0.0,0.0,0.0,0.0,0.0,0.0,0.0,0.0,0.0,0.0,0.0,0.0,0.0,0.0,0.0,0.0,0.0,0.0,0.0,0.0,0.0,0.0,0.0,0.0,0.0,0.0,he
0.37922921776771545,0.7351629734039307,2.3623807976491662e-07,0.46453502774238586,0.7044141292572021,-0.007308426778763533,0.5270715951919556,0.6555060744285583,-0.02423461526632309,0.5673469305038452,0.6272721290588379,-0.047041602432727814,0.6068930625915527,0.6143870949745178,-0.070652075111866,0.519593358039856,0.49313050508499146,-0.021085195243358612,0.5633091926574707,0.5112395286560059,-0.059020355343818665,0.6003100872039795,0.5037381052970886,-0.08634874224662781,0.6400031447410583,0.4972059726715088,-0.10456528514623642,0.4724646806716919,0.4772718846797943,-0.039475277066230774,0.5302613973617554,0.5890721678733826,-0.09581470489501953,0.5529927015304565,0.6969622373580933,-0.11685465276241302,0.569469690322876,0.7757575511932373,-0.11908362805843353,0.4269096553325653,0.5054270625114441,-0.05926285311579704,0.48598694801330566,0.6291506290435791,-0.11450820416212082,0.5064203143119812,0.7281395196914673,-0.11783898621797562,0.5229092836380005,0.7953559160232544,-0.10534084588289261,0.386160671710968,0.5570447444915771,-0.07986627519130707,0.4407253861427307,0.6476925611495972,-0.11838426440954208,0.4696691036224365,0.717116117477417,-0.11931809037923813,0.4938160479068756,0.7625088691711426,-0.10876403003931046,0.0,0.0,0.0,0.0,0.0,0.0,0.0,0.0,0.0,0.0,0.0,0.0,0.0,0.0,0.0,0.0,0.0,0.0,0.0,0.0,0.0,0.0,0.0,0.0,0.0,0.0,0.0,0.0,0.0,0.0,0.0,0.0,0.0,0.0,0.0,0.0,0.0,0.0,0.0,0.0,0.0,0.0,0.0,0.0,0.0,0.0,0.0,0.0,0.0,0.0,0.0,0.0,0.0,0.0,0.0,0.0,0.0,0.0,0.0,0.0,0.0,0.0,0.0,he
0.3797943592071533,0.7309049367904663,2.85640339825477e-07,0.4675576090812683,0.6920251250267029,-0.004119973164051771,0.5322654843330383,0.6387906074523926,-0.01772940345108509,0.5784633755683899,0.6073631644248962,-0.03669685497879982,0.6215358376502991,0.5889568328857422,-0.05717957764863968,0.5137773156166077,0.4868655800819397,-0.02099514752626419,0.549667239189148,0.5152703523635864,-0.05689006298780441,0.5841692090034485,0.5142053365707397,-0.08327293395996094,0.6236050724983215,0.5142609477043152,-0.10069664567708969,0.465878427028656,0.47984984517097473,-0.03903088718652725,0.5231839418411255,0.5922943949699402,-0.09093288332223892,0.5508064031600952,0.694345235824585,-0.1108214408159256,0.571213960647583,0.7721010446548462,-0.11406168341636658,0.42102494835853577,0.5128980875015259,-0.05781381577253342,0.4818025827407837,0.6348215341567993,-0.10941173136234283,0.504508912563324,0.7259559035301208,-0.11344248801469803,0.521143913269043,0.7892879247665405,-0.1031605452299118,0.38111960887908936,0.5662897825241089,-0.07712006568908691,0.43736380338668823,0.6615896821022034,-0.11384810507297516,0.46638286113739014,0.7262387871742249,-0.11594974994659424,0.4894033968448639,0.7685182094573975,-0.10710182040929794,0.0,0.0,0.0,0.0,0.0,0.0,0.0,0.0,0.0,0.0,0.0,0.0,0.0,0.0,0.0,0.0,0.0,0.0,0.0,0.0,0.0,0.0,0.0,0.0,0.0,0.0,0.0,0.0,0.0,0.0,0.0,0.0,0.0,0.0,0.0,0.0,0.0,0.0,0.0,0.0,0.0,0.0,0.0,0.0,0.0,0.0,0.0,0.0,0.0,0.0,0.0,0.0,0.0,0.0,0.0,0.0,0.0,0.0,0.0,0.0,0.0,0.0,0.0,he
0.38060009479522705,0.7206236720085144,3.123143414995866e-07,0.46629950404167175,0.686438262462616,-0.008871842175722122,0.5312753319740295,0.6331315636634827,-0.024456260725855827,0.5752085447311401,0.6045891046524048,-0.04403602331876755,0.6113092303276062,0.5873919725418091,-0.06450863182544708,0.512727677822113,0.47848227620124817,-0.023539679124951363,0.5451918840408325,0.5034232139587402,-0.06210114806890488,0.575900673866272,0.5004856586456299,-0.08971107751131058,0.6144582033157349,0.49691009521484375,-0.10741759836673737,0.46270838379859924,0.46594950556755066,-0.03928574547171593,0.516808032989502,0.5736734867095947,-0.0947108119726181,0.5393916368484497,0.6798348426818848,-0.1131347268819809,0.5566020011901855,0.7590214610099792,-0.1135140061378479,0.4155363440513611,0.49414339661598206,-0.05673636123538017,0.47382232546806335,0.6144706606864929,-0.11198212951421738,0.49388647079467773,0.7092903852462769,-0.11384490132331848,0.5084884762763977,0.7734623551368713,-0.1004851907491684,0.3742021322250366,0.5453099012374878,-0.07506604492664337,0.4289478659629822,0.6394094228744507,-0.11539019644260406,0.4571734368801117,0.7089508175849915,-0.11749497056007385,0.4787280261516571,0.75262051820755,-0.10740740597248077,0.0,0.0,0.0,0.0,0.0,0.0,0.0,0.0,0.0,0.0,0.0,0.0,0.0,0.0,0.0,0.0,0.0,0.0,0.0,0.0,0.0,0.0,0.0,0.0,0.0,0.0,0.0,0.0,0.0,0.0,0.0,0.0,0.0,0.0,0.0,0.0,0.0,0.0,0.0,0.0,0.0,0.0,0.0,0.0,0.0,0.0,0.0,0.0,0.0,0.0,0.0,0.0,0.0,0.0,0.0,0.0,0.0,0.0,0.0,0.0,0.0,0.0,0.0,he
0.3745245933532715,0.7088925838470459,3.903908520896948e-07,0.45653143525123596,0.6860137581825256,-0.010397461242973804,0.5184159874916077,0.65693199634552,-0.033216334879398346,0.5620532035827637,0.6710588335990906,-0.061563629657030106,0.5946369171142578,0.6973379850387573,-0.0918915867805481,0.5074474215507507,0.47783273458480835,-0.02545756660401821,0.5427545309066772,0.4962697923183441,-0.06480102986097336,0.575226902961731,0.4929972290992737,-0.09412658214569092,0.61491858959198,0.4890137314796448,-0.11344761401414871,0.45991280674934387,0.463662326335907,-0.043339427560567856,0.516991138458252,0.5698814392089844,-0.09885172545909882,0.539421021938324,0.6767168641090393,-0.12022335082292557,0.5547159314155579,0.7554409503936768,-0.12308124452829361,0.41409730911254883,0.4913789629936218,-0.06272345781326294,0.4753221273422241,0.6079152822494507,-0.11603741347789764,0.4990531802177429,0.7067427039146423,-0.12034300714731216,0.5147948265075684,0.773725152015686,-0.10888905078172684,0.37441712617874146,0.5427061915397644,-0.08326531946659088,0.42992863059043884,0.6325093507766724,-0.11847866326570511,0.45880159735679626,0.7014299631118774,-0.11842606961727142,0.48017844557762146,0.7458863258361816,-0.10778863728046417,0.0,0.0,0.0,0.0,0.0,0.0,0.0,0.0,0.0,0.0,0.0,0.0,0.0,0.0,0.0,0.0,0.0,0.0,0.0,0.0,0.0,0.0,0.0,0.0,0.0,0.0,0.0,0.0,0.0,0.0,0.0,0.0,0.0,0.0,0.0,0.0,0.0,0.0,0.0,0.0,0.0,0.0,0.0,0.0,0.0,0.0,0.0,0.0,0.0,0.0,0.0,0.0,0.0,0.0,0.0,0.0,0.0,0.0,0.0,0.0,0.0,0.0,0.0,he
0.3809848725795746,0.7096201181411743,4.200044827484817e-07,0.4626635015010834,0.6834990382194519,-0.010975080542266369,0.5218426585197449,0.6455378532409668,-0.031419046223163605,0.5592009425163269,0.643252432346344,-0.05647963657975197,0.5858614444732666,0.6529372930526733,-0.08300714194774628,0.5065736770629883,0.4760672450065613,-0.026898352429270744,0.548271894454956,0.4959908723831177,-0.06413380801677704,0.5812367796897888,0.48917752504348755,-0.09147804975509644,0.6186667680740356,0.4814094305038452,-0.10991399735212326,0.45922407507896423,0.46349042654037476,-0.0434858500957489,0.5164765119552612,0.5676774382591248,-0.097590371966362,0.5426017642021179,0.6727075576782227,-0.1181538850069046,0.560062825679779,0.7506437301635742,-0.12096158415079117,0.41403746604919434,0.49289268255233765,-0.06131379306316376,0.4767676591873169,0.6099448204040527,-0.11454540491104126,0.5022481679916382,0.7079895734786987,-0.11841251701116562,0.5183937549591064,0.7743291258811951,-0.1070234403014183,0.3749283254146576,0.545071005821228,-0.08011752367019653,0.43171051144599915,0.63376384973526,-0.11657550930976868,0.46119198203086853,0.7014181017875671,-0.11724837124347687,0.48247477412223816,0.7449318170547485,-0.10728321969509125,0.0,0.0,0.0,0.0,0.0,0.0,0.0,0.0,0.0,0.0,0.0,0.0,0.0,0.0,0.0,0.0,0.0,0.0,0.0,0.0,0.0,0.0,0.0,0.0,0.0,0.0,0.0,0.0,0.0,0.0,0.0,0.0,0.0,0.0,0.0,0.0,0.0,0.0,0.0,0.0,0.0,0.0,0.0,0.0,0.0,0.0,0.0,0.0,0.0,0.0,0.0,0.0,0.0,0.0,0.0,0.0,0.0,0.0,0.0,0.0,0.0,0.0,0.0,he
0.38184136152267456,0.7066023945808411,3.889990978223068e-07,0.4631797969341278,0.6822960376739502,-0.009278870187699795,0.5217788219451904,0.6496196985244751,-0.03164271265268326,0.560822606086731,0.6604682803153992,-0.059634000062942505,0.5905377864837646,0.686128556728363,-0.09004121273756027,0.5082192420959473,0.4762142598628998,-0.026662010699510574,0.5446509718894958,0.4960765838623047,-0.06465387344360352,0.5778300762176514,0.48990342020988464,-0.09277285635471344,0.6172879934310913,0.48439836502075195,-0.11168957501649857,0.46078962087631226,0.462871253490448,-0.04519263282418251,0.5179548859596252,0.569487988948822,-0.10124070942401886,0.5419517755508423,0.6767627596855164,-0.12300275266170502,0.5576800107955933,0.7572769522666931,-0.12601689994335175,0.41532787680625916,0.4923722743988037,-0.06475213170051575,0.4779951572418213,0.6104708313941956,-0.11899685114622116,0.5024440288543701,0.7111966013908386,-0.12387911230325699,0.518071174621582,0.7788936495780945,-0.11273433268070221,0.3757592439651489,0.5457865595817566,-0.08505365252494812,0.4332568049430847,0.6320419311523438,-0.1208777204155922,0.462600976228714,0.7007747292518616,-0.12058337777853012,0.4838627874851227,0.7447412014007568,-0.10999350249767303,0.0,0.0,0.0,0.0,0.0,0.0,0.0,0.0,0.0,0.0,0.0,0.0,0.0,0.0,0.0,0.0,0.0,0.0,0.0,0.0,0.0,0.0,0.0,0.0,0.0,0.0,0.0,0.0,0.0,0.0,0.0,0.0,0.0,0.0,0.0,0.0,0.0,0.0,0.0,0.0,0.0,0.0,0.0,0.0,0.0,0.0,0.0,0.0,0.0,0.0,0.0,0.0,0.0,0.0,0.0,0.0,0.0,0.0,0.0,0.0,0.0,0.0,0.0,he
0.38452884554862976,0.7081097364425659,3.921562949926738e-07,0.46380385756492615,0.6835842728614807,-0.010301741771399975,0.5215230584144592,0.6448649168014526,-0.030025232583284378,0.5577235817909241,0.6399397253990173,-0.05438030883669853,0.5825438499450684,0.6481606960296631,-0.08041732013225555,0.5065317153930664,0.47728800773620605,-0.026699328795075417,0.5471510291099548,0.49225035309791565,-0.06469830870628357,0.5803396701812744,0.4832049012184143,-0.09250300377607346,0.6180117130279541,0.47391989827156067,-0.11106974631547928,0.4595490097999573,0.4629269242286682,-0.043545544147491455,0.517768383026123,0.5687962174415588,-0.09791197627782822,0.5427049994468689,0.6715068221092224,-0.11839539557695389,0.5591438412666321,0.7466564774513245,-0.12148339301347733,0.41471102833747864,0.4918336868286133,-0.06174015998840332,0.4772495627403259,0.6072225570678711,-0.11495836824178696,0.5013579726219177,0.7010054588317871,-0.11931075900793076,0.5167361497879028,0.7638291120529175,-0.10896381735801697,0.3757818341255188,0.5451966524124146,-0.08089993894100189,0.4328032433986664,0.6321954727172852,-0.11831877380609512,0.46336159110069275,0.6985648274421692,-0.12000297755002975,0.4858354330062866,0.7413033246994019,-0.11104698479175568,0.0,0.0,0.0,0.0,0.0,0.0,0.0,0.0,0.0,0.0,0.0,0.0,0.0,0.0,0.0,0.0,0.0,0.0,0.0,0.0,0.0,0.0,0.0,0.0,0.0,0.0,0.0,0.0,0.0,0.0,0.0,0.0,0.0,0.0,0.0,0.0,0.0,0.0,0.0,0.0,0.0,0.0,0.0,0.0,0.0,0.0,0.0,0.0,0.0,0.0,0.0,0.0,0.0,0.0,0.0,0.0,0.0,0.0,0.0,0.0,0.0,0.0,0.0,he
0.37868744134902954,0.6929824352264404,3.185272134942352e-07,0.4472259283065796,0.6619421243667603,-0.009559724479913712,0.4989171326160431,0.60653156042099,-0.024766452610492706,0.5295351147651672,0.5646004676818848,-0.042779792100191116,0.554804265499115,0.5372924208641052,-0.06144975125789642,0.4859149158000946,0.4683188796043396,-0.024937588721513748,0.5311201214790344,0.4628763794898987,-0.059154558926820755,0.5734466910362244,0.45005467534065247,-0.0855407863855362,0.6119499206542969,0.44189393520355225,-0.10350794345140457,0.4450409710407257,0.4615732729434967,-0.038456402719020844,0.5036521553993225,0.5258030891418457,-0.08677157014608383,0.5259463787078857,0.6097773909568787,-0.10432546585798264,0.5329779982566833,0.6767052412033081,-0.1082700863480568,0.40732207894325256,0.49154043197631836,-0.05354059487581253,0.46819162368774414,0.5611456632614136,-0.10106813162565231,0.4916205406188965,0.6345492601394653,-0.10378566384315491,0.5015513896942139,0.690919041633606,-0.0958636999130249,0.37424468994140625,0.5448213815689087,-0.0693470910191536,0.43354111909866333,0.5994781255722046,-0.10633163154125214,0.4609062075614929,0.6547015905380249,-0.10923035442829132,0.4763615131378174,0.6978721618652344,-0.10324054956436157,0.0,0.0,0.0,0.0,0.0,0.0,0.0,0.0,0.0,0.0,0.0,0.0,0.0,0.0,0.0,0.0,0.0,0.0,0.0,0.0,0.0,0.0,0.0,0.0,0.0,0.0,0.0,0.0,0.0,0.0,0.0,0.0,0.0,0.0,0.0,0.0,0.0,0.0,0.0,0.0,0.0,0.0,0.0,0.0,0.0,0.0,0.0,0.0,0.0,0.0,0.0,0.0,0.0,0.0,0.0,0.0,0.0,0.0,0.0,0.0,0.0,0.0,0.0,he
0.34092187881469727,0.6442357301712036,4.569199063553242e-07,0.4224900007247925,0.6113616228103638,-0.007305232807993889,0.48453131318092346,0.566119909286499,-0.025360511615872383,0.5252435803413391,0.5363729000091553,-0.04630889371037483,0.5611516237258911,0.5164326429367065,-0.06890539824962616,0.46963080763816833,0.4226275682449341,-0.03154332563281059,0.5458961129188538,0.4268854260444641,-0.06324875354766846,0.5977365374565125,0.4194489121437073,-0.08809693157672882,0.6413567662239075,0.4140617251396179,-0.1049908772110939,0.43453070521354675,0.43035367131233215,-0.04582296684384346,0.5283843278884888,0.4965771734714508,-0.083710215985775,0.5575612783432007,0.5673331022262573,-0.09768597781658173,0.5679597854614258,0.6215736865997314,-0.10360705852508545,0.40498483180999756,0.47342434525489807,-0.0606260821223259,0.49741750955581665,0.5367739796638489,-0.09660918265581131,0.5255153179168701,0.5974202752113342,-0.09632948040962219,0.5348466038703918,0.6452304124832153,-0.09072685986757278,0.383296936750412,0.5341026186943054,-0.07598926872015,0.4619970917701721,0.5698360800743103,-0.09857746213674545,0.4910236597061157,0.609075665473938,-0.09442821890115738,0.5038520693778992,0.6437244415283203,-0.08744127303361893,0.0,0.0,0.0,0.0,0.0,0.0,0.0,0.0,0.0,0.0,0.0,0.0,0.0,0.0,0.0,0.0,0.0,0.0,0.0,0.0,0.0,0.0,0.0,0.0,0.0,0.0,0.0,0.0,0.0,0.0,0.0,0.0,0.0,0.0,0.0,0.0,0.0,0.0,0.0,0.0,0.0,0.0,0.0,0.0,0.0,0.0,0.0,0.0,0.0,0.0,0.0,0.0,0.0,0.0,0.0,0.0,0.0,0.0,0.0,0.0,0.0,0.0,0.0,he
0.3059611916542053,0.5688677430152893,7.652624276488496e-07,0.3543873131275177,0.49347394704818726,0.011812172830104828,0.41788792610168457,0.42641499638557434,0.003628832520917058,0.4771994352340698,0.39844512939453125,-0.009097623638808727,0.5248273611068726,0.39315763115882874,-0.024888059124350548,0.4234163165092468,0.3651878833770752,-0.025591494515538216,0.5207138061523438,0.366868793964386,-0.05054377764463425,0.5789761543273926,0.36587923765182495,-0.06545817106962204,0.6227344870567322,0.3673965632915497,-0.07552452385425568,0.41702982783317566,0.3983692526817322,-0.04769984260201454,0.5274932384490967,0.38869351148605347,-0.07140930742025375,0.5872710943222046,0.39715322852134705,-0.0812406837940216,0.6306546926498413,0.4092597961425781,-0.08797061443328857,0.4143099784851074,0.4500344395637512,-0.06832771748304367,0.5166010856628418,0.4311360716819763,-0.09092779457569122,0.5725850462913513,0.4266771078109741,-0.09960108250379562,0.6148316860198975,0.4232107400894165,-0.10533402860164642,0.41532787680625916,0.5147636532783508,-0.08718715608119965,0.488826185464859,0.5055291652679443,-0.10474599152803421,0.5366879105567932,0.5055145025253296,-0.1099371686577797,0.5780339241027832,0.5073678493499756,-0.11318723857402802,0.0,0.0,0.0,0.0,0.0,0.0,0.0,0.0,0.0,0.0,0.0,0.0,0.0,0.0,0.0,0.0,0.0,0.0,0.0,0.0,0.0,0.0,0.0,0.0,0.0,0.0,0.0,0.0,0.0,0.0,0.0,0.0,0.0,0.0,0.0,0.0,0.0,0.0,0.0,0.0,0.0,0.0,0.0,0.0,0.0,0.0,0.0,0.0,0.0,0.0,0.0,0.0,0.0,0.0,0.0,0.0,0.0,0.0,0.0,0.0,0.0,0.0,0.0,he
0.30983293056488037,0.5654080510139465,6.541912398461136e-07,0.3537385165691376,0.4884234070777893,0.00917337741702795,0.4163917303085327,0.42872607707977295,-0.0030131766106933355,0.4759672284126282,0.40585941076278687,-0.0195216853171587,0.5233321189880371,0.40656423568725586,-0.03768521174788475,0.42345184087753296,0.36380958557128906,-0.033434633165597916,0.5189052224159241,0.3607896566390991,-0.060177769511938095,0.576772928237915,0.3620339035987854,-0.07522691786289215,0.6200956106185913,0.36523863673210144,-0.08497794717550278,0.4166097044944763,0.39684030413627625,-0.054669953882694244,0.5223791599273682,0.3925740718841553,-0.0822923481464386,0.5826911926269531,0.4121854603290558,-0.09271936863660812,0.6267357468605042,0.4308370351791382,-0.09897839277982712,0.41353046894073486,0.44793716073036194,-0.07405649870634079,0.5128968954086304,0.4428163766860962,-0.09804868698120117,0.5700721144676208,0.4618969261646271,-0.1032414436340332,0.6119081974029541,0.4780893325805664,-0.10542354732751846,0.41543149948120117,0.5093756914138794,-0.09226012229919434,0.4904615581035614,0.49899613857269287,-0.10867056995630264,0.5384814739227295,0.503985583782196,-0.11186330020427704,0.5797755718231201,0.5114158987998962,-0.113130584359169,0.0,0.0,0.0,0.0,0.0,0.0,0.0,0.0,0.0,0.0,0.0,0.0,0.0,0.0,0.0,0.0,0.0,0.0,0.0,0.0,0.0,0.0,0.0,0.0,0.0,0.0,0.0,0.0,0.0,0.0,0.0,0.0,0.0,0.0,0.0,0.0,0.0,0.0,0.0,0.0,0.0,0.0,0.0,0.0,0.0,0.0,0.0,0.0,0.0,0.0,0.0,0.0,0.0,0.0,0.0,0.0,0.0,0.0,0.0,0.0,0.0,0.0,0.0,he
0.3252872824668884,0.4813213646411896,5.500126007973449e-07,0.36100858449935913,0.4310154914855957,0.014926694333553314,0.4117793142795563,0.40305468440055847,0.011144042015075684,0.46156057715415955,0.4136728346347809,0.0006476476555690169,0.5037681460380554,0.4316022992134094,-0.011092002503573895,0.40178781747817993,0.3409411311149597,0.018676627427339554,0.4627726078033447,0.31874558329582214,0.012468621134757996,0.5054649710655212,0.30555835366249084,0.0043341293931007385,0.5375699996948242,0.2995906472206116,-0.002131468616425991,0.40656906366348267,0.35511818528175354,-0.0001492688897997141,0.4688796401023865,0.3221741020679474,-0.0050532156601548195,0.5129916667938232,0.3022496700286865,-0.01487653236836195,0.5513875484466553,0.29223838448524475,-0.02163398452103138,0.4147266447544098,0.3857180178165436,-0.018287260085344315,0.47630199790000916,0.34695059061050415,-0.01955641619861126,0.5178257822990417,0.3308880031108856,-0.01792965643107891,0.5530110597610474,0.32024165987968445,-0.017654480412602425,0.4230191707611084,0.43473389744758606,-0.0362110435962677,0.47451290488243103,0.3992612361907959,-0.03451884910464287,0.5068992376327515,0.38270753622055054,-0.02653368189930916,0.5365073084831238,0.37095367908477783,-0.020751968026161194,0.29350006580352783,0.5306108593940735,4.2296863966839737e-07,0.3582541346549988,0.4905385971069336,0.024688517674803734,0.42303964495658875,0.4578778147697449,0.021227721124887466,0.48089921474456787,0.4622904658317566,0.009490045718848705,0.5290126800537109,0.47450417280197144,-0.0024583779741078615,0.3991607129573822,0.3439903259277344,0.006651125382632017,0.48959237337112427,0.3342447876930237,-0.008914033882319927,0.5193663835525513,0.36453765630722046,-0.020352572202682495,0.5460408329963684,0.3909856975078583,-0.029166873544454575,0.3995746672153473,0.3532031178474426,-0.02277928777039051,0.49200838804244995,0.29852384328842163,-0.03816011920571327,0.5441422462463379,0.2666834592819214,-0.05241962894797325,0.5865669250488281,0.24257831275463104,-0.06319373100996017,0.4027869999408722,0.38543349504470825,-0.0509202666580677,0.4895356595516205,0.31603920459747314,-0.06438294798135757,0.5411761999130249,0.27901381254196167,-0.07595492154359818,0.5832642316818237,0.24517621099948883,-0.08551643043756485,0.4147758185863495,0.4341305196285248,-0.0767350047826767,0.47512996196746826,0.38929787278175354,-0.0862252414226532,0.5095581412315369,0.3596195578575134,-0.08952528983354568,0.5422444343566895,0.3324219584465027,-0.0929359570145607,he
0.30930134654045105,0.525188684463501,2.8984757705075026e-07,0.3734076917171478,0.5000160932540894,0.023732826113700867,0.4313070774078369,0.4661019444465637,0.026336273178458214,0.48079991340637207,0.4591311812400818,0.02034812606871128,0.5267928242683411,0.46537432074546814,0.013313054107129574,0.40576595067977905,0.3418736159801483,0.02170184999704361,0.4747408330440521,0.29547956585884094,0.013726199977099895,0.5154954791069031,0.27464765310287476,0.005122330039739609,0.5490596294403076,0.2620166540145874,-0.0032034534960985184,0.4068223536014557,0.345268577337265,-0.004308414179831743,0.47984203696250916,0.2745591402053833,-0.014911451376974583,0.5246280431747437,0.23005181550979614,-0.028172452002763748,0.5604126453399658,0.19261610507965088,-0.03918938338756561,0.41416051983833313,0.3706877529621124,-0.029819896444678307,0.48542869091033936,0.29663997888565063,-0.040397148579359055,0.529275119304657,0.2514769434928894,-0.05222327634692192,0.56291663646698,0.21023347973823547,-0.06259462982416153,0.4310540556907654,0.4108867049217224,-0.053845878690481186,0.48689430952072144,0.3633137345314026,-0.0636395812034607,0.5191962718963623,0.32698342204093933,-0.07027363777160645,0.5464829802513123,0.29262760281562805,-0.07667995989322662,0.0,0.0,0.0,0.0,0.0,0.0,0.0,0.0,0.0,0.0,0.0,0.0,0.0,0.0,0.0,0.0,0.0,0.0,0.0,0.0,0.0,0.0,0.0,0.0,0.0,0.0,0.0,0.0,0.0,0.0,0.0,0.0,0.0,0.0,0.0,0.0,0.0,0.0,0.0,0.0,0.0,0.0,0.0,0.0,0.0,0.0,0.0,0.0,0.0,0.0,0.0,0.0,0.0,0.0,0.0,0.0,0.0,0.0,0.0,0.0,0.0,0.0,0.0,he
0.3397648334503174,0.4972802996635437,4.767468624322646e-07,0.3758136034011841,0.4687127470970154,0.00641278363764286,0.429488867521286,0.4387562572956085,0.0009594336152076721,0.4806212782859802,0.4410632848739624,-0.009722070768475533,0.5266828536987305,0.45742902159690857,-0.021422918885946274,0.4062427580356598,0.34512859582901,0.0004656555247493088,0.46485424041748047,0.28308218717575073,-0.014530356973409653,0.5070025324821472,0.23995819687843323,-0.02677960693836212,0.5417290329933167,0.20266683399677277,-0.03635247424244881,0.40997809171676636,0.34657734632492065,-0.017189301550388336,0.47522488236427307,0.28025418519973755,-0.03259306401014328,0.5236669182777405,0.2365141063928604,-0.04814114049077034,0.5625626444816589,0.20396308600902557,-0.05832313746213913,0.420333594083786,0.3692030608654022,-0.034448910504579544,0.4847193956375122,0.2992742657661438,-0.04896203428506851,0.5307210087776184,0.25493648648262024,-0.060455333441495895,0.5676597952842712,0.22095422446727753,-0.06722158193588257,0.4390496015548706,0.41161197423934937,-0.05132604390382767,0.49092036485671997,0.3591923415660858,-0.06294126063585281,0.5221524834632874,0.3243032991886139,-0.06689441204071045,0.5493291616439819,0.2943885326385498,-0.06861568987369537,0.3199346363544464,0.5335248112678528,3.7732593227701727e-07,0.3863939344882965,0.5131163001060486,0.017009252682328224,0.4395204186439514,0.473760724067688,0.014871395193040371,0.48519596457481384,0.4584577977657318,0.004891033284366131,0.5318427681922913,0.4618963897228241,-0.006006212905049324,0.41267234086990356,0.34745070338249207,0.016414713114500046,0.4790741503238678,0.29219499230384827,0.0069868057034909725,0.5182833075523376,0.26296958327293396,-0.004187751095741987,0.5497071743011475,0.24033145606517792,-0.014463633298873901,0.40840479731559753,0.34751927852630615,-0.0069811176508665085,0.4800300598144531,0.2758200168609619,-0.01916022039949894,0.5243788957595825,0.23083598911762238,-0.035023901611566544,0.5594778060913086,0.1942356526851654,-0.047603536397218704,0.41352933645248413,0.3688194155693054,-0.030100582167506218,0.4841926097869873,0.29425865411758423,-0.03942955657839775,0.52759850025177,0.2478664368391037,-0.05109525844454765,0.5611716508865356,0.20702342689037323,-0.06151914224028587,0.4297451972961426,0.40638697147369385,-0.052532926201820374,0.4870932698249817,0.3574446141719818,-0.05873231962323189,0.5198217034339905,0.31995707750320435,-0.06345315277576447,0.5465513467788696,0.2855522632598877,-0.06871699541807175,he
0.33679965138435364,0.541888952255249,4.056784916883771e-07,0.40736454725265503,0.5137287378311157,0.01666215993463993,0.4564276337623596,0.4622430205345154,0.017858052626252174,0.49103614687919617,0.4447711110115051,0.011569865979254246,0.5338566303253174,0.43740564584732056,0.0049288310110569,0.414082795381546,0.3357706665992737,0.01992177963256836,0.48233580589294434,0.28815725445747375,0.007907590828835964,0.5200151205062866,0.260056734085083,-0.005104499403387308,0.548977255821228,0.23697344958782196,-0.015924546867609024,0.411207377910614,0.3417344093322754,-0.0034163512755185366,0.4859594702720642,0.3098629415035248,-0.01873840019106865,0.5357013940811157,0.2886802554130554,-0.033932968974113464,0.5752836465835571,0.27050578594207764,-0.04414604604244232,0.4154408574104309,0.3666916787624359,-0.027469784021377563,0.48851537704467773,0.30704745650291443,-0.04089491069316864,0.5355011224746704,0.271808385848999,-0.04851146787405014,0.5739539861679077,0.23703740537166595,-0.05349251255393028,0.427375853061676,0.40148043632507324,-0.05111085996031761,0.4801904261112213,0.3511534035205841,-0.06248565763235092,0.5142327547073364,0.3137274980545044,-0.065247543156147,0.5454416275024414,0.2786620855331421,-0.06644199043512344,0.0,0.0,0.0,0.0,0.0,0.0,0.0,0.0,0.0,0.0,0.0,0.0,0.0,0.0,0.0,0.0,0.0,0.0,0.0,0.0,0.0,0.0,0.0,0.0,0.0,0.0,0.0,0.0,0.0,0.0,0.0,0.0,0.0,0.0,0.0,0.0,0.0,0.0,0.0,0.0,0.0,0.0,0.0,0.0,0.0,0.0,0.0,0.0,0.0,0.0,0.0,0.0,0.0,0.0,0.0,0.0,0.0,0.0,0.0,0.0,0.0,0.0,0.0,he
0.33614906668663025,0.5406570434570312,4.90305978928518e-07,0.41057416796684265,0.5132662057876587,0.0167605709284544,0.45907121896743774,0.4613575339317322,0.018554965034127235,0.49516868591308594,0.4453309178352356,0.012681753374636173,0.5371175408363342,0.43593114614486694,0.005830826237797737,0.4157868027687073,0.33656206727027893,0.022007234394550323,0.4825778007507324,0.29203805327415466,0.012430965900421143,0.5202782154083252,0.26540273427963257,0.0005274773575365543,0.5493903160095215,0.24366535246372223,-0.009967575781047344,0.41031986474990845,0.34036290645599365,-0.0009310187888331711,0.4859929382801056,0.2984069585800171,-0.011943292804062366,0.5373865962028503,0.27133986353874207,-0.02624746412038803,0.578916072845459,0.2518017888069153,-0.036682575941085815,0.41332486271858215,0.3638403117656708,-0.024542266502976418,0.4834546446800232,0.3027404248714447,-0.03485645353794098,0.5294579267501831,0.2667882740497589,-0.04281633347272873,0.5673732757568359,0.23461882770061493,-0.048603639006614685,0.4258872866630554,0.40051236748695374,-0.04777313396334648,0.4809196889400482,0.3506847023963928,-0.05650182440876961,0.5167151689529419,0.31775766611099243,-0.0586843304336071,0.5485446453094482,0.2891368567943573,-0.060107771307229996,0.0,0.0,0.0,0.0,0.0,0.0,0.0,0.0,0.0,0.0,0.0,0.0,0.0,0.0,0.0,0.0,0.0,0.0,0.0,0.0,0.0,0.0,0.0,0.0,0.0,0.0,0.0,0.0,0.0,0.0,0.0,0.0,0.0,0.0,0.0,0.0,0.0,0.0,0.0,0.0,0.0,0.0,0.0,0.0,0.0,0.0,0.0,0.0,0.0,0.0,0.0,0.0,0.0,0.0,0.0,0.0,0.0,0.0,0.0,0.0,0.0,0.0,0.0,he
0.35090917348861694,0.54547119140625,3.2391511695095687e-07,0.42864590883255005,0.4979162812232971,0.033776868134737015,0.4620276689529419,0.44432616233825684,0.04470297321677208,0.49707576632499695,0.41675716638565063,0.043763477355241776,0.5338142514228821,0.3996240198612213,0.041893597692251205,0.4030591547489166,0.3250361979007721,0.05117430537939072,0.4746420383453369,0.2998276352882385,0.05252957344055176,0.5157018899917603,0.282223641872406,0.04555448144674301,0.5473782420158386,0.2645340859889984,0.037170883268117905,0.3994893729686737,0.32407015562057495,0.02315685898065567,0.4872930943965912,0.3171725273132324,0.01701194979250431,0.530878484249115,0.3354908525943756,0.00372115196660161,0.5630350708961487,0.35285043716430664,-0.0058677224442362785,0.4056326746940613,0.3427447974681854,-0.004214368760585785,0.49003249406814575,0.3281216621398926,-0.008824748918414116,0.5312989354133606,0.3467616140842438,-0.013333598151803017,0.5603440403938293,0.3604620099067688,-0.016762632876634598,0.42003828287124634,0.37311381101608276,-0.030264997854828835,0.4814022481441498,0.3376980125904083,-0.031883616000413895,0.520672082901001,0.32506728172302246,-0.030261851847171783,0.553976833820343,0.31673771142959595,-0.02980131097137928,0.0,0.0,0.0,0.0,0.0,0.0,0.0,0.0,0.0,0.0,0.0,0.0,0.0,0.0,0.0,0.0,0.0,0.0,0.0,0.0,0.0,0.0,0.0,0.0,0.0,0.0,0.0,0.0,0.0,0.0,0.0,0.0,0.0,0.0,0.0,0.0,0.0,0.0,0.0,0.0,0.0,0.0,0.0,0.0,0.0,0.0,0.0,0.0,0.0,0.0,0.0,0.0,0.0,0.0,0.0,0.0,0.0,0.0,0.0,0.0,0.0,0.0,0.0,he
0.3527109622955322,0.5430530309677124,2.7235648758505704e-07,0.4297711253166199,0.49884656071662903,0.026733171194791794,0.46579936146736145,0.44269245862960815,0.0358070507645607,0.49854984879493713,0.4114280045032501,0.0337466336786747,0.5292678475379944,0.39072856307029724,0.03124605491757393,0.39437738060951233,0.32459717988967896,0.04792972654104233,0.47472625970840454,0.31331610679626465,0.04655621945858002,0.5192335844039917,0.320017546415329,0.03762476146221161,0.5543504357337952,0.32508835196495056,0.028996022418141365,0.3911346197128296,0.32155749201774597,0.023914946243166924,0.48798856139183044,0.32124975323677063,0.015603083185851574,0.5304445624351501,0.34956657886505127,0.002064257161691785,0.5639452934265137,0.37511783838272095,-0.006556141655892134,0.4007438123226166,0.3384256064891815,-0.0003597374015953392,0.4933677017688751,0.33047014474868774,-0.008609172888100147,0.5388613343238831,0.357660174369812,-0.015293587930500507,0.5702666640281677,0.3816719651222229,-0.018161403015255928,0.4197547137737274,0.3681274652481079,-0.023798217996954918,0.4853573441505432,0.33341485261917114,-0.027011847123503685,0.5252297520637512,0.3309846520423889,-0.026012323796749115,0.5591475367546082,0.33587032556533813,-0.02480059489607811,0.0,0.0,0.0,0.0,0.0,0.0,0.0,0.0,0.0,0.0,0.0,0.0,0.0,0.0,0.0,0.0,0.0,0.0,0.0,0.0,0.0,0.0,0.0,0.0,0.0,0.0,0.0,0.0,0.0,0.0,0.0,0.0,0.0,0.0,0.0,0.0,0.0,0.0,0.0,0.0,0.0,0.0,0.0,0.0,0.0,0.0,0.0,0.0,0.0,0.0,0.0,0.0,0.0,0.0,0.0,0.0,0.0,0.0,0.0,0.0,0.0,0.0,0.0,he
0.34645912051200867,0.5491483211517334,2.0486561425059335e-07,0.42344930768013,0.5011837482452393,0.02688688039779663,0.457933247089386,0.4468994438648224,0.035376712679862976,0.49016818404197693,0.4179891347885132,0.033148955553770065,0.5199447870254517,0.403533399105072,0.030651168897747993,0.3842202425003052,0.32966962456703186,0.045149415731430054,0.4686923921108246,0.32790079712867737,0.04168172925710678,0.5131934881210327,0.3509971499443054,0.03097623772919178,0.5445381999015808,0.3705122768878937,0.021788693964481354,0.38137227296829224,0.3278535306453705,0.021218720823526382,0.4817558526992798,0.32718759775161743,0.013450752012431622,0.5243527889251709,0.3620721399784088,0.00015922948659863323,0.5543032884597778,0.39546462893486023,-0.007816646248102188,0.3917665481567383,0.3457467555999756,-0.0026770648546516895,0.48545941710472107,0.3346601128578186,-0.0108497841283679,0.5296404957771301,0.365998238325119,-0.016673985868692398,0.5568757057189941,0.39333298802375793,-0.01824621483683586,0.4119489789009094,0.3778548836708069,-0.025510519742965698,0.4786691665649414,0.3443918228149414,-0.028738606721162796,0.5176188945770264,0.3500151038169861,-0.025929085910320282,0.5481436848640442,0.36300134658813477,-0.02247908152639866,0.0,0.0,0.0,0.0,0.0,0.0,0.0,0.0,0.0,0.0,0.0,0.0,0.0,0.0,0.0,0.0,0.0,0.0,0.0,0.0,0.0,0.0,0.0,0.0,0.0,0.0,0.0,0.0,0.0,0.0,0.0,0.0,0.0,0.0,0.0,0.0,0.0,0.0,0.0,0.0,0.0,0.0,0.0,0.0,0.0,0.0,0.0,0.0,0.0,0.0,0.0,0.0,0.0,0.0,0.0,0.0,0.0,0.0,0.0,0.0,0.0,0.0,0.0,he
0.3496113717556,0.5446622967720032,2.645580821081239e-07,0.42705684900283813,0.49614498019218445,0.02172357216477394,0.4619144797325134,0.4397338926792145,0.028163112699985504,0.4967205226421356,0.4097241759300232,0.024900849908590317,0.5294952392578125,0.39226725697517395,0.021899975836277008,0.3833391070365906,0.3237217962741852,0.04447994381189346,0.46595802903175354,0.3251759707927704,0.04215678200125694,0.5083128213882446,0.3486347198486328,0.03162229061126709,0.5386458039283752,0.3685891032218933,0.022154007107019424,0.3796464502811432,0.3237592577934265,0.023287666961550713,0.47776809334754944,0.3270695209503174,0.0141184963285923,0.520576000213623,0.3625704050064087,-0.0007688908954150975,0.5550124645233154,0.3994922637939453,-0.009103442542254925,0.38936981558799744,0.3422594666481018,0.0017209382494911551,0.4817655086517334,0.3367975950241089,-0.006594201549887657,0.5266928672790527,0.36810237169265747,-0.013138328678905964,0.5578620433807373,0.3942872881889343,-0.015005371533334255,0.4097121059894562,0.3755960762500763,-0.019230378791689873,0.47843486070632935,0.34497979283332825,-0.02185622602701187,0.5167269706726074,0.34944942593574524,-0.0188798438757658,0.5476207733154297,0.35911494493484497,-0.015397562645375729,0.0,0.0,0.0,0.0,0.0,0.0,0.0,0.0,0.0,0.0,0.0,0.0,0.0,0.0,0.0,0.0,0.0,0.0,0.0,0.0,0.0,0.0,0.0,0.0,0.0,0.0,0.0,0.0,0.0,0.0,0.0,0.0,0.0,0.0,0.0,0.0,0.0,0.0,0.0,0.0,0.0,0.0,0.0,0.0,0.0,0.0,0.0,0.0,0.0,0.0,0.0,0.0,0.0,0.0,0.0,0.0,0.0,0.0,0.0,0.0,0.0,0.0,0.0,he
0.33253800868988037,0.5501012802124023,2.376527987735244e-07,0.41634491086006165,0.5015120506286621,0.01979765295982361,0.453314870595932,0.4481893479824066,0.0231207013130188,0.4896846115589142,0.42241352796554565,0.017973730340600014,0.5231468677520752,0.4113774299621582,0.013121530413627625,0.3765806555747986,0.32820871472358704,0.03034329041838646,0.46580594778060913,0.3330841362476349,0.01933945156633854,0.5091897249221802,0.36049607396125793,0.004900341387838125,0.5387694239616394,0.38530489802360535,-0.006324928719550371,0.37143954634666443,0.3290972113609314,0.008230581879615784,0.4762750566005707,0.3262109160423279,-0.009742534719407558,0.5196424126625061,0.3675343990325928,-0.024833356961607933,0.5502368211746216,0.4074346423149109,-0.03163154795765877,0.3790140151977539,0.3499298691749573,-0.014018476940691471,0.47519025206565857,0.33510181307792664,-0.03061394952237606,0.5223506093025208,0.36883726716041565,-0.036402009427547455,0.552129864692688,0.3975561559200287,-0.03601393103599548,0.39684760570526123,0.38704872131347656,-0.03532015159726143,0.4728681743144989,0.3596048951148987,-0.047362469136714935,0.5141756534576416,0.3691781461238861,-0.04719657450914383,0.5440980792045593,0.37970393896102905,-0.04400618374347687,0.0,0.0,0.0,0.0,0.0,0.0,0.0,0.0,0.0,0.0,0.0,0.0,0.0,0.0,0.0,0.0,0.0,0.0,0.0,0.0,0.0,0.0,0.0,0.0,0.0,0.0,0.0,0.0,0.0,0.0,0.0,0.0,0.0,0.0,0.0,0.0,0.0,0.0,0.0,0.0,0.0,0.0,0.0,0.0,0.0,0.0,0.0,0.0,0.0,0.0,0.0,0.0,0.0,0.0,0.0,0.0,0.0,0.0,0.0,0.0,0.0,0.0,0.0,he
0.3243817687034607,0.5704393982887268,1.9235402248796163e-07,0.4104063808917999,0.5290247797966003,0.014647047035396099,0.4617342948913574,0.47445642948150635,0.012170967645943165,0.5038029551506042,0.4413984715938568,0.0024430786725133657,0.5392462015151978,0.42563068866729736,-0.006851999554783106,0.3889279067516327,0.3339456021785736,0.0167112797498703,0.4771854281425476,0.3423440754413605,-0.0002043593704001978,0.5215365290641785,0.3723858892917633,-0.017009809613227844,0.5582746267318726,0.39799991250038147,-0.029947707429528236,0.3767213523387909,0.33828043937683105,-0.00632502743974328,0.4840402603149414,0.3379060626029968,-0.036202333867549896,0.5286760330200195,0.3879946172237396,-0.0550442673265934,0.5619540214538574,0.4362827241420746,-0.061945363879203796,0.3760482668876648,0.36224573850631714,-0.029534298926591873,0.47390493750572205,0.3526066243648529,-0.05613431707024574,0.5281274318695068,0.3887830972671509,-0.06631868332624435,0.5653400421142578,0.4214169383049011,-0.06690011918544769,0.3839748501777649,0.4031238257884979,-0.05178102105855942,0.46028658747673035,0.3829282224178314,-0.06943357735872269,0.5030240416526794,0.39404791593551636,-0.07282537966966629,0.5349740982055664,0.404398113489151,-0.07164501398801804,0.0,0.0,0.0,0.0,0.0,0.0,0.0,0.0,0.0,0.0,0.0,0.0,0.0,0.0,0.0,0.0,0.0,0.0,0.0,0.0,0.0,0.0,0.0,0.0,0.0,0.0,0.0,0.0,0.0,0.0,0.0,0.0,0.0,0.0,0.0,0.0,0.0,0.0,0.0,0.0,0.0,0.0,0.0,0.0,0.0,0.0,0.0,0.0,0.0,0.0,0.0,0.0,0.0,0.0,0.0,0.0,0.0,0.0,0.0,0.0,0.0,0.0,0.0,he
0.3355398178100586,0.5877460241317749,3.18947314781326e-07,0.4189673662185669,0.5488680601119995,0.0024834698997437954,0.4759877026081085,0.4975925087928772,-0.010033156722784042,0.5191110372543335,0.46638011932373047,-0.02787391096353531,0.5584088563919067,0.44776132702827454,-0.0454329289495945,0.4123620390892029,0.346525639295578,0.00010381553875049576,0.4908486604690552,0.34948182106018066,-0.023776447400450706,0.5393474102020264,0.36854875087738037,-0.04502442851662636,0.5784355401992798,0.3886464238166809,-0.059915754944086075,0.3914554715156555,0.3495411276817322,-0.017577871680259705,0.49454212188720703,0.35619980096817017,-0.051046669483184814,0.5387843251228333,0.4151378273963928,-0.06980691105127335,0.5646791458129883,0.4647292494773865,-0.07722517102956772,0.3815770447254181,0.3752967417240143,-0.03602970018982887,0.475337952375412,0.3693922758102417,-0.06687594950199127,0.5250828266143799,0.4139671325683594,-0.07403787970542908,0.5563696622848511,0.4538571238517761,-0.07240968197584152,0.37997326254844666,0.4173455238342285,-0.05431978404521942,0.4558103680610657,0.4047243297100067,-0.07514885812997818,0.5000981688499451,0.416703999042511,-0.07760567218065262,0.5323142409324646,0.42799073457717896,-0.07515610754489899,0.0,0.0,0.0,0.0,0.0,0.0,0.0,0.0,0.0,0.0,0.0,0.0,0.0,0.0,0.0,0.0,0.0,0.0,0.0,0.0,0.0,0.0,0.0,0.0,0.0,0.0,0.0,0.0,0.0,0.0,0.0,0.0,0.0,0.0,0.0,0.0,0.0,0.0,0.0,0.0,0.0,0.0,0.0,0.0,0.0,0.0,0.0,0.0,0.0,0.0,0.0,0.0,0.0,0.0,0.0,0.0,0.0,0.0,0.0,0.0,0.0,0.0,0.0,he
0.36993545293807983,0.6369614601135254,4.287379056222562e-07,0.4317335784435272,0.6116251945495605,-0.015070105902850628,0.4878696799278259,0.5809553265571594,-0.035737451165914536,0.5258763432502747,0.5655386447906494,-0.062369901686906815,0.5587432384490967,0.5587204098701477,-0.08950434625148773,0.493263840675354,0.45640575885772705,-0.010845430195331573,0.539232075214386,0.44557836651802063,-0.05067719891667366,0.5763740539550781,0.4640694260597229,-0.08186665177345276,0.6042486429214478,0.4821309447288513,-0.09903790056705475,0.4684150516986847,0.43419548869132996,-0.02479598857462406,0.5281603932380676,0.4043416976928711,-0.06147443875670433,0.5732028484344482,0.40380725264549255,-0.08359035849571228,0.604274570941925,0.4140002727508545,-0.09461040794849396,0.434757262468338,0.42683011293411255,-0.04386647045612335,0.47580140829086304,0.4014948606491089,-0.08707334101200104,0.4915691316127777,0.46485039591789246,-0.09709735959768295,0.49871477484703064,0.5282120704650879,-0.09263647347688675,0.398227721452713,0.4344349205493927,-0.06433659046888351,0.4224075973033905,0.4049568176269531,-0.0949329137802124,0.4423117935657501,0.44467830657958984,-0.09653498232364655,0.454420804977417,0.49571776390075684,-0.08983064442873001,0.0,0.0,0.0,0.0,0.0,0.0,0.0,0.0,0.0,0.0,0.0,0.0,0.0,0.0,0.0,0.0,0.0,0.0,0.0,0.0,0.0,0.0,0.0,0.0,0.0,0.0,0.0,0.0,0.0,0.0,0.0,0.0,0.0,0.0,0.0,0.0,0.0,0.0,0.0,0.0,0.0,0.0,0.0,0.0,0.0,0.0,0.0,0.0,0.0,0.0,0.0,0.0,0.0,0.0,0.0,0.0,0.0,0.0,0.0,0.0,0.0,0.0,0.0,he
0.37122341990470886,0.6332845687866211,6.311880724751973e-07,0.4356069266796112,0.6132320165634155,-0.013323789462447166,0.49376943707466125,0.5840839147567749,-0.03203778713941574,0.5370092988014221,0.5679395198822021,-0.05644679442048073,0.5677155256271362,0.5631363391876221,-0.08021336048841476,0.493093878030777,0.44749563932418823,-0.009267017245292664,0.5358136892318726,0.44873055815696716,-0.04688339680433273,0.5669511556625366,0.47972315549850464,-0.0759434774518013,0.5904674530029297,0.5066714286804199,-0.09176088124513626,0.4696354269981384,0.4243987798690796,-0.023837221786379814,0.5300772190093994,0.4051511883735657,-0.05688292160630226,0.5790523886680603,0.38841712474823,-0.0787392184138298,0.6186249256134033,0.3828440010547638,-0.0916391909122467,0.4369359314441681,0.4179393947124481,-0.04304708540439606,0.4918368458747864,0.4351884722709656,-0.08507531136274338,0.5064334273338318,0.50994473695755,-0.09491358697414398,0.5102832317352295,0.5796024799346924,-0.09119382500648499,0.40135517716407776,0.43264639377593994,-0.06356637924909592,0.44352173805236816,0.4496050477027893,-0.09166955202817917,0.4641023874282837,0.5068735480308533,-0.09146589785814285,0.4738631844520569,0.5664936900138855,-0.08431708067655563,0.0,0.0,0.0,0.0,0.0,0.0,0.0,0.0,0.0,0.0,0.0,0.0,0.0,0.0,0.0,0.0,0.0,0.0,0.0,0.0,0.0,0.0,0.0,0.0,0.0,0.0,0.0,0.0,0.0,0.0,0.0,0.0,0.0,0.0,0.0,0.0,0.0,0.0,0.0,0.0,0.0,0.0,0.0,0.0,0.0,0.0,0.0,0.0,0.0,0.0,0.0,0.0,0.0,0.0,0.0,0.0,0.0,0.0,0.0,0.0,0.0,0.0,0.0,he
0.3924696445465088,0.6820884943008423,2.8594234890988446e-07,0.4583492577075958,0.6636673212051392,-0.013344216160476208,0.5087078213691711,0.6373028755187988,-0.03667072206735611,0.5426203012466431,0.6342312097549438,-0.06448874622583389,0.5736963748931885,0.639347493648529,-0.09299875050783157,0.5048630237579346,0.4603064954280853,-0.030553890392184258,0.5383237600326538,0.44832009077072144,-0.0671815574169159,0.5729296207427979,0.42977023124694824,-0.09536013007164001,0.6087002158164978,0.4157739579677582,-0.11487087607383728,0.4602542519569397,0.4468912184238434,-0.04622391238808632,0.501457691192627,0.502899169921875,-0.09762312471866608,0.5285223722457886,0.5964585542678833,-0.12139056622982025,0.541555643081665,0.6716578602790833,-0.1291826069355011,0.417383074760437,0.4694686830043793,-0.06294231861829758,0.46089935302734375,0.5283111929893494,-0.10824186354875565,0.4907432198524475,0.6084778904914856,-0.11358912289142609,0.5067065358161926,0.6709775924682617,-0.10766719281673431,0.37947267293930054,0.5151523351669312,-0.08100997656583786,0.42348334193229675,0.5536197423934937,-0.11014817655086517,0.45377117395401,0.6003872156143188,-0.11065187305212021,0.4743046462535858,0.6378998160362244,-0.10443229973316193,0.0,0.0,0.0,0.0,0.0,0.0,0.0,0.0,0.0,0.0,0.0,0.0,0.0,0.0,0.0,0.0,0.0,0.0,0.0,0.0,0.0,0.0,0.0,0.0,0.0,0.0,0.0,0.0,0.0,0.0,0.0,0.0,0.0,0.0,0.0,0.0,0.0,0.0,0.0,0.0,0.0,0.0,0.0,0.0,0.0,0.0,0.0,0.0,0.0,0.0,0.0,0.0,0.0,0.0,0.0,0.0,0.0,0.0,0.0,0.0,0.0,0.0,0.0,he
0.39402085542678833,0.6838377118110657,2.97792951187148e-07,0.4656298756599426,0.6558587551116943,-0.013699001632630825,0.5179287195205688,0.6186230182647705,-0.034967925399541855,0.5499147176742554,0.5962698459625244,-0.05970628932118416,0.5748093128204346,0.5837149024009705,-0.08534019440412521,0.5002458691596985,0.44996726512908936,-0.029648682102560997,0.543633222579956,0.4594990611076355,-0.06666592508554459,0.5768404006958008,0.443336546421051,-0.09473945200443268,0.6129376888275146,0.42811453342437744,-0.11357780545949936,0.4538173973560333,0.4412537217140198,-0.04370220750570297,0.5118478536605835,0.5225669741630554,-0.09632174670696259,0.5371102690696716,0.6130986213684082,-0.11835554987192154,0.5533588528633118,0.6805747747421265,-0.12394973635673523,0.4098494052886963,0.4700896739959717,-0.059047628194093704,0.46875596046447754,0.5521425008773804,-0.10929633677005768,0.49680179357528687,0.6360857486724854,-0.11491698026657104,0.5162354111671448,0.6969133019447327,-0.10707810521125793,0.3735705614089966,0.5205606818199158,-0.07543859630823135,0.42139554023742676,0.5685757398605347,-0.11031892150640488,0.45227953791618347,0.6166715025901794,-0.1130911335349083,0.47679752111434937,0.6525417566299438,-0.10645126551389694,0.0,0.0,0.0,0.0,0.0,0.0,0.0,0.0,0.0,0.0,0.0,0.0,0.0,0.0,0.0,0.0,0.0,0.0,0.0,0.0,0.0,0.0,0.0,0.0,0.0,0.0,0.0,0.0,0.0,0.0,0.0,0.0,0.0,0.0,0.0,0.0,0.0,0.0,0.0,0.0,0.0,0.0,0.0,0.0,0.0,0.0,0.0,0.0,0.0,0.0,0.0,0.0,0.0,0.0,0.0,0.0,0.0,0.0,0.0,0.0,0.0,0.0,0.0,he
0.39245516061782837,0.6847071647644043,1.8198090856458293e-07,0.46573448181152344,0.6480709910392761,-0.01147268246859312,0.5209051370620728,0.5889303684234619,-0.02664506994187832,0.554753303527832,0.5461626052856445,-0.04482550546526909,0.5857618451118469,0.5136010646820068,-0.06401500850915909,0.4998154044151306,0.4495079815387726,-0.024131977930665016,0.5391190052032471,0.46214503049850464,-0.05898640677332878,0.57514488697052,0.45145320892333984,-0.08425165712833405,0.6144270896911621,0.44110384583473206,-0.10030123591423035,0.45301830768585205,0.44048088788986206,-0.03696782514452934,0.5083536505699158,0.534980058670044,-0.09063408523797989,0.533514678478241,0.6326571702957153,-0.10995940864086151,0.5498337745666504,0.7039667367935181,-0.11176536977291107,0.4097118675708771,0.46954748034477234,-0.051373306661844254,0.4666258692741394,0.5656218528747559,-0.10470394045114517,0.4932069480419159,0.6572656035423279,-0.1082184687256813,0.5115808844566345,0.7204452157020569,-0.0970461517572403,0.37361422181129456,0.5198984742164612,-0.06656019389629364,0.4210723042488098,0.5753248333930969,-0.10421115159988403,0.4497097134590149,0.6293908357620239,-0.10589765012264252,0.4711736738681793,0.6663757562637329,-0.09690622240304947,0.0,0.0,0.0,0.0,0.0,0.0,0.0,0.0,0.0,0.0,0.0,0.0,0.0,0.0,0.0,0.0,0.0,0.0,0.0,0.0,0.0,0.0,0.0,0.0,0.0,0.0,0.0,0.0,0.0,0.0,0.0,0.0,0.0,0.0,0.0,0.0,0.0,0.0,0.0,0.0,0.0,0.0,0.0,0.0,0.0,0.0,0.0,0.0,0.0,0.0,0.0,0.0,0.0,0.0,0.0,0.0,0.0,0.0,0.0,0.0,0.0,0.0,0.0,he
0.38984254002571106,0.6876482367515564,2.720952636536822e-07,0.4612088203430176,0.6631835699081421,-0.013659876771271229,0.5143746137619019,0.6298469305038452,-0.03624802827835083,0.5485076904296875,0.6264926195144653,-0.0628778338432312,0.5743507742881775,0.6361836194992065,-0.09164641052484512,0.5027417540550232,0.4599447548389435,-0.026465678587555885,0.5400820970535278,0.47335121035575867,-0.06272242218255997,0.5739332437515259,0.46265673637390137,-0.09037770330905914,0.6118661761283875,0.45251500606536865,-0.10874856263399124,0.45578986406326294,0.44463565945625305,-0.0408569760620594,0.5058087110519409,0.5374500155448914,-0.09411384165287018,0.5291653871536255,0.6368051171302795,-0.11574489623308182,0.5441539883613586,0.7123262882232666,-0.11965546011924744,0.41102489829063416,0.4706363379955292,-0.056787457317113876,0.4641384482383728,0.5671185851097107,-0.10851241648197174,0.4890870153903961,0.6597856283187866,-0.11428842693567276,0.5057885050773621,0.7236766219139099,-0.10497082024812698,0.37423649430274963,0.5201387405395508,-0.07370395213365555,0.4211188554763794,0.5759760141372681,-0.10781893134117126,0.4485848546028137,0.6317181587219238,-0.10823281109333038,0.46826162934303284,0.6695975065231323,-0.09921010583639145,0.0,0.0,0.0,0.0,0.0,0.0,0.0,0.0,0.0,0.0,0.0,0.0,0.0,0.0,0.0,0.0,0.0,0.0,0.0,0.0,0.0,0.0,0.0,0.0,0.0,0.0,0.0,0.0,0.0,0.0,0.0,0.0,0.0,0.0,0.0,0.0,0.0,0.0,0.0,0.0,0.0,0.0,0.0,0.0,0.0,0.0,0.0,0.0,0.0,0.0,0.0,0.0,0.0,0.0,0.0,0.0,0.0,0.0,0.0,0.0,0.0,0.0,0.0,he
0.39156341552734375,0.6809283494949341,3.0138031092974416e-07,0.45945096015930176,0.659937858581543,-0.015252750366926193,0.5108773708343506,0.6304609775543213,-0.03891967236995697,0.5449721813201904,0.6252083778381348,-0.06613226234912872,0.5695898532867432,0.6297751665115356,-0.09447307139635086,0.5028552412986755,0.4581647515296936,-0.029876330867409706,0.5375914573669434,0.47257718443870544,-0.06924066692590714,0.571121335029602,0.46277013421058655,-0.09802422672510147,0.6094515323638916,0.45321422815322876,-0.11671823263168335,0.4569571018218994,0.4440668225288391,-0.043645042926073074,0.505467414855957,0.5360659956932068,-0.10113129019737244,0.5296358466148376,0.6372419595718384,-0.12376027554273605,0.5450078845024109,0.7140281796455383,-0.12764403223991394,0.4131222665309906,0.46884071826934814,-0.059228211641311646,0.4627026617527008,0.5673704147338867,-0.11429038643836975,0.4908864200115204,0.6598970890045166,-0.12085121870040894,0.5106557607650757,0.7259734869003296,-0.11132927238941193,0.3764610290527344,0.5159271955490112,-0.0758923813700676,0.4201536178588867,0.5786969065666199,-0.11224552989006042,0.4484914243221283,0.6346497535705566,-0.11487025022506714,0.4694027900695801,0.6728551387786865,-0.10715451091527939,0.0,0.0,0.0,0.0,0.0,0.0,0.0,0.0,0.0,0.0,0.0,0.0,0.0,0.0,0.0,0.0,0.0,0.0,0.0,0.0,0.0,0.0,0.0,0.0,0.0,0.0,0.0,0.0,0.0,0.0,0.0,0.0,0.0,0.0,0.0,0.0,0.0,0.0,0.0,0.0,0.0,0.0,0.0,0.0,0.0,0.0,0.0,0.0,0.0,0.0,0.0,0.0,0.0,0.0,0.0,0.0,0.0,0.0,0.0,0.0,0.0,0.0,0.0,he
0.48921456933021545,0.8018271923065186,1.303621814940925e-07,0.5206544995307922,0.7508739233016968,-0.007869167253375053,0.5389664769172668,0.68192458152771,-0.014766037464141846,0.540833592414856,0.6289717555046082,-0.02486487478017807,0.5444381833076477,0.5818468928337097,-0.03499772027134895,0.5200539827346802,0.5642514824867249,-0.0017680485034361482,0.5402798652648926,0.5143420100212097,-0.02648008055984974,0.57017582654953,0.48609617352485657,-0.046374496072530746,0.5984130501747131,0.46709567308425903,-0.05709587037563324,0.4814104437828064,0.5469495058059692,-0.0076168859377503395,0.5086355209350586,0.565136194229126,-0.04180552437901497,0.5282391309738159,0.6353623867034912,-0.056801047176122665,0.5440093278884888,0.7007392644882202,-0.05759161338210106,0.44658875465393066,0.5562297701835632,-0.015690021216869354,0.4718243181705475,0.5924757122993469,-0.050257839262485504,0.49504604935646057,0.6613564491271973,-0.052412956953048706,0.5126446485519409,0.7244433164596558,-0.04228780046105385,0.4137634038925171,0.5833239555358887,-0.02478325180709362,0.43333256244659424,0.6008878946304321,-0.04897388443350792,0.4557589292526245,0.63914954662323,-0.04830383136868477,0.4713924825191498,0.6800095438957214,-0.038414113223552704,0.3963638246059418,0.6883467435836792,2.492146791155392e-07,0.4643559157848358,0.6585898399353027,-0.0157993845641613,0.5165574550628662,0.6056825518608093,-0.03605363890528679,0.5503708720207214,0.57198166847229,-0.05857463926076889,0.5844846367835999,0.550949215888977,-0.08215298503637314,0.49969667196273804,0.45705467462539673,-0.031771015375852585,0.5341758728027344,0.47570040822029114,-0.07049856334924698,0.5693955421447754,0.46901607513427734,-0.09830896556377411,0.6090322136878967,0.46479636430740356,-0.116248719394207,0.45383402705192566,0.4462486505508423,-0.04438262805342674,0.5078946352005005,0.5433863997459412,-0.10165490210056305,0.5328944325447083,0.6439353227615356,-0.12265411764383316,0.5484627485275269,0.7170451879501343,-0.12591871619224548,0.40999382734298706,0.4736071228981018,-0.058965835720300674,0.4636043608188629,0.5723909735679626,-0.11611286550760269,0.49200552701950073,0.6670116186141968,-0.12141736596822739,0.5116093754768372,0.73166823387146,-0.11162948608398438,0.3724573254585266,0.523529589176178,-0.07445652782917023,0.4168086647987366,0.5810987949371338,-0.11489487439393997,0.4458368420600891,0.636890172958374,-0.11824198067188263,0.4673103094100952,0.6743475198745728,-0.11092770844697952,he
0.3876703679561615,0.6899259090423584,2.389075746123126e-07,0.45959505438804626,0.663034975528717,-0.015516124665737152,0.5149314999580383,0.6171373724937439,-0.03638992831110954,0.5491810441017151,0.5926370620727539,-0.05942581221461296,0.5793195366859436,0.5831279158592224,-0.08354203402996063,0.4972212016582489,0.45857930183410645,-0.029064355418086052,0.532972514629364,0.4774833023548126,-0.06632968783378601,0.5685790777206421,0.4724878966808319,-0.09383708983659744,0.6079074144363403,0.47004076838493347,-0.111529640853405,0.45172935724258423,0.44781094789505005,-0.04154540225863457,0.5039708614349365,0.5358035564422607,-0.09628550708293915,0.526788592338562,0.6345537304878235,-0.11637890338897705,0.5409756898880005,0.7092325091362,-0.11874169856309891,0.40931764245033264,0.47483766078948975,-0.05602473020553589,0.4625537395477295,0.5696415901184082,-0.10998298972845078,0.48877012729644775,0.6587111949920654,-0.11577743291854858,0.506887674331665,0.7202500104904175,-0.10632744431495667,0.37465712428092957,0.5239115953445435,-0.07149045169353485,0.42103311419487,0.583950400352478,-0.1078101247549057,0.4483437240123749,0.6388291120529175,-0.10996351391077042,0.4680585563182831,0.6748753190040588,-0.10216668248176575,0.0,0.0,0.0,0.0,0.0,0.0,0.0,0.0,0.0,0.0,0.0,0.0,0.0,0.0,0.0,0.0,0.0,0.0,0.0,0.0,0.0,0.0,0.0,0.0,0.0,0.0,0.0,0.0,0.0,0.0,0.0,0.0,0.0,0.0,0.0,0.0,0.0,0.0,0.0,0.0,0.0,0.0,0.0,0.0,0.0,0.0,0.0,0.0,0.0,0.0,0.0,0.0,0.0,0.0,0.0,0.0,0.0,0.0,0.0,0.0,0.0,0.0,0.0,he
0.38910338282585144,0.6858102083206177,2.5320258600913803e-07,0.46154406666755676,0.657041609287262,-0.01479228027164936,0.5167505145072937,0.6056419014930725,-0.032383836805820465,0.5498703718185425,0.5705881118774414,-0.05245678126811981,0.5794781446456909,0.5479019284248352,-0.07307534664869308,0.4990352988243103,0.45320525765419006,-0.02395535632967949,0.5378744602203369,0.47315144538879395,-0.05907629430294037,0.5729659795761108,0.46730726957321167,-0.08448885381221771,0.6121237277984619,0.46344420313835144,-0.10085032880306244,0.45257651805877686,0.4442276358604431,-0.03580835461616516,0.5073662996292114,0.536779522895813,-0.08894859254360199,0.532742977142334,0.6331747770309448,-0.1088489443063736,0.5511348247528076,0.7040655016899109,-0.11132321506738663,0.4089207947254181,0.4722149968147278,-0.049853406846523285,0.46663013100624084,0.570673406124115,-0.10351092368364334,0.49358275532722473,0.6595492362976074,-0.10906979441642761,0.5136997699737549,0.720458984375,-0.0992097482085228,0.3731341063976288,0.5221683382987976,-0.06486605852842331,0.4221346378326416,0.5810699462890625,-0.10206601768732071,0.44994431734085083,0.635031521320343,-0.1050620898604393,0.4715519845485687,0.6716514825820923,-0.09735666960477829,0.0,0.0,0.0,0.0,0.0,0.0,0.0,0.0,0.0,0.0,0.0,0.0,0.0,0.0,0.0,0.0,0.0,0.0,0.0,0.0,0.0,0.0,0.0,0.0,0.0,0.0,0.0,0.0,0.0,0.0,0.0,0.0,0.0,0.0,0.0,0.0,0.0,0.0,0.0,0.0,0.0,0.0,0.0,0.0,0.0,0.0,0.0,0.0,0.0,0.0,0.0,0.0,0.0,0.0,0.0,0.0,0.0,0.0,0.0,0.0,0.0,0.0,0.0,he
0.39032694697380066,0.6887160539627075,2.429389098779211e-07,0.4626599848270416,0.6611518859863281,-0.01488475315272808,0.5153129696846008,0.6101255416870117,-0.03332940489053726,0.5450441837310791,0.5725223422050476,-0.05403297767043114,0.5711994767189026,0.5456978678703308,-0.07536932826042175,0.4981406033039093,0.4564023017883301,-0.02786247245967388,0.5358672142028809,0.4738817811012268,-0.06471242755651474,0.5713415741920471,0.4669789671897888,-0.091671422123909,0.6103802919387817,0.4629811644554138,-0.10906538367271423,0.45168712735176086,0.44686946272850037,-0.04017210751771927,0.5060338973999023,0.5366499423980713,-0.09471113234758377,0.5322020053863525,0.6320161819458008,-0.11527304351329803,0.5499522089958191,0.7030155658721924,-0.11843493580818176,0.4080553948879242,0.47490888833999634,-0.05447767302393913,0.46502885222435,0.5698145627975464,-0.10871883481740952,0.49272388219833374,0.6579259037971497,-0.11443633586168289,0.5119602680206299,0.7186612486839294,-0.10513751208782196,0.372264564037323,0.5249312520027161,-0.06975943595170975,0.421439528465271,0.5829135179519653,-0.10776811093091965,0.4495966136455536,0.6363643407821655,-0.11115394532680511,0.47066256403923035,0.672124445438385,-0.10400347411632538,0.0,0.0,0.0,0.0,0.0,0.0,0.0,0.0,0.0,0.0,0.0,0.0,0.0,0.0,0.0,0.0,0.0,0.0,0.0,0.0,0.0,0.0,0.0,0.0,0.0,0.0,0.0,0.0,0.0,0.0,0.0,0.0,0.0,0.0,0.0,0.0,0.0,0.0,0.0,0.0,0.0,0.0,0.0,0.0,0.0,0.0,0.0,0.0,0.0,0.0,0.0,0.0,0.0,0.0,0.0,0.0,0.0,0.0,0.0,0.0,0.0,0.0,0.0,he
0.3925631642341614,0.6739932298660278,4.843068381887861e-07,0.4552725553512573,0.6510529518127441,-0.012353803962469101,0.5074892640113831,0.6222490668296814,-0.03629915416240692,0.5476784706115723,0.6211234927177429,-0.06321356445550919,0.5891571044921875,0.6277273893356323,-0.09174109995365143,0.48904186487197876,0.4445253610610962,-0.03379719704389572,0.5449023842811584,0.4461796283721924,-0.06591205298900604,0.589026689529419,0.43873459100723267,-0.09235772490501404,0.6288022398948669,0.43548184633255005,-0.1115075945854187,0.4465119540691376,0.4413341283798218,-0.04712121933698654,0.5170751214027405,0.5163881778717041,-0.08587288856506348,0.5521937608718872,0.5808504223823547,-0.10408569872379303,0.5727027058601379,0.6310359835624695,-0.11406142264604568,0.41060394048690796,0.4764837622642517,-0.061611492186784744,0.48071977496147156,0.5394863486289978,-0.09751855581998825,0.518265962600708,0.5907454490661621,-0.1040877029299736,0.5417281985282898,0.6332225203514099,-0.1044834554195404,0.38341304659843445,0.53460693359375,-0.07730893045663834,0.4498235881328583,0.5737414360046387,-0.10248955339193344,0.4862794578075409,0.6129083037376404,-0.10467768460512161,0.5105400681495667,0.6463412642478943,-0.10258214920759201,0.0,0.0,0.0,0.0,0.0,0.0,0.0,0.0,0.0,0.0,0.0,0.0,0.0,0.0,0.0,0.0,0.0,0.0,0.0,0.0,0.0,0.0,0.0,0.0,0.0,0.0,0.0,0.0,0.0,0.0,0.0,0.0,0.0,0.0,0.0,0.0,0.0,0.0,0.0,0.0,0.0,0.0,0.0,0.0,0.0,0.0,0.0,0.0,0.0,0.0,0.0,0.0,0.0,0.0,0.0,0.0,0.0,0.0,0.0,0.0,0.0,0.0,0.0,he
0.3340609073638916,0.5975661873817444,7.847658025639248e-07,0.4189656972885132,0.5463047027587891,0.0037350289057940245,0.4842360317707062,0.4794146418571472,-0.003927302081137896,0.5326170325279236,0.43622714281082153,-0.014598336070775986,0.5732049345970154,0.4099550247192383,-0.028138689696788788,0.45359793305397034,0.3722974359989166,-0.023483209311962128,0.5393187999725342,0.38223737478256226,-0.04938700795173645,0.5935620665550232,0.37886905670166016,-0.07134664803743362,0.6368705034255981,0.37677380442619324,-0.08789478242397308,0.4307677149772644,0.3985763490200043,-0.041246186941862106,0.5315537452697754,0.40880998969078064,-0.06527252495288849,0.5956529378890991,0.41088590025901794,-0.08246643096208572,0.645898699760437,0.41519978642463684,-0.09669403731822968,0.4158277213573456,0.44861212372779846,-0.058299414813518524,0.5147027969360352,0.4601960778236389,-0.08594265580177307,0.5791405439376831,0.4742475748062134,-0.09647098928689957,0.627169668674469,0.48396915197372437,-0.10259244590997696,0.4078339636325836,0.5131784677505493,-0.07467053830623627,0.4899370074272156,0.5202558636665344,-0.09679824113845825,0.5400545597076416,0.5251888036727905,-0.1027291789650917,0.5807377696037292,0.5283525586128235,-0.10564792156219482,0.0,0.0,0.0,0.0,0.0,0.0,0.0,0.0,0.0,0.0,0.0,0.0,0.0,0.0,0.0,0.0,0.0,0.0,0.0,0.0,0.0,0.0,0.0,0.0,0.0,0.0,0.0,0.0,0.0,0.0,0.0,0.0,0.0,0.0,0.0,0.0,0.0,0.0,0.0,0.0,0.0,0.0,0.0,0.0,0.0,0.0,0.0,0.0,0.0,0.0,0.0,0.0,0.0,0.0,0.0,0.0,0.0,0.0,0.0,0.0,0.0,0.0,0.0,he
0.3176293969154358,0.5481111407279968,8.272368177131284e-07,0.36031654477119446,0.46985551714897156,0.00535920262336731,0.42516034841537476,0.4129030704498291,-0.00876656360924244,0.49046218395233154,0.40743231773376465,-0.025904737412929535,0.5426074266433716,0.4197721779346466,-0.04493366926908493,0.4279996454715729,0.34142225980758667,-0.033949632197618484,0.5276668667793274,0.3340461850166321,-0.0590822696685791,0.5869023203849792,0.33349210023880005,-0.07518833875656128,0.6316484212875366,0.3357617259025574,-0.08604542165994644,0.4230614900588989,0.38420236110687256,-0.05328258126974106,0.5304060578346252,0.3644232451915741,-0.07485076785087585,0.5937256813049316,0.36465317010879517,-0.08487427234649658,0.6410893797874451,0.3682953715324402,-0.09270719438791275,0.42216089367866516,0.4419344961643219,-0.07140881568193436,0.5246638655662537,0.41393420100212097,-0.08983869850635529,0.5859894156455994,0.405002623796463,-0.0957067459821701,0.632091760635376,0.3968304991722107,-0.10028178989887238,0.42791637778282166,0.5079160332679749,-0.08862702548503876,0.5076218247413635,0.4873373210430145,-0.10016955435276031,0.5536687970161438,0.47806641459465027,-0.10044577717781067,0.5913591384887695,0.46896466612815857,-0.10085487365722656,0.0,0.0,0.0,0.0,0.0,0.0,0.0,0.0,0.0,0.0,0.0,0.0,0.0,0.0,0.0,0.0,0.0,0.0,0.0,0.0,0.0,0.0,0.0,0.0,0.0,0.0,0.0,0.0,0.0,0.0,0.0,0.0,0.0,0.0,0.0,0.0,0.0,0.0,0.0,0.0,0.0,0.0,0.0,0.0,0.0,0.0,0.0,0.0,0.0,0.0,0.0,0.0,0.0,0.0,0.0,0.0,0.0,0.0,0.0,0.0,0.0,0.0,0.0,he
0.3078534007072449,0.5166147351264954,6.879923262204102e-07,0.34464383125305176,0.4463403820991516,0.014093027450144291,0.4044288098812103,0.3961201608181,0.008358278311789036,0.4674152731895447,0.3909599483013153,-0.002872705226764083,0.5150613188743591,0.39974138140678406,-0.01406523771584034,0.39605146646499634,0.30387458205223083,-0.00477469339966774,0.48814013600349426,0.25652438402175903,-0.020811777561903,0.5441356301307678,0.2306452840566635,-0.031185664236545563,0.5897114276885986,0.21176616847515106,-0.03836255893111229,0.4027234613895416,0.3255652189254761,-0.0257412176579237,0.4955746829509735,0.26769110560417175,-0.04004504159092903,0.5563514232635498,0.24537448585033417,-0.050165805965662,0.6058653593063354,0.23240932822227478,-0.057457637041807175,0.41493135690689087,0.36623507738113403,-0.04572833329439163,0.4978221654891968,0.30518507957458496,-0.0560186430811882,0.5528262257575989,0.2788779139518738,-0.06168917566537857,0.5964134335517883,0.2588267922401428,-0.06679195910692215,0.43183475732803345,0.4180428683757782,-0.06513204425573349,0.48989227414131165,0.3741993010044098,-0.06950295716524124,0.526515781879425,0.34593209624290466,-0.07010311633348465,0.5601474642753601,0.3214159607887268,-0.07167432457208633,0.0,0.0,0.0,0.0,0.0,0.0,0.0,0.0,0.0,0.0,0.0,0.0,0.0,0.0,0.0,0.0,0.0,0.0,0.0,0.0,0.0,0.0,0.0,0.0,0.0,0.0,0.0,0.0,0.0,0.0,0.0,0.0,0.0,0.0,0.0,0.0,0.0,0.0,0.0,0.0,0.0,0.0,0.0,0.0,0.0,0.0,0.0,0.0,0.0,0.0,0.0,0.0,0.0,0.0,0.0,0.0,0.0,0.0,0.0,0.0,0.0,0.0,0.0,he
0.30551308393478394,0.5188038945198059,6.439511253120145e-07,0.34688812494277954,0.4555545449256897,0.011037337593734264,0.41254767775535583,0.4032284617424011,0.002827045740559697,0.4798778295516968,0.40087413787841797,-0.010579925030469894,0.5324046611785889,0.41432663798332214,-0.02449577860534191,0.3967764973640442,0.302202433347702,-0.009304138831794262,0.48721984028816223,0.25355982780456543,-0.02771107666194439,0.5454432964324951,0.2288372963666916,-0.040674928575754166,0.5907743573188782,0.21132083237171173,-0.050028491765260696,0.4016641676425934,0.3228397071361542,-0.02982921339571476,0.49621284008026123,0.26948800683021545,-0.04595928266644478,0.5583861470222473,0.2516533434391022,-0.05678469315171242,0.6073958277702332,0.24102452397346497,-0.06524182856082916,0.41240906715393066,0.3613380789756775,-0.049829185009002686,0.49797534942626953,0.3006914556026459,-0.06209418922662735,0.5538846850395203,0.2732197642326355,-0.06813019514083862,0.5967613458633423,0.2532593905925751,-0.07375305891036987,0.4290662109851837,0.4104641079902649,-0.06947219371795654,0.49225014448165894,0.3628070056438446,-0.07528754323720932,0.5323547124862671,0.33470141887664795,-0.07600485533475876,0.5674863457679749,0.3114635646343231,-0.07815851271152496,0.0,0.0,0.0,0.0,0.0,0.0,0.0,0.0,0.0,0.0,0.0,0.0,0.0,0.0,0.0,0.0,0.0,0.0,0.0,0.0,0.0,0.0,0.0,0.0,0.0,0.0,0.0,0.0,0.0,0.0,0.0,0.0,0.0,0.0,0.0,0.0,0.0,0.0,0.0,0.0,0.0,0.0,0.0,0.0,0.0,0.0,0.0,0.0,0.0,0.0,0.0,0.0,0.0,0.0,0.0,0.0,0.0,0.0,0.0,0.0,0.0,0.0,0.0,he
0.34898751974105835,0.45535099506378174,5.446846103041025e-07,0.36523741483688354,0.3990423083305359,0.019041918218135834,0.4065026044845581,0.35912179946899414,0.015946947038173676,0.4557911157608032,0.35887449979782104,0.00810231827199459,0.4942416250705719,0.36472100019454956,-0.0025711252819746733,0.3945290148258209,0.2970770001411438,-0.0166456401348114,0.4680188000202179,0.24439090490341187,-0.030263016000390053,0.513992190361023,0.22100389003753662,-0.03638599440455437,0.5494374632835388,0.20262205600738525,-0.040150441229343414,0.40594547986984253,0.31678491830825806,-0.037414439022541046,0.48461800813674927,0.2603243887424469,-0.05242878198623657,0.5391665101051331,0.23572009801864624,-0.06074688211083412,0.5793347954750061,0.22050538659095764,-0.06588994711637497,0.4189842939376831,0.3514825701713562,-0.05515369027853012,0.49040454626083374,0.2907145321369171,-0.0680694654583931,0.5419837236404419,0.2588306665420532,-0.07529296725988388,0.5808165073394775,0.23659223318099976,-0.08006807416677475,0.4357660412788391,0.39686650037765503,-0.07039903104305267,0.49184277653694153,0.34339645504951477,-0.08089669048786163,0.5287930965423584,0.3131697177886963,-0.08381155133247375,0.5594003200531006,0.28974318504333496,-0.08547341078519821,0.3192237615585327,0.5176335573196411,4.0489405250809796e-07,0.37097400426864624,0.46559420228004456,0.028633709996938705,0.42292672395706177,0.4213908016681671,0.03335186094045639,0.47861677408218384,0.4102913737297058,0.02994830720126629,0.5204476118087769,0.40200576186180115,0.02553810551762581,0.39183923602104187,0.3051743507385254,0.018269618973135948,0.4716002941131592,0.2547914683818817,0.01024474948644638,0.5196815133094788,0.23072558641433716,0.0028869814705103636,0.5574398040771484,0.21076899766921997,-0.003462390508502722,0.39962953329086304,0.31638607382774353,-0.006929748225957155,0.48651954531669617,0.2546776831150055,-0.013412004336714745,0.5388298630714417,0.22838276624679565,-0.02196408435702324,0.5801404714584351,0.20891572535037994,-0.030142564326524734,0.4127097725868225,0.34591203927993774,-0.03076966293156147,0.4923800528049469,0.28439074754714966,-0.037125974893569946,0.5422120094299316,0.2571397125720978,-0.04304714873433113,0.5802323818206787,0.2353227734565735,-0.04946361482143402,0.4324747622013092,0.3885418474674225,-0.05270570144057274,0.49276211857795715,0.3375876843929291,-0.05704982578754425,0.5272384881973267,0.31113842129707336,-0.057971518486738205,0.557886004447937,0.2880825996398926,-0.06024596095085144,he
0.33651262521743774,0.5296178460121155,3.133988855097414e-07,0.3956575393676758,0.48377081751823425,0.02604006789624691,0.4405699670314789,0.4381198287010193,0.030847856774926186,0.4876771569252014,0.4186244606971741,0.027258697897195816,0.527437686920166,0.4067310690879822,0.023984258994460106,0.3977862000465393,0.3090166747570038,0.030588438734412193,0.4710257947444916,0.2695331275463104,0.030625876039266586,0.5136688947677612,0.2497090846300125,0.02490430884063244,0.544212818145752,0.23261740803718567,0.018219981342554092,0.4045063853263855,0.31821969151496887,0.009190577082335949,0.49155890941619873,0.2960425615310669,0.00827853661030531,0.5384281277656555,0.3150164783000946,0.00024136000138241798,0.5690602660179138,0.3355148434638977,-0.007490520365536213,0.41807079315185547,0.347886323928833,-0.010796726681292057,0.5012597441673279,0.3251226544380188,-0.009281226433813572,0.5458980202674866,0.3413006365299225,-0.01137877069413662,0.5749292969703674,0.35857099294662476,-0.015772955492138863,0.4381604790687561,0.3881714344024658,-0.029557228088378906,0.5015252828598022,0.36899861693382263,-0.02321755141019821,0.5323131084442139,0.3714238703250885,-0.01730058714747429,0.5533944964408875,0.3760494887828827,-0.015213919803500175,0.0,0.0,0.0,0.0,0.0,0.0,0.0,0.0,0.0,0.0,0.0,0.0,0.0,0.0,0.0,0.0,0.0,0.0,0.0,0.0,0.0,0.0,0.0,0.0,0.0,0.0,0.0,0.0,0.0,0.0,0.0,0.0,0.0,0.0,0.0,0.0,0.0,0.0,0.0,0.0,0.0,0.0,0.0,0.0,0.0,0.0,0.0,0.0,0.0,0.0,0.0,0.0,0.0,0.0,0.0,0.0,0.0,0.0,0.0,0.0,0.0,0.0,0.0,he
0.3400000333786011,0.5245117545127869,3.991461028363119e-07,0.38616666197776794,0.47005945444107056,0.029414765536785126,0.43258094787597656,0.42327433824539185,0.03495417907834053,0.48502230644226074,0.40475982427597046,0.03198013827204704,0.526019811630249,0.39738455414772034,0.028416184708476067,0.3924471139907837,0.3096439838409424,0.023107217624783516,0.467654824256897,0.2689378261566162,0.022398751229047775,0.5110315084457397,0.25066015124320984,0.017263488844037056,0.5422554016113281,0.2360549122095108,0.011282043531537056,0.4007474184036255,0.3158385157585144,0.0010629817843437195,0.4944438934326172,0.2954597473144531,-0.0004129631561227143,0.5456647872924805,0.3224557936191559,-0.007429313380271196,0.576230525970459,0.34958261251449585,-0.014478424564003944,0.4162014126777649,0.34512627124786377,-0.01818658970296383,0.5053178668022156,0.3225821554660797,-0.019023099914193153,0.5495560169219971,0.35142064094543457,-0.020995335653424263,0.5746038556098938,0.3792790174484253,-0.02436906099319458,0.4372963309288025,0.38387858867645264,-0.035309355705976486,0.5062132477760315,0.3633270263671875,-0.03191066160798073,0.5390779972076416,0.37820449471473694,-0.026524018496274948,0.5604289174079895,0.3944357633590698,-0.023778431117534637,0.0,0.0,0.0,0.0,0.0,0.0,0.0,0.0,0.0,0.0,0.0,0.0,0.0,0.0,0.0,0.0,0.0,0.0,0.0,0.0,0.0,0.0,0.0,0.0,0.0,0.0,0.0,0.0,0.0,0.0,0.0,0.0,0.0,0.0,0.0,0.0,0.0,0.0,0.0,0.0,0.0,0.0,0.0,0.0,0.0,0.0,0.0,0.0,0.0,0.0,0.0,0.0,0.0,0.0,0.0,0.0,0.0,0.0,0.0,0.0,0.0,0.0,0.0,he
0.3409968912601471,0.5203041434288025,4.12893200518738e-07,0.3923799693584442,0.470361590385437,0.025943495333194733,0.4397358000278473,0.4238859713077545,0.030065251514315605,0.4902207851409912,0.4043254852294922,0.026137977838516235,0.5291086435317993,0.3947584629058838,0.021830324083566666,0.39381253719329834,0.30867066979408264,0.02134646661579609,0.4672369062900543,0.26724743843078613,0.01912020333111286,0.5108705759048462,0.2502347230911255,0.012867974117398262,0.5428061485290527,0.23776227235794067,0.006266354117542505,0.4005102813243866,0.31478992104530334,0.00044199242256581783,0.4920790493488312,0.2937856912612915,-0.0033658058382570744,0.5431357622146606,0.3203790783882141,-0.0114811472594738,0.5739439725875854,0.3473667502403259,-0.018615715205669403,0.4152200222015381,0.34305840730667114,-0.018121328204870224,0.5017005205154419,0.3200339078903198,-0.021021824330091476,0.5457096099853516,0.34898805618286133,-0.023484185338020325,0.5708664655685425,0.3768880367279053,-0.0264520775526762,0.4355064928531647,0.3814377188682556,-0.034907083958387375,0.5024343729019165,0.36255234479904175,-0.03300429880619049,0.5357608199119568,0.3773202896118164,-0.028302572667598724,0.5574311017990112,0.39379483461380005,-0.025645514950156212,0.0,0.0,0.0,0.0,0.0,0.0,0.0,0.0,0.0,0.0,0.0,0.0,0.0,0.0,0.0,0.0,0.0,0.0,0.0,0.0,0.0,0.0,0.0,0.0,0.0,0.0,0.0,0.0,0.0,0.0,0.0,0.0,0.0,0.0,0.0,0.0,0.0,0.0,0.0,0.0,0.0,0.0,0.0,0.0,0.0,0.0,0.0,0.0,0.0,0.0,0.0,0.0,0.0,0.0,0.0,0.0,0.0,0.0,0.0,0.0,0.0,0.0,0.0,he
0.3431759476661682,0.5324654579162598,2.1885662704335118e-07,0.3633884787559509,0.4500603675842285,0.02759602479636669,0.39748701453208923,0.3891626000404358,0.029014645144343376,0.44254645705223083,0.35617607831954956,0.021134397014975548,0.48159506916999817,0.34339433908462524,0.013105317950248718,0.3775976896286011,0.309567391872406,0.018830159679055214,0.4617551565170288,0.2953631579875946,0.010485455393791199,0.5085196495056152,0.3129338324069977,0.002627591136842966,0.5377417802810669,0.3359363377094269,-0.0016635978827252984,0.39414161443710327,0.31828075647354126,-0.0036014323122799397,0.4856787919998169,0.30039870738983154,-0.006388895213603973,0.5248265862464905,0.3312557637691498,-0.009120428934693336,0.5422554016113281,0.36520060896873474,-0.0112702501937747,0.4150739908218384,0.3453790545463562,-0.024317031726241112,0.5016934871673584,0.3257714807987213,-0.023932162672281265,0.5328745245933533,0.3598267734050751,-0.0200816597789526,0.5436297655105591,0.3943205773830414,-0.017758972942829132,0.4394882917404175,0.3839903473854065,-0.043686553835868835,0.5062328577041626,0.3637866675853729,-0.03680969402194023,0.5322548747062683,0.3815457820892334,-0.026658795773983,0.5436633229255676,0.4046424627304077,-0.019229669123888016,0.0,0.0,0.0,0.0,0.0,0.0,0.0,0.0,0.0,0.0,0.0,0.0,0.0,0.0,0.0,0.0,0.0,0.0,0.0,0.0,0.0,0.0,0.0,0.0,0.0,0.0,0.0,0.0,0.0,0.0,0.0,0.0,0.0,0.0,0.0,0.0,0.0,0.0,0.0,0.0,0.0,0.0,0.0,0.0,0.0,0.0,0.0,0.0,0.0,0.0,0.0,0.0,0.0,0.0,0.0,0.0,0.0,0.0,0.0,0.0,0.0,0.0,0.0,he
0.3363795280456543,0.5373488068580627,7.738754703723316e-08,0.3520357012748718,0.45793041586875916,0.03131136670708656,0.3852322995662689,0.3969142735004425,0.03475379943847656,0.42819011211395264,0.37229257822036743,0.028117967769503593,0.46403276920318604,0.3659075200557709,0.021008262410759926,0.37445420026779175,0.31549474596977234,0.020592624321579933,0.4622807204723358,0.30514341592788696,0.009517506696283817,0.5038946866989136,0.3392270803451538,0.00037173970486037433,0.5243139266967773,0.3744198977947235,-0.0032985780853778124,0.38944971561431885,0.3253050446510315,-0.0032617233227938414,0.4855687916278839,0.31328094005584717,-0.007190982345491648,0.5199534893035889,0.3580358624458313,-0.009052425622940063,0.5292004346847534,0.3988661468029022,-0.009667341597378254,0.4093341827392578,0.35179412364959717,-0.025429781526327133,0.4991200566291809,0.3374921977519989,-0.02763352170586586,0.5284521579742432,0.382863849401474,-0.02312840335071087,0.5343694686889648,0.4222679138183594,-0.018726734444499016,0.4314400851726532,0.38912224769592285,-0.04573536291718483,0.5034480094909668,0.37099045515060425,-0.04183248057961464,0.5287694931030273,0.39956438541412354,-0.03144359588623047,0.5362541675567627,0.42850449681282043,-0.02251500077545643,0.0,0.0,0.0,0.0,0.0,0.0,0.0,0.0,0.0,0.0,0.0,0.0,0.0,0.0,0.0,0.0,0.0,0.0,0.0,0.0,0.0,0.0,0.0,0.0,0.0,0.0,0.0,0.0,0.0,0.0,0.0,0.0,0.0,0.0,0.0,0.0,0.0,0.0,0.0,0.0,0.0,0.0,0.0,0.0,0.0,0.0,0.0,0.0,0.0,0.0,0.0,0.0,0.0,0.0,0.0,0.0,0.0,0.0,0.0,0.0,0.0,0.0,0.0,he
0.3334638476371765,0.5427717566490173,5.430101879255744e-08,0.3604443371295929,0.47400498390197754,0.033657342195510864,0.3975248634815216,0.41445285081863403,0.04002728685736656,0.4443286657333374,0.38980627059936523,0.03601770102977753,0.4809880256652832,0.3828178644180298,0.031589094549417496,0.3733624219894409,0.3192913830280304,0.02730857953429222,0.46130606532096863,0.31272345781326294,0.02069779485464096,0.5024085640907288,0.3457111716270447,0.013861487619578838,0.523048996925354,0.37907952070236206,0.011002011597156525,0.38720664381980896,0.32790321111679077,0.003062204224988818,0.4848368167877197,0.32148420810699463,0.00158464175183326,0.5188108682632446,0.3670458197593689,-0.0009130493272095919,0.5283206701278687,0.40891191363334656,-0.0022316344548016787,0.4070693552494049,0.3544871211051941,-0.019259987398982048,0.49852895736694336,0.34688714146614075,-0.02052650973200798,0.5292900204658508,0.394199013710022,-0.018324142321944237,0.5363993048667908,0.435528427362442,-0.015646014362573624,0.42946094274520874,0.39187368750572205,-0.03932600095868111,0.5015699863433838,0.3739756643772125,-0.03516697883605957,0.528611958026886,0.4022013545036316,-0.02607281133532524,0.5383631587028503,0.4318116307258606,-0.01846601441502571,0.0,0.0,0.0,0.0,0.0,0.0,0.0,0.0,0.0,0.0,0.0,0.0,0.0,0.0,0.0,0.0,0.0,0.0,0.0,0.0,0.0,0.0,0.0,0.0,0.0,0.0,0.0,0.0,0.0,0.0,0.0,0.0,0.0,0.0,0.0,0.0,0.0,0.0,0.0,0.0,0.0,0.0,0.0,0.0,0.0,0.0,0.0,0.0,0.0,0.0,0.0,0.0,0.0,0.0,0.0,0.0,0.0,0.0,0.0,0.0,0.0,0.0,0.0,he
0.33652833104133606,0.5593169927597046,2.1904091340729792e-07,0.40437641739845276,0.5300217270851135,0.014155724085867405,0.45023563504219055,0.4872179329395294,0.013055958785116673,0.49271994829177856,0.4619203805923462,0.0044148992747068405,0.5246791839599609,0.44724950194358826,-0.0033000949770212173,0.3897976279258728,0.33607718348503113,0.015702050179243088,0.4840018153190613,0.3356829285621643,0.002824631053954363,0.5316500067710876,0.3703747093677521,-0.009257559664547443,0.5599143505096436,0.40483126044273376,-0.01596713438630104,0.3904431462287903,0.33972829580307007,-0.0015744585543870926,0.4968661665916443,0.339870423078537,-0.013401636853814125,0.5379911661148071,0.3878927230834961,-0.02146517112851143,0.5580241680145264,0.42893293499946594,-0.024605803191661835,0.4030383229255676,0.36439430713653564,-0.018970204517245293,0.50273197889328,0.36288562417030334,-0.03191633149981499,0.5427895188331604,0.410763680934906,-0.03560385853052139,0.5610725283622742,0.4527330994606018,-0.03404654562473297,0.42412200570106506,0.39970606565475464,-0.03544652462005615,0.5023030042648315,0.3923848271369934,-0.040326088666915894,0.5344650745391846,0.42144256830215454,-0.03582964465022087,0.5519388914108276,0.4511443078517914,-0.029906267300248146,0.0,0.0,0.0,0.0,0.0,0.0,0.0,0.0,0.0,0.0,0.0,0.0,0.0,0.0,0.0,0.0,0.0,0.0,0.0,0.0,0.0,0.0,0.0,0.0,0.0,0.0,0.0,0.0,0.0,0.0,0.0,0.0,0.0,0.0,0.0,0.0,0.0,0.0,0.0,0.0,0.0,0.0,0.0,0.0,0.0,0.0,0.0,0.0,0.0,0.0,0.0,0.0,0.0,0.0,0.0,0.0,0.0,0.0,0.0,0.0,0.0,0.0,0.0,he
0.3359740376472473,0.5621500015258789,2.1033280006577115e-07,0.4031637907028198,0.5307117104530334,0.02064189687371254,0.44808048009872437,0.48372167348861694,0.022911304607987404,0.48889437317848206,0.4570714831352234,0.016805870458483696,0.5194087624549866,0.4424574673175812,0.011529202573001385,0.38876116275787354,0.33358386158943176,0.021856702864170074,0.4831071197986603,0.33436426520347595,0.011385278776288033,0.5313663482666016,0.3716566562652588,0.00028127641417086124,0.5595013499259949,0.40761178731918335,-0.006351530086249113,0.38964200019836426,0.3370552361011505,0.001978074898943305,0.49713680148124695,0.3369370698928833,-0.007069439627230167,0.5388535857200623,0.3888477683067322,-0.014596950262784958,0.5567995309829712,0.4333668649196625,-0.018135156482458115,0.4021323025226593,0.36237049102783203,-0.017404187470674515,0.5023740530014038,0.356711208820343,-0.028001908212900162,0.5437628626823425,0.4077575206756592,-0.030348356813192368,0.5609171986579895,0.4523557424545288,-0.028673965483903885,0.4227011203765869,0.3988962769508362,-0.035450685769319534,0.5020115375518799,0.388567179441452,-0.040512003004550934,0.5349245667457581,0.4200991094112396,-0.03616710007190704,0.5509638786315918,0.4523462951183319,-0.030424226075410843,0.0,0.0,0.0,0.0,0.0,0.0,0.0,0.0,0.0,0.0,0.0,0.0,0.0,0.0,0.0,0.0,0.0,0.0,0.0,0.0,0.0,0.0,0.0,0.0,0.0,0.0,0.0,0.0,0.0,0.0,0.0,0.0,0.0,0.0,0.0,0.0,0.0,0.0,0.0,0.0,0.0,0.0,0.0,0.0,0.0,0.0,0.0,0.0,0.0,0.0,0.0,0.0,0.0,0.0,0.0,0.0,0.0,0.0,0.0,0.0,0.0,0.0,0.0,he
0.34582820534706116,0.58324134349823,3.511735826577933e-07,0.44638773798942566,0.5456627607345581,0.01083429902791977,0.4994203746318817,0.49752816557884216,0.005837812088429928,0.5390329360961914,0.46772727370262146,-0.00682279746979475,0.5633054375648499,0.44533008337020874,-0.018241139128804207,0.41871219873428345,0.34199339151382446,0.009898202493786812,0.5167573094367981,0.34651464223861694,-0.01638585887849331,0.5705578923225403,0.37857794761657715,-0.03985161706805229,0.6137178540229797,0.41219761967658997,-0.05486054718494415,0.40537723898887634,0.3510530889034271,-0.011158332228660583,0.5256795883178711,0.35317426919937134,-0.04458670690655708,0.5718181729316711,0.41501790285110474,-0.06385847181081772,0.5986520051956177,0.4690881073474884,-0.07067280262708664,0.40717920660972595,0.37940075993537903,-0.03278176859021187,0.5154870748519897,0.37924790382385254,-0.06143924966454506,0.5595028400421143,0.43595191836357117,-0.06717155873775482,0.5808291435241699,0.48420917987823486,-0.06343679130077362,0.42029324173927307,0.4190906882286072,-0.05411229282617569,0.5038198232650757,0.4161088168621063,-0.07007069885730743,0.5405731201171875,0.44788554310798645,-0.06775874644517899,0.5620308518409729,0.47827625274658203,-0.061114247888326645,0.0,0.0,0.0,0.0,0.0,0.0,0.0,0.0,0.0,0.0,0.0,0.0,0.0,0.0,0.0,0.0,0.0,0.0,0.0,0.0,0.0,0.0,0.0,0.0,0.0,0.0,0.0,0.0,0.0,0.0,0.0,0.0,0.0,0.0,0.0,0.0,0.0,0.0,0.0,0.0,0.0,0.0,0.0,0.0,0.0,0.0,0.0,0.0,0.0,0.0,0.0,0.0,0.0,0.0,0.0,0.0,0.0,0.0,0.0,0.0,0.0,0.0,0.0,he
0.39787325263023376,0.625009298324585,4.3145681161149696e-07,0.4748455882072449,0.5872505307197571,-0.0022763502784073353,0.5282490253448486,0.5272544026374817,-0.014347256161272526,0.5593593716621399,0.4801357090473175,-0.0308658629655838,0.584735631942749,0.4426618814468384,-0.04654381424188614,0.4735164940357208,0.3664077818393707,-0.00818684883415699,0.5504648685455322,0.3640689253807068,-0.039061494171619415,0.6042046546936035,0.36018335819244385,-0.06537581235170364,0.6499338150024414,0.35899025201797485,-0.08283800631761551,0.44564130902290344,0.36793041229248047,-0.024409299716353416,0.5452988743782043,0.38884860277175903,-0.06303444504737854,0.5851232409477234,0.4630317986011505,-0.08061537146568298,0.6010841131210327,0.5210120677947998,-0.08589611947536469,0.4288129508495331,0.3982260525226593,-0.04171659052371979,0.5228591561317444,0.4157163202762604,-0.07917406409978867,0.5534937381744385,0.48926734924316406,-0.07841186225414276,0.5599157214164734,0.5456767678260803,-0.06888054311275482,0.4195029139518738,0.4445949196815491,-0.059692516922950745,0.5003981590270996,0.4633983373641968,-0.08522181212902069,0.531853199005127,0.5125182271003723,-0.08152260631322861,0.5423009395599365,0.5540127754211426,-0.07188066095113754,0.0,0.0,0.0,0.0,0.0,0.0,0.0,0.0,0.0,0.0,0.0,0.0,0.0,0.0,0.0,0.0,0.0,0.0,0.0,0.0,0.0,0.0,0.0,0.0,0.0,0.0,0.0,0.0,0.0,0.0,0.0,0.0,0.0,0.0,0.0,0.0,0.0,0.0,0.0,0.0,0.0,0.0,0.0,0.0,0.0,0.0,0.0,0.0,0.0,0.0,0.0,0.0,0.0,0.0,0.0,0.0,0.0,0.0,0.0,0.0,0.0,0.0,0.0,he
0.39516404271125793,0.6468812227249146,1.997207021986469e-08,0.4798907935619354,0.6215779781341553,-0.012253358960151672,0.5484093427658081,0.5798085927963257,-0.03276709094643593,0.5883210897445679,0.5507110357284546,-0.0577731616795063,0.613243818283081,0.5305632948875427,-0.08366869390010834,0.5380646586418152,0.4104404151439667,-0.019771985709667206,0.5870928168296814,0.4034607410430908,-0.05761496722698212,0.6261347532272339,0.39869585633277893,-0.08739980310201645,0.6598244309425354,0.3998704254627228,-0.1063341572880745,0.4989124536514282,0.39710649847984314,-0.0343763530254364,0.5689674615859985,0.48007747530937195,-0.08939666301012039,0.5885636806488037,0.5868790149688721,-0.10961602628231049,0.5928134918212891,0.6684308052062988,-0.11155233532190323,0.4607169032096863,0.4216062128543854,-0.051395516842603683,0.527446448802948,0.506740391254425,-0.10033882409334183,0.5395138263702393,0.5907429456710815,-0.09981819987297058,0.5387358069419861,0.6538242697715759,-0.08673857152462006,0.4276621341705322,0.46802157163619995,-0.07006088644266129,0.48800086975097656,0.5326255559921265,-0.10084927827119827,0.5051889419555664,0.5923441648483276,-0.09652583301067352,0.5110054612159729,0.6384615898132324,-0.08395637571811676,0.0,0.0,0.0,0.0,0.0,0.0,0.0,0.0,0.0,0.0,0.0,0.0,0.0,0.0,0.0,0.0,0.0,0.0,0.0,0.0,0.0,0.0,0.0,0.0,0.0,0.0,0.0,0.0,0.0,0.0,0.0,0.0,0.0,0.0,0.0,0.0,0.0,0.0,0.0,0.0,0.0,0.0,0.0,0.0,0.0,0.0,0.0,0.0,0.0,0.0,0.0,0.0,0.0,0.0,0.0,0.0,0.0,0.0,0.0,0.0,0.0,0.0,0.0,he
0.4044816792011261,0.6532790660858154,1.8563210346655978e-07,0.48841696977615356,0.6166365742683411,-0.01185551192611456,0.5611257553100586,0.5370054244995117,-0.024200256913900375,0.6024777293205261,0.4611348807811737,-0.039284635335206985,0.6382265686988831,0.39565739035606384,-0.054184991866350174,0.5259760022163391,0.4003414511680603,-0.020159032195806503,0.5859917998313904,0.3948630094528198,-0.05339009687304497,0.6221905946731567,0.3992774188518524,-0.07538614422082901,0.6468034386634827,0.4114968776702881,-0.08852897584438324,0.4882042706012726,0.3930574059486389,-0.03052767738699913,0.5671053528785706,0.4540393054485321,-0.07250960171222687,0.5847977995872498,0.5426697134971619,-0.08619172126054764,0.581515371799469,0.6097719669342041,-0.08886826038360596,0.45521247386932373,0.4204472005367279,-0.04344414174556732,0.530427873134613,0.4920692443847656,-0.08464359492063522,0.5450766086578369,0.5715221166610718,-0.08276238292455673,0.5429331064224243,0.6273863315582275,-0.07338136434555054,0.42696917057037354,0.46832215785980225,-0.05755997821688652,0.4932103455066681,0.5317384004592896,-0.08725737780332565,0.5127437710762024,0.5890620946884155,-0.0866841971874237,0.5157674551010132,0.6310372948646545,-0.07964345812797546,0.0,0.0,0.0,0.0,0.0,0.0,0.0,0.0,0.0,0.0,0.0,0.0,0.0,0.0,0.0,0.0,0.0,0.0,0.0,0.0,0.0,0.0,0.0,0.0,0.0,0.0,0.0,0.0,0.0,0.0,0.0,0.0,0.0,0.0,0.0,0.0,0.0,0.0,0.0,0.0,0.0,0.0,0.0,0.0,0.0,0.0,0.0,0.0,0.0,0.0,0.0,0.0,0.0,0.0,0.0,0.0,0.0,0.0,0.0,0.0,0.0,0.0,0.0,he
0.397605299949646,0.6929272413253784,2.0671177480835468e-07,0.4884624183177948,0.6635817885398865,-0.009681925177574158,0.5543528199195862,0.640377402305603,-0.035512425005435944,0.6012715697288513,0.6612728238105774,-0.06787223368883133,0.6347262859344482,0.699471116065979,-0.10219641774892807,0.5490102171897888,0.44823965430259705,-0.03076624870300293,0.6146347522735596,0.4880169928073883,-0.07221859693527222,0.6569560170173645,0.5013254880905151,-0.10322441160678864,0.6990894079208374,0.5083258748054504,-0.12381702661514282,0.5023817420005798,0.4403843283653259,-0.049718089401721954,0.5738069415092468,0.5592164397239685,-0.10432442277669907,0.5868628025054932,0.6687591075897217,-0.12327020615339279,0.592079222202301,0.7478102445602417,-0.12553390860557556,0.4566335380077362,0.4749404788017273,-0.06986523419618607,0.5252065062522888,0.5973365306854248,-0.11968238651752472,0.5410188436508179,0.6960935592651367,-0.11940853297710419,0.5495290160179138,0.764441967010498,-0.10538926720619202,0.4192846417427063,0.5308214426040649,-0.09160885959863663,0.4789179265499115,0.6218952536582947,-0.12170042842626572,0.5045130848884583,0.6909202337265015,-0.11699175834655762,0.5210986733436584,0.7380530834197998,-0.10369476675987244,0.0,0.0,0.0,0.0,0.0,0.0,0.0,0.0,0.0,0.0,0.0,0.0,0.0,0.0,0.0,0.0,0.0,0.0,0.0,0.0,0.0,0.0,0.0,0.0,0.0,0.0,0.0,0.0,0.0,0.0,0.0,0.0,0.0,0.0,0.0,0.0,0.0,0.0,0.0,0.0,0.0,0.0,0.0,0.0,0.0,0.0,0.0,0.0,0.0,0.0,0.0,0.0,0.0,0.0,0.0,0.0,0.0,0.0,0.0,0.0,0.0,0.0,0.0,he
0.4139573574066162,0.6955316066741943,3.648825384061638e-07,0.5016161799430847,0.6837390661239624,-0.009927897714078426,0.569327712059021,0.6735579371452332,-0.033912792801856995,0.6149136424064636,0.6943404078483582,-0.06319904327392578,0.6264050602912903,0.7068798542022705,-0.09450232237577438,0.5664271116256714,0.46750596165657043,-0.032022543251514435,0.6190468072891235,0.507738471031189,-0.07053744792938232,0.6594172120094299,0.5191932320594788,-0.09970864653587341,0.7031581997871399,0.5283424258232117,-0.1191193163394928,0.5172371864318848,0.4548991918563843,-0.04939768463373184,0.5747671723365784,0.5776845216751099,-0.10072287172079086,0.5857354402542114,0.6853197813034058,-0.12087228894233704,0.5906049013137817,0.7645756006240845,-0.12556146085262299,0.46772056818008423,0.4845770597457886,-0.06743206083774567,0.5261282324790955,0.6136572957038879,-0.1154862567782402,0.5408980250358582,0.7127914428710938,-0.12007778882980347,0.5499681234359741,0.7832812070846558,-0.1109815165400505,0.4249667227268219,0.5364211201667786,-0.08653392642736435,0.4787527322769165,0.638827919960022,-0.11680877953767776,0.5052107572555542,0.71028071641922,-0.11654192209243774,0.5244141221046448,0.7590594291687012,-0.10748495161533356,0.0,0.0,0.0,0.0,0.0,0.0,0.0,0.0,0.0,0.0,0.0,0.0,0.0,0.0,0.0,0.0,0.0,0.0,0.0,0.0,0.0,0.0,0.0,0.0,0.0,0.0,0.0,0.0,0.0,0.0,0.0,0.0,0.0,0.0,0.0,0.0,0.0,0.0,0.0,0.0,0.0,0.0,0.0,0.0,0.0,0.0,0.0,0.0,0.0,0.0,0.0,0.0,0.0,0.0,0.0,0.0,0.0,0.0,0.0,0.0,0.0,0.0,0.0,he
0.4123288691043854,0.6909672617912292,4.570278804294503e-07,0.49924764037132263,0.680573582649231,-0.00873841904103756,0.5673519372940063,0.6638481616973877,-0.03164386749267578,0.6091217398643494,0.6914113759994507,-0.05965173617005348,0.616097629070282,0.722388744354248,-0.08994004130363464,0.5630149841308594,0.46500447392463684,-0.027781203389167786,0.611359715461731,0.506891667842865,-0.06564414501190186,0.6519445776939392,0.5157942771911621,-0.09493298083543777,0.6974704265594482,0.5219963192939758,-0.11522523313760757,0.5146558880805969,0.45025044679641724,-0.04623007774353027,0.5719226598739624,0.5714278221130371,-0.09767905622720718,0.5816419720649719,0.6836623549461365,-0.11698231846094131,0.5853146910667419,0.7625181674957275,-0.12064225226640701,0.4654100835323334,0.4792358875274658,-0.0655999407172203,0.5233355164527893,0.6118150949478149,-0.11491863429546356,0.53839510679245,0.716230034828186,-0.11724521964788437,0.5465377569198608,0.7854375243186951,-0.10611625015735626,0.4229199290275574,0.5332881212234497,-0.08596485108137131,0.4746212363243103,0.6371367573738098,-0.11746609210968018,0.5012571811676025,0.7120782136917114,-0.1159556657075882,0.5201553702354431,0.7600075006484985,-0.10600147396326065,0.0,0.0,0.0,0.0,0.0,0.0,0.0,0.0,0.0,0.0,0.0,0.0,0.0,0.0,0.0,0.0,0.0,0.0,0.0,0.0,0.0,0.0,0.0,0.0,0.0,0.0,0.0,0.0,0.0,0.0,0.0,0.0,0.0,0.0,0.0,0.0,0.0,0.0,0.0,0.0,0.0,0.0,0.0,0.0,0.0,0.0,0.0,0.0,0.0,0.0,0.0,0.0,0.0,0.0,0.0,0.0,0.0,0.0,0.0,0.0,0.0,0.0,0.0,he
0.4143516421318054,0.6911069750785828,4.5427250938701036e-07,0.49952399730682373,0.6829969882965088,-0.01234913058578968,0.5658496022224426,0.6678537130355835,-0.03642965108156204,0.6077265739440918,0.6825183033943176,-0.0641622468829155,0.6168721914291382,0.6921077966690063,-0.09373736381530762,0.5599426627159119,0.4656813442707062,-0.03453031927347183,0.6073351502418518,0.5054366588592529,-0.07483898103237152,0.64777672290802,0.5130463242530823,-0.10581927746534348,0.6928974986076355,0.5179532170295715,-0.1270706206560135,0.5112366676330566,0.4497133493423462,-0.050637342035770416,0.5672340393066406,0.5705564618110657,-0.10429709404706955,0.580562174320221,0.6838434934616089,-0.12479545176029205,0.5866007804870605,0.7647805213928223,-0.12962786853313446,0.46233344078063965,0.47713279724121094,-0.06775575876235962,0.518899142742157,0.6088333129882812,-0.11835066974163055,0.5369287729263306,0.7112630605697632,-0.1210285946726799,0.5459635257720947,0.7804532051086426,-0.11090294271707535,0.4193201959133148,0.5291994214057922,-0.08611559867858887,0.4710688591003418,0.6340273022651672,-0.11974286288022995,0.4968893826007843,0.7091199159622192,-0.1197088360786438,0.5139448046684265,0.7579406499862671,-0.1109306812286377,0.0,0.0,0.0,0.0,0.0,0.0,0.0,0.0,0.0,0.0,0.0,0.0,0.0,0.0,0.0,0.0,0.0,0.0,0.0,0.0,0.0,0.0,0.0,0.0,0.0,0.0,0.0,0.0,0.0,0.0,0.0,0.0,0.0,0.0,0.0,0.0,0.0,0.0,0.0,0.0,0.0,0.0,0.0,0.0,0.0,0.0,0.0,0.0,0.0,0.0,0.0,0.0,0.0,0.0,0.0,0.0,0.0,0.0,0.0,0.0,0.0,0.0,0.0,he
0.416570246219635,0.6912658214569092,4.512014584179269e-07,0.4986482858657837,0.6806285381317139,-0.012166555970907211,0.5636052489280701,0.6647741794586182,-0.036365121603012085,0.6072752475738525,0.6828855872154236,-0.0646737813949585,0.6211931705474854,0.6946633458137512,-0.09515098482370377,0.5576584339141846,0.4655311107635498,-0.03380737826228142,0.6085151433944702,0.5049800872802734,-0.07333241403102875,0.649263322353363,0.5111584067344666,-0.10354822129011154,0.6938851475715637,0.5147265195846558,-0.12430000305175781,0.5087488293647766,0.44930851459503174,-0.05016288906335831,0.565765380859375,0.5682127475738525,-0.10426528006792068,0.5789667367935181,0.68185955286026,-0.12491215020418167,0.5856077671051025,0.7642912864685059,-0.1293862760066986,0.46009400486946106,0.4774300754070282,-0.0675065889954567,0.5184990763664246,0.6076798439025879,-0.1189442127943039,0.5364528894424438,0.7118320465087891,-0.12240348011255264,0.5463720560073853,0.7825782299041748,-0.1123756617307663,0.41786178946495056,0.5299935340881348,-0.0859609916806221,0.4705042243003845,0.6338804364204407,-0.12014734745025635,0.49707919359207153,0.7094627618789673,-0.12050265818834305,0.5153710842132568,0.7585945129394531,-0.11179441958665848,0.0,0.0,0.0,0.0,0.0,0.0,0.0,0.0,0.0,0.0,0.0,0.0,0.0,0.0,0.0,0.0,0.0,0.0,0.0,0.0,0.0,0.0,0.0,0.0,0.0,0.0,0.0,0.0,0.0,0.0,0.0,0.0,0.0,0.0,0.0,0.0,0.0,0.0,0.0,0.0,0.0,0.0,0.0,0.0,0.0,0.0,0.0,0.0,0.0,0.0,0.0,0.0,0.0,0.0,0.0,0.0,0.0,0.0,0.0,0.0,0.0,0.0,0.0,he
0.41415250301361084,0.6906643509864807,4.6920783347559336e-07,0.49750345945358276,0.676923930644989,-0.012424078769981861,0.5622640252113342,0.6613408327102661,-0.0386677011847496,0.6050421595573425,0.6889315843582153,-0.06965487450361252,0.6233639717102051,0.716489315032959,-0.10306653380393982,0.5556393265724182,0.4629560112953186,-0.03551864996552467,0.6037343740463257,0.5032920837402344,-0.0765901580452919,0.6434857845306396,0.5115476250648499,-0.10776814073324203,0.6878764629364014,0.518017053604126,-0.12919305264949799,0.5051684975624084,0.44798481464385986,-0.05300126224756241,0.5625883936882019,0.572519063949585,-0.10893416404724121,0.5785862803459167,0.6876181960105896,-0.13011109828948975,0.5865542888641357,0.7708078622817993,-0.134774848818779,0.45581650733947754,0.47834882140159607,-0.07157211005687714,0.515216052532196,0.6114092469215393,-0.12427765130996704,0.5349757075309753,0.7157210111618042,-0.12766654789447784,0.5448291897773743,0.7863441705703735,-0.11724905669689178,0.41407206654548645,0.5331264734268188,-0.09141965210437775,0.46826642751693726,0.6381229162216187,-0.1256217211484909,0.49575600028038025,0.7124567031860352,-0.1253516525030136,0.5132906436920166,0.760358989238739,-0.11615239083766937,0.0,0.0,0.0,0.0,0.0,0.0,0.0,0.0,0.0,0.0,0.0,0.0,0.0,0.0,0.0,0.0,0.0,0.0,0.0,0.0,0.0,0.0,0.0,0.0,0.0,0.0,0.0,0.0,0.0,0.0,0.0,0.0,0.0,0.0,0.0,0.0,0.0,0.0,0.0,0.0,0.0,0.0,0.0,0.0,0.0,0.0,0.0,0.0,0.0,0.0,0.0,0.0,0.0,0.0,0.0,0.0,0.0,0.0,0.0,0.0,0.0,0.0,0.0,he
0.4112655818462372,0.6910102963447571,4.1678856632643146e-07,0.4947085976600647,0.6777355074882507,-0.012727856636047363,0.5587257146835327,0.6625387668609619,-0.03873284533619881,0.6021613478660583,0.6865155696868896,-0.06935933232307434,0.6188287138938904,0.7040685415267944,-0.10170681029558182,0.552804708480835,0.46518903970718384,-0.03554018959403038,0.5979455709457397,0.5007900595664978,-0.0779222622513771,0.6374825835227966,0.5124068856239319,-0.10957153886556625,0.6817647218704224,0.5235316157341003,-0.13064458966255188,0.5024064183235168,0.45173245668411255,-0.05280642956495285,0.5588821172714233,0.5723183155059814,-0.11016703397035599,0.5736626386642456,0.6860162019729614,-0.13171404600143433,0.5811064839363098,0.7689735889434814,-0.1359868049621582,0.453973650932312,0.4818947911262512,-0.07133148610591888,0.5115330815315247,0.6147565841674805,-0.12499076873064041,0.530833899974823,0.7180673480033875,-0.12889884412288666,0.5416812896728516,0.7881724238395691,-0.11816960573196411,0.41267216205596924,0.535508394241333,-0.09113982319831848,0.4651711583137512,0.6412679553031921,-0.12603169679641724,0.4935244619846344,0.7163369655609131,-0.12641170620918274,0.5139636993408203,0.7648964524269104,-0.11710090935230255,0.0,0.0,0.0,0.0,0.0,0.0,0.0,0.0,0.0,0.0,0.0,0.0,0.0,0.0,0.0,0.0,0.0,0.0,0.0,0.0,0.0,0.0,0.0,0.0,0.0,0.0,0.0,0.0,0.0,0.0,0.0,0.0,0.0,0.0,0.0,0.0,0.0,0.0,0.0,0.0,0.0,0.0,0.0,0.0,0.0,0.0,0.0,0.0,0.0,0.0,0.0,0.0,0.0,0.0,0.0,0.0,0.0,0.0,0.0,0.0,0.0,0.0,0.0,he
0.4108133614063263,0.6905624866485596,4.707951859472814e-07,0.49385249614715576,0.6732891201972961,-0.012804143130779266,0.5577436685562134,0.6561232209205627,-0.03925911709666252,0.5998022556304932,0.6883224844932556,-0.07054731994867325,0.6178364157676697,0.7212197184562683,-0.10407646745443344,0.5525518655776978,0.4623895287513733,-0.03443119302392006,0.5982041954994202,0.5032989382743835,-0.07599884271621704,0.6370101571083069,0.5124700665473938,-0.10728167742490768,0.6817375421524048,0.5210222601890564,-0.1285794973373413,0.5013988614082336,0.4470476508140564,-0.05184933543205261,0.5566913485527039,0.5717267990112305,-0.10904223471879959,0.5706593990325928,0.6872230172157288,-0.13074027001857758,0.5784558653831482,0.7711832523345947,-0.13499213755130768,0.45163124799728394,0.4765442907810211,-0.07056203484535217,0.5090691447257996,0.6125680804252625,-0.12428462505340576,0.5278143286705017,0.7179885506629944,-0.12872394919395447,0.5383649468421936,0.7885702252388,-0.11822577565908432,0.40970057249069214,0.5310578346252441,-0.09055617451667786,0.4622446596622467,0.6396706700325012,-0.1256360113620758,0.4915127754211426,0.7154980301856995,-0.12641805410385132,0.5124769806861877,0.7631701827049255,-0.11742960661649704,0.0,0.0,0.0,0.0,0.0,0.0,0.0,0.0,0.0,0.0,0.0,0.0,0.0,0.0,0.0,0.0,0.0,0.0,0.0,0.0,0.0,0.0,0.0,0.0,0.0,0.0,0.0,0.0,0.0,0.0,0.0,0.0,0.0,0.0,0.0,0.0,0.0,0.0,0.0,0.0,0.0,0.0,0.0,0.0,0.0,0.0,0.0,0.0,0.0,0.0,0.0,0.0,0.0,0.0,0.0,0.0,0.0,0.0,0.0,0.0,0.0,0.0,0.0,he
0.4088430404663086,0.6920852661132812,4.4387132902556914e-07,0.4920710623264313,0.6744117140769958,-0.012937282212078571,0.5547376871109009,0.6575419902801514,-0.040209267288446426,0.597741425037384,0.6889932155609131,-0.07262822985649109,0.622696578502655,0.7252445220947266,-0.10696569830179214,0.5517238974571228,0.46399742364883423,-0.03418857604265213,0.5969959497451782,0.5034525394439697,-0.07717867195606232,0.6353634595870972,0.5122316479682922,-0.10916038602590561,0.6788228750228882,0.5199683308601379,-0.1307443380355835,0.5006114840507507,0.4489801228046417,-0.052229322493076324,0.5564317107200623,0.5685933828353882,-0.11107069253921509,0.5712658762931824,0.6852837800979614,-0.13272887468338013,0.5793299078941345,0.770254373550415,-0.13623736798763275,0.45138752460479736,0.4784037470817566,-0.07174848765134811,0.5092291235923767,0.6118449568748474,-0.12632454931735992,0.5279722809791565,0.7170118689537048,-0.12972217798233032,0.5384478569030762,0.7871873378753662,-0.11796558648347855,0.4100152850151062,0.5326439142227173,-0.09271035343408585,0.46205204725265503,0.6401525735855103,-0.12725681066513062,0.49093693494796753,0.7146068811416626,-0.12688936293125153,0.5114775896072388,0.7609063386917114,-0.11690722405910492,0.0,0.0,0.0,0.0,0.0,0.0,0.0,0.0,0.0,0.0,0.0,0.0,0.0,0.0,0.0,0.0,0.0,0.0,0.0,0.0,0.0,0.0,0.0,0.0,0.0,0.0,0.0,0.0,0.0,0.0,0.0,0.0,0.0,0.0,0.0,0.0,0.0,0.0,0.0,0.0,0.0,0.0,0.0,0.0,0.0,0.0,0.0,0.0,0.0,0.0,0.0,0.0,0.0,0.0,0.0,0.0,0.0,0.0,0.0,0.0,0.0,0.0,0.0,he
0.40831828117370605,0.6749459505081177,3.7040680922473257e-07,0.4834613800048828,0.6451335549354553,-0.0093455845490098,0.5433492660522461,0.6119030714035034,-0.028242049738764763,0.5821273326873779,0.6048538684844971,-0.05079769715666771,0.6102834939956665,0.6069976091384888,-0.07421545684337616,0.5362726449966431,0.44559910893440247,-0.028590142726898193,0.5870949029922485,0.4647065997123718,-0.06401154398918152,0.6276241540908813,0.47067737579345703,-0.09068933129310608,0.6655012369155884,0.4796997606754303,-0.10840768367052078,0.491821825504303,0.43541035056114197,-0.04334420710802078,0.5475659370422363,0.5403569340705872,-0.09138070046901703,0.5630590915679932,0.6387212872505188,-0.10785011202096939,0.5653180480003357,0.7101169228553772,-0.11100850999355316,0.4469991624355316,0.4680197238922119,-0.059309136122465134,0.5042830109596252,0.5794700980186462,-0.1060548722743988,0.5207021236419678,0.6669663190841675,-0.10579369962215424,0.5253366827964783,0.726408839225769,-0.09481008350849152,0.40783846378326416,0.5243638157844543,-0.07615413516759872,0.46276819705963135,0.6114450693130493,-0.10819493979215622,0.48595672845840454,0.6729485988616943,-0.10621391981840134,0.4974893033504486,0.7143807411193848,-0.0961846113204956,0.0,0.0,0.0,0.0,0.0,0.0,0.0,0.0,0.0,0.0,0.0,0.0,0.0,0.0,0.0,0.0,0.0,0.0,0.0,0.0,0.0,0.0,0.0,0.0,0.0,0.0,0.0,0.0,0.0,0.0,0.0,0.0,0.0,0.0,0.0,0.0,0.0,0.0,0.0,0.0,0.0,0.0,0.0,0.0,0.0,0.0,0.0,0.0,0.0,0.0,0.0,0.0,0.0,0.0,0.0,0.0,0.0,0.0,0.0,0.0,0.0,0.0,0.0,he
0.3502383232116699,0.5934993624687195,6.193472472659778e-07,0.428525447845459,0.5439289808273315,-0.012515079230070114,0.5071200132369995,0.4807819724082947,-0.03014470636844635,0.5717739462852478,0.445184588432312,-0.047930676490068436,0.6257636547088623,0.4185902178287506,-0.06717221438884735,0.48321786522865295,0.3696257770061493,-0.04513416439294815,0.5708272457122803,0.3965494930744171,-0.07992374151945114,0.6270922422409058,0.40295302867889404,-0.10368957370519638,0.6708441972732544,0.409178763628006,-0.1194847896695137,0.45178189873695374,0.38828855752944946,-0.05564441904425621,0.554111897945404,0.4600012004375458,-0.09240904450416565,0.5925408601760864,0.5293782949447632,-0.10401532053947449,0.6101304888725281,0.5777290463447571,-0.11032293736934662,0.42656439542770386,0.4385716915130615,-0.0667211264371872,0.5272173881530762,0.5128114223480225,-0.10470916330814362,0.5580807328224182,0.5745373368263245,-0.10348214954137802,0.5705273151397705,0.6177049875259399,-0.0971597284078598,0.40868112444877625,0.5036972761154175,-0.07828636467456818,0.49503093957901,0.5528883337974548,-0.10322670638561249,0.5228728652000427,0.5928950905799866,-0.10069543123245239,0.534092366695404,0.6235395669937134,-0.09484034031629562,0.0,0.0,0.0,0.0,0.0,0.0,0.0,0.0,0.0,0.0,0.0,0.0,0.0,0.0,0.0,0.0,0.0,0.0,0.0,0.0,0.0,0.0,0.0,0.0,0.0,0.0,0.0,0.0,0.0,0.0,0.0,0.0,0.0,0.0,0.0,0.0,0.0,0.0,0.0,0.0,0.0,0.0,0.0,0.0,0.0,0.0,0.0,0.0,0.0,0.0,0.0,0.0,0.0,0.0,0.0,0.0,0.0,0.0,0.0,0.0,0.0,0.0,0.0,he
0.37472641468048096,0.45254284143447876,7.412854188260098e-07,0.39454367756843567,0.3829752206802368,-0.009383289143443108,0.4416179060935974,0.32930776476860046,-0.02885112538933754,0.4939021170139313,0.3175339102745056,-0.04738257825374603,0.536510705947876,0.3269960880279541,-0.06699074804782867,0.4347227215766907,0.3001822233200073,-0.062093887478113174,0.5078298449516296,0.2734003961086273,-0.09773925691843033,0.5612924695014954,0.2758859694004059,-0.11819975078105927,0.6020035743713379,0.28537818789482117,-0.12985949218273163,0.43363985419273376,0.3390323221683502,-0.07446026057004929,0.5122789144515991,0.3095516860485077,-0.10774599760770798,0.5689842700958252,0.3147194981575012,-0.12137725204229355,0.6127082109451294,0.32765448093414307,-0.12921176850795746,0.43644922971725464,0.39356252551078796,-0.08545848727226257,0.5110569000244141,0.3678497076034546,-0.11346138268709183,0.5620038509368896,0.37443476915359497,-0.12074978649616241,0.6015826463699341,0.38451796770095825,-0.1239873468875885,0.4418015480041504,0.45531779527664185,-0.09628595411777496,0.4976073205471039,0.4392939507961273,-0.11790063977241516,0.5358812808990479,0.4368109107017517,-0.12236174941062927,0.5689703226089478,0.43881475925445557,-0.12359447032213211,0.3332669734954834,0.5194584131240845,8.084970772870292e-07,0.38169264793395996,0.4411509037017822,0.010733494535088539,0.44721442461013794,0.3938472270965576,-0.000395850365748629,0.5099359154701233,0.3939288854598999,-0.016510464251041412,0.5591006875038147,0.4092365503311157,-0.032968755811452866,0.4311660826206207,0.3075820803642273,-0.014601143077015877,0.5174115896224976,0.2765946090221405,-0.03801855817437172,0.5724537372589111,0.2822542190551758,-0.05504007264971733,0.6123722791671753,0.2996143400669098,-0.06552723795175552,0.43129754066467285,0.33897218108177185,-0.035887572914361954,0.5239156484603882,0.29806697368621826,-0.052484478801488876,0.5812859535217285,0.30009666085243225,-0.06349275261163712,0.6213980913162231,0.31471413373947144,-0.07193043828010559,0.4353863596916199,0.39079779386520386,-0.05631329119205475,0.5233125686645508,0.34782809019088745,-0.06836126744747162,0.5763656497001648,0.34227633476257324,-0.07230397313833237,0.6129528880119324,0.34473544359207153,-0.07629042863845825,0.4429989159107208,0.4558529257774353,-0.07607518136501312,0.5071287155151367,0.4378262162208557,-0.08146040141582489,0.5450138449668884,0.4296572804450989,-0.07832225412130356,0.5738754868507385,0.4257531762123108,-0.07641629129648209,he
0.32668817043304443,0.5138711929321289,4.406573452797602e-07,0.39846423268318176,0.4866526126861572,0.02430395968258381,0.4473704397678375,0.43732723593711853,0.026727693155407906,0.49271059036254883,0.41693857312202454,0.020380565896630287,0.533477783203125,0.4027043879032135,0.013325856067240238,0.4059596657752991,0.30629366636276245,0.01696396805346012,0.47758370637893677,0.24467530846595764,0.003994803875684738,0.5266405344009399,0.2169640213251114,-0.007988734170794487,0.5670968294143677,0.19515125453472137,-0.0174895990639925,0.40339377522468567,0.3102553188800812,-0.009227223694324493,0.49001866579055786,0.23851130902767181,-0.02125433087348938,0.5483590960502625,0.21518076956272125,-0.0329245924949646,0.5932457447052002,0.2027510553598404,-0.04205542430281639,0.4123761057853699,0.33728933334350586,-0.0350668840110302,0.49361494183540344,0.2645074129104614,-0.04624250531196594,0.5500805974006653,0.23909680545330048,-0.05473312363028526,0.5921021699905396,0.224275603890419,-0.061629995703697205,0.4322799742221832,0.3794765770435333,-0.05957691743969917,0.49463921785354614,0.32768529653549194,-0.06788589805364609,0.5365316271781921,0.3030197322368622,-0.07146862894296646,0.5710577964782715,0.28619149327278137,-0.07503152638673782,0.0,0.0,0.0,0.0,0.0,0.0,0.0,0.0,0.0,0.0,0.0,0.0,0.0,0.0,0.0,0.0,0.0,0.0,0.0,0.0,0.0,0.0,0.0,0.0,0.0,0.0,0.0,0.0,0.0,0.0,0.0,0.0,0.0,0.0,0.0,0.0,0.0,0.0,0.0,0.0,0.0,0.0,0.0,0.0,0.0,0.0,0.0,0.0,0.0,0.0,0.0,0.0,0.0,0.0,0.0,0.0,0.0,0.0,0.0,0.0,0.0,0.0,0.0,he
0.35214483737945557,0.4768463373184204,2.2131122534574388e-07,0.40599164366722107,0.45228147506713867,0.06533302366733551,0.4472483694553375,0.4200551211833954,0.08194287866353989,0.48465266823768616,0.41031113266944885,0.08459638059139252,0.5248823761940002,0.4035865068435669,0.08288480341434479,0.4141390919685364,0.3082805871963501,0.031805552542209625,0.46504631638526917,0.24199432134628296,0.03245716914534569,0.5030585527420044,0.20411738753318787,0.037186149507761,0.5334019660949707,0.17836162447929382,0.03893575444817543,0.41615986824035645,0.31479617953300476,-0.013309836387634277,0.4810297191143036,0.2379595935344696,-0.024057308211922646,0.5301532745361328,0.19832466542720795,-0.025843767449259758,0.5671589374542236,0.17277859151363373,-0.02575872093439102,0.42578935623168945,0.3396986126899719,-0.0528789646923542,0.48659032583236694,0.2657108008861542,-0.06590789556503296,0.5362457633018494,0.22206398844718933,-0.06756548583507538,0.573431134223938,0.19237133860588074,-0.06747160106897354,0.44514769315719604,0.37982991337776184,-0.08603246510028839,0.4946533441543579,0.31406503915786743,-0.09896453469991684,0.5314853191375732,0.2743092179298401,-0.10094772279262543,0.5610359907150269,0.24675914645195007,-0.10170011967420578,0.3295203745365143,0.5153518915176392,3.2006127526074124e-07,0.40633487701416016,0.4884158968925476,0.027576051652431488,0.4514056444168091,0.44099822640419006,0.03048277087509632,0.4925428032875061,0.41926276683807373,0.024155575782060623,0.532907247543335,0.41300827264785767,0.01566520892083645,0.41095659136772156,0.3106415271759033,0.015077739953994751,0.46851256489753723,0.24345803260803223,0.005535542499274015,0.5049489736557007,0.20532386004924774,-0.003736573038622737,0.5348601341247559,0.17251446843147278,-0.013086763210594654,0.4070332944393158,0.31226101517677307,-0.013386745937168598,0.4835148751735687,0.23336823284626007,-0.024601487442851067,0.5320312976837158,0.19438351690769196,-0.036175746470689774,0.5706543922424316,0.1648711860179901,-0.046661216765642166,0.4124944806098938,0.33588412404060364,-0.04067494347691536,0.48995912075042725,0.26322755217552185,-0.05224631354212761,0.5393012166023254,0.22512388229370117,-0.06239970028400421,0.5779780745506287,0.19559749960899353,-0.07185857743024826,0.42847931385040283,0.3776589035987854,-0.0660325139760971,0.49056458473205566,0.3257119059562683,-0.07598911225795746,0.5295448303222656,0.29292377829551697,-0.0817515030503273,0.5634241700172424,0.26540571451187134,-0.08810526132583618,he
0.3301723599433899,0.5163914561271667,3.5088308436570514e-07,0.40439748764038086,0.4905256927013397,0.022425100207328796,0.45037737488746643,0.441331148147583,0.02310069277882576,0.4928179681301117,0.4187629222869873,0.015655823051929474,0.5333377718925476,0.4123358428478241,0.006342772860080004,0.4098908603191376,0.3104601502418518,0.009169143624603748,0.46848514676094055,0.24224510788917542,-0.002197399502620101,0.5055422186851501,0.20448094606399536,-0.01264075469225645,0.5354716777801514,0.1722283959388733,-0.02258417196571827,0.40565234422683716,0.3132493197917938,-0.016719786450266838,0.4831588566303253,0.2338866889476776,-0.029576975852251053,0.5321924090385437,0.1954854130744934,-0.042419955134391785,0.5712953805923462,0.1654694378376007,-0.053670965135097504,0.41175469756126404,0.337893009185791,-0.04161505773663521,0.488351047039032,0.26229366660118103,-0.05483114719390869,0.537040114402771,0.22400304675102234,-0.06597985327243805,0.5753862857818604,0.1944848597049713,-0.07578714936971664,0.4281378984451294,0.37956613302230835,-0.06486722826957703,0.48818495869636536,0.3254283666610718,-0.07591862231492996,0.5264268517494202,0.2912832498550415,-0.08234341442584991,0.5601847171783447,0.262572318315506,-0.08893153071403503,0.0,0.0,0.0,0.0,0.0,0.0,0.0,0.0,0.0,0.0,0.0,0.0,0.0,0.0,0.0,0.0,0.0,0.0,0.0,0.0,0.0,0.0,0.0,0.0,0.0,0.0,0.0,0.0,0.0,0.0,0.0,0.0,0.0,0.0,0.0,0.0,0.0,0.0,0.0,0.0,0.0,0.0,0.0,0.0,0.0,0.0,0.0,0.0,0.0,0.0,0.0,0.0,0.0,0.0,0.0,0.0,0.0,0.0,0.0,0.0,0.0,0.0,0.0,he
0.35831746459007263,0.4919852316379547,4.419494530338852e-07,0.4112479090690613,0.471860408782959,0.014962952584028244,0.4535275399684906,0.43279972672462463,0.01603277586400509,0.49614760279655457,0.41394978761672974,0.011653853580355644,0.533000648021698,0.40285295248031616,0.0060625579208135605,0.4061838984489441,0.3127678632736206,0.007284247782081366,0.4566528797149658,0.2508655786514282,4.1539908124832436e-05,0.48724475502967834,0.2151319980621338,-0.006728280335664749,0.5109660029411316,0.18310604989528656,-0.01236962340772152,0.4077524244785309,0.3138777017593384,-0.011333773843944073,0.48028531670570374,0.24841290712356567,-0.018744129687547684,0.5257304310798645,0.2090570628643036,-0.027433404698967934,0.5600783824920654,0.1806226521730423,-0.03371618688106537,0.4175874590873718,0.3387426435947418,-0.029022175818681717,0.49433135986328125,0.2850677967071533,-0.03775715082883835,0.544493556022644,0.2574859857559204,-0.04510726034641266,0.581784188747406,0.23905831575393677,-0.05005481466650963,0.4357730746269226,0.3801078498363495,-0.04539346694946289,0.5013110637664795,0.3411378562450409,-0.052105240523815155,0.5414640307426453,0.3222441077232361,-0.05207497626543045,0.573630690574646,0.3099389374256134,-0.051767539232969284,0.34049850702285767,0.5263578295707703,3.0499816716655914e-07,0.4125193655490875,0.489682137966156,0.031042801216244698,0.4519975483417511,0.44411295652389526,0.03728131577372551,0.4920421242713928,0.42016705870628357,0.03351142257452011,0.5309765338897705,0.4102027118206024,0.02863229811191559,0.4070713222026825,0.3137064576148987,0.030423622578382492,0.46016934514045715,0.25094690918922424,0.02663825824856758,0.49063169956207275,0.21211598813533783,0.019301023334264755,0.5130912065505981,0.1763303279876709,0.011339642107486725,0.4063398838043213,0.319813996553421,0.00220183446072042,0.486558735370636,0.25453096628189087,-0.0029605019371956587,0.5324633121490479,0.2186671793460846,-0.012691052630543709,0.5671109557151794,0.18914376199245453,-0.021989336237311363,0.4141868054866791,0.344678670167923,-0.025010736659169197,0.5010042190551758,0.29343098402023315,-0.03204958885908127,0.5513064861297607,0.2793993651866913,-0.037117645144462585,0.5869290828704834,0.2674475908279419,-0.042368482798337936,0.42993107438087463,0.3822108805179596,-0.05043531954288483,0.4965096116065979,0.3409227430820465,-0.0545443519949913,0.5360777974128723,0.3220137357711792,-0.05307796224951744,0.5687373876571655,0.3057638704776764,-0.053570523858070374,he
0.3470737338066101,0.5346848964691162,3.835331483514892e-07,0.4128847122192383,0.48833325505256653,0.017758291214704514,0.44997456669807434,0.4351176619529724,0.018933521583676338,0.48794400691986084,0.40301835536956787,0.012413089163601398,0.5229566693305969,0.3814789950847626,0.006446906365454197,0.39093005657196045,0.3086760640144348,0.018113553524017334,0.4589499235153198,0.26768696308135986,0.010164294391870499,0.4991936981678009,0.23930513858795166,-0.0006695712800137699,0.5271351337432861,0.2145884931087494,-0.010278322733938694,0.390987753868103,0.3131895363330841,-0.0005592586239799857,0.4822998046875,0.282431960105896,-0.012761961668729782,0.5323792695999146,0.30859047174453735,-0.024503232911229134,0.5612890124320984,0.3402407169342041,-0.031981829553842545,0.40357691049575806,0.3389049172401428,-0.01817302592098713,0.49202463030815125,0.31301355361938477,-0.028107482939958572,0.5353732109069824,0.34476104378700256,-0.03213614225387573,0.5589494705200195,0.3797304928302765,-0.03398902341723442,0.42530369758605957,0.375779390335083,-0.03501193970441818,0.4942702054977417,0.3638148903846741,-0.037336114794015884,0.5280701518058777,0.37901175022125244,-0.03466096520423889,0.5498400330543518,0.3984905481338501,-0.032533831894397736,0.0,0.0,0.0,0.0,0.0,0.0,0.0,0.0,0.0,0.0,0.0,0.0,0.0,0.0,0.0,0.0,0.0,0.0,0.0,0.0,0.0,0.0,0.0,0.0,0.0,0.0,0.0,0.0,0.0,0.0,0.0,0.0,0.0,0.0,0.0,0.0,0.0,0.0,0.0,0.0,0.0,0.0,0.0,0.0,0.0,0.0,0.0,0.0,0.0,0.0,0.0,0.0,0.0,0.0,0.0,0.0,0.0,0.0,0.0,0.0,0.0,0.0,0.0,he
0.3439826965332031,0.5345162153244019,3.705317510593886e-07,0.4127241373062134,0.4847768545150757,0.017858996987342834,0.45103898644447327,0.43402037024497986,0.017389601096510887,0.48638054728507996,0.40044212341308594,0.008588245138525963,0.5150430202484131,0.3802547752857208,5.417527404460998e-07,0.3803270161151886,0.3079398274421692,0.01802440732717514,0.45949435234069824,0.27996325492858887,0.009223462082445621,0.5077975392341614,0.2709074914455414,-0.002375747775658965,0.5422551035881042,0.26914188265800476,-0.011429446749389172,0.38292601704597473,0.3140793442726135,-0.0003855150134768337,0.4783746302127838,0.29431575536727905,-0.01210420485585928,0.5223004817962646,0.33376479148864746,-0.022685449570417404,0.542896568775177,0.37557315826416016,-0.028645146638154984,0.39840900897979736,0.33906039595603943,-0.01762325130403042,0.4887029528617859,0.3208138942718506,-0.024720950052142143,0.5248526334762573,0.3594084680080414,-0.02556496672332287,0.5384011268615723,0.39924779534339905,-0.024949535727500916,0.4211658537387848,0.3729332685470581,-0.03438117355108261,0.4929438829421997,0.36603766679763794,-0.03166989982128143,0.5193913578987122,0.38725998997688293,-0.02528858557343483,0.530397891998291,0.41322723031044006,-0.020453862845897675,0.0,0.0,0.0,0.0,0.0,0.0,0.0,0.0,0.0,0.0,0.0,0.0,0.0,0.0,0.0,0.0,0.0,0.0,0.0,0.0,0.0,0.0,0.0,0.0,0.0,0.0,0.0,0.0,0.0,0.0,0.0,0.0,0.0,0.0,0.0,0.0,0.0,0.0,0.0,0.0,0.0,0.0,0.0,0.0,0.0,0.0,0.0,0.0,0.0,0.0,0.0,0.0,0.0,0.0,0.0,0.0,0.0,0.0,0.0,0.0,0.0,0.0,0.0,he
0.344525009393692,0.5340842008590698,4.149826509092236e-07,0.4138571321964264,0.4883592128753662,0.01615344174206257,0.4514797627925873,0.43539905548095703,0.015231579542160034,0.4870184659957886,0.4005732238292694,0.006325000897049904,0.5153501033782959,0.37852177023887634,-0.002087237313389778,0.38057902455329895,0.3089716136455536,0.018072834238409996,0.4569859504699707,0.2815307378768921,0.009425438940525055,0.5049721002578735,0.27601948380470276,-0.0017200574511662126,0.5384519100189209,0.2789280414581299,-0.010344778187572956,0.38201287388801575,0.31423214077949524,0.000527551572304219,0.4744100570678711,0.29408740997314453,-0.010459451004862785,0.5219089984893799,0.3313126266002655,-0.019880063831806183,0.5464411377906799,0.3721110224723816,-0.02499929629266262,0.3971123993396759,0.338188499212265,-0.016213640570640564,0.48578763008117676,0.3216686546802521,-0.0243053138256073,0.5255665183067322,0.3584485948085785,-0.024707064032554626,0.5423433780670166,0.39670106768608093,-0.023398641496896744,0.4200618863105774,0.37122759222984314,-0.03260379284620285,0.4921013414859772,0.36535635590553284,-0.032129932194948196,0.5189800262451172,0.3883877992630005,-0.026157431304454803,0.5310025215148926,0.4156377911567688,-0.02097361348569393,0.0,0.0,0.0,0.0,0.0,0.0,0.0,0.0,0.0,0.0,0.0,0.0,0.0,0.0,0.0,0.0,0.0,0.0,0.0,0.0,0.0,0.0,0.0,0.0,0.0,0.0,0.0,0.0,0.0,0.0,0.0,0.0,0.0,0.0,0.0,0.0,0.0,0.0,0.0,0.0,0.0,0.0,0.0,0.0,0.0,0.0,0.0,0.0,0.0,0.0,0.0,0.0,0.0,0.0,0.0,0.0,0.0,0.0,0.0,0.0,0.0,0.0,0.0,he
0.3418567180633545,0.5394062399864197,2.57212690257802e-07,0.41265472769737244,0.48735782504081726,0.018557067960500717,0.4471237361431122,0.4344514012336731,0.01953754760324955,0.48230743408203125,0.3996180295944214,0.011478017084300518,0.5095377564430237,0.3746653199195862,0.005002835299819708,0.37201860547065735,0.3133878707885742,0.025509368628263474,0.457400381565094,0.30074992775917053,0.014103765599429607,0.5038424134254456,0.32416048645973206,0.0007832050905562937,0.5342196226119995,0.35055264830589294,-0.007817717269062996,0.3732871115207672,0.3186383545398712,0.00672789616510272,0.47136223316192627,0.302966445684433,-0.0035143468994647264,0.5125290155410767,0.34469181299209595,-0.01235571876168251,0.5331528186798096,0.3846287429332733,-0.01691885106265545,0.38787224888801575,0.3411511182785034,-0.01220149639993906,0.4837891757488251,0.3285769820213318,-0.019464505836367607,0.518487811088562,0.3711695373058319,-0.019994156435132027,0.5308479070663452,0.4114021360874176,-0.018170161172747612,0.41153258085250854,0.3731969892978668,-0.03079683892428875,0.4879767894744873,0.36731553077697754,-0.02914435788989067,0.5130448341369629,0.3953787684440613,-0.022630902007222176,0.523155152797699,0.4263647496700287,-0.016652420163154602,0.0,0.0,0.0,0.0,0.0,0.0,0.0,0.0,0.0,0.0,0.0,0.0,0.0,0.0,0.0,0.0,0.0,0.0,0.0,0.0,0.0,0.0,0.0,0.0,0.0,0.0,0.0,0.0,0.0,0.0,0.0,0.0,0.0,0.0,0.0,0.0,0.0,0.0,0.0,0.0,0.0,0.0,0.0,0.0,0.0,0.0,0.0,0.0,0.0,0.0,0.0,0.0,0.0,0.0,0.0,0.0,0.0,0.0,0.0,0.0,0.0,0.0,0.0,he
0.33755844831466675,0.5463434457778931,2.254625997011317e-07,0.4063006043434143,0.49707913398742676,0.01825006678700447,0.44320642948150635,0.44352978467941284,0.01883814111351967,0.4800516963005066,0.4089818596839905,0.010771958157420158,0.5078375339508057,0.3824721872806549,0.0043597412295639515,0.3693807125091553,0.3208344578742981,0.02584860287606716,0.45449283719062805,0.3098078966140747,0.014557438902556896,0.5009309649467468,0.3356184959411621,0.0015806107548996806,0.5286336541175842,0.36437538266181946,-0.006408871617168188,0.3717568814754486,0.3263353109359741,0.0076356856152415276,0.46770167350769043,0.3131787180900574,-0.0016669631004333496,0.5089139342308044,0.35626405477523804,-0.010296594351530075,0.5275169014930725,0.39642569422721863,-0.01479365210980177,0.38651806116104126,0.34916001558303833,-0.010687935166060925,0.4795272648334503,0.33736586570739746,-0.01800045557320118,0.5143402218818665,0.3831881880760193,-0.018211880698800087,0.5254753232002258,0.4249171316623688,-0.015963846817612648,0.4095102548599243,0.38209888339042664,-0.028525125235319138,0.4848670959472656,0.3755514323711395,-0.027877546846866608,0.5110427141189575,0.406021386384964,-0.0215225238353014,0.5207158327102661,0.43794935941696167,-0.015301593579351902,0.0,0.0,0.0,0.0,0.0,0.0,0.0,0.0,0.0,0.0,0.0,0.0,0.0,0.0,0.0,0.0,0.0,0.0,0.0,0.0,0.0,0.0,0.0,0.0,0.0,0.0,0.0,0.0,0.0,0.0,0.0,0.0,0.0,0.0,0.0,0.0,0.0,0.0,0.0,0.0,0.0,0.0,0.0,0.0,0.0,0.0,0.0,0.0,0.0,0.0,0.0,0.0,0.0,0.0,0.0,0.0,0.0,0.0,0.0,0.0,0.0,0.0,0.0,he
0.33445677161216736,0.5509979724884033,2.165915304885857e-07,0.40350258350372314,0.509361743927002,0.019735882058739662,0.4391310513019562,0.4561993479728699,0.022142522037029266,0.47264182567596436,0.4231163263320923,0.016158055514097214,0.4988788366317749,0.3997695744037628,0.011649519205093384,0.36884430050849915,0.32583892345428467,0.025024376809597015,0.45603442192077637,0.3179158568382263,0.014470666646957397,0.5027677416801453,0.34434187412261963,0.0020250852685421705,0.5312619209289551,0.37346458435058594,-0.005692160222679377,0.370021790266037,0.33128026127815247,0.0069246613420546055,0.4676954448223114,0.321707546710968,-0.0015998369781300426,0.5079784393310547,0.3653903007507324,-0.009619691409170628,0.5267432928085327,0.4055688679218292,-0.013874291442334652,0.383890837430954,0.3539559245109558,-0.010961184278130531,0.4784037172794342,0.34637030959129333,-0.017591120675206184,0.5136903524398804,0.3915874660015106,-0.01823042333126068,0.5255463123321533,0.43232375383377075,-0.016495054587721825,0.4061020612716675,0.3861217200756073,-0.028151938691735268,0.4824841618537903,0.38344961404800415,-0.026956383138895035,0.5080017447471619,0.4143020510673523,-0.021027985960245132,0.5171672105789185,0.44547808170318604,-0.01528838463127613,0.0,0.0,0.0,0.0,0.0,0.0,0.0,0.0,0.0,0.0,0.0,0.0,0.0,0.0,0.0,0.0,0.0,0.0,0.0,0.0,0.0,0.0,0.0,0.0,0.0,0.0,0.0,0.0,0.0,0.0,0.0,0.0,0.0,0.0,0.0,0.0,0.0,0.0,0.0,0.0,0.0,0.0,0.0,0.0,0.0,0.0,0.0,0.0,0.0,0.0,0.0,0.0,0.0,0.0,0.0,0.0,0.0,0.0,0.0,0.0,0.0,0.0,0.0,he
0.32702335715293884,0.5657685399055481,2.6051304757856997e-07,0.3994199335575104,0.5233408212661743,0.02211042307317257,0.4359564185142517,0.47126126289367676,0.024687334895133972,0.46974462270736694,0.43777909874916077,0.017866862937808037,0.49823760986328125,0.4156302213668823,0.012136660516262054,0.36403509974479675,0.34085333347320557,0.02721201255917549,0.4521748721599579,0.3311557173728943,0.01726130023598671,0.500514030456543,0.352692574262619,0.006380112841725349,0.5331664085388184,0.3778134286403656,-0.0007315799593925476,0.3644210398197174,0.344157338142395,0.00656328909099102,0.46597278118133545,0.3318774104118347,-0.003663502400740981,0.5071845650672913,0.3771669268608093,-0.01072118803858757,0.5284236669540405,0.416666179895401,-0.01350352168083191,0.37855395674705505,0.3651958405971527,-0.013758230954408646,0.4759429395198822,0.35835790634155273,-0.02273700386285782,0.5107811093330383,0.407156378030777,-0.022147566080093384,0.5233988761901855,0.44808098673820496,-0.018819496035575867,0.4006872773170471,0.3972558379173279,-0.03320598974823952,0.47917282581329346,0.3958636224269867,-0.03425141051411629,0.5076743364334106,0.4270034730434418,-0.028099317103624344,0.5203243494033813,0.4563472270965576,-0.02170531451702118,0.0,0.0,0.0,0.0,0.0,0.0,0.0,0.0,0.0,0.0,0.0,0.0,0.0,0.0,0.0,0.0,0.0,0.0,0.0,0.0,0.0,0.0,0.0,0.0,0.0,0.0,0.0,0.0,0.0,0.0,0.0,0.0,0.0,0.0,0.0,0.0,0.0,0.0,0.0,0.0,0.0,0.0,0.0,0.0,0.0,0.0,0.0,0.0,0.0,0.0,0.0,0.0,0.0,0.0,0.0,0.0,0.0,0.0,0.0,0.0,0.0,0.0,0.0,he
0.3277238607406616,0.5670590400695801,2.845846722721035e-07,0.4007745385169983,0.5242145657539368,0.01864481344819069,0.4378146529197693,0.4711903929710388,0.019929006695747375,0.47155481576919556,0.4381595253944397,0.012848717160522938,0.49890053272247314,0.4130445718765259,0.007289671804755926,0.36368829011917114,0.33619505167007446,0.024670807644724846,0.45265814661979675,0.33078110218048096,0.013093691319227219,0.5001090168952942,0.35398998856544495,-0.0003406487812753767,0.5319230556488037,0.38139331340789795,-0.00917273573577404,0.3630264699459076,0.3416811525821686,0.005767360795289278,0.4646684229373932,0.3334536850452423,-0.00814958568662405,0.5056602358818054,0.38007867336273193,-0.019261205568909645,0.527127742767334,0.4241909086704254,-0.0241873599588871,0.3766467869281769,0.3646198809146881,-0.012863139621913433,0.47375592589378357,0.3577006161212921,-0.023925410583615303,0.510133683681488,0.4052686393260956,-0.026195012032985687,0.5247622132301331,0.4483407139778137,-0.024366306141018867,0.3992636501789093,0.39691731333732605,-0.030832108110189438,0.4781181216239929,0.39669033885002136,-0.03349419683218002,0.5061337351799011,0.42734378576278687,-0.029201090335845947,0.5193215012550354,0.45743805170059204,-0.023849235847592354,0.0,0.0,0.0,0.0,0.0,0.0,0.0,0.0,0.0,0.0,0.0,0.0,0.0,0.0,0.0,0.0,0.0,0.0,0.0,0.0,0.0,0.0,0.0,0.0,0.0,0.0,0.0,0.0,0.0,0.0,0.0,0.0,0.0,0.0,0.0,0.0,0.0,0.0,0.0,0.0,0.0,0.0,0.0,0.0,0.0,0.0,0.0,0.0,0.0,0.0,0.0,0.0,0.0,0.0,0.0,0.0,0.0,0.0,0.0,0.0,0.0,0.0,0.0,he
0.3255617916584015,0.5814544558525085,3.1014090495773416e-07,0.4044041633605957,0.5408372282981873,0.012157325632870197,0.44699588418006897,0.4880301058292389,0.008882163092494011,0.4818936288356781,0.4537588655948639,-0.0018284786492586136,0.5092816352844238,0.42435869574546814,-0.010728077962994576,0.36911675333976746,0.3460685610771179,0.011891731061041355,0.46265721321105957,0.3398151397705078,-0.008698569610714912,0.5167338848114014,0.3670424818992615,-0.026732439175248146,0.553502082824707,0.4002370536327362,-0.037264756858348846,0.36419740319252014,0.35094159841537476,-0.006774363573640585,0.4722018837928772,0.3427067995071411,-0.027873488143086433,0.5222592949867249,0.39391157031059265,-0.039949603378772736,0.5491315126419067,0.4405832886695862,-0.04444907605648041,0.37482696771621704,0.3749121427536011,-0.02592531405389309,0.47932350635528564,0.36879563331604004,-0.04561786726117134,0.5233467221260071,0.4230567216873169,-0.04800744727253914,0.5420286655426025,0.4698473811149597,-0.044275008141994476,0.3953457176685333,0.4086640179157257,-0.04479493573307991,0.4801586866378784,0.4095340967178345,-0.0546918623149395,0.5130185484886169,0.4455558955669403,-0.050866734236478806,0.5285104513168335,0.47982171177864075,-0.044248856604099274,0.0,0.0,0.0,0.0,0.0,0.0,0.0,0.0,0.0,0.0,0.0,0.0,0.0,0.0,0.0,0.0,0.0,0.0,0.0,0.0,0.0,0.0,0.0,0.0,0.0,0.0,0.0,0.0,0.0,0.0,0.0,0.0,0.0,0.0,0.0,0.0,0.0,0.0,0.0,0.0,0.0,0.0,0.0,0.0,0.0,0.0,0.0,0.0,0.0,0.0,0.0,0.0,0.0,0.0,0.0,0.0,0.0,0.0,0.0,0.0,0.0,0.0,0.0,he
0.33746567368507385,0.5987194180488586,5.102824047753529e-07,0.4375574290752411,0.5643556714057922,0.0017515110084787011,0.49083253741264343,0.516288697719574,-0.011145815253257751,0.5306670665740967,0.4864352345466614,-0.030324459075927734,0.5651185512542725,0.466175377368927,-0.04848732426762581,0.407433420419693,0.35337650775909424,-0.005554539617151022,0.4946301579475403,0.34733521938323975,-0.03398628905415535,0.5513114929199219,0.3513762950897217,-0.05691470950841904,0.5971623659133911,0.3634476065635681,-0.07218518853187561,0.38886353373527527,0.36240315437316895,-0.02392086386680603,0.502639889717102,0.36388450860977173,-0.0611262321472168,0.5520502328872681,0.42391014099121094,-0.07704538851976395,0.5779026746749878,0.47240060567855835,-0.08116891235113144,0.3876880407333374,0.3943403363227844,-0.04315183311700821,0.49315375089645386,0.3894338011741638,-0.0773996114730835,0.5376203656196594,0.448566198348999,-0.07894402742385864,0.5568892955780029,0.49597999453544617,-0.07184641063213348,0.39878231287002563,0.43935251235961914,-0.06273876875638962,0.4867393970489502,0.4439082741737366,-0.084583580493927,0.5230358242988586,0.48016899824142456,-0.08252456039190292,0.5418164730072021,0.5103235244750977,-0.07519382983446121,0.0,0.0,0.0,0.0,0.0,0.0,0.0,0.0,0.0,0.0,0.0,0.0,0.0,0.0,0.0,0.0,0.0,0.0,0.0,0.0,0.0,0.0,0.0,0.0,0.0,0.0,0.0,0.0,0.0,0.0,0.0,0.0,0.0,0.0,0.0,0.0,0.0,0.0,0.0,0.0,0.0,0.0,0.0,0.0,0.0,0.0,0.0,0.0,0.0,0.0,0.0,0.0,0.0,0.0,0.0,0.0,0.0,0.0,0.0,0.0,0.0,0.0,0.0,he
0.33461689949035645,0.6234896779060364,3.3713001812429866e-07,0.4279726445674896,0.5759732127189636,0.002504251664504409,0.4761737585067749,0.5065871477127075,-0.007451213430613279,0.5128852128982544,0.46309950947761536,-0.023165449500083923,0.5484508872032166,0.4278329908847809,-0.03798329830169678,0.4186495244503021,0.3664974868297577,-0.004459432791918516,0.5138777494430542,0.3661470115184784,-0.03248453140258789,0.5708785057067871,0.3673231601715088,-0.05589419603347778,0.6167984008789062,0.3694269061088562,-0.07276761531829834,0.40317243337631226,0.37836727499961853,-0.02282540127635002,0.5145471096038818,0.38853299617767334,-0.060056012123823166,0.5405349135398865,0.45956456661224365,-0.07315610349178314,0.543972909450531,0.51175457239151,-0.07626328617334366,0.3973665237426758,0.41329705715179443,-0.04236553981900215,0.5064149498939514,0.43089357018470764,-0.07333263754844666,0.522885799407959,0.49515199661254883,-0.06521916389465332,0.5157477855682373,0.5366999506950378,-0.053027037531137466,0.3991639316082001,0.460532009601593,-0.06295709311962128,0.49302545189857483,0.4733356237411499,-0.07967092096805573,0.5130883455276489,0.5072494745254517,-0.0706937238574028,0.5110849142074585,0.5273528099060059,-0.06008553132414818,0.0,0.0,0.0,0.0,0.0,0.0,0.0,0.0,0.0,0.0,0.0,0.0,0.0,0.0,0.0,0.0,0.0,0.0,0.0,0.0,0.0,0.0,0.0,0.0,0.0,0.0,0.0,0.0,0.0,0.0,0.0,0.0,0.0,0.0,0.0,0.0,0.0,0.0,0.0,0.0,0.0,0.0,0.0,0.0,0.0,0.0,0.0,0.0,0.0,0.0,0.0,0.0,0.0,0.0,0.0,0.0,0.0,0.0,0.0,0.0,0.0,0.0,0.0,he
0.33336859941482544,0.6315895318984985,3.015119887095352e-07,0.4262869656085968,0.5746713280677795,0.010438840836286545,0.4787522256374359,0.5083231329917908,0.0031587008852511644,0.5134565830230713,0.4643242657184601,-0.011981165036559105,0.5445153117179871,0.4254463315010071,-0.02680002525448799,0.4254012107849121,0.3677305281162262,0.0003965965297538787,0.5154445767402649,0.36511269211769104,-0.024643082171678543,0.5686549544334412,0.3646129071712494,-0.043827105313539505,0.6112934947013855,0.3669295907020569,-0.057446252554655075,0.4069627821445465,0.37973156571388245,-0.021750980988144875,0.5123647451400757,0.3953053057193756,-0.05690959841012955,0.5357316732406616,0.4679323732852936,-0.0690673291683197,0.536874532699585,0.5244250893592834,-0.07186783850193024,0.39752820134162903,0.4160332679748535,-0.044272907078266144,0.4999984800815582,0.4392438232898712,-0.07598266005516052,0.5118837356567383,0.505033552646637,-0.06969453394412994,0.5030404925346375,0.5504584312438965,-0.05842350423336029,0.39642757177352905,0.46557170152664185,-0.06663629412651062,0.489641398191452,0.4742325246334076,-0.08496826887130737,0.516737699508667,0.5077839493751526,-0.07762312144041061,0.5221916437149048,0.530448317527771,-0.06794290989637375,0.0,0.0,0.0,0.0,0.0,0.0,0.0,0.0,0.0,0.0,0.0,0.0,0.0,0.0,0.0,0.0,0.0,0.0,0.0,0.0,0.0,0.0,0.0,0.0,0.0,0.0,0.0,0.0,0.0,0.0,0.0,0.0,0.0,0.0,0.0,0.0,0.0,0.0,0.0,0.0,0.0,0.0,0.0,0.0,0.0,0.0,0.0,0.0,0.0,0.0,0.0,0.0,0.0,0.0,0.0,0.0,0.0,0.0,0.0,0.0,0.0,0.0,0.0,he
0.3556489646434784,0.624104917049408,3.3923555520232185e-07,0.42252087593078613,0.5820997357368469,-0.02488497458398342,0.4852551221847534,0.5339839458465576,-0.0498870350420475,0.5252267122268677,0.5089497566223145,-0.07399590313434601,0.5566862225532532,0.5074676275253296,-0.09625760465860367,0.47053685784339905,0.4346756637096405,-0.05831429362297058,0.5482915043830872,0.5228378772735596,-0.11081886291503906,0.5750351548194885,0.6133075952529907,-0.14204196631908417,0.5911529660224915,0.6727839708328247,-0.15689334273338318,0.4393174648284912,0.4612068831920624,-0.06547458469867706,0.5200584530830383,0.5685460567474365,-0.1183207705616951,0.5439855456352234,0.6637576222419739,-0.1333228498697281,0.5575151443481445,0.7247029542922974,-0.13510793447494507,0.4138700067996979,0.5101932883262634,-0.07549789547920227,0.49642837047576904,0.6128379106521606,-0.1272437870502472,0.5238254070281982,0.6935266852378845,-0.12974242866039276,0.5397111177444458,0.7469828724861145,-0.11948335915803909,0.396096408367157,0.5704002976417542,-0.0866207629442215,0.46815821528434753,0.6447350978851318,-0.12143730372190475,0.49694693088531494,0.6990079283714294,-0.12130910158157349,0.5173583030700684,0.7375950813293457,-0.11250072717666626,0.329900324344635,0.6947932243347168,-6.298165100560027e-09,0.4179795980453491,0.6388479471206665,-0.005407035816460848,0.4871445596218109,0.5924614667892456,-0.024706408381462097,0.5334770679473877,0.5675052404403687,-0.049344878643751144,0.5766966342926025,0.5639345049858093,-0.0739741101861,0.485357403755188,0.43751102685928345,-0.02769758366048336,0.5562981367111206,0.48803821206092834,-0.06923334300518036,0.6014111042022705,0.5384010076522827,-0.10095977038145065,0.6340959072113037,0.5767377018928528,-0.12020543962717056,0.45339715480804443,0.451337993144989,-0.04514244943857193,0.5361093878746033,0.5511828064918518,-0.09018552303314209,0.5687876343727112,0.6476728916168213,-0.1080685555934906,0.5825174450874329,0.7230034470558167,-0.11382409185171127,0.42318257689476013,0.4976295232772827,-0.06376603245735168,0.5062030553817749,0.595295786857605,-0.10614149272441864,0.5315727591514587,0.6749323606491089,-0.10745353251695633,0.5405431389808655,0.7387914657592773,-0.09938988089561462,0.3971249461174011,0.563139021396637,-0.08340641111135483,0.4698326885700226,0.6518551111221313,-0.1125531867146492,0.5000596046447754,0.7105674743652344,-0.11096271127462387,0.518099844455719,0.7570244073867798,-0.10224327445030212,he
0.36265653371810913,0.7248373031616211,5.378827836466371e-07,0.45983681082725525,0.6898987293243408,-0.008262134157121181,0.5252267122268677,0.6591548919677734,-0.030292728915810585,0.5702441334724426,0.6510686874389648,-0.05789879336953163,0.608020007610321,0.6631865501403809,-0.08673298358917236,0.5228368043899536,0.4800683856010437,-0.034648966044187546,0.5891858339309692,0.5184510946273804,-0.07429427653551102,0.6336315274238586,0.5254621505737305,-0.1033768579363823,0.676338791847229,0.5321899652481079,-0.1230127215385437,0.4784192740917206,0.482205331325531,-0.0535089485347271,0.550742506980896,0.5993002653121948,-0.10575814545154572,0.5740057229995728,0.6961463689804077,-0.12586063146591187,0.5860081911087036,0.7695123553276062,-0.13094770908355713,0.43469008803367615,0.5260813236236572,-0.07286445796489716,0.5077050924301147,0.6518040299415588,-0.12382572889328003,0.5258111357688904,0.7424926161766052,-0.1283569186925888,0.5356987118721008,0.8073577880859375,-0.11911915242671967,0.3975217342376709,0.5890363454818726,-0.09290379285812378,0.46422910690307617,0.6981766223907471,-0.12763862311840057,0.49507105350494385,0.7653183937072754,-0.12878242135047913,0.5164691805839539,0.8115653991699219,-0.11994104087352753,0.0,0.0,0.0,0.0,0.0,0.0,0.0,0.0,0.0,0.0,0.0,0.0,0.0,0.0,0.0,0.0,0.0,0.0,0.0,0.0,0.0,0.0,0.0,0.0,0.0,0.0,0.0,0.0,0.0,0.0,0.0,0.0,0.0,0.0,0.0,0.0,0.0,0.0,0.0,0.0,0.0,0.0,0.0,0.0,0.0,0.0,0.0,0.0,0.0,0.0,0.0,0.0,0.0,0.0,0.0,0.0,0.0,0.0,0.0,0.0,0.0,0.0,0.0,he
0.384753942489624,0.7285312414169312,5.195238941269054e-07,0.4757981300354004,0.70643150806427,-0.010772702284157276,0.5414077639579773,0.6969424486160278,-0.039934203028678894,0.5862787961959839,0.7189186215400696,-0.07504253834486008,0.6034457683563232,0.753416895866394,-0.1119251698255539,0.5337174534797668,0.4945847690105438,-0.04341372847557068,0.59068763256073,0.5293765068054199,-0.08828183263540268,0.6319596767425537,0.5390069484710693,-0.1220998540520668,0.6744536757469177,0.5476969480514526,-0.14509020745754242,0.4843083322048187,0.49131232500076294,-0.06398716568946838,0.5493876338005066,0.6149696111679077,-0.11966757476329803,0.5657450556755066,0.7204280495643616,-0.14016704261302948,0.5726546049118042,0.7970194220542908,-0.14571259915828705,0.43633168935775757,0.5324667096138,-0.08516113460063934,0.5028994679450989,0.6614311337471008,-0.13746370375156403,0.5208913087844849,0.7580927014350891,-0.13954252004623413,0.5302174091339111,0.8253552913665771,-0.12864074110984802,0.3957630395889282,0.5943765044212341,-0.1075323224067688,0.4563198983669281,0.7013420462608337,-0.14050838351249695,0.48769044876098633,0.7718127965927124,-0.13858091831207275,0.5103573203086853,0.8206714987754822,-0.1282825469970703,0.0,0.0,0.0,0.0,0.0,0.0,0.0,0.0,0.0,0.0,0.0,0.0,0.0,0.0,0.0,0.0,0.0,0.0,0.0,0.0,0.0,0.0,0.0,0.0,0.0,0.0,0.0,0.0,0.0,0.0,0.0,0.0,0.0,0.0,0.0,0.0,0.0,0.0,0.0,0.0,0.0,0.0,0.0,0.0,0.0,0.0,0.0,0.0,0.0,0.0,0.0,0.0,0.0,0.0,0.0,0.0,0.0,0.0,0.0,0.0,0.0,0.0,0.0,he
0.39949965476989746,0.7283354997634888,5.679435730598925e-07,0.4815189242362976,0.7107969522476196,-0.018276162445545197,0.5467583537101746,0.7085787057876587,-0.05240525305271149,0.5928029417991638,0.7485044002532959,-0.09102319180965424,0.6102429628372192,0.79299396276474,-0.13132844865322113,0.5348372459411621,0.5030128359794617,-0.05188341066241264,0.5761206150054932,0.5404825210571289,-0.10104923695325851,0.6136698722839355,0.5515786409378052,-0.13716384768486023,0.6575782299041748,0.5632473230361938,-0.16112299263477325,0.48196741938591003,0.49760985374450684,-0.07027066498994827,0.5327833890914917,0.6222589015960693,-0.13248826563358307,0.555165708065033,0.7338173389434814,-0.155451700091362,0.5709088444709778,0.8166846632957458,-0.1608588993549347,0.4328736364841461,0.5376790761947632,-0.0897405594587326,0.48746827244758606,0.6765344142913818,-0.1467319130897522,0.5120784044265747,0.7749326229095459,-0.15011940896511078,0.5270755887031555,0.8423799276351929,-0.1389436423778534,0.39195704460144043,0.5987898111343384,-0.11125923693180084,0.44363507628440857,0.7163400650024414,-0.1467873901128769,0.4778529405593872,0.7912114262580872,-0.14607995748519897,0.503014087677002,0.8411704301834106,-0.13614493608474731,0.0,0.0,0.0,0.0,0.0,0.0,0.0,0.0,0.0,0.0,0.0,0.0,0.0,0.0,0.0,0.0,0.0,0.0,0.0,0.0,0.0,0.0,0.0,0.0,0.0,0.0,0.0,0.0,0.0,0.0,0.0,0.0,0.0,0.0,0.0,0.0,0.0,0.0,0.0,0.0,0.0,0.0,0.0,0.0,0.0,0.0,0.0,0.0,0.0,0.0,0.0,0.0,0.0,0.0,0.0,0.0,0.0,0.0,0.0,0.0,0.0,0.0,0.0,he
0.3962056040763855,0.722910463809967,4.89696276417817e-07,0.4734938144683838,0.7068350911140442,-0.014589053578674793,0.5378395318984985,0.7066926956176758,-0.046974606812000275,0.5852351784706116,0.747624933719635,-0.08466227352619171,0.6143255829811096,0.7907346487045288,-0.12445779889822006,0.5332595109939575,0.5057812929153442,-0.048134978860616684,0.5748547315597534,0.5392534732818604,-0.09570766240358353,0.6120572090148926,0.5484299659729004,-0.13047784566879272,0.6553369164466858,0.5593565702438354,-0.15314428508281708,0.48099178075790405,0.49925777316093445,-0.06777895241975784,0.5362638831138611,0.6224952340126038,-0.1270950585603714,0.5582213401794434,0.7332723140716553,-0.14859433472156525,0.5730104446411133,0.8170287013053894,-0.15298505127429962,0.43175530433654785,0.5383542776107788,-0.08822453767061234,0.4894784390926361,0.6740361452102661,-0.14403915405273438,0.5147273540496826,0.7746791839599609,-0.1464167684316635,0.5297020673751831,0.8465251922607422,-0.13420699536800385,0.39040371775627136,0.5993807911872864,-0.11024969071149826,0.4419768452644348,0.7153929471969604,-0.14546044170856476,0.4761299192905426,0.7918850183486938,-0.14344382286071777,0.5002232193946838,0.8447480201721191,-0.13191072642803192,0.0,0.0,0.0,0.0,0.0,0.0,0.0,0.0,0.0,0.0,0.0,0.0,0.0,0.0,0.0,0.0,0.0,0.0,0.0,0.0,0.0,0.0,0.0,0.0,0.0,0.0,0.0,0.0,0.0,0.0,0.0,0.0,0.0,0.0,0.0,0.0,0.0,0.0,0.0,0.0,0.0,0.0,0.0,0.0,0.0,0.0,0.0,0.0,0.0,0.0,0.0,0.0,0.0,0.0,0.0,0.0,0.0,0.0,0.0,0.0,0.0,0.0,0.0,he
0.40731197595596313,0.7223474979400635,5.414029260464304e-07,0.4831259548664093,0.7059852480888367,-0.018886690959334373,0.545302152633667,0.7019906044006348,-0.05327300727367401,0.589920163154602,0.7405275106430054,-0.09149208664894104,0.6102514863014221,0.7816708087921143,-0.13116705417633057,0.5338608026504517,0.504331111907959,-0.053799886256456375,0.5661614537239075,0.5373731851577759,-0.10460695624351501,0.6019628643989563,0.5498479008674622,-0.14113424718379974,0.6447353959083557,0.5639587640762329,-0.1648659110069275,0.4806622564792633,0.5011208653450012,-0.07265622168779373,0.5324220061302185,0.6260942816734314,-0.13759618997573853,0.5560967922210693,0.7409740090370178,-0.15981023013591766,0.573309600353241,0.8234165906906128,-0.16379497945308685,0.4315512776374817,0.5439125895500183,-0.09289779514074326,0.4884543716907501,0.6821654438972473,-0.15350118279457092,0.5151849389076233,0.7843859791755676,-0.15511174499988556,0.5327244997024536,0.8517044186592102,-0.14175331592559814,0.39087551832199097,0.6085634827613831,-0.11494175344705582,0.4427649974822998,0.7250484824180603,-0.152940571308136,0.47657090425491333,0.7998864650726318,-0.15078005194664001,0.5024606585502625,0.8465105891227722,-0.13921989500522614,0.0,0.0,0.0,0.0,0.0,0.0,0.0,0.0,0.0,0.0,0.0,0.0,0.0,0.0,0.0,0.0,0.0,0.0,0.0,0.0,0.0,0.0,0.0,0.0,0.0,0.0,0.0,0.0,0.0,0.0,0.0,0.0,0.0,0.0,0.0,0.0,0.0,0.0,0.0,0.0,0.0,0.0,0.0,0.0,0.0,0.0,0.0,0.0,0.0,0.0,0.0,0.0,0.0,0.0,0.0,0.0,0.0,0.0,0.0,0.0,0.0,0.0,0.0,he
0.40728288888931274,0.7305009365081787,4.5660297587346577e-07,0.4842303693294525,0.7125895023345947,-0.016450824216008186,0.5462920069694519,0.7032848000526428,-0.049142058938741684,0.5903712511062622,0.7395772933959961,-0.08653190732002258,0.6207412481307983,0.7856638431549072,-0.12585344910621643,0.5367023944854736,0.5072447657585144,-0.05061808601021767,0.5667392015457153,0.5336107015609741,-0.10128072649240494,0.6010710597038269,0.5450341105461121,-0.13747765123844147,0.6428603529930115,0.5592101812362671,-0.1607837677001953,0.4832225441932678,0.5018163323402405,-0.07094422727823257,0.5348402857780457,0.6247543692588806,-0.13588492572307587,0.5609809160232544,0.7386434674263,-0.15819886326789856,0.5792198181152344,0.8235765695571899,-0.1617060750722885,0.43272846937179565,0.5438032746315002,-0.09253368526697159,0.48955971002578735,0.681359589099884,-0.15350304543972015,0.5174540877342224,0.7837487459182739,-0.15558484196662903,0.5347959995269775,0.8534627556800842,-0.14188599586486816,0.3907601833343506,0.6094279289245605,-0.11574437469244003,0.44164517521858215,0.722559928894043,-0.15485744178295135,0.47744545340538025,0.798301100730896,-0.15257103741168976,0.5041489005088806,0.8481526374816895,-0.1399460881948471,0.0,0.0,0.0,0.0,0.0,0.0,0.0,0.0,0.0,0.0,0.0,0.0,0.0,0.0,0.0,0.0,0.0,0.0,0.0,0.0,0.0,0.0,0.0,0.0,0.0,0.0,0.0,0.0,0.0,0.0,0.0,0.0,0.0,0.0,0.0,0.0,0.0,0.0,0.0,0.0,0.0,0.0,0.0,0.0,0.0,0.0,0.0,0.0,0.0,0.0,0.0,0.0,0.0,0.0,0.0,0.0,0.0,0.0,0.0,0.0,0.0,0.0,0.0,he
0.40806108713150024,0.7276996374130249,4.716553689831926e-07,0.483482301235199,0.7138782739639282,-0.01689247228205204,0.545934796333313,0.7086008787155151,-0.05126700550317764,0.590294599533081,0.7449057102203369,-0.09027352929115295,0.6184541583061218,0.787514328956604,-0.13127221167087555,0.5372049808502197,0.5089035630226135,-0.05433778464794159,0.5691773295402527,0.5325072407722473,-0.10568243265151978,0.6028488278388977,0.5419456362724304,-0.14272625744342804,0.6437110304832458,0.5535293817520142,-0.16709688305854797,0.4837147891521454,0.5003092288970947,-0.07510337233543396,0.5376878380775452,0.6266545653343201,-0.14151905477046967,0.5643094778060913,0.7403653264045715,-0.16513733565807343,0.5825681686401367,0.8252514004707336,-0.17006589472293854,0.43344610929489136,0.5420395731925964,-0.09692544490098953,0.4915981590747833,0.6801563501358032,-0.15907733142375946,0.521096408367157,0.7835388779640198,-0.1616126298904419,0.5399960875511169,0.8551760315895081,-0.1487509310245514,0.391839861869812,0.6083660125732422,-0.12028957903385162,0.44400477409362793,0.7204346656799316,-0.1605347990989685,0.47949618101119995,0.7968214750289917,-0.1586257964372635,0.5062911510467529,0.8481630086898804,-0.14670485258102417,0.0,0.0,0.0,0.0,0.0,0.0,0.0,0.0,0.0,0.0,0.0,0.0,0.0,0.0,0.0,0.0,0.0,0.0,0.0,0.0,0.0,0.0,0.0,0.0,0.0,0.0,0.0,0.0,0.0,0.0,0.0,0.0,0.0,0.0,0.0,0.0,0.0,0.0,0.0,0.0,0.0,0.0,0.0,0.0,0.0,0.0,0.0,0.0,0.0,0.0,0.0,0.0,0.0,0.0,0.0,0.0,0.0,0.0,0.0,0.0,0.0,0.0,0.0,he
0.41048291325569153,0.7177882194519043,4.7199054620250536e-07,0.4847356379032135,0.7064313292503357,-0.018183408305048943,0.548328697681427,0.7047207355499268,-0.05190420523285866,0.593636691570282,0.7441829442977905,-0.09003439545631409,0.6144185662269592,0.7882670760154724,-0.12985913455486298,0.5388950705528259,0.508783221244812,-0.05236872658133507,0.5655995607376099,0.5328609347343445,-0.10328108817338943,0.5977718830108643,0.5428174734115601,-0.1395696997642517,0.6384302377700806,0.5562990307807922,-0.16309402883052826,0.48473650217056274,0.5012637376785278,-0.07253977656364441,0.5369547009468079,0.6251370906829834,-0.13811996579170227,0.5617304444313049,0.7381876111030579,-0.16048239171504974,0.5792969465255737,0.8225030303001404,-0.16407810151576996,0.43320924043655396,0.5428317785263062,-0.09419480711221695,0.49013879895210266,0.6811796426773071,-0.15591193735599518,0.5189691185951233,0.7827911376953125,-0.15751424431800842,0.53847336769104,0.8523222208023071,-0.1435491293668747,0.3905108571052551,0.6082749366760254,-0.11762329190969467,0.4416038393974304,0.7227333784103394,-0.15697886049747467,0.4770026206970215,0.7979705333709717,-0.1545587033033371,0.5046256184577942,0.8470734357833862,-0.14219413697719574,0.0,0.0,0.0,0.0,0.0,0.0,0.0,0.0,0.0,0.0,0.0,0.0,0.0,0.0,0.0,0.0,0.0,0.0,0.0,0.0,0.0,0.0,0.0,0.0,0.0,0.0,0.0,0.0,0.0,0.0,0.0,0.0,0.0,0.0,0.0,0.0,0.0,0.0,0.0,0.0,0.0,0.0,0.0,0.0,0.0,0.0,0.0,0.0,0.0,0.0,0.0,0.0,0.0,0.0,0.0,0.0,0.0,0.0,0.0,0.0,0.0,0.0,0.0,he
0.40838712453842163,0.7262420654296875,4.5736203446722357e-07,0.48467957973480225,0.7133608460426331,-0.018157226964831352,0.5485726594924927,0.7094420790672302,-0.05132986232638359,0.5944713950157166,0.7451110482215881,-0.08876020461320877,0.6140992641448975,0.786295473575592,-0.12764708697795868,0.5380032658576965,0.50616455078125,-0.05136002227663994,0.5651395320892334,0.5316624045372009,-0.10164056718349457,0.5966607928276062,0.5421969890594482,-0.1373458355665207,0.6366361379623413,0.5569807291030884,-0.160227969288826,0.4841127395629883,0.5002694725990295,-0.07077135145664215,0.5363660454750061,0.62253338098526,-0.13514824211597443,0.5615056157112122,0.7356503009796143,-0.1574014574289322,0.5793640613555908,0.8223518133163452,-0.16101841628551483,0.4329133927822113,0.5427415370941162,-0.09162283688783646,0.4894234240055084,0.6800252199172974,-0.15248452126979828,0.5183750987052917,0.7812038064002991,-0.15482598543167114,0.5384644269943237,0.8528469800949097,-0.14135727286338806,0.39047497510910034,0.6085134744644165,-0.1142210066318512,0.44082170724868774,0.7230278253555298,-0.15293174982070923,0.4766225814819336,0.7978545427322388,-0.15131786465644836,0.5050188302993774,0.8484362363815308,-0.13949359953403473,0.0,0.0,0.0,0.0,0.0,0.0,0.0,0.0,0.0,0.0,0.0,0.0,0.0,0.0,0.0,0.0,0.0,0.0,0.0,0.0,0.0,0.0,0.0,0.0,0.0,0.0,0.0,0.0,0.0,0.0,0.0,0.0,0.0,0.0,0.0,0.0,0.0,0.0,0.0,0.0,0.0,0.0,0.0,0.0,0.0,0.0,0.0,0.0,0.0,0.0,0.0,0.0,0.0,0.0,0.0,0.0,0.0,0.0,0.0,0.0,0.0,0.0,0.0,he
0.4013153314590454,0.734554648399353,4.5714702423538256e-07,0.47580814361572266,0.7204495668411255,-0.018511654809117317,0.5396262407302856,0.7133321166038513,-0.05168694257736206,0.5851952433586121,0.74336838722229,-0.08884385973215103,0.6037510633468628,0.7781278491020203,-0.12733441591262817,0.5279367566108704,0.5048959851264954,-0.0499102883040905,0.5615444183349609,0.5299010276794434,-0.09882576018571854,0.5954654812812805,0.5388199687004089,-0.13378241658210754,0.6353333592414856,0.5510408282279968,-0.15621984004974365,0.4743126630783081,0.4993818402290344,-0.06885246932506561,0.5318130254745483,0.6202390193939209,-0.13063892722129822,0.5569403171539307,0.732579231262207,-0.1514456868171692,0.5713890194892883,0.8156489133834839,-0.1547255665063858,0.42397093772888184,0.5425391793251038,-0.08939819782972336,0.48642316460609436,0.6737149953842163,-0.1484716534614563,0.5136430263519287,0.7743536829948425,-0.14946837723255157,0.5288331508636475,0.8428314328193665,-0.13580727577209473,0.3821223974227905,0.6100242137908936,-0.11164974421262741,0.43812888860702515,0.7175976634025574,-0.15053899586200714,0.4746773838996887,0.7929053902626038,-0.1481589674949646,0.5004118084907532,0.8430966734886169,-0.1358191967010498,0.0,0.0,0.0,0.0,0.0,0.0,0.0,0.0,0.0,0.0,0.0,0.0,0.0,0.0,0.0,0.0,0.0,0.0,0.0,0.0,0.0,0.0,0.0,0.0,0.0,0.0,0.0,0.0,0.0,0.0,0.0,0.0,0.0,0.0,0.0,0.0,0.0,0.0,0.0,0.0,0.0,0.0,0.0,0.0,0.0,0.0,0.0,0.0,0.0,0.0,0.0,0.0,0.0,0.0,0.0,0.0,0.0,0.0,0.0,0.0,0.0,0.0,0.0,he
0.35306495428085327,0.7112451791763306,5.115413159728632e-07,0.4337519407272339,0.6740598678588867,-0.0032078027725219727,0.5108308792114258,0.6416600942611694,-0.023324977606534958,0.5667063593864441,0.6439398527145386,-0.048137366771698,0.6117753982543945,0.6587618589401245,-0.07504694908857346,0.49653610587120056,0.4919739365577698,-0.033664096146821976,0.5678313374519348,0.5017277002334595,-0.06850188225507736,0.6206176280975342,0.510701060295105,-0.09586772322654724,0.6655685901641846,0.5279370546340942,-0.11502646654844284,0.46106547117233276,0.4997679591178894,-0.0522928424179554,0.5490615963935852,0.5810987949371338,-0.09348422288894653,0.5889468789100647,0.6635003089904785,-0.11134684085845947,0.6073383688926697,0.7303668260574341,-0.12034786492586136,0.428613543510437,0.547355592250824,-0.07066946476697922,0.5127611756324768,0.630710244178772,-0.10996752977371216,0.5487983226776123,0.7064617872238159,-0.11184895783662796,0.5636849403381348,0.7678995132446289,-0.10723747313022614,0.4024915099143982,0.6149439811706543,-0.08934689313173294,0.47474855184555054,0.6880456805229187,-0.11486368626356125,0.5092742443084717,0.7417812347412109,-0.11257622390985489,0.5277190208435059,0.7864696979522705,-0.10634177178144455,0.0,0.0,0.0,0.0,0.0,0.0,0.0,0.0,0.0,0.0,0.0,0.0,0.0,0.0,0.0,0.0,0.0,0.0,0.0,0.0,0.0,0.0,0.0,0.0,0.0,0.0,0.0,0.0,0.0,0.0,0.0,0.0,0.0,0.0,0.0,0.0,0.0,0.0,0.0,0.0,0.0,0.0,0.0,0.0,0.0,0.0,0.0,0.0,0.0,0.0,0.0,0.0,0.0,0.0,0.0,0.0,0.0,0.0,0.0,0.0,0.0,0.0,0.0,he
0.34089094400405884,0.6731977462768555,7.807647648405691e-07,0.4142802953720093,0.6129807829856873,-0.0145640280097723,0.48973947763442993,0.5582423210144043,-0.039674751460552216,0.5525026917457581,0.539476752281189,-0.06571951508522034,0.6088242530822754,0.5390968918800354,-0.09300751984119415,0.4785676896572113,0.4298922121524811,-0.06318259984254837,0.5600205063819885,0.4534803628921509,-0.10849364101886749,0.6149861216545105,0.4584231972694397,-0.13983945548534393,0.662481427192688,0.4678609371185303,-0.16102050244808197,0.44480377435684204,0.4510532319545746,-0.07802697271108627,0.5517264008522034,0.5405815243721008,-0.13125397264957428,0.5908403396606445,0.622240424156189,-0.15209001302719116,0.6133565902709961,0.6905068159103394,-0.1617942452430725,0.41699907183647156,0.5101551413536072,-0.09263958781957626,0.5210698246955872,0.6051790118217468,-0.14477728307247162,0.5583096742630005,0.6849642992019653,-0.15259674191474915,0.5788257122039795,0.7517268657684326,-0.15022233128547668,0.3972286880016327,0.5868990421295166,-0.10758071392774582,0.48541316390037537,0.6698324680328369,-0.14680813252925873,0.5244950652122498,0.7289076447486877,-0.15419688820838928,0.5511437654495239,0.777987003326416,-0.15332801640033722,0.0,0.0,0.0,0.0,0.0,0.0,0.0,0.0,0.0,0.0,0.0,0.0,0.0,0.0,0.0,0.0,0.0,0.0,0.0,0.0,0.0,0.0,0.0,0.0,0.0,0.0,0.0,0.0,0.0,0.0,0.0,0.0,0.0,0.0,0.0,0.0,0.0,0.0,0.0,0.0,0.0,0.0,0.0,0.0,0.0,0.0,0.0,0.0,0.0,0.0,0.0,0.0,0.0,0.0,0.0,0.0,0.0,0.0,0.0,0.0,0.0,0.0,0.0,he
0.3220668435096741,0.600005030632019,6.65318225401279e-07,0.3995601534843445,0.5459485650062561,-0.0016438488382846117,0.4829924702644348,0.471882700920105,-0.014605485834181309,0.5531294345855713,0.4297747313976288,-0.030400840565562248,0.6087722778320312,0.3924289345741272,-0.047438912093639374,0.43987590074539185,0.34610283374786377,-0.0315285287797451,0.5282976627349854,0.3475959897041321,-0.0604507140815258,0.5867120027542114,0.3530886173248291,-0.08085201680660248,0.6300278902053833,0.3623425364494324,-0.09457485377788544,0.4192454218864441,0.3701406717300415,-0.04704638198018074,0.5292645692825317,0.41132885217666626,-0.07834593206644058,0.5799422264099121,0.4724065363407135,-0.09227470308542252,0.6043730974197388,0.5241345167160034,-0.10152433812618256,0.4064987897872925,0.42400074005126953,-0.062223754823207855,0.5120540857315063,0.4628693163394928,-0.09254453331232071,0.557054340839386,0.5188571810722351,-0.09481079131364822,0.577751100063324,0.567328155040741,-0.09313270449638367,0.3982069194316864,0.49069055914878845,-0.07723277062177658,0.4862819015979767,0.5068403482437134,-0.09876168519258499,0.5279867649078369,0.54169762134552,-0.09930819272994995,0.5507392883300781,0.5785282254219055,-0.09668775647878647,0.0,0.0,0.0,0.0,0.0,0.0,0.0,0.0,0.0,0.0,0.0,0.0,0.0,0.0,0.0,0.0,0.0,0.0,0.0,0.0,0.0,0.0,0.0,0.0,0.0,0.0,0.0,0.0,0.0,0.0,0.0,0.0,0.0,0.0,0.0,0.0,0.0,0.0,0.0,0.0,0.0,0.0,0.0,0.0,0.0,0.0,0.0,0.0,0.0,0.0,0.0,0.0,0.0,0.0,0.0,0.0,0.0,0.0,0.0,0.0,0.0,0.0,0.0,he
0.329446405172348,0.46877193450927734,6.72205203500198e-07,0.3447721004486084,0.3964598774909973,0.0007954375469125807,0.39129438996315,0.33722126483917236,-0.010599845089018345,0.4454670250415802,0.31305986642837524,-0.02317087911069393,0.48808905482292175,0.30909761786460876,-0.03586644306778908,0.3896053731441498,0.29691189527511597,-0.036679819226264954,0.47566330432891846,0.26546239852905273,-0.059067633002996445,0.528026282787323,0.2629193961620331,-0.06989322602748871,0.5648712515830994,0.2656157612800598,-0.07518558204174042,0.39531874656677246,0.3338385224342346,-0.049390289932489395,0.49011582136154175,0.2994172275066376,-0.07123230397701263,0.545071005821228,0.3072728216648102,-0.07775955647230148,0.5810986161231995,0.32237133383750916,-0.07997821271419525,0.40562674403190613,0.38176146149635315,-0.06046699732542038,0.4918252229690552,0.3565763235092163,-0.07546896487474442,0.5413979887962341,0.3602212965488434,-0.07670626044273376,0.5749480724334717,0.3662911355495453,-0.07609039545059204,0.41873517632484436,0.43370872735977173,-0.07125304639339447,0.48143184185028076,0.4122231602668762,-0.07925718277692795,0.5193431377410889,0.40556055307388306,-0.07732481509447098,0.5494394302368164,0.40271714329719543,-0.07463210821151733,0.3050157427787781,0.537092387676239,6.386204631780856e-07,0.35241782665252686,0.46912115812301636,0.019643601030111313,0.41111332178115845,0.406688928604126,0.015575063414871693,0.47177761793136597,0.38567543029785156,0.004921224433928728,0.5188082456588745,0.38231346011161804,-0.006205788813531399,0.3942795991897583,0.2995644211769104,-0.00527554377913475,0.4890119433403015,0.27018994092941284,-0.022711889818310738,0.5442594885826111,0.2780308425426483,-0.0349290631711483,0.5827373266220093,0.2916904091835022,-0.04204551875591278,0.3952024281024933,0.3280322253704071,-0.02678447775542736,0.49864551424980164,0.3021273612976074,-0.038887497037649155,0.5538030862808228,0.3149629831314087,-0.04581527039408684,0.5902549028396606,0.3342641592025757,-0.05173931270837784,0.4020478129386902,0.37504833936691284,-0.046580713242292404,0.5000205039978027,0.3528139591217041,-0.0542505644261837,0.5510941743850708,0.3620024621486664,-0.054960235953330994,0.5840796828269958,0.3737246096134186,-0.05691949278116226,0.41452887654304504,0.4315653443336487,-0.06520932912826538,0.4896475374698639,0.4168778955936432,-0.06544140726327896,0.5295263528823853,0.4112398326396942,-0.060823217034339905,0.5603316426277161,0.4066772162914276,-0.058394402265548706,he
0.31387588381767273,0.5198767781257629,5.151720756657596e-07,0.3860234022140503,0.48873239755630493,0.022580085322260857,0.4323981702327728,0.44010302424430847,0.026262538507580757,0.4756132662296295,0.4202941954135895,0.021902060136198997,0.514735758304596,0.4079189896583557,0.016795290634036064,0.38937947154045105,0.3022990822792053,0.021643880754709244,0.46963948011398315,0.25600719451904297,0.012124357745051384,0.5209065079689026,0.23481649160385132,0.0012676294427365065,0.5616370439529419,0.21782691776752472,-0.0081007219851017,0.3902188837528229,0.30907416343688965,-0.0015137821901589632,0.4808613657951355,0.2507815659046173,-0.009135090745985508,0.5363460183143616,0.23280221223831177,-0.019153080880641937,0.5810258388519287,0.22060155868530273,-0.028394196182489395,0.39986300468444824,0.3372516632080078,-0.024650629609823227,0.48525288701057434,0.280259907245636,-0.033492639660835266,0.5387459993362427,0.2616254389286041,-0.040183648467063904,0.5791705846786499,0.24741679430007935,-0.04671372100710869,0.4174874722957611,0.37951457500457764,-0.046703040599823,0.48338696360588074,0.3387315273284912,-0.053477901965379715,0.5243840217590332,0.31943485140800476,-0.055338114500045776,0.558938205242157,0.30279311537742615,-0.05819778889417648,0.0,0.0,0.0,0.0,0.0,0.0,0.0,0.0,0.0,0.0,0.0,0.0,0.0,0.0,0.0,0.0,0.0,0.0,0.0,0.0,0.0,0.0,0.0,0.0,0.0,0.0,0.0,0.0,0.0,0.0,0.0,0.0,0.0,0.0,0.0,0.0,0.0,0.0,0.0,0.0,0.0,0.0,0.0,0.0,0.0,0.0,0.0,0.0,0.0,0.0,0.0,0.0,0.0,0.0,0.0,0.0,0.0,0.0,0.0,0.0,0.0,0.0,0.0,he
0.31686025857925415,0.5209147334098816,4.436127198914619e-07,0.392606258392334,0.48889780044555664,0.03161295875906944,0.4396331012248993,0.44298484921455383,0.037351422011852264,0.48303210735321045,0.4230850338935852,0.03347618877887726,0.5176923871040344,0.4124261438846588,0.028288569301366806,0.39262786507606506,0.3037560284137726,0.021894652396440506,0.4726521074771881,0.25478166341781616,0.012417477555572987,0.5243485569953918,0.23586635291576385,7.076705514919013e-05,0.5645407438278198,0.22070427238941193,-0.010774903930723667,0.38865190744400024,0.3105701804161072,-0.006491599604487419,0.4810839593410492,0.24935972690582275,-0.012463177554309368,0.5382829904556274,0.23201397061347961,-0.0232665054500103,0.5823525190353394,0.22118663787841797,-0.033915143460035324,0.3953119218349457,0.33898237347602844,-0.03327706828713417,0.48209497332572937,0.2783132791519165,-0.039443239569664,0.5379664301872253,0.26127365231513977,-0.04422687366604805,0.5792450308799744,0.25035423040390015,-0.050429362803697586,0.413846492767334,0.38319674134254456,-0.058278124779462814,0.48079612851142883,0.3350561559200287,-0.0632484033703804,0.5220405459403992,0.31401416659355164,-0.06285784393548965,0.5571913123130798,0.2969748377799988,-0.06436119228601456,0.0,0.0,0.0,0.0,0.0,0.0,0.0,0.0,0.0,0.0,0.0,0.0,0.0,0.0,0.0,0.0,0.0,0.0,0.0,0.0,0.0,0.0,0.0,0.0,0.0,0.0,0.0,0.0,0.0,0.0,0.0,0.0,0.0,0.0,0.0,0.0,0.0,0.0,0.0,0.0,0.0,0.0,0.0,0.0,0.0,0.0,0.0,0.0,0.0,0.0,0.0,0.0,0.0,0.0,0.0,0.0,0.0,0.0,0.0,0.0,0.0,0.0,0.0,he
0.3487214148044586,0.483961284160614,5.389688908508106e-07,0.3814113438129425,0.4465647339820862,0.013703225180506706,0.42563655972480774,0.40878647565841675,0.011619048193097115,0.47649526596069336,0.40227922797203064,0.004607463255524635,0.5161363482475281,0.40268558263778687,-0.0032959349919110537,0.39746755361557007,0.30637601017951965,-0.002553293714299798,0.476737380027771,0.26394736766815186,-0.013445311225950718,0.524764358997345,0.2455020248889923,-0.020717570558190346,0.5618741512298584,0.22931094467639923,-0.02638772688806057,0.40336987376213074,0.31458795070648193,-0.020429858937859535,0.48786988854408264,0.27221551537513733,-0.031243689358234406,0.5406801700592041,0.2627149522304535,-0.03808601573109627,0.5801761150360107,0.25778910517692566,-0.04301271215081215,0.41476449370384216,0.3420887589454651,-0.03728105500340462,0.49074360728263855,0.2996516227722168,-0.04701289162039757,0.54352205991745,0.28581130504608154,-0.05110419541597366,0.5831650495529175,0.2772091031074524,-0.05423305556178093,0.4325416684150696,0.38319170475006104,-0.05316264554858208,0.49447304010391235,0.3457482159137726,-0.060467030853033066,0.5347360372543335,0.33037811517715454,-0.06088808923959732,0.5674067139625549,0.3198440372943878,-0.061233215034008026,0.32871609926223755,0.5276561379432678,5.256092094896303e-07,0.38957086205482483,0.4805200397968292,0.017564790323376656,0.4368070363998413,0.43692854046821594,0.018515851348638535,0.4838038980960846,0.4202095568180084,0.013622808270156384,0.5219932794570923,0.40924936532974243,0.00870328675955534,0.39626365900039673,0.3098345398902893,0.014392238110303879,0.4813607633113861,0.27314335107803345,0.006656130310148001,0.5307655930519104,0.2564210891723633,-0.003583829151466489,0.5675654411315918,0.2405242621898651,-0.012137495912611485,0.39997369050979614,0.32075953483581543,-0.004634316079318523,0.4921657145023346,0.275471955537796,-0.008584578521549702,0.5424113869667053,0.2585292458534241,-0.017451563850045204,0.5803613662719727,0.24080650508403778,-0.026459624990820885,0.40984562039375305,0.35302096605300903,-0.0229741670191288,0.49394047260284424,0.3211846649646759,-0.02804352156817913,0.5456473231315613,0.3115216791629791,-0.03259843587875366,0.5825310945510864,0.29981374740600586,-0.03844275698065758,0.42572110891342163,0.39860621094703674,-0.040437255054712296,0.48656150698661804,0.37903764843940735,-0.04239742457866669,0.5190128087997437,0.3731524348258972,-0.038818467408418655,0.5441005825996399,0.36497870087623596,-0.03769070655107498,he
0.34304845333099365,0.5327420830726624,3.340588818900869e-07,0.38016602396965027,0.45867234468460083,0.029011253267526627,0.4203248918056488,0.39842846989631653,0.034229863435029984,0.4700731039047241,0.3646070063114166,0.0301637165248394,0.510934591293335,0.3469497859477997,0.02608182467520237,0.38658714294433594,0.30655038356781006,0.028898732736706734,0.4670853018760681,0.28408873081207275,0.02658270113170147,0.516326904296875,0.288103848695755,0.020766470581293106,0.551169753074646,0.29694271087646484,0.015882693231105804,0.39937305450439453,0.3132663667201996,0.0071581946685910225,0.48988375067710876,0.29174768924713135,0.00731154577806592,0.5338987112045288,0.31409773230552673,0.0018184323562309146,0.5594813227653503,0.3418302536010742,-0.0037556157913058996,0.41767674684524536,0.3408416509628296,-0.012818422168493271,0.5037704110145569,0.32230645418167114,-0.011256879195570946,0.5436034798622131,0.35135141015052795,-0.011460233479738235,0.5649183988571167,0.38289618492126465,-0.01353996992111206,0.4408860504627228,0.37989264726638794,-0.031292833387851715,0.5080982446670532,0.3641887307167053,-0.0241107027977705,0.5364196300506592,0.3804623484611511,-0.016588643193244934,0.5526245832443237,0.4009973704814911,-0.01253967173397541,0.0,0.0,0.0,0.0,0.0,0.0,0.0,0.0,0.0,0.0,0.0,0.0,0.0,0.0,0.0,0.0,0.0,0.0,0.0,0.0,0.0,0.0,0.0,0.0,0.0,0.0,0.0,0.0,0.0,0.0,0.0,0.0,0.0,0.0,0.0,0.0,0.0,0.0,0.0,0.0,0.0,0.0,0.0,0.0,0.0,0.0,0.0,0.0,0.0,0.0,0.0,0.0,0.0,0.0,0.0,0.0,0.0,0.0,0.0,0.0,0.0,0.0,0.0,he
0.3457297682762146,0.5320066809654236,1.6261560631392058e-07,0.3629114329814911,0.45058438181877136,0.028620222583413124,0.395700603723526,0.3886276185512543,0.03141271695494652,0.43900367617607117,0.35888442397117615,0.02515193447470665,0.47563597559928894,0.35184767842292786,0.01860051229596138,0.383264422416687,0.3061490058898926,0.02052127569913864,0.46573156118392944,0.2966330945491791,0.015081450343132019,0.5098809599876404,0.3197364807128906,0.009421231225132942,0.5331912040710449,0.3454955220222473,0.006599279586225748,0.40093308687210083,0.3158702850341797,-0.0014858441427350044,0.49191057682037354,0.30049821734428406,-0.0014885526616126299,0.5285289287567139,0.335072785615921,-0.003166056238114834,0.5407844185829163,0.3696500360965729,-0.004804766736924648,0.42233291268348694,0.34417620301246643,-0.02141721360385418,0.507520318031311,0.3245360553264618,-0.019769616425037384,0.5372805595397949,0.362356960773468,-0.015721796080470085,0.5439157485961914,0.3971330523490906,-0.0132651561871171,0.444839745759964,0.38524267077445984,-0.039662156254053116,0.5116357207298279,0.3627142310142517,-0.03269924968481064,0.5371103882789612,0.38352951407432556,-0.021996693685650826,0.5457363128662109,0.4073183834552765,-0.014006000943481922,0.0,0.0,0.0,0.0,0.0,0.0,0.0,0.0,0.0,0.0,0.0,0.0,0.0,0.0,0.0,0.0,0.0,0.0,0.0,0.0,0.0,0.0,0.0,0.0,0.0,0.0,0.0,0.0,0.0,0.0,0.0,0.0,0.0,0.0,0.0,0.0,0.0,0.0,0.0,0.0,0.0,0.0,0.0,0.0,0.0,0.0,0.0,0.0,0.0,0.0,0.0,0.0,0.0,0.0,0.0,0.0,0.0,0.0,0.0,0.0,0.0,0.0,0.0,he
0.347066730260849,0.5294275283813477,1.9206665058391081e-07,0.36323267221450806,0.45077210664749146,0.03114490583539009,0.39514461159706116,0.3907416760921478,0.03533905744552612,0.4375384747982025,0.36276331543922424,0.029895558953285217,0.4724161922931671,0.35395389795303345,0.023898884654045105,0.38266536593437195,0.30692270398139954,0.025159060955047607,0.4645141661167145,0.29658859968185425,0.021732959896326065,0.5086022019386292,0.31796666979789734,0.01762252487242222,0.5323202013969421,0.34328997135162354,0.015804432332515717,0.40048983693122864,0.3160513639450073,0.0022860041353851557,0.49074867367744446,0.29877373576164246,0.004209205973893404,0.5272526741027832,0.3310607969760895,0.0034479752648621798,0.5400761365890503,0.3653993010520935,0.0024978634901344776,0.42161989212036133,0.3435251712799072,-0.01844455674290657,0.5070323944091797,0.3235507905483246,-0.015890590846538544,0.5376193523406982,0.36066973209381104,-0.011483506299555302,0.5450543165206909,0.3959689140319824,-0.008583134971559048,0.444629430770874,0.38430824875831604,-0.037266746163368225,0.5122696757316589,0.36143195629119873,-0.030620506033301353,0.5390604138374329,0.3824104368686676,-0.02022637240588665,0.5489836931228638,0.40727123618125916,-0.012138894759118557,0.0,0.0,0.0,0.0,0.0,0.0,0.0,0.0,0.0,0.0,0.0,0.0,0.0,0.0,0.0,0.0,0.0,0.0,0.0,0.0,0.0,0.0,0.0,0.0,0.0,0.0,0.0,0.0,0.0,0.0,0.0,0.0,0.0,0.0,0.0,0.0,0.0,0.0,0.0,0.0,0.0,0.0,0.0,0.0,0.0,0.0,0.0,0.0,0.0,0.0,0.0,0.0,0.0,0.0,0.0,0.0,0.0,0.0,0.0,0.0,0.0,0.0,0.0,he
0.34099823236465454,0.5418519377708435,-6.226309068324554e-08,0.3610740900039673,0.463697612285614,0.03441477194428444,0.3966115117073059,0.4032532274723053,0.03925453871488571,0.4428441524505615,0.38180771470069885,0.03315717726945877,0.480918288230896,0.38199540972709656,0.026810163632035255,0.38310155272483826,0.31683018803596497,0.025564076378941536,0.4707740545272827,0.3072012662887573,0.018585896119475365,0.5025636553764343,0.3456164002418518,0.012745250016450882,0.5116785764694214,0.38021767139434814,0.010831241495907307,0.4003114700317383,0.3292781114578247,-0.00013858196325600147,0.49583369493484497,0.32153546810150146,-0.00013462932838592678,0.5214666128158569,0.36840876936912537,-0.0002848489675670862,0.5225579142570496,0.40673762559890747,-0.0005019353120587766,0.4210829734802246,0.35864055156707764,-0.023906970396637917,0.510269045829773,0.34569981694221497,-0.02377069927752018,0.533739447593689,0.392917662858963,-0.018681451678276062,0.534438967704773,0.4305875301361084,-0.014722486957907677,0.4438791871070862,0.39900535345077515,-0.045476969331502914,0.5155246257781982,0.37498342990875244,-0.03992655873298645,0.5420326590538025,0.40067508816719055,-0.028579670935869217,0.5514033436775208,0.4277369976043701,-0.019882630556821823,0.0,0.0,0.0,0.0,0.0,0.0,0.0,0.0,0.0,0.0,0.0,0.0,0.0,0.0,0.0,0.0,0.0,0.0,0.0,0.0,0.0,0.0,0.0,0.0,0.0,0.0,0.0,0.0,0.0,0.0,0.0,0.0,0.0,0.0,0.0,0.0,0.0,0.0,0.0,0.0,0.0,0.0,0.0,0.0,0.0,0.0,0.0,0.0,0.0,0.0,0.0,0.0,0.0,0.0,0.0,0.0,0.0,0.0,0.0,0.0,0.0,0.0,0.0,he
0.3390214145183563,0.5540926456451416,8.644467897056529e-08,0.3998188376426697,0.5202680230140686,0.02838294580578804,0.44449299573898315,0.47331762313842773,0.0376025065779686,0.48822227120399475,0.4461640417575836,0.03787989541888237,0.5203854441642761,0.4361509084701538,0.038838550448417664,0.39263707399368286,0.32794439792633057,0.0364009290933609,0.47783565521240234,0.3278847634792328,0.03689670190215111,0.518393874168396,0.3641335070133209,0.03230845183134079,0.5378971099853516,0.3982032239437103,0.02944093570113182,0.3983735144138336,0.331025630235672,0.016574997454881668,0.49539560079574585,0.33256036043167114,0.020396767184138298,0.5303906202316284,0.3748813569545746,0.016494961455464363,0.5440192818641663,0.4135151207447052,0.013397587463259697,0.4134410321712494,0.3574800193309784,-0.0019341405713930726,0.5049701929092407,0.3543575406074524,-0.0007423831266351044,0.5378854274749756,0.396026074886322,-0.0020491755567491055,0.5497962236404419,0.43353933095932007,-0.0024301442317664623,0.4346887469291687,0.39656689763069153,-0.01854042150080204,0.5077880024909973,0.3857220709323883,-0.01395241729915142,0.5361530780792236,0.40914973616600037,-0.007125827483832836,0.5509677529335022,0.43485936522483826,-0.0014325331430882215,0.0,0.0,0.0,0.0,0.0,0.0,0.0,0.0,0.0,0.0,0.0,0.0,0.0,0.0,0.0,0.0,0.0,0.0,0.0,0.0,0.0,0.0,0.0,0.0,0.0,0.0,0.0,0.0,0.0,0.0,0.0,0.0,0.0,0.0,0.0,0.0,0.0,0.0,0.0,0.0,0.0,0.0,0.0,0.0,0.0,0.0,0.0,0.0,0.0,0.0,0.0,0.0,0.0,0.0,0.0,0.0,0.0,0.0,0.0,0.0,0.0,0.0,0.0,he
0.33886829018592834,0.5582925081253052,2.3011925520677323e-07,0.4095908999443054,0.5293835401535034,0.019615551456809044,0.454010933637619,0.4832466244697571,0.021386779844760895,0.4963160753250122,0.4562625288963318,0.015093347989022732,0.5295456647872925,0.44212934374809265,0.009955289773643017,0.39501991868019104,0.33015158772468567,0.022423917427659035,0.4892124533653259,0.33577778935432434,0.012394786812365055,0.5365003347396851,0.37307605147361755,0.000952181639149785,0.562906801700592,0.4079849421977997,-0.006068414077162743,0.3937523663043976,0.332716166973114,0.0036271854769438505,0.502841591835022,0.3341555595397949,-0.004637070931494236,0.543015718460083,0.38495028018951416,-0.0122632822021842,0.5595964193344116,0.42818790674209595,-0.01588183455169201,0.4049338400363922,0.35748985409736633,-0.014686113223433495,0.5063126087188721,0.351886123418808,-0.023834872990846634,0.5455992817878723,0.40165406465530396,-0.025695186108350754,0.5615078210830688,0.44467759132385254,-0.023948995396494865,0.42535287141799927,0.3945862948894501,-0.03174257278442383,0.5068857669830322,0.3869720995426178,-0.03500744327902794,0.5399999022483826,0.41526520252227783,-0.02999681793153286,0.5569390654563904,0.4435635805130005,-0.024049993604421616,0.0,0.0,0.0,0.0,0.0,0.0,0.0,0.0,0.0,0.0,0.0,0.0,0.0,0.0,0.0,0.0,0.0,0.0,0.0,0.0,0.0,0.0,0.0,0.0,0.0,0.0,0.0,0.0,0.0,0.0,0.0,0.0,0.0,0.0,0.0,0.0,0.0,0.0,0.0,0.0,0.0,0.0,0.0,0.0,0.0,0.0,0.0,0.0,0.0,0.0,0.0,0.0,0.0,0.0,0.0,0.0,0.0,0.0,0.0,0.0,0.0,0.0,0.0,he
0.35680216550827026,0.582051157951355,3.8130909274514124e-07,0.45852959156036377,0.5444573760032654,0.009693528525531292,0.5113608837127686,0.49451929330825806,0.00476370844990015,0.5482645034790039,0.4608984589576721,-0.007254640106111765,0.5697946548461914,0.4364752769470215,-0.01823004148900509,0.42727890610694885,0.3396576941013336,0.010527773760259151,0.5207486152648926,0.3450291156768799,-0.015269909985363483,0.5735833644866943,0.36632513999938965,-0.039149049669504166,0.6200311183929443,0.3919161856174469,-0.05541631579399109,0.4134872555732727,0.3467714190483093,-0.010752859525382519,0.5338436365127563,0.3461407721042633,-0.04799773916602135,0.5763593912124634,0.40818527340888977,-0.07017573714256287,0.6023123860359192,0.4642290472984314,-0.07772616297006607,0.41478201746940613,0.3722376227378845,-0.03247653692960739,0.5221061110496521,0.37229400873184204,-0.06477899104356766,0.5651501417160034,0.4302830696105957,-0.0727749690413475,0.5871313810348511,0.479258269071579,-0.06964526325464249,0.42695024609565735,0.41106554865837097,-0.05381719395518303,0.5109118223190308,0.40994444489479065,-0.07279136031866074,0.5485974550247192,0.4421391189098358,-0.0726129561662674,0.5717872381210327,0.4714377224445343,-0.06710510700941086,0.0,0.0,0.0,0.0,0.0,0.0,0.0,0.0,0.0,0.0,0.0,0.0,0.0,0.0,0.0,0.0,0.0,0.0,0.0,0.0,0.0,0.0,0.0,0.0,0.0,0.0,0.0,0.0,0.0,0.0,0.0,0.0,0.0,0.0,0.0,0.0,0.0,0.0,0.0,0.0,0.0,0.0,0.0,0.0,0.0,0.0,0.0,0.0,0.0,0.0,0.0,0.0,0.0,0.0,0.0,0.0,0.0,0.0,0.0,0.0,0.0,0.0,0.0,he
0.35426774621009827,0.5892828106880188,3.702020023865771e-07,0.4585152566432953,0.5470871925354004,0.013040650635957718,0.5113378763198853,0.4965226650238037,0.009078290313482285,0.5472612380981445,0.4643966555595398,-0.0036322453524917364,0.5769392848014832,0.4377407729625702,-0.015066110529005527,0.42914363741874695,0.3414887487888336,0.018639598041772842,0.5224559903144836,0.3410089910030365,-0.006261954549700022,0.5730032920837402,0.3648822605609894,-0.028638429939746857,0.6141329407691956,0.3936014771461487,-0.043005723506212234,0.413676917552948,0.3474409580230713,-0.0038644946180284023,0.5318519473075867,0.3453342318534851,-0.039541684091091156,0.5744712948799133,0.411133348941803,-0.05959821864962578,0.598437488079071,0.4681505858898163,-0.06519772112369537,0.4140216112136841,0.37367892265319824,-0.027291294187307358,0.522101879119873,0.3725808262825012,-0.058609478175640106,0.5653643012046814,0.4321550130844116,-0.06441686302423477,0.5846762657165527,0.4809039831161499,-0.059239957481622696,0.42437419295310974,0.4134363830089569,-0.05021814629435539,0.5108963251113892,0.4102818965911865,-0.0677276998758316,0.5487505197525024,0.4402782917022705,-0.06630101799964905,0.5701202750205994,0.46749019622802734,-0.05947975069284439,0.0,0.0,0.0,0.0,0.0,0.0,0.0,0.0,0.0,0.0,0.0,0.0,0.0,0.0,0.0,0.0,0.0,0.0,0.0,0.0,0.0,0.0,0.0,0.0,0.0,0.0,0.0,0.0,0.0,0.0,0.0,0.0,0.0,0.0,0.0,0.0,0.0,0.0,0.0,0.0,0.0,0.0,0.0,0.0,0.0,0.0,0.0,0.0,0.0,0.0,0.0,0.0,0.0,0.0,0.0,0.0,0.0,0.0,0.0,0.0,0.0,0.0,0.0,he
0.37085872888565063,0.6211755871772766,2.277430439789896e-07,0.4657810926437378,0.5920917987823486,0.002429540967568755,0.5237846970558167,0.5384337902069092,-0.007738632149994373,0.5614707469940186,0.502629280090332,-0.023735586553812027,0.5916309356689453,0.47479182481765747,-0.03931611776351929,0.4731319844722748,0.3702015280723572,-0.0066399225033819675,0.5574368238449097,0.38659223914146423,-0.036152519285678864,0.6103563904762268,0.41400906443595886,-0.05986218526959419,0.6490336060523987,0.4396694302558899,-0.07553716003894806,0.44930529594421387,0.3758198022842407,-0.025297632440924644,0.5501341223716736,0.3968110680580139,-0.06341473758220673,0.5915738344192505,0.4713374972343445,-0.08183537423610687,0.6059278249740601,0.5323867797851562,-0.08784659951925278,0.4344397783279419,0.4088574945926666,-0.04436429962515831,0.5256659388542175,0.42004653811454773,-0.08261644840240479,0.5645835995674133,0.49352455139160156,-0.08580940216779709,0.5762894153594971,0.5514065027236938,-0.07852157205343246,0.4266371726989746,0.4576236605644226,-0.06312963366508484,0.5050241351127625,0.4686349034309387,-0.09054378420114517,0.5412317514419556,0.5130918025970459,-0.08961512893438339,0.5570639371871948,0.552751362323761,-0.08172424882650375,0.0,0.0,0.0,0.0,0.0,0.0,0.0,0.0,0.0,0.0,0.0,0.0,0.0,0.0,0.0,0.0,0.0,0.0,0.0,0.0,0.0,0.0,0.0,0.0,0.0,0.0,0.0,0.0,0.0,0.0,0.0,0.0,0.0,0.0,0.0,0.0,0.0,0.0,0.0,0.0,0.0,0.0,0.0,0.0,0.0,0.0,0.0,0.0,0.0,0.0,0.0,0.0,0.0,0.0,0.0,0.0,0.0,0.0,0.0,0.0,0.0,0.0,0.0,he
0.4002200663089752,0.6555188298225403,2.8325936796136375e-07,0.486952006816864,0.6335763931274414,-0.006516618654131889,0.5473032593727112,0.60942542552948,-0.02783910557627678,0.588768720626831,0.6005324721336365,-0.05521923676133156,0.6253495216369629,0.6030640602111816,-0.0838608518242836,0.5430953502655029,0.429614782333374,-0.023841366171836853,0.6067869663238525,0.4347085654735565,-0.05884925276041031,0.6500867605209351,0.43153926730155945,-0.08583532273769379,0.6918467879295349,0.42672199010849,-0.10453041642904282,0.5024548172950745,0.41810548305511475,-0.04303978756070137,0.579069972038269,0.4962579905986786,-0.08930771052837372,0.5962907671928406,0.5883470177650452,-0.10622532665729523,0.6010953783988953,0.653251588344574,-0.10983165353536606,0.4630468189716339,0.4469969868659973,-0.06325669586658478,0.538227379322052,0.5272167921066284,-0.10668173432350159,0.5516027212142944,0.6119443774223328,-0.10592364519834518,0.5539202094078064,0.6706706881523132,-0.0951717421412468,0.4305390417575836,0.49852100014686584,-0.08459729701280594,0.49665364623069763,0.5586478114128113,-0.11285698413848877,0.523146390914917,0.6180322170257568,-0.10880744457244873,0.5372069478034973,0.6618829965591431,-0.09800637513399124,0.0,0.0,0.0,0.0,0.0,0.0,0.0,0.0,0.0,0.0,0.0,0.0,0.0,0.0,0.0,0.0,0.0,0.0,0.0,0.0,0.0,0.0,0.0,0.0,0.0,0.0,0.0,0.0,0.0,0.0,0.0,0.0,0.0,0.0,0.0,0.0,0.0,0.0,0.0,0.0,0.0,0.0,0.0,0.0,0.0,0.0,0.0,0.0,0.0,0.0,0.0,0.0,0.0,0.0,0.0,0.0,0.0,0.0,0.0,0.0,0.0,0.0,0.0,he
0.40446823835372925,0.6653378009796143,4.0219211427938717e-07,0.4873802363872528,0.6481286287307739,-0.007980819791555405,0.5517330765724182,0.6310833096504211,-0.031439267098903656,0.6002807021141052,0.6382350921630859,-0.060912761837244034,0.6356481909751892,0.6525978446006775,-0.09238287806510925,0.5549890995025635,0.44256919622421265,-0.03182227164506912,0.6161895394325256,0.45947328209877014,-0.07104545086622238,0.6598262190818787,0.456291526556015,-0.10111109167337418,0.7038944959640503,0.45106983184814453,-0.1220615953207016,0.5131289958953857,0.4287399351596832,-0.05176311731338501,0.5834252834320068,0.5288090109825134,-0.10284361243247986,0.5982300639152527,0.6265468597412109,-0.12244150787591934,0.6038290858268738,0.6974266767501831,-0.12788540124893188,0.46942266821861267,0.45746666193008423,-0.07246553897857666,0.53924560546875,0.5626624226570129,-0.1193452849984169,0.551262378692627,0.650649905204773,-0.1210995689034462,0.5561466813087463,0.7125635743141174,-0.1119159385561943,0.4306117594242096,0.5093016028404236,-0.09445182234048843,0.49199384450912476,0.5926975607872009,-0.12457793205976486,0.5194795727729797,0.6577146053314209,-0.12304141372442245,0.5379353761672974,0.7053757905960083,-0.11409128457307816,0.0,0.0,0.0,0.0,0.0,0.0,0.0,0.0,0.0,0.0,0.0,0.0,0.0,0.0,0.0,0.0,0.0,0.0,0.0,0.0,0.0,0.0,0.0,0.0,0.0,0.0,0.0,0.0,0.0,0.0,0.0,0.0,0.0,0.0,0.0,0.0,0.0,0.0,0.0,0.0,0.0,0.0,0.0,0.0,0.0,0.0,0.0,0.0,0.0,0.0,0.0,0.0,0.0,0.0,0.0,0.0,0.0,0.0,0.0,0.0,0.0,0.0,0.0,he
0.4168996214866638,0.6825737953186035,5.337899438018212e-07,0.5044042468070984,0.6704353094100952,-0.016567928716540337,0.5697574615478516,0.6534513831138611,-0.045682329684495926,0.6166900992393494,0.6777750849723816,-0.07952960580587387,0.644835889339447,0.7201031446456909,-0.11572351306676865,0.5711758136749268,0.45360448956489563,-0.04093432426452637,0.6251087784767151,0.48094573616981506,-0.08644311130046844,0.6692917943000793,0.4843645691871643,-0.12168880552053452,0.7169997692108154,0.48656874895095825,-0.14627140760421753,0.5216752886772156,0.4385749101638794,-0.059226132929325104,0.5866868495941162,0.5554800033569336,-0.11956627666950226,0.5997763276100159,0.6646427512168884,-0.14328788220882416,0.6065550446510315,0.7432067394256592,-0.14959964156150818,0.47252562642097473,0.47013071179389954,-0.07908512651920319,0.53763747215271,0.5979443192481995,-0.13550914824008942,0.552564263343811,0.6999234557151794,-0.14087490737438202,0.5620055198669434,0.7690231204032898,-0.13126355409622192,0.4303421080112457,0.5262017846107483,-0.1006927415728569,0.4892388582229614,0.6298008561134338,-0.13750961422920227,0.5178829431533813,0.7032837867736816,-0.13838723301887512,0.5398130416870117,0.751072347164154,-0.12969769537448883,0.0,0.0,0.0,0.0,0.0,0.0,0.0,0.0,0.0,0.0,0.0,0.0,0.0,0.0,0.0,0.0,0.0,0.0,0.0,0.0,0.0,0.0,0.0,0.0,0.0,0.0,0.0,0.0,0.0,0.0,0.0,0.0,0.0,0.0,0.0,0.0,0.0,0.0,0.0,0.0,0.0,0.0,0.0,0.0,0.0,0.0,0.0,0.0,0.0,0.0,0.0,0.0,0.0,0.0,0.0,0.0,0.0,0.0,0.0,0.0,0.0,0.0,0.0,he
0.4155263304710388,0.6817774176597595,5.148324930814852e-07,0.5045081377029419,0.673179030418396,-0.014046750962734222,0.5724136829376221,0.6556236147880554,-0.0411505363881588,0.6168049573898315,0.6735765933990479,-0.07285290956497192,0.6350135803222656,0.7028666734695435,-0.1066916361451149,0.5683704614639282,0.45668715238571167,-0.03825193643569946,0.6215610504150391,0.4793483018875122,-0.08261784166097641,0.6647157073020935,0.48203158378601074,-0.11539832502603531,0.7117483615875244,0.48346590995788574,-0.13748933374881744,0.5189626216888428,0.44157853722572327,-0.05741329863667488,0.5864941477775574,0.5519413948059082,-0.1175333708524704,0.6015500426292419,0.664676308631897,-0.13971683382987976,0.6074576377868652,0.7461919188499451,-0.14393162727355957,0.46941715478897095,0.47191381454467773,-0.07791414856910706,0.5366073250770569,0.5964990854263306,-0.13567541539669037,0.555404007434845,0.7031480669975281,-0.13956007361412048,0.5661861300468445,0.7747896909713745,-0.12798339128494263,0.42670974135398865,0.5268133878707886,-0.09956242144107819,0.4867328107357025,0.6246812343597412,-0.13597321510314941,0.5143815875053406,0.6963521242141724,-0.13448213040828705,0.5334094166755676,0.7427138090133667,-0.12396302074193954,0.0,0.0,0.0,0.0,0.0,0.0,0.0,0.0,0.0,0.0,0.0,0.0,0.0,0.0,0.0,0.0,0.0,0.0,0.0,0.0,0.0,0.0,0.0,0.0,0.0,0.0,0.0,0.0,0.0,0.0,0.0,0.0,0.0,0.0,0.0,0.0,0.0,0.0,0.0,0.0,0.0,0.0,0.0,0.0,0.0,0.0,0.0,0.0,0.0,0.0,0.0,0.0,0.0,0.0,0.0,0.0,0.0,0.0,0.0,0.0,0.0,0.0,0.0,he
0.4215167760848999,0.6769753694534302,5.789019610347168e-07,0.5069863796234131,0.6689333319664001,-0.01848035305738449,0.572216808795929,0.6625076532363892,-0.052829157561063766,0.6154338717460632,0.6942296028137207,-0.09161157160997391,0.6418612003326416,0.7354696393013,-0.13273683190345764,0.5701696276664734,0.46641045808792114,-0.055274598300457,0.6206573247909546,0.492412269115448,-0.10873842984437943,0.6649523377418518,0.4959747791290283,-0.148478165268898,0.7116208672523499,0.4984045922756195,-0.1753450632095337,0.5152478814125061,0.4509239196777344,-0.07557538896799088,0.5761675834655762,0.571868896484375,-0.14522549510002136,0.5943320393562317,0.6884256601333618,-0.17014731466770172,0.6020755767822266,0.7713575959205627,-0.17574207484722137,0.4621657431125641,0.48473531007766724,-0.09714269638061523,0.5233069658279419,0.6138737201690674,-0.16207274794578552,0.5463739037513733,0.7199212312698364,-0.16509735584259033,0.559248685836792,0.7904543876647949,-0.1523306667804718,0.41765302419662476,0.5436123013496399,-0.12024668604135513,0.4747369885444641,0.6497782468795776,-0.16279204189777374,0.5077495574951172,0.7283377647399902,-0.16154372692108154,0.5311038494110107,0.780002772808075,-0.15021631121635437,0.0,0.0,0.0,0.0,0.0,0.0,0.0,0.0,0.0,0.0,0.0,0.0,0.0,0.0,0.0,0.0,0.0,0.0,0.0,0.0,0.0,0.0,0.0,0.0,0.0,0.0,0.0,0.0,0.0,0.0,0.0,0.0,0.0,0.0,0.0,0.0,0.0,0.0,0.0,0.0,0.0,0.0,0.0,0.0,0.0,0.0,0.0,0.0,0.0,0.0,0.0,0.0,0.0,0.0,0.0,0.0,0.0,0.0,0.0,0.0,0.0,0.0,0.0,he
0.4156891703605652,0.6846160888671875,5.574224815063644e-07,0.4997091591358185,0.672359049320221,-0.013743470422923565,0.5666640996932983,0.6606692671775818,-0.0447545200586319,0.6120964288711548,0.6926395893096924,-0.08072733879089355,0.6411226987838745,0.7366219758987427,-0.11919295787811279,0.5653321743011475,0.46506157517433167,-0.0477798767387867,0.6161912679672241,0.49206870794296265,-0.09737449139356613,0.6605370044708252,0.49835920333862305,-0.13403786718845367,0.7078093886375427,0.5040746927261353,-0.15835915505886078,0.5119776129722595,0.450521320104599,-0.06822749972343445,0.5722668170928955,0.5753523111343384,-0.13312485814094543,0.5896981358528137,0.6916415095329285,-0.1562647521495819,0.5980781316757202,0.7749649882316589,-0.16071900725364685,0.4598919451236725,0.48399192094802856,-0.08966783434152603,0.5229195952415466,0.6199837923049927,-0.15140517055988312,0.5465554594993591,0.7247911691665649,-0.15595029294490814,0.5596127510070801,0.794743537902832,-0.14426007866859436,0.41607603430747986,0.5425193905830383,-0.11206208914518356,0.4751841127872467,0.6537202000617981,-0.1519315391778946,0.5082312226295471,0.7333807945251465,-0.1511116772890091,0.5309792160987854,0.785158097743988,-0.14013780653476715,0.0,0.0,0.0,0.0,0.0,0.0,0.0,0.0,0.0,0.0,0.0,0.0,0.0,0.0,0.0,0.0,0.0,0.0,0.0,0.0,0.0,0.0,0.0,0.0,0.0,0.0,0.0,0.0,0.0,0.0,0.0,0.0,0.0,0.0,0.0,0.0,0.0,0.0,0.0,0.0,0.0,0.0,0.0,0.0,0.0,0.0,0.0,0.0,0.0,0.0,0.0,0.0,0.0,0.0,0.0,0.0,0.0,0.0,0.0,0.0,0.0,0.0,0.0,he
0.4211988151073456,0.676287055015564,5.600495001090167e-07,0.5023277997970581,0.6643810272216797,-0.01444220170378685,0.5670886635780334,0.6548233032226562,-0.04553106054663658,0.6107314825057983,0.69137042760849,-0.08163786679506302,0.6446254849433899,0.7383877038955688,-0.12071718275547028,0.5673049092292786,0.4656597077846527,-0.049429796636104584,0.6162738800048828,0.49288129806518555,-0.09828182309865952,0.6596550345420837,0.4966290593147278,-0.1343315988779068,0.706600546836853,0.5005512237548828,-0.1586361676454544,0.5135664343833923,0.4499656856060028,-0.06954384595155716,0.5761390328407288,0.577179491519928,-0.13468417525291443,0.5925158858299255,0.6931461095809937,-0.1576659232378006,0.5999199748039246,0.7768484950065613,-0.16207437217235565,0.4611571133136749,0.48324787616729736,-0.09053007513284683,0.5240422487258911,0.6182794570922852,-0.15221339464187622,0.5462673902511597,0.7243219614028931,-0.15550144016742706,0.5591228008270264,0.7972798347473145,-0.14291851222515106,0.41688036918640137,0.542025089263916,-0.11253316700458527,0.4745985269546509,0.6504905819892883,-0.15304237604141235,0.5070841312408447,0.7290817499160767,-0.1518123745918274,0.5305135250091553,0.7809731960296631,-0.14039990305900574,0.0,0.0,0.0,0.0,0.0,0.0,0.0,0.0,0.0,0.0,0.0,0.0,0.0,0.0,0.0,0.0,0.0,0.0,0.0,0.0,0.0,0.0,0.0,0.0,0.0,0.0,0.0,0.0,0.0,0.0,0.0,0.0,0.0,0.0,0.0,0.0,0.0,0.0,0.0,0.0,0.0,0.0,0.0,0.0,0.0,0.0,0.0,0.0,0.0,0.0,0.0,0.0,0.0,0.0,0.0,0.0,0.0,0.0,0.0,0.0,0.0,0.0,0.0,he
0.421102911233902,0.6787789463996887,6.107150625211943e-07,0.5040453672409058,0.6629480123519897,-0.015378722921013832,0.568777322769165,0.6474445462226868,-0.04685484245419502,0.6102917790412903,0.6844592094421387,-0.0830313041806221,0.641071617603302,0.7389304637908936,-0.12242302298545837,0.5651313066482544,0.4645359516143799,-0.05104661360383034,0.6152099370956421,0.49288874864578247,-0.10133794695138931,0.6594713926315308,0.49556052684783936,-0.13876567780971527,0.7064327001571655,0.499048113822937,-0.16391903162002563,0.5107921361923218,0.44909393787384033,-0.07112943381071091,0.5736914277076721,0.5753666162490845,-0.137482687830925,0.5917515158653259,0.6905626058578491,-0.16103096306324005,0.6001151204109192,0.774905800819397,-0.1655568778514862,0.458441823720932,0.4835455119609833,-0.09220913797616959,0.5230659246444702,0.6187014579772949,-0.15603965520858765,0.546004056930542,0.724151074886322,-0.1608026623725891,0.5587822794914246,0.7955875396728516,-0.14876078069210052,0.41511070728302,0.5435853004455566,-0.11422445625066757,0.4751664996147156,0.655281662940979,-0.1566297709941864,0.5088271498680115,0.7357562780380249,-0.15609495341777802,0.5325546264648438,0.7878427505493164,-0.1449602246284485,0.0,0.0,0.0,0.0,0.0,0.0,0.0,0.0,0.0,0.0,0.0,0.0,0.0,0.0,0.0,0.0,0.0,0.0,0.0,0.0,0.0,0.0,0.0,0.0,0.0,0.0,0.0,0.0,0.0,0.0,0.0,0.0,0.0,0.0,0.0,0.0,0.0,0.0,0.0,0.0,0.0,0.0,0.0,0.0,0.0,0.0,0.0,0.0,0.0,0.0,0.0,0.0,0.0,0.0,0.0,0.0,0.0,0.0,0.0,0.0,0.0,0.0,0.0,he
0.41877615451812744,0.6798573732376099,5.486654117703438e-07,0.502578616142273,0.665884256362915,-0.014613905921578407,0.5689855813980103,0.6518254280090332,-0.04513409733772278,0.612421989440918,0.6907206773757935,-0.0802237018942833,0.6448673605918884,0.7499363422393799,-0.11825014650821686,0.566332995891571,0.4687049388885498,-0.0467776320874691,0.6197447180747986,0.5000938177108765,-0.09366603940725327,0.6643658876419067,0.5065367221832275,-0.1291043758392334,0.7117603421211243,0.5130990147590637,-0.1535016894340515,0.5133321285247803,0.4553568363189697,-0.0666588544845581,0.5765960812568665,0.5828275680541992,-0.12976346909999847,0.5921109914779663,0.6939829587936401,-0.15214568376541138,0.5999346375465393,0.7732533812522888,-0.15653513371944427,0.46171146631240845,0.4901360273361206,-0.0875805914402008,0.5272495150566101,0.6268475651741028,-0.14771197736263275,0.5500385761260986,0.7279062867164612,-0.15218855440616608,0.5634316802024841,0.795394241809845,-0.14086303114891052,0.4190228283405304,0.5502482056617737,-0.10954765230417252,0.4783802628517151,0.6615471243858337,-0.14949974417686462,0.5111737251281738,0.7398539185523987,-0.1488512009382248,0.535082221031189,0.7892106771469116,-0.1381438821554184,0.0,0.0,0.0,0.0,0.0,0.0,0.0,0.0,0.0,0.0,0.0,0.0,0.0,0.0,0.0,0.0,0.0,0.0,0.0,0.0,0.0,0.0,0.0,0.0,0.0,0.0,0.0,0.0,0.0,0.0,0.0,0.0,0.0,0.0,0.0,0.0,0.0,0.0,0.0,0.0,0.0,0.0,0.0,0.0,0.0,0.0,0.0,0.0,0.0,0.0,0.0,0.0,0.0,0.0,0.0,0.0,0.0,0.0,0.0,0.0,0.0,0.0,0.0,he
0.42053088545799255,0.6832073926925659,6.316205940493091e-07,0.5007598400115967,0.671902060508728,-0.01841438002884388,0.5649209022521973,0.6593679189682007,-0.05170188099145889,0.6087479591369629,0.6921665668487549,-0.08846166729927063,0.6427048444747925,0.7406595349311829,-0.1277022510766983,0.5622880458831787,0.4707018733024597,-0.05640799552202225,0.6130200624465942,0.4991714358329773,-0.108054019510746,0.6582273244857788,0.5052862167358398,-0.14607231318950653,0.7060158252716064,0.5125523209571838,-0.17144498229026794,0.5082035660743713,0.45676547288894653,-0.07556649297475815,0.572721004486084,0.5771763324737549,-0.1432398557662964,0.5910331010818481,0.6915375590324402,-0.16675393283367157,0.599242627620697,0.7747883200645447,-0.17137739062309265,0.45664286613464355,0.4921666383743286,-0.09577877074480057,0.5224132537841797,0.6257244944572449,-0.16038580238819122,0.5449281334877014,0.7296160459518433,-0.16403938829898834,0.5569714903831482,0.7991988658905029,-0.15135663747787476,0.4134467840194702,0.5525868535041809,-0.11716119199991226,0.4731772840023041,0.6629875302314758,-0.1598532497882843,0.5070549249649048,0.7413123250007629,-0.15884192287921906,0.530851423740387,0.7913283705711365,-0.14749853312969208,0.0,0.0,0.0,0.0,0.0,0.0,0.0,0.0,0.0,0.0,0.0,0.0,0.0,0.0,0.0,0.0,0.0,0.0,0.0,0.0,0.0,0.0,0.0,0.0,0.0,0.0,0.0,0.0,0.0,0.0,0.0,0.0,0.0,0.0,0.0,0.0,0.0,0.0,0.0,0.0,0.0,0.0,0.0,0.0,0.0,0.0,0.0,0.0,0.0,0.0,0.0,0.0,0.0,0.0,0.0,0.0,0.0,0.0,0.0,0.0,0.0,0.0,0.0,he
0.41492316126823425,0.6858015656471252,5.786130827800662e-07,0.4986855685710907,0.6703110337257385,-0.01552724651992321,0.5645045042037964,0.6537379026412964,-0.04542115703225136,0.6090531349182129,0.6811314225196838,-0.07959452271461487,0.6379044651985168,0.7235903143882751,-0.11656990647315979,0.5589163303375244,0.46947965025901794,-0.04771176725625992,0.6117602586746216,0.4917622208595276,-0.09496530890464783,0.6572686433792114,0.49624893069267273,-0.13019275665283203,0.7043680548667908,0.5012148022651672,-0.15399612486362457,0.5051565170288086,0.45422226190567017,-0.06639790534973145,0.5692334175109863,0.5731236934661865,-0.12868541479110718,0.5898320078849792,0.6865612268447876,-0.15084771811962128,0.5993173718452454,0.768579363822937,-0.15543246269226074,0.45359528064727783,0.48734939098358154,-0.08610232919454575,0.5202568769454956,0.6173367500305176,-0.145399272441864,0.5450021624565125,0.721047580242157,-0.1482773721218109,0.5586115121841431,0.7919473052024841,-0.13626381754875183,0.41097283363342285,0.5457360744476318,-0.1070442646741867,0.47085893154144287,0.6499611139297485,-0.14629550278186798,0.5043858885765076,0.7264654636383057,-0.1449347287416458,0.5281141996383667,0.7765755653381348,-0.1338503062725067,0.0,0.0,0.0,0.0,0.0,0.0,0.0,0.0,0.0,0.0,0.0,0.0,0.0,0.0,0.0,0.0,0.0,0.0,0.0,0.0,0.0,0.0,0.0,0.0,0.0,0.0,0.0,0.0,0.0,0.0,0.0,0.0,0.0,0.0,0.0,0.0,0.0,0.0,0.0,0.0,0.0,0.0,0.0,0.0,0.0,0.0,0.0,0.0,0.0,0.0,0.0,0.0,0.0,0.0,0.0,0.0,0.0,0.0,0.0,0.0,0.0,0.0,0.0,he
0.4190056622028351,0.6813294887542725,5.707399282073311e-07,0.5022692680358887,0.6649562120437622,-0.014653872698545456,0.5672674179077148,0.6497629284858704,-0.04453646019101143,0.6103039383888245,0.6828100681304932,-0.07906832545995712,0.6396768093109131,0.7311285734176636,-0.11649638414382935,0.559934139251709,0.46595919132232666,-0.046378135681152344,0.61188805103302,0.4907064437866211,-0.09314656257629395,0.6574743986129761,0.49696946144104004,-0.12861870229244232,0.7047544121742249,0.5030369758605957,-0.152983158826828,0.5054543614387512,0.453352153301239,-0.06598983705043793,0.570095956325531,0.5742192268371582,-0.12848533689975739,0.5901562571525574,0.6885138154029846,-0.15122762322425842,0.5993402600288391,0.7691311240196228,-0.15631017088890076,0.4538571238517761,0.48885858058929443,-0.08654259890317917,0.5205342769622803,0.6173707246780396,-0.14538225531578064,0.5462247133255005,0.7210347056388855,-0.14800545573234558,0.5608379244804382,0.7899753451347351,-0.13602954149246216,0.4113791882991791,0.5490623712539673,-0.108258455991745,0.47091323137283325,0.6510006189346313,-0.14665232598781586,0.5044763684272766,0.7267703413963318,-0.14431890845298767,0.5287891626358032,0.7748301029205322,-0.13284996151924133,0.0,0.0,0.0,0.0,0.0,0.0,0.0,0.0,0.0,0.0,0.0,0.0,0.0,0.0,0.0,0.0,0.0,0.0,0.0,0.0,0.0,0.0,0.0,0.0,0.0,0.0,0.0,0.0,0.0,0.0,0.0,0.0,0.0,0.0,0.0,0.0,0.0,0.0,0.0,0.0,0.0,0.0,0.0,0.0,0.0,0.0,0.0,0.0,0.0,0.0,0.0,0.0,0.0,0.0,0.0,0.0,0.0,0.0,0.0,0.0,0.0,0.0,0.0,he
0.3995639681816101,0.6716825366020203,6.269608547881944e-07,0.47804343700408936,0.6489371061325073,-0.010323149152100086,0.5444762706756592,0.6265265345573425,-0.03521745279431343,0.5938618183135986,0.6453370451927185,-0.06434554606676102,0.6344298124313354,0.6784886121749878,-0.09528644382953644,0.5359489917755127,0.45053160190582275,-0.04001512750983238,0.5998612642288208,0.4602001905441284,-0.08222765475511551,0.6489222645759583,0.4572486877441406,-0.1142488643527031,0.6967085599899292,0.45564761757850647,-0.13667988777160645,0.4887236952781677,0.43969717621803284,-0.05917338281869888,0.5636281967163086,0.5376440286636353,-0.11478205025196075,0.5895811915397644,0.64326411485672,-0.13444891571998596,0.6027390360832214,0.7216683030128479,-0.1395254135131836,0.4439973831176758,0.4761785864830017,-0.07890995591878891,0.5235792398452759,0.5836820602416992,-0.13021327555179596,0.5448030233383179,0.6779202222824097,-0.1297227442264557,0.5547813177108765,0.7426744699478149,-0.11858616769313812,0.4067130386829376,0.5372008681297302,-0.09969077259302139,0.47622689604759216,0.6265373826026917,-0.13354091346263885,0.5083538889884949,0.6934334635734558,-0.13013458251953125,0.5295299291610718,0.7384699583053589,-0.11949928849935532,0.0,0.0,0.0,0.0,0.0,0.0,0.0,0.0,0.0,0.0,0.0,0.0,0.0,0.0,0.0,0.0,0.0,0.0,0.0,0.0,0.0,0.0,0.0,0.0,0.0,0.0,0.0,0.0,0.0,0.0,0.0,0.0,0.0,0.0,0.0,0.0,0.0,0.0,0.0,0.0,0.0,0.0,0.0,0.0,0.0,0.0,0.0,0.0,0.0,0.0,0.0,0.0,0.0,0.0,0.0,0.0,0.0,0.0,0.0,0.0,0.0,0.0,0.0,he
0.3531329929828644,0.6522367596626282,6.602235202990414e-07,0.4311315417289734,0.611788809299469,-0.004286556970328093,0.4999098479747772,0.5679097771644592,-0.026997195556759834,0.556567907333374,0.5563357472419739,-0.05251589044928551,0.6070992350578308,0.5550021529197693,-0.078702911734581,0.4914703965187073,0.4270404875278473,-0.045309945940971375,0.5862253308296204,0.43383538722991943,-0.08306197822093964,0.6483734846115112,0.423982709646225,-0.11099915206432343,0.7000366449356079,0.41702693700790405,-0.13011428713798523,0.4558241069316864,0.43660542368888855,-0.06281055510044098,0.5678487420082092,0.5131151080131531,-0.10528586059808731,0.606616199016571,0.5955736637115479,-0.11687822639942169,0.6249786019325256,0.656354546546936,-0.12160264700651169,0.42797449231147766,0.4851933717727661,-0.07963361591100693,0.5424152612686157,0.5608429908752441,-0.11479868739843369,0.5680138468742371,0.6265218257904053,-0.10726586729288101,0.5739579200744629,0.6693433523178101,-0.09802037477493286,0.4113463759422302,0.5505466461181641,-0.09709925949573517,0.5097098350524902,0.6040238738059998,-0.11348497122526169,0.52747642993927,0.6429015398025513,-0.1026986613869667,0.5269373059272766,0.6639343500137329,-0.09278970956802368,0.0,0.0,0.0,0.0,0.0,0.0,0.0,0.0,0.0,0.0,0.0,0.0,0.0,0.0,0.0,0.0,0.0,0.0,0.0,0.0,0.0,0.0,0.0,0.0,0.0,0.0,0.0,0.0,0.0,0.0,0.0,0.0,0.0,0.0,0.0,0.0,0.0,0.0,0.0,0.0,0.0,0.0,0.0,0.0,0.0,0.0,0.0,0.0,0.0,0.0,0.0,0.0,0.0,0.0,0.0,0.0,0.0,0.0,0.0,0.0,0.0,0.0,0.0,he
0.36581429839134216,0.5135638117790222,5.780203764516045e-07,0.3933042883872986,0.4531114101409912,-0.01518726721405983,0.43978914618492126,0.40286052227020264,-0.03303319960832596,0.4900035262107849,0.38971105217933655,-0.04960418492555618,0.5299615263938904,0.39939796924591064,-0.06578496098518372,0.43702712655067444,0.35096171498298645,-0.04104800149798393,0.5106881260871887,0.3731716275215149,-0.06819280982017517,0.5538017749786377,0.4039859473705292,-0.08684943616390228,0.5802643895149231,0.43090155720710754,-0.09758445620536804,0.4350842237472534,0.3876050114631653,-0.04504210874438286,0.5118604302406311,0.4077611267566681,-0.06490857899188995,0.5544987916946411,0.4353899657726288,-0.07292506843805313,0.5820350646972656,0.45978260040283203,-0.07871632277965546,0.4379248023033142,0.43821969628334045,-0.04968974366784096,0.5109705924987793,0.4487841725349426,-0.06562450528144836,0.5490692853927612,0.4679736793041229,-0.06369288265705109,0.5730088949203491,0.48720782995224,-0.061287663877010345,0.44466254115104675,0.4937480688095093,-0.05565779283642769,0.5002545714378357,0.49303361773490906,-0.06424159556627274,0.53130042552948,0.5005234479904175,-0.059238217771053314,0.5527117252349854,0.5101581811904907,-0.05423464626073837,0.3316611051559448,0.58324134349823,5.343592874851311e-07,0.38675302267074585,0.5054295063018799,0.010327203199267387,0.45471563935279846,0.44037169218063354,-0.002955172909423709,0.5176867842674255,0.4129437804222107,-0.021102817729115486,0.57146817445755,0.40902164578437805,-0.040561795234680176,0.443509578704834,0.3440640866756439,-0.026362206786870956,0.5416524410247803,0.3381323218345642,-0.049819596111774445,0.5994080901145935,0.3358611464500427,-0.06443287432193756,0.6424294114112854,0.3353121280670166,-0.07476747781038284,0.44076457619667053,0.3726024031639099,-0.04822700470685959,0.555982768535614,0.40377551317214966,-0.07584943622350693,0.5985636115074158,0.4718945324420929,-0.08420541882514954,0.6113308668136597,0.5244308114051819,-0.0888829305768013,0.4417426288127899,0.4250199496746063,-0.06809184700250626,0.5522313117980957,0.4498654007911682,-0.09302745014429092,0.5891395807266235,0.5098185539245605,-0.09004572033882141,0.5970340371131897,0.5561642646789551,-0.0853545144200325,0.4454091489315033,0.48633891344070435,-0.08649080991744995,0.5322777628898621,0.4875262677669525,-0.10037774592638016,0.5634946227073669,0.5222548842430115,-0.09423515945672989,0.5710163116455078,0.5543761849403381,-0.08804934471845627,he
0.3645660877227783,0.4754689335823059,6.188375891724718e-07,0.3861840069293976,0.40138548612594604,-0.006716827396303415,0.4299483895301819,0.3500896692276001,-0.025404978543519974,0.48553526401519775,0.3493485152721405,-0.044743940234184265,0.5274953842163086,0.3751407861709595,-0.06386438012123108,0.4274709224700928,0.3037910759449005,-0.04348916560411453,0.5189192295074463,0.32848724722862244,-0.07612475752830505,0.5576009154319763,0.37395843863487244,-0.09556396305561066,0.5790168046951294,0.4120827615261078,-0.10523167997598648,0.4314238727092743,0.34146085381507874,-0.053772080689668655,0.5305590033531189,0.35624396800994873,-0.0838378444314003,0.5694059729576111,0.40314486622810364,-0.093770831823349,0.5872889161109924,0.4451473355293274,-0.09752000868320465,0.44067132472991943,0.38956716656684875,-0.06368313729763031,0.5311142206192017,0.3966004252433777,-0.08508294075727463,0.569930911064148,0.4354402720928192,-0.08502472937107086,0.5868598818778992,0.46917441487312317,-0.08142133057117462,0.4537660777568817,0.441640704870224,-0.07399322092533112,0.5244588851928711,0.436845600605011,-0.08485591411590576,0.5564583539962769,0.4585149586200714,-0.08090323954820633,0.5740373730659485,0.4815711975097656,-0.07560033351182938,0.33158841729164124,0.5295255184173584,4.6321059699039324e-07,0.3714728355407715,0.44347161054611206,0.006371891591697931,0.43934306502342224,0.3811922073364258,-0.010448313318192959,0.5120810866355896,0.37174856662750244,-0.03251369297504425,0.5715620517730713,0.3866581618785858,-0.05349915474653244,0.42999181151390076,0.29885876178741455,-0.03511154651641846,0.5526106357574463,0.28455209732055664,-0.06835556775331497,0.6039789915084839,0.3156832754611969,-0.08545341342687607,0.6226518154144287,0.3445090651512146,-0.09275531023740768,0.4320482015609741,0.3410319983959198,-0.05560886487364769,0.5550207495689392,0.3530225455760956,-0.08660722523927689,0.5900788307189941,0.41515564918518066,-0.09298472106456757,0.5899311304092407,0.4580763280391693,-0.09525636583566666,0.43883034586906433,0.3983111083507538,-0.0753166601061821,0.5502920150756836,0.41021111607551575,-0.09838788211345673,0.5754513740539551,0.46512019634246826,-0.09130766987800598,0.5697917938232422,0.5015219449996948,-0.08345051854848862,0.4491311311721802,0.45993274450302124,-0.09454645961523056,0.5391038656234741,0.45323842763900757,-0.10391143709421158,0.5626041293144226,0.487324595451355,-0.09338311851024628,0.5607877969741821,0.5163002610206604,-0.08374181389808655,he
0.3537563383579254,0.44204846024513245,8.97461006843514e-07,0.38775667548179626,0.40862271189689636,-0.006380850914865732,0.43809133768081665,0.37270084023475647,-0.021707545965909958,0.49150151014328003,0.3679501712322235,-0.03742712363600731,0.537117600440979,0.37406906485557556,-0.05286745727062225,0.4214271008968353,0.2627578377723694,-0.02646877057850361,0.5014635920524597,0.2490987628698349,-0.04854992777109146,0.5547851324081421,0.24696049094200134,-0.0644715204834938,0.5958755016326904,0.25066250562667847,-0.0738825723528862,0.4213523864746094,0.2647112011909485,-0.03488790616393089,0.504895031452179,0.24474841356277466,-0.05531986802816391,0.5610169172286987,0.23698341846466064,-0.06619685143232346,0.6059162616729736,0.2351369857788086,-0.0724765881896019,0.43046391010284424,0.2879877984523773,-0.04307226836681366,0.5114345550537109,0.2568782567977905,-0.060765065252780914,0.5627371668815613,0.2456177920103073,-0.06391531974077225,0.6033961772918701,0.24135325849056244,-0.06394416093826294,0.44440174102783203,0.32778939604759216,-0.05158573389053345,0.5142596960067749,0.2970741391181946,-0.0609070286154747,0.5565074682235718,0.28319457173347473,-0.05795808508992195,0.5909721851348877,0.27570849657058716,-0.053877852857112885,0.32486265897750854,0.4889146089553833,6.961896588109084e-07,0.39387404918670654,0.4431730806827545,0.02557143196463585,0.4498547613620758,0.39500898122787476,0.03216737136244774,0.498233437538147,0.388899564743042,0.02864960767328739,0.5420390963554382,0.3893444836139679,0.023972250521183014,0.4132236838340759,0.24910396337509155,0.054241519421339035,0.5039038062095642,0.20118339359760284,0.058139458298683167,0.5477596521377563,0.19192993640899658,0.05296015739440918,0.5841151475906372,0.1907552182674408,0.0462384968996048,0.4153708517551422,0.2620882987976074,0.029580771923065186,0.5112661719322205,0.22280119359493256,0.03156615048646927,0.5647249817848206,0.22148387134075165,0.020139040425419807,0.6152535080909729,0.24003538489341736,0.011205330491065979,0.42610886693000793,0.296909362077713,0.003897312330082059,0.5188165307044983,0.2482503354549408,0.009994233958423138,0.5747901201248169,0.2384319007396698,0.00787200778722763,0.6262748837471008,0.2303307205438614,0.003681759350001812,0.4408981502056122,0.3558652997016907,-0.021661560982465744,0.5225469470024109,0.30183181166648865,-0.012729679234325886,0.5629610419273376,0.2809012532234192,-0.004615002311766148,0.5952799916267395,0.2625952661037445,-0.0009956499561667442,he
0.3218601644039154,0.4912921190261841,5.794943263026653e-07,0.3894808292388916,0.44743576645851135,0.027359209954738617,0.4461982846260071,0.39965611696243286,0.035016026347875595,0.49387916922569275,0.38666728138923645,0.032544516026973724,0.5383679866790771,0.3837997615337372,0.02910768613219261,0.4156172573566437,0.25521737337112427,0.056563034653663635,0.4998621344566345,0.20386050641536713,0.06115971505641937,0.5434365272521973,0.18741315603256226,0.055254921317100525,0.5773137807846069,0.1794605553150177,0.04805489256978035,0.4161614179611206,0.2659625709056854,0.03303804621100426,0.5053479671478271,0.22657237946987152,0.038339849561452866,0.561140775680542,0.22626475989818573,0.030070791020989418,0.6132354736328125,0.2416025996208191,0.022986777126789093,0.4255651831626892,0.29579323530197144,0.008637913502752781,0.5151141881942749,0.2505926787853241,0.018172724172472954,0.5718026161193848,0.24271461367607117,0.021385932341217995,0.6216589212417603,0.23535262048244476,0.020501866936683655,0.44110342860221863,0.3490997552871704,-0.015732541680336,0.5229277610778809,0.2963712811470032,-0.0039529213681817055,0.5622340440750122,0.2798806428909302,0.008588469587266445,0.5922876596450806,0.2657206952571869,0.015960734337568283,0.0,0.0,0.0,0.0,0.0,0.0,0.0,0.0,0.0,0.0,0.0,0.0,0.0,0.0,0.0,0.0,0.0,0.0,0.0,0.0,0.0,0.0,0.0,0.0,0.0,0.0,0.0,0.0,0.0,0.0,0.0,0.0,0.0,0.0,0.0,0.0,0.0,0.0,0.0,0.0,0.0,0.0,0.0,0.0,0.0,0.0,0.0,0.0,0.0,0.0,0.0,0.0,0.0,0.0,0.0,0.0,0.0,0.0,0.0,0.0,0.0,0.0,0.0,he
0.3559746742248535,0.42481333017349243,3.804280765962176e-07,0.3717009425163269,0.36441460251808167,0.03003014251589775,0.41924604773521423,0.3325439691543579,0.03460220992565155,0.4702588617801666,0.34083235263824463,0.03147901967167854,0.512153148651123,0.36417680978775024,0.02635086327791214,0.4128289520740509,0.24816562235355377,0.01827884651720524,0.4720839858055115,0.19257952272891998,0.01621439680457115,0.5088615417480469,0.16410204768180847,0.014495213516056538,0.5389824509620667,0.14223234355449677,0.011704789474606514,0.4294516146183014,0.25478097796440125,-0.006885777693241835,0.5054784417152405,0.19640858471393585,-0.009971680119633675,0.5555133819580078,0.16611528396606445,-0.014613834209740162,0.5931563377380371,0.14694510400295258,-0.018813837319612503,0.4442823827266693,0.28339236974716187,-0.030017398297786713,0.5224936604499817,0.21975108981132507,-0.0367591418325901,0.5722759366035461,0.18565846979618073,-0.04401051625609398,0.6103694438934326,0.16503912210464478,-0.04997318983078003,0.464167982339859,0.3313855826854706,-0.050151847302913666,0.5312207937240601,0.2903650104999542,-0.05658247321844101,0.5729183554649353,0.27222123742103577,-0.05770580470561981,0.606787383556366,0.25823643803596497,-0.0591830313205719,0.3340124487876892,0.46234065294265747,2.710197009037074e-07,0.3840227723121643,0.41467684507369995,0.04081817343831062,0.4349547028541565,0.3829648494720459,0.05361965671181679,0.48567819595336914,0.37610751390457153,0.05593259260058403,0.5246052742004395,0.38188838958740234,0.05558862164616585,0.4199649691581726,0.2583223879337311,0.040689170360565186,0.47672316431999207,0.1986647993326187,0.04198787733912468,0.5107883810997009,0.1658513844013214,0.03976099193096161,0.5380861759185791,0.13830192387104034,0.03569769859313965,0.4283134341239929,0.2609734535217285,0.011081338860094547,0.5081391334533691,0.19700244069099426,0.00993107445538044,0.5576596856117249,0.16535772383213043,0.003566863015294075,0.5969696044921875,0.14317500591278076,-0.0031515539158135653,0.4396061599254608,0.28632020950317383,-0.016990583389997482,0.5237846970558167,0.2287195920944214,-0.02273007296025753,0.5763199925422668,0.20066122710704803,-0.03201696276664734,0.6171978712081909,0.17783799767494202,-0.0405256487429142,0.4572855532169342,0.3294343948364258,-0.04163714870810509,0.5283004641532898,0.2886568307876587,-0.04957735165953636,0.568885326385498,0.26918134093284607,-0.05369143933057785,0.6041793823242188,0.2514151632785797,-0.05798619985580444,he
0.333916574716568,0.4722960591316223,4.178824326572794e-07,0.39194610714912415,0.42630690336227417,0.02925262413918972,0.43894559144973755,0.3882026970386505,0.03374555706977844,0.48574507236480713,0.3798854351043701,0.028921376913785934,0.5248180031776428,0.38276809453964233,0.022632598876953125,0.4120221734046936,0.25715166330337524,0.029809586703777313,0.4834124743938446,0.21134868264198303,0.025383267551660538,0.5224897861480713,0.18410822749137878,0.016192540526390076,0.5482403039932251,0.15817414224147797,0.008178911171853542,0.4162028133869171,0.26508909463882446,0.0031451540999114513,0.5089848637580872,0.22237512469291687,0.00098204065579921,0.5596040487289429,0.19918030500411987,-0.009358827024698257,0.5955759286880493,0.18099570274353027,-0.018627917394042015,0.42718663811683655,0.29327404499053955,-0.022613616660237312,0.5191676020622253,0.24931469559669495,-0.02596260979771614,0.5718646049499512,0.22874125838279724,-0.03292398899793625,0.6111527681350708,0.20870836079120636,-0.039603445678949356,0.4454999566078186,0.3392690122127533,-0.04647628590464592,0.5240852236747742,0.3029961585998535,-0.04727982357144356,0.5654829740524292,0.28856009244918823,-0.04382767528295517,0.5993868708610535,0.27503684163093567,-0.04233309626579285,0.0,0.0,0.0,0.0,0.0,0.0,0.0,0.0,0.0,0.0,0.0,0.0,0.0,0.0,0.0,0.0,0.0,0.0,0.0,0.0,0.0,0.0,0.0,0.0,0.0,0.0,0.0,0.0,0.0,0.0,0.0,0.0,0.0,0.0,0.0,0.0,0.0,0.0,0.0,0.0,0.0,0.0,0.0,0.0,0.0,0.0,0.0,0.0,0.0,0.0,0.0,0.0,0.0,0.0,0.0,0.0,0.0,0.0,0.0,0.0,0.0,0.0,0.0,he
0.3336082100868225,0.4690747857093811,4.658202499285835e-07,0.39319080114364624,0.42907053232192993,0.026167873293161392,0.44231000542640686,0.39089787006378174,0.030432047322392464,0.4883638620376587,0.3806127905845642,0.026121487841010094,0.5243923664093018,0.3817542791366577,0.020030299201607704,0.41239213943481445,0.2598375976085663,0.02717292495071888,0.4805833697319031,0.21435081958770752,0.02330644242465496,0.5188825130462646,0.18571625649929047,0.014801441691815853,0.5446047782897949,0.1595805138349533,0.006941123399883509,0.41796985268592834,0.26541459560394287,0.0019126076949760318,0.507249116897583,0.22288936376571655,0.0002079466066788882,0.5581664443016052,0.19716767966747284,-0.010096698999404907,0.5950064659118652,0.17616690695285797,-0.01975969411432743,0.4294623136520386,0.29238834977149963,-0.022557124495506287,0.5190857648849487,0.2510926425457001,-0.026987802237272263,0.5744710564613342,0.23017160594463348,-0.0349348783493042,0.6152821183204651,0.20863032341003418,-0.04245571792125702,0.4475606083869934,0.33734211325645447,-0.045216530561447144,0.5246793627738953,0.3009245991706848,-0.04837919399142265,0.5665674805641174,0.286090612411499,-0.046224288642406464,0.5999370217323303,0.2718428075313568,-0.04570109024643898,0.0,0.0,0.0,0.0,0.0,0.0,0.0,0.0,0.0,0.0,0.0,0.0,0.0,0.0,0.0,0.0,0.0,0.0,0.0,0.0,0.0,0.0,0.0,0.0,0.0,0.0,0.0,0.0,0.0,0.0,0.0,0.0,0.0,0.0,0.0,0.0,0.0,0.0,0.0,0.0,0.0,0.0,0.0,0.0,0.0,0.0,0.0,0.0,0.0,0.0,0.0,0.0,0.0,0.0,0.0,0.0,0.0,0.0,0.0,0.0,0.0,0.0,0.0,he
0.35316431522369385,0.4405179023742676,3.027500099506142e-07,0.37955528497695923,0.3983592987060547,0.014515404589474201,0.42214635014533997,0.3555978536605835,0.014775163494050503,0.4718034267425537,0.34371381998062134,0.009720485657453537,0.509413480758667,0.34013545513153076,0.005646012257784605,0.387876033782959,0.25766098499298096,0.014715595170855522,0.46191272139549255,0.2553403675556183,0.01128240954130888,0.5024510025978088,0.26985427737236023,0.006793677341192961,0.5271868705749512,0.28615888953208923,0.0034501547925174236,0.4002564549446106,0.2624063193798065,0.0004781032621394843,0.4762442708015442,0.2561870813369751,0.002795038977637887,0.5135545134544373,0.2701437771320343,0.0024184323847293854,0.5369404554367065,0.2831888198852539,0.0003640585928224027,0.4172121286392212,0.2869475483894348,-0.013399200513958931,0.49298515915870667,0.27264055609703064,-0.012769690714776516,0.5261436700820923,0.28633078932762146,-0.011300569400191307,0.5454295873641968,0.29949212074279785,-0.012280590832233429,0.4386540949344635,0.32547762989997864,-0.02675025723874569,0.502032458782196,0.3229474425315857,-0.023923728615045547,0.5260472297668457,0.3434809744358063,-0.016713131219148636,0.5390716195106506,0.36398348212242126,-0.012241341173648834,0.3305504322052002,0.47819167375564575,-7.909216748203107e-08,0.38417160511016846,0.41902947425842285,0.018186867237091064,0.4282877743244171,0.35833391547203064,0.016726914793252945,0.4824891984462738,0.31977012753486633,0.00790551770478487,0.523775577545166,0.2993306517601013,0.001971139805391431,0.39023298025131226,0.2550886571407318,0.011941188015043736,0.48236390948295593,0.25160348415374756,-0.0003141718334518373,0.5047812461853027,0.293354868888855,-0.00837511196732521,0.50177401304245,0.32482579350471497,-0.011788303032517433,0.4006391167640686,0.26387953758239746,-0.006027714814990759,0.5030642151832581,0.25685539841651917,-0.013996683061122894,0.518024742603302,0.3006972670555115,-0.015995927155017853,0.5088545083999634,0.3303334414958954,-0.016084950417280197,0.41723883152008057,0.2904641032218933,-0.023356270045042038,0.5124737620353699,0.2826840281486511,-0.02611611783504486,0.5253039598464966,0.32677018642425537,-0.017769310623407364,0.5162582397460938,0.35775110125541687,-0.011621817946434021,0.43577849864959717,0.330292284488678,-0.04022490605711937,0.5075256824493408,0.3286290764808655,-0.036049384623765945,0.5292267203330994,0.3524729013442993,-0.025210600346326828,0.5350465178489685,0.37248364090919495,-0.016871735453605652,he
0.3220599889755249,0.4827314615249634,-5.0598305989524306e-08,0.3455117344856262,0.40549999475479126,0.027193017303943634,0.3806876540184021,0.3462422490119934,0.030025113373994827,0.4224800169467926,0.3231378197669983,0.023608697578310966,0.4556978940963745,0.32368946075439453,0.017632970586419106,0.3693733513355255,0.26465854048728943,0.021947700530290604,0.4481765031814575,0.26073652505874634,0.016421008855104446,0.47603514790534973,0.29611465334892273,0.011464333161711693,0.48295965790748596,0.3283151686191559,0.00953129306435585,0.3845730125904083,0.27319619059562683,0.0009253366151824594,0.47128939628601074,0.27274614572525024,0.0015019557904452085,0.4930962026119232,0.31482306122779846,0.0006966571672819555,0.4946924149990082,0.35132265090942383,5.58038373128511e-05,0.4032004773616791,0.2991020083427429,-0.018690211698412895,0.485117644071579,0.2980712056159973,-0.016112323850393295,0.5048295259475708,0.3407031297683716,-0.012652885168790817,0.5060017108917236,0.3761833608150482,-0.010585623793303967,0.4235386252403259,0.33769235014915466,-0.0370134636759758,0.48760855197906494,0.3312221169471741,-0.029103200882673264,0.5114419460296631,0.3530407249927521,-0.02036297507584095,0.5218535661697388,0.37600210309028625,-0.014048661105334759,0.0,0.0,0.0,0.0,0.0,0.0,0.0,0.0,0.0,0.0,0.0,0.0,0.0,0.0,0.0,0.0,0.0,0.0,0.0,0.0,0.0,0.0,0.0,0.0,0.0,0.0,0.0,0.0,0.0,0.0,0.0,0.0,0.0,0.0,0.0,0.0,0.0,0.0,0.0,0.0,0.0,0.0,0.0,0.0,0.0,0.0,0.0,0.0,0.0,0.0,0.0,0.0,0.0,0.0,0.0,0.0,0.0,0.0,0.0,0.0,0.0,0.0,0.0,he
0.31928837299346924,0.4873095154762268,-7.28440312514067e-08,0.3537139594554901,0.4260214567184448,0.024488180875778198,0.396300345659256,0.373167484998703,0.026211222633719444,0.44719478487968445,0.3515516221523285,0.01926722191274166,0.48553237318992615,0.3518661558628082,0.01409975253045559,0.36256030201911926,0.2765178084373474,0.024353697896003723,0.44049081206321716,0.27360087633132935,0.018700821325182915,0.4643913209438324,0.31401047110557556,0.013224112801253796,0.46680450439453125,0.3498556911945343,0.010975953191518784,0.3754625916481018,0.2828620374202728,0.004141275770962238,0.4618499279022217,0.281240314245224,0.0025137905031442642,0.48072487115859985,0.32881802320480347,0.0001935884793056175,0.47725778818130493,0.3676877021789551,-0.0008520486881025136,0.3930214047431946,0.30724596977233887,-0.015029327012598515,0.4745118021965027,0.29952472448349,-0.015379467979073524,0.4923240840435028,0.3489932715892792,-0.011235218495130539,0.4894469678401947,0.3878142535686493,-0.007736022584140301,0.4132319688796997,0.34331896901130676,-0.03296267241239548,0.4780469834804535,0.3310249149799347,-0.02755313739180565,0.5001568794250488,0.35842186212539673,-0.018205320462584496,0.5066223740577698,0.3847503066062927,-0.011094504036009312,0.0,0.0,0.0,0.0,0.0,0.0,0.0,0.0,0.0,0.0,0.0,0.0,0.0,0.0,0.0,0.0,0.0,0.0,0.0,0.0,0.0,0.0,0.0,0.0,0.0,0.0,0.0,0.0,0.0,0.0,0.0,0.0,0.0,0.0,0.0,0.0,0.0,0.0,0.0,0.0,0.0,0.0,0.0,0.0,0.0,0.0,0.0,0.0,0.0,0.0,0.0,0.0,0.0,0.0,0.0,0.0,0.0,0.0,0.0,0.0,0.0,0.0,0.0,he
0.32255592942237854,0.4826006293296814,-2.085653783012731e-08,0.35140663385391235,0.4236881136894226,0.02417781576514244,0.3870888352394104,0.370816171169281,0.027326736599206924,0.4315887689590454,0.3482643961906433,0.022069759666919708,0.46576306223869324,0.34542375802993774,0.01788407936692238,0.35858920216560364,0.27842605113983154,0.023732610046863556,0.4366920590400696,0.2743681073188782,0.019194066524505615,0.46326565742492676,0.3121514320373535,0.014852485619485378,0.4688000977039337,0.3451669216156006,0.01338433288037777,0.3740689754486084,0.2846507728099823,0.004948517307639122,0.4606820344924927,0.281138151884079,0.003631207160651684,0.48078760504722595,0.3265213966369629,0.0012565064243972301,0.47922196984291077,0.36488449573516846,0.00036723678931593895,0.3937828540802002,0.30723336338996887,-0.012651685625314713,0.4760235548019409,0.3010527193546295,-0.013025790452957153,0.4956030249595642,0.348640114068985,-0.01040111854672432,0.49493181705474854,0.38678282499313354,-0.0077407932840287685,0.4149847626686096,0.3406903147697449,-0.02885715290904045,0.4786618649959564,0.33015695214271545,-0.024205639958381653,0.5024034976959229,0.3569145202636719,-0.016406692564487457,0.5112119913101196,0.38355663418769836,-0.010095220990478992,0.0,0.0,0.0,0.0,0.0,0.0,0.0,0.0,0.0,0.0,0.0,0.0,0.0,0.0,0.0,0.0,0.0,0.0,0.0,0.0,0.0,0.0,0.0,0.0,0.0,0.0,0.0,0.0,0.0,0.0,0.0,0.0,0.0,0.0,0.0,0.0,0.0,0.0,0.0,0.0,0.0,0.0,0.0,0.0,0.0,0.0,0.0,0.0,0.0,0.0,0.0,0.0,0.0,0.0,0.0,0.0,0.0,0.0,0.0,0.0,0.0,0.0,0.0,he
0.31199419498443604,0.501766562461853,-1.2984969544049818e-07,0.337879478931427,0.4408131241798401,0.025203751400113106,0.3715895712375641,0.3866666853427887,0.027051150798797607,0.4133419692516327,0.36420658230781555,0.019653841853141785,0.44742462038993835,0.36252152919769287,0.01316517312079668,0.3488766849040985,0.3026398718357086,0.022334279492497444,0.42597079277038574,0.29442688822746277,0.012828337028622627,0.44884422421455383,0.336780846118927,0.00532981613650918,0.44789499044418335,0.3750755190849304,0.0029804143123328686,0.36232414841651917,0.30770018696784973,0.0014774363953620195,0.4491840600967407,0.30358001589775085,-0.0021154400892555714,0.46810245513916016,0.3526732921600342,-0.00421179598197341,0.463310182094574,0.39124423265457153,-0.0044208066537976265,0.3797754645347595,0.329486221075058,-0.01855907402932644,0.4629969596862793,0.3214857578277588,-0.022435227409005165,0.48222485184669495,0.3728671371936798,-0.018628114834427834,0.4793456494808197,0.4122208058834076,-0.013965746387839317,0.3994629681110382,0.3638085126876831,-0.03713076934218407,0.4670223295688629,0.3507833480834961,-0.03507986292243004,0.48956578969955444,0.38149768114089966,-0.025864411145448685,0.4953535795211792,0.4107513725757599,-0.017746146768331528,0.0,0.0,0.0,0.0,0.0,0.0,0.0,0.0,0.0,0.0,0.0,0.0,0.0,0.0,0.0,0.0,0.0,0.0,0.0,0.0,0.0,0.0,0.0,0.0,0.0,0.0,0.0,0.0,0.0,0.0,0.0,0.0,0.0,0.0,0.0,0.0,0.0,0.0,0.0,0.0,0.0,0.0,0.0,0.0,0.0,0.0,0.0,0.0,0.0,0.0,0.0,0.0,0.0,0.0,0.0,0.0,0.0,0.0,0.0,0.0,0.0,0.0,0.0,he
0.3113192021846771,0.5266035199165344,-4.158408017929105e-08,0.3583914637565613,0.4924858808517456,0.015334093011915684,0.3990376591682434,0.4458758533000946,0.01620795950293541,0.4394170939922333,0.4236619472503662,0.009746556170284748,0.4671933948993683,0.4132799208164215,0.004891718737781048,0.35428673028945923,0.3291530907154083,0.018613191321492195,0.43031787872314453,0.3214626610279083,0.007997208274900913,0.4596831202507019,0.3597888946533203,-0.002180910436436534,0.46800512075424194,0.39556679129600525,-0.007188029587268829,0.3611583411693573,0.3333566188812256,0.0027169391978532076,0.44691893458366394,0.32783299684524536,-0.0038764625787734985,0.4716155529022217,0.3730091154575348,-0.009113597683608532,0.4748128652572632,0.41112497448921204,-0.011403001844882965,0.37591060996055603,0.3553880453109741,-0.013389919884502888,0.4563474655151367,0.34541499614715576,-0.020647702738642693,0.4815903902053833,0.39021262526512146,-0.020569058135151863,0.48666298389434814,0.42831212282180786,-0.0183541402220726,0.3961181938648224,0.3892800509929657,-0.02882697433233261,0.4618753492832184,0.3775763511657715,-0.031285300850868225,0.4892614781856537,0.4029127061367035,-0.026289459317922592,0.5019885301589966,0.42872655391693115,-0.02106793224811554,0.0,0.0,0.0,0.0,0.0,0.0,0.0,0.0,0.0,0.0,0.0,0.0,0.0,0.0,0.0,0.0,0.0,0.0,0.0,0.0,0.0,0.0,0.0,0.0,0.0,0.0,0.0,0.0,0.0,0.0,0.0,0.0,0.0,0.0,0.0,0.0,0.0,0.0,0.0,0.0,0.0,0.0,0.0,0.0,0.0,0.0,0.0,0.0,0.0,0.0,0.0,0.0,0.0,0.0,0.0,0.0,0.0,0.0,0.0,0.0,0.0,0.0,0.0,he
0.33671051263809204,0.5539829134941101,2.503170151157974e-07,0.4070153534412384,0.5169539451599121,0.012872814200818539,0.442547470331192,0.4752963185310364,0.010754698887467384,0.4744860827922821,0.4506317377090454,0.0017938328674063087,0.49990013241767883,0.4383605420589447,-0.005464040674269199,0.3712550103664398,0.349845826625824,0.014258592389523983,0.45448312163352966,0.34886008501052856,-0.003132900921627879,0.49658435583114624,0.3785427212715149,-0.01928776130080223,0.5257517099380493,0.4082089960575104,-0.029550345614552498,0.3653060495853424,0.3527435064315796,-0.003799309255555272,0.4633878469467163,0.34519073367118835,-0.024555640295147896,0.5031172633171082,0.39078953862190247,-0.03729506582021713,0.5258059501647949,0.4325408935546875,-0.042118173092603683,0.37352168560028076,0.3722165822982788,-0.02223697118461132,0.4630591869354248,0.3648529052734375,-0.039750657975673676,0.5022503137588501,0.407631516456604,-0.04403182864189148,0.5223908424377441,0.4447955787181854,-0.04250921308994293,0.3920428454875946,0.40168529748916626,-0.04018154740333557,0.462533563375473,0.3954700231552124,-0.04782393202185631,0.4909629821777344,0.4204409718513489,-0.044563889503479004,0.5074712038040161,0.4448329508304596,-0.039684973657131195,0.0,0.0,0.0,0.0,0.0,0.0,0.0,0.0,0.0,0.0,0.0,0.0,0.0,0.0,0.0,0.0,0.0,0.0,0.0,0.0,0.0,0.0,0.0,0.0,0.0,0.0,0.0,0.0,0.0,0.0,0.0,0.0,0.0,0.0,0.0,0.0,0.0,0.0,0.0,0.0,0.0,0.0,0.0,0.0,0.0,0.0,0.0,0.0,0.0,0.0,0.0,0.0,0.0,0.0,0.0,0.0,0.0,0.0,0.0,0.0,0.0,0.0,0.0,he
0.3594530522823334,0.5667724609375,2.2815882516624697e-07,0.43489396572113037,0.5312145948410034,0.0014799596974626184,0.475365549325943,0.48001527786254883,-0.0074173687025904655,0.5033204555511475,0.44683805108070374,-0.02114303968846798,0.5270841121673584,0.41797149181365967,-0.03293117880821228,0.39883890748023987,0.35547709465026855,-0.0006075417622923851,0.47661441564559937,0.3517918288707733,-0.02775091864168644,0.5224029421806335,0.3853408694267273,-0.05007415637373924,0.552371621131897,0.42139488458633423,-0.06299067288637161,0.38507962226867676,0.35956889390945435,-0.015485929325222969,0.4791907072067261,0.34856459498405457,-0.04597451165318489,0.5244617462158203,0.3970942497253418,-0.06236917898058891,0.5476518869400024,0.443525105714798,-0.06804817914962769,0.38404929637908936,0.3802553713321686,-0.03174241632223129,0.4722277522087097,0.363772451877594,-0.059946078807115555,0.5148589015007019,0.4103612005710602,-0.0648178979754448,0.5345317721366882,0.45357656478881836,-0.061253320425748825,0.3939281404018402,0.41251638531684875,-0.04813443496823311,0.46475350856781006,0.4022079110145569,-0.06671202182769775,0.4981219470500946,0.42931070923805237,-0.06612376868724823,0.5163396596908569,0.4580344259738922,-0.06065884605050087,0.0,0.0,0.0,0.0,0.0,0.0,0.0,0.0,0.0,0.0,0.0,0.0,0.0,0.0,0.0,0.0,0.0,0.0,0.0,0.0,0.0,0.0,0.0,0.0,0.0,0.0,0.0,0.0,0.0,0.0,0.0,0.0,0.0,0.0,0.0,0.0,0.0,0.0,0.0,0.0,0.0,0.0,0.0,0.0,0.0,0.0,0.0,0.0,0.0,0.0,0.0,0.0,0.0,0.0,0.0,0.0,0.0,0.0,0.0,0.0,0.0,0.0,0.0,he
0.3557383418083191,0.5704573392868042,2.3830136797187151e-07,0.4306401312351227,0.533652126789093,0.001452860189601779,0.46971452236175537,0.4796620309352875,-0.006352858152240515,0.495903342962265,0.4448103606700897,-0.018623171374201775,0.5192865133285522,0.4171299338340759,-0.02879159338772297,0.3955579102039337,0.35454535484313965,0.0009342266712337732,0.47613877058029175,0.3526253402233124,-0.02413899265229702,0.5231430530548096,0.386670857667923,-0.04571661353111267,0.5535064935684204,0.4196685254573822,-0.0589420460164547,0.3825719356536865,0.35691994428634644,-0.013512643985450268,0.47943544387817383,0.3486078679561615,-0.041338566690683365,0.5245319604873657,0.39781105518341064,-0.05620196461677551,0.5466163158416748,0.4429504871368408,-0.061612267047166824,0.38310399651527405,0.376354455947876,-0.029396969825029373,0.4734857380390167,0.36121174693107605,-0.05617421120405197,0.5148097276687622,0.4097863733768463,-0.059529002755880356,0.5334494113922119,0.4529026746749878,-0.0553634911775589,0.3944643437862396,0.4075378179550171,-0.04556865617632866,0.4681353271007538,0.40035372972488403,-0.06375306099653244,0.5005462765693665,0.4298529028892517,-0.06253579258918762,0.5176279544830322,0.45798224210739136,-0.05669906362891197,0.0,0.0,0.0,0.0,0.0,0.0,0.0,0.0,0.0,0.0,0.0,0.0,0.0,0.0,0.0,0.0,0.0,0.0,0.0,0.0,0.0,0.0,0.0,0.0,0.0,0.0,0.0,0.0,0.0,0.0,0.0,0.0,0.0,0.0,0.0,0.0,0.0,0.0,0.0,0.0,0.0,0.0,0.0,0.0,0.0,0.0,0.0,0.0,0.0,0.0,0.0,0.0,0.0,0.0,0.0,0.0,0.0,0.0,0.0,0.0,0.0,0.0,0.0,he
0.40005671977996826,0.6188709735870361,-3.3131226473415154e-07,0.4539315700531006,0.6005806922912598,-0.012535417452454567,0.4968436062335968,0.5627210736274719,-0.02649090066552162,0.5219036340713501,0.5289983749389648,-0.041463129222393036,0.5359244346618652,0.5123822689056396,-0.055596884340047836,0.491649866104126,0.4318132698535919,-0.01763363741338253,0.5061612129211426,0.4272947609424591,-0.04101545736193657,0.5176963210105896,0.46696367859840393,-0.05994167551398277,0.5194253325462341,0.5015395879745483,-0.0712074264883995,0.4639296531677246,0.4246969223022461,-0.024033328518271446,0.47480159997940063,0.413830041885376,-0.04382169246673584,0.48806828260421753,0.45374611020088196,-0.05616934597492218,0.490237295627594,0.49070602655410767,-0.06341926753520966,0.4337073564529419,0.4343179166316986,-0.03237147256731987,0.4412732720375061,0.419756680727005,-0.05007370188832283,0.4581032991409302,0.45250236988067627,-0.05366121232509613,0.4622650444507599,0.4872722625732422,-0.05399969965219498,0.4037618339061737,0.45850297808647156,-0.04212448000907898,0.4097173810005188,0.45106783509254456,-0.05591411516070366,0.4232213497161865,0.47694870829582214,-0.05610726773738861,0.42818883061408997,0.5056905150413513,-0.05338593199849129,0.0,0.0,0.0,0.0,0.0,0.0,0.0,0.0,0.0,0.0,0.0,0.0,0.0,0.0,0.0,0.0,0.0,0.0,0.0,0.0,0.0,0.0,0.0,0.0,0.0,0.0,0.0,0.0,0.0,0.0,0.0,0.0,0.0,0.0,0.0,0.0,0.0,0.0,0.0,0.0,0.0,0.0,0.0,0.0,0.0,0.0,0.0,0.0,0.0,0.0,0.0,0.0,0.0,0.0,0.0,0.0,0.0,0.0,0.0,0.0,0.0,0.0,0.0,he
0.4135628640651703,0.6489458680152893,1.8584518102215952e-07,0.4606696367263794,0.6313081979751587,-0.008924456313252449,0.5093997716903687,0.6112576127052307,-0.026986224576830864,0.5408276319503784,0.6305447816848755,-0.048942774534225464,0.5649074912071228,0.6695115566253662,-0.07320869714021683,0.5145654082298279,0.4670615494251251,-0.022658955305814743,0.5521059632301331,0.4779391288757324,-0.05023440718650818,0.5848270058631897,0.4856020212173462,-0.06977257877588272,0.6178748607635498,0.49959027767181396,-0.08282049000263214,0.47700873017311096,0.44967907667160034,-0.034804169088602066,0.5182058811187744,0.5404661297798157,-0.07372672110795975,0.5309082269668579,0.6309847831726074,-0.0867086872458458,0.53590989112854,0.7028764486312866,-0.08744210004806519,0.43747785687446594,0.471799373626709,-0.0479421429336071,0.4799695611000061,0.5676796436309814,-0.08739874511957169,0.4914763271808624,0.6500056982040405,-0.08981125801801682,0.4957767724990845,0.7105490565299988,-0.08062887191772461,0.4031597077846527,0.5157356262207031,-0.061623841524124146,0.4401751160621643,0.6011822819709778,-0.08973918110132217,0.4596048593521118,0.6636622548103333,-0.09001369029283524,0.4705168306827545,0.7060844302177429,-0.08184794336557388,0.0,0.0,0.0,0.0,0.0,0.0,0.0,0.0,0.0,0.0,0.0,0.0,0.0,0.0,0.0,0.0,0.0,0.0,0.0,0.0,0.0,0.0,0.0,0.0,0.0,0.0,0.0,0.0,0.0,0.0,0.0,0.0,0.0,0.0,0.0,0.0,0.0,0.0,0.0,0.0,0.0,0.0,0.0,0.0,0.0,0.0,0.0,0.0,0.0,0.0,0.0,0.0,0.0,0.0,0.0,0.0,0.0,0.0,0.0,0.0,0.0,0.0,0.0,he
0.4316016435623169,0.6555668711662292,2.400211087660864e-07,0.48805245757102966,0.6513279676437378,-0.015236563049256802,0.5342300534248352,0.6418157815933228,-0.03895870968699455,0.5611826777458191,0.6741130948066711,-0.06671474874019623,0.5828841924667358,0.7237861156463623,-0.09662151336669922,0.5359720587730408,0.4812680780887604,-0.03140856698155403,0.5586917996406555,0.4919235110282898,-0.06703300774097443,0.5871144533157349,0.49700990319252014,-0.09218799322843552,0.6214950084686279,0.5072592496871948,-0.10850844532251358,0.4912138283252716,0.46306562423706055,-0.04495769739151001,0.5247615575790405,0.5680266618728638,-0.09717483073472977,0.5341978669166565,0.6644214987754822,-0.11535414308309555,0.5390536189079285,0.7357438802719116,-0.11677601933479309,0.4460185468196869,0.48441100120544434,-0.0601649209856987,0.48296549916267395,0.6002289652824402,-0.10967042297124863,0.49764981865882874,0.6880008578300476,-0.11374647915363312,0.5064300298690796,0.7478580474853516,-0.10307867079973221,0.40764620900154114,0.5284793376922607,-0.0767366960644722,0.44072720408439636,0.6176000833511353,-0.10960812866687775,0.46236273646354675,0.6800559163093567,-0.11012378334999084,0.4778817892074585,0.7195953726768494,-0.10093265771865845,0.0,0.0,0.0,0.0,0.0,0.0,0.0,0.0,0.0,0.0,0.0,0.0,0.0,0.0,0.0,0.0,0.0,0.0,0.0,0.0,0.0,0.0,0.0,0.0,0.0,0.0,0.0,0.0,0.0,0.0,0.0,0.0,0.0,0.0,0.0,0.0,0.0,0.0,0.0,0.0,0.0,0.0,0.0,0.0,0.0,0.0,0.0,0.0,0.0,0.0,0.0,0.0,0.0,0.0,0.0,0.0,0.0,0.0,0.0,0.0,0.0,0.0,0.0,he
0.4185960590839386,0.6542168855667114,3.137641328976315e-07,0.47994616627693176,0.6497021317481995,-0.016093526035547256,0.5281235575675964,0.642342746257782,-0.042214490473270416,0.5545117259025574,0.6785225868225098,-0.07216958701610565,0.5707027912139893,0.7258811593055725,-0.10417112708091736,0.527853786945343,0.478087455034256,-0.03502730652689934,0.5533432960510254,0.4909881055355072,-0.07359473407268524,0.5824781060218811,0.4977063238620758,-0.10227032005786896,0.6168461441993713,0.5092626810073853,-0.12100722640752792,0.48513591289520264,0.4612341523170471,-0.04927341639995575,0.5239922404289246,0.5642523765563965,-0.10097382217645645,0.5357773900032043,0.6597936749458313,-0.11917140334844589,0.5417787432670593,0.7327159643173218,-0.12145183235406876,0.44136589765548706,0.4839465022087097,-0.06524565815925598,0.4820665419101715,0.5956724286079407,-0.11260276287794113,0.49589431285858154,0.6800429821014404,-0.11492566019296646,0.5025405883789062,0.7382862567901611,-0.1042892336845398,0.40493303537368774,0.5288605093955994,-0.08300413936376572,0.4402037262916565,0.6212809085845947,-0.11404057592153549,0.46254152059555054,0.6863396167755127,-0.11262848228216171,0.4777459502220154,0.7295043468475342,-0.10257583856582642,0.0,0.0,0.0,0.0,0.0,0.0,0.0,0.0,0.0,0.0,0.0,0.0,0.0,0.0,0.0,0.0,0.0,0.0,0.0,0.0,0.0,0.0,0.0,0.0,0.0,0.0,0.0,0.0,0.0,0.0,0.0,0.0,0.0,0.0,0.0,0.0,0.0,0.0,0.0,0.0,0.0,0.0,0.0,0.0,0.0,0.0,0.0,0.0,0.0,0.0,0.0,0.0,0.0,0.0,0.0,0.0,0.0,0.0,0.0,0.0,0.0,0.0,0.0,he
0.42245352268218994,0.6535071134567261,3.573925084765506e-07,0.4814811944961548,0.6493680477142334,-0.017649224027991295,0.5293233394622803,0.6420493721961975,-0.04541734978556633,0.5554966926574707,0.6793494820594788,-0.07671891897916794,0.5738424062728882,0.7297592759132385,-0.1099577471613884,0.5303305983543396,0.4808333218097687,-0.039770521223545074,0.5552003979682922,0.49300095438957214,-0.08044503629207611,0.5837687849998474,0.49798384308815,-0.11019311845302582,0.6178934574127197,0.5067917704582214,-0.12985241413116455,0.4870418310165405,0.46202850341796875,-0.054055020213127136,0.5223963856697083,0.5639991760253906,-0.108994260430336,0.5349428653717041,0.6619848608970642,-0.12744693458080292,0.5419115424156189,0.7348456382751465,-0.12949566543102264,0.44296443462371826,0.4837101697921753,-0.07011715322732925,0.48071184754371643,0.5962510108947754,-0.12021538615226746,0.4959004819393158,0.6817222833633423,-0.12187805771827698,0.5045872926712036,0.73921799659729,-0.11042113602161407,0.40589722990989685,0.52815842628479,-0.08805549144744873,0.4401964545249939,0.6205821633338928,-0.12100168317556381,0.4629110097885132,0.6866400837898254,-0.11965759098529816,0.4794924855232239,0.7289637327194214,-0.10956645011901855,0.0,0.0,0.0,0.0,0.0,0.0,0.0,0.0,0.0,0.0,0.0,0.0,0.0,0.0,0.0,0.0,0.0,0.0,0.0,0.0,0.0,0.0,0.0,0.0,0.0,0.0,0.0,0.0,0.0,0.0,0.0,0.0,0.0,0.0,0.0,0.0,0.0,0.0,0.0,0.0,0.0,0.0,0.0,0.0,0.0,0.0,0.0,0.0,0.0,0.0,0.0,0.0,0.0,0.0,0.0,0.0,0.0,0.0,0.0,0.0,0.0,0.0,0.0,he
0.4137701988220215,0.6467461585998535,3.411601880998205e-07,0.4734773337841034,0.6455568671226501,-0.017451850697398186,0.520646870136261,0.6422423124313354,-0.04485495388507843,0.5497919917106628,0.6749405860900879,-0.0755133181810379,0.5678374171257019,0.7134349942207336,-0.10796832293272018,0.5249050855636597,0.4748333990573883,-0.040671490132808685,0.5501529574394226,0.48925989866256714,-0.08135560154914856,0.5785709619522095,0.4932132959365845,-0.11148499697446823,0.6120153665542603,0.49969276785850525,-0.1312972903251648,0.48091623187065125,0.45867785811424255,-0.05453261733055115,0.5175939798355103,0.5550980567932129,-0.1089572086930275,0.5318992137908936,0.6519566178321838,-0.12905675172805786,0.5392450094223022,0.725495457649231,-0.13280276954174042,0.4370884895324707,0.48210665583610535,-0.06974843889474869,0.4758020341396332,0.5906147956848145,-0.11961779743432999,0.4938894808292389,0.6786906719207764,-0.12245100736618042,0.5037820339202881,0.7397661209106445,-0.1120632216334343,0.4002838134765625,0.5275124907493591,-0.08657284080982208,0.43511998653411865,0.6150553822517395,-0.11868848651647568,0.4588502049446106,0.6781936883926392,-0.11744172871112823,0.4753347337245941,0.7202494144439697,-0.10783236473798752,0.0,0.0,0.0,0.0,0.0,0.0,0.0,0.0,0.0,0.0,0.0,0.0,0.0,0.0,0.0,0.0,0.0,0.0,0.0,0.0,0.0,0.0,0.0,0.0,0.0,0.0,0.0,0.0,0.0,0.0,0.0,0.0,0.0,0.0,0.0,0.0,0.0,0.0,0.0,0.0,0.0,0.0,0.0,0.0,0.0,0.0,0.0,0.0,0.0,0.0,0.0,0.0,0.0,0.0,0.0,0.0,0.0,0.0,0.0,0.0,0.0,0.0,0.0,he
0.4107297658920288,0.6498293876647949,3.4904809353974997e-07,0.4679344594478607,0.6464051604270935,-0.01576979085803032,0.5141410827636719,0.6393781304359436,-0.042338334023952484,0.5429598689079285,0.6731064915657043,-0.07268057018518448,0.5631877183914185,0.7162328958511353,-0.10532146692276001,0.5210444927215576,0.4776189625263214,-0.038488294929265976,0.5474711656570435,0.4895402789115906,-0.0778583437204361,0.5768188834190369,0.4911700487136841,-0.10738316178321838,0.6119801998138428,0.4962577521800995,-0.1272035539150238,0.47729039192199707,0.4595908224582672,-0.05300861597061157,0.5132532119750977,0.5557247996330261,-0.10633822530508041,0.5261006355285645,0.6511816382408142,-0.1263616681098938,0.532575249671936,0.723011314868927,-0.13041530549526215,0.4329063892364502,0.48124659061431885,-0.06876099109649658,0.470829576253891,0.5879088044166565,-0.11789785325527191,0.48785102367401123,0.6751101016998291,-0.12119801342487335,0.4969012141227722,0.7356172800064087,-0.11144913733005524,0.3946687579154968,0.525105893611908,-0.08597904443740845,0.42868730425834656,0.6105534434318542,-0.11823630332946777,0.4518662691116333,0.674713134765625,-0.11745573580265045,0.4677653908729553,0.7174593210220337,-0.10833289474248886,0.0,0.0,0.0,0.0,0.0,0.0,0.0,0.0,0.0,0.0,0.0,0.0,0.0,0.0,0.0,0.0,0.0,0.0,0.0,0.0,0.0,0.0,0.0,0.0,0.0,0.0,0.0,0.0,0.0,0.0,0.0,0.0,0.0,0.0,0.0,0.0,0.0,0.0,0.0,0.0,0.0,0.0,0.0,0.0,0.0,0.0,0.0,0.0,0.0,0.0,0.0,0.0,0.0,0.0,0.0,0.0,0.0,0.0,0.0,0.0,0.0,0.0,0.0,he
0.407368004322052,0.6470036506652832,3.727416810761497e-07,0.46526867151260376,0.6405945420265198,-0.014394545927643776,0.5133083462715149,0.6313620209693909,-0.03919253498315811,0.5433624982833862,0.6658539175987244,-0.06815475970506668,0.5645768046379089,0.7126123905181885,-0.09924325346946716,0.5158051252365112,0.477632075548172,-0.034558262676000595,0.5451341867446899,0.4891311526298523,-0.07200156152248383,0.5754644274711609,0.48802462220191956,-0.09974949061870575,0.6112823486328125,0.49048665165901184,-0.11840275675058365,0.4736741781234741,0.4608139395713806,-0.04968574270606041,0.5117422938346863,0.5538330078125,-0.10287607461214066,0.5263847708702087,0.6488103270530701,-0.1223272904753685,0.5342904925346375,0.7214453220367432,-0.1249580979347229,0.43175092339515686,0.4837675392627716,-0.06596847623586655,0.4712701141834259,0.5890202522277832,-0.11437646299600601,0.4877071976661682,0.6740229725837708,-0.11665549874305725,0.4963279068470001,0.7320201992988586,-0.10545866191387177,0.3958676755428314,0.5277259945869446,-0.0836963877081871,0.4322434365749359,0.6121752858161926,-0.1138233095407486,0.4547453224658966,0.6731247901916504,-0.11133881658315659,0.4701070487499237,0.7124385833740234,-0.10088182985782623,0.0,0.0,0.0,0.0,0.0,0.0,0.0,0.0,0.0,0.0,0.0,0.0,0.0,0.0,0.0,0.0,0.0,0.0,0.0,0.0,0.0,0.0,0.0,0.0,0.0,0.0,0.0,0.0,0.0,0.0,0.0,0.0,0.0,0.0,0.0,0.0,0.0,0.0,0.0,0.0,0.0,0.0,0.0,0.0,0.0,0.0,0.0,0.0,0.0,0.0,0.0,0.0,0.0,0.0,0.0,0.0,0.0,0.0,0.0,0.0,0.0,0.0,0.0,he
0.40522849559783936,0.6610804796218872,3.7255506413202966e-07,0.4620453715324402,0.6516187191009521,-0.013492085039615631,0.5115342736244202,0.6346302628517151,-0.036099597811698914,0.543402373790741,0.6572698354721069,-0.062289249151945114,0.5633049011230469,0.6982733011245728,-0.0907100960612297,0.510519802570343,0.48070693016052246,-0.03169097751379013,0.5422860980033875,0.4849487543106079,-0.06621359288692474,0.5717018246650696,0.47623082995414734,-0.09223099797964096,0.6044933795928955,0.4703291356563568,-0.11029917001724243,0.46868276596069336,0.46235591173171997,-0.04566129297018051,0.5083404779434204,0.5454150438308716,-0.09360986202955246,0.5250100493431091,0.6378558874130249,-0.1114940419793129,0.533709704875946,0.707377552986145,-0.11475194245576859,0.42671579122543335,0.4834194481372833,-0.0607416033744812,0.4693160653114319,0.5833532810211182,-0.10595662146806717,0.48791807889938354,0.6673308610916138,-0.10867660492658615,0.4972153604030609,0.7245538234710693,-0.09943118691444397,0.39004069566726685,0.5273949503898621,-0.07712677121162415,0.42963796854019165,0.608518660068512,-0.10746675729751587,0.4532688558101654,0.6735647916793823,-0.10634918510913849,0.46803340315818787,0.7168989777565002,-0.09752030670642853,0.0,0.0,0.0,0.0,0.0,0.0,0.0,0.0,0.0,0.0,0.0,0.0,0.0,0.0,0.0,0.0,0.0,0.0,0.0,0.0,0.0,0.0,0.0,0.0,0.0,0.0,0.0,0.0,0.0,0.0,0.0,0.0,0.0,0.0,0.0,0.0,0.0,0.0,0.0,0.0,0.0,0.0,0.0,0.0,0.0,0.0,0.0,0.0,0.0,0.0,0.0,0.0,0.0,0.0,0.0,0.0,0.0,0.0,0.0,0.0,0.0,0.0,0.0,he
0.4033246636390686,0.6587280035018921,3.350699557813641e-07,0.46146708726882935,0.6498730182647705,-0.013153261505067348,0.5115940570831299,0.6329686641693115,-0.0361793227493763,0.5428525805473328,0.6554893255233765,-0.0630951076745987,0.5631327033042908,0.6973538398742676,-0.09215588867664337,0.5114856362342834,0.48071664571762085,-0.03228650242090225,0.5419430136680603,0.48136308789253235,-0.0666707456111908,0.5717393159866333,0.4754059910774231,-0.09153204411268234,0.6054723858833313,0.47267043590545654,-0.10837976634502411,0.47017979621887207,0.46168431639671326,-0.045996811240911484,0.5100709199905396,0.5478453636169434,-0.09384211152791977,0.5245375633239746,0.6392232775688171,-0.10968898236751556,0.5314553380012512,0.7086424827575684,-0.11118733882904053,0.4284120500087738,0.48162564635276794,-0.06094611436128616,0.47149938344955444,0.5836851000785828,-0.1055544838309288,0.4879460632801056,0.6666150689125061,-0.1068500205874443,0.49593251943588257,0.7246630191802979,-0.09646817296743393,0.392239511013031,0.5237446427345276,-0.0773015096783638,0.43271657824516296,0.6096445918083191,-0.10660930722951889,0.4559203088283539,0.6739325523376465,-0.10508601367473602,0.47053399682044983,0.7165042161941528,-0.09580784291028976,0.0,0.0,0.0,0.0,0.0,0.0,0.0,0.0,0.0,0.0,0.0,0.0,0.0,0.0,0.0,0.0,0.0,0.0,0.0,0.0,0.0,0.0,0.0,0.0,0.0,0.0,0.0,0.0,0.0,0.0,0.0,0.0,0.0,0.0,0.0,0.0,0.0,0.0,0.0,0.0,0.0,0.0,0.0,0.0,0.0,0.0,0.0,0.0,0.0,0.0,0.0,0.0,0.0,0.0,0.0,0.0,0.0,0.0,0.0,0.0,0.0,0.0,0.0,he
0.38995444774627686,0.6378452181816101,3.161093502512813e-07,0.4409996271133423,0.6204198598861694,-0.00500390725210309,0.48608720302581787,0.5757054090499878,-0.013709734193980694,0.5078664422035217,0.5481479167938232,-0.023840798065066338,0.5156615376472473,0.5274650454521179,-0.035402875393629074,0.503669798374176,0.48919054865837097,-0.018945153802633286,0.5337939858436584,0.45487135648727417,-0.04342329502105713,0.5732696652412415,0.4441782534122467,-0.06364350020885468,0.6065593957901001,0.4444669783115387,-0.07621380686759949,0.47800981998443604,0.4936879277229309,-0.02736312709748745,0.4668399691581726,0.4460333585739136,-0.050159603357315063,0.4799117147922516,0.4720819592475891,-0.059708017855882645,0.4889792799949646,0.5048716068267822,-0.06446132808923721,0.4452574849128723,0.5188758373260498,-0.03645951673388481,0.43900540471076965,0.4784037172794342,-0.06122613325715065,0.4560302197933197,0.5076865553855896,-0.060955699533224106,0.4656526744365692,0.5384250283241272,-0.05635944381356239,0.4157984256744385,0.5586990118026733,-0.045451439917087555,0.4207911491394043,0.5454661846160889,-0.0637192651629448,0.43391481041908264,0.5638918280601501,-0.061470434069633484,0.4416845142841339,0.5831186175346375,-0.05580514296889305,0.0,0.0,0.0,0.0,0.0,0.0,0.0,0.0,0.0,0.0,0.0,0.0,0.0,0.0,0.0,0.0,0.0,0.0,0.0,0.0,0.0,0.0,0.0,0.0,0.0,0.0,0.0,0.0,0.0,0.0,0.0,0.0,0.0,0.0,0.0,0.0,0.0,0.0,0.0,0.0,0.0,0.0,0.0,0.0,0.0,0.0,0.0,0.0,0.0,0.0,0.0,0.0,0.0,0.0,0.0,0.0,0.0,0.0,0.0,0.0,0.0,0.0,0.0,he
0.35983848571777344,0.5703452229499817,6.27745919246081e-07,0.4110894203186035,0.5194854140281677,-0.009922371245920658,0.46994203329086304,0.46516361832618713,-0.026847394183278084,0.5161338448524475,0.43243375420570374,-0.0443611666560173,0.5551645159721375,0.4131907820701599,-0.06175127625465393,0.44499146938323975,0.36503905057907104,-0.03718428313732147,0.5013493895530701,0.37168923020362854,-0.06928347051143646,0.5417795777320862,0.3673878610134125,-0.0924878790974617,0.576648473739624,0.3672032058238983,-0.10839016735553741,0.424286812543869,0.38218557834625244,-0.04863846302032471,0.5107277035713196,0.42492836713790894,-0.08199778199195862,0.5351879000663757,0.4785616099834442,-0.09327112883329391,0.5436868667602539,0.5164766907691956,-0.09970182180404663,0.4081783890724182,0.42776429653167725,-0.06072930619120598,0.49293139576911926,0.47146350145339966,-0.09152226150035858,0.5022093653678894,0.513839840888977,-0.08622422069311142,0.49538183212280273,0.535825788974762,-0.07947701215744019,0.3955220580101013,0.4845040440559387,-0.07352598756551743,0.4707236886024475,0.5152145624160767,-0.09198541194200516,0.47703665494918823,0.5398144125938416,-0.08505528420209885,0.4657135307788849,0.551475465297699,-0.07824263721704483,0.0,0.0,0.0,0.0,0.0,0.0,0.0,0.0,0.0,0.0,0.0,0.0,0.0,0.0,0.0,0.0,0.0,0.0,0.0,0.0,0.0,0.0,0.0,0.0,0.0,0.0,0.0,0.0,0.0,0.0,0.0,0.0,0.0,0.0,0.0,0.0,0.0,0.0,0.0,0.0,0.0,0.0,0.0,0.0,0.0,0.0,0.0,0.0,0.0,0.0,0.0,0.0,0.0,0.0,0.0,0.0,0.0,0.0,0.0,0.0,0.0,0.0,0.0,he
0.33655574917793274,0.5161051750183105,5.390779733716045e-07,0.3605986535549164,0.4406473636627197,-0.007962103933095932,0.41030722856521606,0.3806551992893219,-0.02816646918654442,0.4717864990234375,0.36390575766563416,-0.04755861312150955,0.5218942165374756,0.3703633248806,-0.06721463054418564,0.38957735896110535,0.33085116744041443,-0.05706320330500603,0.4806182086467743,0.3273695707321167,-0.08544132858514786,0.5297968983650208,0.3344520926475525,-0.10235359519720078,0.564082145690918,0.3412930965423584,-0.11371315270662308,0.39153754711151123,0.37286660075187683,-0.06786712259054184,0.49624544382095337,0.3803737759590149,-0.09751205146312714,0.5257362723350525,0.41669243574142456,-0.10427932441234589,0.5285789966583252,0.44234299659729004,-0.10893071442842484,0.39967626333236694,0.4255402088165283,-0.0769471526145935,0.4983627498149872,0.43117988109588623,-0.09962054342031479,0.5177834033966064,0.4640708565711975,-0.09341012686491013,0.5127699375152588,0.4862060248851776,-0.08751782774925232,0.41161656379699707,0.4770905375480652,-0.08625461161136627,0.48699867725372314,0.47104552388191223,-0.09761933982372284,0.4986479580402374,0.49115294218063354,-0.0901942253112793,0.49022749066352844,0.5082980990409851,-0.0840248316526413,0.0,0.0,0.0,0.0,0.0,0.0,0.0,0.0,0.0,0.0,0.0,0.0,0.0,0.0,0.0,0.0,0.0,0.0,0.0,0.0,0.0,0.0,0.0,0.0,0.0,0.0,0.0,0.0,0.0,0.0,0.0,0.0,0.0,0.0,0.0,0.0,0.0,0.0,0.0,0.0,0.0,0.0,0.0,0.0,0.0,0.0,0.0,0.0,0.0,0.0,0.0,0.0,0.0,0.0,0.0,0.0,0.0,0.0,0.0,0.0,0.0,0.0,0.0,he
0.31713593006134033,0.49271589517593384,3.1894896324047295e-07,0.33817824721336365,0.42393219470977783,0.010737194679677486,0.3791959285736084,0.36093223094940186,0.007373420521616936,0.42909303307533264,0.3272143602371216,-0.000332143361447379,0.4699779748916626,0.31020408868789673,-0.006490758620202541,0.36104029417037964,0.29922622442245483,-0.00266799028031528,0.44154131412506104,0.2850584387779236,-0.018666764721274376,0.4818902015686035,0.3106939196586609,-0.028644224628806114,0.5035533905029297,0.33576226234436035,-0.03316708654165268,0.3696073889732361,0.31547027826309204,-0.01644846238195896,0.4555515646934509,0.30500420928001404,-0.028074219822883606,0.49055105447769165,0.3428596258163452,-0.0315789058804512,0.5024604797363281,0.3752710223197937,-0.03366227075457573,0.3834020495414734,0.34580761194229126,-0.029980935156345367,0.46425116062164307,0.3376305103302002,-0.03880767151713371,0.4946250915527344,0.3758170008659363,-0.035621970891952515,0.5016966462135315,0.4069243371486664,-0.03241356834769249,0.40027329325675964,0.3830024302005768,-0.04307328909635544,0.46768561005592346,0.37339454889297485,-0.044896677136421204,0.49097391963005066,0.3939301669597626,-0.03889945149421692,0.49683457612991333,0.41242286562919617,-0.03380703553557396,0.0,0.0,0.0,0.0,0.0,0.0,0.0,0.0,0.0,0.0,0.0,0.0,0.0,0.0,0.0,0.0,0.0,0.0,0.0,0.0,0.0,0.0,0.0,0.0,0.0,0.0,0.0,0.0,0.0,0.0,0.0,0.0,0.0,0.0,0.0,0.0,0.0,0.0,0.0,0.0,0.0,0.0,0.0,0.0,0.0,0.0,0.0,0.0,0.0,0.0,0.0,0.0,0.0,0.0,0.0,0.0,0.0,0.0,0.0,0.0,0.0,0.0,0.0,he
0.31173744797706604,0.4862750172615051,1.950146213403059e-07,0.3350414037704468,0.4145527780056,0.012085070833563805,0.3792537450790405,0.3521037995815277,0.007469004485756159,0.43097445368766785,0.3172305226325989,-0.0022714717779308558,0.4740305244922638,0.2969817519187927,-0.010849718935787678,0.3589104115962982,0.2959856390953064,-0.004075690638273954,0.43772226572036743,0.27966317534446716,-0.021244700998067856,0.4762093424797058,0.3068283498287201,-0.03138172626495361,0.49638831615448,0.33041536808013916,-0.0361420214176178,0.36781156063079834,0.3138510584831238,-0.020355990156531334,0.45213955640792847,0.2993083894252777,-0.03402263671159744,0.4879566431045532,0.33638399839401245,-0.038313671946525574,0.5005434155464172,0.3688693940639496,-0.0404740534722805,0.3812756836414337,0.3446759879589081,-0.036218512803316116,0.4603162705898285,0.3305649757385254,-0.0478471964597702,0.4927412271499634,0.3695361316204071,-0.0447368398308754,0.5030834078788757,0.40245044231414795,-0.04097171872854233,0.397970974445343,0.38382992148399353,-0.051340263336896896,0.4628397822380066,0.36734041571617126,-0.05535181239247322,0.48962128162384033,0.38084301352500916,-0.04972724989056587,0.5010321140289307,0.3945233225822449,-0.04473375901579857,0.0,0.0,0.0,0.0,0.0,0.0,0.0,0.0,0.0,0.0,0.0,0.0,0.0,0.0,0.0,0.0,0.0,0.0,0.0,0.0,0.0,0.0,0.0,0.0,0.0,0.0,0.0,0.0,0.0,0.0,0.0,0.0,0.0,0.0,0.0,0.0,0.0,0.0,0.0,0.0,0.0,0.0,0.0,0.0,0.0,0.0,0.0,0.0,0.0,0.0,0.0,0.0,0.0,0.0,0.0,0.0,0.0,0.0,0.0,0.0,0.0,0.0,0.0,he
0.3009133040904999,0.477673202753067,4.877053356722172e-07,0.3230339288711548,0.4161367416381836,0.01755286008119583,0.3657401204109192,0.3792504370212555,0.018226182088255882,0.4136856198310852,0.37945279479026794,0.013314359821379185,0.45312079787254333,0.3916269838809967,0.007330854889005423,0.3577885627746582,0.30571311712265015,0.01209919061511755,0.4170958697795868,0.2616446316242218,0.006419615354388952,0.45123833417892456,0.2359699159860611,0.000110391374619212,0.47660815715789795,0.21409668028354645,-0.005514571443200111,0.368974894285202,0.31631356477737427,-0.005791365634649992,0.43505769968032837,0.26573967933654785,-0.009740707464516163,0.47617167234420776,0.23922061920166016,-0.01650303602218628,0.5075932741165161,0.21770954132080078,-0.02281799539923668,0.3806418478488922,0.34207668900489807,-0.022928018122911453,0.4466387629508972,0.2906518578529358,-0.02903067134320736,0.4882355332374573,0.2640189230442047,-0.03531097248196602,0.518974244594574,0.24083217978477478,-0.04049794375896454,0.39670825004577637,0.3821464478969574,-0.03870219737291336,0.4555102586746216,0.3432443141937256,-0.042126499116420746,0.4880470931529999,0.32676368951797485,-0.04152422025799751,0.513066828250885,0.3110784888267517,-0.041842248290777206,0.0,0.0,0.0,0.0,0.0,0.0,0.0,0.0,0.0,0.0,0.0,0.0,0.0,0.0,0.0,0.0,0.0,0.0,0.0,0.0,0.0,0.0,0.0,0.0,0.0,0.0,0.0,0.0,0.0,0.0,0.0,0.0,0.0,0.0,0.0,0.0,0.0,0.0,0.0,0.0,0.0,0.0,0.0,0.0,0.0,0.0,0.0,0.0,0.0,0.0,0.0,0.0,0.0,0.0,0.0,0.0,0.0,0.0,0.0,0.0,0.0,0.0,0.0,he
0.31101545691490173,0.48273444175720215,5.084149279355188e-07,0.3285084366798401,0.4142201840877533,0.012072806246578693,0.3664259910583496,0.37408947944641113,0.009414682164788246,0.41632357239723206,0.3783169686794281,0.003401978174224496,0.45676615834236145,0.39491695165634155,-0.003016241593286395,0.3605450391769409,0.30688390135765076,-0.0009999966714531183,0.4333248734474182,0.27053144574165344,-0.008297412656247616,0.4727388620376587,0.2489943653345108,-0.013859327882528305,0.5013380646705627,0.23153965175151825,-0.018352754414081573,0.37612900137901306,0.32835161685943604,-0.014681335538625717,0.4509628415107727,0.29391491413116455,-0.01910747028887272,0.49278801679611206,0.2787991762161255,-0.024074750021100044,0.5241555571556091,0.26427045464515686,-0.02968513034284115,0.3904147446155548,0.3609892725944519,-0.027144551277160645,0.45816290378570557,0.3357054591178894,-0.030402932316064835,0.49740734696388245,0.3248971402645111,-0.032595761120319366,0.524056613445282,0.31408095359802246,-0.03636442869901657,0.40387874841690063,0.399531751871109,-0.038829121738672256,0.4515606164932251,0.38099274039268494,-0.038358695805072784,0.47447669506073,0.372457355260849,-0.034750837832689285,0.49238303303718567,0.36330288648605347,-0.03363686427474022,0.0,0.0,0.0,0.0,0.0,0.0,0.0,0.0,0.0,0.0,0.0,0.0,0.0,0.0,0.0,0.0,0.0,0.0,0.0,0.0,0.0,0.0,0.0,0.0,0.0,0.0,0.0,0.0,0.0,0.0,0.0,0.0,0.0,0.0,0.0,0.0,0.0,0.0,0.0,0.0,0.0,0.0,0.0,0.0,0.0,0.0,0.0,0.0,0.0,0.0,0.0,0.0,0.0,0.0,0.0,0.0,0.0,0.0,0.0,0.0,0.0,0.0,0.0,he
0.31485098600387573,0.49319735169410706,3.906114613982936e-07,0.3303794264793396,0.42724359035491943,0.013480045832693577,0.36502885818481445,0.38173040747642517,0.01360693946480751,0.4137195944786072,0.3704570531845093,0.009923371486365795,0.45425742864608765,0.375436007976532,0.0069019244983792305,0.3487825393676758,0.3057125210762024,0.010978433303534985,0.41882216930389404,0.2865036427974701,0.008820905350148678,0.4577844440937042,0.2822801172733307,0.004707355052232742,0.4853113889694214,0.27914953231811523,0.0009490731172263622,0.3651871383190155,0.318230003118515,-0.0007866467349231243,0.44255369901657104,0.30751875042915344,0.002295201877132058,0.48176440596580505,0.31440600752830505,0.0002796518965624273,0.510886013507843,0.31782492995262146,-0.0042015500366687775,0.3829543888568878,0.34561148285865784,-0.011777755804359913,0.45387163758277893,0.33812272548675537,-0.008678887039422989,0.49024006724357605,0.34322261810302734,-0.009285502135753632,0.516196608543396,0.3456011116504669,-0.012950578704476357,0.4019724130630493,0.3798758089542389,-0.0221659354865551,0.4539635479450226,0.37071481347084045,-0.016216404736042023,0.4774775803089142,0.371193528175354,-0.011003721505403519,0.4964740574359894,0.36888587474823,-0.009054671972990036,0.0,0.0,0.0,0.0,0.0,0.0,0.0,0.0,0.0,0.0,0.0,0.0,0.0,0.0,0.0,0.0,0.0,0.0,0.0,0.0,0.0,0.0,0.0,0.0,0.0,0.0,0.0,0.0,0.0,0.0,0.0,0.0,0.0,0.0,0.0,0.0,0.0,0.0,0.0,0.0,0.0,0.0,0.0,0.0,0.0,0.0,0.0,0.0,0.0,0.0,0.0,0.0,0.0,0.0,0.0,0.0,0.0,0.0,0.0,0.0,0.0,0.0,0.0,he
0.31240031123161316,0.4873054027557373,4.547759147044417e-07,0.33392226696014404,0.43253397941589355,0.009133527986705303,0.37332096695899963,0.39416685700416565,0.006529276724904776,0.42434415221214294,0.386580228805542,0.0009267280111089349,0.463906854391098,0.38969147205352783,-0.0041715423576533794,0.35064059495925903,0.30661892890930176,0.007343015167862177,0.421120822429657,0.29128211736679077,0.0031000878661870956,0.46128958463668823,0.2901475131511688,-0.0030984890181571245,0.4902532994747162,0.29262614250183105,-0.008390644565224648,0.3644011616706848,0.31677377223968506,-0.0032370463013648987,0.44125252962112427,0.3058740198612213,-0.0033247603569179773,0.48285868763923645,0.31337329745292664,-0.008327712304890156,0.5134562253952026,0.3204367756843567,-0.014503233134746552,0.3800796568393707,0.3428914546966553,-0.013285930268466473,0.4514250159263611,0.3338824510574341,-0.013410014100372791,0.4905497431755066,0.34074410796165466,-0.01623493619263172,0.5178550481796265,0.3456234633922577,-0.020648423582315445,0.3978500962257385,0.37736061215400696,-0.022922977805137634,0.45071274042129517,0.3688534200191498,-0.019853658974170685,0.4742056429386139,0.3723227381706238,-0.016016758978366852,0.4918467700481415,0.37279632687568665,-0.014525584876537323,0.0,0.0,0.0,0.0,0.0,0.0,0.0,0.0,0.0,0.0,0.0,0.0,0.0,0.0,0.0,0.0,0.0,0.0,0.0,0.0,0.0,0.0,0.0,0.0,0.0,0.0,0.0,0.0,0.0,0.0,0.0,0.0,0.0,0.0,0.0,0.0,0.0,0.0,0.0,0.0,0.0,0.0,0.0,0.0,0.0,0.0,0.0,0.0,0.0,0.0,0.0,0.0,0.0,0.0,0.0,0.0,0.0,0.0,0.0,0.0,0.0,0.0,0.0,he
0.3142603635787964,0.5017988085746765,1.1660314669370564e-07,0.31711673736572266,0.4323243200778961,0.02157381922006607,0.3391095995903015,0.37785080075263977,0.023003103211522102,0.37170183658599854,0.3530803918838501,0.01748194918036461,0.4009292423725128,0.35265102982521057,0.012293759733438492,0.3349335193634033,0.3158896267414093,0.014980019070208073,0.4033708870410919,0.3050748109817505,0.009343518875539303,0.43515682220458984,0.33060917258262634,0.004256559070199728,0.4504810571670532,0.35895997285842896,0.0021186270751059055,0.3528386652469635,0.3226376473903656,-0.0015893474919721484,0.4280315041542053,0.3072142004966736,-0.0008661829051561654,0.45487701892852783,0.33838358521461487,-0.0009436669060960412,0.46407756209373474,0.3694160282611847,-0.0010570434387773275,0.3728412091732025,0.34437328577041626,-0.01683245599269867,0.4434622526168823,0.32738903164863586,-0.014540433883666992,0.46656444668769836,0.35873502492904663,-0.011095903813838959,0.47261518239974976,0.3884141445159912,-0.009044777601957321,0.39442482590675354,0.3776569664478302,-0.030911197885870934,0.4496508836746216,0.36552995443344116,-0.02437707968056202,0.4707930386066437,0.3842402696609497,-0.016326524317264557,0.47898730635643005,0.40399256348609924,-0.010322123765945435,0.0,0.0,0.0,0.0,0.0,0.0,0.0,0.0,0.0,0.0,0.0,0.0,0.0,0.0,0.0,0.0,0.0,0.0,0.0,0.0,0.0,0.0,0.0,0.0,0.0,0.0,0.0,0.0,0.0,0.0,0.0,0.0,0.0,0.0,0.0,0.0,0.0,0.0,0.0,0.0,0.0,0.0,0.0,0.0,0.0,0.0,0.0,0.0,0.0,0.0,0.0,0.0,0.0,0.0,0.0,0.0,0.0,0.0,0.0,0.0,0.0,0.0,0.0,he
0.3035709261894226,0.5243325233459473,3.224215916475259e-08,0.31105703115463257,0.4561074376106262,0.02263999544084072,0.33528169989585876,0.398525595664978,0.024517793208360672,0.3685765564441681,0.37536588311195374,0.01823187805712223,0.39939627051353455,0.37405359745025635,0.011964177712798119,0.32945311069488525,0.3354209065437317,0.017177434638142586,0.4014318287372589,0.3192378878593445,0.007065342273563147,0.43398430943489075,0.34864339232444763,-0.0005556537071242929,0.4477919340133667,0.3812134861946106,-0.003114231862127781,0.34445884823799133,0.3445339500904083,-0.0014875872293487191,0.42362716794013977,0.32875603437423706,-0.006165239494293928,0.4520255923271179,0.36530667543411255,-0.008349989540874958,0.46045446395874023,0.40153971314430237,-0.008300774730741978,0.363279789686203,0.36620569229125977,-0.01941469870507717,0.4378473460674286,0.35131826996803284,-0.022640790790319443,0.4638442397117615,0.39012858271598816,-0.02055598422884941,0.4714251756668091,0.4257918894290924,-0.017375577241182327,0.3846483528614044,0.3981027603149414,-0.036175984889268875,0.4438914954662323,0.38473057746887207,-0.03394722193479538,0.4671540856361389,0.4080384373664856,-0.027231577783823013,0.477265864610672,0.43173643946647644,-0.020998431369662285,0.0,0.0,0.0,0.0,0.0,0.0,0.0,0.0,0.0,0.0,0.0,0.0,0.0,0.0,0.0,0.0,0.0,0.0,0.0,0.0,0.0,0.0,0.0,0.0,0.0,0.0,0.0,0.0,0.0,0.0,0.0,0.0,0.0,0.0,0.0,0.0,0.0,0.0,0.0,0.0,0.0,0.0,0.0,0.0,0.0,0.0,0.0,0.0,0.0,0.0,0.0,0.0,0.0,0.0,0.0,0.0,0.0,0.0,0.0,0.0,0.0,0.0,0.0,he
0.29958561062812805,0.5577943325042725,2.818234463575209e-07,0.36180630326271057,0.5264953374862671,0.008356953971087933,0.3984368145465851,0.4796193242073059,0.005546324886381626,0.43200528621673584,0.4515465795993805,-0.003122797003015876,0.4582096040248871,0.4337080419063568,-0.009840480051934719,0.3338039815425873,0.35885873436927795,0.009482244960963726,0.4137268662452698,0.35008400678634644,-0.008236551657319069,0.45619261264801025,0.3767375349998474,-0.023456690832972527,0.48416954278945923,0.4075354337692261,-0.03234446793794632,0.33022141456604004,0.3597821593284607,-0.0054772174917161465,0.42216789722442627,0.3474869430065155,-0.02410545013844967,0.46372947096824646,0.38762781023979187,-0.03455095365643501,0.48810237646102905,0.42538511753082275,-0.03798959031701088,0.34049078822135925,0.3802884817123413,-0.021225202828645706,0.42922788858413696,0.37226608395576477,-0.03846118971705437,0.4700218141078949,0.4110111892223358,-0.042200345546007156,0.49152982234954834,0.4452912509441376,-0.040213409811258316,0.3605618178844452,0.41271814703941345,-0.03681371361017227,0.4340065121650696,0.4120660126209259,-0.0457150861620903,0.4660438895225525,0.43527233600616455,-0.04373669624328613,0.4852082431316376,0.45702195167541504,-0.039294954389333725,0.0,0.0,0.0,0.0,0.0,0.0,0.0,0.0,0.0,0.0,0.0,0.0,0.0,0.0,0.0,0.0,0.0,0.0,0.0,0.0,0.0,0.0,0.0,0.0,0.0,0.0,0.0,0.0,0.0,0.0,0.0,0.0,0.0,0.0,0.0,0.0,0.0,0.0,0.0,0.0,0.0,0.0,0.0,0.0,0.0,0.0,0.0,0.0,0.0,0.0,0.0,0.0,0.0,0.0,0.0,0.0,0.0,0.0,0.0,0.0,0.0,0.0,0.0,he
0.3232106566429138,0.584528923034668,3.07617369799118e-07,0.40453484654426575,0.5451911091804504,0.004230988211929798,0.4466102719306946,0.49075475335121155,-0.0018959753215312958,0.4759979546070099,0.45447513461112976,-0.012661811895668507,0.4957916736602783,0.4288070797920227,-0.02140704356133938,0.36436161398887634,0.35894328355789185,0.0014816363109275699,0.44764405488967896,0.3605676591396332,-0.022598376497626305,0.49519026279449463,0.3902492821216583,-0.04293845221400261,0.5306650400161743,0.4235509932041168,-0.05570465698838234,0.35169702768325806,0.3673841059207916,-0.014928264543414116,0.4512671232223511,0.36061543226242065,-0.04313739761710167,0.5001705884933472,0.40419477224349976,-0.05931395664811134,0.5311080813407898,0.4474318027496338,-0.06531967967748642,0.35329756140708923,0.39361727237701416,-0.03209501877427101,0.44418400526046753,0.38674283027648926,-0.05831092968583107,0.49133920669555664,0.4294493496417999,-0.06312286853790283,0.5165449380874634,0.4670993983745575,-0.05994827300310135,0.3653498888015747,0.4306780993938446,-0.04925047606229782,0.4386897683143616,0.42620354890823364,-0.06558932363986969,0.47436463832855225,0.45078057050704956,-0.06390546262264252,0.4957704246044159,0.4742051362991333,-0.05796685069799423,0.0,0.0,0.0,0.0,0.0,0.0,0.0,0.0,0.0,0.0,0.0,0.0,0.0,0.0,0.0,0.0,0.0,0.0,0.0,0.0,0.0,0.0,0.0,0.0,0.0,0.0,0.0,0.0,0.0,0.0,0.0,0.0,0.0,0.0,0.0,0.0,0.0,0.0,0.0,0.0,0.0,0.0,0.0,0.0,0.0,0.0,0.0,0.0,0.0,0.0,0.0,0.0,0.0,0.0,0.0,0.0,0.0,0.0,0.0,0.0,0.0,0.0,0.0,he
0.3420170545578003,0.627156138420105,-9.537003364812335e-08,0.41015371680259705,0.615240752696991,-0.015528487972915173,0.4631527066230774,0.5841909646987915,-0.03624472767114639,0.4919281005859375,0.5632804036140442,-0.059138499200344086,0.5130554437637329,0.5511488914489746,-0.08039021492004395,0.449259877204895,0.41511011123657227,-0.01916314661502838,0.4956440329551697,0.418846070766449,-0.055560335516929626,0.5268482565879822,0.45321157574653625,-0.08236853033304214,0.5449606776237488,0.485710084438324,-0.09734285622835159,0.4218384027481079,0.4085944890975952,-0.03020741604268551,0.4884076416492462,0.4314323663711548,-0.07019594311714172,0.5120179057121277,0.5023252964019775,-0.08792827278375626,0.514255702495575,0.5576247572898865,-0.09230831265449524,0.3974207937717438,0.42769160866737366,-0.04432100057601929,0.4633585810661316,0.46021872758865356,-0.07890737801790237,0.4849521219730377,0.5235888957977295,-0.08118032664060593,0.48555874824523926,0.5697603225708008,-0.07447712868452072,0.3790808916091919,0.4670351445674896,-0.060701772570610046,0.4397004544734955,0.511885404586792,-0.08414576202630997,0.4565298855304718,0.5572165250778198,-0.0846484825015068,0.45674359798431396,0.5885934829711914,-0.0784400999546051,0.0,0.0,0.0,0.0,0.0,0.0,0.0,0.0,0.0,0.0,0.0,0.0,0.0,0.0,0.0,0.0,0.0,0.0,0.0,0.0,0.0,0.0,0.0,0.0,0.0,0.0,0.0,0.0,0.0,0.0,0.0,0.0,0.0,0.0,0.0,0.0,0.0,0.0,0.0,0.0,0.0,0.0,0.0,0.0,0.0,0.0,0.0,0.0,0.0,0.0,0.0,0.0,0.0,0.0,0.0,0.0,0.0,0.0,0.0,0.0,0.0,0.0,0.0,he
0.35288068652153015,0.6630558371543884,2.756565038453118e-07,0.4293126165866852,0.6457515954971313,-0.009231369942426682,0.4827101230621338,0.6214567422866821,-0.029166359454393387,0.5199553966522217,0.6193512678146362,-0.0542435385286808,0.5513337850570679,0.6347343325614929,-0.08049441874027252,0.4890027642250061,0.4572799801826477,-0.02176804281771183,0.5383753776550293,0.4729973077774048,-0.056029558181762695,0.5711929798126221,0.4736410081386566,-0.08108728379011154,0.6063191890716553,0.4734709858894348,-0.09801600128412247,0.45043447613716125,0.44615447521209717,-0.03768404200673103,0.5093443393707275,0.5254594087600708,-0.08303322643041611,0.522577166557312,0.612794816493988,-0.10000906884670258,0.5303139686584473,0.6772260665893555,-0.102686807513237,0.41111671924591064,0.4709571897983551,-0.05533521622419357,0.46865710616111755,0.5645074844360352,-0.09976905584335327,0.4832952618598938,0.64629727602005,-0.1031586080789566,0.49270308017730713,0.7024321556091309,-0.09404656291007996,0.3767651617527008,0.5154255628585815,-0.07410639524459839,0.42892375588417053,0.5982182025909424,-0.10318809747695923,0.45287904143333435,0.6582657694816589,-0.10346267372369766,0.46929091215133667,0.6973068714141846,-0.0954003557562828,0.0,0.0,0.0,0.0,0.0,0.0,0.0,0.0,0.0,0.0,0.0,0.0,0.0,0.0,0.0,0.0,0.0,0.0,0.0,0.0,0.0,0.0,0.0,0.0,0.0,0.0,0.0,0.0,0.0,0.0,0.0,0.0,0.0,0.0,0.0,0.0,0.0,0.0,0.0,0.0,0.0,0.0,0.0,0.0,0.0,0.0,0.0,0.0,0.0,0.0,0.0,0.0,0.0,0.0,0.0,0.0,0.0,0.0,0.0,0.0,0.0,0.0,0.0,he
0.3568897247314453,0.6626920104026794,4.0586670024822524e-07,0.4319744110107422,0.6469215154647827,-0.011477957479655743,0.48848456144332886,0.6239248514175415,-0.03210685774683952,0.5279106497764587,0.6232362985610962,-0.056722816079854965,0.5548843741416931,0.6302775740623474,-0.08175580203533173,0.49172526597976685,0.4580206871032715,-0.025323498994112015,0.537761390209198,0.4759505093097687,-0.062425386160612106,0.573868989944458,0.477299302816391,-0.09091950207948685,0.6131298542022705,0.4784626364707947,-0.11005069315433502,0.4545159339904785,0.44577449560165405,-0.040233779698610306,0.5101357102394104,0.5287165641784668,-0.08920089900493622,0.5230640172958374,0.6148885488510132,-0.107796810567379,0.5308986902236938,0.6810805201530457,-0.11118508130311966,0.4160097539424896,0.46944764256477356,-0.05695421248674393,0.47330865263938904,0.5674641132354736,-0.10302817821502686,0.4843844175338745,0.6503745913505554,-0.10538514703512192,0.49100223183631897,0.7083293199539185,-0.09511598944664001,0.38211581110954285,0.5137991905212402,-0.07519856840372086,0.4322815239429474,0.6004264950752258,-0.1055992916226387,0.45232483744621277,0.6606526374816895,-0.1059517040848732,0.46730688214302063,0.7002997398376465,-0.09745282679796219,0.0,0.0,0.0,0.0,0.0,0.0,0.0,0.0,0.0,0.0,0.0,0.0,0.0,0.0,0.0,0.0,0.0,0.0,0.0,0.0,0.0,0.0,0.0,0.0,0.0,0.0,0.0,0.0,0.0,0.0,0.0,0.0,0.0,0.0,0.0,0.0,0.0,0.0,0.0,0.0,0.0,0.0,0.0,0.0,0.0,0.0,0.0,0.0,0.0,0.0,0.0,0.0,0.0,0.0,0.0,0.0,0.0,0.0,0.0,0.0,0.0,0.0,0.0,he
0.3620278239250183,0.6640381813049316,4.3848930886269954e-07,0.4354519546031952,0.6479776501655579,-0.012624849565327168,0.4915367364883423,0.6253394484519958,-0.034686263650655746,0.5321187973022461,0.6299505233764648,-0.06057756021618843,0.5630936622619629,0.644241213798523,-0.08674267679452896,0.4943788945674896,0.46100082993507385,-0.028577912598848343,0.541954517364502,0.4776304066181183,-0.06622190028429031,0.5771144032478333,0.4782147705554962,-0.09404562413692474,0.6164914965629578,0.47790640592575073,-0.1128961518406868,0.45584747195243835,0.4473400413990021,-0.043315451592206955,0.5126898884773254,0.529998779296875,-0.09304292500019073,0.523507833480835,0.6165471076965332,-0.11098199337720871,0.5307419300079346,0.680512547492981,-0.11405302584171295,0.41690534353256226,0.47023501992225647,-0.05991124361753464,0.47529304027557373,0.5700622200965881,-0.10661520808935165,0.4869198501110077,0.6533725261688232,-0.10914025455713272,0.49463486671447754,0.7098637819290161,-0.0993332490324974,0.38353055715560913,0.5145544409751892,-0.07808107882738113,0.43376606702804565,0.6032673120498657,-0.10944632440805435,0.4552173614501953,0.6648051738739014,-0.11090335249900818,0.4720526337623596,0.7046952843666077,-0.10342597961425781,0.0,0.0,0.0,0.0,0.0,0.0,0.0,0.0,0.0,0.0,0.0,0.0,0.0,0.0,0.0,0.0,0.0,0.0,0.0,0.0,0.0,0.0,0.0,0.0,0.0,0.0,0.0,0.0,0.0,0.0,0.0,0.0,0.0,0.0,0.0,0.0,0.0,0.0,0.0,0.0,0.0,0.0,0.0,0.0,0.0,0.0,0.0,0.0,0.0,0.0,0.0,0.0,0.0,0.0,0.0,0.0,0.0,0.0,0.0,0.0,0.0,0.0,0.0,he
0.3585093319416046,0.6660353541374207,4.238277426793502e-07,0.4329583942890167,0.6517332196235657,-0.011156241409480572,0.49089205265045166,0.6287141442298889,-0.032732605934143066,0.5326917767524719,0.6344785690307617,-0.05840718746185303,0.5628021359443665,0.6505448818206787,-0.08459224551916122,0.49270302057266235,0.4620683193206787,-0.026849493384361267,0.5406337380409241,0.47760236263275146,-0.0638120099902153,0.5757959485054016,0.47744089365005493,-0.09125962108373642,0.6154692769050598,0.47585102915763855,-0.11001375317573547,0.4550052285194397,0.44789278507232666,-0.042476337403059006,0.5128552913665771,0.5276793241500854,-0.09128256887197495,0.5223038196563721,0.615832507610321,-0.1088700219988823,0.5285153985023499,0.6800647974014282,-0.11181255429983139,0.41611528396606445,0.47040247917175293,-0.059845007956027985,0.47429153323173523,0.5687804222106934,-0.10583934187889099,0.4846726357936859,0.6535860896110535,-0.10823729634284973,0.49106836318969727,0.7100144624710083,-0.0985238179564476,0.38240480422973633,0.5143770575523376,-0.07869260013103485,0.43369317054748535,0.6013135313987732,-0.10915540158748627,0.45454397797584534,0.6640414595603943,-0.1100473552942276,0.46991732716560364,0.7049479484558105,-0.10246209800243378,0.0,0.0,0.0,0.0,0.0,0.0,0.0,0.0,0.0,0.0,0.0,0.0,0.0,0.0,0.0,0.0,0.0,0.0,0.0,0.0,0.0,0.0,0.0,0.0,0.0,0.0,0.0,0.0,0.0,0.0,0.0,0.0,0.0,0.0,0.0,0.0,0.0,0.0,0.0,0.0,0.0,0.0,0.0,0.0,0.0,0.0,0.0,0.0,0.0,0.0,0.0,0.0,0.0,0.0,0.0,0.0,0.0,0.0,0.0,0.0,0.0,0.0,0.0,he
0.35473766922950745,0.6711828112602234,4.227958925184794e-07,0.4347689747810364,0.6541175246238708,-0.009992603212594986,0.49354562163352966,0.6239033341407776,-0.028209315612912178,0.5329504609107971,0.6176114678382874,-0.05035515874624252,0.5621676445007324,0.621575653553009,-0.07255537062883377,0.4917258620262146,0.46030882000923157,-0.022750969976186752,0.5417905449867249,0.4777044355869293,-0.05787744000554085,0.5779613256454468,0.47884601354599,-0.08359691500663757,0.6177626848220825,0.47849908471107483,-0.10095349699258804,0.45347166061401367,0.44924357533454895,-0.03787814453244209,0.5123794674873352,0.5307581424713135,-0.08660174906253815,0.5275660753250122,0.6196131706237793,-0.10429167002439499,0.5377355813980103,0.685371994972229,-0.10665934532880783,0.4150431454181671,0.47448500990867615,-0.054758381098508835,0.47408828139305115,0.5749154686927795,-0.10141383111476898,0.48850512504577637,0.6584646701812744,-0.10470594465732574,0.49816757440567017,0.7144409418106079,-0.09486640989780426,0.3821020722389221,0.5200942754745483,-0.0728563591837883,0.43458569049835205,0.6074613928794861,-0.10372516512870789,0.4559091329574585,0.6688261032104492,-0.1050352156162262,0.4719317555427551,0.7091755867004395,-0.0971858873963356,0.0,0.0,0.0,0.0,0.0,0.0,0.0,0.0,0.0,0.0,0.0,0.0,0.0,0.0,0.0,0.0,0.0,0.0,0.0,0.0,0.0,0.0,0.0,0.0,0.0,0.0,0.0,0.0,0.0,0.0,0.0,0.0,0.0,0.0,0.0,0.0,0.0,0.0,0.0,0.0,0.0,0.0,0.0,0.0,0.0,0.0,0.0,0.0,0.0,0.0,0.0,0.0,0.0,0.0,0.0,0.0,0.0,0.0,0.0,0.0,0.0,0.0,0.0,he
0.36243608593940735,0.6763669848442078,4.6726745495107025e-07,0.43772760033607483,0.6563984751701355,-0.015073642134666443,0.4953557252883911,0.62859046459198,-0.037130288779735565,0.5342264771461487,0.6259208917617798,-0.0621565580368042,0.5621902942657471,0.633267879486084,-0.08719286322593689,0.4926905035972595,0.4594302773475647,-0.03137945756316185,0.543267011642456,0.4775580167770386,-0.06951086968183517,0.5802103281021118,0.47853711247444153,-0.09768212586641312,0.6210085153579712,0.47890549898147583,-0.1166895255446434,0.45317164063453674,0.4508599638938904,-0.0446244478225708,0.5152497887611389,0.5353660583496094,-0.09480486810207367,0.5308474898338318,0.6220573782920837,-0.11286206543445587,0.5410074591636658,0.6874970197677612,-0.11625610291957855,0.41429993510246277,0.47909167408943176,-0.059853799641132355,0.4778163433074951,0.5806183218955994,-0.10771893709897995,0.49193620681762695,0.6623498797416687,-0.11063974350690842,0.5007766485214233,0.7184545993804932,-0.10096411406993866,0.3815401792526245,0.5278322696685791,-0.07666710019111633,0.4375672936439514,0.6146599650382996,-0.10894773155450821,0.4613960087299347,0.6749048233032227,-0.11045362800359726,0.47865453362464905,0.7149600982666016,-0.10296264290809631,0.0,0.0,0.0,0.0,0.0,0.0,0.0,0.0,0.0,0.0,0.0,0.0,0.0,0.0,0.0,0.0,0.0,0.0,0.0,0.0,0.0,0.0,0.0,0.0,0.0,0.0,0.0,0.0,0.0,0.0,0.0,0.0,0.0,0.0,0.0,0.0,0.0,0.0,0.0,0.0,0.0,0.0,0.0,0.0,0.0,0.0,0.0,0.0,0.0,0.0,0.0,0.0,0.0,0.0,0.0,0.0,0.0,0.0,0.0,0.0,0.0,0.0,0.0,he
0.35894060134887695,0.683079719543457,4.378088362955168e-07,0.4387558698654175,0.6654589176177979,-0.013459851033985615,0.49816736578941345,0.6351063251495361,-0.03394628316164017,0.5380977392196655,0.6302147507667542,-0.05788006633520126,0.5672839879989624,0.6352530717849731,-0.08241534978151321,0.4915546178817749,0.46517133712768555,-0.02793329581618309,0.5428641438484192,0.4836035966873169,-0.06540758907794952,0.5808830857276917,0.48357975482940674,-0.09379100054502487,0.6219144463539124,0.4818572402000427,-0.11317988485097885,0.45100855827331543,0.45683929324150085,-0.04241686314344406,0.5167729258537292,0.5424013733863831,-0.093483567237854,0.5326852202415466,0.6311690807342529,-0.11354594677686691,0.5429295301437378,0.6973154544830322,-0.11766418814659119,0.41202449798583984,0.48570549488067627,-0.05864794924855232,0.4774630069732666,0.5867644548416138,-0.10781124234199524,0.4911670982837677,0.670293927192688,-0.11266312748193741,0.5009616613388062,0.7270591855049133,-0.10371808707714081,0.3793269693851471,0.5348650813102722,-0.07620184868574142,0.43628737330436707,0.6220957040786743,-0.10975885391235352,0.4621787667274475,0.6840031147003174,-0.11220279335975647,0.48319101333618164,0.7245869636535645,-0.10492310672998428,0.0,0.0,0.0,0.0,0.0,0.0,0.0,0.0,0.0,0.0,0.0,0.0,0.0,0.0,0.0,0.0,0.0,0.0,0.0,0.0,0.0,0.0,0.0,0.0,0.0,0.0,0.0,0.0,0.0,0.0,0.0,0.0,0.0,0.0,0.0,0.0,0.0,0.0,0.0,0.0,0.0,0.0,0.0,0.0,0.0,0.0,0.0,0.0,0.0,0.0,0.0,0.0,0.0,0.0,0.0,0.0,0.0,0.0,0.0,0.0,0.0,0.0,0.0,he
0.3564859926700592,0.6844351291656494,4.679514802319318e-07,0.4369353950023651,0.6657713651657104,-0.013210535049438477,0.49605101346969604,0.6389787197113037,-0.036032989621162415,0.5380574464797974,0.6422304511070251,-0.06245256960391998,0.5716988444328308,0.6561974883079529,-0.08936800807714462,0.4925209581851959,0.46434834599494934,-0.03119066171348095,0.542573869228363,0.48312264680862427,-0.07124728709459305,0.5794854164123535,0.4841935634613037,-0.10161866992712021,0.6205188632011414,0.48382508754730225,-0.12228027731180191,0.4522686302661896,0.455707848072052,-0.04667188972234726,0.5172671675682068,0.54100102186203,-0.09868773818016052,0.5331888794898987,0.630350649356842,-0.11828751862049103,0.5438738465309143,0.6965835690498352,-0.12243738025426865,0.41289669275283813,0.4850769340991974,-0.06394388526678085,0.4781215190887451,0.5867519974708557,-0.11291802674531937,0.49144312739372253,0.6723889112472534,-0.11535870283842087,0.5005825161933899,0.7303974628448486,-0.10514526814222336,0.38031846284866333,0.5358052253723145,-0.08277518302202225,0.43738406896591187,0.6233205199241638,-0.11570530384778976,0.46155086159706116,0.6855274438858032,-0.11635047197341919,0.48074281215667725,0.7257640361785889,-0.10795772075653076,0.0,0.0,0.0,0.0,0.0,0.0,0.0,0.0,0.0,0.0,0.0,0.0,0.0,0.0,0.0,0.0,0.0,0.0,0.0,0.0,0.0,0.0,0.0,0.0,0.0,0.0,0.0,0.0,0.0,0.0,0.0,0.0,0.0,0.0,0.0,0.0,0.0,0.0,0.0,0.0,0.0,0.0,0.0,0.0,0.0,0.0,0.0,0.0,0.0,0.0,0.0,0.0,0.0,0.0,0.0,0.0,0.0,0.0,0.0,0.0,0.0,0.0,0.0,he
0.3535131514072418,0.7092647552490234,5.097814437249326e-07,0.43830010294914246,0.6856882572174072,-0.017050817608833313,0.4948786795139313,0.646354079246521,-0.03750325366854668,0.5297362208366394,0.6238242387771606,-0.0600745752453804,0.5568902492523193,0.6167906522750854,-0.08227945864200592,0.47957468032836914,0.4687651991844177,-0.032044317573308945,0.5389019250869751,0.48987841606140137,-0.0704648345708847,0.5790709853172302,0.4952782094478607,-0.09846402704715729,0.6198773980140686,0.5006917715072632,-0.1171623021364212,0.4375658631324768,0.468020498752594,-0.04442106559872627,0.5151892900466919,0.5508158802986145,-0.09614304453134537,0.5356236696243286,0.6424789428710938,-0.1153460443019867,0.5476021766662598,0.7112225294113159,-0.11867887526750565,0.40031111240386963,0.506417989730835,-0.05882284417748451,0.4781818091869354,0.6054976582527161,-0.1091495230793953,0.4950965344905853,0.6868093609809875,-0.11424897611141205,0.5056409239768982,0.7422914505004883,-0.10524241626262665,0.3709867596626282,0.5645211935043335,-0.07456779479980469,0.43983009457588196,0.6541388034820557,-0.10855372995138168,0.4716704189777374,0.7110323309898376,-0.1119484230875969,0.4955379366874695,0.7479637861251831,-0.10540296882390976,0.0,0.0,0.0,0.0,0.0,0.0,0.0,0.0,0.0,0.0,0.0,0.0,0.0,0.0,0.0,0.0,0.0,0.0,0.0,0.0,0.0,0.0,0.0,0.0,0.0,0.0,0.0,0.0,0.0,0.0,0.0,0.0,0.0,0.0,0.0,0.0,0.0,0.0,0.0,0.0,0.0,0.0,0.0,0.0,0.0,0.0,0.0,0.0,0.0,0.0,0.0,0.0,0.0,0.0,0.0,0.0,0.0,0.0,0.0,0.0,0.0,0.0,0.0,he
0.31195592880249023,0.686889111995697,3.483816897187353e-07,0.384971022605896,0.6310850977897644,0.002240743488073349,0.4463846683502197,0.5800599455833435,-0.011010304093360901,0.49105966091156006,0.5512610673904419,-0.028131863102316856,0.5294370651245117,0.5419644713401794,-0.046465110033750534,0.44807758927345276,0.46973416209220886,-0.026857536286115646,0.5299565196037292,0.4838011562824249,-0.05543451011180878,0.5826990604400635,0.4912116229534149,-0.07627449184656143,0.6257597208023071,0.5030286908149719,-0.09042318910360336,0.42127078771591187,0.4755532443523407,-0.04292120039463043,0.5183496475219727,0.5421097874641418,-0.07113806158304214,0.5446122884750366,0.6136049032211304,-0.07819570600986481,0.5519814491271973,0.6669320464134216,-0.08156229555606842,0.3974159061908722,0.5161658525466919,-0.0586349219083786,0.4925748407840729,0.5912039279937744,-0.0849546566605568,0.5181946754455566,0.654200553894043,-0.08054601401090622,0.5255184173583984,0.7008846402168274,-0.07458041608333588,0.38054344058036804,0.5757602453231812,-0.07453572750091553,0.45909932255744934,0.6397655010223389,-0.08914905041456223,0.48109519481658936,0.6832341551780701,-0.08351464569568634,0.4879225790500641,0.7138845920562744,-0.07717644423246384,0.0,0.0,0.0,0.0,0.0,0.0,0.0,0.0,0.0,0.0,0.0,0.0,0.0,0.0,0.0,0.0,0.0,0.0,0.0,0.0,0.0,0.0,0.0,0.0,0.0,0.0,0.0,0.0,0.0,0.0,0.0,0.0,0.0,0.0,0.0,0.0,0.0,0.0,0.0,0.0,0.0,0.0,0.0,0.0,0.0,0.0,0.0,0.0,0.0,0.0,0.0,0.0,0.0,0.0,0.0,0.0,0.0,0.0,0.0,0.0,0.0,0.0,0.0,he
0.3389183580875397,0.5436846017837524,6.373397241077328e-07,0.3432583212852478,0.4735410809516907,-0.011389198713004589,0.38441529870033264,0.4124195873737335,-0.026852604001760483,0.4371616840362549,0.3965609669685364,-0.041264116764068604,0.47687795758247375,0.4045727252960205,-0.05628044158220291,0.3826305866241455,0.38197052478790283,-0.045179203152656555,0.45609065890312195,0.3745937943458557,-0.0705498456954956,0.5033338665962219,0.3799763321876526,-0.08619797974824905,0.5370193719863892,0.3881623148918152,-0.09483517706394196,0.3892902135848999,0.4254337549209595,-0.051141299307346344,0.46811574697494507,0.41311073303222656,-0.0721755102276802,0.5149490833282471,0.4203449785709381,-0.07923164963722229,0.5479506254196167,0.4299217462539673,-0.08343135565519333,0.4011448919773102,0.47603264451026917,-0.05636344105005264,0.47249528765678406,0.4583226144313812,-0.07212791591882706,0.503362238407135,0.46041545271873474,-0.06840928643941879,0.5228701829910278,0.46326255798339844,-0.06423542648553848,0.4155350923538208,0.5264319181442261,-0.06240851804614067,0.468630850315094,0.5017151832580566,-0.06938012689352036,0.4919653832912445,0.496105819940567,-0.06177183613181114,0.5071935057640076,0.49309954047203064,-0.05488200858235359,0.3061692714691162,0.6197077631950378,7.456368393832236e-07,0.3362174332141876,0.5300679802894592,0.007723624352365732,0.3912884294986725,0.45353963971138,-0.00566545594483614,0.4554765522480011,0.423387736082077,-0.022484837099909782,0.508694589138031,0.420246958732605,-0.0390891395509243,0.38375258445739746,0.3847428262233734,-0.03301427140831947,0.4840588867664337,0.3669707179069519,-0.05968952178955078,0.5394554138183594,0.38457971811294556,-0.07472541928291321,0.5760369300842285,0.407309353351593,-0.08243585377931595,0.3856406807899475,0.4228026270866394,-0.05123014748096466,0.4919678866863251,0.405055969953537,-0.07267150282859802,0.5496145486831665,0.4265832304954529,-0.07908153533935547,0.5857899785041809,0.4524046778678894,-0.08368372172117233,0.39339399337768555,0.47819268703460693,-0.06777965277433395,0.49388810992240906,0.46772056818008423,-0.08207990974187851,0.5441878437995911,0.4905525743961334,-0.07894386351108551,0.57305908203125,0.5117494463920593,-0.07666540145874023,0.40691685676574707,0.5390304327011108,-0.08385416865348816,0.4841341972351074,0.5182035565376282,-0.08855930715799332,0.5226571559906006,0.5251725912094116,-0.08114071190357208,0.547165036201477,0.5363340973854065,-0.07517699152231216,he
0.3192121684551239,0.49012595415115356,8.784627425484359e-07,0.3262426257133484,0.42213135957717896,-0.008371506817638874,0.358923077583313,0.36196041107177734,-0.02167528308928013,0.4026869535446167,0.3342393636703491,-0.03458453342318535,0.4355076551437378,0.33224841952323914,-0.0478498712182045,0.3564409017562866,0.33371567726135254,-0.037510521709918976,0.4200405180454254,0.2902255058288574,-0.06247912347316742,0.46648693084716797,0.26704803109169006,-0.07793307304382324,0.5034149885177612,0.2540034055709839,-0.08588720858097076,0.3638632595539093,0.36096107959747314,-0.04650326073169708,0.43384215235710144,0.3089561462402344,-0.06859992444515228,0.48797911405563354,0.2816670835018158,-0.08070891350507736,0.5299201011657715,0.2701342701911926,-0.08645281940698624,0.37706202268600464,0.4043296277523041,-0.05455540493130684,0.43953919410705566,0.35612815618515015,-0.07537442445755005,0.48872110247612,0.3365006446838379,-0.08462413400411606,0.5253615379333496,0.32864364981651306,-0.0881502777338028,0.39491578936576843,0.4570523798465729,-0.06248906999826431,0.44683945178985596,0.4371706247329712,-0.07845433056354523,0.4760342240333557,0.43246015906333923,-0.07995864748954773,0.49553316831588745,0.4331156015396118,-0.07787934690713882,0.283787339925766,0.5523466467857361,7.442378660016402e-07,0.31651976704597473,0.47985559701919556,0.010593133978545666,0.36696988344192505,0.4188450574874878,0.0028370865620672703,0.42694270610809326,0.40762290358543396,-0.009868757799267769,0.47576019167900085,0.41223201155662537,-0.022389154881238937,0.3489653468132019,0.3251957893371582,-0.005857385229319334,0.4263359606266022,0.264956533908844,-0.023256976157426834,0.47965681552886963,0.24940644204616547,-0.03546030446887016,0.5212990045547485,0.24472224712371826,-0.04301358014345169,0.3567603528499603,0.34927767515182495,-0.02466416358947754,0.43944400548934937,0.28343111276626587,-0.038100142031908035,0.49605047702789307,0.26409339904785156,-0.04733298346400261,0.5398913621902466,0.25618112087249756,-0.05425969883799553,0.3707182705402374,0.3912879228591919,-0.04326597601175308,0.4460282623767853,0.3313080072402954,-0.05281539261341095,0.5002586841583252,0.31258583068847656,-0.057027578353881836,0.5405539870262146,0.3017837405204773,-0.06059712544083595,0.3902934789657593,0.446061372756958,-0.06157384067773819,0.4483130872249603,0.398182213306427,-0.06478526443243027,0.48503443598747253,0.37376031279563904,-0.06294316798448563,0.5156927704811096,0.3552234172821045,-0.06220051646232605,he
0.2922748923301697,0.4986634850502014,6.382832680174033e-07,0.3053191900253296,0.443904846906662,0.00929947942495346,0.35077348351478577,0.3973156809806824,0.0026233282405883074,0.40393537282943726,0.39371538162231445,-0.007828262634575367,0.4464697241783142,0.39955854415893555,-0.019304392859339714,0.32849591970443726,0.32428106665611267,-0.0111194783821702,0.3894892632961273,0.26322752237319946,-0.02743946574628353,0.4340493679046631,0.23249417543411255,-0.037563130259513855,0.47001129388809204,0.21357521414756775,-0.043676137924194336,0.34168437123298645,0.33723321557044983,-0.028267113491892815,0.4148309528827667,0.27160128951072693,-0.04309319704771042,0.46878838539123535,0.24581420421600342,-0.051910657435655594,0.5105426907539368,0.23567689955234528,-0.05704648420214653,0.3595751225948334,0.3665759563446045,-0.04454675316810608,0.42961737513542175,0.2950148582458496,-0.058098696172237396,0.48035290837287903,0.2638155221939087,-0.06353604793548584,0.5193718075752258,0.246463343501091,-0.06595467776060104,0.38134682178497314,0.4083665907382965,-0.059825606644153595,0.4362143576145172,0.3475426435470581,-0.06827296316623688,0.4722850024700165,0.32005617022514343,-0.06751933693885803,0.5014076232910156,0.30194535851478577,-0.06615421921014786,0.2667548358440399,0.5487649440765381,4.686719705659925e-07,0.29964718222618103,0.4814301133155823,0.022143272683024406,0.35188883543014526,0.4321962296962738,0.02200188674032688,0.4084186255931854,0.4215264916419983,0.014534063637256622,0.4528244137763977,0.41655948758125305,0.006795777939260006,0.3261646628379822,0.3290049731731415,0.012519595213234425,0.3978419005870819,0.26081621646881104,0.003838934237137437,0.4404420554637909,0.23112685978412628,-0.0021786747965961695,0.47413837909698486,0.21126820147037506,-0.0068080187775194645,0.34168732166290283,0.34291279315948486,-0.010546160861849785,0.4227360188961029,0.2719893455505371,-0.01755119487643242,0.47444283962249756,0.24627913534641266,-0.023476671427488327,0.5158324241638184,0.23203147947788239,-0.02897382155060768,0.3598591983318329,0.37304359674453735,-0.03278860077261925,0.4358392357826233,0.3121466338634491,-0.038840193301439285,0.4852548837661743,0.29124611616134644,-0.041195813566446304,0.5227106213569641,0.27699440717697144,-0.04464758187532425,0.3814539611339569,0.4137294888496399,-0.053906869143247604,0.4379216134548187,0.36250782012939453,-0.05602787435054779,0.4728517532348633,0.34188851714134216,-0.05279644578695297,0.5027809143066406,0.3268379271030426,-0.05174057558178902,he
0.2711273729801178,0.5542877316474915,4.088340119778877e-07,0.3271647095680237,0.5078063607215881,0.027497265487909317,0.37309980392456055,0.45590564608573914,0.032226935029029846,0.4223804175853729,0.4335674047470093,0.02749154530465603,0.46327316761016846,0.41837140917778015,0.021889401599764824,0.3288564383983612,0.33247441053390503,0.027912326157093048,0.3968144655227661,0.26640698313713074,0.02244407869875431,0.44099122285842896,0.23319239914417267,0.01580110937356949,0.47534340620040894,0.2094096839427948,0.009582255966961384,0.3367248773574829,0.3374669849872589,0.0019158204086124897,0.4151817560195923,0.26526373624801636,-0.0020701782777905464,0.46796464920043945,0.23871049284934998,-0.00875027384608984,0.5098234415054321,0.22513613104820251,-0.015361701138317585,0.35271692276000977,0.3633274435997009,-0.02378171868622303,0.4305877983570099,0.2939465045928955,-0.02867214009165764,0.4824792742729187,0.2686622738838196,-0.03230896592140198,0.521355390548706,0.25309598445892334,-0.037019312381744385,0.3766155242919922,0.404132217168808,-0.04813620448112488,0.4382493495941162,0.3487745523452759,-0.05145683139562607,0.4761179983615875,0.32436004281044006,-0.0500309132039547,0.5073539614677429,0.30711448192596436,-0.05047984421253204,0.0,0.0,0.0,0.0,0.0,0.0,0.0,0.0,0.0,0.0,0.0,0.0,0.0,0.0,0.0,0.0,0.0,0.0,0.0,0.0,0.0,0.0,0.0,0.0,0.0,0.0,0.0,0.0,0.0,0.0,0.0,0.0,0.0,0.0,0.0,0.0,0.0,0.0,0.0,0.0,0.0,0.0,0.0,0.0,0.0,0.0,0.0,0.0,0.0,0.0,0.0,0.0,0.0,0.0,0.0,0.0,0.0,0.0,0.0,0.0,0.0,0.0,0.0,he
0.2833808660507202,0.5471693277359009,3.078036456827249e-07,0.3348759114742279,0.4958247244358063,0.029003001749515533,0.37457528710365295,0.4445221424102783,0.0395507887005806,0.41812199354171753,0.4203701615333557,0.041482891887426376,0.4543098211288452,0.4049031436443329,0.04242696240544319,0.32759520411491394,0.32297763228416443,0.040930502116680145,0.39090225100517273,0.26748213171958923,0.0450885072350502,0.42748966813087463,0.24034591019153595,0.04278187453746796,0.4550895690917969,0.21815520524978638,0.03891655057668686,0.3389933407306671,0.32782241702079773,0.01867779903113842,0.41978952288627625,0.2802940011024475,0.02073860354721546,0.46861764788627625,0.26773491501808167,0.012362508103251457,0.5072351694107056,0.2613542079925537,0.0042960564605891705,0.3549760580062866,0.3507992625236511,-0.002832310274243355,0.42943015694618225,0.30492275953292847,-0.003518989309668541,0.4793716073036194,0.2950264513492584,-0.01073202770203352,0.5171543955802917,0.28620532155036926,-0.01792244240641594,0.37445709109306335,0.3824569582939148,-0.022438857704401016,0.42480897903442383,0.3249140679836273,-0.021804204210639,0.4517717957496643,0.29399892687797546,-0.02074618451297283,0.4749419689178467,0.2657402753829956,-0.02195732109248638,0.0,0.0,0.0,0.0,0.0,0.0,0.0,0.0,0.0,0.0,0.0,0.0,0.0,0.0,0.0,0.0,0.0,0.0,0.0,0.0,0.0,0.0,0.0,0.0,0.0,0.0,0.0,0.0,0.0,0.0,0.0,0.0,0.0,0.0,0.0,0.0,0.0,0.0,0.0,0.0,0.0,0.0,0.0,0.0,0.0,0.0,0.0,0.0,0.0,0.0,0.0,0.0,0.0,0.0,0.0,0.0,0.0,0.0,0.0,0.0,0.0,0.0,0.0,he
0.29762738943099976,0.5506349802017212,2.6020293830697483e-07,0.32976263761520386,0.48643648624420166,0.03047754615545273,0.36567458510398865,0.42648884654045105,0.03904743120074272,0.41400784254074097,0.39132797718048096,0.038234055042266846,0.4539535343647003,0.3701004981994629,0.03718147426843643,0.3195129930973053,0.32059991359710693,0.038581445813179016,0.3941057026386261,0.2784065008163452,0.043245892971754074,0.43772321939468384,0.26410019397735596,0.041327103972435,0.46738189458847046,0.25499051809310913,0.037624113261699677,0.3360552191734314,0.3238397240638733,0.016861215233802795,0.4217219948768616,0.2915557324886322,0.019073015078902245,0.4651440978050232,0.3152667284011841,0.01237957738339901,0.4878014326095581,0.3459135890007019,0.00646585039794445,0.3591478765010834,0.3479779064655304,-0.002901792526245117,0.4358738362789154,0.3153058886528015,0.0006057199207134545,0.4753260612487793,0.34026169776916504,-0.0009895798284560442,0.49555492401123047,0.36874255537986755,-0.004061417188495398,0.38636600971221924,0.381856232881546,-0.02087201364338398,0.4449623227119446,0.3496760129928589,-0.013157174922525883,0.47293680906295776,0.3583509624004364,-0.006764928810298443,0.4890744090080261,0.3733547031879425,-0.0037568684201687574,0.0,0.0,0.0,0.0,0.0,0.0,0.0,0.0,0.0,0.0,0.0,0.0,0.0,0.0,0.0,0.0,0.0,0.0,0.0,0.0,0.0,0.0,0.0,0.0,0.0,0.0,0.0,0.0,0.0,0.0,0.0,0.0,0.0,0.0,0.0,0.0,0.0,0.0,0.0,0.0,0.0,0.0,0.0,0.0,0.0,0.0,0.0,0.0,0.0,0.0,0.0,0.0,0.0,0.0,0.0,0.0,0.0,0.0,0.0,0.0,0.0,0.0,0.0,he
0.3003650903701782,0.5433477163314819,2.8788485906261485e-07,0.31794676184654236,0.4680541157722473,0.025617973878979683,0.34637588262557983,0.4067701995372772,0.02818443812429905,0.390731543302536,0.3689884841442108,0.022083591669797897,0.42913857102394104,0.3512738347053528,0.016316404566168785,0.31178390979766846,0.32014167308807373,0.02518710494041443,0.38842687010765076,0.29344892501831055,0.02451479807496071,0.4350564181804657,0.2987707555294037,0.02255907468497753,0.4647810757160187,0.31472665071487427,0.02142459526658058,0.33159005641937256,0.3229057490825653,0.005790492054075003,0.4124748110771179,0.28696006536483765,0.009277860634028912,0.45080482959747314,0.3010627031326294,0.00857530627399683,0.46980342268943787,0.3225422203540802,0.006981974001973867,0.3570265769958496,0.3439583480358124,-0.011975902132689953,0.43576475977897644,0.31296202540397644,-0.009217048063874245,0.46632251143455505,0.347099244594574,-0.0062453001737594604,0.4764971435070038,0.3818073868751526,-0.004663345869630575,0.38588351011276245,0.37643179297447205,-0.02825995534658432,0.4467654228210449,0.3503853976726532,-0.020489219576120377,0.47207891941070557,0.3682566285133362,-0.011133863590657711,0.48327016830444336,0.3916584849357605,-0.004375395830720663,0.0,0.0,0.0,0.0,0.0,0.0,0.0,0.0,0.0,0.0,0.0,0.0,0.0,0.0,0.0,0.0,0.0,0.0,0.0,0.0,0.0,0.0,0.0,0.0,0.0,0.0,0.0,0.0,0.0,0.0,0.0,0.0,0.0,0.0,0.0,0.0,0.0,0.0,0.0,0.0,0.0,0.0,0.0,0.0,0.0,0.0,0.0,0.0,0.0,0.0,0.0,0.0,0.0,0.0,0.0,0.0,0.0,0.0,0.0,0.0,0.0,0.0,0.0,he
0.2994089424610138,0.5409265756607056,2.5088522193073004e-07,0.32196471095085144,0.47020775079727173,0.028393898159265518,0.3549598753452301,0.4120868146419525,0.032118458300828934,0.4011618196964264,0.3794246017932892,0.026483019813895226,0.4390445649623871,0.3646320700645447,0.020661108195781708,0.3149096369743347,0.3198931813240051,0.027911920100450516,0.3908964991569519,0.29113155603408813,0.02850993350148201,0.43652158975601196,0.2911139130592346,0.027088191360235214,0.4665357172489166,0.3024170696735382,0.02594204992055893,0.33330225944519043,0.323460191488266,0.006963065359741449,0.4140448272228241,0.2898261547088623,0.010814919136464596,0.45071685314178467,0.308724969625473,0.00989383552223444,0.4678818881511688,0.3355455696582794,0.008169060572981834,0.35831397771835327,0.3454333543777466,-0.01204212661832571,0.43555185198783875,0.3163056969642639,-0.008523720316588879,0.46561089158058167,0.34986644983291626,-0.005504961125552654,0.4756881892681122,0.38481271266937256,-0.004095231648534536,0.3873753547668457,0.3778972923755646,-0.02935841679573059,0.44620025157928467,0.34913456439971924,-0.02104516699910164,0.4722875654697418,0.36438363790512085,-0.011602566577494144,0.4845694601535797,0.3867090344429016,-0.005120060872286558,0.0,0.0,0.0,0.0,0.0,0.0,0.0,0.0,0.0,0.0,0.0,0.0,0.0,0.0,0.0,0.0,0.0,0.0,0.0,0.0,0.0,0.0,0.0,0.0,0.0,0.0,0.0,0.0,0.0,0.0,0.0,0.0,0.0,0.0,0.0,0.0,0.0,0.0,0.0,0.0,0.0,0.0,0.0,0.0,0.0,0.0,0.0,0.0,0.0,0.0,0.0,0.0,0.0,0.0,0.0,0.0,0.0,0.0,0.0,0.0,0.0,0.0,0.0,he
0.29169216752052307,0.5550834536552429,2.851027469663592e-10,0.33114859461784363,0.498168408870697,0.02663734182715416,0.3672518730163574,0.44035857915878296,0.030621998012065887,0.41110965609550476,0.4104223847389221,0.025517601519823074,0.4420822262763977,0.39710721373558044,0.021556109189987183,0.3154198229312897,0.3289344012737274,0.026191340759396553,0.39805570244789124,0.30575934052467346,0.019222216680645943,0.4372393786907196,0.34024694561958313,0.010910014621913433,0.4529952108860016,0.37631314992904663,0.00672996835783124,0.3274267613887787,0.33017420768737793,0.005196424201130867,0.4187370240688324,0.3053457736968994,0.004883220419287682,0.4528464078903198,0.346593976020813,0.002439341740682721,0.46092352271080017,0.3865581452846527,0.0005828776629641652,0.34703487157821655,0.3514735698699951,-0.014764796942472458,0.43228679895401,0.3228045403957367,-0.01485024020075798,0.4638223350048065,0.3635490834712982,-0.011090370826423168,0.47031062841415405,0.4008805751800537,-0.00812605582177639,0.37185990810394287,0.38535138964653015,-0.03330381214618683,0.4412337839603424,0.3584999144077301,-0.028715908527374268,0.4698221981525421,0.3807159662246704,-0.018957477062940598,0.48000913858413696,0.40556851029396057,-0.011334672570228577,0.0,0.0,0.0,0.0,0.0,0.0,0.0,0.0,0.0,0.0,0.0,0.0,0.0,0.0,0.0,0.0,0.0,0.0,0.0,0.0,0.0,0.0,0.0,0.0,0.0,0.0,0.0,0.0,0.0,0.0,0.0,0.0,0.0,0.0,0.0,0.0,0.0,0.0,0.0,0.0,0.0,0.0,0.0,0.0,0.0,0.0,0.0,0.0,0.0,0.0,0.0,0.0,0.0,0.0,0.0,0.0,0.0,0.0,0.0,0.0,0.0,0.0,0.0,he
0.2858498692512512,0.5718982219696045,8.544936491716726e-08,0.3419248163700104,0.5283191800117493,0.020385466516017914,0.37927496433258057,0.4716093838214874,0.02286526933312416,0.42075031995773315,0.43784064054489136,0.016858307644724846,0.45075398683547974,0.41854336857795715,0.012619197368621826,0.3142586946487427,0.3460646867752075,0.023861166089773178,0.39880096912384033,0.3206462264060974,0.012238065712153912,0.44282037019729614,0.3511384129524231,-1.4787687177886255e-05,0.46358293294906616,0.3898591697216034,-0.0061655365861952305,0.32122117280960083,0.3476611077785492,0.004998915828764439,0.41583484411239624,0.3193938434123993,0.00016963729285635054,0.4568362534046173,0.358566552400589,-0.005385926924645901,0.47162702679634094,0.3987438380718231,-0.008687644265592098,0.33911648392677307,0.3685528039932251,-0.013854188844561577,0.428253710269928,0.33944135904312134,-0.01861635409295559,0.46572214365005493,0.3797633647918701,-0.017329016700387,0.4762887954711914,0.4185732305049896,-0.015157923102378845,0.3648562431335449,0.40120452642440796,-0.031867969781160355,0.4385901987552643,0.37649232149124146,-0.030604884028434753,0.46898090839385986,0.4005676805973053,-0.02244403585791588,0.4802207052707672,0.4280391037464142,-0.015477640554308891,0.0,0.0,0.0,0.0,0.0,0.0,0.0,0.0,0.0,0.0,0.0,0.0,0.0,0.0,0.0,0.0,0.0,0.0,0.0,0.0,0.0,0.0,0.0,0.0,0.0,0.0,0.0,0.0,0.0,0.0,0.0,0.0,0.0,0.0,0.0,0.0,0.0,0.0,0.0,0.0,0.0,0.0,0.0,0.0,0.0,0.0,0.0,0.0,0.0,0.0,0.0,0.0,0.0,0.0,0.0,0.0,0.0,0.0,0.0,0.0,0.0,0.0,0.0,he
0.2889596223831177,0.5831372737884521,1.8468854534603452e-07,0.3546876907348633,0.5449622273445129,0.009774835780262947,0.3928169310092926,0.4896356463432312,0.0063188932836055756,0.4309362769126892,0.455344557762146,-0.003898812225088477,0.4663991928100586,0.43637752532958984,-0.011895905248820782,0.319031685590744,0.35311126708984375,0.01549562718719244,0.4070814549922943,0.33799052238464355,-0.0004189320607110858,0.4552725553512573,0.3672853112220764,-0.01634064130485058,0.4814688563346863,0.40389591455459595,-0.025594383478164673,0.319912314414978,0.3555605411529541,-3.651790029834956e-05,0.4188818335533142,0.3322761058807373,-0.011957583017647266,0.4627538323402405,0.3721800446510315,-0.02110070176422596,0.4832146167755127,0.41048958897590637,-0.0258832685649395,0.33560308814048767,0.37795889377593994,-0.016528204083442688,0.426564484834671,0.35032081604003906,-0.028003007173538208,0.4695708453655243,0.3862534463405609,-0.030440475791692734,0.4884335398674011,0.4231668710708618,-0.02953217551112175,0.36137259006500244,0.4110845625400543,-0.032942868769168854,0.4352263808250427,0.3891468644142151,-0.03760155290365219,0.4694705009460449,0.4119897484779358,-0.03330914303660393,0.4875413179397583,0.4389820694923401,-0.028264816850423813,0.0,0.0,0.0,0.0,0.0,0.0,0.0,0.0,0.0,0.0,0.0,0.0,0.0,0.0,0.0,0.0,0.0,0.0,0.0,0.0,0.0,0.0,0.0,0.0,0.0,0.0,0.0,0.0,0.0,0.0,0.0,0.0,0.0,0.0,0.0,0.0,0.0,0.0,0.0,0.0,0.0,0.0,0.0,0.0,0.0,0.0,0.0,0.0,0.0,0.0,0.0,0.0,0.0,0.0,0.0,0.0,0.0,0.0,0.0,0.0,0.0,0.0,0.0,he
0.2885432839393616,0.5827308297157288,1.861416905057922e-07,0.35663890838623047,0.5436432361602783,0.013556187972426414,0.39350026845932007,0.4885365068912506,0.01143422070890665,0.42974400520324707,0.45394593477249146,0.0017100778641179204,0.46290117502212524,0.43230724334716797,-0.006192409433424473,0.31860485672950745,0.35106727480888367,0.019158393144607544,0.40711885690689087,0.3371891379356384,0.005147848278284073,0.45572423934936523,0.3692440688610077,-0.009268723428249359,0.48228347301483154,0.40687471628189087,-0.017759207636117935,0.31906062364578247,0.3525804281234741,0.0020731238182634115,0.4197854995727539,0.3318663239479065,-0.009527049958705902,0.463975727558136,0.3765926957130432,-0.01874862238764763,0.48356568813323975,0.419958233833313,-0.023081740364432335,0.3340214788913727,0.37472862005233765,-0.015492732636630535,0.426229864358902,0.3475242555141449,-0.02643105573952198,0.47038042545318604,0.38788071274757385,-0.02845154143869877,0.48897168040275574,0.42899569869041443,-0.026822645217180252,0.3588276505470276,0.4088737368583679,-0.032645635306835175,0.433578222990036,0.38713258504867554,-0.03746144101023674,0.469193696975708,0.4102271795272827,-0.03358497843146324,0.4876234233379364,0.43835964798927307,-0.02847292460501194,0.0,0.0,0.0,0.0,0.0,0.0,0.0,0.0,0.0,0.0,0.0,0.0,0.0,0.0,0.0,0.0,0.0,0.0,0.0,0.0,0.0,0.0,0.0,0.0,0.0,0.0,0.0,0.0,0.0,0.0,0.0,0.0,0.0,0.0,0.0,0.0,0.0,0.0,0.0,0.0,0.0,0.0,0.0,0.0,0.0,0.0,0.0,0.0,0.0,0.0,0.0,0.0,0.0,0.0,0.0,0.0,0.0,0.0,0.0,0.0,0.0,0.0,0.0,he
0.3066306412220001,0.6047638654708862,2.1703337438339076e-07,0.40067312121391296,0.5582814812660217,0.008021600544452667,0.44641178846359253,0.501176118850708,0.0008361320942640305,0.4768475294113159,0.46737372875213623,-0.013865253888070583,0.5049485564231873,0.4452613592147827,-0.027101995423436165,0.3566010594367981,0.36633896827697754,0.007415506988763809,0.44642698764801025,0.3549700975418091,-0.0216697808355093,0.49820494651794434,0.3906041383743286,-0.0473317988216877,0.5315210819244385,0.4284512400627136,-0.06289422512054443,0.3436126708984375,0.37306463718414307,-0.012805286794900894,0.44963538646698,0.35159674286842346,-0.04537384957075119,0.5032420754432678,0.40126025676727295,-0.0659627839922905,0.5320382714271545,0.4487685561180115,-0.07456399500370026,0.34674757719039917,0.3969859778881073,-0.03408421576023102,0.44362860918045044,0.36931461095809937,-0.06388430297374725,0.49644210934638977,0.41530290246009827,-0.07150758802890778,0.5215431451797485,0.45924168825149536,-0.06971481442451477,0.36214226484298706,0.43266403675079346,-0.05507465451955795,0.44121870398521423,0.412788450717926,-0.07335221767425537,0.48084595799446106,0.43775132298469543,-0.07269367575645447,0.5033642053604126,0.4654691517353058,-0.06757671386003494,0.0,0.0,0.0,0.0,0.0,0.0,0.0,0.0,0.0,0.0,0.0,0.0,0.0,0.0,0.0,0.0,0.0,0.0,0.0,0.0,0.0,0.0,0.0,0.0,0.0,0.0,0.0,0.0,0.0,0.0,0.0,0.0,0.0,0.0,0.0,0.0,0.0,0.0,0.0,0.0,0.0,0.0,0.0,0.0,0.0,0.0,0.0,0.0,0.0,0.0,0.0,0.0,0.0,0.0,0.0,0.0,0.0,0.0,0.0,0.0,0.0,0.0,0.0,he
0.3344160318374634,0.6550484299659729,3.7890128368189835e-08,0.4045993983745575,0.6392569541931152,-0.009584696032106876,0.4687432646751404,0.6000897884368896,-0.026361124590039253,0.5081238746643066,0.5733351707458496,-0.047932472079992294,0.5378154516220093,0.546997606754303,-0.06895741820335388,0.4553965926170349,0.4311303496360779,-0.003871157066896558,0.505036473274231,0.4123309552669525,-0.03464287519454956,0.5502039790153503,0.41580408811569214,-0.06051024794578552,0.5915447473526001,0.4200778305530548,-0.07701936364173889,0.4274601936340332,0.4224346876144409,-0.017835048958659172,0.49830156564712524,0.42677778005599976,-0.059720367193222046,0.5245636701583862,0.5048039555549622,-0.07990488409996033,0.532002329826355,0.5688110589981079,-0.08467952907085419,0.40162917971611023,0.4332800805568695,-0.03455197438597679,0.4701671302318573,0.44579365849494934,-0.07485070079565048,0.4973812401294708,0.5249106287956238,-0.07700220495462418,0.5039615631103516,0.590295672416687,-0.06700467318296432,0.3778526484966278,0.4622746706008911,-0.05280465632677078,0.44015294313430786,0.47620660066604614,-0.08050040900707245,0.4672554135322571,0.5309587717056274,-0.07927213609218597,0.47615349292755127,0.5795915722846985,-0.06990914791822433,0.0,0.0,0.0,0.0,0.0,0.0,0.0,0.0,0.0,0.0,0.0,0.0,0.0,0.0,0.0,0.0,0.0,0.0,0.0,0.0,0.0,0.0,0.0,0.0,0.0,0.0,0.0,0.0,0.0,0.0,0.0,0.0,0.0,0.0,0.0,0.0,0.0,0.0,0.0,0.0,0.0,0.0,0.0,0.0,0.0,0.0,0.0,0.0,0.0,0.0,0.0,0.0,0.0,0.0,0.0,0.0,0.0,0.0,0.0,0.0,0.0,0.0,0.0,he
0.335597425699234,0.7027186155319214,2.4872969106581877e-07,0.4151703715324402,0.6877354383468628,-0.013114485889673233,0.4752231240272522,0.6645476222038269,-0.035634610801935196,0.5169994235038757,0.6570642590522766,-0.06306193023920059,0.5537301301956177,0.6579543352127075,-0.09015338867902756,0.4761218726634979,0.48134514689445496,-0.023419495671987534,0.5270295143127441,0.4798204004764557,-0.058836422860622406,0.5645909905433655,0.467424601316452,-0.08575369417667389,0.6009927988052368,0.45743998885154724,-0.10464092344045639,0.4384061098098755,0.4634611904621124,-0.03970643877983093,0.5005543231964111,0.5318043231964111,-0.08763733506202698,0.517568826675415,0.6184256076812744,-0.10695299506187439,0.524128794670105,0.6834607124328613,-0.11175607144832611,0.39993512630462646,0.4872085750102997,-0.05813705548644066,0.4630626142024994,0.5646547675132751,-0.10357720404863358,0.4767959415912628,0.6476330757141113,-0.1058543398976326,0.4824630618095398,0.7053841352462769,-0.09706152230501175,0.3674807548522949,0.5348023772239685,-0.07835176587104797,0.4240744709968567,0.6079975366592407,-0.1085345670580864,0.4482533633708954,0.6660576462745667,-0.10903819650411606,0.4638522267341614,0.7059814929962158,-0.1018643006682396,0.0,0.0,0.0,0.0,0.0,0.0,0.0,0.0,0.0,0.0,0.0,0.0,0.0,0.0,0.0,0.0,0.0,0.0,0.0,0.0,0.0,0.0,0.0,0.0,0.0,0.0,0.0,0.0,0.0,0.0,0.0,0.0,0.0,0.0,0.0,0.0,0.0,0.0,0.0,0.0,0.0,0.0,0.0,0.0,0.0,0.0,0.0,0.0,0.0,0.0,0.0,0.0,0.0,0.0,0.0,0.0,0.0,0.0,0.0,0.0,0.0,0.0,0.0,he
0.3372780680656433,0.7034662961959839,3.6407286074791045e-07,0.42241722345352173,0.6871023774147034,-0.010785008780658245,0.48374444246292114,0.6680872440338135,-0.033932484686374664,0.5223269462585449,0.6701744198799133,-0.06243089959025383,0.5380989909172058,0.6881918907165527,-0.09184885770082474,0.4769393503665924,0.4826418459415436,-0.022735320031642914,0.5213704109191895,0.48857060074806213,-0.05680771917104721,0.5567910075187683,0.48197031021118164,-0.08355004340410233,0.5936919450759888,0.47643473744392395,-0.10212450474500656,0.43524065613746643,0.4689973294734955,-0.03934228792786598,0.4904380738735199,0.5468648672103882,-0.08780770003795624,0.5042378902435303,0.6392555236816406,-0.10758649557828903,0.5063945055007935,0.7101669907569885,-0.11184895783662796,0.3939844071865082,0.4940721094608307,-0.05725840851664543,0.45249563455581665,0.5791647434234619,-0.1019761711359024,0.4664075970649719,0.6669130921363831,-0.10451355576515198,0.4709973633289337,0.7300246357917786,-0.09464572370052338,0.35917961597442627,0.5411590337753296,-0.07658302783966064,0.4121045470237732,0.6140719056129456,-0.1044410690665245,0.4336400330066681,0.6741518378257751,-0.10300061851739883,0.4459911286830902,0.7168104648590088,-0.09388718008995056,0.0,0.0,0.0,0.0,0.0,0.0,0.0,0.0,0.0,0.0,0.0,0.0,0.0,0.0,0.0,0.0,0.0,0.0,0.0,0.0,0.0,0.0,0.0,0.0,0.0,0.0,0.0,0.0,0.0,0.0,0.0,0.0,0.0,0.0,0.0,0.0,0.0,0.0,0.0,0.0,0.0,0.0,0.0,0.0,0.0,0.0,0.0,0.0,0.0,0.0,0.0,0.0,0.0,0.0,0.0,0.0,0.0,0.0,0.0,0.0,0.0,0.0,0.0,he
0.33749380707740784,0.6991552114486694,3.6726709140566527e-07,0.4185687303543091,0.6857575178146362,-0.011175118386745453,0.4802217483520508,0.6667162179946899,-0.033413272351026535,0.5209696292877197,0.6690123081207275,-0.06028054282069206,0.5364629030227661,0.6859342455863953,-0.08793898671865463,0.4758884012699127,0.48396843671798706,-0.023658733814954758,0.5208456516265869,0.48709142208099365,-0.0564899705350399,0.5552050471305847,0.4811795651912689,-0.08207755535840988,0.5907568335533142,0.477609246969223,-0.09997112303972244,0.43625593185424805,0.46974772214889526,-0.03912599757313728,0.49051302671432495,0.5462750196456909,-0.08592991530895233,0.5045857429504395,0.6373999118804932,-0.10448233038187027,0.5073454976081848,0.7078903913497925,-0.10837245732545853,0.3961874544620514,0.49433910846710205,-0.05590548366308212,0.45329761505126953,0.5792859792709351,-0.09923236072063446,0.4664243459701538,0.6658469438552856,-0.10123586654663086,0.4702586233615875,0.7284232974052429,-0.09165839105844498,0.36168980598449707,0.5410478711128235,-0.07409229129552841,0.41223302483558655,0.6167009472846985,-0.10207368433475494,0.4327884614467621,0.6758638620376587,-0.10139981657266617,0.4449467062950134,0.7177785634994507,-0.0929991751909256,0.0,0.0,0.0,0.0,0.0,0.0,0.0,0.0,0.0,0.0,0.0,0.0,0.0,0.0,0.0,0.0,0.0,0.0,0.0,0.0,0.0,0.0,0.0,0.0,0.0,0.0,0.0,0.0,0.0,0.0,0.0,0.0,0.0,0.0,0.0,0.0,0.0,0.0,0.0,0.0,0.0,0.0,0.0,0.0,0.0,0.0,0.0,0.0,0.0,0.0,0.0,0.0,0.0,0.0,0.0,0.0,0.0,0.0,0.0,0.0,0.0,0.0,0.0,he
0.34353911876678467,0.6946381330490112,4.5463951892088517e-07,0.4273609519004822,0.6824462413787842,-0.015957940369844437,0.4878256320953369,0.6637601852416992,-0.04089227691292763,0.5228999853134155,0.6746799945831299,-0.06989344954490662,0.5334116816520691,0.7010140419006348,-0.09982085227966309,0.47898948192596436,0.4758301079273224,-0.02781597711145878,0.5161089301109314,0.4905039072036743,-0.06460103392601013,0.5489618182182312,0.49177005887031555,-0.09309705346822739,0.5870422124862671,0.4940939247608185,-0.11254753172397614,0.4363820254802704,0.46145546436309814,-0.04126717895269394,0.4860619902610779,0.5484049320220947,-0.09062959253787994,0.5004427433013916,0.6429938077926636,-0.11066485941410065,0.5074276328086853,0.7135310173034668,-0.11529502272605896,0.39416149258613586,0.4861859977245331,-0.056638456881046295,0.44757309556007385,0.584888219833374,-0.10385725647211075,0.4623192548751831,0.6747940182685852,-0.10855794697999954,0.4689640998840332,0.7377180457115173,-0.09966284036636353,0.3575689196586609,0.5323618054389954,-0.0736672431230545,0.40579670667648315,0.6199055314064026,-0.10519646853208542,0.4294915795326233,0.6845396161079407,-0.10699116438627243,0.4453643560409546,0.7284952402114868,-0.0995071530342102,0.0,0.0,0.0,0.0,0.0,0.0,0.0,0.0,0.0,0.0,0.0,0.0,0.0,0.0,0.0,0.0,0.0,0.0,0.0,0.0,0.0,0.0,0.0,0.0,0.0,0.0,0.0,0.0,0.0,0.0,0.0,0.0,0.0,0.0,0.0,0.0,0.0,0.0,0.0,0.0,0.0,0.0,0.0,0.0,0.0,0.0,0.0,0.0,0.0,0.0,0.0,0.0,0.0,0.0,0.0,0.0,0.0,0.0,0.0,0.0,0.0,0.0,0.0,he
0.34695589542388916,0.6750870943069458,4.0078285223899e-07,0.42431876063346863,0.6598355770111084,-0.012074167840182781,0.4830781817436218,0.6405075192451477,-0.033777881413698196,0.5228757262229919,0.6628747582435608,-0.059796035289764404,0.5448395609855652,0.6991440057754517,-0.08697196841239929,0.48227745294570923,0.46586060523986816,-0.025506921112537384,0.5195653438568115,0.48644885420799255,-0.05877120792865753,0.549476146697998,0.4893040657043457,-0.08419755846261978,0.5856367945671082,0.49220722913742065,-0.10174130648374557,0.4402633607387543,0.4535618722438812,-0.03934190049767494,0.487697571516037,0.5484512448310852,-0.08428751677274704,0.501803457736969,0.641512393951416,-0.10123860836029053,0.5102823972702026,0.7116599082946777,-0.10399538278579712,0.39830294251441956,0.4799782931804657,-0.05448039621114731,0.44997918605804443,0.5867465734481812,-0.09621186554431915,0.46504998207092285,0.6723902225494385,-0.0984240248799324,0.4733681380748749,0.7328507304191589,-0.08852944523096085,0.36231765151023865,0.5272270441055298,-0.07125941663980484,0.4080686569213867,0.6213881969451904,-0.09895902872085571,0.4324331283569336,0.6826921701431274,-0.09940651804208755,0.45044973492622375,0.7238223552703857,-0.09099757671356201,0.0,0.0,0.0,0.0,0.0,0.0,0.0,0.0,0.0,0.0,0.0,0.0,0.0,0.0,0.0,0.0,0.0,0.0,0.0,0.0,0.0,0.0,0.0,0.0,0.0,0.0,0.0,0.0,0.0,0.0,0.0,0.0,0.0,0.0,0.0,0.0,0.0,0.0,0.0,0.0,0.0,0.0,0.0,0.0,0.0,0.0,0.0,0.0,0.0,0.0,0.0,0.0,0.0,0.0,0.0,0.0,0.0,0.0,0.0,0.0,0.0,0.0,0.0,he
0.35193586349487305,0.6662309765815735,3.659728804450424e-07,0.4305932819843292,0.6535176038742065,-0.012046394869685173,0.48882341384887695,0.6310098171234131,-0.03200620412826538,0.523983895778656,0.6434774398803711,-0.055487751960754395,0.5348383784294128,0.6676405072212219,-0.08009351789951324,0.483862966299057,0.4605957865715027,-0.024253372102975845,0.5113322734832764,0.4805322289466858,-0.05685713142156601,0.5388362407684326,0.48406046628952026,-0.08207295835018158,0.5730305910110474,0.48988696932792664,-0.09934426844120026,0.4411565661430359,0.4478025436401367,-0.036877457052469254,0.4821593761444092,0.5382279753684998,-0.0807163268327713,0.496651291847229,0.6313560009002686,-0.09789383411407471,0.5053419470787048,0.7025991678237915,-0.10131128132343292,0.39841708540916443,0.47277939319610596,-0.05086956545710564,0.444229394197464,0.5741530060768127,-0.0923280194401741,0.4604739546775818,0.6584100723266602,-0.09556398540735245,0.4700312614440918,0.7185450196266174,-0.08705642819404602,0.3617246448993683,0.5187788605690002,-0.06619992852210999,0.4022456407546997,0.6062899231910706,-0.09412126243114471,0.42582929134368896,0.6666585803031921,-0.09529245644807816,0.44326475262641907,0.7074012756347656,-0.08802919089794159,0.0,0.0,0.0,0.0,0.0,0.0,0.0,0.0,0.0,0.0,0.0,0.0,0.0,0.0,0.0,0.0,0.0,0.0,0.0,0.0,0.0,0.0,0.0,0.0,0.0,0.0,0.0,0.0,0.0,0.0,0.0,0.0,0.0,0.0,0.0,0.0,0.0,0.0,0.0,0.0,0.0,0.0,0.0,0.0,0.0,0.0,0.0,0.0,0.0,0.0,0.0,0.0,0.0,0.0,0.0,0.0,0.0,0.0,0.0,0.0,0.0,0.0,0.0,he
0.3566592335700989,0.6586376428604126,3.457847981280793e-07,0.43270185589790344,0.6450294256210327,-0.008562302216887474,0.4911620616912842,0.6238588094711304,-0.026732873171567917,0.5259852409362793,0.6364292502403259,-0.048892609775066376,0.534636914730072,0.6590853333473206,-0.07254475355148315,0.48353666067123413,0.45772406458854675,-0.022496579214930534,0.5091615319252014,0.4784555733203888,-0.053684648126363754,0.5358798503875732,0.48116397857666016,-0.07771838456392288,0.5693487524986267,0.4855470657348633,-0.09425577521324158,0.4420351982116699,0.44408923387527466,-0.03628414124250412,0.47980326414108276,0.532558798789978,-0.07801573723554611,0.49459370970726013,0.6251004934310913,-0.0943993404507637,0.5034141540527344,0.6937921643257141,-0.09766406565904617,0.40033018589019775,0.4678168296813965,-0.05098234489560127,0.44291532039642334,0.5680044293403625,-0.09104487299919128,0.4592585563659668,0.650882363319397,-0.09451945871114731,0.4678909182548523,0.708962619304657,-0.0865466296672821,0.3634982705116272,0.5130945444107056,-0.06670492887496948,0.4026144742965698,0.6023404002189636,-0.09434962272644043,0.4266505241394043,0.6638230085372925,-0.09596297144889832,0.4433104991912842,0.7048749327659607,-0.08918993920087814,0.0,0.0,0.0,0.0,0.0,0.0,0.0,0.0,0.0,0.0,0.0,0.0,0.0,0.0,0.0,0.0,0.0,0.0,0.0,0.0,0.0,0.0,0.0,0.0,0.0,0.0,0.0,0.0,0.0,0.0,0.0,0.0,0.0,0.0,0.0,0.0,0.0,0.0,0.0,0.0,0.0,0.0,0.0,0.0,0.0,0.0,0.0,0.0,0.0,0.0,0.0,0.0,0.0,0.0,0.0,0.0,0.0,0.0,0.0,0.0,0.0,0.0,0.0,he
0.35899388790130615,0.6546866297721863,3.8195233287297015e-07,0.43567919731140137,0.639702320098877,-0.010072431527078152,0.49340635538101196,0.6168727874755859,-0.029025258496403694,0.5258599519729614,0.631837785243988,-0.05151741951704025,0.5358774662017822,0.6583162546157837,-0.07572619616985321,0.48227906227111816,0.45571762323379517,-0.024419035762548447,0.5089854598045349,0.4778042435646057,-0.05606025829911232,0.5362331867218018,0.480412095785141,-0.08069883286952972,0.5698119401931763,0.4847244620323181,-0.09777366369962692,0.4401985704898834,0.44373619556427,-0.03778763487935066,0.47895780205726624,0.5331846475601196,-0.08030346781015396,0.4952751100063324,0.625142514705658,-0.09730774164199829,0.5057525634765625,0.6937368512153625,-0.10107651352882385,0.3987293243408203,0.46890193223953247,-0.05211305245757103,0.4423093795776367,0.5699238181114197,-0.09208500385284424,0.4591540992259979,0.6516123414039612,-0.09547130763530731,0.46831849217414856,0.7079285979270935,-0.08775604516267776,0.3625466525554657,0.5150172114372253,-0.06761162728071213,0.40171143412590027,0.6027496457099915,-0.09470046311616898,0.4258584976196289,0.6634038686752319,-0.09548504650592804,0.44274044036865234,0.7033248543739319,-0.08838489651679993,0.0,0.0,0.0,0.0,0.0,0.0,0.0,0.0,0.0,0.0,0.0,0.0,0.0,0.0,0.0,0.0,0.0,0.0,0.0,0.0,0.0,0.0,0.0,0.0,0.0,0.0,0.0,0.0,0.0,0.0,0.0,0.0,0.0,0.0,0.0,0.0,0.0,0.0,0.0,0.0,0.0,0.0,0.0,0.0,0.0,0.0,0.0,0.0,0.0,0.0,0.0,0.0,0.0,0.0,0.0,0.0,0.0,0.0,0.0,0.0,0.0,0.0,0.0,he
0.362912118434906,0.6459558606147766,3.518419475767587e-07,0.4354747235774994,0.6233200430870056,-0.011498765088617802,0.4881933927536011,0.5949491858482361,-0.02976817451417446,0.5188679099082947,0.5930923819541931,-0.05052892863750458,0.5364413261413574,0.5994333028793335,-0.07195492088794708,0.479632705450058,0.4440372586250305,-0.026234762743115425,0.5075047016143799,0.46543601155281067,-0.059136681258678436,0.5349331498146057,0.470192551612854,-0.08389090746641159,0.5677309036254883,0.476563960313797,-0.10006774216890335,0.43933749198913574,0.43424534797668457,-0.037870779633522034,0.4796522557735443,0.5200851559638977,-0.08118919283151627,0.49576616287231445,0.6054294109344482,-0.09743348509073257,0.5062123537063599,0.6702648401260376,-0.1002398356795311,0.3999392092227936,0.45905885100364685,-0.05083678662776947,0.4448583126068115,0.557773768901825,-0.09324230253696442,0.4610942006111145,0.6360503435134888,-0.09698598831892014,0.47041964530944824,0.6911983489990234,-0.0888165533542633,0.3655303418636322,0.5037800073623657,-0.06489100307226181,0.4057711064815521,0.5903427600860596,-0.09587866812944412,0.4289519488811493,0.649695873260498,-0.0985870435833931,0.445613294839859,0.6886422038078308,-0.09181113541126251,0.0,0.0,0.0,0.0,0.0,0.0,0.0,0.0,0.0,0.0,0.0,0.0,0.0,0.0,0.0,0.0,0.0,0.0,0.0,0.0,0.0,0.0,0.0,0.0,0.0,0.0,0.0,0.0,0.0,0.0,0.0,0.0,0.0,0.0,0.0,0.0,0.0,0.0,0.0,0.0,0.0,0.0,0.0,0.0,0.0,0.0,0.0,0.0,0.0,0.0,0.0,0.0,0.0,0.0,0.0,0.0,0.0,0.0,0.0,0.0,0.0,0.0,0.0,he
0.36223119497299194,0.6365178227424622,2.587830181255413e-07,0.4287623465061188,0.6103683710098267,-0.008753694593906403,0.48031315207481384,0.5797330737113953,-0.024256886914372444,0.513033926486969,0.564234733581543,-0.04247676953673363,0.5333271026611328,0.5540676712989807,-0.06103979051113129,0.4736725389957428,0.4370470345020294,-0.023593368008732796,0.49984872341156006,0.45469141006469727,-0.05507626384496689,0.5264677405357361,0.4562108516693115,-0.07789494097232819,0.5576267838478088,0.45878735184669495,-0.09256263077259064,0.43538814783096313,0.42675310373306274,-0.03569181635975838,0.4752974808216095,0.5034334063529968,-0.07684507966041565,0.491872638463974,0.5858074426651001,-0.09105789661407471,0.5028634667396545,0.6487852334976196,-0.09273034334182739,0.39759090542793274,0.45064306259155273,-0.048948731273412704,0.4422140419483185,0.5426957607269287,-0.08971885591745377,0.45853671431541443,0.6178106069564819,-0.09100279957056046,0.4679131507873535,0.6721354722976685,-0.08152787387371063,0.3635339140892029,0.49460673332214355,-0.06315915286540985,0.4042971134185791,0.5741615891456604,-0.09302178025245667,0.42772650718688965,0.6297082901000977,-0.09466751664876938,0.44371190667152405,0.6677064299583435,-0.08732596784830093,0.0,0.0,0.0,0.0,0.0,0.0,0.0,0.0,0.0,0.0,0.0,0.0,0.0,0.0,0.0,0.0,0.0,0.0,0.0,0.0,0.0,0.0,0.0,0.0,0.0,0.0,0.0,0.0,0.0,0.0,0.0,0.0,0.0,0.0,0.0,0.0,0.0,0.0,0.0,0.0,0.0,0.0,0.0,0.0,0.0,0.0,0.0,0.0,0.0,0.0,0.0,0.0,0.0,0.0,0.0,0.0,0.0,0.0,0.0,0.0,0.0,0.0,0.0,he
0.3566780090332031,0.6283831596374512,2.595491253032378e-07,0.41691043972969055,0.6019909381866455,-0.007688563317060471,0.4645204544067383,0.566836953163147,-0.021804921329021454,0.49444055557250977,0.5460646152496338,-0.03834410384297371,0.5179477334022522,0.5347165465354919,-0.054942142218351364,0.45866015553474426,0.4314175248146057,-0.02365032210946083,0.4901358485221863,0.4386388063430786,-0.0546928346157074,0.5215541124343872,0.44041821360588074,-0.07674198597669601,0.5538448095321655,0.4466545581817627,-0.0903911218047142,0.42398858070373535,0.4215030074119568,-0.035635631531476974,0.4679798483848572,0.48891156911849976,-0.07573706656694412,0.4848586916923523,0.5668424367904663,-0.0882517546415329,0.4922036826610565,0.6279941201210022,-0.08879267424345016,0.3895909786224365,0.4464608132839203,-0.048823341727256775,0.4372367858886719,0.5264748930931091,-0.08850369602441788,0.45128920674324036,0.5978391170501709,-0.08821113407611847,0.4571579694747925,0.6492326259613037,-0.07809127867221832,0.35893404483795166,0.4916263818740845,-0.06287500262260437,0.4029354453086853,0.5645990371704102,-0.09246226400136948,0.4246290624141693,0.616584300994873,-0.0932326689362526,0.43793952465057373,0.6523842215538025,-0.0853758379817009,0.0,0.0,0.0,0.0,0.0,0.0,0.0,0.0,0.0,0.0,0.0,0.0,0.0,0.0,0.0,0.0,0.0,0.0,0.0,0.0,0.0,0.0,0.0,0.0,0.0,0.0,0.0,0.0,0.0,0.0,0.0,0.0,0.0,0.0,0.0,0.0,0.0,0.0,0.0,0.0,0.0,0.0,0.0,0.0,0.0,0.0,0.0,0.0,0.0,0.0,0.0,0.0,0.0,0.0,0.0,0.0,0.0,0.0,0.0,0.0,0.0,0.0,0.0,he
0.3409225344657898,0.5164555311203003,6.105232159825391e-07,0.381590336561203,0.477914035320282,-0.013664577156305313,0.42806652188301086,0.4385078251361847,-0.029863066971302032,0.4635011851787567,0.4189428389072418,-0.045903924852609634,0.4931524693965912,0.41867727041244507,-0.0631169006228447,0.4187454879283905,0.360653281211853,-0.0390717051923275,0.47724419832229614,0.3905865252017975,-0.07045020908117294,0.5209630131721497,0.4052482843399048,-0.09372645616531372,0.5522971153259277,0.4210072457790375,-0.10868962854146957,0.3960380554199219,0.38142338395118713,-0.046595003455877304,0.4612845182418823,0.42624130845069885,-0.0742868036031723,0.49449652433395386,0.4538823366165161,-0.0862928256392479,0.5165716409683228,0.4722570478916168,-0.09496931731700897,0.377645343542099,0.42287570238113403,-0.05498264357447624,0.4436287581920624,0.467957466840744,-0.08078122138977051,0.4651353359222412,0.4914132058620453,-0.07975081354379654,0.47740790247917175,0.5024917125701904,-0.07739804685115814,0.3641219139099121,0.47334951162338257,-0.06472870707511902,0.4253239333629608,0.5056756734848022,-0.08151771873235703,0.44114038348197937,0.5222297310829163,-0.07794003188610077,0.4474192261695862,0.5283073782920837,-0.07385174930095673,0.0,0.0,0.0,0.0,0.0,0.0,0.0,0.0,0.0,0.0,0.0,0.0,0.0,0.0,0.0,0.0,0.0,0.0,0.0,0.0,0.0,0.0,0.0,0.0,0.0,0.0,0.0,0.0,0.0,0.0,0.0,0.0,0.0,0.0,0.0,0.0,0.0,0.0,0.0,0.0,0.0,0.0,0.0,0.0,0.0,0.0,0.0,0.0,0.0,0.0,0.0,0.0,0.0,0.0,0.0,0.0,0.0,0.0,0.0,0.0,0.0,0.0,0.0,he
0.31921058893203735,0.4576379060745239,6.730616632921738e-07,0.34083110094070435,0.3959583640098572,-0.00838437583297491,0.37959668040275574,0.3431210219860077,-0.02378220669925213,0.4238671660423279,0.32379940152168274,-0.038087550550699234,0.45987406373023987,0.325509637594223,-0.052434373646974564,0.37338727712631226,0.30623018741607666,-0.04324383661150932,0.4478798806667328,0.30283284187316895,-0.0675463154911995,0.4893054962158203,0.31373685598373413,-0.08155196905136108,0.5174833536148071,0.32735398411750793,-0.0887845978140831,0.37317943572998047,0.33646735548973083,-0.049534693360328674,0.4520352780818939,0.3311150074005127,-0.06931813806295395,0.49310067296028137,0.3426651656627655,-0.07484351098537445,0.5195817947387695,0.3586217164993286,-0.07811681926250458,0.37866538763046265,0.3761073052883148,-0.05502994731068611,0.45418214797973633,0.3699488639831543,-0.07078980654478073,0.48779454827308655,0.3773960471153259,-0.07006402313709259,0.5081313848495483,0.3868785500526428,-0.06822768598794937,0.3880588114261627,0.4181925058364868,-0.06080044060945511,0.44608235359191895,0.40710416436195374,-0.06943570822477341,0.4719221591949463,0.4038952887058258,-0.0660906657576561,0.4884316325187683,0.40386348962783813,-0.06237955018877983,0.0,0.0,0.0,0.0,0.0,0.0,0.0,0.0,0.0,0.0,0.0,0.0,0.0,0.0,0.0,0.0,0.0,0.0,0.0,0.0,0.0,0.0,0.0,0.0,0.0,0.0,0.0,0.0,0.0,0.0,0.0,0.0,0.0,0.0,0.0,0.0,0.0,0.0,0.0,0.0,0.0,0.0,0.0,0.0,0.0,0.0,0.0,0.0,0.0,0.0,0.0,0.0,0.0,0.0,0.0,0.0,0.0,0.0,0.0,0.0,0.0,0.0,0.0,he
0.29518115520477295,0.45244258642196655,5.346262241801014e-07,0.33962303400039673,0.42782580852508545,0.018357090651988983,0.3785746991634369,0.3915591239929199,0.021060597151517868,0.4185182452201843,0.3775976896286011,0.01779252476990223,0.44623440504074097,0.37095868587493896,0.01393963024020195,0.34285762906074524,0.2908560633659363,0.012637786567211151,0.41143378615379333,0.2565295696258545,0.005243413150310516,0.4554385542869568,0.24940736591815948,-0.0028087818063795567,0.489389568567276,0.24851304292678833,-0.009178011678159237,0.3467213809490204,0.29722148180007935,-0.0054437750950455666,0.42177069187164307,0.25362616777420044,-0.013239901512861252,0.46970853209495544,0.2486477792263031,-0.021193528547883034,0.504399836063385,0.2517431974411011,-0.02686205320060253,0.3574785590171814,0.32104596495628357,-0.02255568839609623,0.4246465265750885,0.274167537689209,-0.029340464621782303,0.4705677628517151,0.26915082335472107,-0.032494883984327316,0.5021194815635681,0.26914528012275696,-0.03473540395498276,0.3745073974132538,0.358681321144104,-0.03859103098511696,0.4289330244064331,0.32067570090293884,-0.042309265583753586,0.46293842792510986,0.3098328113555908,-0.040857549756765366,0.488045871257782,0.30368971824645996,-0.03996249660849571,0.0,0.0,0.0,0.0,0.0,0.0,0.0,0.0,0.0,0.0,0.0,0.0,0.0,0.0,0.0,0.0,0.0,0.0,0.0,0.0,0.0,0.0,0.0,0.0,0.0,0.0,0.0,0.0,0.0,0.0,0.0,0.0,0.0,0.0,0.0,0.0,0.0,0.0,0.0,0.0,0.0,0.0,0.0,0.0,0.0,0.0,0.0,0.0,0.0,0.0,0.0,0.0,0.0,0.0,0.0,0.0,0.0,0.0,0.0,0.0,0.0,0.0,0.0,he
0.2909606695175171,0.4670342803001404,3.596106239456276e-07,0.3438289165496826,0.44230833649635315,0.019191907718777657,0.37866419553756714,0.40284672379493713,0.02244730293750763,0.4105599820613861,0.3866347074508667,0.0191763024777174,0.4385692775249481,0.38076603412628174,0.015577251091599464,0.3395843207836151,0.2988726496696472,0.01668405719101429,0.40539270639419556,0.26921552419662476,0.009126801043748856,0.4468708038330078,0.2594355642795563,-0.00018847433966584504,0.4784797132015228,0.25467678904533386,-0.007832515984773636,0.3402828574180603,0.303677499294281,-0.0023359227925539017,0.41081199049949646,0.2630313038825989,-0.008338687941432,0.4558318555355072,0.2529117465019226,-0.016230499371886253,0.49039700627326965,0.24897357821464539,-0.02307329885661602,0.3497709035873413,0.32394638657569885,-0.02093217708170414,0.41595447063446045,0.28117236495018005,-0.026850169524550438,0.4594951570034027,0.269384503364563,-0.030784884467720985,0.4910244941711426,0.26106396317481995,-0.03477562218904495,0.3671616017818451,0.3548260033130646,-0.03860974311828613,0.41936951875686646,0.31952112913131714,-0.04254932701587677,0.45024746656417847,0.30390408635139465,-0.042139410972595215,0.47509288787841797,0.29189085960388184,-0.04268836975097656,0.0,0.0,0.0,0.0,0.0,0.0,0.0,0.0,0.0,0.0,0.0,0.0,0.0,0.0,0.0,0.0,0.0,0.0,0.0,0.0,0.0,0.0,0.0,0.0,0.0,0.0,0.0,0.0,0.0,0.0,0.0,0.0,0.0,0.0,0.0,0.0,0.0,0.0,0.0,0.0,0.0,0.0,0.0,0.0,0.0,0.0,0.0,0.0,0.0,0.0,0.0,0.0,0.0,0.0,0.0,0.0,0.0,0.0,0.0,0.0,0.0,0.0,0.0,he
0.2869713604450226,0.4700729250907898,3.834041990558035e-07,0.34380531311035156,0.44575995206832886,0.019514363259077072,0.3780900835990906,0.4057559669017792,0.023710697889328003,0.4097408652305603,0.3891279995441437,0.02136337198317051,0.43854251503944397,0.3815058469772339,0.018688680604100227,0.33884307742118835,0.3010077476501465,0.020171180367469788,0.40315988659858704,0.2688073217868805,0.013476853258907795,0.445496529340744,0.257987380027771,0.003902325639501214,0.47846201062202454,0.25298207998275757,-0.004024954978376627,0.33808577060699463,0.3043574094772339,0.0017141158459708095,0.4093886613845825,0.2635124623775482,-0.0038237744010984898,0.4552516043186188,0.25486505031585693,-0.012520073913037777,0.49140554666519165,0.2525491416454315,-0.01974298804998398,0.347108393907547,0.32465019822120667,-0.016381219029426575,0.4139345586299896,0.27974727749824524,-0.022390441969037056,0.45922431349754333,0.2701512575149536,-0.02681093104183674,0.4921529293060303,0.2643362283706665,-0.03074309602379799,0.36487144231796265,0.35623612999916077,-0.03346959501504898,0.4180387854576111,0.31633150577545166,-0.037927478551864624,0.45054012537002563,0.3022592067718506,-0.03753078728914261,0.4766736626625061,0.2922894060611725,-0.03771643713116646,0.0,0.0,0.0,0.0,0.0,0.0,0.0,0.0,0.0,0.0,0.0,0.0,0.0,0.0,0.0,0.0,0.0,0.0,0.0,0.0,0.0,0.0,0.0,0.0,0.0,0.0,0.0,0.0,0.0,0.0,0.0,0.0,0.0,0.0,0.0,0.0,0.0,0.0,0.0,0.0,0.0,0.0,0.0,0.0,0.0,0.0,0.0,0.0,0.0,0.0,0.0,0.0,0.0,0.0,0.0,0.0,0.0,0.0,0.0,0.0,0.0,0.0,0.0,he
0.29560619592666626,0.48130515217781067,1.8015207103871944e-07,0.3485274910926819,0.45336928963661194,0.031024498865008354,0.3827105164527893,0.4123561978340149,0.042161665856838226,0.41710415482521057,0.39232003688812256,0.04330442100763321,0.44504815340042114,0.3769206404685974,0.04343128576874733,0.33830326795578003,0.3057995140552521,0.046103958040475845,0.4016421139240265,0.28252333402633667,0.048573244363069534,0.4397392272949219,0.28031864762306213,0.043145909905433655,0.46748700737953186,0.28288453817367554,0.037502583116292953,0.33939874172210693,0.306460440158844,0.022792700678110123,0.416535884141922,0.28869569301605225,0.02075374312698841,0.45662373304367065,0.3079674243927002,0.009772035293281078,0.4831673204898834,0.3332105278968811,0.0022014183923602104,0.3479980230331421,0.32308706641197205,0.0004429917607922107,0.4173143804073334,0.3009796440601349,-0.0004987867432646453,0.4589729905128479,0.31844329833984375,-0.005931631196290255,0.4869678318500519,0.3370014727115631,-0.009927934966981411,0.3632808327674866,0.3492274284362793,-0.02024511992931366,0.4141848385334015,0.3145986497402191,-0.0182578656822443,0.44512802362442017,0.310727596282959,-0.016038335859775543,0.469743549823761,0.313179612159729,-0.015127305872738361,0.0,0.0,0.0,0.0,0.0,0.0,0.0,0.0,0.0,0.0,0.0,0.0,0.0,0.0,0.0,0.0,0.0,0.0,0.0,0.0,0.0,0.0,0.0,0.0,0.0,0.0,0.0,0.0,0.0,0.0,0.0,0.0,0.0,0.0,0.0,0.0,0.0,0.0,0.0,0.0,0.0,0.0,0.0,0.0,0.0,0.0,0.0,0.0,0.0,0.0,0.0,0.0,0.0,0.0,0.0,0.0,0.0,0.0,0.0,0.0,0.0,0.0,0.0,he
0.30041396617889404,0.48255133628845215,1.6978968631065072e-07,0.35343289375305176,0.4506620466709137,0.013713031075894833,0.38336265087127686,0.40663108229637146,0.01477819960564375,0.4139309525489807,0.37986916303634644,0.009281503967940807,0.4409254491329193,0.36279183626174927,0.0050529781728982925,0.3296770751476288,0.30530378222465515,0.020941566675901413,0.39738959074020386,0.2980942726135254,0.012921051122248173,0.4335125684738159,0.3182714879512787,0.002564219757914543,0.4540652632713318,0.34352198243141174,-0.004103373736143112,0.3313979506492615,0.3058673143386841,0.006885751616209745,0.408352792263031,0.2952192425727844,0.0004777128924615681,0.4405168890953064,0.3230201005935669,-0.007325529586523771,0.45613518357276917,0.35159268975257874,-0.012221149168908596,0.3427864909172058,0.3230600357055664,-0.007376567460596561,0.41506239771842957,0.3092959523200989,-0.012610110454261303,0.445066899061203,0.3387868404388428,-0.014189873822033405,0.4578864276409149,0.3686845600605011,-0.014100433327257633,0.3613955080509186,0.3501565158367157,-0.021275674924254417,0.41883817315101624,0.3356401324272156,-0.021140439435839653,0.44512179493904114,0.3496285378932953,-0.01685630902647972,0.4596844017505646,0.3683394193649292,-0.013093693181872368,0.0,0.0,0.0,0.0,0.0,0.0,0.0,0.0,0.0,0.0,0.0,0.0,0.0,0.0,0.0,0.0,0.0,0.0,0.0,0.0,0.0,0.0,0.0,0.0,0.0,0.0,0.0,0.0,0.0,0.0,0.0,0.0,0.0,0.0,0.0,0.0,0.0,0.0,0.0,0.0,0.0,0.0,0.0,0.0,0.0,0.0,0.0,0.0,0.0,0.0,0.0,0.0,0.0,0.0,0.0,0.0,0.0,0.0,0.0,0.0,0.0,0.0,0.0,he
0.2999083399772644,0.48637914657592773,1.0180721687902405e-07,0.35135361552238464,0.45388081669807434,0.016482984647154808,0.38084954023361206,0.40845566987991333,0.020519794896245003,0.41081687808036804,0.3815273642539978,0.017623884603381157,0.43477991223335266,0.3667799234390259,0.016001911833882332,0.3250489830970764,0.3094940781593323,0.027209637686610222,0.394023060798645,0.30254635214805603,0.02211250551044941,0.4284643232822418,0.32851842045783997,0.013697194866836071,0.4475563168525696,0.35549047589302063,0.008072334341704845,0.32638299465179443,0.30983802676200867,0.012499513104557991,0.40504997968673706,0.29965463280677795,0.007121379487216473,0.4359666109085083,0.3347461521625519,-0.0006558941095136106,0.44929391145706177,0.36832162737846375,-0.004793217871338129,0.3383851945400238,0.32674598693847656,-0.0022599585354328156,0.4107685387134552,0.3109138011932373,-0.007337474729865789,0.4427792727947235,0.3422533869743347,-0.010099360719323158,0.45629507303237915,0.37267816066741943,-0.010141458362340927,0.35745173692703247,0.35337597131729126,-0.016217736527323723,0.4157305955886841,0.3362027704715729,-0.01662731170654297,0.44268131256103516,0.35249266028404236,-0.013298552483320236,0.45731040835380554,0.37316447496414185,-0.009841964580118656,0.0,0.0,0.0,0.0,0.0,0.0,0.0,0.0,0.0,0.0,0.0,0.0,0.0,0.0,0.0,0.0,0.0,0.0,0.0,0.0,0.0,0.0,0.0,0.0,0.0,0.0,0.0,0.0,0.0,0.0,0.0,0.0,0.0,0.0,0.0,0.0,0.0,0.0,0.0,0.0,0.0,0.0,0.0,0.0,0.0,0.0,0.0,0.0,0.0,0.0,0.0,0.0,0.0,0.0,0.0,0.0,0.0,0.0,0.0,0.0,0.0,0.0,0.0,he
0.30000051856040955,0.4864387810230255,8.984017796365151e-08,0.35208001732826233,0.454152375459671,0.017417827621102333,0.3812863826751709,0.40897586941719055,0.02206522412598133,0.4116056561470032,0.38203373551368713,0.020061811432242393,0.43558603525161743,0.3658590614795685,0.019224347546696663,0.3243519067764282,0.3085348606109619,0.02759832888841629,0.3936361074447632,0.30364614725112915,0.023669598624110222,0.42803746461868286,0.32995375990867615,0.01587507128715515,0.447486937046051,0.35746869444847107,0.010468054562807083,0.325467586517334,0.30839285254478455,0.012830940075218678,0.4046711325645447,0.29892292618751526,0.008400456979870796,0.43565139174461365,0.3335666060447693,0.0010213085915893316,0.4500502645969391,0.36879345774650574,-0.002735160756856203,0.3373100161552429,0.3251701891422272,-0.0017010231968015432,0.4101831018924713,0.30978113412857056,-0.00594457658007741,0.4421989917755127,0.340956449508667,-0.008441050536930561,0.4565778374671936,0.3717811405658722,-0.008340147323906422,0.3565274775028229,0.3527686595916748,-0.015285453759133816,0.41575518250465393,0.3364222049713135,-0.01581672579050064,0.4435795843601227,0.35249659419059753,-0.01260294858366251,0.4590532183647156,0.37250882387161255,-0.009010706096887589,0.0,0.0,0.0,0.0,0.0,0.0,0.0,0.0,0.0,0.0,0.0,0.0,0.0,0.0,0.0,0.0,0.0,0.0,0.0,0.0,0.0,0.0,0.0,0.0,0.0,0.0,0.0,0.0,0.0,0.0,0.0,0.0,0.0,0.0,0.0,0.0,0.0,0.0,0.0,0.0,0.0,0.0,0.0,0.0,0.0,0.0,0.0,0.0,0.0,0.0,0.0,0.0,0.0,0.0,0.0,0.0,0.0,0.0,0.0,0.0,0.0,0.0,0.0,he
0.29484063386917114,0.49941176176071167,2.1004349548547907e-07,0.35418999195098877,0.4640641510486603,0.010480538941919804,0.38432276248931885,0.41735169291496277,0.01057896763086319,0.41287997364997864,0.390175461769104,0.0045242393389344215,0.438682496547699,0.3732161521911621,6.210793799255043e-05,0.3207222521305084,0.31746742129325867,0.01925487071275711,0.3945726752281189,0.3099639415740967,0.0068600596860051155,0.43410998582839966,0.33021920919418335,-0.006417528726160526,0.4610498249530792,0.3529021143913269,-0.015408420003950596,0.3175522983074188,0.31864994764328003,0.004359879530966282,0.4016498029232025,0.3034817576408386,-0.010920054279267788,0.4385940432548523,0.3387621343135834,-0.02151344157755375,0.45962393283843994,0.3718906342983246,-0.025980908423662186,0.3272218704223633,0.3342403173446655,-0.011430459097027779,0.40644827485084534,0.3138604760169983,-0.026287497952580452,0.4427759051322937,0.34597811102867126,-0.030159596353769302,0.46116477251052856,0.3760054409503937,-0.028932547196745872,0.3463597595691681,0.35872408747673035,-0.02695939503610134,0.411281555891037,0.34251266717910767,-0.03543959558010101,0.4394550025463104,0.3625545799732208,-0.033984988927841187,0.4556676745414734,0.3836427927017212,-0.030479678884148598,0.0,0.0,0.0,0.0,0.0,0.0,0.0,0.0,0.0,0.0,0.0,0.0,0.0,0.0,0.0,0.0,0.0,0.0,0.0,0.0,0.0,0.0,0.0,0.0,0.0,0.0,0.0,0.0,0.0,0.0,0.0,0.0,0.0,0.0,0.0,0.0,0.0,0.0,0.0,0.0,0.0,0.0,0.0,0.0,0.0,0.0,0.0,0.0,0.0,0.0,0.0,0.0,0.0,0.0,0.0,0.0,0.0,0.0,0.0,0.0,0.0,0.0,0.0,he
0.29498735070228577,0.5080846548080444,2.3780725655342394e-07,0.3579094111919403,0.469188928604126,0.011402949690818787,0.38797441124916077,0.4237726330757141,0.010730903595685959,0.41634029150009155,0.39651718735694885,0.0036794652696698904,0.4406411945819855,0.37627285718917847,-0.002152638742700219,0.3225879669189453,0.32162150740623474,0.016844574362039566,0.3956977128982544,0.3101951479911804,0.0018142496701329947,0.4386059045791626,0.3270319700241089,-0.013636650517582893,0.4688229560852051,0.3479103446006775,-0.023721693083643913,0.3174811005592346,0.3250548839569092,0.0010193013586103916,0.4036652147769928,0.3037070035934448,-0.017588801681995392,0.44432687759399414,0.33886587619781494,-0.030916279181838036,0.46731695532798767,0.3729860186576843,-0.036575932055711746,0.32590416073799133,0.3418155610561371,-0.015345348045229912,0.4063674807548523,0.31482189893722534,-0.032905399799346924,0.4454357922077179,0.3482675850391388,-0.03874916955828667,0.46479669213294983,0.38065481185913086,-0.03795025497674942,0.34448814392089844,0.3661884069442749,-0.03113153763115406,0.4093661606311798,0.34522587060928345,-0.0414295494556427,0.4391661286354065,0.36372891068458557,-0.04112183302640915,0.4563257098197937,0.38475051522254944,-0.037801504135131836,0.0,0.0,0.0,0.0,0.0,0.0,0.0,0.0,0.0,0.0,0.0,0.0,0.0,0.0,0.0,0.0,0.0,0.0,0.0,0.0,0.0,0.0,0.0,0.0,0.0,0.0,0.0,0.0,0.0,0.0,0.0,0.0,0.0,0.0,0.0,0.0,0.0,0.0,0.0,0.0,0.0,0.0,0.0,0.0,0.0,0.0,0.0,0.0,0.0,0.0,0.0,0.0,0.0,0.0,0.0,0.0,0.0,0.0,0.0,0.0,0.0,0.0,0.0,he
0.30379244685173035,0.5123493671417236,2.9222101716186444e-07,0.3764374256134033,0.46736785769462585,0.009096398018300533,0.4143141806125641,0.4145739674568176,0.007195760030299425,0.44520649313926697,0.3834820091724396,-0.0009030348155647516,0.46394404768943787,0.360639363527298,-0.00860148947685957,0.3377598822116852,0.3093247413635254,0.012048227712512016,0.4112373888492584,0.2978585958480835,-0.007700581569224596,0.45644164085388184,0.3142167329788208,-0.027123218402266502,0.49309638142585754,0.33433467149734497,-0.04006487876176834,0.32758429646492004,0.31433457136154175,-0.004909559618681669,0.4199008345603943,0.29470473527908325,-0.032463688403367996,0.4633069336414337,0.3338012993335724,-0.052994512021541595,0.4895769953727722,0.3738324046134949,-0.061781059950590134,0.3281462490558624,0.33419549465179443,-0.022064518183469772,0.4098820984363556,0.31247442960739136,-0.046056102961301804,0.45400774478912354,0.3489397466182709,-0.05707770213484764,0.4776570498943329,0.38491344451904297,-0.05813511833548546,0.33807870745658875,0.36378881335258484,-0.03866563364863396,0.400892436504364,0.3434969186782837,-0.05387707054615021,0.43576177954673767,0.36225858330726624,-0.056801725178956985,0.45794740319252014,0.3852912187576294,-0.05481383949518204,0.0,0.0,0.0,0.0,0.0,0.0,0.0,0.0,0.0,0.0,0.0,0.0,0.0,0.0,0.0,0.0,0.0,0.0,0.0,0.0,0.0,0.0,0.0,0.0,0.0,0.0,0.0,0.0,0.0,0.0,0.0,0.0,0.0,0.0,0.0,0.0,0.0,0.0,0.0,0.0,0.0,0.0,0.0,0.0,0.0,0.0,0.0,0.0,0.0,0.0,0.0,0.0,0.0,0.0,0.0,0.0,0.0,0.0,0.0,0.0,0.0,0.0,0.0,he
0.3073839247226715,0.5194354057312012,2.1756871149136714e-07,0.38363614678382874,0.47219616174697876,0.01272959727793932,0.4210802912712097,0.41823452711105347,0.012178314849734306,0.4471142590045929,0.38658803701400757,0.004656277131289244,0.47098201513290405,0.3610054552555084,-0.002871708245947957,0.34974533319473267,0.3088470995426178,0.014710706658661366,0.4229523241519928,0.29751354455947876,-0.0042823972180485725,0.46821314096450806,0.3205775022506714,-0.021651998162269592,0.5016244053840637,0.3440571129322052,-0.0331500880420208,0.33605849742889404,0.31238454580307007,-0.004093630239367485,0.42486169934272766,0.2929600477218628,-0.028323305770754814,0.4697548449039459,0.3344705402851105,-0.044337861239910126,0.4955766797065735,0.37272483110427856,-0.05103445425629616,0.3334059417247772,0.3330298364162445,-0.023294886574149132,0.41557297110557556,0.30947837233543396,-0.047977861016988754,0.4587637186050415,0.35057082772254944,-0.054445113986730576,0.48066839575767517,0.3862898647785187,-0.0526474229991436,0.33891090750694275,0.3647781312465668,-0.04152880609035492,0.403082013130188,0.3440457284450531,-0.05974513664841652,0.4377362132072449,0.3652689754962921,-0.060951802879571915,0.45891714096069336,0.3874049782752991,-0.05712570250034332,0.0,0.0,0.0,0.0,0.0,0.0,0.0,0.0,0.0,0.0,0.0,0.0,0.0,0.0,0.0,0.0,0.0,0.0,0.0,0.0,0.0,0.0,0.0,0.0,0.0,0.0,0.0,0.0,0.0,0.0,0.0,0.0,0.0,0.0,0.0,0.0,0.0,0.0,0.0,0.0,0.0,0.0,0.0,0.0,0.0,0.0,0.0,0.0,0.0,0.0,0.0,0.0,0.0,0.0,0.0,0.0,0.0,0.0,0.0,0.0,0.0,0.0,0.0,he
0.30399662256240845,0.5213772058486938,2.1771518277091673e-07,0.38344839215278625,0.47457101941108704,0.011745981872081757,0.4205228090286255,0.4208681285381317,0.00994165986776352,0.4462917745113373,0.3895101547241211,0.000808751443400979,0.470253050327301,0.3644527494907379,-0.008202571421861649,0.34785109758377075,0.30796802043914795,0.013899789191782475,0.4240139424800873,0.2947949767112732,-0.00731479749083519,0.4688073992729187,0.31942787766456604,-0.026033494621515274,0.5009216666221619,0.344891756772995,-0.03777346760034561,0.33405277132987976,0.3120113015174866,-0.004977136850357056,0.42626631259918213,0.2926701307296753,-0.03032252937555313,0.4700636565685272,0.3362846076488495,-0.046368591487407684,0.4948658049106598,0.37601998448371887,-0.05291879177093506,0.33163195848464966,0.3326250910758972,-0.02465398982167244,0.417546808719635,0.31087160110473633,-0.04991600662469864,0.4594798684120178,0.3539591133594513,-0.05594280734658241,0.480183482170105,0.3911076486110687,-0.0536838099360466,0.3379863202571869,0.3642449378967285,-0.043569788336753845,0.4034314751625061,0.3422468304634094,-0.060779325664043427,0.437395304441452,0.365904837846756,-0.060649726539850235,0.45787668228149414,0.39045244455337524,-0.05601291358470917,0.0,0.0,0.0,0.0,0.0,0.0,0.0,0.0,0.0,0.0,0.0,0.0,0.0,0.0,0.0,0.0,0.0,0.0,0.0,0.0,0.0,0.0,0.0,0.0,0.0,0.0,0.0,0.0,0.0,0.0,0.0,0.0,0.0,0.0,0.0,0.0,0.0,0.0,0.0,0.0,0.0,0.0,0.0,0.0,0.0,0.0,0.0,0.0,0.0,0.0,0.0,0.0,0.0,0.0,0.0,0.0,0.0,0.0,0.0,0.0,0.0,0.0,0.0,he
0.31942617893218994,0.5445621013641357,1.7707941424305318e-07,0.3850362002849579,0.5213330388069153,-0.01308224257081747,0.4361807703971863,0.48878443241119385,-0.033697642385959625,0.46757611632347107,0.46835675835609436,-0.05767971649765968,0.48243093490600586,0.45172634720802307,-0.08191817998886108,0.41536617279052734,0.3416365385055542,-0.017218636348843575,0.4622434079647064,0.33227548003196716,-0.05068754032254219,0.49959415197372437,0.33757010102272034,-0.07760351151227951,0.5314762592315674,0.35441693663597107,-0.09435626119375229,0.38822299242019653,0.33520931005477905,-0.02842266671359539,0.45288366079330444,0.33973249793052673,-0.06532350927591324,0.48096171021461487,0.39664748311042786,-0.0834130123257637,0.49274060130119324,0.45234644412994385,-0.08965247124433517,0.3644660711288452,0.35270053148269653,-0.04237900674343109,0.4265817701816559,0.37491852045059204,-0.0787416324019432,0.44848528504371643,0.4393191337585449,-0.08231385797262192,0.4539375305175781,0.4938885569572449,-0.07660658657550812,0.34688520431518555,0.38887980580329895,-0.05783091485500336,0.40005287528038025,0.4165450930595398,-0.08450929075479507,0.42087504267692566,0.4670039415359497,-0.08517970144748688,0.42784836888313293,0.5120229721069336,-0.07931111007928848,0.0,0.0,0.0,0.0,0.0,0.0,0.0,0.0,0.0,0.0,0.0,0.0,0.0,0.0,0.0,0.0,0.0,0.0,0.0,0.0,0.0,0.0,0.0,0.0,0.0,0.0,0.0,0.0,0.0,0.0,0.0,0.0,0.0,0.0,0.0,0.0,0.0,0.0,0.0,0.0,0.0,0.0,0.0,0.0,0.0,0.0,0.0,0.0,0.0,0.0,0.0,0.0,0.0,0.0,0.0,0.0,0.0,0.0,0.0,0.0,0.0,0.0,0.0,he
0.3289928436279297,0.6157196760177612,2.721455061305278e-08,0.39264675974845886,0.5924023985862732,-0.008419863879680634,0.44343990087509155,0.5638523697853088,-0.026162538677453995,0.4782602787017822,0.5510900020599365,-0.04819861799478531,0.5049716830253601,0.5526221394538879,-0.07121008634567261,0.43912363052368164,0.4201652705669403,-0.024469902738928795,0.4707217216491699,0.43217456340789795,-0.05625437945127487,0.49843865633010864,0.4262967109680176,-0.08128026872873306,0.5292172431945801,0.420486181974411,-0.09823495894670486,0.4019337296485901,0.41501936316490173,-0.039968039840459824,0.4490252137184143,0.48825353384017944,-0.08321386575698853,0.4709774851799011,0.5667219161987305,-0.10096323490142822,0.4846932888031006,0.6299487948417664,-0.10505899041891098,0.36612701416015625,0.44386234879493713,-0.05614783242344856,0.41425901651382446,0.5188109874725342,-0.09671305119991302,0.4348812401294708,0.5916230082511902,-0.09927096962928772,0.4489338994026184,0.6480044722557068,-0.09110569208860397,0.3363707363605499,0.4911423325538635,-0.07350847870111465,0.37839096784591675,0.5552316308021545,-0.09960878640413284,0.4006814658641815,0.6064479947090149,-0.0983884409070015,0.4164595901966095,0.6448448300361633,-0.09039940685033798,0.0,0.0,0.0,0.0,0.0,0.0,0.0,0.0,0.0,0.0,0.0,0.0,0.0,0.0,0.0,0.0,0.0,0.0,0.0,0.0,0.0,0.0,0.0,0.0,0.0,0.0,0.0,0.0,0.0,0.0,0.0,0.0,0.0,0.0,0.0,0.0,0.0,0.0,0.0,0.0,0.0,0.0,0.0,0.0,0.0,0.0,0.0,0.0,0.0,0.0,0.0,0.0,0.0,0.0,0.0,0.0,0.0,0.0,0.0,0.0,0.0,0.0,0.0,he
0.3451983332633972,0.672015905380249,2.7569680582928413e-07,0.3934411108493805,0.6523545384407043,-0.013151745311915874,0.43787336349487305,0.6243621706962585,-0.03309237211942673,0.4694119393825531,0.6159576177597046,-0.05549672991037369,0.49902254343032837,0.6180810332298279,-0.07836543023586273,0.43011894822120667,0.48595553636550903,-0.0349377878010273,0.46074187755584717,0.46351155638694763,-0.06830199807882309,0.4851737916469574,0.4394345283508301,-0.09232337027788162,0.5120319128036499,0.42105209827423096,-0.1092241033911705,0.3906480669975281,0.47453412413597107,-0.04833418130874634,0.43266594409942627,0.5110435485839844,-0.09430114179849625,0.4619706869125366,0.5851898193359375,-0.11356332153081894,0.48205164074897766,0.6476002931594849,-0.11954744905233383,0.35484397411346436,0.49668341875076294,-0.06245507672429085,0.4012644290924072,0.5511033535003662,-0.10630377382040024,0.4324560761451721,0.6208301186561584,-0.11135359853506088,0.45382288098335266,0.6744205355644226,-0.10606805235147476,0.32425805926322937,0.5396085977554321,-0.07737173140048981,0.36819031834602356,0.588457465171814,-0.1071319654583931,0.39442178606987,0.6404390931129456,-0.10803656280040741,0.413213849067688,0.6793471574783325,-0.10262420773506165,0.0,0.0,0.0,0.0,0.0,0.0,0.0,0.0,0.0,0.0,0.0,0.0,0.0,0.0,0.0,0.0,0.0,0.0,0.0,0.0,0.0,0.0,0.0,0.0,0.0,0.0,0.0,0.0,0.0,0.0,0.0,0.0,0.0,0.0,0.0,0.0,0.0,0.0,0.0,0.0,0.0,0.0,0.0,0.0,0.0,0.0,0.0,0.0,0.0,0.0,0.0,0.0,0.0,0.0,0.0,0.0,0.0,0.0,0.0,0.0,0.0,0.0,0.0,he
