L1_x0,L1_y0,L1_z0,L1_x1,L1_y1,L1_z1,L1_x2,L1_y2,L1_z2,L1_x3,L1_y3,L1_z3,L1_x4,L1_y4,L1_z4,L1_x5,L1_y5,L1_z5,L1_x6,L1_y6,L1_z6,L1_x7,L1_y7,L1_z7,L1_x8,L1_y8,L1_z8,L1_x9,L1_y9,L1_z9,L1_x10,L1_y10,L1_z10,L1_x11,L1_y11,L1_z11,L1_x12,L1_y12,L1_z12,L1_x13,L1_y13,L1_z13,L1_x14,L1_y14,L1_z14,L1_x15,L1_y15,L1_z15,L1_x16,L1_y16,L1_z16,L1_x17,L1_y17,L1_z17,L1_x18,L1_y18,L1_z18,L1_x19,L1_y19,L1_z19,L1_x20,L1_y20,L1_z20,L2_x0,L2_y0,L2_z0,L2_x1,L2_y1,L2_z1,L2_x2,L2_y2,L2_z2,L2_x3,L2_y3,L2_z3,L2_x4,L2_y4,L2_z4,L2_x5,L2_y5,L2_z5,L2_x6,L2_y6,L2_z6,L2_x7,L2_y7,L2_z7,L2_x8,L2_y8,L2_z8,L2_x9,L2_y9,L2_z9,L2_x10,L2_y10,L2_z10,L2_x11,L2_y11,L2_z11,L2_x12,L2_y12,L2_z12,L2_x13,L2_y13,L2_z13,L2_x14,L2_y14,L2_z14,L2_x15,L2_y15,L2_z15,L2_x16,L2_y16,L2_z16,L2_x17,L2_y17,L2_z17,L2_x18,L2_y18,L2_z18,L2_x19,L2_y19,L2_z19,L2_x20,L2_y20,L2_z20,label
0.5813689231872559,0.8193218111991882,3.9594928580299893e-07,0.6154689788818359,0.7294636368751526,-0.02422117255628109,0.6032032370567322,0.6454148292541504,-0.039814043790102005,0.5498061180114746,0.6182001829147339,-0.04968053475022316,0.5108140110969543,0.6149238348007202,-0.05997646227478981,0.5385781526565552,0.6166754961013794,-0.05635130777955055,0.5126750469207764,0.5046795606613159,-0.07411463558673859,0.496915340423584,0.43678444623947144,-0.08307868242263794,0.4807961583137512,0.38381919264793396,-0.09032651782035828,0.49557116627693176,0.6502059698104858,-0.05132634937763214,0.48524633049964905,0.5746155977249146,-0.06829006224870682,0.5024509429931641,0.5773894786834717,-0.06704208254814148,0.512766420841217,0.5876924991607666,-0.065242700278759,0.4722086489200592,0.6890941858291626,-0.04575847461819649,0.48119139671325684,0.6223878860473633,-0.057384420186281204,0.5065950751304626,0.6330059766769409,-0.04649271443486214,0.5190225839614868,0.6489784121513367,-0.03882838040590286,0.46172118186950684,0.724605917930603,-0.04203854128718376,0.4671209454536438,0.6711827516555786,-0.04950995743274689,0.48663729429244995,0.6772362589836121,-0.04081615060567856,0.49408841133117676,0.6901750564575195,-0.03317922726273537,0.0,0.0,0.0,0.0,0.0,0.0,0.0,0.0,0.0,0.0,0.0,0.0,0.0,0.0,0.0,0.0,0.0,0.0,0.0,0.0,0.0,0.0,0.0,0.0,0.0,0.0,0.0,0.0,0.0,0.0,0.0,0.0,0.0,0.0,0.0,0.0,0.0,0.0,0.0,0.0,0.0,0.0,0.0,0.0,0.0,0.0,0.0,0.0,0.0,0.0,0.0,0.0,0.0,0.0,0.0,0.0,0.0,0.0,0.0,0.0,0.0,0.0,0.0,we
0.5941553115844727,0.8632243871688843,2.7525121026883426e-07,0.6185427904129028,0.7585231065750122,-0.005233448464423418,0.5944016575813293,0.673876166343689,-0.008442486636340618,0.5442911386489868,0.6568260788917542,-0.010216173715889454,0.507128119468689,0.6728813052177429,-0.013053135946393013,0.5330492258071899,0.6398962140083313,-0.01893172599375248,0.4915601313114166,0.5426374673843384,-0.025312775745987892,0.465802401304245,0.48280367255210876,-0.03008434735238552,0.44433778524398804,0.43934160470962524,-0.03494653105735779,0.49005913734436035,0.6766696572303772,-0.018634194508194923,0.48214131593704224,0.6023423671722412,-0.02350921370089054,0.5056430101394653,0.6148757338523865,-0.020740104839205742,0.5223197937011719,0.6422204971313477,-0.018918083980679512,0.4685417115688324,0.7195791602134705,-0.017089413478970528,0.46759313344955444,0.6516594886779785,-0.017042474821209908,0.49023592472076416,0.6621582508087158,-0.007638831157237291,0.505219578742981,0.6868532299995422,-0.0031286049634218216,0.45835405588150024,0.7609564661979675,-0.016038594767451286,0.4568021297454834,0.7044928669929504,-0.014397005550563335,0.4762883186340332,0.7097412943840027,-0.004644616972655058,0.4882698953151703,0.7264938354492188,0.0023692308459430933,0.0,0.0,0.0,0.0,0.0,0.0,0.0,0.0,0.0,0.0,0.0,0.0,0.0,0.0,0.0,0.0,0.0,0.0,0.0,0.0,0.0,0.0,0.0,0.0,0.0,0.0,0.0,0.0,0.0,0.0,0.0,0.0,0.0,0.0,0.0,0.0,0.0,0.0,0.0,0.0,0.0,0.0,0.0,0.0,0.0,0.0,0.0,0.0,0.0,0.0,0.0,0.0,0.0,0.0,0.0,0.0,0.0,0.0,0.0,0.0,0.0,0.0,0.0,we
0.6062027812004089,0.8829599022865295,1.76365233528486e-07,0.6214984059333801,0.7722963690757751,-0.0004389543319121003,0.5946680307388306,0.6879011988639832,-0.0007846105727367103,0.5425227284431458,0.6612045168876648,-0.000647418899461627,0.5039401650428772,0.6677888035774231,-0.0013473626459017396,0.5256981253623962,0.6510531306266785,-0.007483399473130703,0.48572835326194763,0.562814474105835,-0.007874369621276855,0.4624028205871582,0.511924684047699,-0.009119223803281784,0.44288620352745056,0.47575366497039795,-0.012102053500711918,0.4838557839393616,0.6884817481040955,-0.009318032301962376,0.4777477979660034,0.6267670392990112,-0.012861639261245728,0.5027507543563843,0.6400061845779419,-0.01246555708348751,0.5205050110816956,0.6648213863372803,-0.011307158507406712,0.4642646610736847,0.7358617782592773,-0.009206370450556278,0.4640926420688629,0.6781232357025146,-0.011199080385267735,0.48775944113731384,0.6897679567337036,-0.005649459548294544,0.5038502216339111,0.7141438722610474,-0.0018676572944968939,0.45727238059043884,0.780474841594696,-0.008571946062147617,0.4481671452522278,0.7360729575157166,-0.00876304879784584,0.46729570627212524,0.739176869392395,-0.0001764911285135895,0.48162734508514404,0.7544318437576294,0.007847669534385204,0.0,0.0,0.0,0.0,0.0,0.0,0.0,0.0,0.0,0.0,0.0,0.0,0.0,0.0,0.0,0.0,0.0,0.0,0.0,0.0,0.0,0.0,0.0,0.0,0.0,0.0,0.0,0.0,0.0,0.0,0.0,0.0,0.0,0.0,0.0,0.0,0.0,0.0,0.0,0.0,0.0,0.0,0.0,0.0,0.0,0.0,0.0,0.0,0.0,0.0,0.0,0.0,0.0,0.0,0.0,0.0,0.0,0.0,0.0,0.0,0.0,0.0,0.0,we
0.615687906742096,0.8850973844528198,1.6769746480349568e-07,0.6319529414176941,0.7757939696311951,0.003145190654322505,0.6072920560836792,0.6873418092727661,0.005061874631792307,0.5576885342597961,0.663643479347229,0.006116404663771391,0.5179274082183838,0.6799598336219788,0.005510452203452587,0.5341101884841919,0.6454601883888245,-0.00019021803745999932,0.48985621333122253,0.5594702959060669,0.0009597560856491327,0.46338942646980286,0.5042277574539185,-0.0005602586315944791,0.44348055124282837,0.46521151065826416,-0.0036927834153175354,0.4921051859855652,0.6857105493545532,-0.0034025332424789667,0.48866814374923706,0.6406970620155334,-0.004074030555784702,0.512267529964447,0.6507797241210938,-0.004540739115327597,0.5317636132240295,0.6709918975830078,-0.004973310045897961,0.472789466381073,0.7387688159942627,-0.004725037608295679,0.4710524380207062,0.6976036429405212,-0.004379658494144678,0.49452847242355347,0.7029916048049927,0.0005052151391282678,0.5141717195510864,0.720725953578949,0.003126102965325117,0.46518945693969727,0.7899569869041443,-0.005306850653141737,0.45305365324020386,0.7555299997329712,-0.002977358642965555,0.4689188003540039,0.7538411617279053,0.006590406876057386,0.48294776678085327,0.7640925049781799,0.015039119869470596,0.0,0.0,0.0,0.0,0.0,0.0,0.0,0.0,0.0,0.0,0.0,0.0,0.0,0.0,0.0,0.0,0.0,0.0,0.0,0.0,0.0,0.0,0.0,0.0,0.0,0.0,0.0,0.0,0.0,0.0,0.0,0.0,0.0,0.0,0.0,0.0,0.0,0.0,0.0,0.0,0.0,0.0,0.0,0.0,0.0,0.0,0.0,0.0,0.0,0.0,0.0,0.0,0.0,0.0,0.0,0.0,0.0,0.0,0.0,0.0,0.0,0.0,0.0,we
0.6138997673988342,0.8935670852661133,4.972786200596602e-07,0.6370363831520081,0.7766651511192322,-0.006231863982975483,0.6087802648544312,0.6786341071128845,-0.009941625408828259,0.5512073636054993,0.6425946950912476,-0.010210320353507996,0.5107084512710571,0.6438369750976562,-0.01165554579347372,0.5462430715560913,0.6435064673423767,-0.03200703486800194,0.5054389834403992,0.5239221453666687,-0.04153072461485863,0.4819757044315338,0.4532029330730438,-0.047041796147823334,0.46042853593826294,0.4012928605079651,-0.050817880779504776,0.49855881929397583,0.6786273121833801,-0.029178179800510406,0.47854024171829224,0.582294225692749,-0.031236354261636734,0.49296140670776367,0.5694130659103394,-0.025763077661395073,0.5042458772659302,0.5753448009490967,-0.02224412001669407,0.47255006432533264,0.7237109541893005,-0.023892583325505257,0.47349047660827637,0.6472195982933044,-0.022540254518389702,0.49754130840301514,0.6499459743499756,-0.012200364843010902,0.516801655292511,0.6728655695915222,-0.006093028001487255,0.4614315927028656,0.7668702602386475,-0.018677961081266403,0.46529486775398254,0.7062552571296692,-0.015119277872145176,0.4876401126384735,0.706751823425293,-0.0028674169443547726,0.5041959285736084,0.7270883321762085,0.007337088696658611,0.0,0.0,0.0,0.0,0.0,0.0,0.0,0.0,0.0,0.0,0.0,0.0,0.0,0.0,0.0,0.0,0.0,0.0,0.0,0.0,0.0,0.0,0.0,0.0,0.0,0.0,0.0,0.0,0.0,0.0,0.0,0.0,0.0,0.0,0.0,0.0,0.0,0.0,0.0,0.0,0.0,0.0,0.0,0.0,0.0,0.0,0.0,0.0,0.0,0.0,0.0,0.0,0.0,0.0,0.0,0.0,0.0,0.0,0.0,0.0,0.0,0.0,0.0,we
0.6093924045562744,0.9051499366760254,7.378127975243842e-07,0.6311109662055969,0.7844758033752441,-0.008873272687196732,0.6083751916885376,0.6741360425949097,-0.007842137478291988,0.5551922917366028,0.6339227557182312,-0.003780674422159791,0.5163099765777588,0.6375122666358948,0.001036737929098308,0.5417601466178894,0.6488124132156372,-0.017245236784219742,0.5138302445411682,0.5086778402328491,-0.015668876469135284,0.4979039132595062,0.43140527606010437,-0.013069653883576393,0.47761106491088867,0.3685127794742584,-0.011016531847417355,0.4956679940223694,0.6765372157096863,-0.010800614953041077,0.49477750062942505,0.5641874074935913,-0.003454804653301835,0.4864790737628937,0.5142159461975098,0.000815954408608377,0.4697187840938568,0.4806217551231384,0.0026785710360854864,0.4708791971206665,0.7111794352531433,-0.0029537156224250793,0.4937713146209717,0.624629020690918,0.003408928634598851,0.5205638408660889,0.6366713047027588,0.007579001132398844,0.5351128578186035,0.664010763168335,0.01172193419188261,0.4598618745803833,0.7428109049797058,0.004402349703013897,0.46946945786476135,0.6705142259597778,0.01413325872272253,0.48887768387794495,0.6707697510719299,0.024877775460481644,0.5011134743690491,0.6902556419372559,0.03447277098894119,0.0,0.0,0.0,0.0,0.0,0.0,0.0,0.0,0.0,0.0,0.0,0.0,0.0,0.0,0.0,0.0,0.0,0.0,0.0,0.0,0.0,0.0,0.0,0.0,0.0,0.0,0.0,0.0,0.0,0.0,0.0,0.0,0.0,0.0,0.0,0.0,0.0,0.0,0.0,0.0,0.0,0.0,0.0,0.0,0.0,0.0,0.0,0.0,0.0,0.0,0.0,0.0,0.0,0.0,0.0,0.0,0.0,0.0,0.0,0.0,0.0,0.0,0.0,we
0.6087291836738586,0.9095556735992432,7.330796165661013e-07,0.6297461986541748,0.7840245366096497,0.00040022205212153494,0.6045478582382202,0.6763166785240173,0.004028433468192816,0.553985595703125,0.639760434627533,0.0077229151502251625,0.510798990726471,0.6468612551689148,0.011456659063696861,0.5428236126899719,0.6489408016204834,-0.004463899414986372,0.5172905921936035,0.5139561295509338,-0.0040889824740588665,0.5002328157424927,0.4374168813228607,-0.004329266957938671,0.4799621105194092,0.3751903474330902,-0.004452947527170181,0.4970751702785492,0.676504373550415,-0.004252136219292879,0.48419690132141113,0.565088152885437,0.0005759678315371275,0.47086527943611145,0.5053615570068359,0.00021071940136607736,0.45164114236831665,0.4592149257659912,-0.000961772573646158,0.4718019962310791,0.714225172996521,-0.0024528170470148325,0.48417869210243225,0.6349461078643799,0.0015728201251477003,0.5168253779411316,0.6482194066047668,0.004802634473890066,0.5376437306404114,0.6761175990104675,0.009037521667778492,0.4624401926994324,0.7472470998764038,-0.0005366178811527789,0.4634876549243927,0.6823841333389282,0.008103561587631702,0.4805822968482971,0.6785182356834412,0.018686624243855476,0.49274393916130066,0.6927170157432556,0.028223110362887383,0.0,0.0,0.0,0.0,0.0,0.0,0.0,0.0,0.0,0.0,0.0,0.0,0.0,0.0,0.0,0.0,0.0,0.0,0.0,0.0,0.0,0.0,0.0,0.0,0.0,0.0,0.0,0.0,0.0,0.0,0.0,0.0,0.0,0.0,0.0,0.0,0.0,0.0,0.0,0.0,0.0,0.0,0.0,0.0,0.0,0.0,0.0,0.0,0.0,0.0,0.0,0.0,0.0,0.0,0.0,0.0,0.0,0.0,0.0,0.0,0.0,0.0,0.0,we
0.6094817519187927,0.915237307548523,7.777259156682703e-07,0.6288700699806213,0.7926064729690552,-0.003792666597291827,0.6052271127700806,0.6827343702316284,-0.004344770684838295,0.5506124496459961,0.642743706703186,-0.0034111402928829193,0.5051584839820862,0.6459261775016785,-0.0019648405723273754,0.5470823645591736,0.6503291130065918,-0.013757964596152306,0.5203586220741272,0.5139644742012024,-0.015508449636399746,0.5022064447402954,0.4391993582248688,-0.01596200093626976,0.4817693531513214,0.3791639804840088,-0.015823179855942726,0.49919596314430237,0.6769707202911377,-0.012648907490074635,0.48335298895835876,0.5613211989402771,-0.009600698947906494,0.4689010977745056,0.5001449584960938,-0.009318817406892776,0.4509240984916687,0.4526001811027527,-0.00970491860061884,0.4704682230949402,0.7143192291259766,-0.009875763207674026,0.48046326637268066,0.6284263730049133,-0.006846179720014334,0.5119699239730835,0.6386192440986633,-0.0025536157190799713,0.5326457023620605,0.6635820269584656,0.0022505284287035465,0.4580879509449005,0.7485596537590027,-0.007322798948734999,0.46196499466896057,0.6819696426391602,0.0011193696409463882,0.48249325156211853,0.6787769794464111,0.01255861297249794,0.4972774088382721,0.6930707097053528,0.02284429222345352,0.0,0.0,0.0,0.0,0.0,0.0,0.0,0.0,0.0,0.0,0.0,0.0,0.0,0.0,0.0,0.0,0.0,0.0,0.0,0.0,0.0,0.0,0.0,0.0,0.0,0.0,0.0,0.0,0.0,0.0,0.0,0.0,0.0,0.0,0.0,0.0,0.0,0.0,0.0,0.0,0.0,0.0,0.0,0.0,0.0,0.0,0.0,0.0,0.0,0.0,0.0,0.0,0.0,0.0,0.0,0.0,0.0,0.0,0.0,0.0,0.0,0.0,0.0,we
0.6166974306106567,0.905186653137207,6.785427899558272e-07,0.6371148824691772,0.7828487157821655,-0.007074811030179262,0.6132022142410278,0.6722599267959595,-0.0079879155382514,0.5607762932777405,0.6283901333808899,-0.006467869039624929,0.523098349571228,0.6242603063583374,-0.004367236979305744,0.547784686088562,0.6339145302772522,-0.01934843324124813,0.5230343341827393,0.4965490698814392,-0.023158546537160873,0.504930853843689,0.42143628001213074,-0.025223664939403534,0.48392122983932495,0.36275213956832886,-0.026346031576395035,0.4997730255126953,0.6657565832138062,-0.01595062017440796,0.4803452789783478,0.5558791160583496,-0.012657755985856056,0.46811404824256897,0.5043529272079468,-0.011712674982845783,0.4521854817867279,0.4679846465587616,-0.012371509335935116,0.47315990924835205,0.7051044702529907,-0.011026430875062943,0.48234668374061584,0.6243736147880554,-0.006848006509244442,0.5148340463638306,0.6290087103843689,-0.0020611612126231194,0.5370158553123474,0.6521145701408386,0.0018141051987186074,0.46271705627441406,0.7418125867843628,-0.00680925976485014,0.46587997674942017,0.6764344573020935,0.0013901006896048784,0.4864456355571747,0.6738650798797607,0.01190838124603033,0.5014312863349915,0.6912240386009216,0.02094157040119171,0.0,0.0,0.0,0.0,0.0,0.0,0.0,0.0,0.0,0.0,0.0,0.0,0.0,0.0,0.0,0.0,0.0,0.0,0.0,0.0,0.0,0.0,0.0,0.0,0.0,0.0,0.0,0.0,0.0,0.0,0.0,0.0,0.0,0.0,0.0,0.0,0.0,0.0,0.0,0.0,0.0,0.0,0.0,0.0,0.0,0.0,0.0,0.0,0.0,0.0,0.0,0.0,0.0,0.0,0.0,0.0,0.0,0.0,0.0,0.0,0.0,0.0,0.0,we
0.6218218207359314,0.8940994739532471,6.617066219405388e-07,0.6378628611564636,0.7651013135910034,-0.0030641313642263412,0.6137040853500366,0.6625644564628601,-0.0024797464720904827,0.5617698431015015,0.6331161856651306,-0.0015382891288027167,0.5238374471664429,0.6383928060531616,-0.0001852986606536433,0.556922197341919,0.6194122433662415,-0.00855651032179594,0.5318554043769836,0.48848992586135864,-0.01056437473744154,0.5122308731079102,0.4207356572151184,-0.012367666698992252,0.49005165696144104,0.3672685921192169,-0.013325901702046394,0.5083613991737366,0.6536048054695129,-0.007368347607553005,0.47988376021385193,0.5547969341278076,-0.002340419916436076,0.4564426839351654,0.5007342100143433,-0.003779958700761199,0.43101632595062256,0.4578394293785095,-0.005950899329036474,0.4809720814228058,0.6960296034812927,-0.004749645479023457,0.49311578273773193,0.6299837827682495,0.0026250737719237804,0.5284659266471863,0.6363360285758972,0.004627632442861795,0.5512537956237793,0.6575031280517578,0.006797413807362318,0.46886447072029114,0.738495945930481,-0.0028661121614277363,0.4802830219268799,0.683128297328949,0.008381095714867115,0.5047336220741272,0.6842919588088989,0.018936509266495705,0.5225345492362976,0.703511118888855,0.028148431330919266,0.0,0.0,0.0,0.0,0.0,0.0,0.0,0.0,0.0,0.0,0.0,0.0,0.0,0.0,0.0,0.0,0.0,0.0,0.0,0.0,0.0,0.0,0.0,0.0,0.0,0.0,0.0,0.0,0.0,0.0,0.0,0.0,0.0,0.0,0.0,0.0,0.0,0.0,0.0,0.0,0.0,0.0,0.0,0.0,0.0,0.0,0.0,0.0,0.0,0.0,0.0,0.0,0.0,0.0,0.0,0.0,0.0,0.0,0.0,0.0,0.0,0.0,0.0,we
0.6387495994567871,0.8826617002487183,5.989226110614254e-07,0.6602660417556763,0.7591966986656189,-0.0023246337659657,0.6390325427055359,0.6555194854736328,-0.008814352564513683,0.5988385677337646,0.5890203714370728,-0.014691730029881,0.5735490322113037,0.5375509858131409,-0.019834430888295174,0.5987196564674377,0.6257485747337341,-0.0303469430655241,0.5750020742416382,0.49677133560180664,-0.047408245503902435,0.5605223774909973,0.4258650541305542,-0.057228993624448776,0.5453801155090332,0.3678533136844635,-0.06236010044813156,0.5461064577102661,0.6541309356689453,-0.03303343430161476,0.501845121383667,0.5401839017868042,-0.04613461345434189,0.4697825312614441,0.4717503488063812,-0.051327917724847794,0.4361655116081238,0.4209483861923218,-0.05555087700486183,0.5108380317687988,0.6914886236190796,-0.032838743180036545,0.4962097108364105,0.592341423034668,-0.03962329775094986,0.5285000205039978,0.5841816663742065,-0.029986530542373657,0.550166666507721,0.6011106371879578,-0.02140914835035801,0.491467148065567,0.7299855947494507,-0.03296602517366409,0.48379045724868774,0.6438519358634949,-0.03294924646615982,0.5069299340248108,0.6293397545814514,-0.019222119823098183,0.5253406167030334,0.6391136050224304,-0.006809417624026537,0.0,0.0,0.0,0.0,0.0,0.0,0.0,0.0,0.0,0.0,0.0,0.0,0.0,0.0,0.0,0.0,0.0,0.0,0.0,0.0,0.0,0.0,0.0,0.0,0.0,0.0,0.0,0.0,0.0,0.0,0.0,0.0,0.0,0.0,0.0,0.0,0.0,0.0,0.0,0.0,0.0,0.0,0.0,0.0,0.0,0.0,0.0,0.0,0.0,0.0,0.0,0.0,0.0,0.0,0.0,0.0,0.0,0.0,0.0,0.0,0.0,0.0,0.0,we
0.6300888061523438,0.8697000741958618,7.077105692587793e-07,0.6549161672592163,0.7496206760406494,-0.00507313059642911,0.6296530365943909,0.6474745869636536,-0.010271627455949783,0.5855064392089844,0.6005498766899109,-0.014547941274940968,0.5484442710876465,0.5803325176239014,-0.01863074116408825,0.5917279720306396,0.616901159286499,-0.030071133747696877,0.5751316547393799,0.4914129376411438,-0.04722343385219574,0.5611459016799927,0.42168742418289185,-0.058902256190776825,0.5447977781295776,0.3657963275909424,-0.06634916365146637,0.5393276214599609,0.6477758884429932,-0.03180024400353432,0.4992142617702484,0.5435076951980591,-0.0446307472884655,0.46904662251472473,0.47647160291671753,-0.05156691372394562,0.43505263328552246,0.42429834604263306,-0.057092294096946716,0.505532443523407,0.6883354783058167,-0.03140793740749359,0.4939635992050171,0.6011019945144653,-0.03805173560976982,0.5307226777076721,0.5984187722206116,-0.03105652891099453,0.5542007684707642,0.6160512566566467,-0.02408517524600029,0.4895017445087433,0.7286168336868286,-0.03164598345756531,0.49062448740005493,0.652953028678894,-0.032851915806531906,0.5151528120040894,0.6437820196151733,-0.021992657333612442,0.5325350165367126,0.6564416289329529,-0.011614878661930561,0.0,0.0,0.0,0.0,0.0,0.0,0.0,0.0,0.0,0.0,0.0,0.0,0.0,0.0,0.0,0.0,0.0,0.0,0.0,0.0,0.0,0.0,0.0,0.0,0.0,0.0,0.0,0.0,0.0,0.0,0.0,0.0,0.0,0.0,0.0,0.0,0.0,0.0,0.0,0.0,0.0,0.0,0.0,0.0,0.0,0.0,0.0,0.0,0.0,0.0,0.0,0.0,0.0,0.0,0.0,0.0,0.0,0.0,0.0,0.0,0.0,0.0,0.0,we
0.634951114654541,0.8957147002220154,7.086940172484901e-07,0.665526807308197,0.7759415507316589,-0.013310588896274567,0.6409875750541687,0.6737523078918457,-0.023117132484912872,0.5833935737609863,0.6245150566101074,-0.028756843879818916,0.5381787419319153,0.6055555939674377,-0.032996293157339096,0.6087164282798767,0.6534976959228516,-0.047034356743097305,0.5931960344314575,0.5163683295249939,-0.06569810956716537,0.5790653824806213,0.4456630349159241,-0.0757487416267395,0.5631725788116455,0.38760244846343994,-0.08107205480337143,0.5524684190750122,0.6801976561546326,-0.043300561606884,0.5127823352813721,0.5605465173721313,-0.05687803402543068,0.47998714447021484,0.49137043952941895,-0.06110478937625885,0.446560800075531,0.44159603118896484,-0.06456895917654037,0.5165233016014099,0.7125991582870483,-0.03680294752120972,0.5057903528213501,0.6057605743408203,-0.04184006154537201,0.5347787141799927,0.6035674810409546,-0.032045602798461914,0.5533912777900696,0.6267002820968628,-0.02348032034933567,0.49843961000442505,0.7418975830078125,-0.03147251531481743,0.49847930669784546,0.6478363275527954,-0.029487455263733864,0.520904004573822,0.6416950225830078,-0.015915580093860626,0.5355688333511353,0.6587973833084106,-0.003943353891372681,0.0,0.0,0.0,0.0,0.0,0.0,0.0,0.0,0.0,0.0,0.0,0.0,0.0,0.0,0.0,0.0,0.0,0.0,0.0,0.0,0.0,0.0,0.0,0.0,0.0,0.0,0.0,0.0,0.0,0.0,0.0,0.0,0.0,0.0,0.0,0.0,0.0,0.0,0.0,0.0,0.0,0.0,0.0,0.0,0.0,0.0,0.0,0.0,0.0,0.0,0.0,0.0,0.0,0.0,0.0,0.0,0.0,0.0,0.0,0.0,0.0,0.0,0.0,we
0.6395697593688965,0.9128217101097107,7.012695277808234e-07,0.6636090278625488,0.8009557723999023,0.0006004766328260303,0.6383939981460571,0.7031790614128113,-0.004266330972313881,0.5894559621810913,0.6663674712181091,-0.008983640000224113,0.558495044708252,0.6459540724754333,-0.01409155409783125,0.6028470396995544,0.6554731130599976,-0.029726602137088776,0.5843115448951721,0.5284251570701599,-0.045769982039928436,0.5714102387428284,0.45673441886901855,-0.05481904372572899,0.5609990358352661,0.40123695135116577,-0.05816395580768585,0.5505945086479187,0.6867566108703613,-0.031540170311927795,0.5132544636726379,0.5795906186103821,-0.037518881261348724,0.488778293132782,0.5144076347351074,-0.037288691848516464,0.4666960835456848,0.4700314998626709,-0.03730100393295288,0.5173125267028809,0.72613126039505,-0.030536802485585213,0.5143340826034546,0.6446125507354736,-0.027983753010630608,0.5416689515113831,0.6474144458770752,-0.017674727365374565,0.5596543550491333,0.6735948920249939,-0.009608528576791286,0.5006369352340698,0.7667381763458252,-0.030176445841789246,0.5139244198799133,0.6978380680084229,-0.022527096793055534,0.5358214974403381,0.6995660662651062,-0.0085153104737401,0.54974764585495,0.7192135453224182,0.0036826743744313717,0.0,0.0,0.0,0.0,0.0,0.0,0.0,0.0,0.0,0.0,0.0,0.0,0.0,0.0,0.0,0.0,0.0,0.0,0.0,0.0,0.0,0.0,0.0,0.0,0.0,0.0,0.0,0.0,0.0,0.0,0.0,0.0,0.0,0.0,0.0,0.0,0.0,0.0,0.0,0.0,0.0,0.0,0.0,0.0,0.0,0.0,0.0,0.0,0.0,0.0,0.0,0.0,0.0,0.0,0.0,0.0,0.0,0.0,0.0,0.0,0.0,0.0,0.0,we
0.6424176692962646,0.9183317422866821,6.59158217786171e-07,0.6636227369308472,0.8060779571533203,0.0035861539654433727,0.638833224773407,0.710611879825592,0.001981250708922744,0.5927623510360718,0.6679766178131104,-0.00024238950572907925,0.5656241178512573,0.6451282501220703,-0.0026655669789761305,0.5993388295173645,0.6526587009429932,-0.018013926222920418,0.5839429497718811,0.5273717641830444,-0.027200788259506226,0.5731303691864014,0.4571058750152588,-0.03168430179357529,0.5625513792037964,0.40459975600242615,-0.03221912682056427,0.5499826073646545,0.6831426024436951,-0.019842321053147316,0.513370156288147,0.5875037312507629,-0.019504643976688385,0.48830240964889526,0.5331069827079773,-0.018459010869264603,0.46474695205688477,0.4981135129928589,-0.01784062199294567,0.5183039903640747,0.7245520949363708,-0.018955038860440254,0.5207492113113403,0.6688043475151062,-0.013272738084197044,0.5477578639984131,0.6736245155334473,-0.0079609090462327,0.5659094452857971,0.698110818862915,-0.003163070883601904,0.5005002617835999,0.7672942876815796,-0.01824294403195381,0.5178073048591614,0.7199859619140625,-0.008223472163081169,0.5392322540283203,0.7239220142364502,0.0024345803540199995,0.5534899830818176,0.7436146140098572,0.012402779422700405,0.0,0.0,0.0,0.0,0.0,0.0,0.0,0.0,0.0,0.0,0.0,0.0,0.0,0.0,0.0,0.0,0.0,0.0,0.0,0.0,0.0,0.0,0.0,0.0,0.0,0.0,0.0,0.0,0.0,0.0,0.0,0.0,0.0,0.0,0.0,0.0,0.0,0.0,0.0,0.0,0.0,0.0,0.0,0.0,0.0,0.0,0.0,0.0,0.0,0.0,0.0,0.0,0.0,0.0,0.0,0.0,0.0,0.0,0.0,0.0,0.0,0.0,0.0,we
0.643194854259491,0.9197455644607544,6.698597303511633e-07,0.6631733775138855,0.802357017993927,0.006358719430863857,0.6368049383163452,0.7088547348976135,0.006268635857850313,0.5883406400680542,0.6751853227615356,0.004952493589371443,0.5535560250282288,0.6652567982673645,0.003423524321988225,0.600351095199585,0.6502257585525513,-0.011742699891328812,0.583472490310669,0.5253859758377075,-0.01761220395565033,0.5720846652984619,0.4564768970012665,-0.020259873941540718,0.5608376264572144,0.4048490524291992,-0.019778883084654808,0.5496962666511536,0.6812461614608765,-0.01460200734436512,0.5121088624000549,0.5850793719291687,-0.011202976107597351,0.4867802858352661,0.5321581959724426,-0.009724540635943413,0.46354401111602783,0.4978403151035309,-0.009043616242706776,0.5176570415496826,0.7236383557319641,-0.014628736302256584,0.5199058055877686,0.6683178544044495,-0.006089637987315655,0.5473963022232056,0.6739836931228638,-0.0016100798966363072,0.5655525922775269,0.6982478499412537,0.002132495166733861,0.4997726380825043,0.7667401432991028,-0.014620370231568813,0.5168466567993164,0.7201704978942871,-0.002003928879275918,0.5390059351921082,0.7231908440589905,0.008902939036488533,0.554096519947052,0.7418034076690674,0.01855274848639965,0.0,0.0,0.0,0.0,0.0,0.0,0.0,0.0,0.0,0.0,0.0,0.0,0.0,0.0,0.0,0.0,0.0,0.0,0.0,0.0,0.0,0.0,0.0,0.0,0.0,0.0,0.0,0.0,0.0,0.0,0.0,0.0,0.0,0.0,0.0,0.0,0.0,0.0,0.0,0.0,0.0,0.0,0.0,0.0,0.0,0.0,0.0,0.0,0.0,0.0,0.0,0.0,0.0,0.0,0.0,0.0,0.0,0.0,0.0,0.0,0.0,0.0,0.0,we
0.6543081402778625,0.9255008101463318,4.965328344042064e-07,0.6727882623672485,0.8040162920951843,0.009375656954944134,0.6441406011581421,0.7092707753181458,0.0165108609944582,0.5965449810028076,0.6750686764717102,0.02272913232445717,0.5592576861381531,0.6670393943786621,0.029714979231357574,0.609402060508728,0.6464115977287292,0.007256134878844023,0.5874419212341309,0.5293084383010864,0.014156189747154713,0.5729625225067139,0.4655507206916809,0.019743533805012703,0.5601663589477539,0.41728806495666504,0.024334784597158432,0.5574561953544617,0.6770080924034119,0.007055223919451237,0.5136712193489075,0.5970215201377869,0.024394148960709572,0.49578696489334106,0.5641088485717773,0.03265741467475891,0.48501327633857727,0.5475313663482666,0.03684735670685768,0.525488555431366,0.720906674861908,0.008800603449344635,0.5275083184242249,0.676937997341156,0.026854990050196648,0.5535721778869629,0.6831541061401367,0.029736142605543137,0.5703372955322266,0.7039071917533875,0.030140763148665428,0.506197452545166,0.7637285590171814,0.010835434310138226,0.5231525301933289,0.7309045195579529,0.028314635157585144,0.5431145429611206,0.7365162968635559,0.036293793469667435,0.5558536052703857,0.7544896602630615,0.04245692491531372,0.0,0.0,0.0,0.0,0.0,0.0,0.0,0.0,0.0,0.0,0.0,0.0,0.0,0.0,0.0,0.0,0.0,0.0,0.0,0.0,0.0,0.0,0.0,0.0,0.0,0.0,0.0,0.0,0.0,0.0,0.0,0.0,0.0,0.0,0.0,0.0,0.0,0.0,0.0,0.0,0.0,0.0,0.0,0.0,0.0,0.0,0.0,0.0,0.0,0.0,0.0,0.0,0.0,0.0,0.0,0.0,0.0,0.0,0.0,0.0,0.0,0.0,0.0,we
0.6637558937072754,0.9310051798820496,6.320763645817351e-07,0.6855047941207886,0.8050709366798401,0.0019027551170438528,0.6572796106338501,0.708747148513794,0.0010952568845823407,0.604457676410675,0.6780604124069214,-0.0003760444524232298,0.5600339770317078,0.6804577112197876,-0.0017611332004889846,0.6217079162597656,0.6447007060050964,-0.003368987236171961,0.6034336686134338,0.5279995203018188,-0.006396260112524033,0.5924277901649475,0.46015119552612305,-0.008660943247377872,0.5804024934768677,0.40730834007263184,-0.009189699776470661,0.5695202946662903,0.6730126142501831,-0.006078475154936314,0.5247799754142761,0.5873932838439941,-0.002408638596534729,0.4989970028400421,0.5438299179077148,-0.0023347267415374517,0.4781169295310974,0.5132468938827515,-0.002576273400336504,0.5340499877929688,0.7169739603996277,-0.007321227807551622,0.5319894552230835,0.6693816184997559,-0.003407384967431426,0.557893693447113,0.6827257871627808,-0.0015221782959997654,0.5766012072563171,0.7098233103752136,0.0015752929029986262,0.5127348899841309,0.7608282566070557,-0.008786736987531185,0.5253894925117493,0.7247767448425293,-0.00026030477602034807,0.5470138788223267,0.7351599931716919,0.008799686096608639,0.5613610148429871,0.7582656145095825,0.01763908937573433,0.0,0.0,0.0,0.0,0.0,0.0,0.0,0.0,0.0,0.0,0.0,0.0,0.0,0.0,0.0,0.0,0.0,0.0,0.0,0.0,0.0,0.0,0.0,0.0,0.0,0.0,0.0,0.0,0.0,0.0,0.0,0.0,0.0,0.0,0.0,0.0,0.0,0.0,0.0,0.0,0.0,0.0,0.0,0.0,0.0,0.0,0.0,0.0,0.0,0.0,0.0,0.0,0.0,0.0,0.0,0.0,0.0,0.0,0.0,0.0,0.0,0.0,0.0,we
0.6542806625366211,0.9313557147979736,7.874323273426853e-07,0.6861038208007812,0.814084529876709,-0.002736433641985059,0.6690583229064941,0.7161352038383484,-0.009479674510657787,0.615683913230896,0.6726020574569702,-0.014840115793049335,0.5722962617874146,0.6664354205131531,-0.020506348460912704,0.629549503326416,0.6547375917434692,-0.02810029126703739,0.6156622171401978,0.525993824005127,-0.041487280279397964,0.6064488887786865,0.453364759683609,-0.04775121062994003,0.5977245569229126,0.39788344502449036,-0.04876595363020897,0.573352038860321,0.6781145334243774,-0.030734743922948837,0.5352192521095276,0.5558690428733826,-0.03498188778758049,0.5122147798538208,0.487844854593277,-0.034702930599451065,0.49322396516799927,0.4432203471660614,-0.03338133171200752,0.5355961918830872,0.7177749276161194,-0.03083689510822296,0.5325266718864441,0.6437776684761047,-0.03150583803653717,0.559134304523468,0.6534300446510315,-0.025714082643389702,0.5784566402435303,0.6848604083061218,-0.01886943355202675,0.5149277448654175,0.7588123083114624,-0.03127860277891159,0.5265412926673889,0.7034526467323303,-0.025189504027366638,0.5485005974769592,0.711388111114502,-0.012453267350792885,0.5617059469223022,0.736207902431488,-0.00020127539755776525,0.0,0.0,0.0,0.0,0.0,0.0,0.0,0.0,0.0,0.0,0.0,0.0,0.0,0.0,0.0,0.0,0.0,0.0,0.0,0.0,0.0,0.0,0.0,0.0,0.0,0.0,0.0,0.0,0.0,0.0,0.0,0.0,0.0,0.0,0.0,0.0,0.0,0.0,0.0,0.0,0.0,0.0,0.0,0.0,0.0,0.0,0.0,0.0,0.0,0.0,0.0,0.0,0.0,0.0,0.0,0.0,0.0,0.0,0.0,0.0,0.0,0.0,0.0,we
0.6539669632911682,0.9328896403312683,7.789479923303588e-07,0.6847164630889893,0.8148751258850098,-0.0004848735989071429,0.6640561819076538,0.7168143391609192,-0.0054293908178806305,0.6113618016242981,0.6819795966148376,-0.00995869841426611,0.5676918625831604,0.6814354658126831,-0.015034870244562626,0.625899076461792,0.6570219397544861,-0.02253044955432415,0.6149957776069641,0.5271918177604675,-0.034086957573890686,0.6079159379005432,0.45321741700172424,-0.03883516415953636,0.6004505157470703,0.39792779088020325,-0.03885756805539131,0.5711950063705444,0.6791170835494995,-0.02628193609416485,0.5317650437355042,0.5556294918060303,-0.030526060611009598,0.511972188949585,0.48850828409194946,-0.03035834990441799,0.4953765571117401,0.4430229067802429,-0.02859296277165413,0.5333849191665649,0.7179461717605591,-0.02758999541401863,0.5318629145622253,0.6469908356666565,-0.02962486259639263,0.5599697232246399,0.6611668467521667,-0.02475918084383011,0.5783324241638184,0.6929750442504883,-0.017519056797027588,0.5125877857208252,0.757758617401123,-0.028845608234405518,0.5244652628898621,0.7050402164459229,-0.022515704855322838,0.5471217036247253,0.7142533659934998,-0.009365282021462917,0.5593542456626892,0.7388966083526611,0.003339786548167467,0.0,0.0,0.0,0.0,0.0,0.0,0.0,0.0,0.0,0.0,0.0,0.0,0.0,0.0,0.0,0.0,0.0,0.0,0.0,0.0,0.0,0.0,0.0,0.0,0.0,0.0,0.0,0.0,0.0,0.0,0.0,0.0,0.0,0.0,0.0,0.0,0.0,0.0,0.0,0.0,0.0,0.0,0.0,0.0,0.0,0.0,0.0,0.0,0.0,0.0,0.0,0.0,0.0,0.0,0.0,0.0,0.0,0.0,0.0,0.0,0.0,0.0,0.0,we
0.64076828956604,0.9520893096923828,7.176736858127697e-07,0.6822614669799805,0.8380416035652161,-0.007428029552102089,0.6728349924087524,0.7330219745635986,-0.01611313223838806,0.6229166984558105,0.6773191094398499,-0.02243865840137005,0.5832859873771667,0.6545431017875671,-0.028926700353622437,0.6304436922073364,0.6841517686843872,-0.04099451005458832,0.6255325675010681,0.5427136421203613,-0.05907905846834183,0.6205459237098694,0.46599772572517395,-0.07018633186817169,0.6120169162750244,0.4039187431335449,-0.07601410150527954,0.5718770623207092,0.6997206211090088,-0.040198929607868195,0.5527465343475342,0.5661923885345459,-0.0479716956615448,0.5322991609573364,0.49367767572402954,-0.04876339063048363,0.5065020322799683,0.442867249250412,-0.0501260831952095,0.532187819480896,0.7302709817886353,-0.036740709096193314,0.5336366295814514,0.6300682425498962,-0.03559565916657448,0.565037190914154,0.6353915929794312,-0.024310478940606117,0.5837612152099609,0.66292405128479,-0.01610809564590454,0.5123477578163147,0.7644322514533997,-0.03435249999165535,0.5197034478187561,0.6816936135292053,-0.028474703431129456,0.542688250541687,0.6804903149604797,-0.013820232823491096,0.5565887689590454,0.7004682421684265,-0.0014603929594159126,0.0,0.0,0.0,0.0,0.0,0.0,0.0,0.0,0.0,0.0,0.0,0.0,0.0,0.0,0.0,0.0,0.0,0.0,0.0,0.0,0.0,0.0,0.0,0.0,0.0,0.0,0.0,0.0,0.0,0.0,0.0,0.0,0.0,0.0,0.0,0.0,0.0,0.0,0.0,0.0,0.0,0.0,0.0,0.0,0.0,0.0,0.0,0.0,0.0,0.0,0.0,0.0,0.0,0.0,0.0,0.0,0.0,0.0,0.0,0.0,0.0,0.0,0.0,we
0.636577844619751,0.9373883008956909,7.261328391905408e-07,0.6702130436897278,0.820311963558197,-0.00032095122151076794,0.6555629968643188,0.7207185626029968,-0.005368721671402454,0.6057935357093811,0.6778797507286072,-0.009878058917820454,0.5689331293106079,0.6623444557189941,-0.014851866289973259,0.6187843680381775,0.6701274514198303,-0.028755947947502136,0.6148415803909302,0.539402186870575,-0.04418429732322693,0.6085577011108398,0.4649745523929596,-0.05442025139927864,0.600455105304718,0.40537238121032715,-0.05952504277229309,0.5625334978103638,0.6889071464538574,-0.030602985993027687,0.5388771295547485,0.5679951906204224,-0.03473189100623131,0.5171900987625122,0.499076247215271,-0.03506072983145714,0.4919171929359436,0.4512481093406677,-0.03623858094215393,0.5254989862442017,0.7227857708930969,-0.029814796522259712,0.5256456136703491,0.6383779644966125,-0.025479614734649658,0.5568219423294067,0.6435636281967163,-0.016024360433220863,0.5755734443664551,0.6706678867340088,-0.009293356910347939,0.5061617493629456,0.7623347640037537,-0.029686594381928444,0.5163264274597168,0.6924540400505066,-0.02014361321926117,0.5394374132156372,0.693220317363739,-0.005440452601760626,0.5530345439910889,0.7141015529632568,0.00652212044224143,0.0,0.0,0.0,0.0,0.0,0.0,0.0,0.0,0.0,0.0,0.0,0.0,0.0,0.0,0.0,0.0,0.0,0.0,0.0,0.0,0.0,0.0,0.0,0.0,0.0,0.0,0.0,0.0,0.0,0.0,0.0,0.0,0.0,0.0,0.0,0.0,0.0,0.0,0.0,0.0,0.0,0.0,0.0,0.0,0.0,0.0,0.0,0.0,0.0,0.0,0.0,0.0,0.0,0.0,0.0,0.0,0.0,0.0,0.0,0.0,0.0,0.0,0.0,we
0.6437909603118896,0.9243149757385254,7.492316740353999e-07,0.6695219278335571,0.80620938539505,0.004773387685418129,0.643764853477478,0.7125425934791565,0.004536721855401993,0.5948115587234497,0.6763749718666077,0.0035136458463966846,0.5587204694747925,0.6656686663627625,0.0024061077274382114,0.6093969941139221,0.6465712785720825,-0.011217787861824036,0.6009416580200195,0.5211154818534851,-0.01661033369600773,0.5927352905273438,0.4508284032344818,-0.01763004995882511,0.5834725499153137,0.40011683106422424,-0.015470067039132118,0.5562532544136047,0.6753749847412109,-0.015029861591756344,0.5174903273582458,0.5657176971435547,-0.013554309494793415,0.49779602885246277,0.5062856078147888,-0.011742946691811085,0.4817402958869934,0.4662765562534332,-0.009336515329778194,0.521916925907135,0.71910160779953,-0.016259849071502686,0.5222913026809692,0.6608813405036926,-0.013639013282954693,0.5490596294403076,0.6767796277999878,-0.010385643690824509,0.564982533454895,0.7080494165420532,-0.004985100124031305,0.5033683180809021,0.764220118522644,-0.017042001709342003,0.5164074897766113,0.7214173078536987,-0.008368803188204765,0.5373580455780029,0.7338407039642334,0.0030429197940975428,0.5492061376571655,0.7583816051483154,0.014334396459162235,0.0,0.0,0.0,0.0,0.0,0.0,0.0,0.0,0.0,0.0,0.0,0.0,0.0,0.0,0.0,0.0,0.0,0.0,0.0,0.0,0.0,0.0,0.0,0.0,0.0,0.0,0.0,0.0,0.0,0.0,0.0,0.0,0.0,0.0,0.0,0.0,0.0,0.0,0.0,0.0,0.0,0.0,0.0,0.0,0.0,0.0,0.0,0.0,0.0,0.0,0.0,0.0,0.0,0.0,0.0,0.0,0.0,0.0,0.0,0.0,0.0,0.0,0.0,we
0.6498609185218811,0.9144982695579529,4.6411398102463863e-07,0.6677767634391785,0.7972362041473389,0.01135940570384264,0.6384786367416382,0.7005646228790283,0.02007722668349743,0.600599467754364,0.6482347249984741,0.027858862653374672,0.5793126225471497,0.6121918559074402,0.03626960515975952,0.5956204533576965,0.6383745074272156,0.008730817586183548,0.5698698163032532,0.5281402468681335,0.01799233816564083,0.5553493499755859,0.46785968542099,0.02486429736018181,0.5420723557472229,0.4237546920776367,0.030293945223093033,0.549008309841156,0.6686967611312866,0.008403053507208824,0.49622324109077454,0.5874761939048767,0.027648648247122765,0.47842904925346375,0.5565243363380432,0.03687341883778572,0.46822160482406616,0.5438584089279175,0.0417712964117527,0.5202445983886719,0.7123541235923767,0.010578891262412071,0.5125987529754639,0.6685006618499756,0.030809300020337105,0.5346462726593018,0.6651277542114258,0.0341157466173172,0.5497496724128723,0.6776860356330872,0.03384751081466675,0.503354012966156,0.7559868693351746,0.013279168866574764,0.5144691467285156,0.7262329459190369,0.03211594000458717,0.5362915992736816,0.7255430817604065,0.04075105860829353,0.5519164800643921,0.7381266951560974,0.047239843755960464,0.0,0.0,0.0,0.0,0.0,0.0,0.0,0.0,0.0,0.0,0.0,0.0,0.0,0.0,0.0,0.0,0.0,0.0,0.0,0.0,0.0,0.0,0.0,0.0,0.0,0.0,0.0,0.0,0.0,0.0,0.0,0.0,0.0,0.0,0.0,0.0,0.0,0.0,0.0,0.0,0.0,0.0,0.0,0.0,0.0,0.0,0.0,0.0,0.0,0.0,0.0,0.0,0.0,0.0,0.0,0.0,0.0,0.0,0.0,0.0,0.0,0.0,0.0,we
0.6459203958511353,0.9142873883247375,4.872692898061359e-07,0.6676340699195862,0.7959733009338379,0.006460349541157484,0.6405413150787354,0.704437792301178,0.014143024571239948,0.596118152141571,0.6653696894645691,0.022207649424672127,0.5627265572547913,0.6499838829040527,0.03127913177013397,0.5927983522415161,0.6353769302368164,0.006275875959545374,0.5677069425582886,0.524645209312439,0.01555107906460762,0.5526244044303894,0.46403729915618896,0.022758614271879196,0.5396994948387146,0.41911226511001587,0.02834716998040676,0.5429675579071045,0.6689606308937073,0.008147133514285088,0.4932839274406433,0.5920503735542297,0.027019284665584564,0.4784887731075287,0.5598349571228027,0.03580399230122566,0.4722656309604645,0.5443819761276245,0.04080386832356453,0.5144152045249939,0.7153312563896179,0.012018440291285515,0.5157861709594727,0.6706326007843018,0.030835041776299477,0.5413700342178345,0.6730200052261353,0.03304227441549301,0.5587308406829834,0.6909918785095215,0.0333135761320591,0.4994509518146515,0.7589070200920105,0.016106825321912766,0.5141617655754089,0.7269269227981567,0.03356415778398514,0.5346363186836243,0.7296844720840454,0.04139097407460213,0.548660933971405,0.7457225322723389,0.04800258204340935,0.0,0.0,0.0,0.0,0.0,0.0,0.0,0.0,0.0,0.0,0.0,0.0,0.0,0.0,0.0,0.0,0.0,0.0,0.0,0.0,0.0,0.0,0.0,0.0,0.0,0.0,0.0,0.0,0.0,0.0,0.0,0.0,0.0,0.0,0.0,0.0,0.0,0.0,0.0,0.0,0.0,0.0,0.0,0.0,0.0,0.0,0.0,0.0,0.0,0.0,0.0,0.0,0.0,0.0,0.0,0.0,0.0,0.0,0.0,0.0,0.0,0.0,0.0,we
0.6418920159339905,0.9132212400436401,7.123951490939362e-07,0.6674837470054626,0.7933618426322937,-5.212287214817479e-05,0.64675372838974,0.6972887516021729,-0.004313534125685692,0.5968571901321411,0.6556301116943359,-0.008097992278635502,0.5592801570892334,0.6411504745483398,-0.012036279775202274,0.6059404015541077,0.6381447315216064,-0.02230842038989067,0.5931783318519592,0.5123190879821777,-0.03429247438907623,0.5839138627052307,0.44233080744743347,-0.04055769741535187,0.5736769437789917,0.38938242197036743,-0.041768256574869156,0.5534921288490295,0.6675699949264526,-0.024089958518743515,0.5152985453605652,0.5616675019264221,-0.028043312951922417,0.48840388655662537,0.502834677696228,-0.029479216784238815,0.4632362127304077,0.4649251103401184,-0.0299718976020813,0.5191863775253296,0.7098007202148438,-0.02325425110757351,0.5184571146965027,0.6495583057403564,-0.02292311005294323,0.5465219020843506,0.6550137996673584,-0.019120512530207634,0.5661525726318359,0.6805596947669983,-0.014051764272153378,0.49969014525413513,0.7526199817657471,-0.02255360037088394,0.5121433734893799,0.7005835771560669,-0.015672342851758003,0.534692645072937,0.7046271562576294,-0.0045262668281793594,0.5505456924438477,0.7247751951217651,0.0062650395557284355,0.0,0.0,0.0,0.0,0.0,0.0,0.0,0.0,0.0,0.0,0.0,0.0,0.0,0.0,0.0,0.0,0.0,0.0,0.0,0.0,0.0,0.0,0.0,0.0,0.0,0.0,0.0,0.0,0.0,0.0,0.0,0.0,0.0,0.0,0.0,0.0,0.0,0.0,0.0,0.0,0.0,0.0,0.0,0.0,0.0,0.0,0.0,0.0,0.0,0.0,0.0,0.0,0.0,0.0,0.0,0.0,0.0,0.0,0.0,0.0,0.0,0.0,0.0,we
0.6370510458946228,0.9174877405166626,7.198996740953589e-07,0.6702938675880432,0.7956289649009705,-0.001482081599533558,0.6539663076400757,0.6950774192810059,-0.006193968467414379,0.6070142984390259,0.6464289426803589,-0.009024644270539284,0.5730260014533997,0.6272920966148376,-0.01176948007196188,0.6153915524482727,0.6505393981933594,-0.034116968512535095,0.6072050929069519,0.5138657689094543,-0.04719926416873932,0.5960124135017395,0.44134822487831116,-0.05410676822066307,0.5844311118125916,0.38435178995132446,-0.057066984474658966,0.5594233274459839,0.6757018566131592,-0.034214407205581665,0.5332280993461609,0.5564364790916443,-0.03843167796730995,0.5090038776397705,0.48903152346611023,-0.03744129464030266,0.4841362237930298,0.44281354546546936,-0.03784088417887688,0.5237122774124146,0.7125343680381775,-0.03096402995288372,0.5238355398178101,0.617925226688385,-0.025355897843837738,0.55423903465271,0.6163498163223267,-0.013738158158957958,0.5735650062561035,0.6401883363723755,-0.006161032244563103,0.5062248706817627,0.7514799237251282,-0.02837309241294861,0.5144826173782349,0.6714320182800293,-0.017690349370241165,0.536270797252655,0.667087197303772,-0.0017608478665351868,0.5515317916870117,0.6847456097602844,0.01089721079915762,0.0,0.0,0.0,0.0,0.0,0.0,0.0,0.0,0.0,0.0,0.0,0.0,0.0,0.0,0.0,0.0,0.0,0.0,0.0,0.0,0.0,0.0,0.0,0.0,0.0,0.0,0.0,0.0,0.0,0.0,0.0,0.0,0.0,0.0,0.0,0.0,0.0,0.0,0.0,0.0,0.0,0.0,0.0,0.0,0.0,0.0,0.0,0.0,0.0,0.0,0.0,0.0,0.0,0.0,0.0,0.0,0.0,0.0,0.0,0.0,0.0,0.0,0.0,we
0.6347185373306274,0.915672779083252,7.128132892830763e-07,0.6674813628196716,0.7989489436149597,-0.005212434567511082,0.6497640609741211,0.6968368291854858,-0.009083815850317478,0.6000381112098694,0.6531176567077637,-0.01068939734250307,0.5609374642372131,0.6427963376045227,-0.012093535624444485,0.6106556057929993,0.646932065486908,-0.02855881303548813,0.6041097640991211,0.5146350860595703,-0.03805497661232948,0.5939381122589111,0.4430709481239319,-0.04389506205916405,0.5836551189422607,0.38659968972206116,-0.046548109501600266,0.555341899394989,0.6704989075660706,-0.025907650589942932,0.5330097079277039,0.5571662187576294,-0.02639659307897091,0.5113326907157898,0.48991426825523376,-0.025980962440371513,0.4883841574192047,0.44451799988746643,-0.02704375982284546,0.5211523771286011,0.7067787051200867,-0.020680435001850128,0.5207837224006653,0.6192554831504822,-0.014060546644032001,0.55083829164505,0.6195841431617737,-0.006150148343294859,0.5697149634361267,0.6468601226806641,-0.0010682749561965466,0.50511634349823,0.7463363409042358,-0.016378067433834076,0.5141664743423462,0.6728482246398926,-0.0064727007411420345,0.5361096262931824,0.6683481931686401,0.006274768617004156,0.5513484477996826,0.686432421207428,0.01657390594482422,0.0,0.0,0.0,0.0,0.0,0.0,0.0,0.0,0.0,0.0,0.0,0.0,0.0,0.0,0.0,0.0,0.0,0.0,0.0,0.0,0.0,0.0,0.0,0.0,0.0,0.0,0.0,0.0,0.0,0.0,0.0,0.0,0.0,0.0,0.0,0.0,0.0,0.0,0.0,0.0,0.0,0.0,0.0,0.0,0.0,0.0,0.0,0.0,0.0,0.0,0.0,0.0,0.0,0.0,0.0,0.0,0.0,0.0,0.0,0.0,0.0,0.0,0.0,we
0.6496935486793518,0.9165419936180115,2.486744676843955e-07,0.6707931756973267,0.7948116064071655,0.006467646453529596,0.6440284848213196,0.7008345723152161,0.006059540901333094,0.6056874394416809,0.6524734497070312,0.004560330882668495,0.5761321187019348,0.6293978691101074,0.00231032888405025,0.5924175381660461,0.6446762681007385,-0.010878009721636772,0.5698904991149902,0.5358800888061523,-0.011631997302174568,0.5577685832977295,0.4759313464164734,-0.011664431542158127,0.5453491806983948,0.43040093779563904,-0.013411547057330608,0.5468811988830566,0.6743811964988708,-0.014579718932509422,0.5426726341247559,0.608993649482727,-0.009290295653045177,0.5696868896484375,0.6216396689414978,-0.002583377994596958,0.5892683267593384,0.6437880396842957,-0.0010271643986925483,0.5212565660476685,0.7213374376296997,-0.015397908166050911,0.529565155506134,0.6706069707870483,-0.0060251252725720406,0.5549999475479126,0.681148886680603,0.0055147153325378895,0.5707380175590515,0.7055175304412842,0.008347980678081512,0.5077899098396301,0.7703234553337097,-0.016114573925733566,0.5181988477706909,0.7310943603515625,-0.005854025017470121,0.540092408657074,0.7353323101997375,0.0064448583871126175,0.5533169507980347,0.7540137767791748,0.013905974105000496,0.0,0.0,0.0,0.0,0.0,0.0,0.0,0.0,0.0,0.0,0.0,0.0,0.0,0.0,0.0,0.0,0.0,0.0,0.0,0.0,0.0,0.0,0.0,0.0,0.0,0.0,0.0,0.0,0.0,0.0,0.0,0.0,0.0,0.0,0.0,0.0,0.0,0.0,0.0,0.0,0.0,0.0,0.0,0.0,0.0,0.0,0.0,0.0,0.0,0.0,0.0,0.0,0.0,0.0,0.0,0.0,0.0,0.0,0.0,0.0,0.0,0.0,0.0,we
0.6529041528701782,0.9112797975540161,2.687540074930439e-07,0.6724721789360046,0.7920351028442383,0.005923931021243334,0.644558846950531,0.7000322937965393,0.00899710413068533,0.6049787402153015,0.6499224901199341,0.011362825520336628,0.5731824636459351,0.6311184167861938,0.01285550557076931,0.595862627029419,0.6328610777854919,-0.0022538339253515005,0.5698840022087097,0.5247067809104919,0.0030226614326238632,0.5557990670204163,0.46702343225479126,0.0070157707668840885,0.5420042872428894,0.42659080028533936,0.008748969063162804,0.5492016673088074,0.6615651249885559,-0.003670667065307498,0.533297061920166,0.5993084907531738,0.006951864808797836,0.5535411834716797,0.6039230227470398,0.013349734246730804,0.5723550319671631,0.6212466359138489,0.015813736245036125,0.5206857919692993,0.709163248538971,-0.0024834698997437954,0.5292103290557861,0.6653634905815125,0.008588306605815887,0.5523576140403748,0.6750771999359131,0.014946537092328072,0.5685173273086548,0.6978616714477539,0.01611105352640152,0.5029426217079163,0.7559340000152588,-0.0008216403075493872,0.512708842754364,0.7201248407363892,0.010113362222909927,0.5327408909797668,0.7256028056144714,0.020001720637083054,0.5467239022254944,0.7445474863052368,0.027206262573599815,0.0,0.0,0.0,0.0,0.0,0.0,0.0,0.0,0.0,0.0,0.0,0.0,0.0,0.0,0.0,0.0,0.0,0.0,0.0,0.0,0.0,0.0,0.0,0.0,0.0,0.0,0.0,0.0,0.0,0.0,0.0,0.0,0.0,0.0,0.0,0.0,0.0,0.0,0.0,0.0,0.0,0.0,0.0,0.0,0.0,0.0,0.0,0.0,0.0,0.0,0.0,0.0,0.0,0.0,0.0,0.0,0.0,0.0,0.0,0.0,0.0,0.0,0.0,we
0.6478601694107056,0.892349123954773,5.508075560101133e-07,0.6613893508911133,0.7700852751731873,0.007054142188280821,0.6312068104743958,0.685171902179718,0.008925226517021656,0.5830232501029968,0.6542783379554749,0.008955294266343117,0.5434887409210205,0.6530615091323853,0.008939080871641636,0.5921105742454529,0.6281668543815613,0.0013116326881572604,0.5654364824295044,0.5169788002967834,-0.0008545477758161724,0.5506492853164673,0.4571835994720459,-0.0005132928490638733,0.5358970761299133,0.41485506296157837,0.0018187019741162658,0.5463354587554932,0.6577054262161255,-0.00395414512604475,0.4922359585762024,0.5728623270988464,-0.00267042126506567,0.47009971737861633,0.5388698577880859,-0.0023495429195463657,0.45451927185058594,0.5172320604324341,-0.00010463541548233479,0.515623927116394,0.7013172507286072,-0.007227251306176186,0.5119261145591736,0.658044695854187,-0.004381483420729637,0.5371266007423401,0.6672045588493347,-0.0015419317642226815,0.5548223257064819,0.6878581643104553,0.0034411821980029345,0.49674102663993835,0.7441772222518921,-0.01005643978714943,0.5052464604377747,0.7109417915344238,-7.746501069050282e-05,0.5258032083511353,0.716164231300354,0.01142058800905943,0.5392752885818481,0.7333934903144836,0.02256072126328945,0.0,0.0,0.0,0.0,0.0,0.0,0.0,0.0,0.0,0.0,0.0,0.0,0.0,0.0,0.0,0.0,0.0,0.0,0.0,0.0,0.0,0.0,0.0,0.0,0.0,0.0,0.0,0.0,0.0,0.0,0.0,0.0,0.0,0.0,0.0,0.0,0.0,0.0,0.0,0.0,0.0,0.0,0.0,0.0,0.0,0.0,0.0,0.0,0.0,0.0,0.0,0.0,0.0,0.0,0.0,0.0,0.0,0.0,0.0,0.0,0.0,0.0,0.0,we
0.6475415229797363,0.898840069770813,6.25780785412644e-07,0.6760717630386353,0.7759729623794556,-0.0004729788051918149,0.652688205242157,0.6810845136642456,-0.0035000029020011425,0.6066247820854187,0.6302274465560913,-0.004540520720183849,0.5723016262054443,0.6097208261489868,-0.005582630634307861,0.6063467860221863,0.6301870346069336,-0.022041963413357735,0.5876845121383667,0.5070301294326782,-0.02812834270298481,0.5785198211669922,0.43639180064201355,-0.030235949903726578,0.5699059367179871,0.3834184408187866,-0.03007752262055874,0.5551139712333679,0.6577250361442566,-0.022891869768500328,0.5202227830886841,0.5535110235214233,-0.020286742597818375,0.5118969082832336,0.5061053037643433,-0.016624795272946358,0.5071905255317688,0.4786219596862793,-0.015137595124542713,0.5230228900909424,0.7000412940979004,-0.020938249304890633,0.5196910500526428,0.6257852911949158,-0.01494863722473383,0.5464296340942383,0.6252480149269104,-0.0060996804386377335,0.5669000148773193,0.6491116881370544,-0.0007844794890843332,0.5072903633117676,0.7412616610527039,-0.019105108454823494,0.5108663439750671,0.6794627904891968,-0.00924763921648264,0.532809853553772,0.678590714931488,0.0049283672124147415,0.5473292469978333,0.7000522613525391,0.01617337204515934,0.0,0.0,0.0,0.0,0.0,0.0,0.0,0.0,0.0,0.0,0.0,0.0,0.0,0.0,0.0,0.0,0.0,0.0,0.0,0.0,0.0,0.0,0.0,0.0,0.0,0.0,0.0,0.0,0.0,0.0,0.0,0.0,0.0,0.0,0.0,0.0,0.0,0.0,0.0,0.0,0.0,0.0,0.0,0.0,0.0,0.0,0.0,0.0,0.0,0.0,0.0,0.0,0.0,0.0,0.0,0.0,0.0,0.0,0.0,0.0,0.0,0.0,0.0,we
0.6463822722434998,0.8942955732345581,7.290750545507763e-07,0.6780896782875061,0.7812514305114746,0.0017849140567705035,0.6620832681655884,0.6841781735420227,-0.004255053121596575,0.6090275645256042,0.646368145942688,-0.00946800783276558,0.5688254237174988,0.6397054195404053,-0.01517479121685028,0.6279582381248474,0.6361212730407715,-0.030997581779956818,0.6188433766365051,0.4981990456581116,-0.04447700083255768,0.6112662553787231,0.42500677704811096,-0.05102170258760452,0.6028984189033508,0.3680247366428375,-0.05295012518763542,0.5731525421142578,0.6600903868675232,-0.03348996117711067,0.5446202158927917,0.5396910905838013,-0.03774121403694153,0.5198842883110046,0.47820377349853516,-0.03621647134423256,0.49414610862731934,0.4400516152381897,-0.035639021545648575,0.5348960757255554,0.694667398929596,-0.03242991492152214,0.5236703753471375,0.6040653586387634,-0.028107348829507828,0.5508719682693481,0.6068959832191467,-0.01605737768113613,0.569075345993042,0.632185697555542,-0.0076349941082298756,0.5136638879776001,0.7290585041046143,-0.03148546814918518,0.5148612260818481,0.6533564329147339,-0.020933253690600395,0.5365411043167114,0.655896782875061,-0.003204259555786848,0.5505642294883728,0.6776872873306274,0.011065665632486343,0.0,0.0,0.0,0.0,0.0,0.0,0.0,0.0,0.0,0.0,0.0,0.0,0.0,0.0,0.0,0.0,0.0,0.0,0.0,0.0,0.0,0.0,0.0,0.0,0.0,0.0,0.0,0.0,0.0,0.0,0.0,0.0,0.0,0.0,0.0,0.0,0.0,0.0,0.0,0.0,0.0,0.0,0.0,0.0,0.0,0.0,0.0,0.0,0.0,0.0,0.0,0.0,0.0,0.0,0.0,0.0,0.0,0.0,0.0,0.0,0.0,0.0,0.0,we
0.6407718062400818,0.8939560651779175,7.303722782125988e-07,0.6760739684104919,0.7817469835281372,-0.0027397009544074535,0.6596863269805908,0.6812386512756348,-0.008267166092991829,0.6096623539924622,0.6371051669120789,-0.011987234465777874,0.5710970163345337,0.6244229078292847,-0.015930762514472008,0.6260795593261719,0.6418781876564026,-0.03499654307961464,0.6189975738525391,0.5006635189056396,-0.04777265712618828,0.6112779378890991,0.42525216937065125,-0.052656885236501694,0.6027793288230896,0.36798110604286194,-0.05348552390933037,0.570091724395752,0.6642728447914124,-0.034439779818058014,0.5426734685897827,0.5440797209739685,-0.03866664692759514,0.5193146467208862,0.47940027713775635,-0.037222690880298615,0.49515828490257263,0.4389902353286743,-0.03663093224167824,0.5322147011756897,0.6970357894897461,-0.030702879652380943,0.5252084136009216,0.60871821641922,-0.027997048571705818,0.5533736348152161,0.6144009828567505,-0.01862703263759613,0.5715794563293457,0.6434486508369446,-0.011570770293474197,0.5115838646888733,0.731599748134613,-0.02728734351694584,0.5198473334312439,0.6594638824462891,-0.019863706082105637,0.5422530174255371,0.662125289440155,-0.006473245099186897,0.5558278560638428,0.6848757863044739,0.004941700492054224,0.0,0.0,0.0,0.0,0.0,0.0,0.0,0.0,0.0,0.0,0.0,0.0,0.0,0.0,0.0,0.0,0.0,0.0,0.0,0.0,0.0,0.0,0.0,0.0,0.0,0.0,0.0,0.0,0.0,0.0,0.0,0.0,0.0,0.0,0.0,0.0,0.0,0.0,0.0,0.0,0.0,0.0,0.0,0.0,0.0,0.0,0.0,0.0,0.0,0.0,0.0,0.0,0.0,0.0,0.0,0.0,0.0,0.0,0.0,0.0,0.0,0.0,0.0,we
0.6449238657951355,0.9029945731163025,3.2433976571155654e-07,0.6710940599441528,0.7870010137557983,0.004906166344881058,0.6455506682395935,0.6931028366088867,0.0036980854347348213,0.6047379970550537,0.648767352104187,0.0021015682723373175,0.5767923593521118,0.6283501982688904,8.47715200507082e-05,0.6034626960754395,0.631405770778656,-0.015547768212854862,0.5882052779197693,0.5146870017051697,-0.019302118569612503,0.5792588591575623,0.45074018836021423,-0.018552567809820175,0.5694379806518555,0.40493765473365784,-0.01837686263024807,0.5549254417419434,0.658456563949585,-0.018960822373628616,0.5405857563018799,0.587738037109375,-0.018392635509371758,0.5634450316429138,0.5984216928482056,-0.01160458568483591,0.582924485206604,0.6194262504577637,-0.00769462576135993,0.5248624086380005,0.7029217481613159,-0.019444817677140236,0.5309492349624634,0.6562140583992004,-0.014081324450671673,0.5556845664978027,0.6680422425270081,-0.0025329391937702894,0.5703396797180176,0.6918143630027771,0.002681031823158264,0.506453812122345,0.7504235506057739,-0.019680984318256378,0.5168707370758057,0.7123465538024902,-0.010831853374838829,0.5381922125816345,0.7185083627700806,0.0023206097539514303,0.549587607383728,0.7361054420471191,0.011764449998736382,0.0,0.0,0.0,0.0,0.0,0.0,0.0,0.0,0.0,0.0,0.0,0.0,0.0,0.0,0.0,0.0,0.0,0.0,0.0,0.0,0.0,0.0,0.0,0.0,0.0,0.0,0.0,0.0,0.0,0.0,0.0,0.0,0.0,0.0,0.0,0.0,0.0,0.0,0.0,0.0,0.0,0.0,0.0,0.0,0.0,0.0,0.0,0.0,0.0,0.0,0.0,0.0,0.0,0.0,0.0,0.0,0.0,0.0,0.0,0.0,0.0,0.0,0.0,we
0.6462046504020691,0.8980790376663208,4.866519702773076e-07,0.6626982092857361,0.7792713046073914,0.0037769831251353025,0.6329445838928223,0.6940826177597046,0.005877916235476732,0.5885329246520996,0.662958562374115,0.007375242654234171,0.5494030117988586,0.6587083339691162,0.009120631963014603,0.5863689184188843,0.636250913143158,-0.0034339537378400564,0.5620755553245544,0.5274401903152466,-0.002270258730277419,0.5448480248451233,0.4697459936141968,-0.00014220089360605925,0.5266954302787781,0.4286426305770874,0.002105063758790493,0.5402276515960693,0.6674805879592896,-0.0052729444578289986,0.4899351894855499,0.5910637974739075,0.0008507771999575198,0.46778714656829834,0.5620473027229309,0.003034716472029686,0.45174920558929443,0.5470155477523804,0.004556081723421812,0.5127341151237488,0.7125464081764221,-0.004913548473268747,0.5099996328353882,0.6748167276382446,0.0011655965354293585,0.5365751385688782,0.6831006407737732,0.0027933968231081963,0.5549837946891785,0.7043280005455017,0.005046462640166283,0.4986286461353302,0.7572657465934753,-0.004343691281974316,0.5103963017463684,0.7324826717376709,0.005037820897996426,0.531921923160553,0.7358220815658569,0.012734707444906235,0.546906590461731,0.7514262199401855,0.020327258855104446,0.0,0.0,0.0,0.0,0.0,0.0,0.0,0.0,0.0,0.0,0.0,0.0,0.0,0.0,0.0,0.0,0.0,0.0,0.0,0.0,0.0,0.0,0.0,0.0,0.0,0.0,0.0,0.0,0.0,0.0,0.0,0.0,0.0,0.0,0.0,0.0,0.0,0.0,0.0,0.0,0.0,0.0,0.0,0.0,0.0,0.0,0.0,0.0,0.0,0.0,0.0,0.0,0.0,0.0,0.0,0.0,0.0,0.0,0.0,0.0,0.0,0.0,0.0,we
0.6449498534202576,0.8978760838508606,4.5803759007867484e-07,0.6678534746170044,0.7765488028526306,-0.0015315068885684013,0.6440611481666565,0.6805381178855896,-0.001955249812453985,0.605767011642456,0.6201000809669495,-0.00145234283991158,0.5798102617263794,0.5870546102523804,-4.976107447873801e-05,0.5943256616592407,0.6301363110542297,-0.006991930305957794,0.5705666542053223,0.5199995040893555,-0.006640520412474871,0.5574026107788086,0.4592820405960083,-0.005448781419545412,0.5433453917503357,0.41391560435295105,-0.004070245660841465,0.5481811761856079,0.6569616794586182,-0.00619847746565938,0.5162670016288757,0.5734272599220276,-0.0002002062974497676,0.5111342668533325,0.54549241065979,0.002298332517966628,0.5082159638404846,0.5326570272445679,0.0037332805804908276,0.5189013481140137,0.6978697180747986,-0.003678924636915326,0.526150107383728,0.6468100547790527,0.0025143041275441647,0.5510501861572266,0.6526997089385986,0.0065972283482551575,0.567299485206604,0.6762521266937256,0.009644951671361923,0.5027511119842529,0.7375872135162354,-0.001442978624254465,0.5108960866928101,0.6944554448127747,0.00818727444857359,0.530937671661377,0.6951364278793335,0.017993001267313957,0.5441253185272217,0.714307427406311,0.026552345603704453,0.0,0.0,0.0,0.0,0.0,0.0,0.0,0.0,0.0,0.0,0.0,0.0,0.0,0.0,0.0,0.0,0.0,0.0,0.0,0.0,0.0,0.0,0.0,0.0,0.0,0.0,0.0,0.0,0.0,0.0,0.0,0.0,0.0,0.0,0.0,0.0,0.0,0.0,0.0,0.0,0.0,0.0,0.0,0.0,0.0,0.0,0.0,0.0,0.0,0.0,0.0,0.0,0.0,0.0,0.0,0.0,0.0,0.0,0.0,0.0,0.0,0.0,0.0,we
0.6444329023361206,0.8791535496711731,7.018958285698318e-07,0.6706438064575195,0.7654353976249695,0.000555058941245079,0.65033358335495,0.6676647067070007,-0.002860679291188717,0.5959354043006897,0.6336820721626282,-0.006194400135427713,0.5579118132591248,0.625343382358551,-0.009578793309628963,0.6106311678886414,0.6110895872116089,-0.01689148135483265,0.5950840711593628,0.4838048815727234,-0.02663799747824669,0.5819252729415894,0.41248857975006104,-0.032832976430654526,0.5689713954925537,0.3588032126426697,-0.035269513726234436,0.5597074627876282,0.6449475288391113,-0.019081544131040573,0.5280768275260925,0.5457847118377686,-0.02092999778687954,0.5046765804290771,0.4912671446800232,-0.0215398408472538,0.4818674921989441,0.455413818359375,-0.022796137258410454,0.5261520147323608,0.6866281032562256,-0.018991418182849884,0.5205943584442139,0.6112793684005737,-0.014999615959823132,0.5469546318054199,0.613425612449646,-0.006338923703879118,0.5650262236595154,0.6371822357177734,8.731946581974626e-05,0.5061941742897034,0.7281152606010437,-0.01949053443968296,0.5099943280220032,0.6592176556587219,-0.010186079889535904,0.5310845971107483,0.6592038869857788,0.004797152243554592,0.546085774898529,0.6780233979225159,0.01733705773949623,0.0,0.0,0.0,0.0,0.0,0.0,0.0,0.0,0.0,0.0,0.0,0.0,0.0,0.0,0.0,0.0,0.0,0.0,0.0,0.0,0.0,0.0,0.0,0.0,0.0,0.0,0.0,0.0,0.0,0.0,0.0,0.0,0.0,0.0,0.0,0.0,0.0,0.0,0.0,0.0,0.0,0.0,0.0,0.0,0.0,0.0,0.0,0.0,0.0,0.0,0.0,0.0,0.0,0.0,0.0,0.0,0.0,0.0,0.0,0.0,0.0,0.0,0.0,we
0.644682765007019,0.8801335692405701,6.405671797438117e-07,0.6698158979415894,0.7632548809051514,0.0030934123788028955,0.6478849649429321,0.6668244004249573,0.0014303041389212012,0.5961942076683044,0.638583779335022,-0.0013183940900489688,0.556145191192627,0.6377140879631042,-0.004506205208599567,0.6102998852729797,0.6094266176223755,-0.011336494237184525,0.5966535806655884,0.48401176929473877,-0.017908889800310135,0.5843899846076965,0.4144311547279358,-0.022231144830584526,0.5716527104377747,0.3616947531700134,-0.02408743090927601,0.5588973760604858,0.6390401124954224,-0.01431345660239458,0.528263509273529,0.544609546661377,-0.01426659431308508,0.5043514370918274,0.49263307452201843,-0.01504528895020485,0.4807780683040619,0.4572957754135132,-0.016845213249325752,0.5252871513366699,0.6786037683486938,-0.01497037336230278,0.5221788287162781,0.608562707901001,-0.01062364038079977,0.5483077764511108,0.616204559803009,-0.004091888200491667,0.565567135810852,0.6420969367027283,0.0009295932832174003,0.5057629942893982,0.7199554443359375,-0.015866003930568695,0.5129533410072327,0.6572781801223755,-0.006453078240156174,0.5337770581245422,0.6585147380828857,0.0065153418108820915,0.5485879778862,0.677070140838623,0.01738172583281994,0.0,0.0,0.0,0.0,0.0,0.0,0.0,0.0,0.0,0.0,0.0,0.0,0.0,0.0,0.0,0.0,0.0,0.0,0.0,0.0,0.0,0.0,0.0,0.0,0.0,0.0,0.0,0.0,0.0,0.0,0.0,0.0,0.0,0.0,0.0,0.0,0.0,0.0,0.0,0.0,0.0,0.0,0.0,0.0,0.0,0.0,0.0,0.0,0.0,0.0,0.0,0.0,0.0,0.0,0.0,0.0,0.0,0.0,0.0,0.0,0.0,0.0,0.0,we
0.6388182044029236,0.8764140605926514,6.104186809352541e-07,0.6645324230194092,0.7610636353492737,0.0018191821873188019,0.6413819789886475,0.6609874367713928,0.005403422750532627,0.5985593199729919,0.6089887022972107,0.009892149828374386,0.5762941837310791,0.5765118598937988,0.015060227364301682,0.5985411405563354,0.6024447083473206,-0.007913743145763874,0.5793619751930237,0.47461920976638794,-0.00803563091903925,0.567248523235321,0.40549811720848083,-0.007980549708008766,0.5548728108406067,0.3543587625026703,-0.0060930317267775536,0.5482273697853088,0.6307388544082642,-0.004074288997799158,0.5157167315483093,0.5362330675125122,0.005872711539268494,0.4931982457637787,0.4845961928367615,0.009076734073460102,0.47088688611984253,0.45445096492767334,0.010231227613985538,0.5173549056053162,0.6693630218505859,0.0020499571692198515,0.5190515518188477,0.6094160079956055,0.016228800639510155,0.5468411445617676,0.6147711277008057,0.020164242014288902,0.5643243789672852,0.64154452085495,0.022393133491277695,0.4997004270553589,0.7103379964828491,0.007795245852321386,0.512502908706665,0.6583322286605835,0.02291118912398815,0.53387051820755,0.6617949604988098,0.03260062634944916,0.5490570664405823,0.683745801448822,0.041107676923274994,0.0,0.0,0.0,0.0,0.0,0.0,0.0,0.0,0.0,0.0,0.0,0.0,0.0,0.0,0.0,0.0,0.0,0.0,0.0,0.0,0.0,0.0,0.0,0.0,0.0,0.0,0.0,0.0,0.0,0.0,0.0,0.0,0.0,0.0,0.0,0.0,0.0,0.0,0.0,0.0,0.0,0.0,0.0,0.0,0.0,0.0,0.0,0.0,0.0,0.0,0.0,0.0,0.0,0.0,0.0,0.0,0.0,0.0,0.0,0.0,0.0,0.0,0.0,we
0.6428338885307312,0.8886656761169434,2.9383713240349607e-07,0.663352370262146,0.7672231197357178,0.008900871500372887,0.6364168524742126,0.6728261709213257,0.013857184909284115,0.6029309630393982,0.6161960363388062,0.018703950569033623,0.5804325342178345,0.5819635987281799,0.0232418030500412,0.5837582349777222,0.6159669756889343,-0.0034701800905168056,0.5555614829063416,0.5026353597640991,0.004639964550733566,0.5390092134475708,0.44357535243034363,0.010975855402648449,0.5217831134796143,0.3984743654727936,0.013797879219055176,0.5371794104576111,0.6479446291923523,-0.004058873280882835,0.5173185467720032,0.5674201250076294,0.0125157805159688,0.5354425311088562,0.5653682351112366,0.021610697731375694,0.5505189895629883,0.5776777267456055,0.02426055260002613,0.5121325850486755,0.694935142993927,-0.0010784855112433434,0.5185315608978271,0.641053318977356,0.016133161261677742,0.5458016395568848,0.6477173566818237,0.02415652573108673,0.5617860555648804,0.669937014579773,0.024493928998708725,0.5001168251037598,0.7407776117324829,0.002709922380745411,0.5113633871078491,0.6993621587753296,0.018731988966464996,0.5337374806404114,0.7033349275588989,0.030261320993304253,0.5473837852478027,0.7231162190437317,0.03709099441766739,0.0,0.0,0.0,0.0,0.0,0.0,0.0,0.0,0.0,0.0,0.0,0.0,0.0,0.0,0.0,0.0,0.0,0.0,0.0,0.0,0.0,0.0,0.0,0.0,0.0,0.0,0.0,0.0,0.0,0.0,0.0,0.0,0.0,0.0,0.0,0.0,0.0,0.0,0.0,0.0,0.0,0.0,0.0,0.0,0.0,0.0,0.0,0.0,0.0,0.0,0.0,0.0,0.0,0.0,0.0,0.0,0.0,0.0,0.0,0.0,0.0,0.0,0.0,we
0.6450430154800415,0.8803344964981079,3.1734663252791506e-07,0.6605857014656067,0.7564243674278259,0.013086661696434021,0.6292171478271484,0.6727305054664612,0.021604537963867188,0.5885393619537354,0.6341851353645325,0.02747342362999916,0.5558836460113525,0.61956387758255,0.032725486904382706,0.5819829702377319,0.6139011979103088,0.013918442651629448,0.5498008728027344,0.5130454897880554,0.022603008896112442,0.5317788124084473,0.46104195713996887,0.027708183974027634,0.5137987732887268,0.42207109928131104,0.03044946677982807,0.5383959412574768,0.6491580605506897,0.010152327828109264,0.49936819076538086,0.59052574634552,0.022993767634034157,0.496051162481308,0.5794730186462402,0.026391394436359406,0.4948992431163788,0.5766357779502869,0.02712661772966385,0.5127664804458618,0.6983761787414551,0.009096779860556126,0.5046298503875732,0.6588457822799683,0.02312508225440979,0.5285452604293823,0.6611654758453369,0.0264818724244833,0.5468618273735046,0.676231324672699,0.026613155379891396,0.4987095296382904,0.7451171875,0.008900990709662437,0.5032075643539429,0.7151883244514465,0.023369941860437393,0.5230488777160645,0.7152053117752075,0.032976843416690826,0.538508415222168,0.7274248600006104,0.04047072306275368,0.0,0.0,0.0,0.0,0.0,0.0,0.0,0.0,0.0,0.0,0.0,0.0,0.0,0.0,0.0,0.0,0.0,0.0,0.0,0.0,0.0,0.0,0.0,0.0,0.0,0.0,0.0,0.0,0.0,0.0,0.0,0.0,0.0,0.0,0.0,0.0,0.0,0.0,0.0,0.0,0.0,0.0,0.0,0.0,0.0,0.0,0.0,0.0,0.0,0.0,0.0,0.0,0.0,0.0,0.0,0.0,0.0,0.0,0.0,0.0,0.0,0.0,0.0,we
0.6357700824737549,0.8758515119552612,4.411520251323964e-07,0.6616618633270264,0.7595376968383789,0.004622211679816246,0.6387051939964294,0.6691052317619324,0.014835175126791,0.6071834564208984,0.611260712146759,0.024710355326533318,0.587791383266449,0.5783581733703613,0.03500119596719742,0.5849241018295288,0.6067022085189819,0.013149001635611057,0.5580580830574036,0.5010900497436523,0.02342483028769493,0.5433178544044495,0.4437084197998047,0.02943580411374569,0.5281859040260315,0.4016611576080322,0.033606912940740585,0.5399243235588074,0.6396316885948181,0.01587543450295925,0.5021011829376221,0.5693768262863159,0.03308313712477684,0.4802694022655487,0.5341936945915222,0.035501860082149506,0.4612349569797516,0.5134746432304382,0.03524145856499672,0.513886034488678,0.6865376234054565,0.02002972923219204,0.5160849094390869,0.6489295959472656,0.03379085287451744,0.5435079336166382,0.6527538299560547,0.03134696185588837,0.5625852346420288,0.6719013452529907,0.029484393075108528,0.498784601688385,0.7333414554595947,0.02463928982615471,0.5056174397468567,0.7019432187080383,0.036766234785318375,0.5257249474525452,0.7040349841117859,0.04198608919978142,0.5415099263191223,0.7213121652603149,0.047352131456136703,0.0,0.0,0.0,0.0,0.0,0.0,0.0,0.0,0.0,0.0,0.0,0.0,0.0,0.0,0.0,0.0,0.0,0.0,0.0,0.0,0.0,0.0,0.0,0.0,0.0,0.0,0.0,0.0,0.0,0.0,0.0,0.0,0.0,0.0,0.0,0.0,0.0,0.0,0.0,0.0,0.0,0.0,0.0,0.0,0.0,0.0,0.0,0.0,0.0,0.0,0.0,0.0,0.0,0.0,0.0,0.0,0.0,0.0,0.0,0.0,0.0,0.0,0.0,we
0.6357548236846924,0.876625120639801,4.0786943600323866e-07,0.6595996022224426,0.7606717944145203,0.0024856103118509054,0.6375772953033447,0.6664362549781799,0.008681867271661758,0.609908938407898,0.599858283996582,0.015121472999453545,0.595973789691925,0.5561950206756592,0.02215448208153248,0.5850864052772522,0.6112774610519409,0.0016339652938768268,0.5597379803657532,0.501348614692688,0.007498168386518955,0.5454476475715637,0.4412688612937927,0.011456268839538097,0.5301044583320618,0.3963650166988373,0.013960528187453747,0.5394275188446045,0.6422600746154785,0.003508147317916155,0.5030792355537415,0.5645814538002014,0.015329106710851192,0.4871019423007965,0.531152606010437,0.01751180738210678,0.47380152344703674,0.5108353495597839,0.017365770414471626,0.5133020877838135,0.68784499168396,0.007337598130106926,0.5176054835319519,0.6450114846229553,0.016569683328270912,0.5461287498474121,0.6502127647399902,0.016602225601673126,0.5657041668891907,0.6732915639877319,0.016576962545514107,0.4999271035194397,0.7336261868476868,0.01158131379634142,0.506755530834198,0.7006779909133911,0.021335935220122337,0.5277389883995056,0.7017486691474915,0.027703188359737396,0.5441133975982666,0.7195574641227722,0.03383484482765198,0.0,0.0,0.0,0.0,0.0,0.0,0.0,0.0,0.0,0.0,0.0,0.0,0.0,0.0,0.0,0.0,0.0,0.0,0.0,0.0,0.0,0.0,0.0,0.0,0.0,0.0,0.0,0.0,0.0,0.0,0.0,0.0,0.0,0.0,0.0,0.0,0.0,0.0,0.0,0.0,0.0,0.0,0.0,0.0,0.0,0.0,0.0,0.0,0.0,0.0,0.0,0.0,0.0,0.0,0.0,0.0,0.0,0.0,0.0,0.0,0.0,0.0,0.0,we
0.6335523128509521,0.8763372898101807,5.609044251286832e-07,0.6643373966217041,0.7655582427978516,0.0024879814591258764,0.6426940560340881,0.6613921523094177,0.00900629349052906,0.6066431999206543,0.5910716652870178,0.01705111935734749,0.594989538192749,0.5410664081573486,0.02568945661187172,0.5914796590805054,0.5961347222328186,-0.004421640187501907,0.5721759796142578,0.4734472632408142,-0.0023369709961116314,0.5604671239852905,0.4046320915222168,-0.0017893865006044507,0.5477859973907471,0.35411036014556885,-0.00010349860531277955,0.5430094599723816,0.6250797510147095,0.00040095244185067713,0.5112159848213196,0.534439742565155,0.01386441383510828,0.4927206039428711,0.4840250015258789,0.018477048724889755,0.47311490774154663,0.4536243677139282,0.02035517431795597,0.5145326852798462,0.6665622591972351,0.007564255502074957,0.5207479000091553,0.6148366332054138,0.02379920892417431,0.547909677028656,0.6157950162887573,0.02787274867296219,0.5654305815696716,0.6393716335296631,0.030002132058143616,0.49915778636932373,0.7120330929756165,0.014458078891038895,0.5136861801147461,0.665672779083252,0.030169999226927757,0.5344030857086182,0.6659043431282043,0.039580125361680984,0.5494316220283508,0.6853604316711426,0.04791861027479172,0.0,0.0,0.0,0.0,0.0,0.0,0.0,0.0,0.0,0.0,0.0,0.0,0.0,0.0,0.0,0.0,0.0,0.0,0.0,0.0,0.0,0.0,0.0,0.0,0.0,0.0,0.0,0.0,0.0,0.0,0.0,0.0,0.0,0.0,0.0,0.0,0.0,0.0,0.0,0.0,0.0,0.0,0.0,0.0,0.0,0.0,0.0,0.0,0.0,0.0,0.0,0.0,0.0,0.0,0.0,0.0,0.0,0.0,0.0,0.0,0.0,0.0,0.0,we
0.6323959231376648,0.8818560838699341,5.977051955596835e-07,0.6614682078361511,0.7636932134628296,0.002564213937148452,0.6375520825386047,0.6597421765327454,0.009027358144521713,0.5984840989112854,0.6030645370483398,0.019004521891474724,0.5766475200653076,0.5667392611503601,0.02957204356789589,0.5940778255462646,0.6027917861938477,-0.010280338115990162,0.5777776837348938,0.4676138162612915,-0.0028274692595005035,0.5659548044204712,0.39560502767562866,0.0001578067458467558,0.5505368709564209,0.3399416506290436,0.0019855608697980642,0.5416320562362671,0.6263530254364014,-0.0009446347248740494,0.5205461382865906,0.5182666778564453,0.022190943360328674,0.5018941164016724,0.46552035212516785,0.031235918402671814,0.47892701625823975,0.4313725531101227,0.03323034942150116,0.5115934014320374,0.6621673703193665,0.011729943566024303,0.5181424617767334,0.5875610113143921,0.04231353849172592,0.5497720837593079,0.5827839970588684,0.04946024715900421,0.5705274939537048,0.6031094789505005,0.048712801188230515,0.4952743947505951,0.7031348943710327,0.023994024842977524,0.5090910792350769,0.6429875493049622,0.04898892343044281,0.5322045087814331,0.6412057876586914,0.059239182621240616,0.5497738122940063,0.6601040959358215,0.0652792826294899,0.0,0.0,0.0,0.0,0.0,0.0,0.0,0.0,0.0,0.0,0.0,0.0,0.0,0.0,0.0,0.0,0.0,0.0,0.0,0.0,0.0,0.0,0.0,0.0,0.0,0.0,0.0,0.0,0.0,0.0,0.0,0.0,0.0,0.0,0.0,0.0,0.0,0.0,0.0,0.0,0.0,0.0,0.0,0.0,0.0,0.0,0.0,0.0,0.0,0.0,0.0,0.0,0.0,0.0,0.0,0.0,0.0,0.0,0.0,0.0,0.0,0.0,0.0,we
0.6378640532493591,0.8890396356582642,4.986739554624364e-07,0.6633197069168091,0.7706835865974426,-0.0005087690078653395,0.6384608745574951,0.6621471047401428,0.0024113154504448175,0.6027396321296692,0.5941576361656189,0.007336888462305069,0.5883092284202576,0.546739935874939,0.012803362682461739,0.5901215076446533,0.5996717214584351,-0.013564939610660076,0.5697886347770691,0.4734126329421997,-0.015287140384316444,0.5557287931442261,0.4021248519420624,-0.018824702128767967,0.5380502939224243,0.3477165699005127,-0.021693004295229912,0.5416244268417358,0.6266173720359802,-0.009727190248668194,0.5151867270469666,0.5343973636627197,0.0018251645378768444,0.49542179703712463,0.48581480979919434,0.00535989785566926,0.47203442454338074,0.4537220597267151,0.004495000932365656,0.5128157734870911,0.6702786684036255,-0.0035806435626000166,0.5206027030944824,0.6111268997192383,0.012588226236402988,0.5501433610916138,0.6147903203964233,0.01896522380411625,0.5684641599655151,0.6409609317779541,0.020450077950954437,0.49713677167892456,0.7193261384963989,0.0016790068475529552,0.5122830271720886,0.6731091141700745,0.01486572902649641,0.5315331816673279,0.6772932410240173,0.023501403629779816,0.5438907146453857,0.7003624439239502,0.030215878039598465,0.0,0.0,0.0,0.0,0.0,0.0,0.0,0.0,0.0,0.0,0.0,0.0,0.0,0.0,0.0,0.0,0.0,0.0,0.0,0.0,0.0,0.0,0.0,0.0,0.0,0.0,0.0,0.0,0.0,0.0,0.0,0.0,0.0,0.0,0.0,0.0,0.0,0.0,0.0,0.0,0.0,0.0,0.0,0.0,0.0,0.0,0.0,0.0,0.0,0.0,0.0,0.0,0.0,0.0,0.0,0.0,0.0,0.0,0.0,0.0,0.0,0.0,0.0,we
0.6383782625198364,0.8907526135444641,5.209912501413783e-07,0.6647360920906067,0.7710033655166626,-0.001061631366610527,0.6397202610969543,0.6645251512527466,0.0007709161145612597,0.6016711592674255,0.6022027134895325,0.0038148427847772837,0.5810775756835938,0.561917781829834,0.0070500182919204235,0.5915217995643616,0.5997782945632935,-0.013205469585955143,0.5716845393180847,0.4745903015136719,-0.017233412712812424,0.5571131706237793,0.402835875749588,-0.02223055064678192,0.5391093492507935,0.3482026159763336,-0.02591272071003914,0.5435007810592651,0.6287345886230469,-0.011271029710769653,0.5180673003196716,0.5417459607124329,-0.005915393587201834,0.49608302116394043,0.49233734607696533,-0.006832835730165243,0.470255583524704,0.4575580358505249,-0.00993325188755989,0.5134655833244324,0.6742295622825623,-0.0070981793105602264,0.5172920823097229,0.618261992931366,0.0028276732191443443,0.5460459589958191,0.6212676167488098,0.0072220610454678535,0.5653036236763,0.6455487608909607,0.008939568884670734,0.4966784417629242,0.7247989773750305,-0.0036742824595421553,0.5070492029190063,0.6779941320419312,0.006077932193875313,0.5264257192611694,0.6778730750083923,0.014690575189888477,0.5404283404350281,0.6971161365509033,0.02225392498075962,0.0,0.0,0.0,0.0,0.0,0.0,0.0,0.0,0.0,0.0,0.0,0.0,0.0,0.0,0.0,0.0,0.0,0.0,0.0,0.0,0.0,0.0,0.0,0.0,0.0,0.0,0.0,0.0,0.0,0.0,0.0,0.0,0.0,0.0,0.0,0.0,0.0,0.0,0.0,0.0,0.0,0.0,0.0,0.0,0.0,0.0,0.0,0.0,0.0,0.0,0.0,0.0,0.0,0.0,0.0,0.0,0.0,0.0,0.0,0.0,0.0,0.0,0.0,we
0.6457021832466125,0.8951009511947632,1.9536226147920388e-07,0.6654842495918274,0.7720847725868225,0.014300348237156868,0.6380690932273865,0.6765337586402893,0.023139627650380135,0.6050066351890564,0.6205151677131653,0.030919671058654785,0.5822797417640686,0.5850361585617065,0.03817058727145195,0.5804343223571777,0.6214970350265503,0.005073378328233957,0.5465584397315979,0.510628879070282,0.018560588359832764,0.5282744765281677,0.4545660614967346,0.02692282944917679,0.5099086761474609,0.4108876883983612,0.03034973330795765,0.5348021388053894,0.656345009803772,0.0037630086299031973,0.5162237882614136,0.5818095803260803,0.026869267225265503,0.5402048230171204,0.5826831459999084,0.03809064254164696,0.559913158416748,0.5990763306617737,0.04081440716981888,0.5119912028312683,0.7047479748725891,0.006549812853336334,0.5117875337600708,0.6482402086257935,0.03208469972014427,0.5397012829780579,0.6516501307487488,0.04249255359172821,0.5569947957992554,0.6721044182777405,0.04188009351491928,0.501903235912323,0.7510247826576233,0.010113966651260853,0.5095092058181763,0.7062115669250488,0.03134261071681976,0.5325323343276978,0.7071654200553894,0.04443740099668503,0.5474740266799927,0.7246070504188538,0.05107702687382698,0.0,0.0,0.0,0.0,0.0,0.0,0.0,0.0,0.0,0.0,0.0,0.0,0.0,0.0,0.0,0.0,0.0,0.0,0.0,0.0,0.0,0.0,0.0,0.0,0.0,0.0,0.0,0.0,0.0,0.0,0.0,0.0,0.0,0.0,0.0,0.0,0.0,0.0,0.0,0.0,0.0,0.0,0.0,0.0,0.0,0.0,0.0,0.0,0.0,0.0,0.0,0.0,0.0,0.0,0.0,0.0,0.0,0.0,0.0,0.0,0.0,0.0,0.0,we
0.6200106739997864,0.8341535329818726,5.008662924410601e-07,0.6516310572624207,0.7402392625808716,-0.007906783372163773,0.6311496496200562,0.6531406044960022,-0.008209515362977982,0.6063740253448486,0.6018022298812866,-0.007926315069198608,0.5950024724006653,0.564958930015564,-0.007140123285353184,0.5781871676445007,0.6060621738433838,-0.011689706705510616,0.5555043816566467,0.5121307373046875,-0.017731215804815292,0.5378798246383667,0.45775455236434937,-0.021673770621418953,0.5218986868858337,0.4176226854324341,-0.02393612265586853,0.535210907459259,0.6403561234474182,-0.010104741901159286,0.4999690651893616,0.5687267780303955,-0.012225430458784103,0.48230433464050293,0.5310813784599304,-0.015526575036346912,0.46975579857826233,0.5073937177658081,-0.016744211316108704,0.50892174243927,0.6873913407325745,-0.0080403508618474,0.5167965292930603,0.6563722491264343,-0.012383008375763893,0.5409060120582581,0.6714089512825012,-0.012571488507091999,0.5552446246147156,0.6952344179153442,-0.00911552645266056,0.4936515688896179,0.7379747629165649,-0.006671495269984007,0.5081110596656799,0.7123749852180481,-0.009135163389146328,0.5258479118347168,0.7249382734298706,-0.004406258463859558,0.5357440114021301,0.7445223331451416,0.0028700879774987698,0.6392388343811035,0.8831169009208679,4.943335056850628e-07,0.6598085165023804,0.7579972743988037,0.0017235000850632787,0.6345958709716797,0.6656859517097473,0.008353360928595066,0.5969588756561279,0.6158891320228577,0.014960645698010921,0.5713365077972412,0.5917993783950806,0.022408906370401382,0.5828800797462463,0.6081629991531372,0.0066707250662148,0.5529147982597351,0.4975520968437195,0.013021554797887802,0.5366589426994324,0.44089972972869873,0.017388639971613884,0.5197428464889526,0.39840665459632874,0.021190296858549118,0.5377704501152039,0.6420804262161255,0.009172148071229458,0.49813711643218994,0.5641949772834778,0.02077011577785015,0.4763663411140442,0.5248522162437439,0.021365005522966385,0.4582301378250122,0.4987183213233948,0.021106744185090065,0.5108733177185059,0.6879787445068359,0.013108529150485992,0.518019437789917,0.6433222889900208,0.02243456430733204,0.546804666519165,0.6488139629364014,0.01997952163219452,0.5662708878517151,0.6704774498939514,0.019533270969986916,0.495649516582489,0.7327697277069092,0.01724323257803917,0.5067777633666992,0.6972695589065552,0.027906835079193115,0.5277909636497498,0.6991347074508667,0.03377707302570343,0.5434011816978455,0.7171568870544434,0.04026422277092934,we
0.6367436051368713,0.8793712854385376,6.521622140098771e-07,0.6691688299179077,0.7614706158638,0.0005182174500077963,0.6544463634490967,0.6633840799331665,0.0025771826039999723,0.6065160036087036,0.6252779960632324,0.005724726710468531,0.5711394548416138,0.6143749952316284,0.009193100966513157,0.5981684923171997,0.5971226096153259,-0.006756868213415146,0.5849375128746033,0.46750563383102417,-0.006930723786354065,0.5714240074157715,0.3979998230934143,-0.008233772590756416,0.5565637946128845,0.3453059196472168,-0.008114829659461975,0.5454274415969849,0.6273362636566162,-0.003992709796875715,0.5218253135681152,0.5246309041976929,0.006997555028647184,0.5013371706008911,0.47053927183151245,0.009952026419341564,0.48002904653549194,0.4375649690628052,0.009798558428883553,0.5157639980316162,0.6696750521659851,0.0009678688948042691,0.5186454057693481,0.5983269810676575,0.017753779888153076,0.5473658442497253,0.5944409370422363,0.023920275270938873,0.5673810243606567,0.6161106824874878,0.025905324146151543,0.5015600919723511,0.7147019505500793,0.005132809281349182,0.5088451504707336,0.6537521481513977,0.02225496433675289,0.529742956161499,0.6497763395309448,0.03519289568066597,0.546489953994751,0.6677743792533875,0.04495754465460777,0.0,0.0,0.0,0.0,0.0,0.0,0.0,0.0,0.0,0.0,0.0,0.0,0.0,0.0,0.0,0.0,0.0,0.0,0.0,0.0,0.0,0.0,0.0,0.0,0.0,0.0,0.0,0.0,0.0,0.0,0.0,0.0,0.0,0.0,0.0,0.0,0.0,0.0,0.0,0.0,0.0,0.0,0.0,0.0,0.0,0.0,0.0,0.0,0.0,0.0,0.0,0.0,0.0,0.0,0.0,0.0,0.0,0.0,0.0,0.0,0.0,0.0,0.0,we
0.6364693641662598,0.8794323205947876,6.595550985366572e-07,0.6673518419265747,0.7634677886962891,-0.0036117194686084986,0.6512370705604553,0.6591251492500305,-0.0050668008625507355,0.6014320850372314,0.6170179843902588,-0.004373142495751381,0.5607722401618958,0.6098816394805908,-0.0035005412064492702,0.6026282906532288,0.6034340858459473,-0.02154596522450447,0.5905380249023438,0.4673943519592285,-0.025659939274191856,0.5773512125015259,0.39597660303115845,-0.028756916522979736,0.5626930594444275,0.3400333523750305,-0.030171310529112816,0.5490912199020386,0.6311225295066833,-0.017872627824544907,0.5231637954711914,0.5209022164344788,-0.012017724104225636,0.5012843012809753,0.46069779992103577,-0.010070065036416054,0.4779386520385742,0.4206776022911072,-0.011103016324341297,0.5172574520111084,0.6694756150245667,-0.01149534061551094,0.5188707113265991,0.5865163803100586,0.0007928258273750544,0.5484804511070251,0.5890498757362366,0.008651663549244404,0.5676795840263367,0.6157801151275635,0.012315544299781322,0.5011827945709229,0.7100775241851807,-0.006014424841850996,0.5084582567214966,0.6404887437820435,0.007559289690107107,0.5301465392112732,0.6396030187606812,0.020533176138997078,0.5463247895240784,0.659972608089447,0.03030342049896717,0.0,0.0,0.0,0.0,0.0,0.0,0.0,0.0,0.0,0.0,0.0,0.0,0.0,0.0,0.0,0.0,0.0,0.0,0.0,0.0,0.0,0.0,0.0,0.0,0.0,0.0,0.0,0.0,0.0,0.0,0.0,0.0,0.0,0.0,0.0,0.0,0.0,0.0,0.0,0.0,0.0,0.0,0.0,0.0,0.0,0.0,0.0,0.0,0.0,0.0,0.0,0.0,0.0,0.0,0.0,0.0,0.0,0.0,0.0,0.0,0.0,0.0,0.0,we
0.6378223299980164,0.8762773275375366,6.705815280838578e-07,0.6679912209510803,0.7598038911819458,-0.0012116272700950503,0.6515138149261475,0.6576271653175354,-0.00175125477835536,0.6024645566940308,0.6179723143577576,-0.0008341926732100546,0.5632123947143555,0.610544741153717,-3.2336833100998774e-05,0.6034660339355469,0.6001244187355042,-0.018491070717573166,0.5913475155830383,0.46721819043159485,-0.02246832847595215,0.5779296159744263,0.3953462243080139,-0.02578304335474968,0.5633456707000732,0.33877450227737427,-0.027348386123776436,0.5501400232315063,0.6288798451423645,-0.015735000371932983,0.5259684920310974,0.5213696956634521,-0.009354006499052048,0.5044101476669312,0.46382808685302734,-0.007128736469894648,0.4821263551712036,0.4264388680458069,-0.00796760804951191,0.5177075862884521,0.669011116027832,-0.010211248882114887,0.5198106169700623,0.5910320281982422,0.002429117914289236,0.5480493307113647,0.5964400172233582,0.010587568394839764,0.5669312477111816,0.6253092288970947,0.014487462118268013,0.5006226301193237,0.7120471596717834,-0.005382845643907785,0.5099206566810608,0.6475856900215149,0.009073913097381592,0.5312444567680359,0.6488116979598999,0.022472413256764412,0.5473513007164001,0.669346034526825,0.0324866808950901,0.0,0.0,0.0,0.0,0.0,0.0,0.0,0.0,0.0,0.0,0.0,0.0,0.0,0.0,0.0,0.0,0.0,0.0,0.0,0.0,0.0,0.0,0.0,0.0,0.0,0.0,0.0,0.0,0.0,0.0,0.0,0.0,0.0,0.0,0.0,0.0,0.0,0.0,0.0,0.0,0.0,0.0,0.0,0.0,0.0,0.0,0.0,0.0,0.0,0.0,0.0,0.0,0.0,0.0,0.0,0.0,0.0,0.0,0.0,0.0,0.0,0.0,0.0,we
0.6350881457328796,0.8674303293228149,7.114109052963613e-07,0.6640196442604065,0.7479091286659241,-0.0037838327698409557,0.6440995335578918,0.6506339311599731,-0.0071703726425766945,0.5937091112136841,0.6107739210128784,-0.00886697880923748,0.5569956302642822,0.5986751317977905,-0.010043667629361153,0.6000826954841614,0.5937756299972534,-0.022804081439971924,0.5847306251525879,0.45891788601875305,-0.029586367309093475,0.5725705623626709,0.386511892080307,-0.03324027732014656,0.5585249662399292,0.33040904998779297,-0.03424670547246933,0.5462722778320312,0.6185882687568665,-0.019819770008325577,0.5193895101547241,0.5106387138366699,-0.01893269456923008,0.4950023889541626,0.45213648676872253,-0.01887776516377926,0.46998900175094604,0.41420841217041016,-0.01966850832104683,0.5125437378883362,0.6527984738349915,-0.01430490706115961,0.5185418128967285,0.5776219964027405,-0.006750538479536772,0.5479183197021484,0.5813617706298828,-0.0013662470737472177,0.5674102306365967,0.6085566282272339,0.0024348360020667315,0.49398308992385864,0.6916455030441284,-0.009639502502977848,0.5092458128929138,0.6340548396110535,0.0013481328496709466,0.5320961475372314,0.6360068917274475,0.012229514308273792,0.5483760237693787,0.6570774912834167,0.021763721480965614,0.0,0.0,0.0,0.0,0.0,0.0,0.0,0.0,0.0,0.0,0.0,0.0,0.0,0.0,0.0,0.0,0.0,0.0,0.0,0.0,0.0,0.0,0.0,0.0,0.0,0.0,0.0,0.0,0.0,0.0,0.0,0.0,0.0,0.0,0.0,0.0,0.0,0.0,0.0,0.0,0.0,0.0,0.0,0.0,0.0,0.0,0.0,0.0,0.0,0.0,0.0,0.0,0.0,0.0,0.0,0.0,0.0,0.0,0.0,0.0,0.0,0.0,0.0,we
0.6361433267593384,0.8585906028747559,5.197042582949507e-07,0.6600444316864014,0.7426584959030151,0.001439145184122026,0.6384859681129456,0.642773449420929,0.006207306403666735,0.6040500402450562,0.5809232592582703,0.01223317626863718,0.5880557894706726,0.5418083071708679,0.018998166546225548,0.5886807441711426,0.5761749148368835,-0.007123456336557865,0.5658499598503113,0.44774550199508667,-0.004184149671345949,0.5517231225967407,0.38065701723098755,-0.002690957859158516,0.5349528789520264,0.32943737506866455,-0.0007838074234314263,0.5407240390777588,0.6047205924987793,-0.0026572365313768387,0.5061243176460266,0.5171920657157898,0.011308765038847923,0.4865490198135376,0.4725308418273926,0.015053189359605312,0.4661225378513336,0.44318366050720215,0.01591481827199459,0.5125041604042053,0.6461177468299866,0.0044559938833117485,0.5211763381958008,0.6015881896018982,0.020002655684947968,0.5497607588768005,0.6113111972808838,0.022136881947517395,0.5657707452774048,0.6400849223136902,0.023076685145497322,0.49709105491638184,0.6907972693443298,0.011341744102537632,0.510469377040863,0.6529023051261902,0.026092715561389923,0.5314214825630188,0.6592696309089661,0.034493811428546906,0.545671820640564,0.6848663091659546,0.04240122810006142,0.0,0.0,0.0,0.0,0.0,0.0,0.0,0.0,0.0,0.0,0.0,0.0,0.0,0.0,0.0,0.0,0.0,0.0,0.0,0.0,0.0,0.0,0.0,0.0,0.0,0.0,0.0,0.0,0.0,0.0,0.0,0.0,0.0,0.0,0.0,0.0,0.0,0.0,0.0,0.0,0.0,0.0,0.0,0.0,0.0,0.0,0.0,0.0,0.0,0.0,0.0,0.0,0.0,0.0,0.0,0.0,0.0,0.0,0.0,0.0,0.0,0.0,0.0,we
0.6435530781745911,0.8562015295028687,3.686268996716535e-07,0.6648375988006592,0.7348113656044006,0.007415125146508217,0.6354208588600159,0.6455329060554504,0.014651124365627766,0.5977171659469604,0.6029230356216431,0.021256467327475548,0.569100022315979,0.5807470083236694,0.028411978855729103,0.5830214023590088,0.5803728103637695,0.004052966833114624,0.5517295002937317,0.4620457589626312,0.014498132281005383,0.5336496829986572,0.4044385850429535,0.023024599999189377,0.5144795775413513,0.3623325228691101,0.02893565408885479,0.5366343259811401,0.6158134937286377,0.004082747735083103,0.4991033673286438,0.5434219837188721,0.021915022283792496,0.48106351494789124,0.519157886505127,0.027209559455513954,0.465492844581604,0.5054327249526978,0.028978046029806137,0.5121601819992065,0.6654651165008545,0.007210180163383484,0.5144655704498291,0.6294838190078735,0.025676578283309937,0.5381991863250732,0.6340961456298828,0.027393702417612076,0.5516895651817322,0.6503843069076538,0.025957031175494194,0.4994521141052246,0.7147490978240967,0.010748841799795628,0.5118262767791748,0.6917654275894165,0.02845056541264057,0.5321822166442871,0.7001011371612549,0.03840450569987297,0.5438992381095886,0.7203524112701416,0.04592614993453026,0.0,0.0,0.0,0.0,0.0,0.0,0.0,0.0,0.0,0.0,0.0,0.0,0.0,0.0,0.0,0.0,0.0,0.0,0.0,0.0,0.0,0.0,0.0,0.0,0.0,0.0,0.0,0.0,0.0,0.0,0.0,0.0,0.0,0.0,0.0,0.0,0.0,0.0,0.0,0.0,0.0,0.0,0.0,0.0,0.0,0.0,0.0,0.0,0.0,0.0,0.0,0.0,0.0,0.0,0.0,0.0,0.0,0.0,0.0,0.0,0.0,0.0,0.0,we
0.6424660682678223,0.8555046916007996,3.519803328799753e-07,0.663098931312561,0.729309618473053,0.010048913769423962,0.6346980929374695,0.6443309187889099,0.019732151180505753,0.5961117744445801,0.606760561466217,0.028000731021165848,0.5682059526443481,0.5885350108146667,0.03659510239958763,0.5805871486663818,0.5754786729812622,0.012483237311244011,0.5549243688583374,0.4609951972961426,0.02495061606168747,0.5386613607406616,0.4047964811325073,0.0343707911670208,0.5226583480834961,0.36476823687553406,0.04073827341198921,0.5333841443061829,0.6124833226203918,0.012631285935640335,0.5011060833930969,0.5442354679107666,0.03338811174035072,0.49099037051200867,0.5275729894638062,0.03966686502099037,0.48399728536605835,0.5209182500839233,0.04168194904923439,0.5099510550498962,0.6628791689872742,0.015521426685154438,0.519235372543335,0.6272886991500854,0.036502424627542496,0.5424550175666809,0.6344544887542725,0.037566907703876495,0.5555396676063538,0.6538172364234924,0.03526055067777634,0.49797070026397705,0.7133556604385376,0.01900731958448887,0.512271523475647,0.6884848475456238,0.03844832256436348,0.5316260457038879,0.6943851709365845,0.0472579151391983,0.5440657138824463,0.7130341529846191,0.05371132865548134,0.0,0.0,0.0,0.0,0.0,0.0,0.0,0.0,0.0,0.0,0.0,0.0,0.0,0.0,0.0,0.0,0.0,0.0,0.0,0.0,0.0,0.0,0.0,0.0,0.0,0.0,0.0,0.0,0.0,0.0,0.0,0.0,0.0,0.0,0.0,0.0,0.0,0.0,0.0,0.0,0.0,0.0,0.0,0.0,0.0,0.0,0.0,0.0,0.0,0.0,0.0,0.0,0.0,0.0,0.0,0.0,0.0,0.0,0.0,0.0,0.0,0.0,0.0,we
0.6383282542228699,0.8599996566772461,3.8129888935145573e-07,0.6632925868034363,0.7352952361106873,0.014739710837602615,0.6370782852172852,0.6461676359176636,0.029461055994033813,0.6031668782234192,0.5949973464012146,0.0436343252658844,0.580673098564148,0.5599991083145142,0.05857990309596062,0.5809149146080017,0.5828389525413513,0.019287243485450745,0.551806628704071,0.4746256470680237,0.03839984908699989,0.5372908115386963,0.41854581236839294,0.051702022552490234,0.5235548615455627,0.3775360584259033,0.06076738238334656,0.5304552912712097,0.621559202671051,0.02146065980195999,0.48298221826553345,0.5496430993080139,0.049159497022628784,0.46005886793136597,0.519688069820404,0.059281278401613235,0.44533392786979675,0.507475733757019,0.0640053078532219,0.5056310892105103,0.6710333228111267,0.026761949062347412,0.5015124082565308,0.6273905038833618,0.05451713874936104,0.5264142751693726,0.6228622794151306,0.055834703147411346,0.5434332489967346,0.6350691914558411,0.05344157665967941,0.49505069851875305,0.7203105688095093,0.0332251712679863,0.5036616325378418,0.6892927289009094,0.05770298093557358,0.5245715379714966,0.688231348991394,0.06654971092939377,0.5424733757972717,0.7030256986618042,0.07280280441045761,0.0,0.0,0.0,0.0,0.0,0.0,0.0,0.0,0.0,0.0,0.0,0.0,0.0,0.0,0.0,0.0,0.0,0.0,0.0,0.0,0.0,0.0,0.0,0.0,0.0,0.0,0.0,0.0,0.0,0.0,0.0,0.0,0.0,0.0,0.0,0.0,0.0,0.0,0.0,0.0,0.0,0.0,0.0,0.0,0.0,0.0,0.0,0.0,0.0,0.0,0.0,0.0,0.0,0.0,0.0,0.0,0.0,0.0,0.0,0.0,0.0,0.0,0.0,we
0.6348307728767395,0.8706287741661072,5.021731794840889e-07,0.6684033274650574,0.7491798400878906,0.005422323010861874,0.6430026888847351,0.6470983624458313,0.01532764919102192,0.5999140739440918,0.5888155698776245,0.02567804977297783,0.5763407945632935,0.5600900053977966,0.036983925849199295,0.5928303003311157,0.5793684720993042,0.0077864741906523705,0.567093551158905,0.45606017112731934,0.02017991617321968,0.5512169599533081,0.3910243809223175,0.02772311493754387,0.5352261066436768,0.34362152218818665,0.03332339972257614,0.5400181412696838,0.6091932654380798,0.012359684333205223,0.5022596120834351,0.5248163938522339,0.03423245996236801,0.4780765473842621,0.4801352620124817,0.039928846061229706,0.4561188220977783,0.45394909381866455,0.041574254631996155,0.5093100070953369,0.6505171060562134,0.019463611766695976,0.5126526951789856,0.6021848320960999,0.04176206886768341,0.5392813086509705,0.6052822470664978,0.042214348912239075,0.5559478402137756,0.6296521425247192,0.040788862854242325,0.4920212924480438,0.6938883662223816,0.026643477380275726,0.5021854639053345,0.6486337184906006,0.04696163907647133,0.5232506990432739,0.645703911781311,0.05505279824137688,0.5399860739707947,0.6631184816360474,0.06173977255821228,0.0,0.0,0.0,0.0,0.0,0.0,0.0,0.0,0.0,0.0,0.0,0.0,0.0,0.0,0.0,0.0,0.0,0.0,0.0,0.0,0.0,0.0,0.0,0.0,0.0,0.0,0.0,0.0,0.0,0.0,0.0,0.0,0.0,0.0,0.0,0.0,0.0,0.0,0.0,0.0,0.0,0.0,0.0,0.0,0.0,0.0,0.0,0.0,0.0,0.0,0.0,0.0,0.0,0.0,0.0,0.0,0.0,0.0,0.0,0.0,0.0,0.0,0.0,we
0.6381361484527588,0.8868110179901123,5.631923158944119e-07,0.6675281524658203,0.754790186882019,0.0046149748377501965,0.6372832655906677,0.6494410634040833,0.01120889000594616,0.5864324569702148,0.6023039817810059,0.017134442925453186,0.5491856932640076,0.5844704508781433,0.02429482899606228,0.599574089050293,0.5841382145881653,0.004243707749992609,0.5803909301757812,0.451897531747818,0.008638345636427402,0.5654198527336121,0.38101133704185486,0.011773796752095222,0.5498313903808594,0.3269137144088745,0.014520988799631596,0.5445408225059509,0.6125266551971436,0.005294347181916237,0.5100337862968445,0.5228344798088074,0.015077422372996807,0.4849448800086975,0.4755350947380066,0.01629076898097992,0.46268680691719055,0.44279593229293823,0.01608765684068203,0.5100618004798889,0.6535965204238892,0.0083322050049901,0.5169848203659058,0.5977056622505188,0.02059580571949482,0.5464641451835632,0.604224443435669,0.021385543048381805,0.5653668642044067,0.6296950578689575,0.021820690482854843,0.48858192563056946,0.6976056098937988,0.011245661415159702,0.5040529370307922,0.6481978297233582,0.025291308760643005,0.5272654891014099,0.6506869792938232,0.03351161628961563,0.5435003638267517,0.6708034873008728,0.040997862815856934,0.0,0.0,0.0,0.0,0.0,0.0,0.0,0.0,0.0,0.0,0.0,0.0,0.0,0.0,0.0,0.0,0.0,0.0,0.0,0.0,0.0,0.0,0.0,0.0,0.0,0.0,0.0,0.0,0.0,0.0,0.0,0.0,0.0,0.0,0.0,0.0,0.0,0.0,0.0,0.0,0.0,0.0,0.0,0.0,0.0,0.0,0.0,0.0,0.0,0.0,0.0,0.0,0.0,0.0,0.0,0.0,0.0,0.0,0.0,0.0,0.0,0.0,0.0,we
0.6328198313713074,0.8895719647407532,7.923697467049351e-07,0.6633537411689758,0.7619156241416931,0.0019374459516257048,0.6395419239997864,0.655484676361084,-0.0002581847656983882,0.5822110772132874,0.6169260740280151,-0.0035824785009026527,0.5389738082885742,0.6076439619064331,-0.006925477646291256,0.6044617295265198,0.590660572052002,-0.016845932230353355,0.5902260541915894,0.4432709217071533,-0.02787604369223118,0.5809118747711182,0.36339014768600464,-0.032428015023469925,0.5704334378242493,0.3029007017612457,-0.03253667801618576,0.5459696054458618,0.6183551549911499,-0.019813211634755135,0.5023446083068848,0.5049160122871399,-0.023966291919350624,0.47802218794822693,0.44191017746925354,-0.023884253576397896,0.4571404457092285,0.39925456047058105,-0.023061610758304596,0.5043271780014038,0.6579459309577942,-0.02064606174826622,0.5047200322151184,0.5919033885002136,-0.02011704631149769,0.5351021885871887,0.6040616035461426,-0.013529332354664803,0.5553462505340576,0.6350904107093811,-0.006129875313490629,0.47805139422416687,0.6999951004981995,-0.02184993028640747,0.4913605749607086,0.6422979831695557,-0.01422788854688406,0.5165306329727173,0.6514999866485596,-0.00041236772085539997,0.5329608917236328,0.6766371130943298,0.012692980468273163,0.0,0.0,0.0,0.0,0.0,0.0,0.0,0.0,0.0,0.0,0.0,0.0,0.0,0.0,0.0,0.0,0.0,0.0,0.0,0.0,0.0,0.0,0.0,0.0,0.0,0.0,0.0,0.0,0.0,0.0,0.0,0.0,0.0,0.0,0.0,0.0,0.0,0.0,0.0,0.0,0.0,0.0,0.0,0.0,0.0,0.0,0.0,0.0,0.0,0.0,0.0,0.0,0.0,0.0,0.0,0.0,0.0,0.0,0.0,0.0,0.0,0.0,0.0,we
0.6296960115432739,0.8926745057106018,7.685273999413766e-07,0.663151741027832,0.7627813816070557,0.0006293145706877112,0.6408389210700989,0.6530929207801819,-0.0005976289394311607,0.5855811834335327,0.608630359172821,-0.0020175825338810682,0.5435194969177246,0.5944132804870605,-0.003035804256796837,0.6033904552459717,0.5926393270492554,-0.01837432011961937,0.5904262065887451,0.44020551443099976,-0.027135374024510384,0.5800042748451233,0.36036962270736694,-0.02958999201655388,0.5690299272537231,0.3003838360309601,-0.028370214626193047,0.5432571768760681,0.6207389235496521,-0.01897674798965454,0.5027558207511902,0.504682719707489,-0.021449098363518715,0.47890281677246094,0.43923866748809814,-0.020977700129151344,0.4576619565486908,0.39396247267723083,-0.020015891641378403,0.5024616122245789,0.6598718762397766,-0.0171884186565876,0.5075231790542603,0.586083710193634,-0.014407610520720482,0.5408135056495667,0.5938320159912109,-0.008885765448212624,0.562110424041748,0.6226116418838501,-0.0027694771997630596,0.4778735041618347,0.6998574137687683,-0.015800386667251587,0.49606791138648987,0.6385355591773987,-0.007033569738268852,0.522272527217865,0.6444414854049683,0.004997439216822386,0.5389302372932434,0.6678051948547363,0.01656082458794117,0.0,0.0,0.0,0.0,0.0,0.0,0.0,0.0,0.0,0.0,0.0,0.0,0.0,0.0,0.0,0.0,0.0,0.0,0.0,0.0,0.0,0.0,0.0,0.0,0.0,0.0,0.0,0.0,0.0,0.0,0.0,0.0,0.0,0.0,0.0,0.0,0.0,0.0,0.0,0.0,0.0,0.0,0.0,0.0,0.0,0.0,0.0,0.0,0.0,0.0,0.0,0.0,0.0,0.0,0.0,0.0,0.0,0.0,0.0,0.0,0.0,0.0,0.0,we
0.6266118288040161,0.8947405815124512,8.277011716018023e-07,0.6590550541877747,0.765798032283783,-0.0015166685916483402,0.6357173323631287,0.6538213491439819,-0.007435885723680258,0.579890787601471,0.607157826423645,-0.013300277292728424,0.5380204319953918,0.5883156061172485,-0.018949931487441063,0.5997979044914246,0.5972599983215332,-0.029437575489282608,0.5866668820381165,0.4429713487625122,-0.045551568269729614,0.5782461762428284,0.3597602844238281,-0.05263105779886246,0.5693792104721069,0.2967797517776489,-0.05412906035780907,0.539425790309906,0.6260926127433777,-0.031802866607904434,0.49651360511779785,0.5039854049682617,-0.04068821668624878,0.4700532555580139,0.4346018433570862,-0.04161415621638298,0.4455825090408325,0.38686034083366394,-0.04130670428276062,0.4970117211341858,0.6659327149391174,-0.031614236533641815,0.4965049624443054,0.583450436592102,-0.03270477056503296,0.5271307229995728,0.5919316411018372,-0.023403136059641838,0.5466007590293884,0.6220363974571228,-0.014591268263757229,0.47164493799209595,0.7074872255325317,-0.03220274671912193,0.48757728934288025,0.6434942483901978,-0.02509801648557186,0.5122682452201843,0.6517743468284607,-0.009972632862627506,0.526547372341156,0.6777520179748535,0.0038732748944312334,0.0,0.0,0.0,0.0,0.0,0.0,0.0,0.0,0.0,0.0,0.0,0.0,0.0,0.0,0.0,0.0,0.0,0.0,0.0,0.0,0.0,0.0,0.0,0.0,0.0,0.0,0.0,0.0,0.0,0.0,0.0,0.0,0.0,0.0,0.0,0.0,0.0,0.0,0.0,0.0,0.0,0.0,0.0,0.0,0.0,0.0,0.0,0.0,0.0,0.0,0.0,0.0,0.0,0.0,0.0,0.0,0.0,0.0,0.0,0.0,0.0,0.0,0.0,we
0.6299197673797607,0.9287242889404297,-6.71486617420669e-08,0.6381348371505737,0.8191955089569092,0.03489350900053978,0.6144474744796753,0.7100215554237366,0.0519731268286705,0.5958324074745178,0.6445791125297546,0.058521442115306854,0.5831640362739563,0.5994467735290527,0.06394371390342712,0.5347901582717896,0.6656225919723511,0.04638586565852165,0.5266175270080566,0.5350154638290405,0.05860646441578865,0.520106315612793,0.4602234661579132,0.06645819544792175,0.5101077556610107,0.4066079556941986,0.07076893746852875,0.5056147575378418,0.6754894852638245,0.026038657873868942,0.5277863144874573,0.606115996837616,0.02978575974702835,0.5633288025856018,0.6196316480636597,0.028207115828990936,0.581688642501831,0.639799177646637,0.027691412717103958,0.49872440099716187,0.6888177990913391,0.008930880576372147,0.516770601272583,0.614360511302948,0.007334833033382893,0.5536538362503052,0.6328387260437012,0.011287580244243145,0.5711628794670105,0.6584046483039856,0.016277510672807693,0.5104817152023315,0.6906644701957703,-0.004724136088043451,0.5085833668708801,0.5754024982452393,0.000900619721505791,0.510890543460846,0.5195022821426392,0.013773134909570217,0.5051431655883789,0.48384541273117065,0.024184497073292732,0.0,0.0,0.0,0.0,0.0,0.0,0.0,0.0,0.0,0.0,0.0,0.0,0.0,0.0,0.0,0.0,0.0,0.0,0.0,0.0,0.0,0.0,0.0,0.0,0.0,0.0,0.0,0.0,0.0,0.0,0.0,0.0,0.0,0.0,0.0,0.0,0.0,0.0,0.0,0.0,0.0,0.0,0.0,0.0,0.0,0.0,0.0,0.0,0.0,0.0,0.0,0.0,0.0,0.0,0.0,0.0,0.0,0.0,0.0,0.0,0.0,0.0,0.0,we
0.6413223743438721,0.9214759469032288,4.913063662570494e-07,0.6616515517234802,0.7935906648635864,0.009821436367928982,0.6285005807876587,0.692329466342926,0.022223159670829773,0.5917375087738037,0.6483925580978394,0.03548590838909149,0.5671327710151672,0.6242396235466003,0.049044374376535416,0.5725631713867188,0.6260173916816711,0.014252005144953728,0.5466408729553223,0.512739896774292,0.03379320353269577,0.5304417610168457,0.4534987807273865,0.04552467167377472,0.5133811235427856,0.4124060273170471,0.05216643959283829,0.5207571387290955,0.6679446697235107,0.016876406967639923,0.4694902300834656,0.5903401970863342,0.04658781737089157,0.4614732265472412,0.5709769129753113,0.05915221944451332,0.45963191986083984,0.5665324926376343,0.0648605078458786,0.49241402745246887,0.7225848436355591,0.02234313078224659,0.4823099374771118,0.6640354990959167,0.050236303359270096,0.5042651891708374,0.656751275062561,0.05530868098139763,0.5182745456695557,0.6677873730659485,0.05426023527979851,0.4805482029914856,0.7744619846343994,0.028458109125494957,0.4843209981918335,0.7341926693916321,0.0503881461918354,0.5078850984573364,0.7315428853034973,0.06162215396761894,0.5261885523796082,0.747538685798645,0.06944432109594345,0.0,0.0,0.0,0.0,0.0,0.0,0.0,0.0,0.0,0.0,0.0,0.0,0.0,0.0,0.0,0.0,0.0,0.0,0.0,0.0,0.0,0.0,0.0,0.0,0.0,0.0,0.0,0.0,0.0,0.0,0.0,0.0,0.0,0.0,0.0,0.0,0.0,0.0,0.0,0.0,0.0,0.0,0.0,0.0,0.0,0.0,0.0,0.0,0.0,0.0,0.0,0.0,0.0,0.0,0.0,0.0,0.0,0.0,0.0,0.0,0.0,0.0,0.0,we
0.6303749084472656,0.9345167875289917,6.2814166312819e-07,0.6622999310493469,0.80624920129776,0.0004663356812670827,0.6377360820770264,0.6975756287574768,0.01003564428538084,0.6009383201599121,0.6384361386299133,0.020503384992480278,0.5780884623527527,0.6013571619987488,0.031982988119125366,0.5724841952323914,0.6206492185592651,0.01071161963045597,0.5492007732391357,0.5000488758087158,0.024176599457859993,0.5363272428512573,0.4339059889316559,0.03254340961575508,0.5216936469078064,0.38597726821899414,0.03884466364979744,0.5194606781005859,0.6587749719619751,0.01553343515843153,0.47482550144195557,0.5746042728424072,0.03585170581936836,0.4500351846218109,0.529813289642334,0.04032173752784729,0.4282485544681549,0.5031403303146362,0.04270540177822113,0.48842519521713257,0.7125133872032166,0.021680105477571487,0.49226924777030945,0.6694648265838623,0.03571145609021187,0.5223966240882874,0.6791481375694275,0.031380899250507355,0.5409443974494934,0.704152524471283,0.030121205374598503,0.4718483090400696,0.7643295526504517,0.028158091008663177,0.48527681827545166,0.7268610596656799,0.04059463366866112,0.5104813575744629,0.7330417633056641,0.04544937238097191,0.5297034382820129,0.7553265690803528,0.0520021878182888,0.0,0.0,0.0,0.0,0.0,0.0,0.0,0.0,0.0,0.0,0.0,0.0,0.0,0.0,0.0,0.0,0.0,0.0,0.0,0.0,0.0,0.0,0.0,0.0,0.0,0.0,0.0,0.0,0.0,0.0,0.0,0.0,0.0,0.0,0.0,0.0,0.0,0.0,0.0,0.0,0.0,0.0,0.0,0.0,0.0,0.0,0.0,0.0,0.0,0.0,0.0,0.0,0.0,0.0,0.0,0.0,0.0,0.0,0.0,0.0,0.0,0.0,0.0,we
0.6298578381538391,0.933322548866272,5.860275678060134e-07,0.6580410003662109,0.8013232350349426,0.0037137081380933523,0.6337063908576965,0.6920751929283142,0.014862360432744026,0.5971401333808899,0.6346502304077148,0.026882333680987358,0.5758848786354065,0.5966688394546509,0.04009456932544708,0.5729250311851501,0.6188580989837646,0.01160390954464674,0.5496798157691956,0.4931982159614563,0.027800869196653366,0.537148654460907,0.42667558789253235,0.039152443408966064,0.5240136981010437,0.3781866729259491,0.047707777470350266,0.5185602903366089,0.6565074920654297,0.01690145954489708,0.47076377272605896,0.5667324066162109,0.04278827831149101,0.44709524512290955,0.5215880870819092,0.05197058618068695,0.429216593503952,0.4974577724933624,0.05679422244429588,0.4871150255203247,0.7099691033363342,0.023910170421004295,0.4894040822982788,0.6610611081123352,0.04382576793432236,0.5206378102302551,0.6678726077079773,0.04132463410496712,0.5399843454360962,0.6927769780158997,0.03975865989923477,0.4705198407173157,0.7608098387718201,0.03144993633031845,0.4847891926765442,0.7201122045516968,0.04755153879523277,0.5108776688575745,0.7235333323478699,0.05308503285050392,0.5299209356307983,0.7438880801200867,0.059286799281835556,0.0,0.0,0.0,0.0,0.0,0.0,0.0,0.0,0.0,0.0,0.0,0.0,0.0,0.0,0.0,0.0,0.0,0.0,0.0,0.0,0.0,0.0,0.0,0.0,0.0,0.0,0.0,0.0,0.0,0.0,0.0,0.0,0.0,0.0,0.0,0.0,0.0,0.0,0.0,0.0,0.0,0.0,0.0,0.0,0.0,0.0,0.0,0.0,0.0,0.0,0.0,0.0,0.0,0.0,0.0,0.0,0.0,0.0,0.0,0.0,0.0,0.0,0.0,we
0.6159006953239441,0.9222066402435303,7.181920409493614e-07,0.6502931118011475,0.7921689748764038,0.0007942343945614994,0.6312505006790161,0.6779553890228271,0.006518952548503876,0.6006192564964294,0.600994348526001,0.013647684827446938,0.5930891633033752,0.5471380352973938,0.022044163197278976,0.5681440234184265,0.6057075262069702,-0.0044641876593232155,0.5517783761024475,0.4640708863735199,-0.000911804789211601,0.5404295325279236,0.3875042796134949,0.002415088936686516,0.5267583727836609,0.3309512734413147,0.006327565293759108,0.5109569430351257,0.6404157876968384,-0.0003848129417747259,0.4729980230331421,0.5354917645454407,0.011665393598377705,0.45012950897216797,0.47800880670547485,0.015886781737208366,0.4286876320838928,0.4453480541706085,0.018307941034436226,0.476388156414032,0.6898675560951233,0.005946960765868425,0.4838739037513733,0.6304271817207336,0.018381794914603233,0.5148751735687256,0.6359081864356995,0.020950069651007652,0.5331056714057922,0.6659157276153564,0.02379506081342697,0.4570881128311157,0.7404128313064575,0.012126656249165535,0.47500354051589966,0.6906424760818481,0.02528543397784233,0.4990992844104767,0.6955875754356384,0.034715961664915085,0.5153345465660095,0.7207890748977661,0.04438575357198715,0.0,0.0,0.0,0.0,0.0,0.0,0.0,0.0,0.0,0.0,0.0,0.0,0.0,0.0,0.0,0.0,0.0,0.0,0.0,0.0,0.0,0.0,0.0,0.0,0.0,0.0,0.0,0.0,0.0,0.0,0.0,0.0,0.0,0.0,0.0,0.0,0.0,0.0,0.0,0.0,0.0,0.0,0.0,0.0,0.0,0.0,0.0,0.0,0.0,0.0,0.0,0.0,0.0,0.0,0.0,0.0,0.0,0.0,0.0,0.0,0.0,0.0,0.0,we
0.608366072177887,0.9040398001670837,7.017628149696975e-07,0.6419507265090942,0.7801368236541748,0.003747275797650218,0.6240419149398804,0.6695859432220459,0.0035974422935396433,0.5832516551017761,0.5988608598709106,0.002878129482269287,0.5677366256713867,0.5473554134368896,0.002710300264880061,0.5700491666793823,0.5945234894752502,-0.015368524938821793,0.5479440093040466,0.45028042793273926,-0.025366781279444695,0.5324893593788147,0.37088924646377563,-0.03109157085418701,0.5186012983322144,0.31105202436447144,-0.03208215907216072,0.5127752423286438,0.6267732977867126,-0.015644162893295288,0.46653497219085693,0.5174272060394287,-0.015237868763506413,0.44024795293807983,0.45130062103271484,-0.01332018431276083,0.4160623550415039,0.40943247079849243,-0.012174549512565136,0.47434544563293457,0.6701464653015137,-0.013306938111782074,0.46873846650123596,0.5988852977752686,-0.006138653494417667,0.49864980578422546,0.6001712083816528,0.0021742284297943115,0.5192248821258545,0.6286740303039551,0.009106551297008991,0.4518512189388275,0.7164767384529114,-0.011542154476046562,0.46289950609207153,0.6566179990768433,-0.0004401763726491481,0.4852186143398285,0.6558514833450317,0.012703592889010906,0.501707911491394,0.6775355935096741,0.025236986577510834,0.0,0.0,0.0,0.0,0.0,0.0,0.0,0.0,0.0,0.0,0.0,0.0,0.0,0.0,0.0,0.0,0.0,0.0,0.0,0.0,0.0,0.0,0.0,0.0,0.0,0.0,0.0,0.0,0.0,0.0,0.0,0.0,0.0,0.0,0.0,0.0,0.0,0.0,0.0,0.0,0.0,0.0,0.0,0.0,0.0,0.0,0.0,0.0,0.0,0.0,0.0,0.0,0.0,0.0,0.0,0.0,0.0,0.0,0.0,0.0,0.0,0.0,0.0,we
0.6024885177612305,0.9002560973167419,6.932448854968243e-07,0.6363693475723267,0.7720202803611755,0.0023607646580785513,0.6127288341522217,0.6596354246139526,0.0002323761145817116,0.5589501261711121,0.6039632558822632,-0.0013763996539637446,0.5202096700668335,0.579444169998169,-0.0029912730678915977,0.5696435570716858,0.6039281487464905,-0.027385415509343147,0.5456324219703674,0.451771080493927,-0.03716665878891945,0.5286383628845215,0.37232616543769836,-0.04122914746403694,0.5119937658309937,0.31187498569488525,-0.041688401252031326,0.5100763440132141,0.6351877450942993,-0.027678625658154488,0.46805208921432495,0.5159462690353394,-0.028519032523036003,0.43911147117614746,0.4485190212726593,-0.02652050368487835,0.4109664857387543,0.4049539566040039,-0.026010656729340553,0.47023218870162964,0.6760552525520325,-0.02434745617210865,0.4600050747394562,0.5895550847053528,-0.01658977009356022,0.49011680483818054,0.5911176204681396,-0.007337464950978756,0.5111681222915649,0.6202453374862671,-0.0012434667441993952,0.448490172624588,0.7174887657165527,-0.021411536261439323,0.4571598470211029,0.649348795413971,-0.00937960296869278,0.48045656085014343,0.6511776447296143,0.004604022484272718,0.49676650762557983,0.6756494045257568,0.016400938853621483,0.0,0.0,0.0,0.0,0.0,0.0,0.0,0.0,0.0,0.0,0.0,0.0,0.0,0.0,0.0,0.0,0.0,0.0,0.0,0.0,0.0,0.0,0.0,0.0,0.0,0.0,0.0,0.0,0.0,0.0,0.0,0.0,0.0,0.0,0.0,0.0,0.0,0.0,0.0,0.0,0.0,0.0,0.0,0.0,0.0,0.0,0.0,0.0,0.0,0.0,0.0,0.0,0.0,0.0,0.0,0.0,0.0,0.0,0.0,0.0,0.0,0.0,0.0,we
0.6007877588272095,0.9018057584762573,6.904053293510515e-07,0.6363703012466431,0.7791080474853516,0.002263000700622797,0.6200405359268188,0.6626437306404114,0.0013315739342942834,0.5849832892417908,0.5861067175865173,0.0019423086196184158,0.5677244067192078,0.5367337465286255,0.0031504803337156773,0.5699077248573303,0.6069068908691406,-0.030839329585433006,0.546599268913269,0.4508795738220215,-0.04066571965813637,0.5304672718048096,0.3693464696407318,-0.044744186103343964,0.5146329402923584,0.3078148663043976,-0.04547916725277901,0.5106922388076782,0.6370915770530701,-0.028970198705792427,0.4648456871509552,0.5146753787994385,-0.028615739196538925,0.4392591714859009,0.44617488980293274,-0.02429370768368244,0.4140552878379822,0.4016672372817993,-0.022509297356009483,0.47075024247169495,0.6764746308326721,-0.023272352293133736,0.46002694964408875,0.5859799981117249,-0.013533085584640503,0.4907788634300232,0.5835005640983582,-0.0016941463109105825,0.5124605298042297,0.6115305423736572,0.00568133220076561,0.44832441210746765,0.7174800634384155,-0.01817207969725132,0.4585602879524231,0.6470264196395874,-0.006658399477601051,0.4807712435722351,0.644099771976471,0.006638784427195787,0.497437059879303,0.6648741960525513,0.018122021108865738,0.0,0.0,0.0,0.0,0.0,0.0,0.0,0.0,0.0,0.0,0.0,0.0,0.0,0.0,0.0,0.0,0.0,0.0,0.0,0.0,0.0,0.0,0.0,0.0,0.0,0.0,0.0,0.0,0.0,0.0,0.0,0.0,0.0,0.0,0.0,0.0,0.0,0.0,0.0,0.0,0.0,0.0,0.0,0.0,0.0,0.0,0.0,0.0,0.0,0.0,0.0,0.0,0.0,0.0,0.0,0.0,0.0,0.0,0.0,0.0,0.0,0.0,0.0,we
0.61597740650177,0.897913932800293,5.903789883632271e-07,0.6460829377174377,0.7704869508743286,0.0076312595047056675,0.6213748455047607,0.6634395718574524,0.012763556092977524,0.5782827138900757,0.6078256964683533,0.018152210861444473,0.5456829071044922,0.5844006538391113,0.024212853983044624,0.5602707266807556,0.5869302749633789,-0.00594030087813735,0.5381535887718201,0.44766756892204285,-0.0010386848589405417,0.5195541381835938,0.37379923462867737,0.002920976374298334,0.49990391731262207,0.3205427825450897,0.006439398042857647,0.5040679574012756,0.6207422018051147,-0.005266791675239801,0.46108606457710266,0.5200741291046143,0.008648877032101154,0.43699911236763,0.467227965593338,0.014145230874419212,0.4158579111099243,0.43534016609191895,0.01587865501642227,0.47047320008277893,0.6683611869812012,-0.0008684495696797967,0.46638330817222595,0.6027690172195435,0.017327377572655678,0.49443331360816956,0.6031107902526855,0.022629132494330406,0.5126511454582214,0.6291059851646423,0.02413777820765972,0.4539673924446106,0.718104362487793,0.0037703015841543674,0.46433404088020325,0.6691961884498596,0.022548967972397804,0.48624712228775024,0.6696566939353943,0.03468310087919235,0.5021994709968567,0.6922231316566467,0.04432818293571472,0.0,0.0,0.0,0.0,0.0,0.0,0.0,0.0,0.0,0.0,0.0,0.0,0.0,0.0,0.0,0.0,0.0,0.0,0.0,0.0,0.0,0.0,0.0,0.0,0.0,0.0,0.0,0.0,0.0,0.0,0.0,0.0,0.0,0.0,0.0,0.0,0.0,0.0,0.0,0.0,0.0,0.0,0.0,0.0,0.0,0.0,0.0,0.0,0.0,0.0,0.0,0.0,0.0,0.0,0.0,0.0,0.0,0.0,0.0,0.0,0.0,0.0,0.0,we
0.6304423809051514,0.8728207349777222,4.4789874209527625e-07,0.6439841389656067,0.7440630197525024,0.013554267585277557,0.606269121170044,0.6570672988891602,0.02037205547094345,0.5658152103424072,0.6123037934303284,0.025127969682216644,0.531586229801178,0.5970585942268372,0.030324457213282585,0.5576065182685852,0.58411705493927,0.0028533285949379206,0.517686665058136,0.457767128944397,0.010168650187551975,0.49271684885025024,0.3958436846733093,0.017853286117315292,0.46991366147994995,0.35061168670654297,0.024193452671170235,0.5065224170684814,0.6256771087646484,-0.00016072692233137786,0.4472390413284302,0.5472790002822876,0.012510641478002071,0.41367512941360474,0.5154301524162292,0.017251264303922653,0.38934171199798584,0.4983397126197815,0.019752979278564453,0.4763360917568207,0.6794282793998718,0.0006746269064024091,0.4633214473724365,0.6424451470375061,0.017454860731959343,0.49042102694511414,0.6459660530090332,0.020728373900055885,0.5105730295181274,0.6646484136581421,0.021624712273478508,0.4595412015914917,0.7334043979644775,0.0022248984314501286,0.46424350142478943,0.7041215896606445,0.021829187870025635,0.4843820333480835,0.7093028426170349,0.03331782668828964,0.5009335875511169,0.7266334295272827,0.042414940893650055,0.0,0.0,0.0,0.0,0.0,0.0,0.0,0.0,0.0,0.0,0.0,0.0,0.0,0.0,0.0,0.0,0.0,0.0,0.0,0.0,0.0,0.0,0.0,0.0,0.0,0.0,0.0,0.0,0.0,0.0,0.0,0.0,0.0,0.0,0.0,0.0,0.0,0.0,0.0,0.0,0.0,0.0,0.0,0.0,0.0,0.0,0.0,0.0,0.0,0.0,0.0,0.0,0.0,0.0,0.0,0.0,0.0,0.0,0.0,0.0,0.0,0.0,0.0,we
0.6291958093643188,0.8695815801620483,4.666530344366038e-07,0.6485658884048462,0.7326639890670776,0.008549664169549942,0.6109596490859985,0.6430466771125793,0.012419549748301506,0.5618134140968323,0.6031245589256287,0.014969240874052048,0.5218952298164368,0.597266674041748,0.01713636703789234,0.5595789551734924,0.5822516679763794,-0.0037426166236400604,0.5207344889640808,0.46017155051231384,-0.002910423558205366,0.4953458607196808,0.39413586258888245,-0.002292365301400423,0.4716489613056183,0.34635233879089355,-0.0010981883388012648,0.5079901218414307,0.6226480007171631,-0.0056767892092466354,0.4537253677845001,0.5406374931335449,0.003904662560671568,0.4181194007396698,0.502313494682312,0.006080408580601215,0.38881051540374756,0.4778539538383484,0.0051467944867908955,0.4758282005786896,0.6742581725120544,-0.004591117147356272,0.4662899374961853,0.621218204498291,0.009297230280935764,0.4959564208984375,0.6210777759552002,0.014138836413621902,0.5201218724250793,0.6426673531532288,0.01565701887011528,0.45883384346961975,0.7248528003692627,-0.003423187183216214,0.4542880058288574,0.6798512935638428,0.012343811802566051,0.47474443912506104,0.6733078956604004,0.02347414940595627,0.4947478771209717,0.6876220107078552,0.03202288970351219,0.0,0.0,0.0,0.0,0.0,0.0,0.0,0.0,0.0,0.0,0.0,0.0,0.0,0.0,0.0,0.0,0.0,0.0,0.0,0.0,0.0,0.0,0.0,0.0,0.0,0.0,0.0,0.0,0.0,0.0,0.0,0.0,0.0,0.0,0.0,0.0,0.0,0.0,0.0,0.0,0.0,0.0,0.0,0.0,0.0,0.0,0.0,0.0,0.0,0.0,0.0,0.0,0.0,0.0,0.0,0.0,0.0,0.0,0.0,0.0,0.0,0.0,0.0,we
0.6297613978385925,0.8612960577011108,7.069777439028258e-07,0.6604992151260376,0.7284191846847534,-0.0016803380567580462,0.634511411190033,0.6308948397636414,-0.005078060552477837,0.5860527753829956,0.5762092471122742,-0.007279225625097752,0.5446053147315979,0.5600135922431946,-0.008656444028019905,0.5784596800804138,0.5759440064430237,-0.022698326036334038,0.5480023622512817,0.4352276623249054,-0.029674511402845383,0.5259155631065369,0.36453521251678467,-0.030164578929543495,0.5050595998764038,0.3149557411670685,-0.02760056033730507,0.5230300426483154,0.6109386682510376,-0.02377212420105934,0.46644338965415955,0.49478399753570557,-0.027293706312775612,0.43653005361557007,0.43960005044937134,-0.025933437049388885,0.41368526220321655,0.40576204657554626,-0.023129157721996307,0.48564472794532776,0.6571514010429382,-0.02186601795256138,0.4753137528896332,0.5822732448577881,-0.02191244065761566,0.5024864077568054,0.5876092910766602,-0.014415993355214596,0.5235925912857056,0.6162598133087158,-0.005828554276376963,0.4647057056427002,0.7006712555885315,-0.020075559616088867,0.46332043409347534,0.6340107321739197,-0.011856303550302982,0.4861970543861389,0.6329560279846191,0.0036149194929748774,0.5044471621513367,0.6542684435844421,0.018228674307465553,0.0,0.0,0.0,0.0,0.0,0.0,0.0,0.0,0.0,0.0,0.0,0.0,0.0,0.0,0.0,0.0,0.0,0.0,0.0,0.0,0.0,0.0,0.0,0.0,0.0,0.0,0.0,0.0,0.0,0.0,0.0,0.0,0.0,0.0,0.0,0.0,0.0,0.0,0.0,0.0,0.0,0.0,0.0,0.0,0.0,0.0,0.0,0.0,0.0,0.0,0.0,0.0,0.0,0.0,0.0,0.0,0.0,0.0,0.0,0.0,0.0,0.0,0.0,we
0.6292486190795898,0.8583115339279175,6.61665694678959e-07,0.6571047306060791,0.7198972105979919,0.003419951070100069,0.6276966333389282,0.6247342824935913,0.0018960981396958232,0.5739046931266785,0.5847307443618774,0.000427102466346696,0.5295631885528564,0.5764570236206055,-0.0008521033450961113,0.5799230933189392,0.5716681480407715,-0.017756309360265732,0.5493566989898682,0.4360135495662689,-0.023769492283463478,0.5273138284683228,0.3669874966144562,-0.023905059322714806,0.5066227912902832,0.31882134079933167,-0.02128474973142147,0.522884726524353,0.6071214079856873,-0.02038329467177391,0.4656676948070526,0.4975425899028778,-0.022219160571694374,0.4324796795845032,0.44348955154418945,-0.021492676809430122,0.405551552772522,0.4084470570087433,-0.01992913894355297,0.48442620038986206,0.6530921459197998,-0.019803626462817192,0.47332465648651123,0.5863357782363892,-0.01830432005226612,0.5030419826507568,0.5938424468040466,-0.013204553164541721,0.5261855125427246,0.6227506399154663,-0.0069429040886461735,0.46289122104644775,0.6966572403907776,-0.01886228285729885,0.465243399143219,0.6401975750923157,-0.010352397337555885,0.48837772011756897,0.642736554145813,0.0022890507243573666,0.506547212600708,0.664806067943573,0.014559688977897167,0.0,0.0,0.0,0.0,0.0,0.0,0.0,0.0,0.0,0.0,0.0,0.0,0.0,0.0,0.0,0.0,0.0,0.0,0.0,0.0,0.0,0.0,0.0,0.0,0.0,0.0,0.0,0.0,0.0,0.0,0.0,0.0,0.0,0.0,0.0,0.0,0.0,0.0,0.0,0.0,0.0,0.0,0.0,0.0,0.0,0.0,0.0,0.0,0.0,0.0,0.0,0.0,0.0,0.0,0.0,0.0,0.0,0.0,0.0,0.0,0.0,0.0,0.0,we
0.6417430639266968,0.8732972741127014,8.544619731765124e-07,0.6743078231811523,0.7428835034370422,-0.016331922262907028,0.6445547342300415,0.6286737322807312,-0.029834888875484467,0.5845358967781067,0.571494460105896,-0.038781218230724335,0.5343345403671265,0.5498978495597839,-0.04622269049286842,0.6099478006362915,0.6009974479675293,-0.05724596977233887,0.5831500291824341,0.4455379247665405,-0.07846928387880325,0.5636217594146729,0.3643749952316284,-0.08720023185014725,0.5473105907440186,0.3011153042316437,-0.08997397869825363,0.5490022897720337,0.6391857266426086,-0.054322343319654465,0.4934656322002411,0.5079402923583984,-0.07402098178863525,0.4548294246196747,0.4259759783744812,-0.07924870401620865,0.4215793311595917,0.3680751919746399,-0.08180578052997589,0.50569748878479,0.6817218661308289,-0.048232320696115494,0.4844701588153839,0.5631883144378662,-0.06091777980327606,0.515053391456604,0.5586323142051697,-0.05271153897047043,0.5383280515670776,0.5853909254074097,-0.0430540032684803,0.4809844493865967,0.7180345058441162,-0.04309456795454025,0.48044848442077637,0.6150221228599548,-0.04595412686467171,0.506536602973938,0.6098702549934387,-0.03238953649997711,0.5256068110466003,0.6325055360794067,-0.019032033160328865,0.0,0.0,0.0,0.0,0.0,0.0,0.0,0.0,0.0,0.0,0.0,0.0,0.0,0.0,0.0,0.0,0.0,0.0,0.0,0.0,0.0,0.0,0.0,0.0,0.0,0.0,0.0,0.0,0.0,0.0,0.0,0.0,0.0,0.0,0.0,0.0,0.0,0.0,0.0,0.0,0.0,0.0,0.0,0.0,0.0,0.0,0.0,0.0,0.0,0.0,0.0,0.0,0.0,0.0,0.0,0.0,0.0,0.0,0.0,0.0,0.0,0.0,0.0,we
0.6399539709091187,0.8810864090919495,8.733995287002472e-07,0.6750888824462891,0.7448667883872986,-0.013338709250092506,0.6466871500015259,0.6287424564361572,-0.024265240877866745,0.585991382598877,0.5735287666320801,-0.030191868543624878,0.5363717675209045,0.5564386248588562,-0.03479927033185959,0.6065313220024109,0.6084291934967041,-0.055884748697280884,0.5874411463737488,0.4508119225502014,-0.07456827163696289,0.5718768835067749,0.36936959624290466,-0.0813344195485115,0.5569809675216675,0.3056703209877014,-0.08336649090051651,0.5436751246452332,0.6431967616081238,-0.05140955001115799,0.4918307960033417,0.5131276845932007,-0.06764506548643112,0.45831912755966187,0.4362107813358307,-0.06971006840467453,0.4279770255088806,0.3830004334449768,-0.0703338235616684,0.5020076632499695,0.6836026310920715,-0.04326143115758896,0.4838626980781555,0.5688384175300598,-0.050639037042856216,0.5200945138931274,0.5600560903549194,-0.04018807038664818,0.5472443103790283,0.5826150178909302,-0.03014031983911991,0.48049819469451904,0.719128429889679,-0.03593187406659126,0.4829980731010437,0.6207975149154663,-0.03574801981449127,0.5101956725120544,0.610958993434906,-0.022554783150553703,0.5303400158882141,0.6278858780860901,-0.009900216944515705,0.0,0.0,0.0,0.0,0.0,0.0,0.0,0.0,0.0,0.0,0.0,0.0,0.0,0.0,0.0,0.0,0.0,0.0,0.0,0.0,0.0,0.0,0.0,0.0,0.0,0.0,0.0,0.0,0.0,0.0,0.0,0.0,0.0,0.0,0.0,0.0,0.0,0.0,0.0,0.0,0.0,0.0,0.0,0.0,0.0,0.0,0.0,0.0,0.0,0.0,0.0,0.0,0.0,0.0,0.0,0.0,0.0,0.0,0.0,0.0,0.0,0.0,0.0,we
0.6429659128189087,0.8813426494598389,7.860559207983897e-07,0.6732298731803894,0.7506831288337708,-0.0075402590446174145,0.6432515978813171,0.638616144657135,-0.013885602355003357,0.5852694511413574,0.5852391123771667,-0.017207354307174683,0.5443210601806641,0.5576568841934204,-0.019821200519800186,0.5984196066856384,0.5971787571907043,-0.038479793816804886,0.57689368724823,0.4541671574115753,-0.05231400579214096,0.5598911643028259,0.3756071925163269,-0.05854485183954239,0.5438408851623535,0.315908282995224,-0.06049319729208946,0.5405445694923401,0.6301933526992798,-0.03593272343277931,0.490420937538147,0.5142694115638733,-0.045185305178165436,0.453950434923172,0.4439845085144043,-0.04738887399435043,0.41992756724357605,0.39788904786109924,-0.04851587489247322,0.5016214847564697,0.6735432744026184,-0.030146602541208267,0.48569029569625854,0.5865247845649719,-0.03225252032279968,0.5185346007347107,0.5867592096328735,-0.023983750492334366,0.5425900220870972,0.6145184636116028,-0.015934698283672333,0.4811569154262543,0.7157135605812073,-0.02501613274216652,0.4823867380619049,0.6386905908584595,-0.021203292533755302,0.5073752999305725,0.6380921006202698,-0.008305689319968224,0.5259349346160889,0.6619537472724915,0.0042434390634298325,0.0,0.0,0.0,0.0,0.0,0.0,0.0,0.0,0.0,0.0,0.0,0.0,0.0,0.0,0.0,0.0,0.0,0.0,0.0,0.0,0.0,0.0,0.0,0.0,0.0,0.0,0.0,0.0,0.0,0.0,0.0,0.0,0.0,0.0,0.0,0.0,0.0,0.0,0.0,0.0,0.0,0.0,0.0,0.0,0.0,0.0,0.0,0.0,0.0,0.0,0.0,0.0,0.0,0.0,0.0,0.0,0.0,0.0,0.0,0.0,0.0,0.0,0.0,we
0.643120527267456,0.8806257247924805,7.875648293520499e-07,0.6727471947669983,0.7472524046897888,-0.0087136747315526,0.6403542160987854,0.6342989802360535,-0.01469719409942627,0.5802583694458008,0.5845326781272888,-0.017067302018404007,0.5324606895446777,0.5705933570861816,-0.018577218055725098,0.5975670218467712,0.5984940528869629,-0.038106173276901245,0.5759750008583069,0.45266246795654297,-0.0498327873647213,0.5591530203819275,0.37525177001953125,-0.05437157675623894,0.5432984232902527,0.3159501254558563,-0.05523601546883583,0.5393834710121155,0.6315650343894958,-0.03427428379654884,0.4878861904144287,0.5142108201980591,-0.041774339973926544,0.45137104392051697,0.44506222009658813,-0.04349435493350029,0.41774335503578186,0.3994697034358978,-0.04436420276761055,0.5010217428207397,0.6734282970428467,-0.02721499092876911,0.4850737452507019,0.5839198231697083,-0.027777645736932755,0.5180791616439819,0.5808697938919067,-0.020726406946778297,0.5426333546638489,0.6064713597297668,-0.013876620680093765,0.4817197322845459,0.7127306461334229,-0.020863933488726616,0.4845292568206787,0.6340740919113159,-0.015466737560927868,0.5098541975021362,0.6292588114738464,-0.0033162718173116446,0.5289759039878845,0.6497755646705627,0.00813177041709423,0.0,0.0,0.0,0.0,0.0,0.0,0.0,0.0,0.0,0.0,0.0,0.0,0.0,0.0,0.0,0.0,0.0,0.0,0.0,0.0,0.0,0.0,0.0,0.0,0.0,0.0,0.0,0.0,0.0,0.0,0.0,0.0,0.0,0.0,0.0,0.0,0.0,0.0,0.0,0.0,0.0,0.0,0.0,0.0,0.0,0.0,0.0,0.0,0.0,0.0,0.0,0.0,0.0,0.0,0.0,0.0,0.0,0.0,0.0,0.0,0.0,0.0,0.0,we
0.6494265198707581,0.865778386592865,5.37543883183389e-07,0.669780969619751,0.7379356026649475,0.00566368643194437,0.6342563629150391,0.6455235481262207,0.006250624544918537,0.5838913917541504,0.607083261013031,0.006103177554905415,0.5446124076843262,0.5982704162597656,0.006013977807015181,0.577006995677948,0.5855856537818909,-0.011373276822268963,0.5385605096817017,0.45421814918518066,-0.014503060840070248,0.5102676153182983,0.38522589206695557,-0.016072137281298637,0.48495596647262573,0.3352166712284088,-0.016387181356549263,0.5250405669212341,0.6275712251663208,-0.014208754524588585,0.46890464425086975,0.5424697399139404,-0.008572595193982124,0.4408155083656311,0.5080445408821106,-0.006287937983870506,0.419420450925827,0.48684242367744446,-0.006605277303606272,0.49624142050743103,0.6799171566963196,-0.013839706778526306,0.4832819104194641,0.6209266185760498,-0.003568684682250023,0.5101190805435181,0.6229402422904968,0.004852601792663336,0.5301648378372192,0.6455554962158203,0.009189571253955364,0.48405444622039795,0.730817437171936,-0.013626256957650185,0.4842878580093384,0.6805574893951416,-0.00016792438691481948,0.5059333443641663,0.680112898349762,0.014609131030738354,0.5228891372680664,0.6975108981132507,0.02639222890138626,0.0,0.0,0.0,0.0,0.0,0.0,0.0,0.0,0.0,0.0,0.0,0.0,0.0,0.0,0.0,0.0,0.0,0.0,0.0,0.0,0.0,0.0,0.0,0.0,0.0,0.0,0.0,0.0,0.0,0.0,0.0,0.0,0.0,0.0,0.0,0.0,0.0,0.0,0.0,0.0,0.0,0.0,0.0,0.0,0.0,0.0,0.0,0.0,0.0,0.0,0.0,0.0,0.0,0.0,0.0,0.0,0.0,0.0,0.0,0.0,0.0,0.0,0.0,we
0.6587549448013306,0.8726888298988342,3.4922541658488626e-07,0.6739553809165955,0.7470797896385193,0.018102724105119705,0.6350481510162354,0.6588749289512634,0.03000313974916935,0.5931624174118042,0.6074244976043701,0.04043077677488327,0.5614801049232483,0.5849272012710571,0.0514238215982914,0.5758419036865234,0.5862424969673157,0.009517998434603214,0.5353409647941589,0.4728674292564392,0.021642757579684258,0.514778733253479,0.4147757887840271,0.03347574919462204,0.4974091351032257,0.3754391074180603,0.042185794562101364,0.523885190486908,0.6289421319961548,0.005431924015283585,0.4633699357509613,0.5517539978027344,0.02057866007089615,0.44667860865592957,0.5350755453109741,0.03149700164794922,0.44085749983787537,0.5379586815834045,0.039995357394218445,0.4962036907672882,0.68545001745224,0.005199084058403969,0.48870179057121277,0.6444846987724304,0.022762684151530266,0.5121555924415588,0.6453643441200256,0.029965661466121674,0.5301425457000732,0.6624691486358643,0.0343305878341198,0.4857732057571411,0.7415187358856201,0.006323335226625204,0.49512994289398193,0.7044745087623596,0.026482198387384415,0.5139610171318054,0.7077074646949768,0.03945273905992508,0.5279802083969116,0.7227177023887634,0.04990372806787491,0.0,0.0,0.0,0.0,0.0,0.0,0.0,0.0,0.0,0.0,0.0,0.0,0.0,0.0,0.0,0.0,0.0,0.0,0.0,0.0,0.0,0.0,0.0,0.0,0.0,0.0,0.0,0.0,0.0,0.0,0.0,0.0,0.0,0.0,0.0,0.0,0.0,0.0,0.0,0.0,0.0,0.0,0.0,0.0,0.0,0.0,0.0,0.0,0.0,0.0,0.0,0.0,0.0,0.0,0.0,0.0,0.0,0.0,0.0,0.0,0.0,0.0,0.0,we
0.6504030823707581,0.8761962652206421,5.597632366516336e-07,0.676832377910614,0.7472066283226013,0.0035372383426874876,0.6398587226867676,0.6516484022140503,0.0070355175994336605,0.5862881541252136,0.610708475112915,0.010799728333950043,0.5480128526687622,0.6032854914665222,0.014826249331235886,0.5783320069313049,0.5812463164329529,-0.007829741574823856,0.5371322631835938,0.45076993107795715,-0.0057253907434642315,0.5121923089027405,0.38001421093940735,-0.0026741281617432833,0.48926326632499695,0.32967904210090637,0.00040643507963977754,0.5265027284622192,0.6261787414550781,-0.006497670896351337,0.4733664393424988,0.549820065498352,0.0021464999299496412,0.44738075137138367,0.5179815292358398,0.005853645037859678,0.42815977334976196,0.5033750534057617,0.008335944265127182,0.4980718493461609,0.6797604560852051,-0.002079740632325411,0.4894298315048218,0.6296600699424744,0.00928266067057848,0.5152410864830017,0.6315754055976868,0.01356096938252449,0.5356853604316711,0.6559320688247681,0.016835611313581467,0.484455406665802,0.7302393317222595,0.0024264524690806866,0.49145233631134033,0.6855056285858154,0.016026737168431282,0.5134394764900208,0.6895337700843811,0.02715236134827137,0.5314726233482361,0.7116867303848267,0.03751585632562637,0.0,0.0,0.0,0.0,0.0,0.0,0.0,0.0,0.0,0.0,0.0,0.0,0.0,0.0,0.0,0.0,0.0,0.0,0.0,0.0,0.0,0.0,0.0,0.0,0.0,0.0,0.0,0.0,0.0,0.0,0.0,0.0,0.0,0.0,0.0,0.0,0.0,0.0,0.0,0.0,0.0,0.0,0.0,0.0,0.0,0.0,0.0,0.0,0.0,0.0,0.0,0.0,0.0,0.0,0.0,0.0,0.0,0.0,0.0,0.0,0.0,0.0,0.0,we
0.6535673141479492,0.8893690705299377,5.129218152433168e-07,0.6803393363952637,0.7580219507217407,-0.0006590805132873356,0.6451178193092346,0.6503912806510925,0.0040986500680446625,0.5932941436767578,0.6072335243225098,0.010553163476288319,0.5567132830619812,0.5990226864814758,0.018526675179600716,0.5818301439285278,0.5891292095184326,-0.006904423702508211,0.5474286675453186,0.45318785309791565,-0.0019201786490157247,0.5273995995521545,0.3829571306705475,0.002850221237167716,0.5068298578262329,0.3306865692138672,0.0069159106351435184,0.5289665460586548,0.6303017735481262,-0.00171808828599751,0.4900713860988617,0.5429338812828064,0.009926311671733856,0.4588826596736908,0.5034435391426086,0.012715804390609264,0.4291386306285858,0.48113909363746643,0.013470620848238468,0.5000158548355103,0.6785244345664978,0.006285946816205978,0.5012450218200684,0.6193194389343262,0.022385790944099426,0.5283811092376709,0.6152968406677246,0.025164134800434113,0.5459944605827332,0.6334438920021057,0.025813788175582886,0.4860868752002716,0.725904107093811,0.013761325739324093,0.4968019723892212,0.6742193102836609,0.03130704537034035,0.5179992914199829,0.6696270108222961,0.04148024693131447,0.5336979031562805,0.685082197189331,0.049782779067754745,0.0,0.0,0.0,0.0,0.0,0.0,0.0,0.0,0.0,0.0,0.0,0.0,0.0,0.0,0.0,0.0,0.0,0.0,0.0,0.0,0.0,0.0,0.0,0.0,0.0,0.0,0.0,0.0,0.0,0.0,0.0,0.0,0.0,0.0,0.0,0.0,0.0,0.0,0.0,0.0,0.0,0.0,0.0,0.0,0.0,0.0,0.0,0.0,0.0,0.0,0.0,0.0,0.0,0.0,0.0,0.0,0.0,0.0,0.0,0.0,0.0,0.0,0.0,we
0.654066801071167,0.8871034383773804,5.388635599956615e-07,0.6816893219947815,0.7571773529052734,0.0018574218265712261,0.6494947075843811,0.6500303745269775,0.00864644255489111,0.595700204372406,0.6020030379295349,0.016640646383166313,0.5575407147407532,0.5821235775947571,0.02649701200425625,0.5820536613464355,0.5833388566970825,0.0007276504766196012,0.5470556020736694,0.4490252137184143,0.009419181384146214,0.5277172923088074,0.378923237323761,0.016132092103362083,0.5082429051399231,0.3261847496032715,0.021480988711118698,0.5280963778495789,0.6246651411056519,0.005026657599955797,0.48350995779037476,0.5383495688438416,0.019960694015026093,0.4545348286628723,0.4983503222465515,0.023186825215816498,0.4283497631549835,0.4743674695491791,0.02413702756166458,0.49886542558670044,0.6742194294929504,0.012127583846449852,0.4996653199195862,0.6135811805725098,0.028465190902352333,0.5270439982414246,0.6169213056564331,0.030109701678156853,0.5431657433509827,0.6403635740280151,0.030403578653931618,0.48515602946281433,0.7208814024925232,0.01922939531505108,0.49685966968536377,0.6686304211616516,0.03613725304603577,0.5189619660377502,0.6685768365859985,0.04580417647957802,0.5339159965515137,0.6870610117912292,0.054323986172676086,0.0,0.0,0.0,0.0,0.0,0.0,0.0,0.0,0.0,0.0,0.0,0.0,0.0,0.0,0.0,0.0,0.0,0.0,0.0,0.0,0.0,0.0,0.0,0.0,0.0,0.0,0.0,0.0,0.0,0.0,0.0,0.0,0.0,0.0,0.0,0.0,0.0,0.0,0.0,0.0,0.0,0.0,0.0,0.0,0.0,0.0,0.0,0.0,0.0,0.0,0.0,0.0,0.0,0.0,0.0,0.0,0.0,0.0,0.0,0.0,0.0,0.0,0.0,we
0.6578473448753357,0.8952191472053528,6.026234018463583e-07,0.6830846071243286,0.7597185373306274,0.00028956617461517453,0.6486460566520691,0.6473515629768372,0.007136765401810408,0.5950407981872559,0.604160726070404,0.016236329451203346,0.5560752153396606,0.5995610952377319,0.02651982195675373,0.5867771506309509,0.5826156139373779,-0.00284847104921937,0.5620824694633484,0.44504278898239136,0.00576386135071516,0.5460518002510071,0.3725441098213196,0.010934803634881973,0.5285663604736328,0.31630080938339233,0.014593170955777168,0.5310723781585693,0.6184506416320801,0.003921936731785536,0.4938329756259918,0.5235838890075684,0.02226388454437256,0.46754467487335205,0.47547435760498047,0.027049997821450233,0.44277846813201904,0.4443581700325012,0.027537183836102486,0.501395583152771,0.6660109162330627,0.013507259078323841,0.5047174692153931,0.6070123314857483,0.03505518287420273,0.5364654064178467,0.6061962842941284,0.03763685002923012,0.5582888126373291,0.6299166679382324,0.03692621365189552,0.4896788001060486,0.7137770056724548,0.02263803780078888,0.49814221262931824,0.6642733216285706,0.043316055089235306,0.5211121439933777,0.659967303276062,0.0532117523252964,0.5395110845565796,0.6771453022956848,0.06052800267934799,0.0,0.0,0.0,0.0,0.0,0.0,0.0,0.0,0.0,0.0,0.0,0.0,0.0,0.0,0.0,0.0,0.0,0.0,0.0,0.0,0.0,0.0,0.0,0.0,0.0,0.0,0.0,0.0,0.0,0.0,0.0,0.0,0.0,0.0,0.0,0.0,0.0,0.0,0.0,0.0,0.0,0.0,0.0,0.0,0.0,0.0,0.0,0.0,0.0,0.0,0.0,0.0,0.0,0.0,0.0,0.0,0.0,0.0,0.0,0.0,0.0,0.0,0.0,we
0.6496031284332275,0.8930611610412598,6.016081215420854e-07,0.6746534705162048,0.7627415657043457,-0.004287851974368095,0.6458724141120911,0.6499972343444824,-0.0003012677771039307,0.6012438535690308,0.5811260938644409,0.005948918405920267,0.5792348384857178,0.5376483201980591,0.014049344696104527,0.5786073207855225,0.5839638710021973,-0.006912655662745237,0.5524168014526367,0.44790998101234436,-0.004072114825248718,0.5367748737335205,0.3778494894504547,-0.0014870200539007783,0.5196795463562012,0.32571932673454285,0.0014443881809711456,0.5259522795677185,0.6224576830863953,-0.0013428011443465948,0.4810664653778076,0.5260721445083618,0.009250173345208168,0.4543875753879547,0.4745944142341614,0.011216933839023113,0.4288884401321411,0.44361254572868347,0.011629145592451096,0.49701523780822754,0.6729385256767273,0.006037555634975433,0.4996110498905182,0.6148498058319092,0.016988059505820274,0.5302578210830688,0.6144962310791016,0.01710340566933155,0.549296498298645,0.6378668546676636,0.017622144892811775,0.48425012826919556,0.7226258516311646,0.012834440916776657,0.4959647059440613,0.6744354963302612,0.024620704352855682,0.5194610357284546,0.673069953918457,0.03193407133221626,0.5361565351486206,0.6932305693626404,0.039482396095991135,0.0,0.0,0.0,0.0,0.0,0.0,0.0,0.0,0.0,0.0,0.0,0.0,0.0,0.0,0.0,0.0,0.0,0.0,0.0,0.0,0.0,0.0,0.0,0.0,0.0,0.0,0.0,0.0,0.0,0.0,0.0,0.0,0.0,0.0,0.0,0.0,0.0,0.0,0.0,0.0,0.0,0.0,0.0,0.0,0.0,0.0,0.0,0.0,0.0,0.0,0.0,0.0,0.0,0.0,0.0,0.0,0.0,0.0,0.0,0.0,0.0,0.0,0.0,we
0.6528903245925903,0.8906624913215637,2.7528636792339967e-07,0.6729576587677002,0.7553415298461914,0.006199309136718512,0.6419714689254761,0.6548025012016296,0.00833545345813036,0.5973510146141052,0.608697235584259,0.010130778886377811,0.5601973533630371,0.5935113430023193,0.011112944222986698,0.5736400485038757,0.5941480994224548,-0.009070191532373428,0.5365617275238037,0.4610432982444763,-0.005900939926505089,0.5137453675270081,0.3895699679851532,-0.0030495973769575357,0.4904056191444397,0.33826369047164917,-0.0028547460678964853,0.5227896571159363,0.6340461373329163,-0.010058002546429634,0.5030564069747925,0.5552552342414856,-0.002188056940212846,0.5312466621398926,0.567251980304718,0.005397616419941187,0.5527810454368591,0.5907459259033203,0.008407114073634148,0.4973680078983307,0.688491702079773,-0.007601832505315542,0.49521222710609436,0.6250299215316772,0.004900163505226374,0.5256219506263733,0.6324558854103088,0.016136523336172104,0.5447447299957275,0.6572104096412659,0.019138680770993233,0.48734307289123535,0.7397790551185608,-0.004619946237653494,0.48663678765296936,0.6876285076141357,0.00927611906081438,0.5107070803642273,0.6864255666732788,0.023794393986463547,0.5271012783050537,0.703392744064331,0.03327707201242447,0.0,0.0,0.0,0.0,0.0,0.0,0.0,0.0,0.0,0.0,0.0,0.0,0.0,0.0,0.0,0.0,0.0,0.0,0.0,0.0,0.0,0.0,0.0,0.0,0.0,0.0,0.0,0.0,0.0,0.0,0.0,0.0,0.0,0.0,0.0,0.0,0.0,0.0,0.0,0.0,0.0,0.0,0.0,0.0,0.0,0.0,0.0,0.0,0.0,0.0,0.0,0.0,0.0,0.0,0.0,0.0,0.0,0.0,0.0,0.0,0.0,0.0,0.0,we
0.6532507538795471,0.8936270475387573,1.917074854418388e-07,0.674752950668335,0.7605131268501282,0.003522176295518875,0.6443835496902466,0.660345733165741,0.005217141937464476,0.5981819033622742,0.6107594966888428,0.0070494432002305984,0.5628103613853455,0.5900385975837708,0.008198377676308155,0.5735546946525574,0.5960636138916016,-0.011511055752635002,0.5376787185668945,0.4648160934448242,-0.008628434501588345,0.5146045684814453,0.39362528920173645,-0.005396537948399782,0.49223291873931885,0.3423424959182739,-0.004777481779456139,0.5226502418518066,0.6328102350234985,-0.011280952952802181,0.5176981091499329,0.565638542175293,-0.0037986477836966515,0.545030415058136,0.5825986266136169,0.0038111128378659487,0.5647323131561279,0.6070647835731506,0.007041126489639282,0.49745792150497437,0.6849057078361511,-0.007878284901380539,0.5082457661628723,0.6322280168533325,0.003261456498876214,0.5349292159080505,0.6445544362068176,0.013233393430709839,0.5515075922012329,0.6706233620643616,0.015873467549681664,0.4858165979385376,0.7351674437522888,-0.004146997816860676,0.4942460358142853,0.6900457739830017,0.008199519477784634,0.5170058608055115,0.6938921809196472,0.021301861852407455,0.5320486426353455,0.7135944962501526,0.030479516834020615,0.0,0.0,0.0,0.0,0.0,0.0,0.0,0.0,0.0,0.0,0.0,0.0,0.0,0.0,0.0,0.0,0.0,0.0,0.0,0.0,0.0,0.0,0.0,0.0,0.0,0.0,0.0,0.0,0.0,0.0,0.0,0.0,0.0,0.0,0.0,0.0,0.0,0.0,0.0,0.0,0.0,0.0,0.0,0.0,0.0,0.0,0.0,0.0,0.0,0.0,0.0,0.0,0.0,0.0,0.0,0.0,0.0,0.0,0.0,0.0,0.0,0.0,0.0,we
0.6538177728652954,0.8863550424575806,3.3757177675397543e-07,0.6707512736320496,0.7517759203910828,0.008591326884925365,0.6364347338676453,0.6559972763061523,0.016152728348970413,0.5913293957710266,0.6055248975753784,0.024086156859993935,0.5550435781478882,0.5832904577255249,0.03201708570122719,0.5721715092658997,0.5925253629684448,0.001283369492739439,0.5315116047859192,0.472949743270874,0.012809664942324162,0.5098572373390198,0.41031771898269653,0.022043028846383095,0.4880775809288025,0.36333680152893066,0.027569828554987907,0.5231902003288269,0.6350802183151245,0.0019188395235687494,0.4757169485092163,0.5613024234771729,0.019973531365394592,0.479653000831604,0.5557003021240234,0.029647408053278923,0.4876052439212799,0.5626397132873535,0.03448544815182686,0.49820107221603394,0.6898385882377625,0.006202548276633024,0.4867970645427704,0.637773334980011,0.026441624388098717,0.5147261023521423,0.6404510736465454,0.033956218510866165,0.5341488718986511,0.6590898036956787,0.03512571007013321,0.4881103038787842,0.7396210432052612,0.011104405857622623,0.4882517457008362,0.6985417008399963,0.031233049929142,0.5104407072067261,0.6993363499641418,0.04446026682853699,0.5264344811439514,0.7152832746505737,0.053493864834308624,0.0,0.0,0.0,0.0,0.0,0.0,0.0,0.0,0.0,0.0,0.0,0.0,0.0,0.0,0.0,0.0,0.0,0.0,0.0,0.0,0.0,0.0,0.0,0.0,0.0,0.0,0.0,0.0,0.0,0.0,0.0,0.0,0.0,0.0,0.0,0.0,0.0,0.0,0.0,0.0,0.0,0.0,0.0,0.0,0.0,0.0,0.0,0.0,0.0,0.0,0.0,0.0,0.0,0.0,0.0,0.0,0.0,0.0,0.0,0.0,0.0,0.0,0.0,we
0.6478320360183716,0.8740801215171814,5.87676765917422e-07,0.6793127059936523,0.7475008964538574,0.004211186897009611,0.6532929539680481,0.6464823484420776,0.01087078545242548,0.6118494868278503,0.5798346996307373,0.018634673207998276,0.5893797278404236,0.5446347594261169,0.027415109798312187,0.5843928456306458,0.5757186412811279,-0.001919351750984788,0.5524712204933167,0.44155198335647583,0.005197672173380852,0.5348556637763977,0.37299638986587524,0.01053740456700325,0.5156463980674744,0.3226117193698883,0.015025333501398563,0.5326455235481262,0.6131228804588318,0.0014832107117399573,0.4906036853790283,0.5126858949661255,0.01826460100710392,0.4670756459236145,0.46500444412231445,0.025007613003253937,0.4445574879646301,0.437813937664032,0.027503959834575653,0.5036506056785583,0.6620897054672241,0.007856323383748531,0.4998306334018707,0.5992472767829895,0.02750583551824093,0.5267260670661926,0.5958269238471985,0.03398474305868149,0.5467679500579834,0.6191530823707581,0.03645278140902519,0.4901328980922699,0.7114279866218567,0.013963839039206505,0.49616122245788574,0.6585327386856079,0.03388209268450737,0.5188874006271362,0.657536506652832,0.047220680862665176,0.5372519493103027,0.6807340383529663,0.05752968788146973,0.0,0.0,0.0,0.0,0.0,0.0,0.0,0.0,0.0,0.0,0.0,0.0,0.0,0.0,0.0,0.0,0.0,0.0,0.0,0.0,0.0,0.0,0.0,0.0,0.0,0.0,0.0,0.0,0.0,0.0,0.0,0.0,0.0,0.0,0.0,0.0,0.0,0.0,0.0,0.0,0.0,0.0,0.0,0.0,0.0,0.0,0.0,0.0,0.0,0.0,0.0,0.0,0.0,0.0,0.0,0.0,0.0,0.0,0.0,0.0,0.0,0.0,0.0,we
0.6475623250007629,0.8722323179244995,7.19984200259205e-07,0.6758143901824951,0.747054398059845,-0.0010012489510700107,0.6519151926040649,0.6407312154769897,-0.0027748236898332834,0.5973237156867981,0.6001266241073608,-0.0034804707393050194,0.5586468577384949,0.5879697799682617,-0.004083548206835985,0.5973898768424988,0.5716993808746338,-0.021084878593683243,0.5777199864387512,0.42803484201431274,-0.03104175440967083,0.5620034337043762,0.34997788071632385,-0.037426240742206573,0.5466548800468445,0.2894631624221802,-0.03961554169654846,0.5398167371749878,0.6041440963745117,-0.018445489928126335,0.49658310413360596,0.4963604509830475,-0.01651657372713089,0.4704524576663971,0.43599697947502136,-0.014766589738428593,0.44617903232574463,0.3962538540363312,-0.014703397639095783,0.5051558613777161,0.6469744443893433,-0.013147546909749508,0.5024155974388123,0.5753147006034851,-0.003627707017585635,0.533493161201477,0.5774330496788025,0.0048008933663368225,0.5545682311058044,0.6048295497894287,0.01046469621360302,0.48748886585235596,0.6917248368263245,-0.008795351721346378,0.49864551424980164,0.6291183233261108,0.004177727270871401,0.5216577649116516,0.6313019394874573,0.018066316843032837,0.5386042594909668,0.6532828211784363,0.029774699360132217,0.0,0.0,0.0,0.0,0.0,0.0,0.0,0.0,0.0,0.0,0.0,0.0,0.0,0.0,0.0,0.0,0.0,0.0,0.0,0.0,0.0,0.0,0.0,0.0,0.0,0.0,0.0,0.0,0.0,0.0,0.0,0.0,0.0,0.0,0.0,0.0,0.0,0.0,0.0,0.0,0.0,0.0,0.0,0.0,0.0,0.0,0.0,0.0,0.0,0.0,0.0,0.0,0.0,0.0,0.0,0.0,0.0,0.0,0.0,0.0,0.0,0.0,0.0,we
0.6483721733093262,0.879888117313385,6.966583896428347e-07,0.67882239818573,0.7464718222618103,-0.0065504335798323154,0.6513174772262573,0.6356130838394165,-0.008887040428817272,0.5946338176727295,0.590308427810669,-0.008612126111984253,0.5534889101982117,0.5724546313285828,-0.007591919973492622,0.5968929529190063,0.5743062496185303,-0.025047916918992996,0.5766323804855347,0.4335160553455353,-0.032024919986724854,0.5600906610488892,0.3574356436729431,-0.03661347180604935,0.5438652038574219,0.2974610924720764,-0.03869424760341644,0.5385276079177856,0.607774555683136,-0.01995982974767685,0.5035091638565063,0.5024811625480652,-0.018073538318276405,0.47552576661109924,0.44376277923583984,-0.01912933774292469,0.4482947587966919,0.40325871109962463,-0.021314939484000206,0.5037454962730408,0.6523915529251099,-0.01233601663261652,0.5062321424484253,0.5791065096855164,-0.003970358986407518,0.5385288000106812,0.5794007778167725,-0.000625021755695343,0.5605946183204651,0.6042228937149048,0.001177343656308949,0.48709842562675476,0.6984906792640686,-0.005736350081861019,0.5007247924804688,0.639562726020813,0.004947096109390259,0.5251109600067139,0.6394325494766235,0.013979299925267696,0.5433074235916138,0.660169243812561,0.022099049761891365,0.0,0.0,0.0,0.0,0.0,0.0,0.0,0.0,0.0,0.0,0.0,0.0,0.0,0.0,0.0,0.0,0.0,0.0,0.0,0.0,0.0,0.0,0.0,0.0,0.0,0.0,0.0,0.0,0.0,0.0,0.0,0.0,0.0,0.0,0.0,0.0,0.0,0.0,0.0,0.0,0.0,0.0,0.0,0.0,0.0,0.0,0.0,0.0,0.0,0.0,0.0,0.0,0.0,0.0,0.0,0.0,0.0,0.0,0.0,0.0,0.0,0.0,0.0,we
0.6510132551193237,0.88395094871521,6.799182301620021e-07,0.6791939735412598,0.7529371380805969,-0.0028993578162044287,0.6511509418487549,0.6426313519477844,-0.0029771674890071154,0.5944821238517761,0.5994528532028198,-0.0018754479242488742,0.5568223595619202,0.5785151124000549,1.8632646970218047e-05,0.5985652208328247,0.577250599861145,-0.01340519543737173,0.5767781734466553,0.43694794178009033,-0.018637830391526222,0.5620736479759216,0.35928481817245483,-0.022535132244229317,0.5473955869674683,0.298565536737442,-0.024005012586712837,0.5421096086502075,0.6082333326339722,-0.010252314619719982,0.5055912137031555,0.5058542490005493,-0.0076102628372609615,0.47874706983566284,0.45073938369750977,-0.009020308963954449,0.4525430202484131,0.4120473563671112,-0.011410506442189217,0.5070338249206543,0.6497595906257629,-0.005116927903145552,0.5088267922401428,0.575847864151001,0.0027848556637763977,0.5391266942024231,0.5768471956253052,0.005772297736257315,0.5598240494728088,0.6003093719482422,0.00769193097949028,0.48745930194854736,0.6935856342315674,-0.000784063246101141,0.49862024188041687,0.6325691342353821,0.01053567510098219,0.5220309495925903,0.6317294239997864,0.02029668167233467,0.5393883585929871,0.6507658362388611,0.02898000366985798,0.0,0.0,0.0,0.0,0.0,0.0,0.0,0.0,0.0,0.0,0.0,0.0,0.0,0.0,0.0,0.0,0.0,0.0,0.0,0.0,0.0,0.0,0.0,0.0,0.0,0.0,0.0,0.0,0.0,0.0,0.0,0.0,0.0,0.0,0.0,0.0,0.0,0.0,0.0,0.0,0.0,0.0,0.0,0.0,0.0,0.0,0.0,0.0,0.0,0.0,0.0,0.0,0.0,0.0,0.0,0.0,0.0,0.0,0.0,0.0,0.0,0.0,0.0,we
0.6451210975646973,0.8680338263511658,5.821428885610658e-07,0.6666715145111084,0.7385677695274353,0.004562935791909695,0.6326794028282166,0.6385889053344727,0.009633849374949932,0.5886903405189514,0.5787240862846375,0.015368898399174213,0.558286726474762,0.5481449365615845,0.02216288261115551,0.577038586139679,0.5767207145690918,-0.007186063565313816,0.5492555499076843,0.43684446811676025,-0.003571696812286973,0.530458927154541,0.36684682965278625,0.0011252581607550383,0.5111175179481506,0.31547099351882935,0.005599901545792818,0.5269975662231445,0.6131957769393921,-0.004823497496545315,0.48523637652397156,0.5174986720085144,0.006442911457270384,0.4614688754081726,0.47449982166290283,0.011509368196129799,0.4399815797805786,0.446384072303772,0.013755202293395996,0.4976397156715393,0.6611319184303284,0.0007398897432722151,0.49238353967666626,0.6020693778991699,0.015800349414348602,0.5215107798576355,0.6033081412315369,0.021240711212158203,0.5422481298446655,0.6256759166717529,0.023891296237707138,0.48361867666244507,0.7077779173851013,0.006301143206655979,0.48919323086738586,0.6596705913543701,0.023066263645887375,0.5112748742103577,0.6593529582023621,0.0347067154943943,0.528629720211029,0.6788398027420044,0.04441874101758003,0.0,0.0,0.0,0.0,0.0,0.0,0.0,0.0,0.0,0.0,0.0,0.0,0.0,0.0,0.0,0.0,0.0,0.0,0.0,0.0,0.0,0.0,0.0,0.0,0.0,0.0,0.0,0.0,0.0,0.0,0.0,0.0,0.0,0.0,0.0,0.0,0.0,0.0,0.0,0.0,0.0,0.0,0.0,0.0,0.0,0.0,0.0,0.0,0.0,0.0,0.0,0.0,0.0,0.0,0.0,0.0,0.0,0.0,0.0,0.0,0.0,0.0,0.0,we
0.6526699066162109,0.8496273756027222,3.522734743910405e-07,0.6692965030670166,0.7228072881698608,0.01673234812915325,0.6304696202278137,0.6412059664726257,0.0258357971906662,0.584164559841156,0.5996407270431519,0.03353438153862953,0.550162672996521,0.5819162130355835,0.04171953722834587,0.5766496658325195,0.5706238150596619,0.0035494142211973667,0.5315657258033752,0.45133376121520996,0.014033079147338867,0.507664680480957,0.3911570906639099,0.025119300931692123,0.4872090518474579,0.3473881483078003,0.033096276223659515,0.5254112482070923,0.6135633587837219,0.00034069703542627394,0.46386706829071045,0.5348032116889954,0.01716785505414009,0.45113199949264526,0.5216925740242004,0.02893768437206745,0.44904497265815735,0.5236115455627441,0.03660845384001732,0.49925699830055237,0.668491780757904,0.0013965577818453312,0.48509711027145386,0.6255181431770325,0.022428913041949272,0.5119987726211548,0.6297978162765503,0.030799034982919693,0.5326077342033386,0.6495318412780762,0.03366649150848389,0.4879135191440582,0.7225375175476074,0.003579079871997237,0.4921914041042328,0.6932098865509033,0.02586444653570652,0.5141428112983704,0.6978108882904053,0.03942786529660225,0.5307098627090454,0.7147887349128723,0.04908246546983719,0.0,0.0,0.0,0.0,0.0,0.0,0.0,0.0,0.0,0.0,0.0,0.0,0.0,0.0,0.0,0.0,0.0,0.0,0.0,0.0,0.0,0.0,0.0,0.0,0.0,0.0,0.0,0.0,0.0,0.0,0.0,0.0,0.0,0.0,0.0,0.0,0.0,0.0,0.0,0.0,0.0,0.0,0.0,0.0,0.0,0.0,0.0,0.0,0.0,0.0,0.0,0.0,0.0,0.0,0.0,0.0,0.0,0.0,0.0,0.0,0.0,0.0,0.0,we
0.6501542329788208,0.8462210893630981,2.5297862293882645e-07,0.6717599034309387,0.7165749669075012,0.008399280719459057,0.6363675594329834,0.6308516263961792,0.011856651864945889,0.5850868225097656,0.5935013890266418,0.014702275395393372,0.5479113459587097,0.5849514007568359,0.01710101030766964,0.5767773389816284,0.5681255459785461,-0.004659079946577549,0.5358648300170898,0.4497198760509491,-0.00039828746230341494,0.5111294388771057,0.38901981711387634,0.004177593160420656,0.4886893332004547,0.3470075726509094,0.006609542760998011,0.5265100002288818,0.6090698838233948,-0.006047458853572607,0.4913669228553772,0.5376100540161133,0.004062613006681204,0.5016387701034546,0.5392162799835205,0.011808119714260101,0.5129177570343018,0.5520285964012146,0.015213062055408955,0.49884116649627686,0.6603503227233887,-0.004108063876628876,0.49108660221099854,0.6074287295341492,0.010074625723063946,0.5154704451560974,0.6077300906181335,0.019399898126721382,0.5337383151054382,0.6251915097236633,0.02169157937169075,0.4850013554096222,0.7090705037117004,-0.0016566809499636292,0.4829384386539459,0.6651479005813599,0.013618245720863342,0.5045492053031921,0.6625401973724365,0.026921547949314117,0.5217418074607849,0.6765263676643372,0.03592802584171295,0.0,0.0,0.0,0.0,0.0,0.0,0.0,0.0,0.0,0.0,0.0,0.0,0.0,0.0,0.0,0.0,0.0,0.0,0.0,0.0,0.0,0.0,0.0,0.0,0.0,0.0,0.0,0.0,0.0,0.0,0.0,0.0,0.0,0.0,0.0,0.0,0.0,0.0,0.0,0.0,0.0,0.0,0.0,0.0,0.0,0.0,0.0,0.0,0.0,0.0,0.0,0.0,0.0,0.0,0.0,0.0,0.0,0.0,0.0,0.0,0.0,0.0,0.0,we
0.6477760672569275,0.8461130261421204,2.354789074843211e-07,0.6704667210578918,0.7184462547302246,0.004921536426991224,0.6352117657661438,0.6337840557098389,0.004556182771921158,0.5820814371109009,0.5968182682991028,0.0036970817018300295,0.5423836708068848,0.5899813771247864,0.0023461258970201015,0.5759750008583069,0.5657305121421814,-0.01409522071480751,0.5345041155815125,0.44300341606140137,-0.014339344576001167,0.505956768989563,0.3803129494190216,-0.011235738173127174,0.47927233576774597,0.3379044234752655,-0.010057501494884491,0.5258519053459167,0.6075142621994019,-0.016598504036664963,0.49676865339279175,0.5381100177764893,-0.013639764860272408,0.5169533491134644,0.5520285367965698,-0.005728432908654213,0.5362954139709473,0.5761151313781738,-0.0009207467664964497,0.4988120496273041,0.6608061790466309,-0.015867577865719795,0.4943370223045349,0.6081736087799072,-0.007998705841600895,0.5194687247276306,0.6179603338241577,0.004597950726747513,0.5365051627159119,0.6421557068824768,0.010193239897489548,0.48451048135757446,0.712496280670166,-0.014914730563759804,0.48434847593307495,0.6666632294654846,-0.004111545626074076,0.5067630410194397,0.6699272990226746,0.010648486204445362,0.5226249694824219,0.6875786781311035,0.021369609981775284,0.0,0.0,0.0,0.0,0.0,0.0,0.0,0.0,0.0,0.0,0.0,0.0,0.0,0.0,0.0,0.0,0.0,0.0,0.0,0.0,0.0,0.0,0.0,0.0,0.0,0.0,0.0,0.0,0.0,0.0,0.0,0.0,0.0,0.0,0.0,0.0,0.0,0.0,0.0,0.0,0.0,0.0,0.0,0.0,0.0,0.0,0.0,0.0,0.0,0.0,0.0,0.0,0.0,0.0,0.0,0.0,0.0,0.0,0.0,0.0,0.0,0.0,0.0,we
0.6525397896766663,0.8461374640464783,5.6927348168756e-07,0.6804962158203125,0.7159083485603333,0.0017692194087430835,0.6499274373054504,0.6169768571853638,0.00414531072601676,0.6005699038505554,0.5568921566009521,0.008094966411590576,0.5653665661811829,0.5268593430519104,0.0132054528221488,0.5947059988975525,0.5613965392112732,-0.010469360277056694,0.5668029189109802,0.4297679662704468,-0.009635034948587418,0.5486945509910583,0.3609740436077118,-0.007298244629055262,0.5333173871040344,0.3098534345626831,-0.004385123960673809,0.5404043793678284,0.5974661707878113,-0.008731692098081112,0.49084776639938354,0.49467188119888306,-0.0023586642928421497,0.4697418510913849,0.4492075443267822,0.002101226942613721,0.4561833441257477,0.42355966567993164,0.004756902810186148,0.506704568862915,0.6439844965934753,-0.004050605930387974,0.49445855617523193,0.5643776059150696,0.005003207828849554,0.5226824283599854,0.5612503290176392,0.012811053544282913,0.5463796854019165,0.5849038362503052,0.01841186173260212,0.4902406930923462,0.6876554489135742,0.0007825448992662132,0.48499080538749695,0.6148662567138672,0.012590955011546612,0.507862389087677,0.6088662147521973,0.02652476727962494,0.5276944041252136,0.627356767654419,0.03858175501227379,0.0,0.0,0.0,0.0,0.0,0.0,0.0,0.0,0.0,0.0,0.0,0.0,0.0,0.0,0.0,0.0,0.0,0.0,0.0,0.0,0.0,0.0,0.0,0.0,0.0,0.0,0.0,0.0,0.0,0.0,0.0,0.0,0.0,0.0,0.0,0.0,0.0,0.0,0.0,0.0,0.0,0.0,0.0,0.0,0.0,0.0,0.0,0.0,0.0,0.0,0.0,0.0,0.0,0.0,0.0,0.0,0.0,0.0,0.0,0.0,0.0,0.0,0.0,we
0.6532666683197021,0.8566659092903137,7.778310759931628e-07,0.6766953468322754,0.7228277921676636,-0.001648949459195137,0.6418241262435913,0.6198599338531494,-0.006438845302909613,0.5837856531143188,0.5780606269836426,-0.010145633481442928,0.5389721989631653,0.565700888633728,-0.013543745502829552,0.6040983200073242,0.5790384411811829,-0.030222158879041672,0.578831136226654,0.43467646837234497,-0.04263991862535477,0.56145840883255,0.3578261435031891,-0.04768156260251999,0.5455600023269653,0.29817330837249756,-0.04839944839477539,0.5482595562934875,0.615118682384491,-0.030442148447036743,0.4977494180202484,0.49888694286346436,-0.0370822548866272,0.4640994071960449,0.4321456551551819,-0.03740620240569115,0.43450936675071716,0.3880285620689392,-0.03726727142930031,0.5118563771247864,0.6592442393302917,-0.027314379811286926,0.4934522211551666,0.5653893351554871,-0.027006007730960846,0.5247217416763306,0.5627450942993164,-0.017017800360918045,0.5482923984527588,0.5879038572311401,-0.007916196249425411,0.49297600984573364,0.7016314268112183,-0.02443039044737816,0.49017781019210815,0.6158720850944519,-0.016748681664466858,0.5139514207839966,0.6089978814125061,-0.0006913648103363812,0.5325813293457031,0.6261674761772156,0.013586866669356823,0.0,0.0,0.0,0.0,0.0,0.0,0.0,0.0,0.0,0.0,0.0,0.0,0.0,0.0,0.0,0.0,0.0,0.0,0.0,0.0,0.0,0.0,0.0,0.0,0.0,0.0,0.0,0.0,0.0,0.0,0.0,0.0,0.0,0.0,0.0,0.0,0.0,0.0,0.0,0.0,0.0,0.0,0.0,0.0,0.0,0.0,0.0,0.0,0.0,0.0,0.0,0.0,0.0,0.0,0.0,0.0,0.0,0.0,0.0,0.0,0.0,0.0,0.0,we
0.6483519077301025,0.8783842325210571,6.468351898547553e-07,0.6776902675628662,0.7496193647384644,-0.0014979579718783498,0.643939197063446,0.6409263610839844,-0.002046376233920455,0.5893836617469788,0.5891314148902893,-0.0013443317729979753,0.551682710647583,0.569391667842865,0.00020715528808068484,0.5944246053695679,0.5954455137252808,-0.022066719830036163,0.5707017183303833,0.45726776123046875,-0.029268819838762283,0.5500507950782776,0.38294780254364014,-0.03196791931986809,0.5307464003562927,0.3268129825592041,-0.03255608305335045,0.5395923852920532,0.630250096321106,-0.02169809676706791,0.4958718717098236,0.5250102281570435,-0.02611513063311577,0.46374279260635376,0.46383124589920044,-0.027077918872237206,0.43418198823928833,0.42218339443206787,-0.027774961665272713,0.5047768354415894,0.6725173592567444,-0.018431732431054115,0.49578458070755005,0.5854077339172363,-0.018201183527708054,0.5276217460632324,0.5847610235214233,-0.010854726657271385,0.5499861836433411,0.610241174697876,-0.003732050070539117,0.48868656158447266,0.7120489478111267,-0.015341698192059994,0.4875028729438782,0.6343826055526733,-0.008785432204604149,0.5097101926803589,0.6276765465736389,0.004273272585123777,0.5263794660568237,0.6454576253890991,0.016385991126298904,0.0,0.0,0.0,0.0,0.0,0.0,0.0,0.0,0.0,0.0,0.0,0.0,0.0,0.0,0.0,0.0,0.0,0.0,0.0,0.0,0.0,0.0,0.0,0.0,0.0,0.0,0.0,0.0,0.0,0.0,0.0,0.0,0.0,0.0,0.0,0.0,0.0,0.0,0.0,0.0,0.0,0.0,0.0,0.0,0.0,0.0,0.0,0.0,0.0,0.0,0.0,0.0,0.0,0.0,0.0,0.0,0.0,0.0,0.0,0.0,0.0,0.0,0.0,we
0.6619316935539246,0.8888452053070068,4.114370710794901e-07,0.6803693175315857,0.7626619935035706,0.008619749918580055,0.6404972076416016,0.6650011539459229,0.015835292637348175,0.5948707461357117,0.6175468564033508,0.023024849593639374,0.5583142638206482,0.5994692444801331,0.03131403401494026,0.5762485265731812,0.6067264676094055,0.0008551800274290144,0.5396687388420105,0.4912492036819458,0.00865144096314907,0.5158360004425049,0.43048959970474243,0.015196328051388264,0.4950435757637024,0.38626259565353394,0.01975282095372677,0.5262057781219482,0.6453547477722168,0.0003885564219672233,0.4801223874092102,0.5673694610595703,0.01809016987681389,0.4706340432167053,0.544593870639801,0.0275900699198246,0.46803420782089233,0.5359504818916321,0.03171417489647865,0.5010189414024353,0.6971990466117859,0.0029329301323741674,0.49525922536849976,0.646072268486023,0.022848129272460938,0.5228278636932373,0.6481749415397644,0.03177518770098686,0.5441535711288452,0.6679138541221619,0.034228622913360596,0.4912651777267456,0.7477704286575317,0.0055277966894209385,0.4977366626262665,0.7088786363601685,0.0260873232036829,0.5197678208351135,0.7082871198654175,0.039855435490608215,0.5363845825195312,0.7229481935501099,0.04904022440314293,0.0,0.0,0.0,0.0,0.0,0.0,0.0,0.0,0.0,0.0,0.0,0.0,0.0,0.0,0.0,0.0,0.0,0.0,0.0,0.0,0.0,0.0,0.0,0.0,0.0,0.0,0.0,0.0,0.0,0.0,0.0,0.0,0.0,0.0,0.0,0.0,0.0,0.0,0.0,0.0,0.0,0.0,0.0,0.0,0.0,0.0,0.0,0.0,0.0,0.0,0.0,0.0,0.0,0.0,0.0,0.0,0.0,0.0,0.0,0.0,0.0,0.0,0.0,we
0.6588923931121826,0.8742371797561646,3.468104807780037e-07,0.671782910823822,0.7502848505973816,0.01745847426354885,0.6348869204521179,0.6593456268310547,0.0310200322419405,0.5985605716705322,0.5998504757881165,0.043140582740306854,0.5861700773239136,0.5568224191665649,0.05580735579133034,0.5758430361747742,0.5959392189979553,0.01830737665295601,0.5324679017066956,0.48765653371810913,0.03334028273820877,0.5065097212791443,0.43061167001724243,0.045407213270664215,0.4850931763648987,0.38980787992477417,0.05364561453461647,0.5289624333381653,0.6383669376373291,0.017360949888825417,0.4647974967956543,0.5756871104240417,0.03806094080209732,0.45452433824539185,0.5632641911506653,0.050659969449043274,0.4576808214187622,0.5630818605422974,0.05936101824045181,0.5033259987831116,0.6909640431404114,0.0196197759360075,0.4867493808269501,0.6536260843276978,0.04235677793622017,0.509951651096344,0.6554465293884277,0.05082385614514351,0.5295277237892151,0.671663224697113,0.054844021797180176,0.49022045731544495,0.7412886619567871,0.02296176552772522,0.4924938976764679,0.7101556062698364,0.046104248613119125,0.5119803547859192,0.7110252976417542,0.059209294617176056,0.5280357599258423,0.7232047319412231,0.06936836242675781,0.0,0.0,0.0,0.0,0.0,0.0,0.0,0.0,0.0,0.0,0.0,0.0,0.0,0.0,0.0,0.0,0.0,0.0,0.0,0.0,0.0,0.0,0.0,0.0,0.0,0.0,0.0,0.0,0.0,0.0,0.0,0.0,0.0,0.0,0.0,0.0,0.0,0.0,0.0,0.0,0.0,0.0,0.0,0.0,0.0,0.0,0.0,0.0,0.0,0.0,0.0,0.0,0.0,0.0,0.0,0.0,0.0,0.0,0.0,0.0,0.0,0.0,0.0,we
0.6583986282348633,0.8794113993644714,5.429894827102544e-07,0.6849725246429443,0.7500216960906982,0.0036259328480809927,0.6505359411239624,0.6468037366867065,0.009419168345630169,0.6006504893302917,0.5899123549461365,0.016247952356934547,0.5671745538711548,0.5722143650054932,0.023810196667909622,0.5863221883773804,0.5922248363494873,-0.0035732267424464226,0.5513344407081604,0.4619288742542267,0.003946145996451378,0.5295277833938599,0.39549747109413147,0.008803136646747589,0.5075961351394653,0.34830495715141296,0.011927645653486252,0.5346930623054504,0.6324538588523865,-0.0020738975144922733,0.48624199628829956,0.5404607057571411,0.01194165088236332,0.4614427387714386,0.4963676333427429,0.016170043498277664,0.4402410387992859,0.4733317494392395,0.016991743817925453,0.5060558319091797,0.6829156875610352,0.00263761798851192,0.4911668002605438,0.6152320504188538,0.018627900630235672,0.5184739828109741,0.6101542115211487,0.024502526968717575,0.5403287410736084,0.6321439743041992,0.02667677029967308,0.4939514994621277,0.7306413650512695,0.007420267444103956,0.48686841130256653,0.6675858497619629,0.023265564814209938,0.508155107498169,0.6603098511695862,0.0361393503844738,0.527337908744812,0.6772086024284363,0.04618161916732788,0.0,0.0,0.0,0.0,0.0,0.0,0.0,0.0,0.0,0.0,0.0,0.0,0.0,0.0,0.0,0.0,0.0,0.0,0.0,0.0,0.0,0.0,0.0,0.0,0.0,0.0,0.0,0.0,0.0,0.0,0.0,0.0,0.0,0.0,0.0,0.0,0.0,0.0,0.0,0.0,0.0,0.0,0.0,0.0,0.0,0.0,0.0,0.0,0.0,0.0,0.0,0.0,0.0,0.0,0.0,0.0,0.0,0.0,0.0,0.0,0.0,0.0,0.0,we
0.6578866243362427,0.8823548555374146,5.363635295907443e-07,0.6832897067070007,0.7537513971328735,0.0001899160852190107,0.6470710635185242,0.6503588557243347,0.005383849609643221,0.5948558449745178,0.601315975189209,0.011394375935196877,0.560843825340271,0.5814028978347778,0.019002795219421387,0.5865751504898071,0.5883620381355286,-0.002182665280997753,0.5455456972122192,0.45188742876052856,0.004084008280187845,0.5156304240226746,0.3819432258605957,0.008702944964170456,0.48717015981674194,0.33111897110939026,0.011973138898611069,0.5339361429214478,0.626610279083252,0.0009832410141825676,0.48965293169021606,0.5391159653663635,0.012422893196344376,0.45795249938964844,0.4960032105445862,0.014025471173226833,0.42973142862319946,0.4681915044784546,0.013664638623595238,0.5047969818115234,0.6732980012893677,0.0067124017514288425,0.501049816608429,0.6064056158065796,0.020299522206187248,0.5292955040931702,0.6090317964553833,0.023645887151360512,0.5484603047370911,0.6340687274932861,0.025358401238918304,0.49073490500450134,0.7187769412994385,0.01211432833224535,0.4896913766860962,0.6574442982673645,0.027160851284861565,0.5106448531150818,0.6546300649642944,0.03846563398838043,0.5276032090187073,0.6740922331809998,0.04817461594939232,0.0,0.0,0.0,0.0,0.0,0.0,0.0,0.0,0.0,0.0,0.0,0.0,0.0,0.0,0.0,0.0,0.0,0.0,0.0,0.0,0.0,0.0,0.0,0.0,0.0,0.0,0.0,0.0,0.0,0.0,0.0,0.0,0.0,0.0,0.0,0.0,0.0,0.0,0.0,0.0,0.0,0.0,0.0,0.0,0.0,0.0,0.0,0.0,0.0,0.0,0.0,0.0,0.0,0.0,0.0,0.0,0.0,0.0,0.0,0.0,0.0,0.0,0.0,we
0.6647307276725769,0.8762179613113403,6.204700753187353e-07,0.6879750490188599,0.7395708560943604,0.00703446613624692,0.6541340947151184,0.6394276022911072,0.008889474906027317,0.5936298370361328,0.6056032180786133,0.010401884093880653,0.546316921710968,0.605292797088623,0.012482338584959507,0.6061987280845642,0.5836660265922546,-0.007300436031073332,0.5787262916564941,0.446437269449234,-0.008863825350999832,0.5605067610740662,0.37500494718551636,-0.008924703113734722,0.5444027185440063,0.32061588764190674,-0.007448942866176367,0.5490003228187561,0.6225310564041138,-0.008076537400484085,0.49912330508232117,0.5213332176208496,-0.0011031341273337603,0.4669535756111145,0.46900472044944763,0.002549894852563739,0.4395262598991394,0.43654924631118774,0.0032600988633930683,0.5147963166236877,0.6697744131088257,-0.005646515171974897,0.49689096212387085,0.5936274528503418,0.008253696374595165,0.526396632194519,0.5898022651672363,0.017358101904392242,0.5495932698249817,0.6108303666114807,0.02207898534834385,0.49732863903045654,0.7150867581367493,-0.003211573464795947,0.4955422878265381,0.6465978622436523,0.014711916446685791,0.517224907875061,0.6389707922935486,0.030456608161330223,0.5357304811477661,0.6520057320594788,0.04216920956969261,0.0,0.0,0.0,0.0,0.0,0.0,0.0,0.0,0.0,0.0,0.0,0.0,0.0,0.0,0.0,0.0,0.0,0.0,0.0,0.0,0.0,0.0,0.0,0.0,0.0,0.0,0.0,0.0,0.0,0.0,0.0,0.0,0.0,0.0,0.0,0.0,0.0,0.0,0.0,0.0,0.0,0.0,0.0,0.0,0.0,0.0,0.0,0.0,0.0,0.0,0.0,0.0,0.0,0.0,0.0,0.0,0.0,0.0,0.0,0.0,0.0,0.0,0.0,we
0.6621871590614319,0.8781614303588867,6.0746691588065e-07,0.6868877410888672,0.7445645332336426,0.007346601691097021,0.6508496999740601,0.6406882405281067,0.011256851255893707,0.5896739363670349,0.6105653643608093,0.01439403835684061,0.5444145798683167,0.6096779704093933,0.017579611390829086,0.6045199036598206,0.586058497428894,-0.0032047457061707973,0.576845109462738,0.45249295234680176,-0.0017720445757731795,0.5565614700317383,0.38237279653549194,-0.000757798959966749,0.5387411117553711,0.32929548621177673,0.0003872347588185221,0.5486443638801575,0.6234899163246155,-0.004662536084651947,0.49798113107681274,0.5289707183837891,0.003015470691025257,0.4671212434768677,0.47909826040267944,0.005018338561058044,0.43991655111312866,0.44460463523864746,0.004291339311748743,0.514227032661438,0.6709204316139221,-0.0030435461085289717,0.49664127826690674,0.5962495803833008,0.008028125390410423,0.5272153615951538,0.5998041033744812,0.014388106763362885,0.549253523349762,0.6254146099090576,0.017871132120490074,0.4984351098537445,0.7151262164115906,-0.000978225376456976,0.4952531158924103,0.6474921703338623,0.01252810750156641,0.5175996422767639,0.6436071991920471,0.02556060254573822,0.5348965525627136,0.6609766483306885,0.03599879518151283,0.0,0.0,0.0,0.0,0.0,0.0,0.0,0.0,0.0,0.0,0.0,0.0,0.0,0.0,0.0,0.0,0.0,0.0,0.0,0.0,0.0,0.0,0.0,0.0,0.0,0.0,0.0,0.0,0.0,0.0,0.0,0.0,0.0,0.0,0.0,0.0,0.0,0.0,0.0,0.0,0.0,0.0,0.0,0.0,0.0,0.0,0.0,0.0,0.0,0.0,0.0,0.0,0.0,0.0,0.0,0.0,0.0,0.0,0.0,0.0,0.0,0.0,0.0,we
0.6594812273979187,0.8736230134963989,5.574698320742755e-07,0.6817262768745422,0.7429924011230469,0.007517526857554913,0.6456562280654907,0.638329029083252,0.010398377664387226,0.5897587537765503,0.5965631008148193,0.012924112379550934,0.5520689487457275,0.58077073097229,0.01573100872337818,0.5964579582214355,0.5905379056930542,-0.012264722026884556,0.5671745538711548,0.45648717880249023,-0.015619957819581032,0.5438042879104614,0.38561370968818665,-0.01725025102496147,0.5233225226402283,0.3322177827358246,-0.01755567453801632,0.5426709651947021,0.6310162544250488,-0.012669330462813377,0.4942082166671753,0.5394304990768433,-0.006698962766677141,0.46306905150413513,0.4920773506164551,-0.0032918399665504694,0.4352964162826538,0.4623457193374634,-0.003214223776012659,0.5107599496841431,0.6779980659484863,-0.009400567971169949,0.4934138059616089,0.6017444133758545,0.004196151625365019,0.5235351324081421,0.5991863012313843,0.014785151928663254,0.5459001660346985,0.6234495639801025,0.02015526406466961,0.49539220333099365,0.7236868143081665,-0.006153441965579987,0.492352157831192,0.6563932299613953,0.01000573206692934,0.5138916373252869,0.6513678431510925,0.025077257305383682,0.531726598739624,0.669116735458374,0.036671798676252365,0.0,0.0,0.0,0.0,0.0,0.0,0.0,0.0,0.0,0.0,0.0,0.0,0.0,0.0,0.0,0.0,0.0,0.0,0.0,0.0,0.0,0.0,0.0,0.0,0.0,0.0,0.0,0.0,0.0,0.0,0.0,0.0,0.0,0.0,0.0,0.0,0.0,0.0,0.0,0.0,0.0,0.0,0.0,0.0,0.0,0.0,0.0,0.0,0.0,0.0,0.0,0.0,0.0,0.0,0.0,0.0,0.0,0.0,0.0,0.0,0.0,0.0,0.0,we
0.6652829051017761,0.8761401176452637,3.753486623736535e-07,0.6809515953063965,0.7513517141342163,0.009978572838008404,0.6430997848510742,0.6579945683479309,0.015346158295869827,0.5999916195869446,0.6060147285461426,0.020520081743597984,0.5678288340568542,0.5784404277801514,0.025764966383576393,0.5811886191368103,0.5992504954338074,-0.004080378450453281,0.5426580309867859,0.4828360080718994,0.001301325741223991,0.5178670883178711,0.4222508668899536,0.006488418206572533,0.4956497848033905,0.3823034167289734,0.010500391945242882,0.5322489738464355,0.6412705183029175,-0.00632832758128643,0.4731309413909912,0.5597043633460999,0.007909285835921764,0.4607732892036438,0.5408088564872742,0.016544289886951447,0.4564526677131653,0.5395662784576416,0.021096734330058098,0.5064795613288879,0.6947863698005676,-0.004885669331997633,0.4941510260105133,0.6411074995994568,0.012667947448790073,0.5217269659042358,0.643704891204834,0.022612439468503,0.5427032709121704,0.6647614240646362,0.026419907808303833,0.49647581577301025,0.7466921210289001,-0.0030455717351287603,0.49886512756347656,0.7078944444656372,0.01524502132087946,0.5215979814529419,0.7090674638748169,0.02979223057627678,0.5387291312217712,0.7255380153656006,0.040344707667827606,0.0,0.0,0.0,0.0,0.0,0.0,0.0,0.0,0.0,0.0,0.0,0.0,0.0,0.0,0.0,0.0,0.0,0.0,0.0,0.0,0.0,0.0,0.0,0.0,0.0,0.0,0.0,0.0,0.0,0.0,0.0,0.0,0.0,0.0,0.0,0.0,0.0,0.0,0.0,0.0,0.0,0.0,0.0,0.0,0.0,0.0,0.0,0.0,0.0,0.0,0.0,0.0,0.0,0.0,0.0,0.0,0.0,0.0,0.0,0.0,0.0,0.0,0.0,we
0.6657593250274658,0.8730834126472473,3.4023588568743435e-07,0.6792715191841125,0.7432242631912231,0.00838459376245737,0.6399618983268738,0.6544528007507324,0.012913559563457966,0.5876675844192505,0.6164407730102539,0.017127208411693573,0.5495855808258057,0.6073015928268433,0.021148640662431717,0.5831977128982544,0.5933220386505127,-0.001606595702469349,0.5446638464927673,0.4839102029800415,0.002995647955685854,0.5217463970184326,0.4260689616203308,0.0088758310303092,0.5016202330589294,0.3882598578929901,0.013007205910980701,0.5344603657722473,0.6386547088623047,-0.004835008643567562,0.4747849702835083,0.5693689584732056,0.0019827873911708593,0.47551852464675903,0.564808189868927,0.008976316079497337,0.4853239953517914,0.573113739490509,0.015121743083000183,0.5073637962341309,0.6948950886726379,-0.004997933749109507,0.4938582181930542,0.6471395492553711,0.003415546612814069,0.5192721486091614,0.6539087891578674,0.011191491968929768,0.5389458537101746,0.6736714839935303,0.016416851431131363,0.49459946155548096,0.7458631992340088,-0.004278848413378,0.494515597820282,0.7067983746528625,0.007577253505587578,0.5155881643295288,0.7127678990364075,0.020549695938825607,0.5306063890457153,0.7299595475196838,0.03148845583200455,0.0,0.0,0.0,0.0,0.0,0.0,0.0,0.0,0.0,0.0,0.0,0.0,0.0,0.0,0.0,0.0,0.0,0.0,0.0,0.0,0.0,0.0,0.0,0.0,0.0,0.0,0.0,0.0,0.0,0.0,0.0,0.0,0.0,0.0,0.0,0.0,0.0,0.0,0.0,0.0,0.0,0.0,0.0,0.0,0.0,0.0,0.0,0.0,0.0,0.0,0.0,0.0,0.0,0.0,0.0,0.0,0.0,0.0,0.0,0.0,0.0,0.0,0.0,we
0.6636235117912292,0.8712787628173828,2.9495063813556044e-07,0.6822164058685303,0.7391960620880127,0.009964218363165855,0.6429573893547058,0.6469271183013916,0.016581010073423386,0.5925907492637634,0.6002326607704163,0.023292547091841698,0.558722734451294,0.5829388499259949,0.030097423121333122,0.5864145755767822,0.5946077704429626,-0.002159575466066599,0.5475543737411499,0.48275500535964966,0.004567127674818039,0.522576630115509,0.424753338098526,0.011856078170239925,0.5026127099990845,0.38942065834999084,0.016546284779906273,0.5366161465644836,0.6408782005310059,-0.003916603978723288,0.47887343168258667,0.5691511034965515,0.005674561019986868,0.48222482204437256,0.5614602565765381,0.014542303048074245,0.49527496099472046,0.5709299445152283,0.02053079754114151,0.5092597603797913,0.6952149868011475,-0.0021594350691884756,0.4870443642139435,0.6356396079063416,0.01037849672138691,0.512439489364624,0.6337985992431641,0.019888609647750854,0.5348098874092102,0.6526803374290466,0.024352293461561203,0.4971681237220764,0.7435775399208069,0.0006249402649700642,0.48769640922546387,0.6946713328361511,0.014320993795990944,0.509020209312439,0.6917633414268494,0.027295807376503944,0.527758002281189,0.7060272693634033,0.03726085647940636,0.0,0.0,0.0,0.0,0.0,0.0,0.0,0.0,0.0,0.0,0.0,0.0,0.0,0.0,0.0,0.0,0.0,0.0,0.0,0.0,0.0,0.0,0.0,0.0,0.0,0.0,0.0,0.0,0.0,0.0,0.0,0.0,0.0,0.0,0.0,0.0,0.0,0.0,0.0,0.0,0.0,0.0,0.0,0.0,0.0,0.0,0.0,0.0,0.0,0.0,0.0,0.0,0.0,0.0,0.0,0.0,0.0,0.0,0.0,0.0,0.0,0.0,0.0,we
0.6719797849655151,0.8696191310882568,5.985476718706195e-07,0.6961707472801208,0.7443342804908752,0.0026723274495452642,0.6626162528991699,0.6416889429092407,0.006022491957992315,0.6101611852645874,0.5836109519004822,0.01087278313934803,0.5723995566368103,0.5551248788833618,0.016713621094822884,0.6041896343231201,0.5833227038383484,-0.007505885791033506,0.5729033946990967,0.45936164259910583,-0.006337886676192284,0.5543506741523743,0.38813039660453796,-0.00607670983299613,0.5370566844940186,0.33580708503723145,-0.0048529417254030704,0.551364004611969,0.620997428894043,-0.005812780931591988,0.497150182723999,0.5338643193244934,0.0025244918651878834,0.4688211679458618,0.48998868465423584,0.005905656144022942,0.4469084143638611,0.46539247035980225,0.007157181855291128,0.5184627771377563,0.6689872741699219,-0.0012538915034383535,0.5028156042098999,0.6029157638549805,0.010175134986639023,0.5284466743469238,0.6031026840209961,0.017663704231381416,0.5497495532035828,0.6274509429931641,0.02240035869181156,0.5013933181762695,0.7143182754516602,0.003231606213375926,0.49870240688323975,0.6534258127212524,0.01602124236524105,0.5198515057563782,0.6506961584091187,0.028937194496393204,0.5378159880638123,0.667021632194519,0.04016977176070213,0.0,0.0,0.0,0.0,0.0,0.0,0.0,0.0,0.0,0.0,0.0,0.0,0.0,0.0,0.0,0.0,0.0,0.0,0.0,0.0,0.0,0.0,0.0,0.0,0.0,0.0,0.0,0.0,0.0,0.0,0.0,0.0,0.0,0.0,0.0,0.0,0.0,0.0,0.0,0.0,0.0,0.0,0.0,0.0,0.0,0.0,0.0,0.0,0.0,0.0,0.0,0.0,0.0,0.0,0.0,0.0,0.0,0.0,0.0,0.0,0.0,0.0,0.0,we
0.6650591492652893,0.8767032027244568,6.469704203482252e-07,0.6919251084327698,0.7505009770393372,0.002746123354882002,0.6631544828414917,0.6472601890563965,0.0032009899150580168,0.6035957336425781,0.608582615852356,0.0038499035872519016,0.5578241348266602,0.6013902425765991,0.004805264063179493,0.6102620959281921,0.5909959077835083,-0.012675261124968529,0.5833165049552917,0.4579046368598938,-0.016614550724625587,0.564250111579895,0.38524577021598816,-0.018599240109324455,0.5472730994224548,0.32951465249061584,-0.018885262310504913,0.5542689561843872,0.6287896633148193,-0.013497061096131802,0.5059014558792114,0.5326932072639465,-0.009995550848543644,0.4773542284965515,0.4802502393722534,-0.007586794439703226,0.4532487094402313,0.44741424918174744,-0.007436555810272694,0.5197435617446899,0.6753804087638855,-0.01153519470244646,0.4988257586956024,0.596994936466217,-0.003742131171748042,0.527450680732727,0.594683825969696,0.005713257938623428,0.5506972670555115,0.6178199648857117,0.011822005733847618,0.503261923789978,0.7201799154281616,-0.00976659543812275,0.49781569838523865,0.6480680704116821,0.0011374660534784198,0.5193923711776733,0.6408507823944092,0.015837490558624268,0.5372554659843445,0.6554046273231506,0.028001170605421066,0.0,0.0,0.0,0.0,0.0,0.0,0.0,0.0,0.0,0.0,0.0,0.0,0.0,0.0,0.0,0.0,0.0,0.0,0.0,0.0,0.0,0.0,0.0,0.0,0.0,0.0,0.0,0.0,0.0,0.0,0.0,0.0,0.0,0.0,0.0,0.0,0.0,0.0,0.0,0.0,0.0,0.0,0.0,0.0,0.0,0.0,0.0,0.0,0.0,0.0,0.0,0.0,0.0,0.0,0.0,0.0,0.0,0.0,0.0,0.0,0.0,0.0,0.0,we
0.6611713767051697,0.8752603530883789,6.376273518071685e-07,0.6861273646354675,0.7435401082038879,0.004540464840829372,0.6520618796348572,0.6426914930343628,0.008096660487353802,0.5920954942703247,0.6062708497047424,0.01204867847263813,0.5470713973045349,0.5979971885681152,0.016601521521806717,0.6060539484024048,0.5868971347808838,-0.006584804505109787,0.5804696083068848,0.45529651641845703,-0.004347111098468304,0.5601352453231812,0.38606131076812744,-0.0022771870717406273,0.5426560044288635,0.3338300585746765,-9.565175423631445e-05,0.5487957000732422,0.625174880027771,-0.005027290433645248,0.5013195276260376,0.5313223600387573,0.004400003235787153,0.4708464741706848,0.48024266958236694,0.008133241906762123,0.44606339931488037,0.44779109954833984,0.008796093985438347,0.514153242111206,0.671967625617981,-0.0005458935629576445,0.49681177735328674,0.5976951122283936,0.013107970356941223,0.5266955494880676,0.5965123176574707,0.019078392535448074,0.5500018000602722,0.6199051737785339,0.021800721064209938,0.4971435070037842,0.7153558731079102,0.003998630680143833,0.4982373118400574,0.6527426242828369,0.018787646666169167,0.5211101174354553,0.6486051678657532,0.030051756650209427,0.53997403383255,0.664724588394165,0.03913944587111473,0.0,0.0,0.0,0.0,0.0,0.0,0.0,0.0,0.0,0.0,0.0,0.0,0.0,0.0,0.0,0.0,0.0,0.0,0.0,0.0,0.0,0.0,0.0,0.0,0.0,0.0,0.0,0.0,0.0,0.0,0.0,0.0,0.0,0.0,0.0,0.0,0.0,0.0,0.0,0.0,0.0,0.0,0.0,0.0,0.0,0.0,0.0,0.0,0.0,0.0,0.0,0.0,0.0,0.0,0.0,0.0,0.0,0.0,0.0,0.0,0.0,0.0,0.0,we
0.6612842082977295,0.8753899335861206,6.047299052625021e-07,0.6852942109107971,0.7442235946655273,0.005351487547159195,0.6510596871376038,0.6413398385047913,0.00787661224603653,0.5909655094146729,0.6049640774726868,0.01048345398157835,0.5467967391014099,0.5992088317871094,0.013542387634515762,0.6052572727203369,0.5901919603347778,-0.011482620611786842,0.5796819925308228,0.45841020345687866,-0.012792506255209446,0.5598383545875549,0.38982951641082764,-0.012113969773054123,0.5428833961486816,0.3374944031238556,-0.010726491920650005,0.5484726428985596,0.6294472217559814,-0.011491183191537857,0.5010916590690613,0.5364497303962708,-0.005955554079264402,0.4703110158443451,0.48527640104293823,-0.003250790061429143,0.4444373846054077,0.45131760835647583,-0.0031414555851370096,0.5143831968307495,0.6764804124832153,-0.008220934309065342,0.49851304292678833,0.6029713153839111,0.0026975919026881456,0.5276991128921509,0.5997639298439026,0.009038066491484642,0.5503432750701904,0.6215376853942871,0.012180850841104984,0.49874335527420044,0.7211554646492004,-0.004827052820473909,0.5022698640823364,0.6606157422065735,0.008536695502698421,0.5245965719223022,0.6558085083961487,0.0198676660656929,0.5424039959907532,0.6711722016334534,0.02894190512597561,0.0,0.0,0.0,0.0,0.0,0.0,0.0,0.0,0.0,0.0,0.0,0.0,0.0,0.0,0.0,0.0,0.0,0.0,0.0,0.0,0.0,0.0,0.0,0.0,0.0,0.0,0.0,0.0,0.0,0.0,0.0,0.0,0.0,0.0,0.0,0.0,0.0,0.0,0.0,0.0,0.0,0.0,0.0,0.0,0.0,0.0,0.0,0.0,0.0,0.0,0.0,0.0,0.0,0.0,0.0,0.0,0.0,0.0,0.0,0.0,0.0,0.0,0.0,we
0.6599828004837036,0.8695958256721497,4.518133494002541e-07,0.6807131171226501,0.7400187253952026,0.009386394172906876,0.6433246731758118,0.6461224555969238,0.015015277080237865,0.5949856638908386,0.5991071462631226,0.020420150831341743,0.5558390021324158,0.5831032991409302,0.026440931484103203,0.5932081341743469,0.5904570817947388,-6.500050949398428e-05,0.5580851435661316,0.47499704360961914,0.00702678132802248,0.5366007089614868,0.4170416593551636,0.013015469536185265,0.5162720084190369,0.3752441704273224,0.017520064488053322,0.5419915318489075,0.6297034025192261,-0.0014151320792734623,0.48556241393089294,0.5474689602851868,0.012346621602773666,0.4591667056083679,0.5155073404312134,0.018715066835284233,0.4416159391403198,0.5000101923942566,0.02130141668021679,0.5111824870109558,0.6797364354133606,0.0006875440012663603,0.49321871995925903,0.6199449896812439,0.017209308221936226,0.5205861926078796,0.6223496198654175,0.025248650461435318,0.5423447489738464,0.6460999250411987,0.028626222163438797,0.49716219305992126,0.7258105278015137,0.003227650886401534,0.49287495017051697,0.6759915351867676,0.020872028544545174,0.5139068365097046,0.6753491163253784,0.03477659821510315,0.530523955821991,0.6931174993515015,0.04524834454059601,0.0,0.0,0.0,0.0,0.0,0.0,0.0,0.0,0.0,0.0,0.0,0.0,0.0,0.0,0.0,0.0,0.0,0.0,0.0,0.0,0.0,0.0,0.0,0.0,0.0,0.0,0.0,0.0,0.0,0.0,0.0,0.0,0.0,0.0,0.0,0.0,0.0,0.0,0.0,0.0,0.0,0.0,0.0,0.0,0.0,0.0,0.0,0.0,0.0,0.0,0.0,0.0,0.0,0.0,0.0,0.0,0.0,0.0,0.0,0.0,0.0,0.0,0.0,we
0.6610008478164673,0.8539776802062988,4.904812271888659e-07,0.6817606091499329,0.7279831171035767,0.005179594736546278,0.6474277973175049,0.6375970840454102,0.010283175855875015,0.5945903658866882,0.6013595461845398,0.01592242904007435,0.5529585480690002,0.5937309265136719,0.022648369893431664,0.592805802822113,0.5819037556648254,0.005208734888583422,0.5574105978012085,0.46947187185287476,0.017001796513795853,0.5347137451171875,0.41258320212364197,0.02451651357114315,0.5140454173088074,0.3714326024055481,0.029111839830875397,0.5417267084121704,0.6260325908660889,0.006465642247349024,0.48975199460983276,0.5507515668869019,0.022416578605771065,0.4619559943675995,0.5162729024887085,0.02641724795103073,0.44215381145477295,0.496704638004303,0.026877719908952713,0.5121452808380127,0.6772289872169495,0.010431346483528614,0.49184638261795044,0.6166040897369385,0.026248814538121223,0.516900360584259,0.6097400188446045,0.029089923948049545,0.5382921695709229,0.6240400075912476,0.02912641502916813,0.49799636006355286,0.7218599319458008,0.014929807744920254,0.49094411730766296,0.6653551459312439,0.030266007408499718,0.5106838345527649,0.6536699533462524,0.04027952253818512,0.5296193361282349,0.6605685353279114,0.048128340393304825,0.0,0.0,0.0,0.0,0.0,0.0,0.0,0.0,0.0,0.0,0.0,0.0,0.0,0.0,0.0,0.0,0.0,0.0,0.0,0.0,0.0,0.0,0.0,0.0,0.0,0.0,0.0,0.0,0.0,0.0,0.0,0.0,0.0,0.0,0.0,0.0,0.0,0.0,0.0,0.0,0.0,0.0,0.0,0.0,0.0,0.0,0.0,0.0,0.0,0.0,0.0,0.0,0.0,0.0,0.0,0.0,0.0,0.0,0.0,0.0,0.0,0.0,0.0,we
0.668467104434967,0.855825662612915,6.490676014436758e-07,0.693780779838562,0.7252809405326843,-0.0025025384966284037,0.6590291261672974,0.6258147954940796,-0.006727933418005705,0.59808349609375,0.5885596871376038,-0.009278420358896255,0.5514285564422607,0.5850938558578491,-0.011463331058621407,0.6194947957992554,0.5877560973167419,-0.026636017486453056,0.5870235562324524,0.45533573627471924,-0.03425544500350952,0.5658592581748962,0.38411831855773926,-0.036622170358896255,0.5488333106040955,0.33112454414367676,-0.03650255873799324,0.5647303462028503,0.6269872784614563,-0.026746241375803947,0.5095459222793579,0.5277029871940613,-0.029109470546245575,0.47605109214782715,0.47319531440734863,-0.028367869555950165,0.44902193546295166,0.43794718384742737,-0.02862260304391384,0.5290226936340332,0.6744942665100098,-0.023576823994517326,0.5001040101051331,0.5870267748832703,-0.020794766023755074,0.5274675488471985,0.5833741426467896,-0.011298399418592453,0.5512188673019409,0.6069954633712769,-0.004399367142468691,0.5109952688217163,0.719139814376831,-0.02050599828362465,0.4965049922466278,0.6384072303771973,-0.013244377449154854,0.5193828344345093,0.630926787853241,0.0020938648376613855,0.5390682816505432,0.6487652659416199,0.015028459019958973,0.0,0.0,0.0,0.0,0.0,0.0,0.0,0.0,0.0,0.0,0.0,0.0,0.0,0.0,0.0,0.0,0.0,0.0,0.0,0.0,0.0,0.0,0.0,0.0,0.0,0.0,0.0,0.0,0.0,0.0,0.0,0.0,0.0,0.0,0.0,0.0,0.0,0.0,0.0,0.0,0.0,0.0,0.0,0.0,0.0,0.0,0.0,0.0,0.0,0.0,0.0,0.0,0.0,0.0,0.0,0.0,0.0,0.0,0.0,0.0,0.0,0.0,0.0,we
0.6702148914337158,0.8680760860443115,7.275033340192749e-07,0.698907732963562,0.7385669946670532,-0.00727341091260314,0.6622868180274963,0.6277289390563965,-0.015325644053518772,0.5972814559936523,0.5843438506126404,-0.02041628398001194,0.5457910895347595,0.5707266330718994,-0.02553355135023594,0.6304313540458679,0.5994994044303894,-0.04484424367547035,0.6002402901649475,0.45814067125320435,-0.06060028821229935,0.5784142017364502,0.38090768456459045,-0.06732494384050369,0.5598586797714233,0.3224231004714966,-0.06969539076089859,0.5732962489128113,0.6413568258285522,-0.04432139918208122,0.511967658996582,0.524415135383606,-0.05460609123110771,0.47647738456726074,0.4558495879173279,-0.0550038181245327,0.4453960657119751,0.4124639630317688,-0.05546703562140465,0.534307599067688,0.6894457340240479,-0.0401240698993206,0.4956516623497009,0.5842033624649048,-0.04485722631216049,0.5287803411483765,0.5800772309303284,-0.032919369637966156,0.5541133284568787,0.606293261051178,-0.022488560527563095,0.5139686465263367,0.732284426689148,-0.03607767075300217,0.49439334869384766,0.6352697610855103,-0.03480977937579155,0.5208162069320679,0.6289501786231995,-0.01833105832338333,0.5421834588050842,0.6508384346961975,-0.0034738280810415745,0.0,0.0,0.0,0.0,0.0,0.0,0.0,0.0,0.0,0.0,0.0,0.0,0.0,0.0,0.0,0.0,0.0,0.0,0.0,0.0,0.0,0.0,0.0,0.0,0.0,0.0,0.0,0.0,0.0,0.0,0.0,0.0,0.0,0.0,0.0,0.0,0.0,0.0,0.0,0.0,0.0,0.0,0.0,0.0,0.0,0.0,0.0,0.0,0.0,0.0,0.0,0.0,0.0,0.0,0.0,0.0,0.0,0.0,0.0,0.0,0.0,0.0,0.0,we
0.6700689196586609,0.8725466728210449,7.231384415717912e-07,0.6962357759475708,0.7414717674255371,-0.0071751889772713184,0.660160481929779,0.6288689374923706,-0.015289459377527237,0.5985608696937561,0.5793318152427673,-0.02014731988310814,0.5488879680633545,0.5622813105583191,-0.024735920131206512,0.6293829083442688,0.603143572807312,-0.045304346829652786,0.6003992557525635,0.461245596408844,-0.06127234548330307,0.5794805884361267,0.3840586245059967,-0.06902386248111725,0.561100423336029,0.3247005343437195,-0.07267405837774277,0.5725241303443909,0.6427178382873535,-0.04433995112776756,0.5148022174835205,0.5279456377029419,-0.05463515594601631,0.4787263870239258,0.4586705267429352,-0.05594923347234726,0.44585373997688293,0.4143920838832855,-0.05774311721324921,0.5333824157714844,0.6889364719390869,-0.03976667299866676,0.49407732486724854,0.5828773379325867,-0.04291168600320816,0.5271539092063904,0.5712682008743286,-0.03241827338933945,0.5537975430488586,0.5920560359954834,-0.02414686419069767,0.5129449367523193,0.7306958436965942,-0.03556269407272339,0.4941786527633667,0.6348974704742432,-0.034725308418273926,0.5200396180152893,0.6237481236457825,-0.020918456837534904,0.542450487613678,0.6415195465087891,-0.008439308032393456,0.0,0.0,0.0,0.0,0.0,0.0,0.0,0.0,0.0,0.0,0.0,0.0,0.0,0.0,0.0,0.0,0.0,0.0,0.0,0.0,0.0,0.0,0.0,0.0,0.0,0.0,0.0,0.0,0.0,0.0,0.0,0.0,0.0,0.0,0.0,0.0,0.0,0.0,0.0,0.0,0.0,0.0,0.0,0.0,0.0,0.0,0.0,0.0,0.0,0.0,0.0,0.0,0.0,0.0,0.0,0.0,0.0,0.0,0.0,0.0,0.0,0.0,0.0,we
0.6677325963973999,0.8808924555778503,7.258890377670468e-07,0.697692334651947,0.7524980306625366,-0.006702971179038286,0.6665111780166626,0.6457672715187073,-0.013897726312279701,0.603279173374176,0.6029779314994812,-0.018498945981264114,0.5528742671012878,0.5907461047172546,-0.022854207083582878,0.629692018032074,0.6122166514396667,-0.03976619243621826,0.6057685017585754,0.47009557485580444,-0.05545685440301895,0.5853570699691772,0.3920517861843109,-0.0634840875864029,0.5665121674537659,0.3317772448062897,-0.06724060326814651,0.5713574886322021,0.6478503942489624,-0.03902387246489525,0.5177527070045471,0.5328201055526733,-0.049453504383563995,0.48151320219039917,0.46379122138023376,-0.051380887627601624,0.44814223051071167,0.41839081048965454,-0.053266849368810654,0.5319057703018188,0.6912848353385925,-0.035037361085414886,0.4980926215648651,0.5884426832199097,-0.03935074061155319,0.5310706496238708,0.5828787088394165,-0.02933531627058983,0.5563755631446838,0.6058646440505981,-0.020462971180677414,0.5113950967788696,0.7310779690742493,-0.031311508268117905,0.49422064423561096,0.6372044682502747,-0.029933014884591103,0.519217848777771,0.6295748949050903,-0.014905891381204128,0.5401891469955444,0.6486267447471619,-0.001130037708207965,0.0,0.0,0.0,0.0,0.0,0.0,0.0,0.0,0.0,0.0,0.0,0.0,0.0,0.0,0.0,0.0,0.0,0.0,0.0,0.0,0.0,0.0,0.0,0.0,0.0,0.0,0.0,0.0,0.0,0.0,0.0,0.0,0.0,0.0,0.0,0.0,0.0,0.0,0.0,0.0,0.0,0.0,0.0,0.0,0.0,0.0,0.0,0.0,0.0,0.0,0.0,0.0,0.0,0.0,0.0,0.0,0.0,0.0,0.0,0.0,0.0,0.0,0.0,we
0.6771867275238037,0.8820810914039612,5.023957783123478e-07,0.6955423951148987,0.7546252012252808,0.008844432421028614,0.6558823585510254,0.6557446122169495,0.014017983339726925,0.6046318411827087,0.6138290166854858,0.019147131592035294,0.5622472763061523,0.6056209206581116,0.02464263327419758,0.6049517393112183,0.6041601896286011,-0.001516450196504593,0.5740110874176025,0.48900657892227173,0.004851549863815308,0.5536360144615173,0.428462952375412,0.008865795098245144,0.5361690521240234,0.383769154548645,0.011432966217398643,0.5531800985336304,0.6439616680145264,-0.004012584686279297,0.4954679012298584,0.5568777322769165,0.009312933310866356,0.46988803148269653,0.5165461301803589,0.014995920471847057,0.45309650897979736,0.4918566048145294,0.01608593389391899,0.5234975814819336,0.6963583827018738,-0.003061495488509536,0.49768537282943726,0.6281894445419312,0.01226741261780262,0.5272755026817322,0.6255441904067993,0.020524270832538605,0.5526315569877625,0.646132230758667,0.023389268666505814,0.5121694207191467,0.7475287318229675,-0.0016844552010297775,0.49862223863601685,0.6882424354553223,0.013215775601565838,0.5215281844139099,0.6820339560508728,0.02695745974779129,0.5419050455093384,0.6949792504310608,0.036946214735507965,0.0,0.0,0.0,0.0,0.0,0.0,0.0,0.0,0.0,0.0,0.0,0.0,0.0,0.0,0.0,0.0,0.0,0.0,0.0,0.0,0.0,0.0,0.0,0.0,0.0,0.0,0.0,0.0,0.0,0.0,0.0,0.0,0.0,0.0,0.0,0.0,0.0,0.0,0.0,0.0,0.0,0.0,0.0,0.0,0.0,0.0,0.0,0.0,0.0,0.0,0.0,0.0,0.0,0.0,0.0,0.0,0.0,0.0,0.0,0.0,0.0,0.0,0.0,we
0.6783077716827393,0.875565230846405,4.577868253363704e-07,0.6899088025093079,0.7462306618690491,0.01659640297293663,0.6450663208961487,0.6519328951835632,0.027403101325035095,0.591500461101532,0.6175589561462402,0.03570420295000076,0.5510149002075195,0.6159480810165405,0.044078972190618515,0.5974219441413879,0.5952633619308472,0.01763824187219143,0.559531569480896,0.4900924265384674,0.029854752123355865,0.535551130771637,0.4346568286418915,0.03701522946357727,0.5144907236099243,0.39517471194267273,0.041658565402030945,0.5485658645629883,0.6386350393295288,0.013467855751514435,0.4919719398021698,0.5663264989852905,0.03080533817410469,0.4636070430278778,0.5350465774536133,0.037032369524240494,0.4458298087120056,0.5211752653121948,0.0397106297314167,0.5197939872741699,0.6915374398231506,0.012347299605607986,0.4976869821548462,0.6382790803909302,0.03239859268069267,0.5244640111923218,0.6382849216461182,0.03896502032876015,0.5475272536277771,0.6585126519203186,0.04128633439540863,0.5059962272644043,0.7418698668479919,0.011993304826319218,0.4992498457431793,0.6954808235168457,0.03232668340206146,0.5197288990020752,0.693781316280365,0.045526064932346344,0.5387880802154541,0.7073358297348022,0.055279359221458435,0.0,0.0,0.0,0.0,0.0,0.0,0.0,0.0,0.0,0.0,0.0,0.0,0.0,0.0,0.0,0.0,0.0,0.0,0.0,0.0,0.0,0.0,0.0,0.0,0.0,0.0,0.0,0.0,0.0,0.0,0.0,0.0,0.0,0.0,0.0,0.0,0.0,0.0,0.0,0.0,0.0,0.0,0.0,0.0,0.0,0.0,0.0,0.0,0.0,0.0,0.0,0.0,0.0,0.0,0.0,0.0,0.0,0.0,0.0,0.0,0.0,0.0,0.0,we
0.6791893839836121,0.8704437613487244,5.330281851456675e-07,0.7009909749031067,0.7438792586326599,0.0034782232251018286,0.6627592444419861,0.6446571946144104,0.00673700263723731,0.6049151420593262,0.6034300327301025,0.01038361992686987,0.5622297525405884,0.5990651249885559,0.014562479220330715,0.6057937145233154,0.5874502062797546,-0.0032477774657309055,0.5689349174499512,0.46948033571243286,0.00012163289648015052,0.5442432761192322,0.40462982654571533,0.0017557701794430614,0.5209918022155762,0.3586183190345764,0.0029056761413812637,0.5534980893135071,0.6253030300140381,-0.004113062284886837,0.4984591007232666,0.537970781326294,0.005663824267685413,0.4685298502445221,0.49774348735809326,0.008459801785647869,0.44414442777633667,0.47630324959754944,0.008882507681846619,0.5220199227333069,0.6738417744636536,-0.0022540877107530832,0.5029304623603821,0.6109187006950378,0.010279450565576553,0.5289947390556335,0.608984112739563,0.016731269657611847,0.5517717003822327,0.6319012641906738,0.02016773819923401,0.5062681436538696,0.7209845781326294,-0.0005624264013022184,0.49620112776756287,0.6643399000167847,0.013370147906243801,0.5166066288948059,0.6558802127838135,0.02610580250620842,0.53504478931427,0.6700079441070557,0.036377809941768646,0.0,0.0,0.0,0.0,0.0,0.0,0.0,0.0,0.0,0.0,0.0,0.0,0.0,0.0,0.0,0.0,0.0,0.0,0.0,0.0,0.0,0.0,0.0,0.0,0.0,0.0,0.0,0.0,0.0,0.0,0.0,0.0,0.0,0.0,0.0,0.0,0.0,0.0,0.0,0.0,0.0,0.0,0.0,0.0,0.0,0.0,0.0,0.0,0.0,0.0,0.0,0.0,0.0,0.0,0.0,0.0,0.0,0.0,0.0,0.0,0.0,0.0,0.0,we
0.6795068383216858,0.8751324415206909,5.224136998549511e-07,0.6998347043991089,0.7432048916816711,0.007835287600755692,0.6560230255126953,0.6474983096122742,0.013971304520964622,0.5982822179794312,0.6181599497795105,0.01906040497124195,0.5554291605949402,0.6181033849716187,0.02420515939593315,0.6082020401954651,0.5907673239707947,0.005280433222651482,0.5731152296066284,0.47348088026046753,0.011992682702839375,0.5501312613487244,0.4109734892845154,0.015566688030958176,0.5291101932525635,0.3656270503997803,0.01769794523715973,0.5559831261634827,0.631585419178009,0.003340527880936861,0.5044931173324585,0.545318603515625,0.013745419681072235,0.4709078073501587,0.5010367631912231,0.014242337085306644,0.4425510764122009,0.4724884629249573,0.012404612265527248,0.523996889591217,0.6823796629905701,0.004164792597293854,0.5006744265556335,0.6166125535964966,0.01599721610546112,0.5294853448867798,0.6118419766426086,0.018697019666433334,0.5539898872375488,0.6288939118385315,0.019484566524624825,0.5087764263153076,0.7295363545417786,0.0056207082234323025,0.4948567748069763,0.6689743399620056,0.01912670210003853,0.5148878693580627,0.6567447781562805,0.029737021774053574,0.5344972610473633,0.6651812195777893,0.0380854494869709,0.0,0.0,0.0,0.0,0.0,0.0,0.0,0.0,0.0,0.0,0.0,0.0,0.0,0.0,0.0,0.0,0.0,0.0,0.0,0.0,0.0,0.0,0.0,0.0,0.0,0.0,0.0,0.0,0.0,0.0,0.0,0.0,0.0,0.0,0.0,0.0,0.0,0.0,0.0,0.0,0.0,0.0,0.0,0.0,0.0,0.0,0.0,0.0,0.0,0.0,0.0,0.0,0.0,0.0,0.0,0.0,0.0,0.0,0.0,0.0,0.0,0.0,0.0,we
0.6834292411804199,0.8677014112472534,7.381123054983618e-07,0.7067238092422485,0.7373038530349731,-0.0007078641792759299,0.6710245013237,0.6308338046073914,-0.005523813422769308,0.6058886051177979,0.5934356451034546,-0.00930284895002842,0.5585055947303772,0.5933833122253418,-0.01315241027623415,0.6318431496620178,0.5876630544662476,-0.026855291798710823,0.6007349491119385,0.45420265197753906,-0.03720761463046074,0.5787530541419983,0.37991106510162354,-0.04243439435958862,0.5590349435806274,0.32253754138946533,-0.04416278004646301,0.5759831070899963,0.6222317218780518,-0.02895807847380638,0.5228699445724487,0.5088340044021606,-0.03295133635401726,0.4848628640174866,0.44087541103363037,-0.03308592736721039,0.45035719871520996,0.3954443633556366,-0.03410445153713226,0.5376374125480652,0.6665846109390259,-0.027767809107899666,0.5062996745109558,0.5733210444450378,-0.02603086084127426,0.5346423983573914,0.5696221590042114,-0.016539817675948143,0.5581849217414856,0.5934264063835144,-0.009027677588164806,0.5171826481819153,0.7077017426490784,-0.026668960228562355,0.49840375781059265,0.6224149465560913,-0.018219588324427605,0.5210086703300476,0.6153632402420044,-0.0013134334003552794,0.5406935811042786,0.6334124803543091,0.012647849507629871,0.0,0.0,0.0,0.0,0.0,0.0,0.0,0.0,0.0,0.0,0.0,0.0,0.0,0.0,0.0,0.0,0.0,0.0,0.0,0.0,0.0,0.0,0.0,0.0,0.0,0.0,0.0,0.0,0.0,0.0,0.0,0.0,0.0,0.0,0.0,0.0,0.0,0.0,0.0,0.0,0.0,0.0,0.0,0.0,0.0,0.0,0.0,0.0,0.0,0.0,0.0,0.0,0.0,0.0,0.0,0.0,0.0,0.0,0.0,0.0,0.0,0.0,0.0,we
0.676501989364624,0.8696789741516113,7.862678330639028e-07,0.7018793821334839,0.7376696467399597,0.00017793748702388257,0.6671730279922485,0.6357951164245605,-0.004151319619268179,0.6083263158798218,0.5988239049911499,-0.008672032505273819,0.5607801079750061,0.5905618667602539,-0.013797218911349773,0.6306506395339966,0.5900152325630188,-0.025066085159778595,0.6065250635147095,0.4547199010848999,-0.038367658853530884,0.5865000486373901,0.3784436881542206,-0.04590088874101639,0.5677309036254883,0.32024627923965454,-0.04906962439417839,0.5746741890907288,0.624433696269989,-0.029478048905730247,0.520627498626709,0.5032569169998169,-0.0375739187002182,0.4845527410507202,0.4284023344516754,-0.040514715015888214,0.45104846358299255,0.3763580620288849,-0.042732272297143936,0.536483108997345,0.6715844869613647,-0.03083537518978119,0.5015016794204712,0.5737020373344421,-0.0355154387652874,0.5336472392082214,0.5685429573059082,-0.027897333726286888,0.558746337890625,0.5912550687789917,-0.01977906934916973,0.5166756510734558,0.7169967293739319,-0.031991709023714066,0.49914753437042236,0.6270149350166321,-0.03035569190979004,0.5241053700447083,0.6197823882102966,-0.014898575842380524,0.5454282760620117,0.6389262676239014,-0.00047676265239715576,0.0,0.0,0.0,0.0,0.0,0.0,0.0,0.0,0.0,0.0,0.0,0.0,0.0,0.0,0.0,0.0,0.0,0.0,0.0,0.0,0.0,0.0,0.0,0.0,0.0,0.0,0.0,0.0,0.0,0.0,0.0,0.0,0.0,0.0,0.0,0.0,0.0,0.0,0.0,0.0,0.0,0.0,0.0,0.0,0.0,0.0,0.0,0.0,0.0,0.0,0.0,0.0,0.0,0.0,0.0,0.0,0.0,0.0,0.0,0.0,0.0,0.0,0.0,we
0.6745944023132324,0.8751642107963562,6.705437840537343e-07,0.7000401616096497,0.7430365681648254,0.004477173089981079,0.6643208861351013,0.6438112258911133,0.004306509625166655,0.605702817440033,0.6128933429718018,0.0034694974310696125,0.5575129389762878,0.6146047711372375,0.002588483737781644,0.6217584013938904,0.5877148509025574,-0.008810972794890404,0.5943694710731506,0.45548781752586365,-0.009559723548591137,0.5731653571128845,0.38701897859573364,-0.009139063768088818,0.5532511472702026,0.3370453417301178,-0.008435876108705997,0.5662385821342468,0.6238360404968262,-0.012754117138683796,0.5144550204277039,0.5209941267967224,-0.010916714556515217,0.48328274488449097,0.46389198303222656,-0.010679395869374275,0.4563925564289093,0.4246536195278168,-0.012042968533933163,0.5291298627853394,0.6727713942527771,-0.013811488635838032,0.502413809299469,0.5854450464248657,-0.010006704367697239,0.5332300066947937,0.5855753421783447,-0.0036872951313853264,0.5569363832473755,0.6092277765274048,0.0009101493051275611,0.5102648138999939,0.7180219292640686,-0.014373342506587505,0.5004096031188965,0.6406341791152954,-0.006473839748650789,0.5240782499313354,0.6341798901557922,0.006963555235415697,0.5424482822418213,0.6495737433433533,0.018215112388134003,0.0,0.0,0.0,0.0,0.0,0.0,0.0,0.0,0.0,0.0,0.0,0.0,0.0,0.0,0.0,0.0,0.0,0.0,0.0,0.0,0.0,0.0,0.0,0.0,0.0,0.0,0.0,0.0,0.0,0.0,0.0,0.0,0.0,0.0,0.0,0.0,0.0,0.0,0.0,0.0,0.0,0.0,0.0,0.0,0.0,0.0,0.0,0.0,0.0,0.0,0.0,0.0,0.0,0.0,0.0,0.0,0.0,0.0,0.0,0.0,0.0,0.0,0.0,we
0.6747949719429016,0.8762069940567017,6.384156563399301e-07,0.6975670456886292,0.7449302077293396,0.00614821445196867,0.6609830260276794,0.6473566889762878,0.007914382964372635,0.6055945158004761,0.6110956072807312,0.009240415878593922,0.560131311416626,0.6041603684425354,0.010813041590154171,0.6222735643386841,0.5876081585884094,-0.006179711781442165,0.59527188539505,0.457782506942749,-0.005370160099118948,0.5739431977272034,0.38990601897239685,-0.0042188093066215515,0.5542038083076477,0.3398411273956299,-0.0030678429175168276,0.5665202736854553,0.6228431463241577,-0.00905301608145237,0.5180429220199585,0.5219377875328064,-0.0044533563777804375,0.48750701546669006,0.46556365489959717,-0.0033275489695370197,0.46202367544174194,0.4248960018157959,-0.004323896486312151,0.5289983749389648,0.6701263785362244,-0.008984414860606194,0.5031627416610718,0.5868072509765625,-0.001629076898097992,0.5316452383995056,0.5822486877441406,0.004348249174654484,0.5561345815658569,0.6005561351776123,0.008013196289539337,0.5091556906700134,0.7140387892723083,-0.008388558402657509,0.49713701009750366,0.6376779079437256,0.0017431870801374316,0.5182260274887085,0.6273561716079712,0.014538752846419811,0.5368633270263672,0.6381317377090454,0.02507675252854824,0.0,0.0,0.0,0.0,0.0,0.0,0.0,0.0,0.0,0.0,0.0,0.0,0.0,0.0,0.0,0.0,0.0,0.0,0.0,0.0,0.0,0.0,0.0,0.0,0.0,0.0,0.0,0.0,0.0,0.0,0.0,0.0,0.0,0.0,0.0,0.0,0.0,0.0,0.0,0.0,0.0,0.0,0.0,0.0,0.0,0.0,0.0,0.0,0.0,0.0,0.0,0.0,0.0,0.0,0.0,0.0,0.0,0.0,0.0,0.0,0.0,0.0,0.0,we
0.6766188740730286,0.8794008493423462,4.0630823150422657e-07,0.6953279972076416,0.7523249983787537,0.015012520365417004,0.6539703607559204,0.6527301073074341,0.025412006303668022,0.603053629398346,0.6080285906791687,0.03437495604157448,0.5616388320922852,0.5983220934867859,0.043860577046871185,0.5979871153831482,0.5953289866447449,0.013587476685643196,0.563403308391571,0.48502546548843384,0.026346301659941673,0.5385816097259521,0.4285734295845032,0.032925836741924286,0.5166775584220886,0.3863247334957123,0.03634824603796005,0.5460920929908752,0.6360624432563782,0.0115059744566679,0.4968576729297638,0.5589300990104675,0.03417115658521652,0.4698229432106018,0.5250178575515747,0.04217025637626648,0.45025157928466797,0.5081194043159485,0.04324430972337723,0.5175089836120605,0.6886305809020996,0.012767513282597065,0.4938851296901703,0.6274644732475281,0.03881557285785675,0.5201818943023682,0.621917188167572,0.04759003221988678,0.5434557199478149,0.639933705329895,0.0482163242995739,0.5053113102912903,0.7400992512702942,0.014371124096214771,0.4942145347595215,0.6904018521308899,0.03825461119413376,0.5135740637779236,0.6806069016456604,0.05210046097636223,0.5332390069961548,0.689234733581543,0.060452334582805634,0.0,0.0,0.0,0.0,0.0,0.0,0.0,0.0,0.0,0.0,0.0,0.0,0.0,0.0,0.0,0.0,0.0,0.0,0.0,0.0,0.0,0.0,0.0,0.0,0.0,0.0,0.0,0.0,0.0,0.0,0.0,0.0,0.0,0.0,0.0,0.0,0.0,0.0,0.0,0.0,0.0,0.0,0.0,0.0,0.0,0.0,0.0,0.0,0.0,0.0,0.0,0.0,0.0,0.0,0.0,0.0,0.0,0.0,0.0,0.0,0.0,0.0,0.0,we
0.6739037036895752,0.8766211271286011,5.853064521943452e-07,0.6967259049415588,0.7461529970169067,0.003965665586292744,0.6592612862586975,0.6468743681907654,0.0056016165763139725,0.6016435027122498,0.6032975912094116,0.00800351519137621,0.5580002665519714,0.5929326415061951,0.010667221620678902,0.6097291707992554,0.5935595631599426,-0.01198843028396368,0.5731582045555115,0.46820223331451416,-0.011000219732522964,0.5484367609024048,0.40213531255722046,-0.009028011932969093,0.525779128074646,0.35529884696006775,-0.0071519482880830765,0.5568245649337769,0.6324924230575562,-0.013082967139780521,0.5015491843223572,0.5333091020584106,-0.0053258175030350685,0.4723493158817291,0.4846687316894531,-0.0006486439378932118,0.4497668445110321,0.45647943019866943,0.0009419518173672259,0.5239033699035645,0.681959867477417,-0.010946622118353844,0.4978748857975006,0.6065152287483215,0.0007401926559396088,0.5235028266906738,0.5997517704963684,0.00960265938192606,0.5477253198623657,0.6205362677574158,0.014210601337254047,0.5074635744094849,0.7281658053398132,-0.008743127807974815,0.4943189024925232,0.6613358855247498,0.0045156050473451614,0.5141407251358032,0.6503772139549255,0.01838839240372181,0.5326772928237915,0.663000762462616,0.02921738661825657,0.0,0.0,0.0,0.0,0.0,0.0,0.0,0.0,0.0,0.0,0.0,0.0,0.0,0.0,0.0,0.0,0.0,0.0,0.0,0.0,0.0,0.0,0.0,0.0,0.0,0.0,0.0,0.0,0.0,0.0,0.0,0.0,0.0,0.0,0.0,0.0,0.0,0.0,0.0,0.0,0.0,0.0,0.0,0.0,0.0,0.0,0.0,0.0,0.0,0.0,0.0,0.0,0.0,0.0,0.0,0.0,0.0,0.0,0.0,0.0,0.0,0.0,0.0,we
0.6745752096176147,0.8819824457168579,6.323745651570789e-07,0.6995776295661926,0.7481347322463989,-0.00019109525601379573,0.6640440821647644,0.642195999622345,-0.003738782834261656,0.6017605066299438,0.5990180373191833,-0.005754068028181791,0.5525557398796082,0.5933437943458557,-0.0073076579719781876,0.6240867376327515,0.5988065004348755,-0.02544507384300232,0.5897069573402405,0.4642089307308197,-0.03285486251115799,0.5668638944625854,0.3923807144165039,-0.0347520150244236,0.5481329560279846,0.3383446931838989,-0.03458251431584358,0.5688270330429077,0.637131929397583,-0.026588069275021553,0.508926510810852,0.5310097932815552,-0.029771119356155396,0.4736478626728058,0.47094428539276123,-0.028814345598220825,0.44521501660346985,0.43067842721939087,-0.02878209762275219,0.5320360660552979,0.6839419007301331,-0.024302540346980095,0.4953387379646301,0.5921463966369629,-0.0220673568546772,0.5235542058944702,0.5788322687149048,-0.013413014821708202,0.5506026744842529,0.5939861536026001,-0.006802055053412914,0.5129536986351013,0.7274061441421509,-0.02185632288455963,0.49298161268234253,0.6449797749519348,-0.014538832940161228,0.5145541429519653,0.6292504668235779,-8.319044718518853e-05,0.535730242729187,0.6391491293907166,0.012231080792844296,0.0,0.0,0.0,0.0,0.0,0.0,0.0,0.0,0.0,0.0,0.0,0.0,0.0,0.0,0.0,0.0,0.0,0.0,0.0,0.0,0.0,0.0,0.0,0.0,0.0,0.0,0.0,0.0,0.0,0.0,0.0,0.0,0.0,0.0,0.0,0.0,0.0,0.0,0.0,0.0,0.0,0.0,0.0,0.0,0.0,0.0,0.0,0.0,0.0,0.0,0.0,0.0,0.0,0.0,0.0,0.0,0.0,0.0,0.0,0.0,0.0,0.0,0.0,we
0.6714027523994446,0.8823991417884827,7.456072808054159e-07,0.7019833326339722,0.750501275062561,-0.0073718782514333725,0.6696482300758362,0.6407322287559509,-0.016847558319568634,0.6044979691505432,0.5934041142463684,-0.023153454065322876,0.5518041253089905,0.5784634947776794,-0.029216885566711426,0.6358696818351746,0.612331211566925,-0.04809288680553436,0.6070322394371033,0.46512776613235474,-0.06637986749410629,0.5839308500289917,0.38527625799179077,-0.07459844648838043,0.5638760924339294,0.3240674138069153,-0.07797405123710632,0.576719343662262,0.650490403175354,-0.04760562255978584,0.5174723863601685,0.5263818502426147,-0.06130076199769974,0.4806188642978668,0.4519677758216858,-0.06294670701026917,0.44667530059814453,0.40252190828323364,-0.06400184333324432,0.5359459519386292,0.6948632001876831,-0.04332750663161278,0.49594947695732117,0.5843735933303833,-0.04979785159230232,0.5306527614593506,0.5749068856239319,-0.038533952087163925,0.5576620697975159,0.5965161919593811,-0.028157152235507965,0.5150262713432312,0.7340081930160522,-0.03914180025458336,0.49464815855026245,0.6345118284225464,-0.03811739385128021,0.5201668739318848,0.6235651969909668,-0.022025931626558304,0.5418930649757385,0.6414365172386169,-0.00739036500453949,0.0,0.0,0.0,0.0,0.0,0.0,0.0,0.0,0.0,0.0,0.0,0.0,0.0,0.0,0.0,0.0,0.0,0.0,0.0,0.0,0.0,0.0,0.0,0.0,0.0,0.0,0.0,0.0,0.0,0.0,0.0,0.0,0.0,0.0,0.0,0.0,0.0,0.0,0.0,0.0,0.0,0.0,0.0,0.0,0.0,0.0,0.0,0.0,0.0,0.0,0.0,0.0,0.0,0.0,0.0,0.0,0.0,0.0,0.0,0.0,0.0,0.0,0.0,we
0.6669846773147583,0.880304753780365,7.721263841631298e-07,0.6987288594245911,0.7516149878501892,-0.007643503602594137,0.6675764918327332,0.6415297389030457,-0.01644851639866829,0.6045134663581848,0.5933879613876343,-0.022025149315595627,0.5541788339614868,0.577553927898407,-0.027251681312918663,0.6345468759536743,0.6107293963432312,-0.04706374183297157,0.6089702844619751,0.46419674158096313,-0.06517653912305832,0.5865854620933533,0.38458988070487976,-0.0734340026974678,0.5663812160491943,0.3249143958091736,-0.07675520330667496,0.5748440027236938,0.6462207436561584,-0.04565157741308212,0.5178318619728088,0.5227699279785156,-0.058964814990758896,0.4804638624191284,0.4497898817062378,-0.060556698590517044,0.4459663927555084,0.4021516740322113,-0.0613880529999733,0.5329309105873108,0.6889579892158508,-0.040575943887233734,0.49762579798698425,0.5804564952850342,-0.046171706169843674,0.530809223651886,0.5718364715576172,-0.03512556105852127,0.5559824109077454,0.5942026972770691,-0.024985382333397865,0.5103428959846497,0.7272117733955383,-0.03578729182481766,0.496598482131958,0.6302200555801392,-0.035041455179452896,0.5222070813179016,0.6210768818855286,-0.020013494417071342,0.5428057909011841,0.6395216584205627,-0.005873935762792826,0.0,0.0,0.0,0.0,0.0,0.0,0.0,0.0,0.0,0.0,0.0,0.0,0.0,0.0,0.0,0.0,0.0,0.0,0.0,0.0,0.0,0.0,0.0,0.0,0.0,0.0,0.0,0.0,0.0,0.0,0.0,0.0,0.0,0.0,0.0,0.0,0.0,0.0,0.0,0.0,0.0,0.0,0.0,0.0,0.0,0.0,0.0,0.0,0.0,0.0,0.0,0.0,0.0,0.0,0.0,0.0,0.0,0.0,0.0,0.0,0.0,0.0,0.0,we
0.672653079032898,0.8935483694076538,5.476265414472437e-07,0.6942617297172546,0.7643542289733887,0.0035778312012553215,0.6580542325973511,0.6588441133499146,0.005652428604662418,0.6026175618171692,0.6223679780960083,0.007139223627746105,0.5566815137863159,0.6259067058563232,0.008695249445736408,0.6120365858078003,0.6140927672386169,-0.0035997682716697454,0.5824676752090454,0.4949982166290283,-0.0034449638333171606,0.5628696084022522,0.43107131123542786,-0.003470783121883869,0.5450325012207031,0.38192322850227356,-0.0034439906012266874,0.5612661242485046,0.6505697965621948,-0.007734449114650488,0.5073795914649963,0.5556010007858276,-0.0053824507631361485,0.4758897125720978,0.5036847591400146,-0.006014383397996426,0.4494937062263489,0.4700337052345276,-0.00791467260569334,0.5285636186599731,0.6995288729667664,-0.009440277703106403,0.5027253031730652,0.6165879964828491,-0.0055226110853254795,0.533164381980896,0.6155011653900146,0.0006614723824895918,0.556796133518219,0.6389931440353394,0.005096520762890577,0.5124082565307617,0.7460165023803711,-0.01103784330189228,0.4978869557380676,0.6709377765655518,-0.0032744547352194786,0.5198918581008911,0.6652312874794006,0.009882542304694653,0.5376073122024536,0.6816097497940063,0.020531103014945984,0.0,0.0,0.0,0.0,0.0,0.0,0.0,0.0,0.0,0.0,0.0,0.0,0.0,0.0,0.0,0.0,0.0,0.0,0.0,0.0,0.0,0.0,0.0,0.0,0.0,0.0,0.0,0.0,0.0,0.0,0.0,0.0,0.0,0.0,0.0,0.0,0.0,0.0,0.0,0.0,0.0,0.0,0.0,0.0,0.0,0.0,0.0,0.0,0.0,0.0,0.0,0.0,0.0,0.0,0.0,0.0,0.0,0.0,0.0,0.0,0.0,0.0,0.0,we
0.6648536920547485,0.875541627407074,4.363033099252789e-07,0.6804855465888977,0.7530662417411804,0.014979650266468525,0.6432303190231323,0.6605857014656067,0.025697778910398483,0.5993303060531616,0.616641640663147,0.03409308195114136,0.5685149431228638,0.5976188778877258,0.042777255177497864,0.587117075920105,0.6025419235229492,0.015311167575418949,0.5505605340003967,0.4973934292793274,0.02555001527070999,0.5242528915405273,0.43948155641555786,0.031257741153240204,0.5025599002838135,0.40040937066078186,0.035402845591306686,0.5414245128631592,0.6443668603897095,0.012901165522634983,0.4848182499408722,0.5785393714904785,0.03197471797466278,0.45608460903167725,0.5471464991569519,0.03944874927401543,0.43805646896362305,0.535576581954956,0.04236621409654617,0.514725923538208,0.6965149641036987,0.013121241703629494,0.4967038631439209,0.6546783447265625,0.03418388590216637,0.5237711071968079,0.6542143821716309,0.04122861474752426,0.5459920763969421,0.6740410327911377,0.043614502996206284,0.5001367330551147,0.7478901743888855,0.013668962754309177,0.4965052902698517,0.7084155678749084,0.03332607075572014,0.5161428451538086,0.7075789570808411,0.045453332364559174,0.5338861346244812,0.7208177447319031,0.054604314267635345,0.0,0.0,0.0,0.0,0.0,0.0,0.0,0.0,0.0,0.0,0.0,0.0,0.0,0.0,0.0,0.0,0.0,0.0,0.0,0.0,0.0,0.0,0.0,0.0,0.0,0.0,0.0,0.0,0.0,0.0,0.0,0.0,0.0,0.0,0.0,0.0,0.0,0.0,0.0,0.0,0.0,0.0,0.0,0.0,0.0,0.0,0.0,0.0,0.0,0.0,0.0,0.0,0.0,0.0,0.0,0.0,0.0,0.0,0.0,0.0,0.0,0.0,0.0,we
0.6656060814857483,0.8700373768806458,5.931145778959035e-07,0.6932187080383301,0.7452458143234253,-0.0024935256224125624,0.6587339639663696,0.6448040008544922,-0.0029875272884964943,0.6000978946685791,0.6023776531219482,-0.0018938877619802952,0.5564579367637634,0.5995874404907227,-0.000302329397527501,0.6036577820777893,0.5878385901451111,-0.015649791806936264,0.5684905648231506,0.4633118212223053,-0.017181703820824623,0.5435678958892822,0.3965839445590973,-0.017163394019007683,0.5197647213935852,0.35000166296958923,-0.01644597202539444,0.5502834320068359,0.6268649697303772,-0.015303009189665318,0.4935208857059479,0.5330710411071777,-0.010671504773199558,0.4620412588119507,0.4899805784225464,-0.008534770458936691,0.43688443303108215,0.46770209074020386,-0.007799805607646704,0.5183812379837036,0.6762630343437195,-0.012227115221321583,0.4999837279319763,0.6089189052581787,-0.004746866878122091,0.5250979661941528,0.6099885702133179,0.0028602660167962313,0.5458377003669739,0.6359975934028625,0.008189997635781765,0.5022982954978943,0.7235550880432129,-0.00965570006519556,0.49407750368118286,0.6632857918739319,0.0010330789955332875,0.5148263573646545,0.6610023975372314,0.015216455794870853,0.5322309732437134,0.6813971400260925,0.02714669704437256,0.0,0.0,0.0,0.0,0.0,0.0,0.0,0.0,0.0,0.0,0.0,0.0,0.0,0.0,0.0,0.0,0.0,0.0,0.0,0.0,0.0,0.0,0.0,0.0,0.0,0.0,0.0,0.0,0.0,0.0,0.0,0.0,0.0,0.0,0.0,0.0,0.0,0.0,0.0,0.0,0.0,0.0,0.0,0.0,0.0,0.0,0.0,0.0,0.0,0.0,0.0,0.0,0.0,0.0,0.0,0.0,0.0,0.0,0.0,0.0,0.0,0.0,0.0,we
0.6733829975128174,0.8754104375839233,6.195160153765755e-07,0.696449875831604,0.7443838715553284,0.0016601140378043056,0.6609874367713928,0.6404873728752136,0.00013769854558631778,0.5992369055747986,0.5996290445327759,-0.000616515870206058,0.5509747266769409,0.5932002067565918,-0.0009631235152482986,0.619255781173706,0.5931225419044495,-0.01807832345366478,0.5874106287956238,0.46392348408699036,-0.024134203791618347,0.5677396059036255,0.3928127586841583,-0.0265811737626791,0.5510470271110535,0.3384549021720886,-0.02675488591194153,0.5654985308647156,0.6300334930419922,-0.019374024122953415,0.5056557655334473,0.5307422876358032,-0.020756913349032402,0.46851032972335815,0.4732205867767334,-0.020587407052516937,0.43771061301231384,0.4345795810222626,-0.021314552053809166,0.5299937129020691,0.6751956343650818,-0.01750859245657921,0.4990306794643402,0.5921022891998291,-0.01364409364759922,0.5263831615447998,0.5866194367408752,-0.0057127103209495544,0.5501360893249512,0.6068734526634216,0.0004075122415088117,0.5112449526786804,0.7176792025566101,-0.015576951205730438,0.4969889223575592,0.6411153078079224,-0.006252499762922525,0.5184939503669739,0.6321022510528564,0.008155970834195614,0.5379474759101868,0.6458433270454407,0.0203241016715765,0.0,0.0,0.0,0.0,0.0,0.0,0.0,0.0,0.0,0.0,0.0,0.0,0.0,0.0,0.0,0.0,0.0,0.0,0.0,0.0,0.0,0.0,0.0,0.0,0.0,0.0,0.0,0.0,0.0,0.0,0.0,0.0,0.0,0.0,0.0,0.0,0.0,0.0,0.0,0.0,0.0,0.0,0.0,0.0,0.0,0.0,0.0,0.0,0.0,0.0,0.0,0.0,0.0,0.0,0.0,0.0,0.0,0.0,0.0,0.0,0.0,0.0,0.0,we
0.6712315678596497,0.874524712562561,6.548524993377214e-07,0.6956925988197327,0.7464011907577515,0.0015452721854671836,0.6620171070098877,0.6439379453659058,-0.0016883237985894084,0.601211428642273,0.6054936647415161,-0.0039326767437160015,0.5529902577400208,0.5982216000556946,-0.006286756135523319,0.6209679245948792,0.5948166847229004,-0.025478679686784744,0.5914451479911804,0.4631398320198059,-0.03497510403394699,0.569597601890564,0.39128363132476807,-0.03927762806415558,0.5508755445480347,0.3379130959510803,-0.04037008062005043,0.5654333233833313,0.6328060626983643,-0.026620272547006607,0.5070652961730957,0.5294220447540283,-0.031013458967208862,0.46935194730758667,0.46875157952308655,-0.031211012974381447,0.4367837905883789,0.4293103814125061,-0.031726665794849396,0.5283718705177307,0.6790913343429565,-0.024142466485500336,0.49508437514305115,0.5950080752372742,-0.022353773936629295,0.5255563259124756,0.5892178416252136,-0.013969019055366516,0.5509402751922607,0.6105934381484985,-0.007081746123731136,0.5098190903663635,0.7225615382194519,-0.021395554766058922,0.4988744854927063,0.6475919485092163,-0.014675633981823921,0.5218393206596375,0.6404234766960144,-0.0008341087959706783,0.5410853624343872,0.6559844017028809,0.011547870934009552,0.0,0.0,0.0,0.0,0.0,0.0,0.0,0.0,0.0,0.0,0.0,0.0,0.0,0.0,0.0,0.0,0.0,0.0,0.0,0.0,0.0,0.0,0.0,0.0,0.0,0.0,0.0,0.0,0.0,0.0,0.0,0.0,0.0,0.0,0.0,0.0,0.0,0.0,0.0,0.0,0.0,0.0,0.0,0.0,0.0,0.0,0.0,0.0,0.0,0.0,0.0,0.0,0.0,0.0,0.0,0.0,0.0,0.0,0.0,0.0,0.0,0.0,0.0,we
0.663335919380188,0.8851335644721985,6.975417363719316e-07,0.69260174036026,0.7583402991294861,-0.007085538003593683,0.6640440821647644,0.6520419120788574,-0.012880428694188595,0.6033698320388794,0.6124223470687866,-0.016073450446128845,0.5554121732711792,0.6082209944725037,-0.018626775592565536,0.618737518787384,0.6075111627578735,-0.032314956188201904,0.595015287399292,0.47106021642684937,-0.041560862213373184,0.5738023519515991,0.3987901508808136,-0.0456729531288147,0.5539642572402954,0.34385251998901367,-0.047620195895433426,0.559891939163208,0.6433004140853882,-0.030959919095039368,0.5091917514801025,0.5355055332183838,-0.037306398153305054,0.47291672229766846,0.46985840797424316,-0.03921772912144661,0.43994176387786865,0.42559748888015747,-0.04123625531792641,0.522987425327301,0.6879511475563049,-0.026553431525826454,0.49819594621658325,0.5930274724960327,-0.027054602280259132,0.5306163430213928,0.5853989124298096,-0.01966332085430622,0.5555379986763,0.605691134929657,-0.01358798984438181,0.505560576915741,0.7290055751800537,-0.022613858804106712,0.4973664879798889,0.6442385315895081,-0.017849553376436234,0.520746111869812,0.633461594581604,-0.004777627997100353,0.5397428870201111,0.648224949836731,0.0066890171729028225,0.0,0.0,0.0,0.0,0.0,0.0,0.0,0.0,0.0,0.0,0.0,0.0,0.0,0.0,0.0,0.0,0.0,0.0,0.0,0.0,0.0,0.0,0.0,0.0,0.0,0.0,0.0,0.0,0.0,0.0,0.0,0.0,0.0,0.0,0.0,0.0,0.0,0.0,0.0,0.0,0.0,0.0,0.0,0.0,0.0,0.0,0.0,0.0,0.0,0.0,0.0,0.0,0.0,0.0,0.0,0.0,0.0,0.0,0.0,0.0,0.0,0.0,0.0,we
0.6703227758407593,0.8892679214477539,4.125851660319313e-07,0.6876320838928223,0.7600330114364624,0.009881929494440556,0.6488004922866821,0.661784291267395,0.016843875870108604,0.6074832677841187,0.604874312877655,0.023574495688080788,0.5794612765312195,0.5737682580947876,0.03110254369676113,0.5928857326507568,0.612183690071106,-0.0006174295558594167,0.5550930500030518,0.500314474105835,0.0067997765727341175,0.530010461807251,0.44481223821640015,0.012439160607755184,0.5093490481376648,0.4060719311237335,0.01649009808897972,0.5417289733886719,0.6515390276908875,-0.0018614681903272867,0.4901694059371948,0.5655852556228638,0.014535127207636833,0.47608011960983276,0.5301578044891357,0.02261025831103325,0.4696577191352844,0.5117902755737305,0.025348860770463943,0.5136458277702332,0.7028000354766846,0.0002644170599523932,0.49827519059181213,0.6400467753410339,0.020199766382575035,0.529753565788269,0.6367089748382568,0.029320906847715378,0.5552364587783813,0.6573783159255981,0.03156957030296326,0.5023078322410583,0.7531522512435913,0.002539814217016101,0.49808526039123535,0.7050396800041199,0.02179887890815735,0.5207331776618958,0.6974330544471741,0.035026710480451584,0.5404189825057983,0.7099164724349976,0.04383951425552368,0.0,0.0,0.0,0.0,0.0,0.0,0.0,0.0,0.0,0.0,0.0,0.0,0.0,0.0,0.0,0.0,0.0,0.0,0.0,0.0,0.0,0.0,0.0,0.0,0.0,0.0,0.0,0.0,0.0,0.0,0.0,0.0,0.0,0.0,0.0,0.0,0.0,0.0,0.0,0.0,0.0,0.0,0.0,0.0,0.0,0.0,0.0,0.0,0.0,0.0,0.0,0.0,0.0,0.0,0.0,0.0,0.0,0.0,0.0,0.0,0.0,0.0,0.0,we
0.6741769909858704,0.8835731148719788,4.061300842295168e-07,0.6854480504989624,0.756415069103241,0.01418503001332283,0.6437163352966309,0.6602078080177307,0.026884878054261208,0.5982818603515625,0.6118198037147522,0.03860469534993172,0.5686548352241516,0.5858062505722046,0.05126340687274933,0.5891185998916626,0.6060364246368408,0.0174473375082016,0.5504770278930664,0.5015856027603149,0.03278893604874611,0.5254496335983276,0.44765347242355347,0.04299503192305565,0.5030735731124878,0.40966737270355225,0.04953611269593239,0.5426743626594543,0.6503574252128601,0.01677190326154232,0.4920395612716675,0.5840556025505066,0.03736415132880211,0.4680160880088806,0.5553324818611145,0.04622840881347656,0.45343613624572754,0.543053388595581,0.050550658255815506,0.5158855319023132,0.7035670280456543,0.018853116780519485,0.49821215867996216,0.6526064276695251,0.04141547530889511,0.5204452872276306,0.6471986770629883,0.04854707792401314,0.5392624139785767,0.6616077423095703,0.05059591308236122,0.501940131187439,0.7533010244369507,0.021540623158216476,0.4982820153236389,0.7079459428787231,0.04319412261247635,0.5155056118965149,0.7035632729530334,0.05601252242922783,0.5313475728034973,0.7139862775802612,0.06527087837457657,0.0,0.0,0.0,0.0,0.0,0.0,0.0,0.0,0.0,0.0,0.0,0.0,0.0,0.0,0.0,0.0,0.0,0.0,0.0,0.0,0.0,0.0,0.0,0.0,0.0,0.0,0.0,0.0,0.0,0.0,0.0,0.0,0.0,0.0,0.0,0.0,0.0,0.0,0.0,0.0,0.0,0.0,0.0,0.0,0.0,0.0,0.0,0.0,0.0,0.0,0.0,0.0,0.0,0.0,0.0,0.0,0.0,0.0,0.0,0.0,0.0,0.0,0.0,we
0.6753530502319336,0.8695904612541199,5.674309022651869e-07,0.7007349133491516,0.7406389713287354,0.007300977595150471,0.6692319512367249,0.642868161201477,0.009918170981109142,0.6136615872383118,0.6033965945243835,0.011875443160533905,0.5680065751075745,0.6031047105789185,0.014002968557178974,0.6170762181282043,0.5842533111572266,-0.0014220991870388389,0.582779049873352,0.47095680236816406,-0.0008648321963846684,0.5631843209266663,0.4095393121242523,-0.00042548272176645696,0.5466254353523254,0.3660161793231964,0.0006714739138260484,0.5636071562767029,0.6217172741889954,-0.006096500903367996,0.5057372450828552,0.5292878150939941,-0.0017745400546118617,0.4764065146446228,0.48581933975219727,-0.0004228544421494007,0.4546293616294861,0.4609168767929077,5.631559179164469e-05,0.5292255282402039,0.672044038772583,-0.00788891315460205,0.5030435919761658,0.5986811518669128,0.0002525262243580073,0.5279756784439087,0.5978266596794128,0.008667626418173313,0.5509753227233887,0.61982661485672,0.014091222546994686,0.5119159817695618,0.7184489965438843,-0.009332696907222271,0.5009151697158813,0.6562834978103638,0.003561846911907196,0.5220659971237183,0.65260910987854,0.01967860572040081,0.5404152274131775,0.6700526475906372,0.03247084096074104,0.0,0.0,0.0,0.0,0.0,0.0,0.0,0.0,0.0,0.0,0.0,0.0,0.0,0.0,0.0,0.0,0.0,0.0,0.0,0.0,0.0,0.0,0.0,0.0,0.0,0.0,0.0,0.0,0.0,0.0,0.0,0.0,0.0,0.0,0.0,0.0,0.0,0.0,0.0,0.0,0.0,0.0,0.0,0.0,0.0,0.0,0.0,0.0,0.0,0.0,0.0,0.0,0.0,0.0,0.0,0.0,0.0,0.0,0.0,0.0,0.0,0.0,0.0,we
0.6750715374946594,0.8707860112190247,5.354362997422868e-07,0.6985681653022766,0.7429767847061157,0.006693236995488405,0.6617653965950012,0.6476165652275085,0.009866857901215553,0.6059015393257141,0.6125621199607849,0.011916780844330788,0.5606263279914856,0.6109477877616882,0.014193256385624409,0.6139106154441833,0.5883538126945496,0.0029366014059633017,0.5851538777351379,0.4730871319770813,0.00488793570548296,0.5653114318847656,0.4096885025501251,0.005555073264986277,0.5475884675979614,0.36570268869400024,0.006311065051704645,0.56145179271698,0.6239578723907471,-0.0010755768744274974,0.5080920457839966,0.5334879159927368,0.002851939992979169,0.47567036747932434,0.4876686632633209,0.0014934261562302709,0.44925791025161743,0.45926862955093384,-0.00022892157721798867,0.5276482105255127,0.6724748611450195,-0.0026547308079898357,0.5060091018676758,0.601303219795227,0.0027583325281739235,0.5344195365905762,0.5983173251152039,0.006367518566548824,0.5583932995796204,0.6185951828956604,0.009356862865388393,0.5110926032066345,0.7191110849380493,-0.003610712243244052,0.5032785534858704,0.656371533870697,0.005658916663378477,0.5236432552337646,0.6457233428955078,0.016775626689195633,0.54079270362854,0.6561501026153564,0.02647453360259533,0.0,0.0,0.0,0.0,0.0,0.0,0.0,0.0,0.0,0.0,0.0,0.0,0.0,0.0,0.0,0.0,0.0,0.0,0.0,0.0,0.0,0.0,0.0,0.0,0.0,0.0,0.0,0.0,0.0,0.0,0.0,0.0,0.0,0.0,0.0,0.0,0.0,0.0,0.0,0.0,0.0,0.0,0.0,0.0,0.0,0.0,0.0,0.0,0.0,0.0,0.0,0.0,0.0,0.0,0.0,0.0,0.0,0.0,0.0,0.0,0.0,0.0,0.0,we
0.6839230060577393,0.8672109246253967,7.447019356732199e-07,0.708801805973053,0.7383334636688232,0.00041177295497618616,0.6739451885223389,0.629077136516571,-0.006616279948502779,0.6138113141059875,0.584404706954956,-0.012447613291442394,0.5674169063568115,0.5762239694595337,-0.01817184127867222,0.6480126976966858,0.5976526737213135,-0.04307147487998009,0.618664026260376,0.4580087661743164,-0.06053842604160309,0.5968334674835205,0.38128527998924255,-0.06752511858940125,0.5776903033256531,0.32218003273010254,-0.06980138272047043,0.5929819941520691,0.6354101300239563,-0.04756074771285057,0.5321492552757263,0.5130419135093689,-0.06303991377353668,0.4889296889305115,0.4362259805202484,-0.06556648015975952,0.44836729764938354,0.3856416940689087,-0.06690066307783127,0.5525089502334595,0.6809004545211792,-0.04748837649822235,0.5080732107162476,0.5684249401092529,-0.05390780419111252,0.5397497415542603,0.5572382211685181,-0.04091928154230118,0.5647155046463013,0.5780404210090637,-0.028918176889419556,0.5301840305328369,0.721801221370697,-0.047081198543310165,0.5047556161880493,0.6191944479942322,-0.042939312756061554,0.5292787551879883,0.6070355772972107,-0.023793695494532585,0.5504849553108215,0.6249284148216248,-0.007295357529073954,0.0,0.0,0.0,0.0,0.0,0.0,0.0,0.0,0.0,0.0,0.0,0.0,0.0,0.0,0.0,0.0,0.0,0.0,0.0,0.0,0.0,0.0,0.0,0.0,0.0,0.0,0.0,0.0,0.0,0.0,0.0,0.0,0.0,0.0,0.0,0.0,0.0,0.0,0.0,0.0,0.0,0.0,0.0,0.0,0.0,0.0,0.0,0.0,0.0,0.0,0.0,0.0,0.0,0.0,0.0,0.0,0.0,0.0,0.0,0.0,0.0,0.0,0.0,we
0.6796403527259827,0.87945556640625,6.32526848676207e-07,0.7056750059127808,0.7539435029029846,-4.731842636829242e-05,0.6716640591621399,0.654026985168457,-0.0022128820419311523,0.6120885610580444,0.6193912029266357,-0.0033374156337231398,0.5627885460853577,0.6215642094612122,-0.003991834819316864,0.6266433000564575,0.5996364951133728,-0.015409114770591259,0.6017963290214539,0.47219011187553406,-0.01728566735982895,0.5807142853736877,0.4039255380630493,-0.017639264464378357,0.5608552098274231,0.3538675010204315,-0.017684776335954666,0.570777177810669,0.6348974704742432,-0.017375152558088303,0.5156750082969666,0.535946786403656,-0.01600424386560917,0.48244982957839966,0.4832817018032074,-0.015307643450796604,0.45419585704803467,0.4482221007347107,-0.016394970938563347,0.534413754940033,0.6825830340385437,-0.016423501074314117,0.5052334666252136,0.6007246971130371,-0.012431146577000618,0.5350775718688965,0.5996926426887512,-0.005178553983569145,0.5586565136909485,0.6233462691307068,-0.00029742400511167943,0.5165644884109497,0.727199137210846,-0.015529918484389782,0.5057622194290161,0.6542358994483948,-0.008689270354807377,0.529240608215332,0.6494151949882507,0.004146237391978502,0.5476341247558594,0.6657841205596924,0.014982263557612896,0.0,0.0,0.0,0.0,0.0,0.0,0.0,0.0,0.0,0.0,0.0,0.0,0.0,0.0,0.0,0.0,0.0,0.0,0.0,0.0,0.0,0.0,0.0,0.0,0.0,0.0,0.0,0.0,0.0,0.0,0.0,0.0,0.0,0.0,0.0,0.0,0.0,0.0,0.0,0.0,0.0,0.0,0.0,0.0,0.0,0.0,0.0,0.0,0.0,0.0,0.0,0.0,0.0,0.0,0.0,0.0,0.0,0.0,0.0,0.0,0.0,0.0,0.0,we
0.6799315214157104,0.8839268684387207,5.044223030381545e-07,0.6994655728340149,0.755683958530426,0.008501741103827953,0.6624447703361511,0.6564262509346008,0.015330040827393532,0.6092111468315125,0.6148350238800049,0.022229954600334167,0.5664478540420532,0.6124065518379211,0.029890356585383415,0.6076964735984802,0.6065266132354736,0.0066278669983148575,0.577301025390625,0.4936792850494385,0.016607508063316345,0.5577521920204163,0.43633049726486206,0.02253369428217411,0.5406607985496521,0.39509767293930054,0.02618679776787758,0.5547857284545898,0.6439394354820251,0.004781933967024088,0.49977484345436096,0.5540040135383606,0.01795484498143196,0.4749166667461395,0.5144364833831787,0.021916722878813744,0.4581817388534546,0.49110692739486694,0.022988438606262207,0.524276077747345,0.6928032636642456,0.005952027626335621,0.5072615146636963,0.6194727420806885,0.020254842936992645,0.5371032953262329,0.6178300976753235,0.025760112330317497,0.5607369542121887,0.6393451690673828,0.02791861817240715,0.5113508105278015,0.7373833656311035,0.007733488921076059,0.5040071606636047,0.6758865714073181,0.02333119697868824,0.5257490873336792,0.6709461808204651,0.03579387441277504,0.5437597036361694,0.6854110360145569,0.04518473148345947,0.0,0.0,0.0,0.0,0.0,0.0,0.0,0.0,0.0,0.0,0.0,0.0,0.0,0.0,0.0,0.0,0.0,0.0,0.0,0.0,0.0,0.0,0.0,0.0,0.0,0.0,0.0,0.0,0.0,0.0,0.0,0.0,0.0,0.0,0.0,0.0,0.0,0.0,0.0,0.0,0.0,0.0,0.0,0.0,0.0,0.0,0.0,0.0,0.0,0.0,0.0,0.0,0.0,0.0,0.0,0.0,0.0,0.0,0.0,0.0,0.0,0.0,0.0,we
0.6811023354530334,0.8851178288459778,5.00841395023599e-07,0.6977521777153015,0.7571749687194824,0.008130799047648907,0.658708930015564,0.6587722897529602,0.01580892503261566,0.6040805578231812,0.6233410239219666,0.023105796426534653,0.5617294907569885,0.6263009905815125,0.030970485880970955,0.6081746220588684,0.6048884391784668,0.011663626879453659,0.5757105946540833,0.49698495864868164,0.02212291955947876,0.556935727596283,0.44124436378479004,0.028038330376148224,0.5397962331771851,0.400166392326355,0.03192448243498802,0.555496335029602,0.6428729891777039,0.010258997790515423,0.504549503326416,0.5597125887870789,0.023587819188833237,0.47882091999053955,0.5199499726295471,0.025990886613726616,0.4585437476634979,0.49192434549331665,0.026489607989788055,0.5236207842826843,0.6913323998451233,0.011328266933560371,0.5135869979858398,0.6238863468170166,0.024025410413742065,0.5420026779174805,0.6242712736129761,0.026956230401992798,0.5628487467765808,0.6435982584953308,0.028701024129986763,0.5081616640090942,0.7337514758110046,0.013190050609409809,0.5040780305862427,0.6750020980834961,0.028722811490297318,0.525026798248291,0.6704571843147278,0.04079866409301758,0.5417001247406006,0.684488832950592,0.0504959337413311,0.0,0.0,0.0,0.0,0.0,0.0,0.0,0.0,0.0,0.0,0.0,0.0,0.0,0.0,0.0,0.0,0.0,0.0,0.0,0.0,0.0,0.0,0.0,0.0,0.0,0.0,0.0,0.0,0.0,0.0,0.0,0.0,0.0,0.0,0.0,0.0,0.0,0.0,0.0,0.0,0.0,0.0,0.0,0.0,0.0,0.0,0.0,0.0,0.0,0.0,0.0,0.0,0.0,0.0,0.0,0.0,0.0,0.0,0.0,0.0,0.0,0.0,0.0,we
0.6831339597702026,0.8782287836074829,4.872309773418237e-07,0.7000023126602173,0.7467665672302246,0.007211641408503056,0.6587973833084106,0.6533868908882141,0.01133795641362667,0.601671040058136,0.6214840412139893,0.015187691897153854,0.5568632483482361,0.625694751739502,0.019426560029387474,0.6091359853744507,0.6051296591758728,0.0001279374264413491,0.5701875686645508,0.4954083561897278,0.006305982358753681,0.5446946024894714,0.4379476308822632,0.010295185260474682,0.5222166180610657,0.3980320394039154,0.01305333711206913,0.5579537153244019,0.6472514271736145,-0.0019163740798830986,0.5009617805480957,0.564807116985321,0.008075857535004616,0.4725232422351837,0.5260716676712036,0.010591313242912292,0.45111337304115295,0.502198338508606,0.01100245676934719,0.5263776779174805,0.6976551413536072,-0.0006984404753893614,0.5064921975135803,0.6295987367630005,0.012355666607618332,0.5350764989852905,0.625636637210846,0.018679382279515266,0.5586211085319519,0.646641731262207,0.021816560998558998,0.5123040080070496,0.7430604100227356,0.0009503440815024078,0.5013795495033264,0.6815876364707947,0.016480643302202225,0.5223669409751892,0.6696482300758362,0.0300372913479805,0.54203861951828,0.6808046102523804,0.04055386409163475,0.0,0.0,0.0,0.0,0.0,0.0,0.0,0.0,0.0,0.0,0.0,0.0,0.0,0.0,0.0,0.0,0.0,0.0,0.0,0.0,0.0,0.0,0.0,0.0,0.0,0.0,0.0,0.0,0.0,0.0,0.0,0.0,0.0,0.0,0.0,0.0,0.0,0.0,0.0,0.0,0.0,0.0,0.0,0.0,0.0,0.0,0.0,0.0,0.0,0.0,0.0,0.0,0.0,0.0,0.0,0.0,0.0,0.0,0.0,0.0,0.0,0.0,0.0,we
0.6939038634300232,0.863330066204071,6.330951691779774e-07,0.7161933183670044,0.7344753742218018,0.007917765527963638,0.6771218776702881,0.6381641030311584,0.010382975451648235,0.6182063817977905,0.60322505235672,0.01212554331868887,0.5720095634460449,0.6053590774536133,0.013840153813362122,0.6361993551254272,0.5816271305084229,-0.006058855913579464,0.6029735207557678,0.4630146622657776,-0.006422162521630526,0.5812137722969055,0.39709848165512085,-0.006261137314140797,0.5616853833198547,0.34914225339889526,-0.00537354638800025,0.5842398405075073,0.6184444427490234,-0.01038690097630024,0.5268179178237915,0.5238038301467896,-0.00612430227920413,0.4923687279224396,0.47120654582977295,-0.0034174115862697363,0.46424221992492676,0.43796783685684204,-0.0028976185712963343,0.5489481687545776,0.6681990027427673,-0.011477844789624214,0.514973521232605,0.5931233167648315,-0.003728369018062949,0.5403217077255249,0.5919387936592102,0.0057561988942325115,0.5632960796356201,0.6154455542564392,0.012137272395193577,0.5300176739692688,0.7143515944480896,-0.012038316577672958,0.5107012987136841,0.6440981030464172,-4.005975370091619e-06,0.5314885973930359,0.6403312087059021,0.016935480758547783,0.5505214333534241,0.6586519479751587,0.030462179332971573,0.0,0.0,0.0,0.0,0.0,0.0,0.0,0.0,0.0,0.0,0.0,0.0,0.0,0.0,0.0,0.0,0.0,0.0,0.0,0.0,0.0,0.0,0.0,0.0,0.0,0.0,0.0,0.0,0.0,0.0,0.0,0.0,0.0,0.0,0.0,0.0,0.0,0.0,0.0,0.0,0.0,0.0,0.0,0.0,0.0,0.0,0.0,0.0,0.0,0.0,0.0,0.0,0.0,0.0,0.0,0.0,0.0,0.0,0.0,0.0,0.0,0.0,0.0,we
0.6933215856552124,0.8585677742958069,6.398570349119836e-07,0.7171222567558289,0.7279219031333923,0.0002203488547820598,0.681464433670044,0.620601236820221,-0.003992759622633457,0.6188077926635742,0.578772246837616,-0.007562132086604834,0.5704022645950317,0.5686594843864441,-0.011108712293207645,0.65196692943573,0.5871336460113525,-0.029034648090600967,0.622957170009613,0.4534399211406708,-0.04246348515152931,0.6000269055366516,0.3792378902435303,-0.04918840155005455,0.5800962448120117,0.3242248296737671,-0.05208782106637955,0.5987881422042847,0.6256893277168274,-0.032467857003211975,0.5386160612106323,0.5146123766899109,-0.04038558527827263,0.49850377440452576,0.45089244842529297,-0.04141049087047577,0.4626615643501282,0.4096863865852356,-0.043163999915122986,0.5611239671707153,0.6715103387832642,-0.032691504806280136,0.5183387398719788,0.5695427060127258,-0.03558730334043503,0.5472813844680786,0.5636978149414062,-0.024932967498898506,0.5718359351158142,0.58733069896698,-0.015926314517855644,0.5394583940505981,0.7135894298553467,-0.03278792276978493,0.5159911513328552,0.6203939318656921,-0.029912568628787994,0.5384863018989563,0.6117113828659058,-0.014435549266636372,0.5584304332733154,0.6302563548088074,-0.0008553965017199516,0.0,0.0,0.0,0.0,0.0,0.0,0.0,0.0,0.0,0.0,0.0,0.0,0.0,0.0,0.0,0.0,0.0,0.0,0.0,0.0,0.0,0.0,0.0,0.0,0.0,0.0,0.0,0.0,0.0,0.0,0.0,0.0,0.0,0.0,0.0,0.0,0.0,0.0,0.0,0.0,0.0,0.0,0.0,0.0,0.0,0.0,0.0,0.0,0.0,0.0,0.0,0.0,0.0,0.0,0.0,0.0,0.0,0.0,0.0,0.0,0.0,0.0,0.0,we
0.6920085549354553,0.870489776134491,6.219610781954543e-07,0.7173829078674316,0.7443975210189819,0.0004168255836702883,0.6796382665634155,0.6440218687057495,-0.00028247316367924213,0.6197401881217957,0.6104809045791626,-0.0010242416756227612,0.5718039870262146,0.6110200881958008,-0.0016210980247706175,0.639037013053894,0.5913479924201965,-0.011188962496817112,0.613437831401825,0.4647003710269928,-0.015324425883591175,0.5919061899185181,0.3949730098247528,-0.01732586696743965,0.5723900198936462,0.3439144492149353,-0.018061349168419838,0.5844529867172241,0.6241446733474731,-0.013436956331133842,0.5296487212181091,0.5264208912849426,-0.01592484675347805,0.4949842095375061,0.4691959023475647,-0.01786668784916401,0.4660465717315674,0.4308268427848816,-0.019834384322166443,0.5476090908050537,0.6686606407165527,-0.013352596201002598,0.5196840167045593,0.585429310798645,-0.01372401975095272,0.5509519577026367,0.5847383737564087,-0.008642149157822132,0.5756024718284607,0.6093957424163818,-0.003281158395111561,0.528127908706665,0.7107119560241699,-0.013123959302902222,0.5117232799530029,0.6333463788032532,-0.009099218994379044,0.533352255821228,0.6279658675193787,0.002772052539512515,0.5518555641174316,0.6452224850654602,0.013962301425635815,0.0,0.0,0.0,0.0,0.0,0.0,0.0,0.0,0.0,0.0,0.0,0.0,0.0,0.0,0.0,0.0,0.0,0.0,0.0,0.0,0.0,0.0,0.0,0.0,0.0,0.0,0.0,0.0,0.0,0.0,0.0,0.0,0.0,0.0,0.0,0.0,0.0,0.0,0.0,0.0,0.0,0.0,0.0,0.0,0.0,0.0,0.0,0.0,0.0,0.0,0.0,0.0,0.0,0.0,0.0,0.0,0.0,0.0,0.0,0.0,0.0,0.0,0.0,we
0.6938609480857849,0.8756195306777954,6.422102956094022e-07,0.7183305621147156,0.7480356097221375,0.0012100975727662444,0.6809971332550049,0.647654116153717,0.0005509293987415731,0.6215870976448059,0.6100937724113464,0.000440066447481513,0.5744752287864685,0.6020432114601135,0.0003221874067094177,0.6396822929382324,0.5917508006095886,-0.01589522510766983,0.6120775938034058,0.46547332406044006,-0.02101709507405758,0.5897016525268555,0.39525604248046875,-0.024106575176119804,0.570219099521637,0.3438417613506317,-0.025417810305953026,0.5849764943122864,0.6294211745262146,-0.017223522067070007,0.5310084819793701,0.5283642411231995,-0.017737986519932747,0.4968165159225464,0.4671565890312195,-0.017563026398420334,0.46811243891716003,0.42581337690353394,-0.018618622794747353,0.5487889647483826,0.6780543923377991,-0.015906881541013718,0.514594554901123,0.5921944379806519,-0.013049463741481304,0.5444095134735107,0.5847498178482056,-0.006265731528401375,0.5707080960273743,0.6037874221801758,-0.0008186933700926602,0.5306730270385742,0.723965048789978,-0.014385933987796307,0.512771725654602,0.6454848647117615,-0.00847647339105606,0.5343028903007507,0.6350999474525452,0.004143627360463142,0.5544013977050781,0.6476667523384094,0.01542305015027523,0.0,0.0,0.0,0.0,0.0,0.0,0.0,0.0,0.0,0.0,0.0,0.0,0.0,0.0,0.0,0.0,0.0,0.0,0.0,0.0,0.0,0.0,0.0,0.0,0.0,0.0,0.0,0.0,0.0,0.0,0.0,0.0,0.0,0.0,0.0,0.0,0.0,0.0,0.0,0.0,0.0,0.0,0.0,0.0,0.0,0.0,0.0,0.0,0.0,0.0,0.0,0.0,0.0,0.0,0.0,0.0,0.0,0.0,0.0,0.0,0.0,0.0,0.0,we
0.7010471224784851,0.8782607913017273,4.2834233227040386e-07,0.7108654975891113,0.7501320242881775,0.013083617202937603,0.6613860130310059,0.6574962735176086,0.021957550197839737,0.6081413626670837,0.6284558176994324,0.029070453718304634,0.5644259452819824,0.6313837170600891,0.0364711694419384,0.6146837472915649,0.6029805541038513,0.012286405079066753,0.5734257102012634,0.5001251697540283,0.022425850853323936,0.5505942702293396,0.44692444801330566,0.028223536908626556,0.5321390628814697,0.40691277384757996,0.03169269859790802,0.5656932592391968,0.64589524269104,0.00858648307621479,0.5045024156570435,0.5678255558013916,0.02290106751024723,0.4775286912918091,0.5344196557998657,0.026894070208072662,0.46021538972854614,0.5129696130752563,0.027589568868279457,0.537013828754425,0.698952317237854,0.0077544208616018295,0.5133602023124695,0.6417713165283203,0.023936202749609947,0.5426879525184631,0.6374398469924927,0.02839919552206993,0.5689904093742371,0.6515994071960449,0.029386980459094048,0.5242720246315002,0.748906135559082,0.007657900918275118,0.5129510164260864,0.6987032890319824,0.0254830252379179,0.5349403619766235,0.6901659369468689,0.037069328129291534,0.556503176689148,0.6986885070800781,0.045147765427827835,0.0,0.0,0.0,0.0,0.0,0.0,0.0,0.0,0.0,0.0,0.0,0.0,0.0,0.0,0.0,0.0,0.0,0.0,0.0,0.0,0.0,0.0,0.0,0.0,0.0,0.0,0.0,0.0,0.0,0.0,0.0,0.0,0.0,0.0,0.0,0.0,0.0,0.0,0.0,0.0,0.0,0.0,0.0,0.0,0.0,0.0,0.0,0.0,0.0,0.0,0.0,0.0,0.0,0.0,0.0,0.0,0.0,0.0,0.0,0.0,0.0,0.0,0.0,we
0.7036153078079224,0.8765609264373779,5.410942662820162e-07,0.7126994729042053,0.740247368812561,0.008773047477006912,0.6611639857292175,0.6511834859848022,0.014161676168441772,0.6005198955535889,0.6246904730796814,0.0181793924421072,0.5542316436767578,0.6288939118385315,0.022343622520565987,0.6214967966079712,0.5963837504386902,0.005553307943046093,0.5785245299339294,0.4907151460647583,0.010648616589605808,0.5514948964118958,0.4332828223705292,0.013367537409067154,0.5288169384002686,0.39271143078804016,0.015573646873235703,0.571272611618042,0.6416695713996887,0.0018966726493090391,0.5076080560684204,0.5637660026550293,0.010655056685209274,0.4769632816314697,0.524621844291687,0.012350059114396572,0.4568486213684082,0.5027312636375427,0.013070491142570972,0.5400881767272949,0.6966277360916138,0.000917698023840785,0.5143304467201233,0.6398685574531555,0.01251903735101223,0.5419397354125977,0.6368213295936584,0.017328761518001556,0.5679190754890442,0.6559291481971741,0.02047612890601158,0.5244920253753662,0.7469580769538879,0.0002444603305775672,0.514356255531311,0.6925697326660156,0.01463546883314848,0.5356981158256531,0.6858028173446655,0.02696705423295498,0.5567284226417542,0.6980658769607544,0.037156835198402405,0.0,0.0,0.0,0.0,0.0,0.0,0.0,0.0,0.0,0.0,0.0,0.0,0.0,0.0,0.0,0.0,0.0,0.0,0.0,0.0,0.0,0.0,0.0,0.0,0.0,0.0,0.0,0.0,0.0,0.0,0.0,0.0,0.0,0.0,0.0,0.0,0.0,0.0,0.0,0.0,0.0,0.0,0.0,0.0,0.0,0.0,0.0,0.0,0.0,0.0,0.0,0.0,0.0,0.0,0.0,0.0,0.0,0.0,0.0,0.0,0.0,0.0,0.0,we
0.6986433863639832,0.8781227469444275,6.841469257778954e-07,0.7182769775390625,0.7438111305236816,-7.467726391041651e-05,0.676450252532959,0.6430560946464539,-0.0014516132650896907,0.6108371019363403,0.608344554901123,-0.0024456672836095095,0.5620124340057373,0.6092234253883362,-0.0027999815065413713,0.6355205774307251,0.5938776135444641,-0.013758608140051365,0.5994824767112732,0.46771055459976196,-0.01870875246822834,0.5739230513572693,0.3978540599346161,-0.02138630673289299,0.5512904524803162,0.3472380042076111,-0.022127792239189148,0.5817900896072388,0.6358216404914856,-0.015186253003776073,0.5207229852676392,0.5422084927558899,-0.015605718828737736,0.48422497510910034,0.48766371607780457,-0.015357566997408867,0.45585811138153076,0.4535907506942749,-0.015856390818953514,0.5471973419189453,0.6862678527832031,-0.01409958302974701,0.5160954594612122,0.60555100440979,-0.010312012396752834,0.5421814322471619,0.598932683467865,-0.0023787023965269327,0.5676013827323914,0.620030403137207,0.003857314819470048,0.5294362902641296,0.7314461469650269,-0.013379068113863468,0.5159028172492981,0.6588855385780334,-0.005371082574129105,0.5369483828544617,0.6489614248275757,0.00835628341883421,0.5571625828742981,0.6628791689872742,0.02026032656431198,0.0,0.0,0.0,0.0,0.0,0.0,0.0,0.0,0.0,0.0,0.0,0.0,0.0,0.0,0.0,0.0,0.0,0.0,0.0,0.0,0.0,0.0,0.0,0.0,0.0,0.0,0.0,0.0,0.0,0.0,0.0,0.0,0.0,0.0,0.0,0.0,0.0,0.0,0.0,0.0,0.0,0.0,0.0,0.0,0.0,0.0,0.0,0.0,0.0,0.0,0.0,0.0,0.0,0.0,0.0,0.0,0.0,0.0,0.0,0.0,0.0,0.0,0.0,we
0.6980562806129456,0.8813278675079346,6.908823024787125e-07,0.7146309018135071,0.7440154552459717,0.0014906366122886539,0.6717250943183899,0.6430690884590149,-0.001297075767070055,0.6101949214935303,0.6086673140525818,-0.003980843350291252,0.5628973841667175,0.6050577759742737,-0.006764027290046215,0.6370249390602112,0.5976992249488831,-0.0213935486972332,0.6052839159965515,0.4655929207801819,-0.030765654519200325,0.5815988183021545,0.3936944305896759,-0.03595521301031113,0.5610525012016296,0.3394695818424225,-0.038088586181402206,0.5826894044876099,0.6394155025482178,-0.02312120608985424,0.5240208506584167,0.5400409698486328,-0.0267386045306921,0.4861990809440613,0.48238807916641235,-0.02705717459321022,0.45439791679382324,0.4439655542373657,-0.028129907324910164,0.5468853712081909,0.6886307001113892,-0.021792586892843246,0.5169598460197449,0.6043497920036316,-0.018972447142004967,0.5469704270362854,0.5975430011749268,-0.01028953492641449,0.5728927850723267,0.6169793605804443,-0.003678900422528386,0.5283371210098267,0.7338832020759583,-0.02067950926721096,0.5194734334945679,0.6575140357017517,-0.013276038691401482,0.5428099632263184,0.6497354507446289,0.0004724202735815197,0.5640479922294617,0.6644359827041626,0.012411117553710938,0.0,0.0,0.0,0.0,0.0,0.0,0.0,0.0,0.0,0.0,0.0,0.0,0.0,0.0,0.0,0.0,0.0,0.0,0.0,0.0,0.0,0.0,0.0,0.0,0.0,0.0,0.0,0.0,0.0,0.0,0.0,0.0,0.0,0.0,0.0,0.0,0.0,0.0,0.0,0.0,0.0,0.0,0.0,0.0,0.0,0.0,0.0,0.0,0.0,0.0,0.0,0.0,0.0,0.0,0.0,0.0,0.0,0.0,0.0,0.0,0.0,0.0,0.0,we
0.6924335360527039,0.8906092643737793,6.805934731346497e-07,0.7151988744735718,0.7594375014305115,3.364155418239534e-05,0.6766175031661987,0.6584087610244751,-0.0020197697449475527,0.6146683096885681,0.6188437342643738,-0.0035717978607863188,0.5665706396102905,0.612136721611023,-0.005064434837549925,0.6359968781471252,0.6057731509208679,-0.02007357031106949,0.6048322319984436,0.47173094749450684,-0.02747298777103424,0.5820171236991882,0.3980000913143158,-0.03172995522618294,0.5614220499992371,0.3421153128147125,-0.0336669497191906,0.5802016854286194,0.6435340642929077,-0.021088656038045883,0.522921085357666,0.5433171987533569,-0.02258913777768612,0.4851803481578827,0.4864429831504822,-0.02229238487780094,0.4521717131137848,0.44951772689819336,-0.023236634209752083,0.5441114902496338,0.6921008825302124,-0.019249651581048965,0.5136705636978149,0.6112319827079773,-0.015928328037261963,0.5448700785636902,0.6100520491600037,-0.007239133585244417,0.570379912853241,0.6344146132469177,-0.000798621098510921,0.5258303284645081,0.7372626662254333,-0.017728570848703384,0.5137628316879272,0.6646583080291748,-0.011056914925575256,0.5376710295677185,0.66422039270401,0.0026727798394858837,0.5583153367042542,0.6859576106071472,0.014711719937622547,0.0,0.0,0.0,0.0,0.0,0.0,0.0,0.0,0.0,0.0,0.0,0.0,0.0,0.0,0.0,0.0,0.0,0.0,0.0,0.0,0.0,0.0,0.0,0.0,0.0,0.0,0.0,0.0,0.0,0.0,0.0,0.0,0.0,0.0,0.0,0.0,0.0,0.0,0.0,0.0,0.0,0.0,0.0,0.0,0.0,0.0,0.0,0.0,0.0,0.0,0.0,0.0,0.0,0.0,0.0,0.0,0.0,0.0,0.0,0.0,0.0,0.0,0.0,we
0.6954250335693359,0.890954315662384,6.775404699510545e-07,0.7158917188644409,0.7605823278427124,7.48120692151133e-06,0.6764614582061768,0.6572774648666382,-0.0031097198370844126,0.6121468544006348,0.6238183975219727,-0.005649680737406015,0.5629472136497498,0.6237517595291138,-0.008406229317188263,0.6366875767707825,0.6085357666015625,-0.02317119389772415,0.6047884225845337,0.47365373373031616,-0.03273249790072441,0.5818144679069519,0.39844614267349243,-0.03843678534030914,0.5620999932289124,0.3408762514591217,-0.04109717532992363,0.5807027816772461,0.6484246850013733,-0.02393014170229435,0.5221596956253052,0.5475033521652222,-0.026002390310168266,0.4851742088794708,0.48906567692756653,-0.025477731600403786,0.45259571075439453,0.4507749080657959,-0.02645988203585148,0.5451620817184448,0.6973866820335388,-0.0216673631221056,0.5132995843887329,0.6132435202598572,-0.017943250015378,0.5454708337783813,0.6122207045555115,-0.008358866907656193,0.5711289644241333,0.6379596590995789,-0.0013617583317682147,0.5280365347862244,0.7432903051376343,-0.019748514518141747,0.5165230631828308,0.6670152544975281,-0.01254720613360405,0.5408533811569214,0.6655116677284241,0.0016768480418249965,0.5614176988601685,0.6872991323471069,0.01399628259241581,0.0,0.0,0.0,0.0,0.0,0.0,0.0,0.0,0.0,0.0,0.0,0.0,0.0,0.0,0.0,0.0,0.0,0.0,0.0,0.0,0.0,0.0,0.0,0.0,0.0,0.0,0.0,0.0,0.0,0.0,0.0,0.0,0.0,0.0,0.0,0.0,0.0,0.0,0.0,0.0,0.0,0.0,0.0,0.0,0.0,0.0,0.0,0.0,0.0,0.0,0.0,0.0,0.0,0.0,0.0,0.0,0.0,0.0,0.0,0.0,0.0,0.0,0.0,we
0.6960670948028564,0.8887215852737427,6.912042067597213e-07,0.7138729095458984,0.7562106251716614,0.0026396813336759806,0.6716832518577576,0.6536769866943359,0.0009593961876817048,0.6090657114982605,0.6238976120948792,-0.0009778449311852455,0.5614842176437378,0.6238803863525391,-0.0034637432545423508,0.6340422034263611,0.6050845980644226,-0.01827865280210972,0.6018337607383728,0.47287583351135254,-0.026482881978154182,0.5789625644683838,0.3990037441253662,-0.03148829564452171,0.5595372915267944,0.34281831979751587,-0.03374850004911423,0.5801559686660767,0.6461144685745239,-0.020453784614801407,0.5217618942260742,0.5474427938461304,-0.02187163569033146,0.4858071804046631,0.490541934967041,-0.02159385196864605,0.4551551043987274,0.4530707001686096,-0.022846579551696777,0.5444737076759338,0.6959237456321716,-0.019639452919363976,0.5126389861106873,0.6129463315010071,-0.016641436144709587,0.5446730852127075,0.6136267185211182,-0.007902424782514572,0.5701587796211243,0.6387784481048584,-0.0012903247261419892,0.5265424847602844,0.7412996292114258,-0.01882065460085869,0.5142123699188232,0.6647592186927795,-0.012940813787281513,0.5392670035362244,0.6642898917198181,0.0007643707212992013,0.5597898364067078,0.6856356263160706,0.012895219959318638,0.0,0.0,0.0,0.0,0.0,0.0,0.0,0.0,0.0,0.0,0.0,0.0,0.0,0.0,0.0,0.0,0.0,0.0,0.0,0.0,0.0,0.0,0.0,0.0,0.0,0.0,0.0,0.0,0.0,0.0,0.0,0.0,0.0,0.0,0.0,0.0,0.0,0.0,0.0,0.0,0.0,0.0,0.0,0.0,0.0,0.0,0.0,0.0,0.0,0.0,0.0,0.0,0.0,0.0,0.0,0.0,0.0,0.0,0.0,0.0,0.0,0.0,0.0,we
0.6912352442741394,0.8862817883491516,5.98657322825602e-07,0.7079434990882874,0.7501685619354248,0.00439705653116107,0.661500871181488,0.6516108512878418,0.00789067056030035,0.6027365922927856,0.6189130544662476,0.010720334015786648,0.5568834543228149,0.62195885181427,0.014282776042819023,0.6162222623825073,0.6053646802902222,-0.0024686227552592754,0.5825905203819275,0.482544869184494,-0.001113031874410808,0.5589694380760193,0.41746604442596436,0.00014738430036231875,0.5372262001037598,0.36976972222328186,0.0014647722709923983,0.5646432638168335,0.6466596126556396,-0.004567495081573725,0.5062603950500488,0.5618339776992798,-0.0015310157323256135,0.4670411944389343,0.517611563205719,-0.0024328229483217,0.4348487854003906,0.48841506242752075,-0.003588893683627248,0.5328608751296997,0.6956067681312561,-0.004019477404654026,0.5147862434387207,0.624982476234436,0.002798478351905942,0.5445449948310852,0.6231691241264343,0.007611394859850407,0.5682193040847778,0.6442139148712158,0.011445720680058002,0.516779899597168,0.7398723363876343,-0.003509711707010865,0.5135317444801331,0.6773598194122314,0.007459851913154125,0.5367278456687927,0.6740851998329163,0.019391980022192,0.5559676289558411,0.6904853582382202,0.029746169224381447,0.0,0.0,0.0,0.0,0.0,0.0,0.0,0.0,0.0,0.0,0.0,0.0,0.0,0.0,0.0,0.0,0.0,0.0,0.0,0.0,0.0,0.0,0.0,0.0,0.0,0.0,0.0,0.0,0.0,0.0,0.0,0.0,0.0,0.0,0.0,0.0,0.0,0.0,0.0,0.0,0.0,0.0,0.0,0.0,0.0,0.0,0.0,0.0,0.0,0.0,0.0,0.0,0.0,0.0,0.0,0.0,0.0,0.0,0.0,0.0,0.0,0.0,0.0,we
0.6955842971801758,0.886988639831543,4.975272531737573e-07,0.7070564031600952,0.7575477957725525,0.00704435259103775,0.6615362167358398,0.6615646481513977,0.013976391404867172,0.604644238948822,0.6253495812416077,0.020732324570417404,0.5589048266410828,0.6239026784896851,0.028340421617031097,0.6099570989608765,0.6026020050048828,0.006914961151778698,0.5691953897476196,0.49205464124679565,0.014923137612640858,0.5436612963676453,0.43224355578422546,0.020649313926696777,0.521480917930603,0.38962268829345703,0.024583330377936363,0.5600334405899048,0.6465281844139099,0.005189083982259035,0.4932589530944824,0.5738328099250793,0.0175867211073637,0.467446893453598,0.5442196130752563,0.023342035710811615,0.4540556073188782,0.5274748206138611,0.02672138251364231,0.530918538570404,0.7009983062744141,0.0056646657176315784,0.5113667249679565,0.644787609577179,0.018451722338795662,0.5375586152076721,0.6464769840240479,0.024274596944451332,0.5601149797439575,0.6661567091941833,0.02774285525083542,0.5175013542175293,0.749787449836731,0.006296806037425995,0.5152948498725891,0.7033956050872803,0.02089793235063553,0.5364371538162231,0.7044997215270996,0.03256414830684662,0.5542030930519104,0.7192138433456421,0.04213570058345795,0.0,0.0,0.0,0.0,0.0,0.0,0.0,0.0,0.0,0.0,0.0,0.0,0.0,0.0,0.0,0.0,0.0,0.0,0.0,0.0,0.0,0.0,0.0,0.0,0.0,0.0,0.0,0.0,0.0,0.0,0.0,0.0,0.0,0.0,0.0,0.0,0.0,0.0,0.0,0.0,0.0,0.0,0.0,0.0,0.0,0.0,0.0,0.0,0.0,0.0,0.0,0.0,0.0,0.0,0.0,0.0,0.0,0.0,0.0,0.0,0.0,0.0,0.0,we
0.6993156671524048,0.8879445195198059,4.7124166258072364e-07,0.7098893523216248,0.7606444954872131,0.004027809482067823,0.6621005535125732,0.6634243726730347,0.009583307430148125,0.6034004092216492,0.6285605430603027,0.015133384615182877,0.5572257041931152,0.627270519733429,0.021554486826062202,0.6099932193756104,0.6002243161201477,0.004482732154428959,0.5675134658813477,0.4917353391647339,0.008161901496350765,0.541617214679718,0.43176713585853577,0.011313803493976593,0.519538164138794,0.38861575722694397,0.013698679395020008,0.561148464679718,0.6448186635971069,0.002577375853434205,0.49200570583343506,0.5755544900894165,0.009136807173490524,0.4699058532714844,0.5511224865913391,0.01336883008480072,0.459119975566864,0.5351815223693848,0.016914723441004753,0.5316391587257385,0.7002808451652527,0.0022585170809179544,0.5090689063072205,0.641804039478302,0.007329416926950216,0.5334038734436035,0.641474723815918,0.012860964983701706,0.5550315976142883,0.6565359234809875,0.018177330493927002,0.518089771270752,0.7488458752632141,0.002185055986046791,0.5142219662666321,0.6991797685623169,0.010475952178239822,0.5355090498924255,0.6963275671005249,0.021666213870048523,0.5529242157936096,0.7065532803535461,0.03219924494624138,0.0,0.0,0.0,0.0,0.0,0.0,0.0,0.0,0.0,0.0,0.0,0.0,0.0,0.0,0.0,0.0,0.0,0.0,0.0,0.0,0.0,0.0,0.0,0.0,0.0,0.0,0.0,0.0,0.0,0.0,0.0,0.0,0.0,0.0,0.0,0.0,0.0,0.0,0.0,0.0,0.0,0.0,0.0,0.0,0.0,0.0,0.0,0.0,0.0,0.0,0.0,0.0,0.0,0.0,0.0,0.0,0.0,0.0,0.0,0.0,0.0,0.0,0.0,we
0.6996784210205078,0.8846800327301025,5.044907993578818e-07,0.7110338807106018,0.7530657649040222,0.00549263646826148,0.6672643423080444,0.6553391814231873,0.011199060827493668,0.6107039451599121,0.6156942844390869,0.016164476051926613,0.5667759776115417,0.6104501485824585,0.021881500259041786,0.6158332824707031,0.5938028693199158,0.006194250658154488,0.5721681714057922,0.4854850769042969,0.009562441147863865,0.5463940501213074,0.42638811469078064,0.012737140990793705,0.5253135561943054,0.3842555284500122,0.015925556421279907,0.5678397417068481,0.637814462184906,0.0034563890658318996,0.498891681432724,0.5632792711257935,0.009641941636800766,0.47272181510925293,0.5309211611747742,0.013019781559705734,0.4582751989364624,0.5103470087051392,0.01638638600707054,0.5373751521110535,0.6923867464065552,0.0023218775168061256,0.5171266794204712,0.6368212103843689,0.006784925237298012,0.5428317785263062,0.6392467617988586,0.010594948194921017,0.5659453868865967,0.6570792198181152,0.01554491464048624,0.5212914943695068,0.7406657934188843,0.0015079887816682458,0.5214962959289551,0.693504810333252,0.00947687029838562,0.5441934466362,0.6942609548568726,0.019576646387577057,0.5626292824745178,0.7078027129173279,0.02985275909304619,0.0,0.0,0.0,0.0,0.0,0.0,0.0,0.0,0.0,0.0,0.0,0.0,0.0,0.0,0.0,0.0,0.0,0.0,0.0,0.0,0.0,0.0,0.0,0.0,0.0,0.0,0.0,0.0,0.0,0.0,0.0,0.0,0.0,0.0,0.0,0.0,0.0,0.0,0.0,0.0,0.0,0.0,0.0,0.0,0.0,0.0,0.0,0.0,0.0,0.0,0.0,0.0,0.0,0.0,0.0,0.0,0.0,0.0,0.0,0.0,0.0,0.0,0.0,we
0.6965152025222778,0.894913911819458,6.433128305616265e-07,0.7161397933959961,0.7598994970321655,0.0028037892188876867,0.6767362952232361,0.6577052474021912,0.006526531185954809,0.6156495809555054,0.6209022402763367,0.010419359430670738,0.5689319968223572,0.6191875338554382,0.015102975070476532,0.6240955591201782,0.5945996642112732,0.0012820782139897346,0.5902847051620483,0.4681716561317444,0.0055870055221021175,0.5701373219490051,0.3992798626422882,0.007672348991036415,0.5492843985557556,0.34839674830436707,0.009519750252366066,0.5719670653343201,0.6355617642402649,0.0018434639787301421,0.5262105464935303,0.543613076210022,0.01529413927346468,0.49776023626327515,0.4989362955093384,0.01971428655087948,0.4721294045448303,0.4741581380367279,0.020539868623018265,0.541240394115448,0.6881011128425598,0.004413094371557236,0.5300498604774475,0.6226475834846497,0.019760483875870705,0.5574731826782227,0.6225826740264893,0.02579159289598465,0.5790932774543762,0.6458637714385986,0.02838807739317417,0.5261818170547485,0.7372499704360962,0.006391025613993406,0.5292891263961792,0.678932249546051,0.02229127287864685,0.5530881285667419,0.6784387230873108,0.03483593463897705,0.572722852230072,0.6978499293327332,0.04466641694307327,0.0,0.0,0.0,0.0,0.0,0.0,0.0,0.0,0.0,0.0,0.0,0.0,0.0,0.0,0.0,0.0,0.0,0.0,0.0,0.0,0.0,0.0,0.0,0.0,0.0,0.0,0.0,0.0,0.0,0.0,0.0,0.0,0.0,0.0,0.0,0.0,0.0,0.0,0.0,0.0,0.0,0.0,0.0,0.0,0.0,0.0,0.0,0.0,0.0,0.0,0.0,0.0,0.0,0.0,0.0,0.0,0.0,0.0,0.0,0.0,0.0,0.0,0.0,we
0.6951612830162048,0.9029401540756226,6.159960435070388e-07,0.7199692726135254,0.7702018618583679,0.002045257482677698,0.6838953495025635,0.6660360097885132,0.006252205464988947,0.6247444152832031,0.6307578086853027,0.010906008072197437,0.5795647501945496,0.6296374201774597,0.016431212425231934,0.6289517879486084,0.5981283783912659,-0.00027562311151996255,0.5976294875144958,0.4673612713813782,0.003999653272330761,0.5757994651794434,0.396075040102005,0.006429797969758511,0.5543003678321838,0.3434050381183624,0.008454043418169022,0.5733639597892761,0.6371435523033142,0.0013480623019859195,0.530531108379364,0.5411505699157715,0.013415328226983547,0.5009951591491699,0.4936017394065857,0.016344327479600906,0.47367823123931885,0.46500086784362793,0.016395719721913338,0.5411159992218018,0.6876331567764282,0.005178609397262335,0.5324081778526306,0.6189524531364441,0.01959303580224514,0.5623112320899963,0.619006872177124,0.024022450670599937,0.584710955619812,0.6419512629508972,0.026035090908408165,0.5262983441352844,0.7351024746894836,0.008591892197728157,0.5302284359931946,0.6755435466766357,0.024849018082022667,0.5536526441574097,0.6714069247245789,0.036575861275196075,0.5731147527694702,0.6879156827926636,0.045864518731832504,0.0,0.0,0.0,0.0,0.0,0.0,0.0,0.0,0.0,0.0,0.0,0.0,0.0,0.0,0.0,0.0,0.0,0.0,0.0,0.0,0.0,0.0,0.0,0.0,0.0,0.0,0.0,0.0,0.0,0.0,0.0,0.0,0.0,0.0,0.0,0.0,0.0,0.0,0.0,0.0,0.0,0.0,0.0,0.0,0.0,0.0,0.0,0.0,0.0,0.0,0.0,0.0,0.0,0.0,0.0,0.0,0.0,0.0,0.0,0.0,0.0,0.0,0.0,we
0.6854084730148315,0.9074755907058716,6.495888555946294e-07,0.7092075347900391,0.7757694721221924,0.0013827556977048516,0.6815106272697449,0.6687324643135071,0.0024826866574585438,0.6239666938781738,0.6346734762191772,0.0038619330152869225,0.5788711309432983,0.6337052583694458,0.005751499906182289,0.6223351955413818,0.6106879115104675,-0.008446279913187027,0.5955724716186523,0.47688284516334534,-0.009934872388839722,0.5766620635986328,0.40485480427742004,-0.011247276328504086,0.556841254234314,0.34963250160217285,-0.011727899312973022,0.5658677220344543,0.6469241380691528,-0.00905746128410101,0.5221735239028931,0.543497622013092,-0.0019843601621687412,0.4910581409931183,0.4940476417541504,0.0004847158561460674,0.46118074655532837,0.46487313508987427,0.00019851542310789227,0.5326507687568665,0.6949345469474792,-0.007469337899237871,0.5222450494766235,0.617112398147583,0.004372159019112587,0.5530912280082703,0.6124252080917358,0.011437139473855495,0.5759303569793701,0.6318985819816589,0.01478955615311861,0.5178232789039612,0.7405672073364258,-0.006576079409569502,0.5208311080932617,0.674221396446228,0.00752995815128088,0.544987142086029,0.6692362427711487,0.021018316969275475,0.5636417865753174,0.6850014328956604,0.03144839406013489,0.0,0.0,0.0,0.0,0.0,0.0,0.0,0.0,0.0,0.0,0.0,0.0,0.0,0.0,0.0,0.0,0.0,0.0,0.0,0.0,0.0,0.0,0.0,0.0,0.0,0.0,0.0,0.0,0.0,0.0,0.0,0.0,0.0,0.0,0.0,0.0,0.0,0.0,0.0,0.0,0.0,0.0,0.0,0.0,0.0,0.0,0.0,0.0,0.0,0.0,0.0,0.0,0.0,0.0,0.0,0.0,0.0,0.0,0.0,0.0,0.0,0.0,0.0,we
0.6814302206039429,0.9084293842315674,6.941151582395833e-07,0.7086427807807922,0.7770340442657471,-0.003167211776599288,0.682111918926239,0.6711153388023376,-0.0031289143953472376,0.6254318356513977,0.6326180696487427,-0.0021623983047902584,0.5799098014831543,0.6300219893455505,-4.905415335088037e-05,0.6218287348747253,0.6091638207435608,-0.00876534916460514,0.5975942015647888,0.47327518463134766,-0.009463242255151272,0.5788203477859497,0.4005495607852936,-0.010513725690543652,0.5588931441307068,0.3454817235469818,-0.010924302972853184,0.5653954744338989,0.6474461555480957,-0.007657672744244337,0.5253008008003235,0.5445103049278259,-0.0018618716858327389,0.49476537108421326,0.49038729071617126,-0.0012461085570976138,0.4656375050544739,0.45571327209472656,-0.002538896631449461,0.5322548747062683,0.6966943144798279,-0.004875065293163061,0.5231924653053284,0.6160407066345215,0.0034105258528143167,0.5536714196205139,0.6116716861724854,0.008163095451891422,0.5759294033050537,0.6312634944915771,0.011072833091020584,0.5173225402832031,0.74307781457901,-0.002953960793092847,0.5204935669898987,0.6711806058883667,0.007765055168420076,0.5445046424865723,0.6639292240142822,0.019384117797017097,0.5638813972473145,0.6781392693519592,0.029108591377735138,0.0,0.0,0.0,0.0,0.0,0.0,0.0,0.0,0.0,0.0,0.0,0.0,0.0,0.0,0.0,0.0,0.0,0.0,0.0,0.0,0.0,0.0,0.0,0.0,0.0,0.0,0.0,0.0,0.0,0.0,0.0,0.0,0.0,0.0,0.0,0.0,0.0,0.0,0.0,0.0,0.0,0.0,0.0,0.0,0.0,0.0,0.0,0.0,0.0,0.0,0.0,0.0,0.0,0.0,0.0,0.0,0.0,0.0,0.0,0.0,0.0,0.0,0.0,we
0.6818268299102783,0.9047487378120422,5.851626383446273e-07,0.6963314414024353,0.7729976177215576,0.0042618392035365105,0.6546124219894409,0.671427309513092,0.008830267004668713,0.5959638357162476,0.6399609446525574,0.01384463720023632,0.550986111164093,0.644965648651123,0.0197641309350729,0.6084058880805969,0.6193912625312805,-0.0010896293679252267,0.5761909484863281,0.49018967151641846,0.004970395937561989,0.557131290435791,0.42411285638809204,0.011038890108466148,0.5373653769493103,0.3747956454753876,0.015554053708910942,0.5561440587043762,0.65716952085495,-0.0015245119575411081,0.50154709815979,0.5640131235122681,0.009833998046815395,0.47072264552116394,0.5238110423088074,0.014416216872632504,0.445385217666626,0.49862873554229736,0.01638401299715042,0.525027334690094,0.7060399651527405,0.000534151098690927,0.5143775343894958,0.6447649002075195,0.01411367952823639,0.5448176264762878,0.6447279453277588,0.018670231103897095,0.5674908757209778,0.6639058589935303,0.020728223025798798,0.509301483631134,0.7507806420326233,0.0025364262983202934,0.5107691287994385,0.7011110782623291,0.018878968432545662,0.533697247505188,0.7030084729194641,0.030463244765996933,0.5507664680480957,0.7212812900543213,0.039232876151800156,0.0,0.0,0.0,0.0,0.0,0.0,0.0,0.0,0.0,0.0,0.0,0.0,0.0,0.0,0.0,0.0,0.0,0.0,0.0,0.0,0.0,0.0,0.0,0.0,0.0,0.0,0.0,0.0,0.0,0.0,0.0,0.0,0.0,0.0,0.0,0.0,0.0,0.0,0.0,0.0,0.0,0.0,0.0,0.0,0.0,0.0,0.0,0.0,0.0,0.0,0.0,0.0,0.0,0.0,0.0,0.0,0.0,0.0,0.0,0.0,0.0,0.0,0.0,we
0.6845754384994507,0.9020958542823792,4.0026125702752324e-07,0.7004348635673523,0.7753689289093018,0.005853073205798864,0.6620253920555115,0.676169753074646,0.010617575608193874,0.6108935475349426,0.6269642114639282,0.016114670783281326,0.5721316933631897,0.6059609651565552,0.022181447595357895,0.6019139289855957,0.6175867319107056,-0.007012723479419947,0.5547284483909607,0.5061503648757935,-0.0039048020262271166,0.5276856422424316,0.44459444284439087,0.0004891135031357408,0.5036078691482544,0.4009554982185364,0.0037334037479013205,0.5521460175514221,0.6605945229530334,-0.008414996787905693,0.47865796089172363,0.5834110975265503,0.0019001130713149905,0.4629761576652527,0.5642033815383911,0.01115973200649023,0.459346204996109,0.5613978505134583,0.016868922859430313,0.5235339403152466,0.7144171595573425,-0.006978320889174938,0.5023876428604126,0.6582315564155579,0.004568243399262428,0.5294021964073181,0.6590283513069153,0.013818363659083843,0.55213862657547,0.6797152757644653,0.018831517547369003,0.5109046101570129,0.7639588117599487,-0.0055138105526566505,0.5119454860687256,0.7229524850845337,0.006471314933151007,0.5348514318466187,0.7224762439727783,0.017615148797631264,0.5520579814910889,0.7371871471405029,0.026809269562363625,0.0,0.0,0.0,0.0,0.0,0.0,0.0,0.0,0.0,0.0,0.0,0.0,0.0,0.0,0.0,0.0,0.0,0.0,0.0,0.0,0.0,0.0,0.0,0.0,0.0,0.0,0.0,0.0,0.0,0.0,0.0,0.0,0.0,0.0,0.0,0.0,0.0,0.0,0.0,0.0,0.0,0.0,0.0,0.0,0.0,0.0,0.0,0.0,0.0,0.0,0.0,0.0,0.0,0.0,0.0,0.0,0.0,0.0,0.0,0.0,0.0,0.0,0.0,we
0.6859046816825867,0.9033038020133972,4.135493156809389e-07,0.7014594078063965,0.7717419266700745,0.0023500274401158094,0.6619679927825928,0.6697962284088135,0.004665638320147991,0.6073294878005981,0.627315104007721,0.008530495688319206,0.5681822299957275,0.6168937683105469,0.012799146585166454,0.6022765636444092,0.6183025240898132,-0.008351782336831093,0.5590994358062744,0.5050033330917358,-0.006624183151870966,0.5342130064964294,0.44215261936187744,-0.0032178545370697975,0.511873722076416,0.3981195092201233,-0.0010594313498586416,0.5525989532470703,0.6627676486968994,-0.009491749107837677,0.4881931245326996,0.5773871541023254,-0.005983380600810051,0.49402958154678345,0.5649072527885437,0.0004900950589217246,0.5078335404396057,0.5694870948791504,0.006304201669991016,0.5238620042800903,0.715736448764801,-0.007938412949442863,0.5019832253456116,0.6439230442047119,-0.0028769555501639843,0.5298411250114441,0.6415117383003235,0.006439055781811476,0.5522586703300476,0.6582879424095154,0.012967408634722233,0.5120359063148499,0.7601919174194336,-0.006019148509949446,0.5091545581817627,0.6995851397514343,0.002380005083978176,0.5330349802970886,0.6941628456115723,0.015110451728105545,0.5500457286834717,0.7053454518318176,0.025859743356704712,0.0,0.0,0.0,0.0,0.0,0.0,0.0,0.0,0.0,0.0,0.0,0.0,0.0,0.0,0.0,0.0,0.0,0.0,0.0,0.0,0.0,0.0,0.0,0.0,0.0,0.0,0.0,0.0,0.0,0.0,0.0,0.0,0.0,0.0,0.0,0.0,0.0,0.0,0.0,0.0,0.0,0.0,0.0,0.0,0.0,0.0,0.0,0.0,0.0,0.0,0.0,0.0,0.0,0.0,0.0,0.0,0.0,0.0,0.0,0.0,0.0,0.0,0.0,we
0.6858329176902771,0.8993343114852905,4.186981925613509e-07,0.6994831562042236,0.7703818082809448,0.0011200985172763467,0.6596470475196838,0.6665500998497009,0.003921736963093281,0.609995424747467,0.6117656826972961,0.008709369227290154,0.5759791731834412,0.5891002416610718,0.01396835409104824,0.6012622117996216,0.6169978380203247,-0.010630514472723007,0.557266116142273,0.5034433603286743,-0.009632988832890987,0.5316108465194702,0.4401080012321472,-0.0064364951103925705,0.5081017017364502,0.39605939388275146,-0.0042335959151387215,0.5526449084281921,0.6609041094779968,-0.010966276749968529,0.4867795705795288,0.575670599937439,-0.008376543410122395,0.49000605940818787,0.5617215037345886,-0.0017267634393647313,0.501259446144104,0.5650737285614014,0.004509429447352886,0.5239136219024658,0.7135109901428223,-0.008755001239478588,0.49978384375572205,0.6421643495559692,-0.005124893505126238,0.5277562737464905,0.6401588916778564,0.003955698572099209,0.5505200624465942,0.65693199634552,0.010936962440609932,0.5113978385925293,0.7576863765716553,-0.006278765853494406,0.5084540247917175,0.6966785788536072,0.00018921002629213035,0.5330508947372437,0.692527174949646,0.01186299417167902,0.5508012771606445,0.7045584321022034,0.02243141271173954,0.0,0.0,0.0,0.0,0.0,0.0,0.0,0.0,0.0,0.0,0.0,0.0,0.0,0.0,0.0,0.0,0.0,0.0,0.0,0.0,0.0,0.0,0.0,0.0,0.0,0.0,0.0,0.0,0.0,0.0,0.0,0.0,0.0,0.0,0.0,0.0,0.0,0.0,0.0,0.0,0.0,0.0,0.0,0.0,0.0,0.0,0.0,0.0,0.0,0.0,0.0,0.0,0.0,0.0,0.0,0.0,0.0,0.0,0.0,0.0,0.0,0.0,0.0,we
0.6894747614860535,0.891158938407898,6.581568072761002e-07,0.708890438079834,0.7607584595680237,-0.00033404180430807173,0.6712984442710876,0.6575839519500732,-0.00033149938099086285,0.6062889695167542,0.6205807328224182,0.0002973883238155395,0.5574657917022705,0.6230213642120361,0.0019494827138260007,0.619195282459259,0.599075436592102,-0.00639592669904232,0.5841536521911621,0.4730720520019531,-0.007709832396358252,0.5629147887229919,0.4044511020183563,-0.008088686503469944,0.5425095558166504,0.3536774218082428,-0.0071351551450788975,0.5658493638038635,0.6395499110221863,-0.007371729239821434,0.5094506740570068,0.5450443625450134,-0.003425946459174156,0.47499966621398926,0.4993414282798767,-0.0023690336383879185,0.4469073414802551,0.47120192646980286,-0.0020081838592886925,0.5325371623039246,0.6892036199569702,-0.006393469870090485,0.5149008631706238,0.6174531579017639,-0.0005310634151101112,0.5424525737762451,0.6199463605880737,0.005566578358411789,0.5658408403396606,0.644515872001648,0.010772142559289932,0.5148523449897766,0.7337896823883057,-0.005856362171471119,0.5114241242408752,0.6717504262924194,0.004704598803073168,0.5344860553741455,0.6749309301376343,0.01807403936982155,0.5524917244911194,0.696800172328949,0.029713178053498268,0.0,0.0,0.0,0.0,0.0,0.0,0.0,0.0,0.0,0.0,0.0,0.0,0.0,0.0,0.0,0.0,0.0,0.0,0.0,0.0,0.0,0.0,0.0,0.0,0.0,0.0,0.0,0.0,0.0,0.0,0.0,0.0,0.0,0.0,0.0,0.0,0.0,0.0,0.0,0.0,0.0,0.0,0.0,0.0,0.0,0.0,0.0,0.0,0.0,0.0,0.0,0.0,0.0,0.0,0.0,0.0,0.0,0.0,0.0,0.0,0.0,0.0,0.0,we
0.691105306148529,0.9011304378509521,6.866981721032062e-07,0.711480975151062,0.7687401175498962,0.001159894629381597,0.6719437837600708,0.6640347838401794,0.0011445073178038,0.608011782169342,0.6306268572807312,0.0014715725556015968,0.5613223910331726,0.6288412809371948,0.002368203131482005,0.6269962787628174,0.6050552129745483,-0.012448050081729889,0.5998570919036865,0.4677013158798218,-0.018500035628676414,0.5796793103218079,0.3916143774986267,-0.021777326241135597,0.5607126951217651,0.3339156210422516,-0.022467274218797684,0.5709892511367798,0.6425346732139587,-0.012317542918026447,0.5175383687019348,0.5432019233703613,-0.010291787795722485,0.4870809316635132,0.4895699620246887,-0.008526400662958622,0.4609586298465729,0.45523786544799805,-0.0080638462677598,0.5364397168159485,0.6884073615074158,-0.009819217026233673,0.517676591873169,0.6157419681549072,-0.0031840940937399864,0.5480266213417053,0.6199914813041687,0.004753208719193935,0.5705490708351135,0.6477479934692383,0.011074035428464413,0.5183717012405396,0.7310205698013306,-0.007789332885295153,0.5160213112831116,0.6658571362495422,0.0032666530460119247,0.5386862754821777,0.6685916781425476,0.016862085089087486,0.5552675724029541,0.6895942687988281,0.028704671189188957,0.0,0.0,0.0,0.0,0.0,0.0,0.0,0.0,0.0,0.0,0.0,0.0,0.0,0.0,0.0,0.0,0.0,0.0,0.0,0.0,0.0,0.0,0.0,0.0,0.0,0.0,0.0,0.0,0.0,0.0,0.0,0.0,0.0,0.0,0.0,0.0,0.0,0.0,0.0,0.0,0.0,0.0,0.0,0.0,0.0,0.0,0.0,0.0,0.0,0.0,0.0,0.0,0.0,0.0,0.0,0.0,0.0,0.0,0.0,0.0,0.0,0.0,0.0,we
0.6878558993339539,0.8939334154129028,7.081856097101991e-07,0.7064759135246277,0.7597604990005493,0.006705295294523239,0.6699214577674866,0.6587622165679932,0.007859017699956894,0.6100003123283386,0.6302918195724487,0.008001592010259628,0.5640084743499756,0.6297853589057922,0.00825292244553566,0.6234095692634583,0.6038939952850342,-0.006468060426414013,0.5950682759284973,0.4655458927154541,-0.008122232742607594,0.575991690158844,0.3908765912055969,-0.008878436870872974,0.5576324462890625,0.33403098583221436,-0.008534837514162064,0.5687259435653687,0.6442115902900696,-0.009360883384943008,0.5183378458023071,0.5432536602020264,-0.0051654004491865635,0.48826864361763,0.49162980914115906,-0.0038298089057207108,0.4620637893676758,0.45778894424438477,-0.004308792762458324,0.5340394377708435,0.6921836733818054,-0.009220713749527931,0.5176820755004883,0.6081539988517761,-0.0007223014254122972,0.5473940968513489,0.6066377758979797,0.0065415166318416595,0.5699298977851868,0.6293433904647827,0.011306648142635822,0.5168157815933228,0.7355374693870544,-0.008850175887346268,0.5138282179832458,0.6614130139350891,0.0033864739816635847,0.5375947952270508,0.6535096168518066,0.017544757574796677,0.5573439598083496,0.6666207909584045,0.029262108728289604,0.0,0.0,0.0,0.0,0.0,0.0,0.0,0.0,0.0,0.0,0.0,0.0,0.0,0.0,0.0,0.0,0.0,0.0,0.0,0.0,0.0,0.0,0.0,0.0,0.0,0.0,0.0,0.0,0.0,0.0,0.0,0.0,0.0,0.0,0.0,0.0,0.0,0.0,0.0,0.0,0.0,0.0,0.0,0.0,0.0,0.0,0.0,0.0,0.0,0.0,0.0,0.0,0.0,0.0,0.0,0.0,0.0,0.0,0.0,0.0,0.0,0.0,0.0,we
0.6858813166618347,0.8910573124885559,5.483045697474154e-07,0.7048885822296143,0.7643948793411255,0.002768654841929674,0.6671147346496582,0.6645845174789429,0.007819334976375103,0.6104224324226379,0.6287897229194641,0.013102676719427109,0.5688821077346802,0.6234638094902039,0.01938633993268013,0.6089208722114563,0.6002939939498901,-0.0029129835311323404,0.5766099095344543,0.47139042615890503,-0.0009822145802900195,0.5527994632720947,0.40405333042144775,0.0017173412488773465,0.5289216637611389,0.3572123646736145,0.004828425589948893,0.558692455291748,0.6402403116226196,-0.0015542537439614534,0.5089076161384583,0.5562050938606262,0.0065936981700360775,0.4776359796524048,0.51772141456604,0.00891828816384077,0.4505200982093811,0.49676960706710815,0.010171693749725819,0.5306509733200073,0.6888295412063599,0.00221711746416986,0.526912271976471,0.6375009417533875,0.013149987906217575,0.5552919507026672,0.6399763822555542,0.015644697472453117,0.5747118592262268,0.6628721952438354,0.017804455012083054,0.5164788365364075,0.7362402081489563,0.005778572056442499,0.5252077579498291,0.6927401423454285,0.02013089321553707,0.5468568205833435,0.6953608393669128,0.029924597591161728,0.5634849667549133,0.7144405245780945,0.038739290088415146,0.0,0.0,0.0,0.0,0.0,0.0,0.0,0.0,0.0,0.0,0.0,0.0,0.0,0.0,0.0,0.0,0.0,0.0,0.0,0.0,0.0,0.0,0.0,0.0,0.0,0.0,0.0,0.0,0.0,0.0,0.0,0.0,0.0,0.0,0.0,0.0,0.0,0.0,0.0,0.0,0.0,0.0,0.0,0.0,0.0,0.0,0.0,0.0,0.0,0.0,0.0,0.0,0.0,0.0,0.0,0.0,0.0,0.0,0.0,0.0,0.0,0.0,0.0,we
0.6884528398513794,0.8928197622299194,5.551878530241083e-07,0.7073485851287842,0.7604405283927917,0.006946660112589598,0.6661690473556519,0.6609424948692322,0.015385949984192848,0.6094824075698853,0.6343315243721008,0.022926904261112213,0.5671509504318237,0.6371713280677795,0.031219257041811943,0.6115603446960449,0.5986554026603699,0.009656991809606552,0.5773949027061462,0.4750402271747589,0.01665693335235119,0.5550200939178467,0.41014549136161804,0.021417977288365364,0.5345906019210815,0.3621797263622284,0.025622019544243813,0.5608071088790894,0.638693630695343,0.010833630338311195,0.510951042175293,0.5553584098815918,0.026250382885336876,0.4793272316455841,0.5138835310935974,0.03083817847073078,0.4529096782207489,0.48851478099823,0.032399073243141174,0.5319696068763733,0.6880277991294861,0.013903590850532055,0.5254039168357849,0.6329308748245239,0.030926357954740524,0.5533603429794312,0.6358187198638916,0.03261256963014603,0.5730218887329102,0.6571959257125854,0.03285445645451546,0.5169223546981812,0.7344675064086914,0.016993341967463493,0.5226958394050598,0.6887786984443665,0.0350165031850338,0.5440821051597595,0.6906221508979797,0.04415226727724075,0.5602666735649109,0.7081042528152466,0.051491957157850266,0.0,0.0,0.0,0.0,0.0,0.0,0.0,0.0,0.0,0.0,0.0,0.0,0.0,0.0,0.0,0.0,0.0,0.0,0.0,0.0,0.0,0.0,0.0,0.0,0.0,0.0,0.0,0.0,0.0,0.0,0.0,0.0,0.0,0.0,0.0,0.0,0.0,0.0,0.0,0.0,0.0,0.0,0.0,0.0,0.0,0.0,0.0,0.0,0.0,0.0,0.0,0.0,0.0,0.0,0.0,0.0,0.0,0.0,0.0,0.0,0.0,0.0,0.0,we
0.7120687961578369,0.8904902338981628,3.378109454388323e-07,0.7270752191543579,0.7573859691619873,0.009778331033885479,0.6839286684989929,0.6633144617080688,0.01824318990111351,0.6293128728866577,0.6332506537437439,0.025551792234182358,0.5851977467536926,0.6393702626228333,0.0331399068236351,0.6190842986106873,0.6029660105705261,0.013243775814771652,0.574438214302063,0.49824434518814087,0.021195566281676292,0.5477087497711182,0.4359910786151886,0.025651799514889717,0.5242230296134949,0.3886926472187042,0.02800455130636692,0.5714830756187439,0.6472346186637878,0.011173192411661148,0.5117369294166565,0.5797128081321716,0.02437671460211277,0.49899840354919434,0.5634133219718933,0.029698289930820465,0.4944688081741333,0.5586292743682861,0.03251899033784866,0.5470704436302185,0.7021777629852295,0.011529091745615005,0.5321794152259827,0.652890682220459,0.026892660185694695,0.5589491724967957,0.6562637686729431,0.03242703899741173,0.5799291133880615,0.6752923130989075,0.0344388522207737,0.537060022354126,0.7529903650283813,0.012189410626888275,0.5362223982810974,0.7142000198364258,0.030111024156212807,0.556231677532196,0.7159984707832336,0.042304813861846924,0.5716624855995178,0.7326696515083313,0.05112607777118683,0.0,0.0,0.0,0.0,0.0,0.0,0.0,0.0,0.0,0.0,0.0,0.0,0.0,0.0,0.0,0.0,0.0,0.0,0.0,0.0,0.0,0.0,0.0,0.0,0.0,0.0,0.0,0.0,0.0,0.0,0.0,0.0,0.0,0.0,0.0,0.0,0.0,0.0,0.0,0.0,0.0,0.0,0.0,0.0,0.0,0.0,0.0,0.0,0.0,0.0,0.0,0.0,0.0,0.0,0.0,0.0,0.0,0.0,0.0,0.0,0.0,0.0,0.0,we
0.7173800468444824,0.837352454662323,5.214646989770699e-07,0.7263592481613159,0.7084509134292603,0.00957572367042303,0.6870574951171875,0.6275681257247925,0.013056031428277493,0.6307239532470703,0.6064867377281189,0.013532696291804314,0.5887085199356079,0.6190553307533264,0.013414271175861359,0.6362335681915283,0.5651083588600159,0.005777355749160051,0.5919756889343262,0.4541190266609192,0.0075069209560751915,0.5636709928512573,0.3952238857746124,0.00868766475468874,0.5373687744140625,0.35212358832359314,0.010328005999326706,0.5903856754302979,0.6076338887214661,0.0011357683688402176,0.5325832366943359,0.5399677753448486,0.006573474034667015,0.49559587240219116,0.5147284269332886,0.006217832211405039,0.4654124677181244,0.5004429221153259,0.0056914109736680984,0.5616857409477234,0.6589367389678955,-0.0007774482946842909,0.5455043315887451,0.6243482828140259,0.007854827679693699,0.5696300864219666,0.6366240978240967,0.011327287182211876,0.5906367301940918,0.6611121892929077,0.014508996158838272,0.5442714691162109,0.7102701663970947,-0.002431037137284875,0.5430049896240234,0.680546760559082,0.011916759423911572,0.56461501121521,0.6905860304832458,0.024623330682516098,0.5827855467796326,0.7133328318595886,0.03547230735421181,0.0,0.0,0.0,0.0,0.0,0.0,0.0,0.0,0.0,0.0,0.0,0.0,0.0,0.0,0.0,0.0,0.0,0.0,0.0,0.0,0.0,0.0,0.0,0.0,0.0,0.0,0.0,0.0,0.0,0.0,0.0,0.0,0.0,0.0,0.0,0.0,0.0,0.0,0.0,0.0,0.0,0.0,0.0,0.0,0.0,0.0,0.0,0.0,0.0,0.0,0.0,0.0,0.0,0.0,0.0,0.0,0.0,0.0,0.0,0.0,0.0,0.0,0.0,we
0.71870356798172,0.8307281732559204,5.735523131988884e-07,0.7293548583984375,0.7028177976608276,0.009249870665371418,0.688967764377594,0.618065357208252,0.013973269611597061,0.6284561157226562,0.5993342995643616,0.016697905957698822,0.5838766098022461,0.6113735437393188,0.019388003274798393,0.6368904113769531,0.5580253005027771,0.006449336651712656,0.6004713177680969,0.442585289478302,0.009919514879584312,0.5764026045799255,0.3784849941730499,0.011899410746991634,0.5548613667488098,0.3294459879398346,0.014031804166734219,0.5875838994979858,0.6025659441947937,0.004381352104246616,0.5377001762390137,0.5320039987564087,0.014897201210260391,0.5074599981307983,0.49846750497817993,0.01718059740960598,0.48405179381370544,0.4774028956890106,0.017589109018445015,0.5594886541366577,0.6540096402168274,0.004947544541209936,0.5514202117919922,0.6118476986885071,0.017810344696044922,0.5773912072181702,0.618973433971405,0.021240202710032463,0.5975334048271179,0.6419097185134888,0.0234718918800354,0.5442761778831482,0.7030472159385681,0.0057978034019470215,0.5500802993774414,0.6652058959007263,0.021894464269280434,0.5703288316726685,0.6695324778556824,0.033147748559713364,0.5865557789802551,0.6865736842155457,0.04256640374660492,0.0,0.0,0.0,0.0,0.0,0.0,0.0,0.0,0.0,0.0,0.0,0.0,0.0,0.0,0.0,0.0,0.0,0.0,0.0,0.0,0.0,0.0,0.0,0.0,0.0,0.0,0.0,0.0,0.0,0.0,0.0,0.0,0.0,0.0,0.0,0.0,0.0,0.0,0.0,0.0,0.0,0.0,0.0,0.0,0.0,0.0,0.0,0.0,0.0,0.0,0.0,0.0,0.0,0.0,0.0,0.0,0.0,0.0,0.0,0.0,0.0,0.0,0.0,we
0.7184728980064392,0.8288378119468689,5.567117113969289e-07,0.7288602590560913,0.6967033743858337,0.008491828106343746,0.6829630136489868,0.6133151650428772,0.016065699979662895,0.6227046847343445,0.5966987609863281,0.022878367453813553,0.5795882344245911,0.6043820977210999,0.03009144589304924,0.6367232799530029,0.5554126501083374,0.008330270648002625,0.6004682779312134,0.43978798389434814,0.017874371260404587,0.5777285099029541,0.37751689553260803,0.023821009323000908,0.5570355653762817,0.3298027813434601,0.02787378802895546,0.5869137048721313,0.6006004810333252,0.009271390736103058,0.5384552478790283,0.5306365489959717,0.02604476734995842,0.5073732137680054,0.5011502504348755,0.030048372223973274,0.48273882269859314,0.4836849570274353,0.030443470925092697,0.5594831705093384,0.6530476808547974,0.012933755293488503,0.5492396354675293,0.6091136336326599,0.031180288642644882,0.5754600167274475,0.6138064861297607,0.03298366814851761,0.5959483981132507,0.6352777481079102,0.032399147748947144,0.5453925132751465,0.70203697681427,0.017019392922520638,0.5477721691131592,0.6628752946853638,0.03528484329581261,0.5683201551437378,0.6643355488777161,0.04432928189635277,0.5858784317970276,0.680382490158081,0.051280081272125244,0.0,0.0,0.0,0.0,0.0,0.0,0.0,0.0,0.0,0.0,0.0,0.0,0.0,0.0,0.0,0.0,0.0,0.0,0.0,0.0,0.0,0.0,0.0,0.0,0.0,0.0,0.0,0.0,0.0,0.0,0.0,0.0,0.0,0.0,0.0,0.0,0.0,0.0,0.0,0.0,0.0,0.0,0.0,0.0,0.0,0.0,0.0,0.0,0.0,0.0,0.0,0.0,0.0,0.0,0.0,0.0,0.0,0.0,0.0,0.0,0.0,0.0,0.0,we
0.7101668119430542,0.8245657682418823,6.928447646714631e-07,0.7190671563148499,0.6901459693908691,0.00590404262766242,0.6760598421096802,0.599249005317688,0.007128867320716381,0.6140090227127075,0.5779152512550354,0.0072054434567689896,0.5691519379615784,0.5837070941925049,0.007000712677836418,0.6374896764755249,0.554706871509552,-0.005561866331845522,0.6060884594917297,0.4262655973434448,-0.008821099065244198,0.5850846767425537,0.3553733825683594,-0.010956903919577599,0.5650768876075745,0.3016853332519531,-0.011102725751698017,0.58845454454422,0.59749436378479,-0.007585898507386446,0.5352444052696228,0.5116683840751648,-0.005258558318018913,0.5063850283622742,0.46691277623176575,-0.004934034775942564,0.4833112955093384,0.4384409189224243,-0.00524111557751894,0.557318389415741,0.6451208591461182,-0.0067721023224294186,0.5409470796585083,0.5789453387260437,8.37829866213724e-05,0.5679530501365662,0.5793722867965698,0.007464069873094559,0.5899264216423035,0.6024075746536255,0.013567030429840088,0.5401619672775269,0.6885716319084167,-0.0058981068432331085,0.5341974496841431,0.622947096824646,0.00587418070062995,0.5556650161743164,0.6147476434707642,0.02015567757189274,0.5757128000259399,0.62613844871521,0.03258699178695679,0.0,0.0,0.0,0.0,0.0,0.0,0.0,0.0,0.0,0.0,0.0,0.0,0.0,0.0,0.0,0.0,0.0,0.0,0.0,0.0,0.0,0.0,0.0,0.0,0.0,0.0,0.0,0.0,0.0,0.0,0.0,0.0,0.0,0.0,0.0,0.0,0.0,0.0,0.0,0.0,0.0,0.0,0.0,0.0,0.0,0.0,0.0,0.0,0.0,0.0,0.0,0.0,0.0,0.0,0.0,0.0,0.0,0.0,0.0,0.0,0.0,0.0,0.0,we
0.6943142414093018,0.8138580918312073,6.340313802866149e-07,0.7020193934440613,0.6809107661247253,0.007885714992880821,0.6608327627182007,0.5925024151802063,0.011331559158861637,0.6019670367240906,0.5751543641090393,0.012484864331781864,0.5581279397010803,0.5832679867744446,0.013374918140470982,0.629845917224884,0.5455987453460693,0.0047565000131726265,0.5974785089492798,0.42288610339164734,0.003672729479148984,0.5789487957954407,0.35403957962989807,0.002519364235922694,0.5607470870018005,0.299731969833374,0.002642774023115635,0.5816611051559448,0.5814038515090942,0.0010140014346688986,0.5308189392089844,0.5033329725265503,0.0032842603977769613,0.50279700756073,0.4669784605503082,0.002094526309520006,0.4797084629535675,0.43913164734840393,0.0009932577377185225,0.5487967133522034,0.6251501441001892,-0.0006919954321347177,0.5372706651687622,0.566760778427124,0.0031222528778016567,0.5648912191390991,0.5718241930007935,0.006576824001967907,0.58540940284729,0.5929790139198303,0.010785101912915707,0.528221845626831,0.6677179932594299,-0.0019026667578145862,0.5263127684593201,0.6090269088745117,0.007543476298451424,0.5494835376739502,0.6078134775161743,0.01975109614431858,0.5679205060005188,0.6238645315170288,0.030916757881641388,0.0,0.0,0.0,0.0,0.0,0.0,0.0,0.0,0.0,0.0,0.0,0.0,0.0,0.0,0.0,0.0,0.0,0.0,0.0,0.0,0.0,0.0,0.0,0.0,0.0,0.0,0.0,0.0,0.0,0.0,0.0,0.0,0.0,0.0,0.0,0.0,0.0,0.0,0.0,0.0,0.0,0.0,0.0,0.0,0.0,0.0,0.0,0.0,0.0,0.0,0.0,0.0,0.0,0.0,0.0,0.0,0.0,0.0,0.0,0.0,0.0,0.0,0.0,we
0.6879647970199585,0.8210881948471069,6.163370471767848e-07,0.7006385922431946,0.6907379031181335,0.009475519880652428,0.6570179462432861,0.599255383014679,0.01620948128402233,0.5991029143333435,0.5793291926383972,0.02133713848888874,0.5563749670982361,0.5870187878608704,0.026621507480740547,0.6224360466003418,0.5488225817680359,0.005986133124679327,0.5893322825431824,0.42136451601982117,0.010855267755687237,0.568384051322937,0.3548916280269623,0.014744064770638943,0.5496965050697327,0.3034663200378418,0.018388723954558372,0.5711026787757874,0.5882564783096313,0.005630281288176775,0.5232763290405273,0.5104459524154663,0.017071010544896126,0.49503588676452637,0.47034311294555664,0.019655175507068634,0.4723994731903076,0.4413563907146454,0.020081913098692894,0.5396857261657715,0.6339824795722961,0.00796978548169136,0.5295755863189697,0.5781428217887878,0.023298190906643867,0.5579987168312073,0.5792913436889648,0.02654086984694004,0.5785452723503113,0.5991915464401245,0.02796720340847969,0.5222623944282532,0.6765133142471313,0.01072638388723135,0.5249767303466797,0.623747706413269,0.028863519430160522,0.5472245812416077,0.6223920583724976,0.04039192944765091,0.565808117389679,0.6375949382781982,0.04960009083151817,0.0,0.0,0.0,0.0,0.0,0.0,0.0,0.0,0.0,0.0,0.0,0.0,0.0,0.0,0.0,0.0,0.0,0.0,0.0,0.0,0.0,0.0,0.0,0.0,0.0,0.0,0.0,0.0,0.0,0.0,0.0,0.0,0.0,0.0,0.0,0.0,0.0,0.0,0.0,0.0,0.0,0.0,0.0,0.0,0.0,0.0,0.0,0.0,0.0,0.0,0.0,0.0,0.0,0.0,0.0,0.0,0.0,0.0,0.0,0.0,0.0,0.0,0.0,we
0.6860380172729492,0.8451138138771057,4.81402878449444e-07,0.7053707242012024,0.7210586071014404,0.006035306956619024,0.6686116456985474,0.6392945051193237,0.00838789064437151,0.6178003549575806,0.6041305065155029,0.010041256435215473,0.5760621428489685,0.6013945937156677,0.01074741780757904,0.6134717464447021,0.5736373066902161,-0.00914568267762661,0.5709090828895569,0.4557516574859619,-0.011459749191999435,0.5443031787872314,0.38820940256118774,-0.014595639891922474,0.5174547433853149,0.3370228409767151,-0.017085682600736618,0.5658232569694519,0.6075149178504944,-0.0114780617877841,0.5241280794143677,0.5270394086837769,-0.002738839713856578,0.5081429481506348,0.5009706616401672,0.0008104416774585843,0.49253928661346436,0.4823378920555115,0.0005838217330165207,0.5384500026702881,0.6575738191604614,-0.011026488617062569,0.5362245440483093,0.6154990196228027,0.000170862243976444,0.5616012215614319,0.624234139919281,0.007203239016234875,0.581092119216919,0.6474066376686096,0.009851163253188133,0.5251572728157043,0.7084213495254517,-0.010648028925061226,0.5322610139846802,0.6730294227600098,0.0015675053000450134,0.5536773204803467,0.679839551448822,0.014008688740432262,0.5698575973510742,0.7010287642478943,0.023540351539850235,0.0,0.0,0.0,0.0,0.0,0.0,0.0,0.0,0.0,0.0,0.0,0.0,0.0,0.0,0.0,0.0,0.0,0.0,0.0,0.0,0.0,0.0,0.0,0.0,0.0,0.0,0.0,0.0,0.0,0.0,0.0,0.0,0.0,0.0,0.0,0.0,0.0,0.0,0.0,0.0,0.0,0.0,0.0,0.0,0.0,0.0,0.0,0.0,0.0,0.0,0.0,0.0,0.0,0.0,0.0,0.0,0.0,0.0,0.0,0.0,0.0,0.0,0.0,we
0.6846128106117249,0.8424379825592041,2.3410144933677657e-07,0.7008945941925049,0.7170182466506958,0.017509212717413902,0.663739025592804,0.6333150863647461,0.025353681296110153,0.6157857179641724,0.6030207276344299,0.03021133504807949,0.5739580392837524,0.6082922220230103,0.033046841621398926,0.6067087650299072,0.571864128112793,0.004012388177216053,0.5650229454040527,0.45525121688842773,0.010169347748160362,0.538773238658905,0.3886069059371948,0.013419041410088539,0.5137082934379578,0.33910098671913147,0.0132895577698946,0.5597124695777893,0.6116896271705627,-0.0009566012304276228,0.5437827706336975,0.5533442497253418,0.011381161399185658,0.5658170580863953,0.5660704970359802,0.019689051434397697,0.5823464393615723,0.5809643864631653,0.022392552345991135,0.5364648103713989,0.6673473715782166,-0.00197206879965961,0.5402212142944336,0.6305880546569824,0.012367273680865765,0.5686399936676025,0.6411727070808411,0.0222675371915102,0.5870378017425537,0.6635841131210327,0.024673251435160637,0.5272813439369202,0.7198788523674011,-0.0012492738896980882,0.5276148915290833,0.6872838735580444,0.013999031856656075,0.5497896671295166,0.688367486000061,0.028083188459277153,0.5664092898368835,0.7029380798339844,0.03745241090655327,0.0,0.0,0.0,0.0,0.0,0.0,0.0,0.0,0.0,0.0,0.0,0.0,0.0,0.0,0.0,0.0,0.0,0.0,0.0,0.0,0.0,0.0,0.0,0.0,0.0,0.0,0.0,0.0,0.0,0.0,0.0,0.0,0.0,0.0,0.0,0.0,0.0,0.0,0.0,0.0,0.0,0.0,0.0,0.0,0.0,0.0,0.0,0.0,0.0,0.0,0.0,0.0,0.0,0.0,0.0,0.0,0.0,0.0,0.0,0.0,0.0,0.0,0.0,we
0.6927894353866577,0.8512692451477051,2.529381220028881e-07,0.7026711106300354,0.7206547260284424,0.012702321633696556,0.6593325734138489,0.6377192735671997,0.018815631046891212,0.6056106090545654,0.6106687784194946,0.023441268131136894,0.563816249370575,0.6103591918945312,0.02667183429002762,0.6101242899894714,0.5844355225563049,0.0005431240424513817,0.5649306774139404,0.4752954840660095,0.005967702716588974,0.5399436354637146,0.4143659472465515,0.011154592037200928,0.5158478617668152,0.3689470887184143,0.013362984172999859,0.5643629431724548,0.6281859874725342,-0.003483354579657316,0.517037034034729,0.5630047917366028,0.005581974051892757,0.5379716157913208,0.573412299156189,0.014677494764328003,0.5600390434265137,0.5925493836402893,0.020291484892368317,0.5401278734207153,0.6827987432479858,-0.0038516810163855553,0.5238844752311707,0.6344815492630005,0.00876175332814455,0.5514731407165527,0.639535129070282,0.019148098304867744,0.571721613407135,0.6582163572311401,0.023133229464292526,0.5303078293800354,0.7331860661506653,-0.0030784003902226686,0.5276867747306824,0.6931049227714539,0.011105447076261044,0.5520126819610596,0.6935615539550781,0.024785436689853668,0.5693377256393433,0.7074601650238037,0.03432019054889679,0.0,0.0,0.0,0.0,0.0,0.0,0.0,0.0,0.0,0.0,0.0,0.0,0.0,0.0,0.0,0.0,0.0,0.0,0.0,0.0,0.0,0.0,0.0,0.0,0.0,0.0,0.0,0.0,0.0,0.0,0.0,0.0,0.0,0.0,0.0,0.0,0.0,0.0,0.0,0.0,0.0,0.0,0.0,0.0,0.0,0.0,0.0,0.0,0.0,0.0,0.0,0.0,0.0,0.0,0.0,0.0,0.0,0.0,0.0,0.0,0.0,0.0,0.0,we
0.6882286071777344,0.8471183180809021,6.341427365441632e-07,0.7074371576309204,0.7251178622245789,0.0038809403777122498,0.6711366176605225,0.637374997138977,0.005545706022530794,0.6097615957260132,0.6067479848861694,0.006819539237767458,0.5633184909820557,0.6060268878936768,0.008030693978071213,0.619495153427124,0.5672821998596191,-0.007710297591984272,0.5751510858535767,0.447712779045105,-0.0109024029225111,0.5485303401947021,0.38159769773483276,-0.011531644500792027,0.5230109095573425,0.33309853076934814,-0.009776845574378967,0.5710238814353943,0.6065812706947327,-0.008386222645640373,0.5196945071220398,0.5195571184158325,-0.0004224951262585819,0.49348798394203186,0.4775139093399048,0.004687085747718811,0.4717073440551758,0.44893816113471985,0.008282080292701721,0.5418257713317871,0.6555537581443787,-0.006779645569622517,0.535029411315918,0.6133025884628296,0.004623902961611748,0.5589520335197449,0.6183940768241882,0.01138593815267086,0.5791303515434265,0.639377236366272,0.016746744513511658,0.524529218673706,0.7043485641479492,-0.005590693559497595,0.5341190099716187,0.6690284013748169,0.010312310419976711,0.5553998351097107,0.67482590675354,0.02390977367758751,0.5718386769294739,0.6935596466064453,0.035578612238168716,0.0,0.0,0.0,0.0,0.0,0.0,0.0,0.0,0.0,0.0,0.0,0.0,0.0,0.0,0.0,0.0,0.0,0.0,0.0,0.0,0.0,0.0,0.0,0.0,0.0,0.0,0.0,0.0,0.0,0.0,0.0,0.0,0.0,0.0,0.0,0.0,0.0,0.0,0.0,0.0,0.0,0.0,0.0,0.0,0.0,0.0,0.0,0.0,0.0,0.0,0.0,0.0,0.0,0.0,0.0,0.0,0.0,0.0,0.0,0.0,0.0,0.0,0.0,we
0.6889610886573792,0.858462393283844,6.451845138144563e-07,0.7014204859733582,0.7286732792854309,0.005244397558271885,0.6549307703971863,0.6287336945533752,0.01109242532402277,0.5974046587944031,0.6024101376533508,0.015869727358222008,0.5562470555305481,0.6096667647361755,0.020914562046527863,0.6202951073646545,0.5696612596511841,0.00015490248915739357,0.5821260213851929,0.4355705976486206,0.0033133167307823896,0.5603095889091492,0.3680831789970398,0.00713011808693409,0.5378154516220093,0.3178211748600006,0.011513879522681236,0.5717552900314331,0.6090437173843384,0.0003996985615231097,0.5280907154083252,0.5224254131317139,0.00910724326968193,0.4999758303165436,0.47220927476882935,0.010773809626698494,0.4728199541568756,0.43544960021972656,0.011832043528556824,0.5399571061134338,0.6564929485321045,0.0030358657240867615,0.5355073809623718,0.6116104125976562,0.016418972983956337,0.5646461844444275,0.6161237955093384,0.01791076362133026,0.5839691162109375,0.6359089016914368,0.019614769145846367,0.5197738409042358,0.7034491896629333,0.005495356861501932,0.5275688767433167,0.6570906043052673,0.022796183824539185,0.5509325265884399,0.6592627763748169,0.033456288278102875,0.5684569478034973,0.6758889555931091,0.0427396222949028,0.0,0.0,0.0,0.0,0.0,0.0,0.0,0.0,0.0,0.0,0.0,0.0,0.0,0.0,0.0,0.0,0.0,0.0,0.0,0.0,0.0,0.0,0.0,0.0,0.0,0.0,0.0,0.0,0.0,0.0,0.0,0.0,0.0,0.0,0.0,0.0,0.0,0.0,0.0,0.0,0.0,0.0,0.0,0.0,0.0,0.0,0.0,0.0,0.0,0.0,0.0,0.0,0.0,0.0,0.0,0.0,0.0,0.0,0.0,0.0,0.0,0.0,0.0,we
0.6841164231300354,0.8619212508201599,6.975692485866603e-07,0.7004265189170837,0.7289496660232544,-0.00026923982659354806,0.6602671146392822,0.6302372217178345,0.0043208906427025795,0.6018615365028381,0.6072626709938049,0.009247050620615482,0.558631181716919,0.6133906245231628,0.014374972321093082,0.6147489547729492,0.5605926513671875,-0.0018465298926457763,0.5799816250801086,0.42361879348754883,0.002398177282884717,0.5596469640731812,0.3526577353477478,0.004566615447402,0.5379988551139832,0.2962123155593872,0.006440564524382353,0.5618301630020142,0.6009905338287354,0.0018186127999797463,0.5223615169525146,0.5157098770141602,0.01401557307690382,0.49823492765426636,0.46766340732574463,0.01550277415663004,0.47529202699661255,0.430463969707489,0.014690807089209557,0.5304297804832458,0.6508824229240417,0.00738135352730751,0.5289111137390137,0.6000661849975586,0.023126667365431786,0.5597604513168335,0.6053240299224854,0.024529870599508286,0.5808128118515015,0.6262287497520447,0.024582013487815857,0.5126286745071411,0.699551522731781,0.012158415280282497,0.5201212167739868,0.6508678197860718,0.02911454252898693,0.5440360903739929,0.6552577614784241,0.03923185542225838,0.5632670521736145,0.6741822361946106,0.04760300740599632,0.0,0.0,0.0,0.0,0.0,0.0,0.0,0.0,0.0,0.0,0.0,0.0,0.0,0.0,0.0,0.0,0.0,0.0,0.0,0.0,0.0,0.0,0.0,0.0,0.0,0.0,0.0,0.0,0.0,0.0,0.0,0.0,0.0,0.0,0.0,0.0,0.0,0.0,0.0,0.0,0.0,0.0,0.0,0.0,0.0,0.0,0.0,0.0,0.0,0.0,0.0,0.0,0.0,0.0,0.0,0.0,0.0,0.0,0.0,0.0,0.0,0.0,0.0,we
0.6868332624435425,0.8638378381729126,6.25277266408375e-07,0.7021042108535767,0.7245765924453735,0.0065666125155985355,0.6595826148986816,0.6241544485092163,0.014745345339179039,0.6004362106323242,0.6032192707061768,0.022693393751978874,0.5574272871017456,0.6142289042472839,0.030488528311252594,0.6156842708587646,0.5614217519760132,0.005415177904069424,0.5828032493591309,0.42947059869766235,0.013702120631933212,0.5635405778884888,0.3603959381580353,0.01829071342945099,0.5430123805999756,0.3048516809940338,0.021500226110219955,0.5623283386230469,0.5983886122703552,0.0072997864335775375,0.5228991508483887,0.5102494955062866,0.024329882115125656,0.49919605255126953,0.46353280544281006,0.02706257626414299,0.4761956036090851,0.4269891381263733,0.026201395317912102,0.5303229093551636,0.6459481716156006,0.01187105756253004,0.5281994938850403,0.5941746234893799,0.03309417888522148,0.557313859462738,0.5944663882255554,0.03425581753253937,0.5772378444671631,0.6109248995780945,0.032393939793109894,0.5117954611778259,0.6933027505874634,0.016361551359295845,0.5180804133415222,0.6482097506523132,0.038397785276174545,0.5413601398468018,0.6501519083976746,0.04938897117972374,0.5602054595947266,0.6682773232460022,0.05709133669734001,0.0,0.0,0.0,0.0,0.0,0.0,0.0,0.0,0.0,0.0,0.0,0.0,0.0,0.0,0.0,0.0,0.0,0.0,0.0,0.0,0.0,0.0,0.0,0.0,0.0,0.0,0.0,0.0,0.0,0.0,0.0,0.0,0.0,0.0,0.0,0.0,0.0,0.0,0.0,0.0,0.0,0.0,0.0,0.0,0.0,0.0,0.0,0.0,0.0,0.0,0.0,0.0,0.0,0.0,0.0,0.0,0.0,0.0,0.0,0.0,0.0,0.0,0.0,we
0.6802301406860352,0.8612712621688843,6.916209827068087e-07,0.6953948736190796,0.7276830673217773,0.00015573971904814243,0.655886709690094,0.626808762550354,0.005978293251246214,0.595964252948761,0.5997872352600098,0.013165867887437344,0.554919958114624,0.6020187735557556,0.021067997440695763,0.6062865853309631,0.5623672008514404,-0.0022327275946736336,0.5710470080375671,0.42404285073280334,0.005252910777926445,0.5523740649223328,0.35494905710220337,0.010462469421327114,0.5312312245368958,0.30014652013778687,0.01450920570641756,0.5521916151046753,0.5995938181877136,0.003050111932680011,0.512173056602478,0.5083490610122681,0.01984046958386898,0.4895603060722351,0.46099042892456055,0.02391127124428749,0.46646183729171753,0.42479872703552246,0.02453441731631756,0.5204452276229858,0.6468690037727356,0.010670438408851624,0.5233822464942932,0.5962422490119934,0.0303995069116354,0.5559890866279602,0.5987809896469116,0.03128737211227417,0.5775067210197449,0.619136393070221,0.030232219025492668,0.503574013710022,0.6929131746292114,0.017720358446240425,0.514306366443634,0.649287760257721,0.036954596638679504,0.5397292375564575,0.6538947820663452,0.046181559562683105,0.5593608617782593,0.6750441789627075,0.05371125787496567,0.0,0.0,0.0,0.0,0.0,0.0,0.0,0.0,0.0,0.0,0.0,0.0,0.0,0.0,0.0,0.0,0.0,0.0,0.0,0.0,0.0,0.0,0.0,0.0,0.0,0.0,0.0,0.0,0.0,0.0,0.0,0.0,0.0,0.0,0.0,0.0,0.0,0.0,0.0,0.0,0.0,0.0,0.0,0.0,0.0,0.0,0.0,0.0,0.0,0.0,0.0,0.0,0.0,0.0,0.0,0.0,0.0,0.0,0.0,0.0,0.0,0.0,0.0,we
0.6716844439506531,0.8750652074813843,6.956720426387619e-07,0.6886582374572754,0.746120035648346,0.006206739693880081,0.6506062746047974,0.6432986259460449,0.013055049814283848,0.5991406440734863,0.5947439670562744,0.019630536437034607,0.5618534684181213,0.5807170867919922,0.02654975652694702,0.5983592867851257,0.5841731429100037,-0.0038478337228298187,0.5617291331291199,0.4426363706588745,-0.003136096056550741,0.5416693091392517,0.3705718517303467,-0.0020150523632764816,0.5197750329971313,0.31715866923332214,0.00047292301314882934,0.5457122921943665,0.6175445318222046,-0.003070696024224162,0.49888983368873596,0.5027339458465576,0.008467166684567928,0.47473761439323425,0.4412950277328491,0.013138512149453163,0.45102012157440186,0.39929336309432983,0.015125112608075142,0.5138934850692749,0.664420485496521,0.00015219111810438335,0.510648787021637,0.6025355458259583,0.015371456742286682,0.5433217287063599,0.603990912437439,0.020016377791762352,0.5675525665283203,0.6283595561981201,0.022844642400741577,0.498939573764801,0.7133265733718872,0.0032501353416591883,0.5063532590866089,0.6645933389663696,0.020939789712429047,0.5298110842704773,0.665482759475708,0.03248182684183121,0.5480626225471497,0.6868247389793396,0.04178200662136078,0.0,0.0,0.0,0.0,0.0,0.0,0.0,0.0,0.0,0.0,0.0,0.0,0.0,0.0,0.0,0.0,0.0,0.0,0.0,0.0,0.0,0.0,0.0,0.0,0.0,0.0,0.0,0.0,0.0,0.0,0.0,0.0,0.0,0.0,0.0,0.0,0.0,0.0,0.0,0.0,0.0,0.0,0.0,0.0,0.0,0.0,0.0,0.0,0.0,0.0,0.0,0.0,0.0,0.0,0.0,0.0,0.0,0.0,0.0,0.0,0.0,0.0,0.0,we
0.6681450605392456,0.8913969993591309,7.808940836184775e-07,0.6848651766777039,0.7573722004890442,-0.004308693576604128,0.6500051021575928,0.6501575708389282,-0.005338085349649191,0.6012267470359802,0.5919024348258972,-0.0052614398300647736,0.567725658416748,0.5661615133285522,-0.004566530231386423,0.5899142622947693,0.5942112803459167,-0.016862886026501656,0.5572956204414368,0.45727548003196716,-0.025340309366583824,0.5377102494239807,0.381467342376709,-0.032178305089473724,0.5154828429222107,0.32422810792922974,-0.035217106342315674,0.5397847294807434,0.6256198287010193,-0.01556970551609993,0.5025637745857239,0.5063327550888062,-0.013771072961390018,0.4779258966445923,0.4357224702835083,-0.014444256201386452,0.45111367106437683,0.3842240869998932,-0.015465094707906246,0.5095295310020447,0.6729347109794617,-0.012704887427389622,0.5090322494506836,0.6029700040817261,-0.007818987593054771,0.5414104461669922,0.6073207259178162,-0.0025810974184423685,0.5659430027008057,0.6333539485931396,0.0029829528648406267,0.4960172474384308,0.7232354283332825,-0.010865920223295689,0.5000657439231873,0.6669852137565613,-0.0011416657362133265,0.5228450298309326,0.6631903052330017,0.010894674807786942,0.5407006740570068,0.6822718381881714,0.022107461467385292,0.0,0.0,0.0,0.0,0.0,0.0,0.0,0.0,0.0,0.0,0.0,0.0,0.0,0.0,0.0,0.0,0.0,0.0,0.0,0.0,0.0,0.0,0.0,0.0,0.0,0.0,0.0,0.0,0.0,0.0,0.0,0.0,0.0,0.0,0.0,0.0,0.0,0.0,0.0,0.0,0.0,0.0,0.0,0.0,0.0,0.0,0.0,0.0,0.0,0.0,0.0,0.0,0.0,0.0,0.0,0.0,0.0,0.0,0.0,0.0,0.0,0.0,0.0,we
0.6658255457878113,0.8869284987449646,7.920642133285583e-07,0.6819658875465393,0.7538689374923706,0.0020117475651204586,0.6480841040611267,0.6475749015808105,0.005489960312843323,0.6019479632377625,0.6004258394241333,0.008002103306353092,0.5684813857078552,0.5827355980873108,0.01079344842582941,0.5853369235992432,0.5896910429000854,-0.004072610288858414,0.5529382824897766,0.45485472679138184,-0.006134391762316227,0.5344769954681396,0.3798593282699585,-0.008749488741159439,0.5100918412208557,0.3224247395992279,-0.00983166228979826,0.5391579270362854,0.6203300356864929,-0.005435810424387455,0.5139330625534058,0.5036134719848633,-0.0008108032052405179,0.490430623292923,0.4336560368537903,-0.0037736124359071255,0.4596672058105469,0.3799753785133362,-0.006922414992004633,0.5112519264221191,0.6668800711631775,-0.0050203860737383366,0.517413318157196,0.6045331954956055,0.000355718657374382,0.5540186166763306,0.6108585000038147,0.0012782318517565727,0.5785223245620728,0.6328414082527161,0.004092947114259005,0.49827730655670166,0.7152355313301086,-0.004644881933927536,0.499714732170105,0.6627143025398254,0.005843954626470804,0.5224660038948059,0.658374011516571,0.01627402752637863,0.5410526394844055,0.6742721796035767,0.02607719972729683,0.0,0.0,0.0,0.0,0.0,0.0,0.0,0.0,0.0,0.0,0.0,0.0,0.0,0.0,0.0,0.0,0.0,0.0,0.0,0.0,0.0,0.0,0.0,0.0,0.0,0.0,0.0,0.0,0.0,0.0,0.0,0.0,0.0,0.0,0.0,0.0,0.0,0.0,0.0,0.0,0.0,0.0,0.0,0.0,0.0,0.0,0.0,0.0,0.0,0.0,0.0,0.0,0.0,0.0,0.0,0.0,0.0,0.0,0.0,0.0,0.0,0.0,0.0,we
0.6641325354576111,0.9177471399307251,4.4119747855120295e-08,0.6769979000091553,0.8042579293251038,0.03999810293316841,0.6398360729217529,0.7025824189186096,0.0636172816157341,0.6047303676605225,0.6406433582305908,0.07795406877994537,0.5759368538856506,0.6120034456253052,0.09101434051990509,0.5498952865600586,0.6540066003799438,0.053576111793518066,0.518380880355835,0.5176641941070557,0.07418941706418991,0.4982905983924866,0.43939709663391113,0.0874052345752716,0.4771858751773834,0.37986284494400024,0.09401747584342957,0.5186789035797119,0.6724093556404114,0.03443914279341698,0.5288453102111816,0.5737254619598389,0.0470527708530426,0.5624032020568848,0.5746167302131653,0.050887372344732285,0.5811930298805237,0.5913941860198975,0.05276459455490112,0.510601282119751,0.6956480741500854,0.01910490170121193,0.5176911354064941,0.6046414375305176,0.02539530210196972,0.5542381405830383,0.6109690070152283,0.03193424642086029,0.5746256113052368,0.6318807601928711,0.03611581400036812,0.5176125764846802,0.707647442817688,0.00772393774241209,0.5021959543228149,0.5832788348197937,0.013698172755539417,0.495871901512146,0.5144438743591309,0.022596076130867004,0.48334580659866333,0.46550315618515015,0.028951654210686684,0.0,0.0,0.0,0.0,0.0,0.0,0.0,0.0,0.0,0.0,0.0,0.0,0.0,0.0,0.0,0.0,0.0,0.0,0.0,0.0,0.0,0.0,0.0,0.0,0.0,0.0,0.0,0.0,0.0,0.0,0.0,0.0,0.0,0.0,0.0,0.0,0.0,0.0,0.0,0.0,0.0,0.0,0.0,0.0,0.0,0.0,0.0,0.0,0.0,0.0,0.0,0.0,0.0,0.0,0.0,0.0,0.0,0.0,0.0,0.0,0.0,0.0,0.0,we
0.6285390257835388,0.8427177667617798,6.440301945076499e-07,0.6474236249923706,0.7316246628761292,-0.004770570434629917,0.6093961596488953,0.649603545665741,-0.008072770200669765,0.5555498600006104,0.6364097595214844,-0.011410248465836048,0.5150128602981567,0.6522449254989624,-0.015872882679104805,0.5734316110610962,0.60595703125,-0.016598064452409744,0.5390114784240723,0.4963240623474121,-0.028792530298233032,0.5144515633583069,0.4273098111152649,-0.03595821186900139,0.4923686385154724,0.3784619867801666,-0.03912550210952759,0.5309666991233826,0.6483225226402283,-0.01836002804338932,0.4901425540447235,0.5753085017204285,-0.02735806256532669,0.4658347964286804,0.5467268228530884,-0.03122289478778839,0.44781559705734253,0.5331772565841675,-0.031228216364979744,0.5044339895248413,0.7011980414390564,-0.01896522380411625,0.5006816983222961,0.6666286587715149,-0.023961665108799934,0.5233369469642639,0.6835785508155823,-0.019515272229909897,0.5405358672142029,0.7065446972846985,-0.012715973891317844,0.4911975562572479,0.7556019425392151,-0.02022203989326954,0.49747973680496216,0.7227070927619934,-0.018148766830563545,0.5175981521606445,0.7374058961868286,-0.00706144142895937,0.529998242855072,0.7567182183265686,0.004247650038450956,0.6641947031021118,0.9036312103271484,4.4279482835918316e-07,0.6776321530342102,0.7707664370536804,0.005593718960881233,0.6387256979942322,0.6756519079208374,0.010026591829955578,0.5909376740455627,0.6188526153564453,0.015249671414494514,0.558310329914093,0.5914649963378906,0.019340168684720993,0.5754367113113403,0.6139578223228455,-0.013505821116268635,0.5337533354759216,0.4849395751953125,-0.013041605241596699,0.5124620199203491,0.4109906852245331,-0.011263947933912277,0.49043187499046326,0.3558815121650696,-0.010195383802056313,0.5274409055709839,0.6533021926879883,-0.012638083659112453,0.4924479126930237,0.5711148381233215,-0.0013099691132083535,0.5050222277641296,0.5645890235900879,0.008444293402135372,0.5149219632148743,0.5713949203491211,0.013146071694791317,0.5008776187896729,0.7090822458267212,-0.008503093384206295,0.5035369396209717,0.6674308776855469,0.005677791312336922,0.5326957106590271,0.6740455627441406,0.015418075025081635,0.5532395243644714,0.6974533200263977,0.01898210495710373,0.48719286918640137,0.7644327282905579,-0.004043016117066145,0.49076253175735474,0.7293369770050049,0.010297674685716629,0.5138919353485107,0.7341190576553345,0.022953186184167862,0.5308129191398621,0.7565599679946899,0.03241709992289543,we
0.6696926355361938,0.9003275036811829,5.394279583015305e-07,0.686377227306366,0.7682358026504517,0.0007781449821777642,0.6479082703590393,0.661270260810852,0.003407664131373167,0.6001479029655457,0.5935822129249573,0.00725900661200285,0.5728068947792053,0.5574479699134827,0.011346591636538506,0.5907968878746033,0.6107504963874817,-0.015978820621967316,0.5490657687187195,0.47476762533187866,-0.01932239718735218,0.5243324637413025,0.40064719319343567,-0.021658875048160553,0.49940651655197144,0.34545931220054626,-0.02250666916370392,0.5423024296760559,0.6517630815505981,-0.01304186973720789,0.4976232945919037,0.5628711581230164,-0.005044486839324236,0.4691813290119171,0.5193016529083252,-0.0015350636094808578,0.44202232360839844,0.4935305118560791,-0.0014674959238618612,0.5137525200843811,0.7022219300270081,-0.0073043168522417545,0.5048028826713562,0.6428992748260498,0.00721188448369503,0.5316027402877808,0.6354316473007202,0.015272581949830055,0.5534510016441345,0.651098370552063,0.01851426251232624,0.4979705512523651,0.7524434328079224,-0.002338790101930499,0.49871397018432617,0.6979268193244934,0.014252317138016224,0.5182275176048279,0.6937438249588013,0.027736106887459755,0.5358647704124451,0.7088584899902344,0.03775060549378395,0.0,0.0,0.0,0.0,0.0,0.0,0.0,0.0,0.0,0.0,0.0,0.0,0.0,0.0,0.0,0.0,0.0,0.0,0.0,0.0,0.0,0.0,0.0,0.0,0.0,0.0,0.0,0.0,0.0,0.0,0.0,0.0,0.0,0.0,0.0,0.0,0.0,0.0,0.0,0.0,0.0,0.0,0.0,0.0,0.0,0.0,0.0,0.0,0.0,0.0,0.0,0.0,0.0,0.0,0.0,0.0,0.0,0.0,0.0,0.0,0.0,0.0,0.0,we
0.6722387075424194,0.8943628668785095,6.68050745389337e-07,0.6874510049819946,0.7562116980552673,-5.3780076996190473e-05,0.64608234167099,0.6539630889892578,0.0020673545077443123,0.5869196057319641,0.6168909072875977,0.004567756783217192,0.5465073585510254,0.6084557175636292,0.007860112935304642,0.597247838973999,0.6033605337142944,-0.010115090757608414,0.5584333539009094,0.4645518660545349,-0.012055307626724243,0.5328028202056885,0.390725314617157,-0.012597850523889065,0.5069507360458374,0.3356753885746002,-0.011932330206036568,0.5448305606842041,0.643534243106842,-0.008824367076158524,0.498943567276001,0.5475872755050659,-0.004010897595435381,0.4656711518764496,0.49534255266189575,-0.0038352971896529198,0.4338109791278839,0.45783624053001404,-0.0050060441717505455,0.5124415755271912,0.6924299001693726,-0.005232174415141344,0.5010159015655518,0.6272890567779541,0.004518830217421055,0.5315110683441162,0.6294556260108948,0.009304980747401714,0.5541102886199951,0.6511451601982117,0.012603147886693478,0.49392515420913696,0.7399992346763611,-0.0022289843764156103,0.49126046895980835,0.6820216774940491,0.01247390266507864,0.5127552151679993,0.6806417107582092,0.024949386715888977,0.5299519300460815,0.6978457570075989,0.03513261675834656,0.0,0.0,0.0,0.0,0.0,0.0,0.0,0.0,0.0,0.0,0.0,0.0,0.0,0.0,0.0,0.0,0.0,0.0,0.0,0.0,0.0,0.0,0.0,0.0,0.0,0.0,0.0,0.0,0.0,0.0,0.0,0.0,0.0,0.0,0.0,0.0,0.0,0.0,0.0,0.0,0.0,0.0,0.0,0.0,0.0,0.0,0.0,0.0,0.0,0.0,0.0,0.0,0.0,0.0,0.0,0.0,0.0,0.0,0.0,0.0,0.0,0.0,0.0,we
0.6727519631385803,0.8934313058853149,6.007121555740014e-07,0.6868796944618225,0.7580524682998657,0.0004583692061714828,0.6433941125869751,0.652091383934021,0.001474473625421524,0.5859927535057068,0.6099516749382019,0.0025346954353153706,0.5538066625595093,0.5917668342590332,0.0042361789382994175,0.5986657738685608,0.6038364768028259,-0.01522680651396513,0.5597431063652039,0.46383512020111084,-0.020178500562906265,0.5336461067199707,0.3906254470348358,-0.022184107452630997,0.5074705481529236,0.3357316553592682,-0.02277456410229206,0.5468957424163818,0.6442901492118835,-0.015214220620691776,0.5006072521209717,0.5547598600387573,-0.014519920572638512,0.4672708511352539,0.5063356757164001,-0.015179043635725975,0.43484267592430115,0.4711158275604248,-0.016744766384363174,0.5139778852462769,0.6920377612113953,-0.01257743127644062,0.5021212100982666,0.6267446279525757,-0.005379641428589821,0.5316550135612488,0.6308738589286804,0.0011150962673127651,0.5526239275932312,0.6538124084472656,0.0054945750162005424,0.4942139685153961,0.739405632019043,-0.0106118218973279,0.49270641803741455,0.6810495853424072,0.0016805626219138503,0.5141429901123047,0.6831026077270508,0.0144741740077734,0.5308250188827515,0.7033011317253113,0.025077806785702705,0.0,0.0,0.0,0.0,0.0,0.0,0.0,0.0,0.0,0.0,0.0,0.0,0.0,0.0,0.0,0.0,0.0,0.0,0.0,0.0,0.0,0.0,0.0,0.0,0.0,0.0,0.0,0.0,0.0,0.0,0.0,0.0,0.0,0.0,0.0,0.0,0.0,0.0,0.0,0.0,0.0,0.0,0.0,0.0,0.0,0.0,0.0,0.0,0.0,0.0,0.0,0.0,0.0,0.0,0.0,0.0,0.0,0.0,0.0,0.0,0.0,0.0,0.0,we
0.6884912848472595,0.8874208927154541,5.929530288995011e-07,0.6983339786529541,0.7483466267585754,0.004123612307012081,0.6522606015205383,0.6447482705116272,0.004494409076869488,0.5885268449783325,0.6117967367172241,0.004204063676297665,0.5419134497642517,0.6127592921257019,0.003771441988646984,0.6103203296661377,0.5964425802230835,-0.015340045094490051,0.574770450592041,0.4619823098182678,-0.02255057916045189,0.5497025847434998,0.3882191777229309,-0.027701033279299736,0.5247268080711365,0.3303883373737335,-0.03055170178413391,0.5596591830253601,0.6391640305519104,-0.01768876612186432,0.5099548697471619,0.5488628149032593,-0.016581010073423386,0.4749932289123535,0.5010266900062561,-0.01652795448899269,0.4428310692310333,0.4674863815307617,-0.018441591411828995,0.5274575352668762,0.689929723739624,-0.017025860026478767,0.5083492398262024,0.619860053062439,-0.008230620063841343,0.5364933609962463,0.6187755465507507,0.0009180617053061724,0.5595173239707947,0.6386495232582092,0.006341730244457722,0.5083247423171997,0.7399905920028687,-0.016856912523508072,0.5002930164337158,0.6740196347236633,-0.002751435386016965,0.5218700170516968,0.6674451231956482,0.012595043517649174,0.5416573882102966,0.6793367862701416,0.02442551776766777,0.0,0.0,0.0,0.0,0.0,0.0,0.0,0.0,0.0,0.0,0.0,0.0,0.0,0.0,0.0,0.0,0.0,0.0,0.0,0.0,0.0,0.0,0.0,0.0,0.0,0.0,0.0,0.0,0.0,0.0,0.0,0.0,0.0,0.0,0.0,0.0,0.0,0.0,0.0,0.0,0.0,0.0,0.0,0.0,0.0,0.0,0.0,0.0,0.0,0.0,0.0,0.0,0.0,0.0,0.0,0.0,0.0,0.0,0.0,0.0,0.0,0.0,0.0,we
0.7047634124755859,0.8860926628112793,4.8434156951771e-07,0.710286021232605,0.7506407499313354,0.007048271130770445,0.6633073091506958,0.6553065776824951,0.011009946465492249,0.610457718372345,0.6199830174446106,0.013993050903081894,0.569652795791626,0.6170775890350342,0.017421849071979523,0.6097694039344788,0.6001062393188477,-0.0021379904355853796,0.5651953816413879,0.4840068519115448,-0.004543044604361057,0.536350429058075,0.41830480098724365,-0.005102886818349361,0.5118597149848938,0.36947616934776306,-0.0043842787854373455,0.5618212223052979,0.646309494972229,-0.005372484680265188,0.49225497245788574,0.568897545337677,-0.0015758431982249022,0.4642721116542816,0.5383326411247253,0.0006829737685620785,0.44763582944869995,0.5187584161758423,0.002924250904470682,0.5348930954933167,0.700840175151825,-0.006067311391234398,0.520349383354187,0.6471813917160034,0.0013593281619250774,0.5463099479675293,0.6465637683868408,0.007108505815267563,0.5686542987823486,0.6635473966598511,0.012050023302435875,0.5238655209541321,0.7514148354530334,-0.006701730191707611,0.5288034677505493,0.7067309617996216,0.005854957737028599,0.5496978163719177,0.7047020792961121,0.018114186823368073,0.5660467147827148,0.7177305817604065,0.028893491253256798,0.0,0.0,0.0,0.0,0.0,0.0,0.0,0.0,0.0,0.0,0.0,0.0,0.0,0.0,0.0,0.0,0.0,0.0,0.0,0.0,0.0,0.0,0.0,0.0,0.0,0.0,0.0,0.0,0.0,0.0,0.0,0.0,0.0,0.0,0.0,0.0,0.0,0.0,0.0,0.0,0.0,0.0,0.0,0.0,0.0,0.0,0.0,0.0,0.0,0.0,0.0,0.0,0.0,0.0,0.0,0.0,0.0,0.0,0.0,0.0,0.0,0.0,0.0,we
0.713924765586853,0.8860416412353516,3.2490970625076443e-07,0.716521143913269,0.7495695352554321,0.012217589654028416,0.6657464504241943,0.662266731262207,0.019869377836585045,0.6104735732078552,0.6300512552261353,0.026283463463187218,0.5671709179878235,0.6276208162307739,0.03224606439471245,0.6059536933898926,0.606227457523346,0.0054204631596803665,0.5572673082351685,0.4982154369354248,0.012688466347754002,0.5298224687576294,0.4394327402114868,0.01890391670167446,0.5044106841087341,0.39634373784065247,0.022294018417596817,0.5610862374305725,0.6556513905525208,0.0018165759975090623,0.49945196509361267,0.6001450419425964,0.012017383240163326,0.5097156763076782,0.6033645272254944,0.020355084910988808,0.5264681577682495,0.612761914730072,0.02614697255194187,0.5385650396347046,0.714563250541687,0.0016058095498010516,0.5156055688858032,0.6686155200004578,0.014092009514570236,0.5405976176261902,0.6694491505622864,0.022070234641432762,0.5619640350341797,0.6831884980201721,0.025747274979948997,0.5305096507072449,0.7658904790878296,0.0024475189857184887,0.5281237363815308,0.7217146754264832,0.016021177172660828,0.5517494678497314,0.7195101976394653,0.0279191043227911,0.5702417492866516,0.7289288640022278,0.037444133311510086,0.0,0.0,0.0,0.0,0.0,0.0,0.0,0.0,0.0,0.0,0.0,0.0,0.0,0.0,0.0,0.0,0.0,0.0,0.0,0.0,0.0,0.0,0.0,0.0,0.0,0.0,0.0,0.0,0.0,0.0,0.0,0.0,0.0,0.0,0.0,0.0,0.0,0.0,0.0,0.0,0.0,0.0,0.0,0.0,0.0,0.0,0.0,0.0,0.0,0.0,0.0,0.0,0.0,0.0,0.0,0.0,0.0,0.0,0.0,0.0,0.0,0.0,0.0,we
0.7236171364784241,0.8824778199195862,3.9074711821740493e-07,0.7320300340652466,0.7454401254653931,0.007624332793056965,0.6828039288520813,0.6590572595596313,0.012684039771556854,0.6233181953430176,0.6333746910095215,0.01692650280892849,0.5796340703964233,0.6381131410598755,0.02080494724214077,0.6227231025695801,0.6027837991714478,0.0008408792782574892,0.5719438791275024,0.5004624128341675,0.001802109181880951,0.5429455637931824,0.43941110372543335,0.0032336225267499685,0.5194287896156311,0.39709052443504333,0.004716801457107067,0.5757856965065002,0.6500253677368164,-0.0015894074458628893,0.5070608258247375,0.5798072218894958,0.005412386264652014,0.49369847774505615,0.5615348815917969,0.010531994514167309,0.49087613821029663,0.5569033622741699,0.014084843918681145,0.5502304434776306,0.7052302360534668,-0.001571076107211411,0.5274279117584229,0.6488763093948364,0.009012329392135143,0.5519418716430664,0.6457239985466003,0.016215376555919647,0.5764210820198059,0.6620113253593445,0.020279474556446075,0.5406084060668945,0.7558605074882507,-0.0013402131153270602,0.5404516458511353,0.7111045718193054,0.01218661479651928,0.5634700655937195,0.7059233784675598,0.023795172572135925,0.5832438468933105,0.7190408706665039,0.03315594419836998,0.0,0.0,0.0,0.0,0.0,0.0,0.0,0.0,0.0,0.0,0.0,0.0,0.0,0.0,0.0,0.0,0.0,0.0,0.0,0.0,0.0,0.0,0.0,0.0,0.0,0.0,0.0,0.0,0.0,0.0,0.0,0.0,0.0,0.0,0.0,0.0,0.0,0.0,0.0,0.0,0.0,0.0,0.0,0.0,0.0,0.0,0.0,0.0,0.0,0.0,0.0,0.0,0.0,0.0,0.0,0.0,0.0,0.0,0.0,0.0,0.0,0.0,0.0,we
0.7238186597824097,0.874325156211853,4.4012895727973955e-07,0.7241485118865967,0.7353271842002869,0.010187028907239437,0.6730361580848694,0.6540772914886475,0.015094025991857052,0.615449845790863,0.6322714686393738,0.017730334773659706,0.5726972818374634,0.6388913989067078,0.01980719156563282,0.62135249376297,0.5980479717254639,0.0032398898620158434,0.5739688277244568,0.4962928295135498,0.0010405606590211391,0.544998049736023,0.43541112542152405,0.001172602758742869,0.5201658606529236,0.3923954367637634,0.0018485973123461008,0.5763683319091797,0.646395742893219,-0.003443411085754633,0.5042888522148132,0.5850088000297546,-0.004850453231483698,0.4944343566894531,0.5738692879676819,-0.0023607201874256134,0.4946463406085968,0.5703057646751404,0.0018931591184809804,0.5508501529693604,0.7041493058204651,-0.007755478844046593,0.5290922522544861,0.658949077129364,-0.006316067650914192,0.5553261041641235,0.6627305746078491,0.0006905697518959641,0.5785309076309204,0.6793633699417114,0.00778372073546052,0.5399313569068909,0.7568343877792358,-0.011486219242215157,0.5408753752708435,0.7154011130332947,-0.0037017143331468105,0.564096212387085,0.7163852453231812,0.008592354133725166,0.5823506116867065,0.7293586730957031,0.02032548561692238,0.0,0.0,0.0,0.0,0.0,0.0,0.0,0.0,0.0,0.0,0.0,0.0,0.0,0.0,0.0,0.0,0.0,0.0,0.0,0.0,0.0,0.0,0.0,0.0,0.0,0.0,0.0,0.0,0.0,0.0,0.0,0.0,0.0,0.0,0.0,0.0,0.0,0.0,0.0,0.0,0.0,0.0,0.0,0.0,0.0,0.0,0.0,0.0,0.0,0.0,0.0,0.0,0.0,0.0,0.0,0.0,0.0,0.0,0.0,0.0,0.0,0.0,0.0,we
0.7328250408172607,0.8579846024513245,5.500814381775854e-07,0.7364560961723328,0.7214702367782593,0.0045044925063848495,0.6847338080406189,0.6312969326972961,0.005619911011308432,0.6178944110870361,0.6085991263389587,0.005338429007679224,0.5693495869636536,0.6219832897186279,0.005219773855060339,0.6404420137405396,0.5786778926849365,0.0006108729867264628,0.59739089012146,0.46179819107055664,-0.0015717062633484602,0.5699239373207092,0.39786776900291443,-0.003613617504015565,0.544964075088501,0.351929634809494,-0.004630144219845533,0.5948545336723328,0.6276497840881348,-0.003363890340551734,0.5312436819076538,0.5578039884567261,-0.00340741197578609,0.4988850951194763,0.533025860786438,-0.004979774355888367,0.47630950808525085,0.5200821161270142,-0.006026159506291151,0.5661460757255554,0.6832186579704285,-0.005251001100987196,0.5379421710968018,0.621307373046875,-0.002083183964714408,0.5627126693725586,0.6228883266448975,0.0049795652739703655,0.586991012096405,0.6429282426834106,0.010909505188465118,0.5502057671546936,0.7336232662200928,-0.007154463324695826,0.5368766188621521,0.6740484237670898,0.0017426145495846868,0.559147834777832,0.6732910871505737,0.016333958134055138,0.5795451402664185,0.689378559589386,0.02893931418657303,0.0,0.0,0.0,0.0,0.0,0.0,0.0,0.0,0.0,0.0,0.0,0.0,0.0,0.0,0.0,0.0,0.0,0.0,0.0,0.0,0.0,0.0,0.0,0.0,0.0,0.0,0.0,0.0,0.0,0.0,0.0,0.0,0.0,0.0,0.0,0.0,0.0,0.0,0.0,0.0,0.0,0.0,0.0,0.0,0.0,0.0,0.0,0.0,0.0,0.0,0.0,0.0,0.0,0.0,0.0,0.0,0.0,0.0,0.0,0.0,0.0,0.0,0.0,we
0.7323253750801086,0.8499999642372131,6.300228392319696e-07,0.7380974292755127,0.7146125435829163,0.001480914419516921,0.688567578792572,0.6192669868469238,-0.0005681716720573604,0.6217926740646362,0.5908004641532898,-0.0025726703461259604,0.5723809003829956,0.5933506488800049,-0.00393283786252141,0.6556551456451416,0.5753232836723328,-0.013284945860505104,0.6121806502342224,0.4447736144065857,-0.021548885852098465,0.5862687826156616,0.3722483217716217,-0.025840474292635918,0.564232349395752,0.31798869371414185,-0.02706238068640232,0.6047585606575012,0.6192218065261841,-0.014935078099370003,0.5360056757926941,0.5328742861747742,-0.016121797263622284,0.5017218589782715,0.4951938986778259,-0.015138639137148857,0.47697699069976807,0.47214895486831665,-0.014937756583094597,0.5718013048171997,0.6686328649520874,-0.014314969070255756,0.5394577383995056,0.5943620800971985,-0.010364829562604427,0.5667098760604858,0.5926785469055176,-0.00020363435032777488,0.5925810933113098,0.6142032742500305,0.007456087041646242,0.5533407330513,0.7131677269935608,-0.014164157211780548,0.5422478318214417,0.643468976020813,-0.0051813083700835705,0.5655083656311035,0.6396945714950562,0.00975392758846283,0.5854206085205078,0.6563169956207275,0.022521736100316048,0.0,0.0,0.0,0.0,0.0,0.0,0.0,0.0,0.0,0.0,0.0,0.0,0.0,0.0,0.0,0.0,0.0,0.0,0.0,0.0,0.0,0.0,0.0,0.0,0.0,0.0,0.0,0.0,0.0,0.0,0.0,0.0,0.0,0.0,0.0,0.0,0.0,0.0,0.0,0.0,0.0,0.0,0.0,0.0,0.0,0.0,0.0,0.0,0.0,0.0,0.0,0.0,0.0,0.0,0.0,0.0,0.0,0.0,0.0,0.0,0.0,0.0,0.0,we
0.7272543907165527,0.8577877283096313,6.613946084144118e-07,0.735244631767273,0.7195728421211243,0.002794104628264904,0.6846611499786377,0.6253819465637207,0.0034964026417583227,0.6236521601676941,0.5997601747512817,0.0033870143815875053,0.5786277651786804,0.6010454297065735,0.003662045346572995,0.6465259194374084,0.577176034450531,-0.006179501302540302,0.61164391040802,0.44695526361465454,-0.010998273268342018,0.5891284346580505,0.3746039569377899,-0.01467944122850895,0.5686739683151245,0.3195272982120514,-0.016576552763581276,0.5956500768661499,0.6218199133872986,-0.007853626273572445,0.5413156747817993,0.5365164279937744,-0.008203172124922276,0.5056625604629517,0.4951438009738922,-0.009831692092120647,0.47461777925491333,0.4692017436027527,-0.01205411832779646,0.5644400715827942,0.6745691299438477,-0.007452249526977539,0.5421895980834961,0.5971155762672424,-0.003331226296722889,0.5727573037147522,0.5971978902816772,0.003642770927399397,0.5969279408454895,0.6207661628723145,0.009085374884307384,0.5490180253982544,0.7235711812973022,-0.0072360411286354065,0.541354775428772,0.6491702795028687,0.0013208957388997078,0.5646936297416687,0.6445976495742798,0.014523443765938282,0.5844691395759583,0.6620050072669983,0.025988982990384102,0.0,0.0,0.0,0.0,0.0,0.0,0.0,0.0,0.0,0.0,0.0,0.0,0.0,0.0,0.0,0.0,0.0,0.0,0.0,0.0,0.0,0.0,0.0,0.0,0.0,0.0,0.0,0.0,0.0,0.0,0.0,0.0,0.0,0.0,0.0,0.0,0.0,0.0,0.0,0.0,0.0,0.0,0.0,0.0,0.0,0.0,0.0,0.0,0.0,0.0,0.0,0.0,0.0,0.0,0.0,0.0,0.0,0.0,0.0,0.0,0.0,0.0,0.0,we
0.7276765704154968,0.857120156288147,6.55758867651457e-07,0.7351746559143066,0.7209921479225159,0.0019172143656760454,0.6835782527923584,0.6253402829170227,0.002005315851420164,0.6212772727012634,0.5989035367965698,0.0015001172432675958,0.5751674175262451,0.5999218821525574,0.0016228742897510529,0.6479787826538086,0.5786117315292358,-0.008065707050263882,0.6108664274215698,0.4485265016555786,-0.015317399054765701,0.5878707766532898,0.3750859498977661,-0.01969834975898266,0.5675025582313538,0.31930121779441833,-0.021375492215156555,0.5967511534690857,0.6220734119415283,-0.009509975090622902,0.5394004583358765,0.5345167517662048,-0.01161741092801094,0.5039145350456238,0.4938342273235321,-0.012591183185577393,0.4742467999458313,0.469897598028183,-0.01336247194558382,0.5642815232276917,0.6726861596107483,-0.009130219928920269,0.5422555208206177,0.5964521765708923,-0.005995087791234255,0.5736904740333557,0.5961570143699646,0.0017445719568058848,0.598613440990448,0.6192483901977539,0.008466670289635658,0.5468910336494446,0.7200325131416321,-0.009171356447041035,0.5417729616165161,0.6467818021774292,-0.0005633556866087019,0.5654990077018738,0.6416647434234619,0.01281822007149458,0.5848708152770996,0.6577633023262024,0.02468268945813179,0.0,0.0,0.0,0.0,0.0,0.0,0.0,0.0,0.0,0.0,0.0,0.0,0.0,0.0,0.0,0.0,0.0,0.0,0.0,0.0,0.0,0.0,0.0,0.0,0.0,0.0,0.0,0.0,0.0,0.0,0.0,0.0,0.0,0.0,0.0,0.0,0.0,0.0,0.0,0.0,0.0,0.0,0.0,0.0,0.0,0.0,0.0,0.0,0.0,0.0,0.0,0.0,0.0,0.0,0.0,0.0,0.0,0.0,0.0,0.0,0.0,0.0,0.0,we
0.7127674221992493,0.8816123604774475,5.733566013077507e-07,0.7273067831993103,0.7545216083526611,-0.0015374532667919993,0.6798683404922485,0.6581494808197021,-0.0014298517489805818,0.6261464953422546,0.6324567794799805,-0.0010192471090704203,0.5835914015769958,0.6387795209884644,-0.0011649189982563257,0.6219663023948669,0.6006165146827698,-0.015602640807628632,0.5762250423431396,0.476166307926178,-0.02331850491464138,0.5402829647064209,0.4042035937309265,-0.027476919814944267,0.5086159110069275,0.3552565574645996,-0.03025057539343834,0.5735976696014404,0.6456205248832703,-0.01823003776371479,0.5090996026992798,0.5600326061248779,-0.0217807125300169,0.49510470032691956,0.5295493006706238,-0.021211478859186172,0.4870787262916565,0.5122908353805542,-0.020484905689954758,0.5472816228866577,0.7007427215576172,-0.018945414572954178,0.5277687311172485,0.6364260911941528,-0.018536753952503204,0.5575622320175171,0.632698655128479,-0.00928430538624525,0.5826050043106079,0.6463379263877869,-0.002394333016127348,0.5373038649559021,0.7516447901725769,-0.020471904426813126,0.535302460193634,0.6966443061828613,-0.014737816527485847,0.559456467628479,0.6910533308982849,-0.0015199495246633887,0.578170657157898,0.703555166721344,0.009707666002213955,0.0,0.0,0.0,0.0,0.0,0.0,0.0,0.0,0.0,0.0,0.0,0.0,0.0,0.0,0.0,0.0,0.0,0.0,0.0,0.0,0.0,0.0,0.0,0.0,0.0,0.0,0.0,0.0,0.0,0.0,0.0,0.0,0.0,0.0,0.0,0.0,0.0,0.0,0.0,0.0,0.0,0.0,0.0,0.0,0.0,0.0,0.0,0.0,0.0,0.0,0.0,0.0,0.0,0.0,0.0,0.0,0.0,0.0,0.0,0.0,0.0,0.0,0.0,we
0.7195049524307251,0.9047309756278992,2.2698017687616812e-07,0.7293739318847656,0.7751814126968384,0.011772564612329006,0.68476802110672,0.6773293018341064,0.02185443788766861,0.6311516761779785,0.6328635215759277,0.032352738082408905,0.5880495309829712,0.6246487498283386,0.042743273079395294,0.6100467443466187,0.627382755279541,0.006084687076508999,0.5593231320381165,0.5244858264923096,0.021054135635495186,0.5325103402137756,0.4659520983695984,0.03082519769668579,0.5080093145370483,0.4208453297615051,0.035263217985630035,0.565199613571167,0.6751509308815002,0.0063256509602069855,0.5167779922485352,0.6141959428787231,0.02845127135515213,0.5354190468788147,0.6190685629844666,0.04081885144114494,0.5582261681556702,0.6352500319480896,0.04619783163070679,0.5452625155448914,0.7307866215705872,0.01057906448841095,0.5288844704627991,0.681437611579895,0.03370456397533417,0.5531857013702393,0.6810683608055115,0.04363613575696945,0.5735430121421814,0.6958649158477783,0.04464775323867798,0.5399557948112488,0.7791791558265686,0.015745049342513084,0.5374535322189331,0.7342198491096497,0.0364191010594368,0.560580849647522,0.7322100400924683,0.04985065758228302,0.5799850225448608,0.7441323399543762,0.05797692388296127,0.0,0.0,0.0,0.0,0.0,0.0,0.0,0.0,0.0,0.0,0.0,0.0,0.0,0.0,0.0,0.0,0.0,0.0,0.0,0.0,0.0,0.0,0.0,0.0,0.0,0.0,0.0,0.0,0.0,0.0,0.0,0.0,0.0,0.0,0.0,0.0,0.0,0.0,0.0,0.0,0.0,0.0,0.0,0.0,0.0,0.0,0.0,0.0,0.0,0.0,0.0,0.0,0.0,0.0,0.0,0.0,0.0,0.0,0.0,0.0,0.0,0.0,0.0,we
0.7204546332359314,0.893630862236023,5.904956879021483e-07,0.7318513989448547,0.7617945671081543,-0.0009334864444099367,0.6863085031509399,0.6669811010360718,0.0006712315953336656,0.6273132562637329,0.6365939378738403,0.0035259881988167763,0.5836663842201233,0.6392513513565063,0.006538571789860725,0.6243299245834351,0.6111726760864258,-0.00909736379981041,0.5746510624885559,0.4949950575828552,-0.012021244503557682,0.5451417565345764,0.42657041549682617,-0.013723975047469139,0.5205027461051941,0.3770153522491455,-0.013702582567930222,0.5757740139961243,0.6546747088432312,-0.008604966104030609,0.5106264352798462,0.5666290521621704,-0.005232048686593771,0.4927101135253906,0.5301699638366699,-0.0030989516526460648,0.48297154903411865,0.510360598564148,-0.0007937338086776435,0.5486872792243958,0.7066779732704163,-0.00615030899643898,0.5332176685333252,0.6370367407798767,-1.2068627256667241e-05,0.5610170364379883,0.6299762725830078,0.005544822663068771,0.5865166187286377,0.6461746096611023,0.01025294978171587,0.5372432470321655,0.7532212734222412,-0.004213700070977211,0.5392537117004395,0.6963629722595215,0.005126773379743099,0.5642203688621521,0.689079761505127,0.01591436192393303,0.585015058517456,0.7035348415374756,0.025940336287021637,0.0,0.0,0.0,0.0,0.0,0.0,0.0,0.0,0.0,0.0,0.0,0.0,0.0,0.0,0.0,0.0,0.0,0.0,0.0,0.0,0.0,0.0,0.0,0.0,0.0,0.0,0.0,0.0,0.0,0.0,0.0,0.0,0.0,0.0,0.0,0.0,0.0,0.0,0.0,0.0,0.0,0.0,0.0,0.0,0.0,0.0,0.0,0.0,0.0,0.0,0.0,0.0,0.0,0.0,0.0,0.0,0.0,0.0,0.0,0.0,0.0,0.0,0.0,we
0.7198249101638794,0.8810027241706848,6.393490252776246e-07,0.7233221530914307,0.7432194948196411,0.0050440034829080105,0.6727537512779236,0.6509389281272888,0.008675403892993927,0.6106052398681641,0.6284240484237671,0.01190557237714529,0.5643914937973022,0.6374314427375793,0.015407571569085121,0.6294917464256287,0.6003537178039551,-0.0030437165405601263,0.5859866142272949,0.47511231899261475,-0.0014552230713889003,0.5610833764076233,0.4076591730117798,0.0005340166972018778,0.5371225476264954,0.35535794496536255,0.0026010239962488413,0.5820034742355347,0.6494453549385071,-0.0037817906122654676,0.5248951315879822,0.571854829788208,0.0018691037548705935,0.490725576877594,0.5347945690155029,0.002107923151925206,0.4611573815345764,0.5066947340965271,0.0015122771728783846,0.5529301166534424,0.7034215927124023,-0.0016056956956163049,0.5357341170310974,0.6419411301612854,0.006777774542570114,0.5629069805145264,0.6392320990562439,0.010677915066480637,0.5847294330596924,0.6543611884117126,0.013964609242975712,0.5371372699737549,0.7516531348228455,0.0009430450154468417,0.5357173681259155,0.690324068069458,0.01373367290943861,0.560269832611084,0.6856802105903625,0.02627263031899929,0.5807031393051147,0.6984604001045227,0.03722294047474861,0.0,0.0,0.0,0.0,0.0,0.0,0.0,0.0,0.0,0.0,0.0,0.0,0.0,0.0,0.0,0.0,0.0,0.0,0.0,0.0,0.0,0.0,0.0,0.0,0.0,0.0,0.0,0.0,0.0,0.0,0.0,0.0,0.0,0.0,0.0,0.0,0.0,0.0,0.0,0.0,0.0,0.0,0.0,0.0,0.0,0.0,0.0,0.0,0.0,0.0,0.0,0.0,0.0,0.0,0.0,0.0,0.0,0.0,0.0,0.0,0.0,0.0,0.0,we
0.7184808850288391,0.8834547996520996,6.105332204242586e-07,0.7268174290657043,0.7455479502677917,0.0038778726011514664,0.677660346031189,0.650852620601654,0.007705630734562874,0.6171239614486694,0.6275847554206848,0.0113269854336977,0.5717188119888306,0.6364508271217346,0.015364224091172218,0.6288589835166931,0.5987685918807983,-0.0028590266592800617,0.5866236686706543,0.47401541471481323,-0.00038953294279053807,0.5611402988433838,0.40844953060150146,0.0021232343278825283,0.5367717742919922,0.35854050517082214,0.004072326235473156,0.5803330540657043,0.6482533812522888,-0.0032982381526380777,0.5280206799507141,0.5701206922531128,0.0032405962701886892,0.49507462978363037,0.5331350564956665,0.004130751825869083,0.4664255380630493,0.5068764686584473,0.0036200014874339104,0.5514699220657349,0.7043033838272095,-0.0011444191914051771,0.5357277393341064,0.6395315527915955,0.007318214047700167,0.563293993473053,0.6369968056678772,0.0110704330727458,0.5855542421340942,0.6535897254943848,0.013904944062232971,0.5367175936698914,0.7539606094360352,0.0012574521824717522,0.5352238416671753,0.6911419630050659,0.012858214788138866,0.5585092306137085,0.6867849826812744,0.024161051958799362,0.5778149366378784,0.7007346749305725,0.03410826623439789,0.0,0.0,0.0,0.0,0.0,0.0,0.0,0.0,0.0,0.0,0.0,0.0,0.0,0.0,0.0,0.0,0.0,0.0,0.0,0.0,0.0,0.0,0.0,0.0,0.0,0.0,0.0,0.0,0.0,0.0,0.0,0.0,0.0,0.0,0.0,0.0,0.0,0.0,0.0,0.0,0.0,0.0,0.0,0.0,0.0,0.0,0.0,0.0,0.0,0.0,0.0,0.0,0.0,0.0,0.0,0.0,0.0,0.0,0.0,0.0,0.0,0.0,0.0,we
0.7138372659683228,0.8801141977310181,6.562611361005111e-07,0.7183356285095215,0.7434702515602112,0.008904899470508099,0.66859370470047,0.6510646343231201,0.011215723119676113,0.6081949472427368,0.6347277760505676,0.012141845189034939,0.5634775161743164,0.6462812423706055,0.012690562754869461,0.6270588636398315,0.5991195440292358,-0.00544174388051033,0.5877159237861633,0.4700959324836731,-0.006465848069638014,0.5640250444412231,0.40004637837409973,-0.006701172795146704,0.542151927947998,0.3440914452075958,-0.006239667069166899,0.5787740349769592,0.6479212641716003,-0.008240613155066967,0.5255265235900879,0.5704659223556519,-0.0023961097467690706,0.4963430166244507,0.5333362817764282,7.037389877950773e-05,0.47219642996788025,0.5064952969551086,0.00013672150089405477,0.5485512018203735,0.7028584480285645,-0.007605608087033033,0.5252922773361206,0.6374474167823792,0.003901318646967411,0.5502233505249023,0.634647011756897,0.012451527640223503,0.5714482665061951,0.6519384980201721,0.017272425815463066,0.5333607792854309,0.7519116401672363,-0.006652954034507275,0.5284963250160217,0.6875991225242615,0.00874765869230032,0.5509868860244751,0.6798257827758789,0.024269619956612587,0.5698643922805786,0.691057026386261,0.03653733804821968,0.0,0.0,0.0,0.0,0.0,0.0,0.0,0.0,0.0,0.0,0.0,0.0,0.0,0.0,0.0,0.0,0.0,0.0,0.0,0.0,0.0,0.0,0.0,0.0,0.0,0.0,0.0,0.0,0.0,0.0,0.0,0.0,0.0,0.0,0.0,0.0,0.0,0.0,0.0,0.0,0.0,0.0,0.0,0.0,0.0,0.0,0.0,0.0,0.0,0.0,0.0,0.0,0.0,0.0,0.0,0.0,0.0,0.0,0.0,0.0,0.0,0.0,0.0,we
0.7104485630989075,0.9001151919364929,2.7798944302048767e-07,0.7186702489852905,0.7711499929428101,0.0069002434611320496,0.6773924231529236,0.6719768047332764,0.011354315094649792,0.6316159963607788,0.6232724189758301,0.0154152512550354,0.5955218076705933,0.607239842414856,0.018864935263991356,0.6041960716247559,0.6271559596061707,-0.003897495800629258,0.5582992434501648,0.518796980381012,-5.902479460928589e-05,0.5332614779472351,0.4592636823654175,0.002373419003561139,0.5118712782859802,0.4169384241104126,0.002364818938076496,0.5591657757759094,0.6701000928878784,-0.005241165403276682,0.5357685685157776,0.5926731824874878,0.005563437007367611,0.563689112663269,0.5886712074279785,0.013056007213890553,0.5883273482322693,0.5984619855880737,0.015192518010735512,0.5369929671287537,0.7239871025085449,-0.003710114164277911,0.5311534404754639,0.6565969586372375,0.009454918093979359,0.5599594116210938,0.6537541151046753,0.020474418997764587,0.5826469659805298,0.6678975224494934,0.023015139624476433,0.5300312042236328,0.7735297083854675,-0.001716462429612875,0.5281565189361572,0.7201021909713745,0.011273468844592571,0.5518842935562134,0.7134609222412109,0.025034945458173752,0.5707846283912659,0.7252938151359558,0.033901650458574295,0.0,0.0,0.0,0.0,0.0,0.0,0.0,0.0,0.0,0.0,0.0,0.0,0.0,0.0,0.0,0.0,0.0,0.0,0.0,0.0,0.0,0.0,0.0,0.0,0.0,0.0,0.0,0.0,0.0,0.0,0.0,0.0,0.0,0.0,0.0,0.0,0.0,0.0,0.0,0.0,0.0,0.0,0.0,0.0,0.0,0.0,0.0,0.0,0.0,0.0,0.0,0.0,0.0,0.0,0.0,0.0,0.0,0.0,0.0,0.0,0.0,0.0,0.0,we
0.7092042565345764,0.9133968949317932,2.1729016452809446e-07,0.713202714920044,0.7864760756492615,0.007303973194211721,0.6683839559555054,0.6972166299819946,0.009019328281283379,0.61662358045578,0.6637008786201477,0.009061511605978012,0.57806795835495,0.6590237021446228,0.008166470564901829,0.5981265306472778,0.6472443342208862,-0.005710572004318237,0.5493414402008057,0.5419964790344238,-0.006322422996163368,0.5203529596328735,0.4851812720298767,-0.006099604535847902,0.4945550560951233,0.4477132260799408,-0.007297167554497719,0.5574501752853394,0.691794216632843,-0.01028111670166254,0.5351665616035461,0.6385911703109741,-0.0064435177482664585,0.5614861845970154,0.6445031762123108,-0.00034169110585935414,0.5838253498077393,0.6578534841537476,0.0022780958097428083,0.5382372140884399,0.7477282881736755,-0.01223711483180523,0.5344008803367615,0.7010166645050049,-0.004662086721509695,0.5592792630195618,0.7066381573677063,0.007055416237562895,0.5776892900466919,0.7232767343521118,0.011500830762088299,0.5305910110473633,0.7986974120140076,-0.014016455039381981,0.5326424837112427,0.7589864730834961,-0.003951904363930225,0.5541859865188599,0.7598521113395691,0.010181036777794361,0.5699358582496643,0.773261308670044,0.02026117779314518,0.0,0.0,0.0,0.0,0.0,0.0,0.0,0.0,0.0,0.0,0.0,0.0,0.0,0.0,0.0,0.0,0.0,0.0,0.0,0.0,0.0,0.0,0.0,0.0,0.0,0.0,0.0,0.0,0.0,0.0,0.0,0.0,0.0,0.0,0.0,0.0,0.0,0.0,0.0,0.0,0.0,0.0,0.0,0.0,0.0,0.0,0.0,0.0,0.0,0.0,0.0,0.0,0.0,0.0,0.0,0.0,0.0,0.0,0.0,0.0,0.0,0.0,0.0,we
0.709235429763794,0.9107025861740112,3.6490004617917293e-07,0.715920627117157,0.7790079116821289,0.003318673698231578,0.6736621260643005,0.6860226392745972,0.00622550630941987,0.615571916103363,0.6589100360870361,0.009239683859050274,0.5721668601036072,0.6629403829574585,0.01265681628137827,0.6058347225189209,0.6369386911392212,0.0001708310010144487,0.5575317144393921,0.5351336002349854,0.0014046152355149388,0.5332355499267578,0.4797385036945343,0.003835155162960291,0.5134353637695312,0.44194573163986206,0.005594197195023298,0.563152551651001,0.6855382323265076,-0.002002151682972908,0.5029286742210388,0.6085551977157593,0.0013338050339370966,0.5177316069602966,0.6060380935668945,0.006802782416343689,0.5379766225814819,0.6162116527557373,0.012839564122259617,0.5415559411048889,0.7409398555755615,-0.0021602336782962084,0.523716926574707,0.6741330623626709,0.0034999274648725986,0.5504128932952881,0.6761531829833984,0.01178761851042509,0.5709710717201233,0.6941196322441101,0.01781916804611683,0.5345423221588135,0.7897661328315735,-0.002027238020673394,0.5363739132881165,0.7388332486152649,0.007922704331576824,0.5606642961502075,0.7366802096366882,0.020915798842906952,0.5782069563865662,0.7509891390800476,0.031839534640312195,0.0,0.0,0.0,0.0,0.0,0.0,0.0,0.0,0.0,0.0,0.0,0.0,0.0,0.0,0.0,0.0,0.0,0.0,0.0,0.0,0.0,0.0,0.0,0.0,0.0,0.0,0.0,0.0,0.0,0.0,0.0,0.0,0.0,0.0,0.0,0.0,0.0,0.0,0.0,0.0,0.0,0.0,0.0,0.0,0.0,0.0,0.0,0.0,0.0,0.0,0.0,0.0,0.0,0.0,0.0,0.0,0.0,0.0,0.0,0.0,0.0,0.0,0.0,we
0.7092304229736328,0.9090735912322998,3.81506850999358e-07,0.7124815583229065,0.7772423028945923,0.005505293142050505,0.6688255071640015,0.6869163513183594,0.010014837607741356,0.612260103225708,0.6572109460830688,0.014726569876074791,0.5697688460350037,0.655875563621521,0.01954084262251854,0.6079599857330322,0.6391113996505737,-0.0015162567142397165,0.5595990419387817,0.529817521572113,0.0019975141622126102,0.5339582562446594,0.4726735055446625,0.007322484627366066,0.5114299058914185,0.4338100850582123,0.010965959168970585,0.5644159913063049,0.6875035166740417,-0.003287584288045764,0.5064133405685425,0.6088589429855347,0.0036204620264470577,0.5246410369873047,0.6081708073616028,0.012321153655648232,0.548367440700531,0.6198409795761108,0.019870562478899956,0.5425049066543579,0.7429168820381165,-0.0024501685984432697,0.5268372297286987,0.6837506294250488,0.008125469088554382,0.5524919033050537,0.6845939755439758,0.018456127494573593,0.572221577167511,0.6999550461769104,0.024336379021406174,0.5344147086143494,0.7914621233940125,-0.0012989543611183763,0.5336650609970093,0.7436746954917908,0.01301484927535057,0.5568865537643433,0.7417228817939758,0.02777566947042942,0.5745551586151123,0.7541871070861816,0.039044711738824844,0.0,0.0,0.0,0.0,0.0,0.0,0.0,0.0,0.0,0.0,0.0,0.0,0.0,0.0,0.0,0.0,0.0,0.0,0.0,0.0,0.0,0.0,0.0,0.0,0.0,0.0,0.0,0.0,0.0,0.0,0.0,0.0,0.0,0.0,0.0,0.0,0.0,0.0,0.0,0.0,0.0,0.0,0.0,0.0,0.0,0.0,0.0,0.0,0.0,0.0,0.0,0.0,0.0,0.0,0.0,0.0,0.0,0.0,0.0,0.0,0.0,0.0,0.0,we
0.7035201191902161,0.8938481211662292,6.594885348931712e-07,0.7168613076210022,0.765278697013855,-0.0016512483125552535,0.6793211698532104,0.6627002954483032,-0.002509127603843808,0.6144530773162842,0.6312655210494995,-0.002341835293918848,0.5688151717185974,0.6340671181678772,-0.0011266645742580295,0.6198221445083618,0.6136713027954102,-0.010633232071995735,0.5810645222663879,0.4876165986061096,-0.013380247168242931,0.5593453645706177,0.41852545738220215,-0.014167070388793945,0.539761483669281,0.36642104387283325,-0.012863741256296635,0.569160521030426,0.6598767638206482,-0.0097434027120471,0.5157884955406189,0.5768460035324097,-0.0060160234570503235,0.48328468203544617,0.5369613170623779,-0.005163406487554312,0.4573332965373993,0.5124658346176147,-0.004476302303373814,0.5392522215843201,0.7095500230789185,-0.006670854520052671,0.5344645977020264,0.6465830206871033,0.001115526189096272,0.562679648399353,0.646932065486908,0.007020294200628996,0.5849356055259705,0.6689494252204895,0.011843221262097359,0.5239093899726868,0.75448077917099,-0.00421849824488163,0.5298889875411987,0.6974194645881653,0.008619441650807858,0.5536749958992004,0.6974937915802002,0.02228136733174324,0.5710949897766113,0.7168539762496948,0.03419942036271095,0.0,0.0,0.0,0.0,0.0,0.0,0.0,0.0,0.0,0.0,0.0,0.0,0.0,0.0,0.0,0.0,0.0,0.0,0.0,0.0,0.0,0.0,0.0,0.0,0.0,0.0,0.0,0.0,0.0,0.0,0.0,0.0,0.0,0.0,0.0,0.0,0.0,0.0,0.0,0.0,0.0,0.0,0.0,0.0,0.0,0.0,0.0,0.0,0.0,0.0,0.0,0.0,0.0,0.0,0.0,0.0,0.0,0.0,0.0,0.0,0.0,0.0,0.0,we
0.6913902759552002,0.8985587358474731,7.081760031724116e-07,0.7043627500534058,0.7644327282905579,-0.0019522433867678046,0.6643151044845581,0.6616588830947876,-0.003278931137174368,0.5992205142974854,0.6359956860542297,-0.003566063940525055,0.553604781627655,0.6393370032310486,-0.0031293167266994715,0.6139403581619263,0.6166782379150391,-0.016803575679659843,0.5838571190834045,0.48064664006233215,-0.022976938635110855,0.56193608045578,0.40621599555015564,-0.026472220197319984,0.540881872177124,0.34857702255249023,-0.027950862422585487,0.5603008270263672,0.6587591171264648,-0.015844006091356277,0.5127548575401306,0.570435643196106,-0.016307856887578964,0.47915199398994446,0.52176833152771,-0.016999412328004837,0.4485345780849457,0.4884248971939087,-0.018285294994711876,0.5289931297302246,0.7061406373977661,-0.012527575716376305,0.5200626254081726,0.6364019513130188,-0.007377768401056528,0.549260139465332,0.6326147317886353,-0.0010843237396329641,0.5705315470695496,0.6512270569801331,0.0037763461004942656,0.5146480202674866,0.7491238117218018,-0.009877309203147888,0.5170990824699402,0.6838696002960205,0.00017921366088557988,0.5398046970367432,0.6760997176170349,0.01254203449934721,0.5568242073059082,0.688464343547821,0.02333371713757515,0.0,0.0,0.0,0.0,0.0,0.0,0.0,0.0,0.0,0.0,0.0,0.0,0.0,0.0,0.0,0.0,0.0,0.0,0.0,0.0,0.0,0.0,0.0,0.0,0.0,0.0,0.0,0.0,0.0,0.0,0.0,0.0,0.0,0.0,0.0,0.0,0.0,0.0,0.0,0.0,0.0,0.0,0.0,0.0,0.0,0.0,0.0,0.0,0.0,0.0,0.0,0.0,0.0,0.0,0.0,0.0,0.0,0.0,0.0,0.0,0.0,0.0,0.0,we
0.6886451244354248,0.8993804454803467,6.222520028131839e-07,0.6997080445289612,0.7689559459686279,0.0018359125824645162,0.6560727953910828,0.6704630255699158,0.00097667146474123,0.5987759232521057,0.63284832239151,0.0006282705580815673,0.5594567656517029,0.6229870915412903,0.00075113883940503,0.6076844930648804,0.6276099681854248,-0.020302539691329002,0.5667808651924133,0.4889058768749237,-0.028904786333441734,0.5387928485870361,0.41391950845718384,-0.03132805600762367,0.5133856534957886,0.3602231740951538,-0.03123973309993744,0.5577279329299927,0.6699783205986023,-0.022192055359482765,0.4942430853843689,0.5740722417831421,-0.024233028292655945,0.46694451570510864,0.5359049439430237,-0.020671909675002098,0.4460263252258301,0.5144393444061279,-0.017420507967472076,0.528708815574646,0.7187422513961792,-0.02117823250591755,0.5102447271347046,0.6436986327171326,-0.016559578478336334,0.5385801196098328,0.6394349336624146,-0.004420400597155094,0.5607698559761047,0.6605973839759827,0.00467716297134757,0.5157975554466248,0.7636064887046814,-0.020639849826693535,0.5127916932106018,0.7000527381896973,-0.009693310596048832,0.5346295833587646,0.6962969303131104,0.006930017843842506,0.5503693222999573,0.7142873406410217,0.020796125754714012,0.0,0.0,0.0,0.0,0.0,0.0,0.0,0.0,0.0,0.0,0.0,0.0,0.0,0.0,0.0,0.0,0.0,0.0,0.0,0.0,0.0,0.0,0.0,0.0,0.0,0.0,0.0,0.0,0.0,0.0,0.0,0.0,0.0,0.0,0.0,0.0,0.0,0.0,0.0,0.0,0.0,0.0,0.0,0.0,0.0,0.0,0.0,0.0,0.0,0.0,0.0,0.0,0.0,0.0,0.0,0.0,0.0,0.0,0.0,0.0,0.0,0.0,0.0,we
0.6881898045539856,0.8988819718360901,6.354511583595013e-07,0.6997518539428711,0.7676060199737549,0.004002497997134924,0.6546727418899536,0.6673610806465149,0.004406991880387068,0.5968137383460999,0.6336577534675598,0.004245991352945566,0.5555348992347717,0.6271778345108032,0.004317509476095438,0.6064120531082153,0.6171050071716309,-0.013345733284950256,0.5646138787269592,0.48450422286987305,-0.020107854157686234,0.5378880500793457,0.41284313797950745,-0.022873949259519577,0.512580156326294,0.3607185184955597,-0.023510700091719627,0.558233380317688,0.6602391600608826,-0.017133159562945366,0.5009549260139465,0.5656909942626953,-0.01794104278087616,0.4748966097831726,0.5219566226005554,-0.015721414238214493,0.4527800977230072,0.49170684814453125,-0.013931659050285816,0.5281802415847778,0.7114516496658325,-0.018305126577615738,0.51069575548172,0.6361000537872314,-0.013409489765763283,0.5374968647956848,0.631354808807373,-0.002565938513725996,0.5593823194503784,0.648134708404541,0.005497265141457319,0.5131078958511353,0.7593931555747986,-0.019814712926745415,0.5109468698501587,0.6928306221961975,-0.00915776938199997,0.5327293872833252,0.6855706572532654,0.006978756748139858,0.5488718748092651,0.698318600654602,0.020392846316099167,0.0,0.0,0.0,0.0,0.0,0.0,0.0,0.0,0.0,0.0,0.0,0.0,0.0,0.0,0.0,0.0,0.0,0.0,0.0,0.0,0.0,0.0,0.0,0.0,0.0,0.0,0.0,0.0,0.0,0.0,0.0,0.0,0.0,0.0,0.0,0.0,0.0,0.0,0.0,0.0,0.0,0.0,0.0,0.0,0.0,0.0,0.0,0.0,0.0,0.0,0.0,0.0,0.0,0.0,0.0,0.0,0.0,0.0,0.0,0.0,0.0,0.0,0.0,we
0.6969872117042542,0.9111304879188538,3.5486982596921735e-07,0.6958251595497131,0.7859933972358704,0.013687756843864918,0.6437163352966309,0.7014148831367493,0.02180391177535057,0.5915151834487915,0.6660982370376587,0.028274009004235268,0.5512175559997559,0.6631690263748169,0.03476080670952797,0.5841637849807739,0.6450341939926147,0.0062341950833797455,0.5302121639251709,0.5351186394691467,0.014111312106251717,0.4994138777256012,0.478687047958374,0.02040175162255764,0.4729093015193939,0.4359135627746582,0.024759240448474884,0.5420430302619934,0.6892353296279907,0.0036306907422840595,0.4807049632072449,0.638279139995575,0.018786044791340828,0.4715794026851654,0.6261101961135864,0.0275163222104311,0.4714498817920685,0.6180211901664734,0.03210784122347832,0.5204148292541504,0.7440118789672852,0.004349841270595789,0.5021503567695618,0.7114654779434204,0.02245618775486946,0.5269467234611511,0.7140166163444519,0.0303123090416193,0.5496985912322998,0.728120744228363,0.03300991654396057,0.5121629238128662,0.794850766658783,0.0056959050707519054,0.5122495889663696,0.7675689458847046,0.024435117840766907,0.5346341133117676,0.770126223564148,0.0377684086561203,0.5549702048301697,0.782017707824707,0.047835249453783035,0.0,0.0,0.0,0.0,0.0,0.0,0.0,0.0,0.0,0.0,0.0,0.0,0.0,0.0,0.0,0.0,0.0,0.0,0.0,0.0,0.0,0.0,0.0,0.0,0.0,0.0,0.0,0.0,0.0,0.0,0.0,0.0,0.0,0.0,0.0,0.0,0.0,0.0,0.0,0.0,0.0,0.0,0.0,0.0,0.0,0.0,0.0,0.0,0.0,0.0,0.0,0.0,0.0,0.0,0.0,0.0,0.0,0.0,0.0,0.0,0.0,0.0,0.0,we
0.6946313977241516,0.9023122787475586,4.0697091208130587e-07,0.6980829834938049,0.7713781595230103,0.0023155708331614733,0.6551486849784851,0.6822108030319214,0.002674253424629569,0.6065019369125366,0.6389575600624084,0.0026775901205837727,0.5737841129302979,0.6220729351043701,0.0030021192505955696,0.5885352492332458,0.6263778805732727,-0.006229408085346222,0.5381976962089539,0.5161120295524597,-0.008842992596328259,0.5123651027679443,0.46071857213974,-0.009124040603637695,0.49460333585739136,0.42716386914253235,-0.008115342818200588,0.5473843216896057,0.6767289638519287,-0.007664343807846308,0.4890384376049042,0.6086206436157227,-0.004775657784193754,0.49098527431488037,0.5897250771522522,-0.0010688937036320567,0.5017147064208984,0.5833957195281982,0.001932462677359581,0.525642991065979,0.7340189218521118,-0.007293538190424442,0.5083488821983337,0.6762202978134155,-0.0014710779068991542,0.5324686169624329,0.6713548898696899,0.005171246826648712,0.5554364323616028,0.6849874258041382,0.009303529746830463,0.5169457197189331,0.7840936779975891,-0.007044272962957621,0.5185811519622803,0.7355362772941589,0.0019239670364186168,0.5404773354530334,0.7301120758056641,0.012846162542700768,0.5587904453277588,0.7422640919685364,0.022437794134020805,0.0,0.0,0.0,0.0,0.0,0.0,0.0,0.0,0.0,0.0,0.0,0.0,0.0,0.0,0.0,0.0,0.0,0.0,0.0,0.0,0.0,0.0,0.0,0.0,0.0,0.0,0.0,0.0,0.0,0.0,0.0,0.0,0.0,0.0,0.0,0.0,0.0,0.0,0.0,0.0,0.0,0.0,0.0,0.0,0.0,0.0,0.0,0.0,0.0,0.0,0.0,0.0,0.0,0.0,0.0,0.0,0.0,0.0,0.0,0.0,0.0,0.0,0.0,we
0.6975628733634949,0.9026326537132263,4.767689176787826e-07,0.7115486264228821,0.7655359506607056,0.001994198653846979,0.6668033003807068,0.6672118306159973,0.003605973906815052,0.6068178415298462,0.6305277943611145,0.0065427483059465885,0.5653404593467712,0.6298952102661133,0.009350821375846863,0.6082918047904968,0.6229888200759888,-0.015044244937598705,0.5582085847854614,0.49984312057495117,-0.016616694629192352,0.5258730053901672,0.4322977662086487,-0.016231009736657143,0.49745091795921326,0.38469013571739197,-0.015625061467289925,0.5591911673545837,0.6688481569290161,-0.015062805265188217,0.49578359723091125,0.5810485482215881,-0.007523306645452976,0.4754093885421753,0.55013108253479,-0.0016343927709385753,0.46150076389312744,0.5352135896682739,0.0006620244239456952,0.532435953617096,0.7225689888000488,-0.012079180218279362,0.5107542872428894,0.6538770794868469,-0.0004265029856469482,0.538872480392456,0.6496954560279846,0.010216602124273777,0.5644892454147339,0.6712037324905396,0.0155530646443367,0.5206670761108398,0.7716066241264343,-0.009413816966116428,0.511752724647522,0.7132112383842468,0.00454009510576725,0.5352077484130859,0.7087011933326721,0.019332481548190117,0.5559136271476746,0.7279279828071594,0.030334211885929108,0.0,0.0,0.0,0.0,0.0,0.0,0.0,0.0,0.0,0.0,0.0,0.0,0.0,0.0,0.0,0.0,0.0,0.0,0.0,0.0,0.0,0.0,0.0,0.0,0.0,0.0,0.0,0.0,0.0,0.0,0.0,0.0,0.0,0.0,0.0,0.0,0.0,0.0,0.0,0.0,0.0,0.0,0.0,0.0,0.0,0.0,0.0,0.0,0.0,0.0,0.0,0.0,0.0,0.0,0.0,0.0,0.0,0.0,0.0,0.0,0.0,0.0,0.0,we
0.6980995535850525,0.9025269150733948,6.532603151754302e-07,0.7102499008178711,0.768511176109314,0.006874819751828909,0.671027421951294,0.6674956679344177,0.0073027703911066055,0.6093753576278687,0.6389216184616089,0.007134854793548584,0.5643350481987,0.6407867670059204,0.006947215646505356,0.6202525496482849,0.6204981207847595,-0.012700443156063557,0.5849832892417908,0.4858410358428955,-0.018462838605046272,0.5628203749656677,0.4136750400066376,-0.021986644715070724,0.5429075956344604,0.3581780791282654,-0.022971073165535927,0.5669984817504883,0.6654182076454163,-0.015524826943874359,0.5088565945625305,0.5707414150238037,-0.011572119779884815,0.4738617241382599,0.5213867425918579,-0.009064961224794388,0.444139301776886,0.49081212282180786,-0.009125350043177605,0.535973310470581,0.7163666486740112,-0.0150994211435318,0.512420654296875,0.6423684358596802,-0.004131784662604332,0.5411959886550903,0.6372663974761963,0.006045629736036062,0.5647329688072205,0.6568350791931152,0.011768367141485214,0.5220404267311096,0.761920690536499,-0.014809641055762768,0.5156602263450623,0.692797839641571,-0.00010429492249386385,0.536841094493866,0.686790943145752,0.01579860784113407,0.5541812777519226,0.7005132436752319,0.02805536426603794,0.0,0.0,0.0,0.0,0.0,0.0,0.0,0.0,0.0,0.0,0.0,0.0,0.0,0.0,0.0,0.0,0.0,0.0,0.0,0.0,0.0,0.0,0.0,0.0,0.0,0.0,0.0,0.0,0.0,0.0,0.0,0.0,0.0,0.0,0.0,0.0,0.0,0.0,0.0,0.0,0.0,0.0,0.0,0.0,0.0,0.0,0.0,0.0,0.0,0.0,0.0,0.0,0.0,0.0,0.0,0.0,0.0,0.0,0.0,0.0,0.0,0.0,0.0,we
0.6971601247787476,0.9032336473464966,7.083132231855416e-07,0.7104023098945618,0.7700167298316956,0.0038480269722640514,0.6689699292182922,0.6699148416519165,0.002361999126151204,0.6023220419883728,0.6455017924308777,0.000953658192884177,0.5548040866851807,0.6482226848602295,-0.0007136635831557214,0.6239044666290283,0.6244043707847595,-0.019700273871421814,0.589123547077179,0.48711156845092773,-0.026806775480508804,0.5645394325256348,0.4136755168437958,-0.030601678416132927,0.5427559018135071,0.35697853565216064,-0.03186310455203056,0.5692227482795715,0.6688349843025208,-0.020859230309724808,0.5119307637214661,0.5708036422729492,-0.018872343003749847,0.47592872381210327,0.5164966583251953,-0.016821319237351418,0.4448706805706024,0.48157626390457153,-0.017140790820121765,0.5357821583747864,0.7183505296707153,-0.018576066941022873,0.5108686685562134,0.6389329433441162,-0.00963989831507206,0.5406158566474915,0.6336203813552856,-0.00043474260019138455,0.5643702745437622,0.654704213142395,0.005082001909613609,0.5203757882118225,0.762642502784729,-0.016447853296995163,0.515890896320343,0.6926186084747314,-0.00412680534645915,0.5386064648628235,0.6856902241706848,0.0099714957177639,0.5570999979972839,0.7003028988838196,0.02135048247873783,0.0,0.0,0.0,0.0,0.0,0.0,0.0,0.0,0.0,0.0,0.0,0.0,0.0,0.0,0.0,0.0,0.0,0.0,0.0,0.0,0.0,0.0,0.0,0.0,0.0,0.0,0.0,0.0,0.0,0.0,0.0,0.0,0.0,0.0,0.0,0.0,0.0,0.0,0.0,0.0,0.0,0.0,0.0,0.0,0.0,0.0,0.0,0.0,0.0,0.0,0.0,0.0,0.0,0.0,0.0,0.0,0.0,0.0,0.0,0.0,0.0,0.0,0.0,we
0.6897655725479126,0.9058555364608765,7.060170332806592e-07,0.7058688998222351,0.7745774984359741,0.000866635818965733,0.6690962314605713,0.6732324361801147,-0.0014497472438961267,0.6034172177314758,0.6500203013420105,-0.0037387670017778873,0.5564412474632263,0.6574334502220154,-0.0064443256705999374,0.6177000999450684,0.6314311027526855,-0.02028557099401951,0.5860190391540527,0.4991680681705475,-0.02962074615061283,0.5633212924003601,0.42725592851638794,-0.03522117808461189,0.5433305501937866,0.37117722630500793,-0.03772525489330292,0.5643451809883118,0.674742579460144,-0.022232843562960625,0.5094943046569824,0.5766187906265259,-0.02330334298312664,0.47427842020988464,0.5209572911262512,-0.023125799372792244,0.4440731704235077,0.48443272709846497,-0.024354081600904465,0.5330049991607666,0.7253225445747375,-0.021374722942709923,0.5104429125785828,0.648368775844574,-0.016709797084331512,0.5397331118583679,0.6413034200668335,-0.00854954868555069,0.5637955665588379,0.6595170497894287,-0.0029404358938336372,0.5194368362426758,0.7718466520309448,-0.020817721262574196,0.5121514201164246,0.7020106315612793,-0.0111070042476058,0.5341690182685852,0.6941936016082764,0.0033735602628439665,0.5527557730674744,0.7082616686820984,0.015201118774712086,0.0,0.0,0.0,0.0,0.0,0.0,0.0,0.0,0.0,0.0,0.0,0.0,0.0,0.0,0.0,0.0,0.0,0.0,0.0,0.0,0.0,0.0,0.0,0.0,0.0,0.0,0.0,0.0,0.0,0.0,0.0,0.0,0.0,0.0,0.0,0.0,0.0,0.0,0.0,0.0,0.0,0.0,0.0,0.0,0.0,0.0,0.0,0.0,0.0,0.0,0.0,0.0,0.0,0.0,0.0,0.0,0.0,0.0,0.0,0.0,0.0,0.0,0.0,we
0.6994671821594238,0.905430793762207,5.853895572727197e-07,0.7007293701171875,0.7777383327484131,0.008877637796103954,0.6515416502952576,0.6921830177307129,0.014734569936990738,0.6032947897911072,0.6607280373573303,0.019685877487063408,0.5673518180847168,0.6538606882095337,0.025281723588705063,0.5935322046279907,0.6445772647857666,0.000767084420658648,0.5469049215316772,0.5343790054321289,0.003203623928129673,0.5201669931411743,0.47369128465652466,0.004894658457487822,0.49883708357810974,0.42936524748802185,0.007639791816473007,0.5498117804527283,0.6916165351867676,-0.0006247966084629297,0.4919319748878479,0.6109294295310974,0.013871273025870323,0.46457812190055847,0.5680406093597412,0.019507870078086853,0.4462319016456604,0.5388254523277283,0.021508874371647835,0.5280557870864868,0.7478224635124207,0.0005575650138780475,0.5174791216850281,0.6956642270088196,0.018851550295948982,0.5468752384185791,0.6896648406982422,0.02547798492014408,0.5729944705963135,0.7041574120521545,0.027967991307377815,0.5224971175193787,0.8006317019462585,0.0015614706790074706,0.5268765687942505,0.7569317817687988,0.020672721788287163,0.54949951171875,0.7510524392127991,0.03353636711835861,0.5701330900192261,0.7623826861381531,0.04312282055616379,0.0,0.0,0.0,0.0,0.0,0.0,0.0,0.0,0.0,0.0,0.0,0.0,0.0,0.0,0.0,0.0,0.0,0.0,0.0,0.0,0.0,0.0,0.0,0.0,0.0,0.0,0.0,0.0,0.0,0.0,0.0,0.0,0.0,0.0,0.0,0.0,0.0,0.0,0.0,0.0,0.0,0.0,0.0,0.0,0.0,0.0,0.0,0.0,0.0,0.0,0.0,0.0,0.0,0.0,0.0,0.0,0.0,0.0,0.0,0.0,0.0,0.0,0.0,we
0.6993311047554016,0.9085462093353271,4.5231118406263704e-07,0.6968961954116821,0.7819443941116333,0.013713397085666656,0.6482841372489929,0.7008131146430969,0.027135197073221207,0.5957619547843933,0.6829954385757446,0.03987962380051613,0.5571775436401367,0.6889606714248657,0.05298250913619995,0.588711142539978,0.6476889848709106,0.017691010609269142,0.5342321395874023,0.5414007306098938,0.0354558490216732,0.5024793744087219,0.4885793924331665,0.04872085526585579,0.47664910554885864,0.4495290517807007,0.05834105983376503,0.5470424890518188,0.702147901058197,0.020850446075201035,0.4853248596191406,0.6512120366096497,0.052705537527799606,0.463863730430603,0.6326522827148438,0.06859899312257767,0.4547789692878723,0.6245970129966736,0.07710539549589157,0.5296601057052612,0.7603622674942017,0.02636387199163437,0.5182967782020569,0.7260580062866211,0.058590758591890335,0.5412567853927612,0.7238131165504456,0.06280247122049332,0.5601945519447327,0.7348648905754089,0.06157025322318077,0.5230368971824646,0.8117274045944214,0.0323876217007637,0.5326116681098938,0.7799004316329956,0.05901317670941353,0.5556299686431885,0.7806301712989807,0.06775398552417755,0.5760701298713684,0.7906783223152161,0.07357456535100937,0.0,0.0,0.0,0.0,0.0,0.0,0.0,0.0,0.0,0.0,0.0,0.0,0.0,0.0,0.0,0.0,0.0,0.0,0.0,0.0,0.0,0.0,0.0,0.0,0.0,0.0,0.0,0.0,0.0,0.0,0.0,0.0,0.0,0.0,0.0,0.0,0.0,0.0,0.0,0.0,0.0,0.0,0.0,0.0,0.0,0.0,0.0,0.0,0.0,0.0,0.0,0.0,0.0,0.0,0.0,0.0,0.0,0.0,0.0,0.0,0.0,0.0,0.0,we
0.7021842002868652,0.902454137802124,4.049889810175955e-07,0.7088238000869751,0.7736617922782898,0.004472489934414625,0.6635327339172363,0.6816354990005493,0.01030441652983427,0.6162348985671997,0.628750205039978,0.016592416912317276,0.585455060005188,0.6028867363929749,0.02316160500049591,0.5978394746780396,0.631416916847229,-0.0024347000289708376,0.5490290522575378,0.5253465175628662,-0.0004076488548889756,0.5204465389251709,0.4671546220779419,0.002235476626083255,0.49823278188705444,0.4275836944580078,0.004947965499013662,0.5533701777458191,0.6777676939964294,-0.0019254052313044667,0.4928646683692932,0.6068459153175354,0.007525517605245113,0.48468318581581116,0.5830013751983643,0.014067385345697403,0.48621219396591187,0.5723742246627808,0.01824062690138817,0.5303947329521179,0.732410192489624,0.0007412945851683617,0.5131535530090332,0.6784751415252686,0.012262625619769096,0.5383973717689514,0.6743098497390747,0.0188670065253973,0.5630781054496765,0.6892924308776855,0.022408898919820786,0.5217602849006653,0.7816657423973083,0.003394958795979619,0.523506224155426,0.73674476146698,0.01632663421332836,0.5457291007041931,0.734032154083252,0.02706274576485157,0.5647574067115784,0.7484620809555054,0.03597549721598625,0.0,0.0,0.0,0.0,0.0,0.0,0.0,0.0,0.0,0.0,0.0,0.0,0.0,0.0,0.0,0.0,0.0,0.0,0.0,0.0,0.0,0.0,0.0,0.0,0.0,0.0,0.0,0.0,0.0,0.0,0.0,0.0,0.0,0.0,0.0,0.0,0.0,0.0,0.0,0.0,0.0,0.0,0.0,0.0,0.0,0.0,0.0,0.0,0.0,0.0,0.0,0.0,0.0,0.0,0.0,0.0,0.0,0.0,0.0,0.0,0.0,0.0,0.0,we
0.701709508895874,0.9052925705909729,4.906409003524459e-07,0.7080492973327637,0.7717141509056091,0.004387614317238331,0.6623662114143372,0.6822544932365417,0.011571425013244152,0.6082593202590942,0.6501718759536743,0.01892106980085373,0.5677618980407715,0.6441012620925903,0.027378961443901062,0.6007258296012878,0.6351963877677917,0.0031685444992035627,0.5527559518814087,0.526753306388855,0.007232889533042908,0.5237960815429688,0.4676652252674103,0.011985248886048794,0.5015544295310974,0.4270726144313812,0.016381656751036644,0.5538495779037476,0.6834946870803833,0.002740316092967987,0.48294544219970703,0.6112269163131714,0.011331831105053425,0.4611756205558777,0.5802810788154602,0.016521291807293892,0.4525758624076843,0.5606939196586609,0.020986203104257584,0.5300395488739014,0.7392204403877258,0.004053117241710424,0.5135810971260071,0.6833767890930176,0.013101285323500633,0.5423375368118286,0.678454577922821,0.017643744125962257,0.5676635503768921,0.6915358304977417,0.021828776225447655,0.521554172039032,0.7878621816635132,0.005510111339390278,0.5222377777099609,0.7417729496955872,0.017980456352233887,0.543851912021637,0.7361574769020081,0.028585530817508698,0.56260085105896,0.7468261122703552,0.03826816380023956,0.0,0.0,0.0,0.0,0.0,0.0,0.0,0.0,0.0,0.0,0.0,0.0,0.0,0.0,0.0,0.0,0.0,0.0,0.0,0.0,0.0,0.0,0.0,0.0,0.0,0.0,0.0,0.0,0.0,0.0,0.0,0.0,0.0,0.0,0.0,0.0,0.0,0.0,0.0,0.0,0.0,0.0,0.0,0.0,0.0,0.0,0.0,0.0,0.0,0.0,0.0,0.0,0.0,0.0,0.0,0.0,0.0,0.0,0.0,0.0,0.0,0.0,0.0,we
0.7050853967666626,0.8980966806411743,6.930699782969896e-07,0.7208533883094788,0.765274703502655,-0.0011630096705630422,0.6800409555435181,0.6660065054893494,-0.0034123139921575785,0.6138017773628235,0.6380462050437927,-0.005358660127967596,0.5659974217414856,0.6475357413291931,-0.007151448633521795,0.6300907731056213,0.6226234436035156,-0.015316229313611984,0.591590940952301,0.4969884753227234,-0.022969232872128487,0.5685749650001526,0.42721062898635864,-0.026949508115649223,0.5483368039131165,0.3734681308269501,-0.028077103197574615,0.5795145630836487,0.6657571196556091,-0.01808306574821472,0.5209679007530212,0.5729878544807434,-0.02146705985069275,0.4832489788532257,0.522565484046936,-0.022085199132561684,0.4526561498641968,0.48988717794418335,-0.02272743731737137,0.5475751161575317,0.7179274559020996,-0.018780572339892387,0.5198488235473633,0.6433841586112976,-0.0186453927308321,0.5454336404800415,0.6438028216362,-0.010349507443606853,0.5688372254371643,0.6657767295837402,-0.003223220817744732,0.530769407749176,0.7656849026679993,-0.019826015457510948,0.5155499577522278,0.6962393522262573,-0.012849424034357071,0.5373417139053345,0.6960585117340088,0.0029383169021457434,0.5551238656044006,0.7155064344406128,0.01625879481434822,0.0,0.0,0.0,0.0,0.0,0.0,0.0,0.0,0.0,0.0,0.0,0.0,0.0,0.0,0.0,0.0,0.0,0.0,0.0,0.0,0.0,0.0,0.0,0.0,0.0,0.0,0.0,0.0,0.0,0.0,0.0,0.0,0.0,0.0,0.0,0.0,0.0,0.0,0.0,0.0,0.0,0.0,0.0,0.0,0.0,0.0,0.0,0.0,0.0,0.0,0.0,0.0,0.0,0.0,0.0,0.0,0.0,0.0,0.0,0.0,0.0,0.0,0.0,we
0.7010864019393921,0.8939521312713623,7.237601380438718e-07,0.7148716449737549,0.7600244879722595,-0.0007164570270106196,0.6741691827774048,0.6594117879867554,-0.004960691090673208,0.6074857115745544,0.6322920918464661,-0.00833289884030819,0.5593791604042053,0.6333888173103333,-0.011833411641418934,0.6310831308364868,0.6256473064422607,-0.027958551421761513,0.5971173644065857,0.4904854893684387,-0.04068727046251297,0.5720056891441345,0.4173845648765564,-0.04755057767033577,0.5500550270080566,0.3610832095146179,-0.050316222012043,0.5782223343849182,0.6716673970222473,-0.028359699994325638,0.5176736116409302,0.5742545127868652,-0.03348727896809578,0.48075154423713684,0.5184134840965271,-0.03313438966870308,0.4499542713165283,0.48164141178131104,-0.03348058462142944,0.5449496507644653,0.7205164432525635,-0.025597628206014633,0.5165619850158691,0.6417930126190186,-0.02348780632019043,0.5461049675941467,0.6369770765304565,-0.012683586217463017,0.5705559849739075,0.6577117443084717,-0.004368060268461704,0.5283176302909851,0.7643376588821411,-0.023273872211575508,0.5184335112571716,0.6918705105781555,-0.015758410096168518,0.541072428226471,0.6869329810142517,-0.0004106324340682477,0.5603318810462952,0.7020683884620667,0.012847190722823143,0.0,0.0,0.0,0.0,0.0,0.0,0.0,0.0,0.0,0.0,0.0,0.0,0.0,0.0,0.0,0.0,0.0,0.0,0.0,0.0,0.0,0.0,0.0,0.0,0.0,0.0,0.0,0.0,0.0,0.0,0.0,0.0,0.0,0.0,0.0,0.0,0.0,0.0,0.0,0.0,0.0,0.0,0.0,0.0,0.0,0.0,0.0,0.0,0.0,0.0,0.0,0.0,0.0,0.0,0.0,0.0,0.0,0.0,0.0,0.0,0.0,0.0,0.0,we
0.6969547271728516,0.8963824510574341,6.723533942931681e-07,0.7109633088111877,0.7626495361328125,0.0007803195039741695,0.6691468954086304,0.665783166885376,-0.0008745958330109715,0.6064301133155823,0.6400660276412964,-0.002422610530629754,0.5604429244995117,0.6472780704498291,-0.0034182255621999502,0.6238705515861511,0.6248697638511658,-0.016008201986551285,0.5848618149757385,0.49646425247192383,-0.020545756444334984,0.5596199035644531,0.42831897735595703,-0.02100984752178192,0.5389085412025452,0.3770432770252228,-0.01991298794746399,0.5723855495452881,0.6704197525978088,-0.018040213733911514,0.5111813545227051,0.5827645659446716,-0.01881120353937149,0.47437065839767456,0.5350269079208374,-0.01788623258471489,0.44736841320991516,0.5041411519050598,-0.01742883212864399,0.5406832695007324,0.7206302881240845,-0.01735777035355568,0.5194005966186523,0.6477034687995911,-0.013517605140805244,0.5461468696594238,0.642562210559845,-0.006108133587986231,0.5697843432426453,0.6627142429351807,-0.00024004405713640153,0.5247908234596252,0.7645595073699951,-0.016947483643889427,0.5194398760795593,0.7000601291656494,-0.007726950105279684,0.5407191514968872,0.6942181587219238,0.005845836363732815,0.5580878853797913,0.7091127634048462,0.01750766858458519,0.0,0.0,0.0,0.0,0.0,0.0,0.0,0.0,0.0,0.0,0.0,0.0,0.0,0.0,0.0,0.0,0.0,0.0,0.0,0.0,0.0,0.0,0.0,0.0,0.0,0.0,0.0,0.0,0.0,0.0,0.0,0.0,0.0,0.0,0.0,0.0,0.0,0.0,0.0,0.0,0.0,0.0,0.0,0.0,0.0,0.0,0.0,0.0,0.0,0.0,0.0,0.0,0.0,0.0,0.0,0.0,0.0,0.0,0.0,0.0,0.0,0.0,0.0,we
0.6971805691719055,0.8976618647575378,6.761702024959959e-07,0.7128323912620544,0.7698377966880798,-0.0035989158786833286,0.6735389232635498,0.6693847179412842,-0.007403743453323841,0.6077637076377869,0.644240140914917,-0.010636693798005581,0.5601258277893066,0.6538645625114441,-0.013518747873604298,0.6226779222488403,0.6237208247184753,-0.020970365032553673,0.581793487071991,0.4941900372505188,-0.030096523463726044,0.5534788370132446,0.4231937527656555,-0.03427085652947426,0.5283117294311523,0.37030109763145447,-0.035603903234004974,0.5706334114074707,0.6698099374771118,-0.021925456821918488,0.5146593451499939,0.5816308259963989,-0.02616647258400917,0.479045569896698,0.5314160585403442,-0.027370909228920937,0.4496651887893677,0.497237890958786,-0.02812720090150833,0.5387881994247437,0.7201550602912903,-0.02056678757071495,0.522146463394165,0.6493600606918335,-0.01953873224556446,0.5488337278366089,0.6474604606628418,-0.011619227938354015,0.5707427859306335,0.6681191325187683,-0.00458825659006834,0.5222048163414001,0.7663376927375793,-0.02000969648361206,0.5201379060745239,0.7016363739967346,-0.01177836675196886,0.5414779782295227,0.6970950365066528,0.002584669040516019,0.557949423789978,0.7124773859977722,0.015180998481810093,0.0,0.0,0.0,0.0,0.0,0.0,0.0,0.0,0.0,0.0,0.0,0.0,0.0,0.0,0.0,0.0,0.0,0.0,0.0,0.0,0.0,0.0,0.0,0.0,0.0,0.0,0.0,0.0,0.0,0.0,0.0,0.0,0.0,0.0,0.0,0.0,0.0,0.0,0.0,0.0,0.0,0.0,0.0,0.0,0.0,0.0,0.0,0.0,0.0,0.0,0.0,0.0,0.0,0.0,0.0,0.0,0.0,0.0,0.0,0.0,0.0,0.0,0.0,we
0.7036080956459045,0.8898284435272217,4.166323890331114e-07,0.7034028172492981,0.7627145051956177,0.014135622419416904,0.6517013311386108,0.6771299242973328,0.022857200354337692,0.6030831336975098,0.6413888335227966,0.02979041077196598,0.56800776720047,0.628480851650238,0.03738982230424881,0.6004258394241333,0.6274703741073608,0.0051192184910178185,0.5481781363487244,0.5209960341453552,0.010821785777807236,0.5174540281295776,0.46534430980682373,0.016150295734405518,0.4935145378112793,0.42375287413597107,0.02073071338236332,0.5563989877700806,0.6786523461341858,0.0027693079318851233,0.48798149824142456,0.6181062459945679,0.01828136295080185,0.46136391162872314,0.5950801968574524,0.026722796261310577,0.447937935590744,0.5841799378395081,0.030977606773376465,0.5338138937950134,0.7355846762657166,0.0035166023299098015,0.5142425894737244,0.6969420313835144,0.02453586645424366,0.5404545664787292,0.690496563911438,0.03315034508705139,0.5639055371284485,0.7034750580787659,0.03613762930035591,0.5241371393203735,0.7882570028305054,0.004354575183242559,0.5255349278450012,0.7515356540679932,0.02567916363477707,0.5467556715011597,0.7484967708587646,0.038619671016931534,0.565656840801239,0.7590746879577637,0.04791349172592163,0.0,0.0,0.0,0.0,0.0,0.0,0.0,0.0,0.0,0.0,0.0,0.0,0.0,0.0,0.0,0.0,0.0,0.0,0.0,0.0,0.0,0.0,0.0,0.0,0.0,0.0,0.0,0.0,0.0,0.0,0.0,0.0,0.0,0.0,0.0,0.0,0.0,0.0,0.0,0.0,0.0,0.0,0.0,0.0,0.0,0.0,0.0,0.0,0.0,0.0,0.0,0.0,0.0,0.0,0.0,0.0,0.0,0.0,0.0,0.0,0.0,0.0,0.0,we
0.705342710018158,0.8865163326263428,4.4207257587913773e-07,0.7129789590835571,0.7571138143539429,0.0021670209243893623,0.6661727428436279,0.667133629322052,0.004613726399838924,0.6025519967079163,0.6405321955680847,0.007853591814637184,0.5567439794540405,0.6511543393135071,0.01122188102453947,0.6090440154075623,0.6178470253944397,-0.003553838701918721,0.5573787689208984,0.514061689376831,-0.002208197256550193,0.5287696123123169,0.4545011520385742,-0.0006171994609758258,0.5046098232269287,0.4106059670448303,0.001052948646247387,0.5617932081222534,0.6643041372299194,-0.003767233109101653,0.4979405701160431,0.5979602932929993,0.005295563023537397,0.4788626730442047,0.5775540471076965,0.010297105647623539,0.46875542402267456,0.5681639909744263,0.013009598478674889,0.5361625552177429,0.7190055251121521,-0.001983452355489135,0.5161336660385132,0.6698533892631531,0.008778693154454231,0.5425983667373657,0.6709554195404053,0.015983032062649727,0.5677897930145264,0.690064013004303,0.020215358585119247,0.5241392254829407,0.7678364515304565,-0.0004666598979383707,0.5196036696434021,0.7229072451591492,0.012917041778564453,0.5421660542488098,0.7228484153747559,0.025391435250639915,0.5613369345664978,0.7397208213806152,0.03543427586555481,0.0,0.0,0.0,0.0,0.0,0.0,0.0,0.0,0.0,0.0,0.0,0.0,0.0,0.0,0.0,0.0,0.0,0.0,0.0,0.0,0.0,0.0,0.0,0.0,0.0,0.0,0.0,0.0,0.0,0.0,0.0,0.0,0.0,0.0,0.0,0.0,0.0,0.0,0.0,0.0,0.0,0.0,0.0,0.0,0.0,0.0,0.0,0.0,0.0,0.0,0.0,0.0,0.0,0.0,0.0,0.0,0.0,0.0,0.0,0.0,0.0,0.0,0.0,we
0.7075684070587158,0.8792324066162109,6.134555405878928e-07,0.718555212020874,0.7471815943717957,0.002767016878351569,0.6752052903175354,0.6492042541503906,-0.00016542170487809926,0.6102297306060791,0.6196138262748718,-0.0038300075102597475,0.5614636540412903,0.627110481262207,-0.007929081097245216,0.6383504271507263,0.6053981781005859,-0.017750073224306107,0.5969536900520325,0.48256635665893555,-0.027789317071437836,0.5721002817153931,0.4150298833847046,-0.0323033444583416,0.5509573221206665,0.3644371032714844,-0.03369650989770889,0.5911561846733093,0.6512113809585571,-0.023106977343559265,0.5244803428649902,0.5659249424934387,-0.029423600062727928,0.4879322052001953,0.520969569683075,-0.029386555776000023,0.4602145254611969,0.49102410674095154,-0.029775291681289673,0.5575595498085022,0.7044802904129028,-0.025922872126102448,0.5183526277542114,0.6264888048171997,-0.028269298374652863,0.542871356010437,0.6268502473831177,-0.017691247165203094,0.5671192407608032,0.6486396789550781,-0.009074540808796883,0.5378589630126953,0.751975953578949,-0.028697330504655838,0.5168135166168213,0.6798955798149109,-0.024282630532979965,0.5386618375778198,0.6812798380851746,-0.008183741010725498,0.5573940873146057,0.7016574144363403,0.0053930701687932014,0.0,0.0,0.0,0.0,0.0,0.0,0.0,0.0,0.0,0.0,0.0,0.0,0.0,0.0,0.0,0.0,0.0,0.0,0.0,0.0,0.0,0.0,0.0,0.0,0.0,0.0,0.0,0.0,0.0,0.0,0.0,0.0,0.0,0.0,0.0,0.0,0.0,0.0,0.0,0.0,0.0,0.0,0.0,0.0,0.0,0.0,0.0,0.0,0.0,0.0,0.0,0.0,0.0,0.0,0.0,0.0,0.0,0.0,0.0,0.0,0.0,0.0,0.0,we
0.7013978958129883,0.8898815512657166,6.939059176147566e-07,0.7197799682617188,0.7583074569702148,-0.003024461679160595,0.6815741062164307,0.6564568281173706,-0.008486350998282433,0.6147141456604004,0.6238324642181396,-0.012468243949115276,0.5639281868934631,0.6245477199554443,-0.016438815742731094,0.642521321773529,0.6154845952987671,-0.02855992689728737,0.6088001132011414,0.4783758521080017,-0.039344433695077896,0.5849436521530151,0.40340137481689453,-0.04460025578737259,0.564012885093689,0.3463757634162903,-0.04660873860120773,0.5873019099235535,0.6579632759094238,-0.028461487963795662,0.5282981991767883,0.5581772923469543,-0.03114761784672737,0.49275144934654236,0.5051113367080688,-0.0301518477499485,0.4639883041381836,0.47217661142349243,-0.030624324455857277,0.5521669387817383,0.7065317034721375,-0.02539142593741417,0.5207985639572144,0.6249470710754395,-0.02194521762430668,0.549598217010498,0.6214696168899536,-0.011623481288552284,0.5749675035476685,0.6441134810447693,-0.004457604605704546,0.5343741774559021,0.7503684759140015,-0.022841855883598328,0.5227144956588745,0.67689448595047,-0.014930210076272488,0.5456626415252686,0.6731030344963074,5.804634201922454e-05,0.5652850866317749,0.6920632123947144,0.012598625384271145,0.0,0.0,0.0,0.0,0.0,0.0,0.0,0.0,0.0,0.0,0.0,0.0,0.0,0.0,0.0,0.0,0.0,0.0,0.0,0.0,0.0,0.0,0.0,0.0,0.0,0.0,0.0,0.0,0.0,0.0,0.0,0.0,0.0,0.0,0.0,0.0,0.0,0.0,0.0,0.0,0.0,0.0,0.0,0.0,0.0,0.0,0.0,0.0,0.0,0.0,0.0,0.0,0.0,0.0,0.0,0.0,0.0,0.0,0.0,0.0,0.0,0.0,0.0,we
0.7009639143943787,0.8900550603866577,6.83771759213414e-07,0.7205867767333984,0.7563483715057373,-0.0014294895809143782,0.682661771774292,0.6547678112983704,-0.0064909434877336025,0.6169763803482056,0.6253467202186584,-0.01044604554772377,0.567046582698822,0.6245421171188354,-0.014533018693327904,0.6424621343612671,0.6149477958679199,-0.028905024752020836,0.6086217164993286,0.47952041029930115,-0.03878774121403694,0.5849931240081787,0.40602585673332214,-0.04355712980031967,0.5640908479690552,0.34961771965026855,-0.04571117088198662,0.5872206091880798,0.6583696603775024,-0.029476413503289223,0.5294873714447021,0.560401201248169,-0.032120056450366974,0.49404770135879517,0.5058541893959045,-0.030977867543697357,0.4645457863807678,0.4715498387813568,-0.03187606856226921,0.5520824790000916,0.7079564929008484,-0.026765815913677216,0.5191728472709656,0.6221817135810852,-0.022890206426382065,0.549793004989624,0.6165499091148376,-0.012399964965879917,0.5759939551353455,0.6381227970123291,-0.005755777936428785,0.5352048873901367,0.7526482939720154,-0.02445133775472641,0.5230594873428345,0.6753222346305847,-0.01734757237136364,0.5468403697013855,0.6703978180885315,-0.0029970325995236635,0.5675778985023499,0.6883931756019592,0.008876345120370388,0.0,0.0,0.0,0.0,0.0,0.0,0.0,0.0,0.0,0.0,0.0,0.0,0.0,0.0,0.0,0.0,0.0,0.0,0.0,0.0,0.0,0.0,0.0,0.0,0.0,0.0,0.0,0.0,0.0,0.0,0.0,0.0,0.0,0.0,0.0,0.0,0.0,0.0,0.0,0.0,0.0,0.0,0.0,0.0,0.0,0.0,0.0,0.0,0.0,0.0,0.0,0.0,0.0,0.0,0.0,0.0,0.0,0.0,0.0,0.0,0.0,0.0,0.0,we
0.6941454410552979,0.910118579864502,6.872610356367659e-07,0.7158945202827454,0.7787787318229675,-0.0022451747208833694,0.6827155947685242,0.6736798286437988,-0.006239124573767185,0.6191501021385193,0.6453060507774353,-0.009797156788408756,0.571026623249054,0.6510561108589172,-0.013520397245883942,0.6396409869194031,0.6327186226844788,-0.022354330867528915,0.6106085181236267,0.49630045890808105,-0.03237081319093704,0.5891258716583252,0.4212814271450043,-0.038002464920282364,0.5698536038398743,0.3631775975227356,-0.0409688726067543,0.5840853452682495,0.671138346195221,-0.024165747687220573,0.5317073464393616,0.569570779800415,-0.02871875651180744,0.49639880657196045,0.5112977623939514,-0.03006279096007347,0.4660220742225647,0.4726107716560364,-0.03229892626404762,0.5480331182479858,0.7186604142189026,-0.023622404783964157,0.5197758674621582,0.6296906471252441,-0.023525379598140717,0.5513933897018433,0.6251232624053955,-0.015725817531347275,0.577335774898529,0.6462493538856506,-0.00972645916044712,0.5296252965927124,0.7623276710510254,-0.023476582020521164,0.5159304141998291,0.6841170787811279,-0.018781287595629692,0.5391579866409302,0.6770747900009155,-0.005625653080642223,0.5587186217308044,0.6932908892631531,0.005742571782320738,0.0,0.0,0.0,0.0,0.0,0.0,0.0,0.0,0.0,0.0,0.0,0.0,0.0,0.0,0.0,0.0,0.0,0.0,0.0,0.0,0.0,0.0,0.0,0.0,0.0,0.0,0.0,0.0,0.0,0.0,0.0,0.0,0.0,0.0,0.0,0.0,0.0,0.0,0.0,0.0,0.0,0.0,0.0,0.0,0.0,0.0,0.0,0.0,0.0,0.0,0.0,0.0,0.0,0.0,0.0,0.0,0.0,0.0,0.0,0.0,0.0,0.0,0.0,we
0.685886025428772,0.9124783277511597,5.919830528000602e-07,0.6994457244873047,0.7848072052001953,0.0033838790841400623,0.659853458404541,0.6865819692611694,0.004918618593364954,0.6111520528793335,0.6414421200752258,0.005822543054819107,0.5745419859886169,0.6242884397506714,0.00799622479826212,0.6087645888328552,0.6330702304840088,-0.007231298368424177,0.5726040601730347,0.5105459690093994,-0.010399043560028076,0.5469574928283691,0.4457204043865204,-0.011145093478262424,0.524555504322052,0.39848220348358154,-0.010447935201227665,0.5588798522949219,0.6761643290519714,-0.010181890800595284,0.5009967088699341,0.5918254852294922,-0.008427553810179234,0.471317857503891,0.5506250858306885,-0.007785568945109844,0.44947388768196106,0.5232770442962646,-0.0070082880556583405,0.530389666557312,0.729633092880249,-0.010790838859975338,0.5199556350708008,0.6701158881187439,-0.004569631535559893,0.5500106811523438,0.6721323132514954,0.002871515229344368,0.5727948546409607,0.6937249898910522,0.008812863379716873,0.517067015171051,0.7810692191123962,-0.011847236193716526,0.522287130355835,0.7287989258766174,-0.00035892045707441866,0.5449153780937195,0.7288293838500977,0.013374356552958488,0.5617190599441528,0.7456187605857849,0.025282088667154312,0.0,0.0,0.0,0.0,0.0,0.0,0.0,0.0,0.0,0.0,0.0,0.0,0.0,0.0,0.0,0.0,0.0,0.0,0.0,0.0,0.0,0.0,0.0,0.0,0.0,0.0,0.0,0.0,0.0,0.0,0.0,0.0,0.0,0.0,0.0,0.0,0.0,0.0,0.0,0.0,0.0,0.0,0.0,0.0,0.0,0.0,0.0,0.0,0.0,0.0,0.0,0.0,0.0,0.0,0.0,0.0,0.0,0.0,0.0,0.0,0.0,0.0,0.0,we
0.6946601271629333,0.9168696999549866,4.272935996141314e-07,0.6993237137794495,0.7913588881492615,0.011841755360364914,0.6534674763679504,0.6996412873268127,0.02339998073875904,0.6050585508346558,0.6621628403663635,0.03446401655673981,0.5667957663536072,0.6478030681610107,0.04633567854762077,0.5981098413467407,0.6441931128501892,0.009342595934867859,0.550422728061676,0.5304569005966187,0.023069893941283226,0.5198618173599243,0.4741147756576538,0.033682748675346375,0.4933358430862427,0.4335246682167053,0.041349977254867554,0.5513414740562439,0.6917861700057983,0.011000360362231731,0.49509260058403015,0.6296731233596802,0.035811107605695724,0.4672963619232178,0.6060031056404114,0.0476924367249012,0.44983935356140137,0.5963589549064636,0.05352059006690979,0.5280133485794067,0.7481490969657898,0.015550302341580391,0.514209508895874,0.7112814784049988,0.0427510067820549,0.5392878651618958,0.7117821574211121,0.0490586943924427,0.559800922870636,0.7267914414405823,0.04970235005021095,0.5166308283805847,0.7995598912239075,0.02030062861740589,0.522322416305542,0.7643259167671204,0.044522617012262344,0.5439593195915222,0.7669220566749573,0.055691272020339966,0.5629048347473145,0.7802298069000244,0.06346680968999863,0.0,0.0,0.0,0.0,0.0,0.0,0.0,0.0,0.0,0.0,0.0,0.0,0.0,0.0,0.0,0.0,0.0,0.0,0.0,0.0,0.0,0.0,0.0,0.0,0.0,0.0,0.0,0.0,0.0,0.0,0.0,0.0,0.0,0.0,0.0,0.0,0.0,0.0,0.0,0.0,0.0,0.0,0.0,0.0,0.0,0.0,0.0,0.0,0.0,0.0,0.0,0.0,0.0,0.0,0.0,0.0,0.0,0.0,0.0,0.0,0.0,0.0,0.0,we
0.6995479464530945,0.9208812117576599,5.194682444198406e-07,0.7134554386138916,0.7887101769447327,0.0018609513062983751,0.6724998354911804,0.6900205016136169,0.004105444066226482,0.6168891191482544,0.6480799317359924,0.00669114151969552,0.5747907757759094,0.6426855325698853,0.00948334764689207,0.6144792437553406,0.6354448199272156,-0.005921282805502415,0.5690193772315979,0.5191015601158142,-0.008595485240221024,0.5402819514274597,0.4524405002593994,-0.009804634377360344,0.5144091844558716,0.40528634190559387,-0.00939088873565197,0.5661071538925171,0.6771494150161743,-0.007534998934715986,0.5045478343963623,0.589380145072937,-0.0036864029243588448,0.47965729236602783,0.5534732937812805,-0.0014649492222815752,0.4624108672142029,0.5343626141548157,0.0004477390320971608,0.5384021401405334,0.7292545437812805,-0.007099967449903488,0.522444486618042,0.665601372718811,-0.0006987164379097521,0.548608124256134,0.6662710309028625,0.006009963806718588,0.5723929405212402,0.6883118152618408,0.011523195542395115,0.5249412059783936,0.7780805230140686,-0.007070580031722784,0.5272566080093384,0.7246777415275574,0.0038957444485276937,0.5507218837738037,0.7249605059623718,0.016688067466020584,0.5688501000404358,0.7440216541290283,0.02784985490143299,0.0,0.0,0.0,0.0,0.0,0.0,0.0,0.0,0.0,0.0,0.0,0.0,0.0,0.0,0.0,0.0,0.0,0.0,0.0,0.0,0.0,0.0,0.0,0.0,0.0,0.0,0.0,0.0,0.0,0.0,0.0,0.0,0.0,0.0,0.0,0.0,0.0,0.0,0.0,0.0,0.0,0.0,0.0,0.0,0.0,0.0,0.0,0.0,0.0,0.0,0.0,0.0,0.0,0.0,0.0,0.0,0.0,0.0,0.0,0.0,0.0,0.0,0.0,we
0.6997143030166626,0.9215855002403259,5.565704555010598e-07,0.7105679512023926,0.7857071161270142,0.007419111207127571,0.6687712073326111,0.689083993434906,0.013682553544640541,0.6148169040679932,0.654694676399231,0.01925348863005638,0.5752135515213013,0.649788498878479,0.025426896288990974,0.6143972277641296,0.6373106837272644,0.004767433274537325,0.5724342465400696,0.521126925945282,0.007607526145875454,0.5473960041999817,0.45593783259391785,0.010241614654660225,0.5263402462005615,0.40958845615386963,0.012951294891536236,0.564536452293396,0.678910493850708,0.001446494017727673,0.5013073086738586,0.587502121925354,0.008122419007122517,0.47704851627349854,0.542744517326355,0.011073721572756767,0.4630127251148224,0.5140283107757568,0.013480108231306076,0.5355992317199707,0.7306501865386963,0.0001824980427045375,0.5177593231201172,0.6586809158325195,0.007633480243384838,0.5453928709030151,0.6524452567100525,0.011988725513219833,0.5693814754486084,0.6666773557662964,0.01594444550573826,0.5234849452972412,0.7764628529548645,-0.0006265680422075093,0.5211658477783203,0.7183616757392883,0.010480291210114956,0.5422160029411316,0.7097198367118835,0.021574849262833595,0.5594249963760376,0.7188758850097656,0.03144869953393936,0.0,0.0,0.0,0.0,0.0,0.0,0.0,0.0,0.0,0.0,0.0,0.0,0.0,0.0,0.0,0.0,0.0,0.0,0.0,0.0,0.0,0.0,0.0,0.0,0.0,0.0,0.0,0.0,0.0,0.0,0.0,0.0,0.0,0.0,0.0,0.0,0.0,0.0,0.0,0.0,0.0,0.0,0.0,0.0,0.0,0.0,0.0,0.0,0.0,0.0,0.0,0.0,0.0,0.0,0.0,0.0,0.0,0.0,0.0,0.0,0.0,0.0,0.0,we
0.7018063068389893,0.9244207739830017,7.457182391590322e-07,0.725344181060791,0.7927248477935791,-0.005290675442665815,0.6944544911384583,0.6822476387023926,-0.011616191826760769,0.6254592537879944,0.6543267965316772,-0.016109691932797432,0.5765459537506104,0.6645697355270386,-0.020551683381199837,0.6460973024368286,0.6436578035354614,-0.03016657382249832,0.6153828501701355,0.5042455196380615,-0.04378809034824371,0.597247838973999,0.4286896586418152,-0.050359901040792465,0.5810868144035339,0.3692290782928467,-0.052309274673461914,0.5897118449211121,0.6820278167724609,-0.030864080414175987,0.5381594896316528,0.5665430426597595,-0.03660385310649872,0.5038400292396545,0.501811146736145,-0.03677668422460556,0.47357872128486633,0.46011093258857727,-0.037097275257110596,0.5534970760345459,0.7277880311012268,-0.0290497038513422,0.533974289894104,0.6391621232032776,-0.029578136280179024,0.5647837519645691,0.6402568817138672,-0.020831700414419174,0.5881029367446899,0.6663804650306702,-0.013208133168518543,0.5350543856620789,0.7689932584762573,-0.02785511128604412,0.5309451818466187,0.6934120059013367,-0.02176625467836857,0.5559384822845459,0.6950015425682068,-0.0065346271730959415,0.5732836127281189,0.718634307384491,0.006659099832177162,0.0,0.0,0.0,0.0,0.0,0.0,0.0,0.0,0.0,0.0,0.0,0.0,0.0,0.0,0.0,0.0,0.0,0.0,0.0,0.0,0.0,0.0,0.0,0.0,0.0,0.0,0.0,0.0,0.0,0.0,0.0,0.0,0.0,0.0,0.0,0.0,0.0,0.0,0.0,0.0,0.0,0.0,0.0,0.0,0.0,0.0,0.0,0.0,0.0,0.0,0.0,0.0,0.0,0.0,0.0,0.0,0.0,0.0,0.0,0.0,0.0,0.0,0.0,we
0.6952013373374939,0.9238097071647644,7.782417696944322e-07,0.7215294241905212,0.7924398183822632,-0.007548781111836433,0.6923009753227234,0.682310938835144,-0.014774905517697334,0.6272409558296204,0.6420074701309204,-0.019188852980732918,0.5787768363952637,0.6376329064369202,-0.02282889001071453,0.6495419144630432,0.6488130688667297,-0.0405924953520298,0.6243901252746582,0.5002384185791016,-0.0569482147693634,0.6053274869918823,0.4200717806816101,-0.06342917680740356,0.5887693762779236,0.3593943119049072,-0.06489679962396622,0.5898350477218628,0.6878213286399841,-0.03903374820947647,0.5395036935806274,0.5661789178848267,-0.04891953617334366,0.5022140741348267,0.49886757135391235,-0.04911127686500549,0.46900680661201477,0.45720726251602173,-0.04847533628344536,0.5525319576263428,0.7314175963401794,-0.034412361681461334,0.5325438380241394,0.6346075534820557,-0.03601325675845146,0.5638947486877441,0.6318894624710083,-0.024709384888410568,0.5872650742530823,0.6580744981765747,-0.014577462337911129,0.5339544415473938,0.7716556787490845,-0.03063790127635002,0.5296988487243652,0.6841095685958862,-0.024362262338399887,0.5523403882980347,0.6802405714988708,-0.008167467080056667,0.5687777996063232,0.7009226083755493,0.006171055603772402,0.0,0.0,0.0,0.0,0.0,0.0,0.0,0.0,0.0,0.0,0.0,0.0,0.0,0.0,0.0,0.0,0.0,0.0,0.0,0.0,0.0,0.0,0.0,0.0,0.0,0.0,0.0,0.0,0.0,0.0,0.0,0.0,0.0,0.0,0.0,0.0,0.0,0.0,0.0,0.0,0.0,0.0,0.0,0.0,0.0,0.0,0.0,0.0,0.0,0.0,0.0,0.0,0.0,0.0,0.0,0.0,0.0,0.0,0.0,0.0,0.0,0.0,0.0,we
0.6895892024040222,0.9252727031707764,7.445957521667879e-07,0.7085625529289246,0.7956234812736511,-0.004763675853610039,0.6692212820053101,0.6896329522132874,-0.010344475507736206,0.6040449738502502,0.6630363464355469,-0.01553218811750412,0.5535058379173279,0.6695327758789062,-0.020481573417782784,0.6290105581283569,0.6500142812728882,-0.024973543360829353,0.6023894548416138,0.5160669088363647,-0.03880677744746208,0.58128821849823,0.4410873055458069,-0.04662851244211197,0.5623217821121216,0.3829701244831085,-0.050583139061927795,0.5756534337997437,0.6908718943595886,-0.0282065961509943,0.5218552350997925,0.5902801752090454,-0.038634564727544785,0.48823902010917664,0.5286301970481873,-0.04185594990849495,0.4592476487159729,0.4838177561759949,-0.044616203755140305,0.5400904417037964,0.7396632432937622,-0.02960137650370598,0.5136303901672363,0.6439955234527588,-0.03560858219861984,0.5444456338882446,0.6445906758308411,-0.025866374373435974,0.5675472617149353,0.6700019240379333,-0.0169361662119627,0.5216215252876282,0.7845619916915894,-0.03175550326704979,0.5098698735237122,0.6976683139801025,-0.030829347670078278,0.5338125824928284,0.6925621628761292,-0.016139918938279152,0.550976037979126,0.7103063464164734,-0.0029580136761069298,0.0,0.0,0.0,0.0,0.0,0.0,0.0,0.0,0.0,0.0,0.0,0.0,0.0,0.0,0.0,0.0,0.0,0.0,0.0,0.0,0.0,0.0,0.0,0.0,0.0,0.0,0.0,0.0,0.0,0.0,0.0,0.0,0.0,0.0,0.0,0.0,0.0,0.0,0.0,0.0,0.0,0.0,0.0,0.0,0.0,0.0,0.0,0.0,0.0,0.0,0.0,0.0,0.0,0.0,0.0,0.0,0.0,0.0,0.0,0.0,0.0,0.0,0.0,we
0.6824296116828918,0.9225430488586426,7.415901563945226e-07,0.7032113671302795,0.795071542263031,-0.004676501732319593,0.6724376678466797,0.6879371404647827,-0.008932669647037983,0.609580934047699,0.6538357734680176,-0.012958859093487263,0.5631006360054016,0.652296245098114,-0.016540756449103355,0.622960090637207,0.6411365866661072,-0.018161803483963013,0.599850058555603,0.5116207003593445,-0.029383298009634018,0.5810902118682861,0.4383603036403656,-0.03713933005928993,0.5636880993843079,0.3824537992477417,-0.041376255452632904,0.5689913034439087,0.6821015477180481,-0.020178260281682014,0.5199528336524963,0.5827336311340332,-0.026142116636037827,0.4869498014450073,0.5232102870941162,-0.02918344736099243,0.45772114396095276,0.4816839098930359,-0.031730975955724716,0.5355554223060608,0.7317303419113159,-0.020722942426800728,0.5168641209602356,0.6449193954467773,-0.022722402587532997,0.5437371134757996,0.6427749991416931,-0.015515127219259739,0.5648185014724731,0.6639679074287415,-0.008802134543657303,0.5189579129219055,0.7777875661849976,-0.022073546424508095,0.512374222278595,0.7019941210746765,-0.018095791339874268,0.5341520309448242,0.6942657828330994,-0.004629640374332666,0.5511431097984314,0.7085334658622742,0.007530789822340012,0.0,0.0,0.0,0.0,0.0,0.0,0.0,0.0,0.0,0.0,0.0,0.0,0.0,0.0,0.0,0.0,0.0,0.0,0.0,0.0,0.0,0.0,0.0,0.0,0.0,0.0,0.0,0.0,0.0,0.0,0.0,0.0,0.0,0.0,0.0,0.0,0.0,0.0,0.0,0.0,0.0,0.0,0.0,0.0,0.0,0.0,0.0,0.0,0.0,0.0,0.0,0.0,0.0,0.0,0.0,0.0,0.0,0.0,0.0,0.0,0.0,0.0,0.0,we
0.6789446473121643,0.9022791385650635,5.951898742750927e-07,0.684985339641571,0.7724677920341492,0.011073203757405281,0.6438651084899902,0.680807888507843,0.015508315525949001,0.5997389554977417,0.6342083811759949,0.017697026953101158,0.5713282823562622,0.6056748032569885,0.02069980651140213,0.5973178744316101,0.6339697241783142,-0.00038457574555650353,0.5577368140220642,0.5159428119659424,-0.003333578584715724,0.5309056043624878,0.451285183429718,-0.005039112642407417,0.509227991104126,0.40131476521492004,-0.0044791982509195805,0.5493075847625732,0.6788486838340759,-0.0038234195671975613,0.49414512515068054,0.6034178137779236,0.002061684150248766,0.4646485447883606,0.5630862712860107,0.004407705273479223,0.44346296787261963,0.5368623733520508,0.00555034913122654,0.5213359594345093,0.7311094403266907,-0.00446551525965333,0.5080426335334778,0.6782002449035645,0.006919510662555695,0.5378466844558716,0.6767124533653259,0.014719927683472633,0.5617815256118774,0.6972787976264954,0.019931240007281303,0.5080015063285828,0.7818422317504883,-0.005124556832015514,0.5148738622665405,0.7334779500961304,0.00944507960230112,0.5376332998275757,0.7322037220001221,0.02252713218331337,0.5561372637748718,0.7473098635673523,0.03384603559970856,0.0,0.0,0.0,0.0,0.0,0.0,0.0,0.0,0.0,0.0,0.0,0.0,0.0,0.0,0.0,0.0,0.0,0.0,0.0,0.0,0.0,0.0,0.0,0.0,0.0,0.0,0.0,0.0,0.0,0.0,0.0,0.0,0.0,0.0,0.0,0.0,0.0,0.0,0.0,0.0,0.0,0.0,0.0,0.0,0.0,0.0,0.0,0.0,0.0,0.0,0.0,0.0,0.0,0.0,0.0,0.0,0.0,0.0,0.0,0.0,0.0,0.0,0.0,we
0.7019878029823303,0.9031884074211121,3.642217336619069e-07,0.7137686014175415,0.7727720737457275,0.004939050413668156,0.6668620109558105,0.6834947466850281,0.009767440147697926,0.6127309799194336,0.6518903970718384,0.013520454987883568,0.5737970471382141,0.6491656303405762,0.01734967716038227,0.6087926030158997,0.6265588998794556,0.005397961940616369,0.565003514289856,0.5253676176071167,0.0056029800325632095,0.5361897945404053,0.46354734897613525,0.004919106140732765,0.511925458908081,0.420156866312027,0.004636548459529877,0.5632835626602173,0.6697001457214355,0.0036215600557625294,0.507280707359314,0.6082232594490051,0.0106742512434721,0.49461647868156433,0.5905611515045166,0.013558031059801579,0.4892774522304535,0.5841574668884277,0.014939759857952595,0.5380570888519287,0.7248732447624207,0.003344391006976366,0.5227657556533813,0.6809293031692505,0.012612612918019295,0.5469802021980286,0.6838070154190063,0.018658746033906937,0.5690886974334717,0.7016021013259888,0.02198214642703533,0.5265561938285828,0.7787654399871826,0.0028649826999753714,0.5269443392753601,0.7435417175292969,0.015263511799275875,0.5481495261192322,0.744116485118866,0.02677513286471367,0.56556636095047,0.7601834535598755,0.03601866215467453,0.0,0.0,0.0,0.0,0.0,0.0,0.0,0.0,0.0,0.0,0.0,0.0,0.0,0.0,0.0,0.0,0.0,0.0,0.0,0.0,0.0,0.0,0.0,0.0,0.0,0.0,0.0,0.0,0.0,0.0,0.0,0.0,0.0,0.0,0.0,0.0,0.0,0.0,0.0,0.0,0.0,0.0,0.0,0.0,0.0,0.0,0.0,0.0,0.0,0.0,0.0,0.0,0.0,0.0,0.0,0.0,0.0,0.0,0.0,0.0,0.0,0.0,0.0,we
0.7114546895027161,0.8953162431716919,6.717392011523771e-07,0.725871205329895,0.7648617029190063,-3.0548437734978506e-06,0.687186598777771,0.6655943989753723,0.0012165734078735113,0.6300975680351257,0.6358932852745056,0.002272420795634389,0.5862768888473511,0.6481525897979736,0.003761322470381856,0.6266635656356812,0.6191037893295288,0.00020587762992363423,0.5917810797691345,0.5076196193695068,-0.0032646828331053257,0.5741726160049438,0.440652996301651,-0.00597589835524559,0.5596051812171936,0.39337438344955444,-0.005475528072565794,0.5787293910980225,0.6610943078994751,-0.0022015031427145004,0.5171787738800049,0.5644545555114746,-0.0017024276312440634,0.4861260652542114,0.5169006586074829,-0.002999863587319851,0.4627482295036316,0.48912784457206726,-0.0019020247273147106,0.5503650903701782,0.7135968208312988,-0.0034279560204595327,0.5373454093933105,0.6424750089645386,-0.002328443108126521,0.5659345984458923,0.6425158977508545,0.0011861504754051566,0.5896579027175903,0.6621769070625305,0.007119872607290745,0.5368504524230957,0.7610061168670654,-0.004752153065055609,0.5384713411331177,0.6997844576835632,0.004097705241292715,0.5628804564476013,0.6965410113334656,0.01737249083817005,0.5809872150421143,0.7117874026298523,0.02986714243888855,0.0,0.0,0.0,0.0,0.0,0.0,0.0,0.0,0.0,0.0,0.0,0.0,0.0,0.0,0.0,0.0,0.0,0.0,0.0,0.0,0.0,0.0,0.0,0.0,0.0,0.0,0.0,0.0,0.0,0.0,0.0,0.0,0.0,0.0,0.0,0.0,0.0,0.0,0.0,0.0,0.0,0.0,0.0,0.0,0.0,0.0,0.0,0.0,0.0,0.0,0.0,0.0,0.0,0.0,0.0,0.0,0.0,0.0,0.0,0.0,0.0,0.0,0.0,we
0.7119320034980774,0.8977149724960327,7.671278581256047e-07,0.7348707914352417,0.7651166915893555,-0.003895245725288987,0.7003396153450012,0.6568402647972107,-0.011642429046332836,0.637435257434845,0.6228097081184387,-0.018636424094438553,0.5910969972610474,0.6235870718955994,-0.026116300374269485,0.667313277721405,0.6218965649604797,-0.036647550761699677,0.6327235698699951,0.4801027476787567,-0.054176755249500275,0.6142496466636658,0.402001291513443,-0.06270797550678253,0.5988590717315674,0.33952683210372925,-0.06581051647663116,0.6131484508514404,0.6635939478874207,-0.03926653414964676,0.5566405653953552,0.5476130247116089,-0.05010336637496948,0.5193995833396912,0.4833627939224243,-0.051700495183467865,0.4865303337574005,0.44169142842292786,-0.05317879840731621,0.5746485590934753,0.7108250260353088,-0.03887943923473358,0.5418217778205872,0.6066423654556274,-0.043892089277505875,0.5709812641143799,0.609395444393158,-0.03222743421792984,0.5932357311248779,0.6378109455108643,-0.02209625393152237,0.5524800419807434,0.751797616481781,-0.03885605186223984,0.5375719666481018,0.6579362154006958,-0.03592183068394661,0.5636515021324158,0.6580092906951904,-0.018315522000193596,0.5823113918304443,0.6840076446533203,-0.0031511979177594185,0.0,0.0,0.0,0.0,0.0,0.0,0.0,0.0,0.0,0.0,0.0,0.0,0.0,0.0,0.0,0.0,0.0,0.0,0.0,0.0,0.0,0.0,0.0,0.0,0.0,0.0,0.0,0.0,0.0,0.0,0.0,0.0,0.0,0.0,0.0,0.0,0.0,0.0,0.0,0.0,0.0,0.0,0.0,0.0,0.0,0.0,0.0,0.0,0.0,0.0,0.0,0.0,0.0,0.0,0.0,0.0,0.0,0.0,0.0,0.0,0.0,0.0,0.0,we
0.7080711126327515,0.8936731815338135,7.624549880347331e-07,0.7353379726409912,0.7618556022644043,-0.007993928156793118,0.7013563513755798,0.6510542631149292,-0.017192795872688293,0.6352525353431702,0.6112762689590454,-0.02460842952132225,0.5840933322906494,0.6082245111465454,-0.032066747546195984,0.6648877859115601,0.6230649352073669,-0.0401819571852684,0.6357612013816833,0.47992610931396484,-0.057451408356428146,0.6171167492866516,0.3999643623828888,-0.06594913452863693,0.6006079316139221,0.3385726511478424,-0.06942151486873627,0.608146607875824,0.6645034551620483,-0.040616899728775024,0.5516955852508545,0.5492212176322937,-0.0524858795106411,0.5145695805549622,0.4839264154434204,-0.054982464760541916,0.4804503321647644,0.44128260016441345,-0.056666214019060135,0.570569634437561,0.7108081579208374,-0.03801567852497101,0.544072151184082,0.6128827333450317,-0.044253088533878326,0.5761398673057556,0.6168034076690674,-0.03312060609459877,0.5984521508216858,0.6456859111785889,-0.02268219366669655,0.5505210757255554,0.7531762719154358,-0.036020614206790924,0.5410341024398804,0.6587991714477539,-0.033986225724220276,0.5667808055877686,0.6589723229408264,-0.016850117594003677,0.5852004289627075,0.684478223323822,-0.0016690540360286832,0.0,0.0,0.0,0.0,0.0,0.0,0.0,0.0,0.0,0.0,0.0,0.0,0.0,0.0,0.0,0.0,0.0,0.0,0.0,0.0,0.0,0.0,0.0,0.0,0.0,0.0,0.0,0.0,0.0,0.0,0.0,0.0,0.0,0.0,0.0,0.0,0.0,0.0,0.0,0.0,0.0,0.0,0.0,0.0,0.0,0.0,0.0,0.0,0.0,0.0,0.0,0.0,0.0,0.0,0.0,0.0,0.0,0.0,0.0,0.0,0.0,0.0,0.0,we
0.7036439776420593,0.9121880531311035,4.022857069685415e-07,0.7153443694114685,0.7899937033653259,0.005004949867725372,0.6781567335128784,0.6862890720367432,0.002934645628556609,0.6279214024543762,0.6497268676757812,-0.0018114603590220213,0.5834951400756836,0.6512231230735779,-0.008267166092991829,0.6151061058044434,0.6409134864807129,-0.008860324509441853,0.5833364129066467,0.5345168113708496,-0.02032475173473358,0.572431206703186,0.46524643898010254,-0.029226910322904587,0.5670615434646606,0.41846907138824463,-0.03545611724257469,0.5724315047264099,0.6806135177612305,-0.01687656342983246,0.5377882122993469,0.6004016995429993,-0.02666042372584343,0.5638596415519714,0.6024802923202515,-0.027955908328294754,0.589243471622467,0.6195834279060364,-0.02811126783490181,0.5441946983337402,0.733632504940033,-0.023269180208444595,0.5285847783088684,0.6540876626968384,-0.02913763001561165,0.5559024214744568,0.6610059142112732,-0.018387192860245705,0.5770367980003357,0.6827912926673889,-0.010802770964801311,0.530742347240448,0.7862808704376221,-0.02890772931277752,0.5219438076019287,0.7129614353179932,-0.0276492852717638,0.5442258715629578,0.70991051197052,-0.012130838818848133,0.5608682632446289,0.726584255695343,0.0002515361993573606,0.0,0.0,0.0,0.0,0.0,0.0,0.0,0.0,0.0,0.0,0.0,0.0,0.0,0.0,0.0,0.0,0.0,0.0,0.0,0.0,0.0,0.0,0.0,0.0,0.0,0.0,0.0,0.0,0.0,0.0,0.0,0.0,0.0,0.0,0.0,0.0,0.0,0.0,0.0,0.0,0.0,0.0,0.0,0.0,0.0,0.0,0.0,0.0,0.0,0.0,0.0,0.0,0.0,0.0,0.0,0.0,0.0,0.0,0.0,0.0,0.0,0.0,0.0,we
0.7075800895690918,0.900195837020874,4.5095208633938455e-07,0.694133996963501,0.776476263999939,0.012800520285964012,0.6311205625534058,0.6959581971168518,0.024329470470547676,0.5768964290618896,0.6867834329605103,0.03386535868048668,0.5323953628540039,0.7022235989570618,0.043866608291864395,0.5866691470146179,0.6422607898712158,0.019528483971953392,0.5313661694526672,0.5548713207244873,0.03741854429244995,0.4979095160961151,0.5108542442321777,0.0501863919198513,0.47027039527893066,0.4785231947898865,0.0582536980509758,0.5489023327827454,0.6984242796897888,0.017832981422543526,0.4872407019138336,0.6577264070510864,0.040530670434236526,0.46318382024765015,0.6435909271240234,0.05086202174425125,0.4523429870605469,0.6390835046768188,0.056905534118413925,0.5296655297279358,0.7592414021492004,0.01829851046204567,0.5161808729171753,0.7392892837524414,0.04039828106760979,0.5427255630493164,0.7395344376564026,0.04343091696500778,0.564124345779419,0.7500979900360107,0.04370748624205589,0.5207019448280334,0.814202606678009,0.01912778615951538,0.5275124907493591,0.7878139019012451,0.03986181318759918,0.5507945418357849,0.7849345803260803,0.048600051552057266,0.5720778703689575,0.7892020344734192,0.05494096875190735,0.0,0.0,0.0,0.0,0.0,0.0,0.0,0.0,0.0,0.0,0.0,0.0,0.0,0.0,0.0,0.0,0.0,0.0,0.0,0.0,0.0,0.0,0.0,0.0,0.0,0.0,0.0,0.0,0.0,0.0,0.0,0.0,0.0,0.0,0.0,0.0,0.0,0.0,0.0,0.0,0.0,0.0,0.0,0.0,0.0,0.0,0.0,0.0,0.0,0.0,0.0,0.0,0.0,0.0,0.0,0.0,0.0,0.0,0.0,0.0,0.0,0.0,0.0,we
0.7082966566085815,0.8970247507095337,3.0476931556222553e-07,0.7057307958602905,0.7637012600898743,0.005911713000386953,0.6547509431838989,0.6805862784385681,0.008813845925033092,0.5983074307441711,0.6565697193145752,0.010725322179496288,0.5546245574951172,0.6623235940933228,0.012706704437732697,0.5998706817626953,0.6277155876159668,-0.002244350966066122,0.5446670055389404,0.5250111818313599,-0.006661639548838139,0.5082318782806396,0.4825517535209656,-0.0057602147571742535,0.48264431953430176,0.46553075313568115,-0.00283257570117712,0.5584226250648499,0.6795666217803955,-0.006434729788452387,0.48816728591918945,0.623666524887085,-0.008966446854174137,0.49153220653533936,0.6209841966629028,-0.004117598757147789,0.5087501406669617,0.629917562007904,0.0029807467944920063,0.5350605249404907,0.7408540844917297,-0.009024906903505325,0.513042688369751,0.6997226476669312,-0.008461021818220615,0.5381426811218262,0.7009901404380798,-0.0014009178848937154,0.5614134073257446,0.7158201336860657,0.005619834177196026,0.5232827663421631,0.7952843308448792,-0.011102338321506977,0.5219238996505737,0.7547463774681091,-0.004586752038449049,0.5453759431838989,0.7574535012245178,0.006944241002202034,0.5639235973358154,0.7719112634658813,0.018066246062517166,0.0,0.0,0.0,0.0,0.0,0.0,0.0,0.0,0.0,0.0,0.0,0.0,0.0,0.0,0.0,0.0,0.0,0.0,0.0,0.0,0.0,0.0,0.0,0.0,0.0,0.0,0.0,0.0,0.0,0.0,0.0,0.0,0.0,0.0,0.0,0.0,0.0,0.0,0.0,0.0,0.0,0.0,0.0,0.0,0.0,0.0,0.0,0.0,0.0,0.0,0.0,0.0,0.0,0.0,0.0,0.0,0.0,0.0,0.0,0.0,0.0,0.0,0.0,we
0.7140567302703857,0.8846659660339355,6.114466941653518e-07,0.7244341373443604,0.7512903809547424,0.004295488819479942,0.6795821189880371,0.6572705507278442,0.004024414345622063,0.6185106039047241,0.6226529479026794,0.002816241467371583,0.5710159540176392,0.6274811625480652,0.001201653154566884,0.6393123865127563,0.6026200652122498,-0.014634652994573116,0.5935968160629272,0.4801829159259796,-0.02347511239349842,0.5637903213500977,0.4134330451488495,-0.02604174241423607,0.5377945899963379,0.3670814633369446,-0.025144021958112717,0.5891578197479248,0.6434193849563599,-0.019872598350048065,0.5183818936347961,0.548276960849762,-0.02503751777112484,0.4803465008735657,0.5043178796768188,-0.02365640178322792,0.4536086618900299,0.4801889657974243,-0.020751724019646645,0.555363118648529,0.6958705186843872,-0.022520750761032104,0.5203180313110352,0.6329319477081299,-0.02347216196358204,0.5456308722496033,0.6400617957115173,-0.014072542078793049,0.5716351270675659,0.6647624969482422,-0.004461074713617563,0.5358032584190369,0.7449125051498413,-0.024950601160526276,0.5189104080200195,0.6862332820892334,-0.016568146646022797,0.5416538119316101,0.6913836002349854,0.00040490838000550866,0.5614259243011475,0.7123796343803406,0.015399483032524586,0.0,0.0,0.0,0.0,0.0,0.0,0.0,0.0,0.0,0.0,0.0,0.0,0.0,0.0,0.0,0.0,0.0,0.0,0.0,0.0,0.0,0.0,0.0,0.0,0.0,0.0,0.0,0.0,0.0,0.0,0.0,0.0,0.0,0.0,0.0,0.0,0.0,0.0,0.0,0.0,0.0,0.0,0.0,0.0,0.0,0.0,0.0,0.0,0.0,0.0,0.0,0.0,0.0,0.0,0.0,0.0,0.0,0.0,0.0,0.0,0.0,0.0,0.0,we
0.7113443613052368,0.8807004690170288,5.665268645316246e-07,0.724054217338562,0.7492179870605469,0.005081092473119497,0.6773885488510132,0.6565756797790527,0.003514838870614767,0.6146125793457031,0.6313926577568054,0.0009081406751647592,0.5662158727645874,0.6407747864723206,-0.002129181521013379,0.6389519572257996,0.6018667817115784,-0.01599607802927494,0.59356290102005,0.4711979329586029,-0.022939836606383324,0.5599521994590759,0.4024336338043213,-0.023997599259018898,0.5308852791786194,0.35485658049583435,-0.02328350581228733,0.5879601240158081,0.6461368799209595,-0.021864699199795723,0.5126953721046448,0.5570352077484131,-0.026985064148902893,0.47205033898353577,0.5208168029785156,-0.026722097769379616,0.44282066822052,0.49994567036628723,-0.025530794635415077,0.5540324449539185,0.6988742351531982,-0.024554545059800148,0.5205961465835571,0.6347737908363342,-0.02545073814690113,0.5475005507469177,0.6360187530517578,-0.017468716949224472,0.5722827911376953,0.6553835868835449,-0.009828099980950356,0.5349198579788208,0.747360110282898,-0.026815265417099,0.5225388407707214,0.6885768175125122,-0.02059231325984001,0.5441382527351379,0.6889010667800903,-0.006142949685454369,0.5618935823440552,0.7057609558105469,0.006884644739329815,0.0,0.0,0.0,0.0,0.0,0.0,0.0,0.0,0.0,0.0,0.0,0.0,0.0,0.0,0.0,0.0,0.0,0.0,0.0,0.0,0.0,0.0,0.0,0.0,0.0,0.0,0.0,0.0,0.0,0.0,0.0,0.0,0.0,0.0,0.0,0.0,0.0,0.0,0.0,0.0,0.0,0.0,0.0,0.0,0.0,0.0,0.0,0.0,0.0,0.0,0.0,0.0,0.0,0.0,0.0,0.0,0.0,0.0,0.0,0.0,0.0,0.0,0.0,we
0.7065783143043518,0.9112008213996887,6.912670187375625e-07,0.7272393107414246,0.7791704535484314,-0.005499732214957476,0.690065860748291,0.6731765270233154,-0.012296435423195362,0.6226660013198853,0.6440232992172241,-0.018301336094737053,0.5706120133399963,0.6530587673187256,-0.02403254248201847,0.6469725966453552,0.6280622482299805,-0.02857854962348938,0.6111074090003967,0.4888046383857727,-0.041853759437799454,0.5851543545722961,0.41398558020591736,-0.04860176891088486,0.5623133778572083,0.35569989681243896,-0.05223660171031952,0.5925145149230957,0.6716930270195007,-0.03135286271572113,0.5316821932792664,0.5668030381202698,-0.040446970611810684,0.49434736371040344,0.5064317584037781,-0.04286075755953789,0.46420058608055115,0.4651845097541809,-0.04548916965723038,0.5567090511322021,0.7228707671165466,-0.03196319192647934,0.5203471183776855,0.6250040531158447,-0.0369221493601799,0.5488681793212891,0.6152932047843933,-0.02880658209323883,0.5752769708633423,0.6336759328842163,-0.021694496273994446,0.5381706953048706,0.7670788764953613,-0.033196642994880676,0.5193969011306763,0.6806098818778992,-0.03203872591257095,0.5416475534439087,0.6674492955207825,-0.018956594169139862,0.5620894432067871,0.6799218654632568,-0.007261950522661209,0.0,0.0,0.0,0.0,0.0,0.0,0.0,0.0,0.0,0.0,0.0,0.0,0.0,0.0,0.0,0.0,0.0,0.0,0.0,0.0,0.0,0.0,0.0,0.0,0.0,0.0,0.0,0.0,0.0,0.0,0.0,0.0,0.0,0.0,0.0,0.0,0.0,0.0,0.0,0.0,0.0,0.0,0.0,0.0,0.0,0.0,0.0,0.0,0.0,0.0,0.0,0.0,0.0,0.0,0.0,0.0,0.0,0.0,0.0,0.0,0.0,0.0,0.0,we
0.6985825300216675,0.9213460683822632,6.915826702424965e-07,0.7061160802841187,0.7880767583847046,0.005155390128493309,0.66092848777771,0.689751386642456,0.007373370695859194,0.6106289029121399,0.6514121890068054,0.008602690882980824,0.5736741423606873,0.6354111433029175,0.010343666188418865,0.609731912612915,0.6433454751968384,-0.0074289822950959206,0.5663934946060181,0.5190725326538086,-0.010718836449086666,0.545106053352356,0.44868189096450806,-0.01187555305659771,0.529297411441803,0.3964550793170929,-0.010572892613708973,0.5608684420585632,0.6896246671676636,-0.010905073955655098,0.49702519178390503,0.5956798195838928,-0.008912980556488037,0.4664711356163025,0.5430879592895508,-0.00927758775651455,0.44594019651412964,0.5064350366592407,-0.009291887283325195,0.5312972068786621,0.7444833517074585,-0.011842884123325348,0.5168899297714233,0.6739034652709961,-0.0066092777997255325,0.5469645857810974,0.6697932481765747,-0.001868342631496489,0.5713644027709961,0.6852661967277527,0.0024684420786798,0.51865553855896,0.792680561542511,-0.0126834437251091,0.520967423915863,0.728377103805542,-0.0023709461092948914,0.5451602935791016,0.7221193313598633,0.010290817357599735,0.5645471215248108,0.7352446913719177,0.021581118926405907,0.0,0.0,0.0,0.0,0.0,0.0,0.0,0.0,0.0,0.0,0.0,0.0,0.0,0.0,0.0,0.0,0.0,0.0,0.0,0.0,0.0,0.0,0.0,0.0,0.0,0.0,0.0,0.0,0.0,0.0,0.0,0.0,0.0,0.0,0.0,0.0,0.0,0.0,0.0,0.0,0.0,0.0,0.0,0.0,0.0,0.0,0.0,0.0,0.0,0.0,0.0,0.0,0.0,0.0,0.0,0.0,0.0,0.0,0.0,0.0,0.0,0.0,0.0,we
0.7082626223564148,0.9197835922241211,3.745547303424246e-07,0.7017650604248047,0.7902061939239502,0.01794969104230404,0.6487820148468018,0.70694500207901,0.02786834165453911,0.5980024337768555,0.6725854277610779,0.03544085472822189,0.5580610036849976,0.6649141907691956,0.0431208573281765,0.5992412567138672,0.6542969346046448,0.009593082591891289,0.5415796041488647,0.5464541912078857,0.019459519535303116,0.5076248049736023,0.4948583245277405,0.02877204678952694,0.47996407747268677,0.45994219183921814,0.035556212067604065,0.5553770661354065,0.706871509552002,0.004419269505888224,0.4827488362789154,0.6438916325569153,0.021159090101718903,0.4694077670574188,0.6336060762405396,0.03245209902524948,0.46987682580947876,0.6344085931777954,0.03955599665641785,0.5333471894264221,0.7674202919006348,0.002774940337985754,0.5078811645507812,0.7294703125953674,0.02210727334022522,0.5331802368164062,0.7306113839149475,0.031477585434913635,0.5571280717849731,0.7449536323547363,0.035335738211870193,0.5250683426856995,0.8208819627761841,0.0021739446092396975,0.5214784741401672,0.7844740152359009,0.022115929052233696,0.5438641905784607,0.7827199101448059,0.03605492785573006,0.5641983151435852,0.7915359735488892,0.046177614480257034,0.0,0.0,0.0,0.0,0.0,0.0,0.0,0.0,0.0,0.0,0.0,0.0,0.0,0.0,0.0,0.0,0.0,0.0,0.0,0.0,0.0,0.0,0.0,0.0,0.0,0.0,0.0,0.0,0.0,0.0,0.0,0.0,0.0,0.0,0.0,0.0,0.0,0.0,0.0,0.0,0.0,0.0,0.0,0.0,0.0,0.0,0.0,0.0,0.0,0.0,0.0,0.0,0.0,0.0,0.0,0.0,0.0,0.0,0.0,0.0,0.0,0.0,0.0,we
0.7106778621673584,0.9223681688308716,4.051236714985862e-07,0.7032391428947449,0.7907344698905945,0.014312316663563251,0.6462182402610779,0.7077359557151794,0.023551354184746742,0.5886207818984985,0.6815779805183411,0.031403716653585434,0.5462582111358643,0.6865136027336121,0.03978697583079338,0.6001409292221069,0.6505500078201294,0.008365771733224392,0.5420219302177429,0.5435299873352051,0.017951035872101784,0.505441427230835,0.4916069209575653,0.028170591220259666,0.4758264124393463,0.4575652480125427,0.03557736799120903,0.5563635230064392,0.7070221900939941,0.004333913791924715,0.4795832633972168,0.6517627239227295,0.017127059400081635,0.46716949343681335,0.6384115815162659,0.026948872953653336,0.4706309139728546,0.6325503587722778,0.03476681187748909,0.5335331559181213,0.7688076496124268,0.003450030228123069,0.511538565158844,0.7270802855491638,0.01878122054040432,0.5347520112991333,0.7258764505386353,0.026268387213349342,0.5562110543251038,0.737238883972168,0.030715422704815865,0.5236632227897644,0.8197534084320068,0.00351962773129344,0.5238964557647705,0.78248131275177,0.021433303132653236,0.5438790321350098,0.7803916335105896,0.03404844179749489,0.5608024001121521,0.7878918647766113,0.044189319014549255,0.0,0.0,0.0,0.0,0.0,0.0,0.0,0.0,0.0,0.0,0.0,0.0,0.0,0.0,0.0,0.0,0.0,0.0,0.0,0.0,0.0,0.0,0.0,0.0,0.0,0.0,0.0,0.0,0.0,0.0,0.0,0.0,0.0,0.0,0.0,0.0,0.0,0.0,0.0,0.0,0.0,0.0,0.0,0.0,0.0,0.0,0.0,0.0,0.0,0.0,0.0,0.0,0.0,0.0,0.0,0.0,0.0,0.0,0.0,0.0,0.0,0.0,0.0,we
0.7321180105209351,0.9124343395233154,3.144195943605155e-07,0.7378021478652954,0.7737156748771667,0.008605289272964,0.6883190870285034,0.6780775189399719,0.012773407623171806,0.6303396821022034,0.6486062407493591,0.01487143337726593,0.5857983231544495,0.6547841429710388,0.01631707139313221,0.6348264217376709,0.6272093057632446,0.0025126361288130283,0.5806877613067627,0.5231302380561829,-0.00396078173071146,0.5566383600234985,0.4555686414241791,-0.007823780179023743,0.5409968495368958,0.4065697491168976,-0.009268532507121563,0.5883035063743591,0.6711350083351135,-0.003974114079028368,0.5101250410079956,0.609913170337677,-0.008777540177106857,0.49752169847488403,0.5945644378662109,-0.009686240926384926,0.4968205392360687,0.5880687236785889,-0.008652078919112682,0.558169424533844,0.7252628207206726,-0.008693525567650795,0.5194182991981506,0.6650086045265198,-0.010868659242987633,0.5441225171089172,0.665215790271759,-0.003968534525483847,0.569405198097229,0.6819984912872314,0.0026739840395748615,0.5420529246330261,0.7742481827735901,-0.012762235477566719,0.5231970548629761,0.7177963256835938,-0.008569623343646526,0.544712483882904,0.7139378190040588,0.003862527199089527,0.5621715784072876,0.7278562784194946,0.015331457369029522,0.0,0.0,0.0,0.0,0.0,0.0,0.0,0.0,0.0,0.0,0.0,0.0,0.0,0.0,0.0,0.0,0.0,0.0,0.0,0.0,0.0,0.0,0.0,0.0,0.0,0.0,0.0,0.0,0.0,0.0,0.0,0.0,0.0,0.0,0.0,0.0,0.0,0.0,0.0,0.0,0.0,0.0,0.0,0.0,0.0,0.0,0.0,0.0,0.0,0.0,0.0,0.0,0.0,0.0,0.0,0.0,0.0,0.0,0.0,0.0,0.0,0.0,0.0,we
0.7326509952545166,0.8993908762931824,7.231912491079129e-07,0.7472139000892639,0.7608655095100403,0.0021648553665727377,0.7079777717590332,0.6566144227981567,-0.0028894608840346336,0.6461389064788818,0.6164670586585999,-0.007527260109782219,0.5994933247566223,0.6127894520759583,-0.012186300940811634,0.6733978986740112,0.6201320290565491,-0.030126402154564857,0.6302922368049622,0.484264612197876,-0.042402174323797226,0.6061526536941528,0.4113229811191559,-0.04711015522480011,0.5852814316749573,0.3541262149810791,-0.047952014952898026,0.6197248697280884,0.6614919900894165,-0.03398941084742546,0.5556315183639526,0.5492433309555054,-0.04029373079538345,0.5145504474639893,0.48915189504623413,-0.03978104144334793,0.47966113686561584,0.45125553011894226,-0.04008462652564049,0.5811834335327148,0.7099980115890503,-0.034120142459869385,0.5399503111839294,0.6123906373977661,-0.03347082808613777,0.569257915019989,0.6093523502349854,-0.02196546085178852,0.5948200225830078,0.6328412890434265,-0.013089128769934177,0.5594773292541504,0.7513835430145264,-0.03412492200732231,0.5377524495124817,0.6643164753913879,-0.026132162660360336,0.5613945722579956,0.6587792038917542,-0.008762739598751068,0.5814664363861084,0.6778008937835693,0.005563053768128157,0.0,0.0,0.0,0.0,0.0,0.0,0.0,0.0,0.0,0.0,0.0,0.0,0.0,0.0,0.0,0.0,0.0,0.0,0.0,0.0,0.0,0.0,0.0,0.0,0.0,0.0,0.0,0.0,0.0,0.0,0.0,0.0,0.0,0.0,0.0,0.0,0.0,0.0,0.0,0.0,0.0,0.0,0.0,0.0,0.0,0.0,0.0,0.0,0.0,0.0,0.0,0.0,0.0,0.0,0.0,0.0,0.0,0.0,0.0,0.0,0.0,0.0,0.0,we
0.7198894023895264,0.9167748093605042,7.312165166695195e-07,0.7351349592208862,0.7846067547798157,-0.0006681265076622367,0.6987892389297485,0.6794239282608032,-0.004921572282910347,0.6330428719520569,0.6550769805908203,-0.010097434744238853,0.5823835134506226,0.6671763062477112,-0.015984555706381798,0.6613778471946716,0.6397579908370972,-0.0210516769438982,0.6273477077484131,0.5046095848083496,-0.03472009301185608,0.6030797362327576,0.427664577960968,-0.04202834516763687,0.5807691812515259,0.3686791956424713,-0.04532533511519432,0.6070873737335205,0.6780436635017395,-0.026625460013747215,0.546310305595398,0.5702289342880249,-0.03680432587862015,0.5056069493293762,0.5083296895027161,-0.04056902602314949,0.4699980616569519,0.46869730949401855,-0.043326329439878464,0.5686666369438171,0.7261248230934143,-0.029964089393615723,0.5326380729675293,0.6346844434738159,-0.03622990846633911,0.5622708797454834,0.6370362043380737,-0.028198596090078354,0.5858253836631775,0.6652083396911621,-0.019806886091828346,0.5451071858406067,0.7702506184577942,-0.03342581167817116,0.5245913863182068,0.6861239075660706,-0.03142663836479187,0.547524631023407,0.6876667737960815,-0.015978921204805374,0.5656659007072449,0.7127982974052429,-0.0021052907686680555,0.0,0.0,0.0,0.0,0.0,0.0,0.0,0.0,0.0,0.0,0.0,0.0,0.0,0.0,0.0,0.0,0.0,0.0,0.0,0.0,0.0,0.0,0.0,0.0,0.0,0.0,0.0,0.0,0.0,0.0,0.0,0.0,0.0,0.0,0.0,0.0,0.0,0.0,0.0,0.0,0.0,0.0,0.0,0.0,0.0,0.0,0.0,0.0,0.0,0.0,0.0,0.0,0.0,0.0,0.0,0.0,0.0,0.0,0.0,0.0,0.0,0.0,0.0,we
0.7144519686698914,0.9222118854522705,5.40494852430129e-07,0.7239888310432434,0.7903720140457153,0.0017600063001736999,0.6785125732421875,0.6858001351356506,-0.00065991171868518,0.6179394125938416,0.6583536267280579,-0.0036402936093509197,0.5702674388885498,0.67005455493927,-0.007243444677442312,0.6277052164077759,0.6472519040107727,-0.011633224785327911,0.5985338091850281,0.5325571298599243,-0.021258719265460968,0.5790712833404541,0.4638248383998871,-0.026745734736323357,0.5621078610420227,0.41246867179870605,-0.030401628464460373,0.5811068415641785,0.6882885694503784,-0.017522523179650307,0.5344119071960449,0.6033393740653992,-0.024655979126691818,0.5400130748748779,0.5845003128051758,-0.023160764947533607,0.5473853349685669,0.5775734186172485,-0.021478164941072464,0.5512513518333435,0.742081880569458,-0.02180064655840397,0.533041775226593,0.6718472838401794,-0.025659848004579544,0.5639925003051758,0.6773132085800171,-0.013573484495282173,0.5878328084945679,0.6975216269493103,-0.004506745375692844,0.5363196134567261,0.7926923036575317,-0.026087187230587006,0.5309616923332214,0.7312014698982239,-0.022517981007695198,0.5569362044334412,0.7309800386428833,-0.00687547167763114,0.5738959312438965,0.7462764978408813,0.005742847453802824,0.0,0.0,0.0,0.0,0.0,0.0,0.0,0.0,0.0,0.0,0.0,0.0,0.0,0.0,0.0,0.0,0.0,0.0,0.0,0.0,0.0,0.0,0.0,0.0,0.0,0.0,0.0,0.0,0.0,0.0,0.0,0.0,0.0,0.0,0.0,0.0,0.0,0.0,0.0,0.0,0.0,0.0,0.0,0.0,0.0,0.0,0.0,0.0,0.0,0.0,0.0,0.0,0.0,0.0,0.0,0.0,0.0,0.0,0.0,0.0,0.0,0.0,0.0,we
0.708248496055603,0.9245066046714783,7.166590876295231e-07,0.7234891057014465,0.7969950437545776,-0.0034103025682270527,0.6829095482826233,0.6909404397010803,-0.006884946953505278,0.6216330528259277,0.658645749092102,-0.009716171771287918,0.5745444893836975,0.6633203625679016,-0.012399265542626381,0.6329427361488342,0.6463832259178162,-0.01808842457830906,0.6001827716827393,0.5277702808380127,-0.03142071142792702,0.579301655292511,0.4550642967224121,-0.0382629856467247,0.562419593334198,0.4028754234313965,-0.04038720950484276,0.5828363299369812,0.6846330165863037,-0.02181336097419262,0.525224506855011,0.5845271944999695,-0.02950616180896759,0.4999305009841919,0.5348799824714661,-0.02933518961071968,0.48224014043807983,0.5024380683898926,-0.027540329843759537,0.5496822595596313,0.7333990335464478,-0.02446267381310463,0.5301550030708313,0.6571784019470215,-0.029433075338602066,0.555806577205658,0.6613978743553162,-0.019937599077820778,0.5796647667884827,0.6839094758033752,-0.010142861865460873,0.531207799911499,0.7790752053260803,-0.02777165360748768,0.5286725759506226,0.7165068984031677,-0.024922164157032967,0.5515037178993225,0.717445969581604,-0.010627794079482555,0.5669222474098206,0.7355685234069824,0.002890906762331724,0.0,0.0,0.0,0.0,0.0,0.0,0.0,0.0,0.0,0.0,0.0,0.0,0.0,0.0,0.0,0.0,0.0,0.0,0.0,0.0,0.0,0.0,0.0,0.0,0.0,0.0,0.0,0.0,0.0,0.0,0.0,0.0,0.0,0.0,0.0,0.0,0.0,0.0,0.0,0.0,0.0,0.0,0.0,0.0,0.0,0.0,0.0,0.0,0.0,0.0,0.0,0.0,0.0,0.0,0.0,0.0,0.0,0.0,0.0,0.0,0.0,0.0,0.0,we
0.7076047658920288,0.9171160459518433,4.799371140506992e-07,0.7024986743927002,0.7883070111274719,0.01171757560223341,0.6470029354095459,0.7039622664451599,0.021826868876814842,0.5949116945266724,0.6871935129165649,0.030520213767886162,0.5551542043685913,0.696524977684021,0.04025913402438164,0.5981091260910034,0.6564169526100159,0.010746872052550316,0.5464808344841003,0.5472156405448914,0.023521117866039276,0.5147441029548645,0.49354660511016846,0.033816151320934296,0.4878389537334442,0.4528021216392517,0.04116489365696907,0.5550982356071472,0.7100496292114258,0.011421858333051205,0.4957277774810791,0.6495275497436523,0.03174641355872154,0.4684220552444458,0.6259720325469971,0.04099571704864502,0.45108944177627563,0.6130576729774475,0.046019453555345535,0.5337726473808289,0.7643958330154419,0.015098084695637226,0.5236671566963196,0.7236512899398804,0.039930060505867004,0.5511471033096313,0.7185125946998596,0.045982785522937775,0.571093738079071,0.7285760641098022,0.04731999337673187,0.5238709449768066,0.8131709694862366,0.01881108619272709,0.530530571937561,0.7737900018692017,0.043467916548252106,0.553806483745575,0.7699256539344788,0.0560629703104496,0.5739580988883972,0.7790346145629883,0.06486881524324417,0.0,0.0,0.0,0.0,0.0,0.0,0.0,0.0,0.0,0.0,0.0,0.0,0.0,0.0,0.0,0.0,0.0,0.0,0.0,0.0,0.0,0.0,0.0,0.0,0.0,0.0,0.0,0.0,0.0,0.0,0.0,0.0,0.0,0.0,0.0,0.0,0.0,0.0,0.0,0.0,0.0,0.0,0.0,0.0,0.0,0.0,0.0,0.0,0.0,0.0,0.0,0.0,0.0,0.0,0.0,0.0,0.0,0.0,0.0,0.0,0.0,0.0,0.0,we
0.7158382534980774,0.9043517112731934,6.011551363371836e-07,0.7230738401412964,0.7694743275642395,-0.0007900577038526535,0.6747133731842041,0.6738367676734924,-0.0017323142383247614,0.611790657043457,0.6501534581184387,-0.003553105518221855,0.566592812538147,0.6586191058158875,-0.005048012360930443,0.628423273563385,0.6198556423187256,-0.007977675646543503,0.5793941617012024,0.5050857067108154,-0.016600197181105614,0.5491782426834106,0.4393257796764374,-0.02040729485452175,0.5229012966156006,0.3900914192199707,-0.021031009033322334,0.5811870694160461,0.6614744663238525,-0.011280762031674385,0.5152995586395264,0.585993766784668,-0.01756877824664116,0.48196959495544434,0.550823450088501,-0.019031239673495293,0.4583854079246521,0.5281333327293396,-0.017758315429091454,0.5506042242050171,0.7128617763519287,-0.013447960838675499,0.526938796043396,0.6618788242340088,-0.017492758110165596,0.551641047000885,0.6726095080375671,-0.011865601874887943,0.5751470923423767,0.6973258256912231,-0.0039258054457604885,0.5326470136642456,0.7605693936347961,-0.01603657379746437,0.5269384384155273,0.7128375768661499,-0.011035067960619926,0.5496359467506409,0.7203414440155029,0.0017696365248411894,0.5665158033370972,0.741758406162262,0.014396591112017632,0.0,0.0,0.0,0.0,0.0,0.0,0.0,0.0,0.0,0.0,0.0,0.0,0.0,0.0,0.0,0.0,0.0,0.0,0.0,0.0,0.0,0.0,0.0,0.0,0.0,0.0,0.0,0.0,0.0,0.0,0.0,0.0,0.0,0.0,0.0,0.0,0.0,0.0,0.0,0.0,0.0,0.0,0.0,0.0,0.0,0.0,0.0,0.0,0.0,0.0,0.0,0.0,0.0,0.0,0.0,0.0,0.0,0.0,0.0,0.0,0.0,0.0,0.0,we
0.7121700048446655,0.8981334567070007,7.018100518507708e-07,0.73211669921875,0.7621312141418457,0.0012043092865496874,0.6974591016769409,0.6543257832527161,-0.002833235077559948,0.6350712776184082,0.612282395362854,-0.0056208353489637375,0.5894986391067505,0.6041994094848633,-0.007984339259564877,0.6577942371368408,0.6145147681236267,-0.02864629589021206,0.62132328748703,0.478148877620697,-0.03858451545238495,0.5994974970817566,0.40373164415359497,-0.04264000803232193,0.5800202488899231,0.3451579809188843,-0.04371112957596779,0.6018211245536804,0.6539608836174011,-0.030745577067136765,0.5495291948318481,0.5437663197517395,-0.03568858280777931,0.5108544826507568,0.4840470850467682,-0.03568929061293602,0.4757586121559143,0.4454454183578491,-0.036554835736751556,0.5635544657707214,0.7005259394645691,-0.02906709350645542,0.5324180722236633,0.6061185598373413,-0.02497323416173458,0.5614466667175293,0.5990973114967346,-0.013593092560768127,0.5859158635139465,0.6179434061050415,-0.005979599896818399,0.543285071849823,0.7410697340965271,-0.027560414746403694,0.528416633605957,0.6580677628517151,-0.016320206224918365,0.5517565011978149,0.6498198509216309,0.0011619535507634282,0.571899950504303,0.6655086874961853,0.014856195077300072,0.0,0.0,0.0,0.0,0.0,0.0,0.0,0.0,0.0,0.0,0.0,0.0,0.0,0.0,0.0,0.0,0.0,0.0,0.0,0.0,0.0,0.0,0.0,0.0,0.0,0.0,0.0,0.0,0.0,0.0,0.0,0.0,0.0,0.0,0.0,0.0,0.0,0.0,0.0,0.0,0.0,0.0,0.0,0.0,0.0,0.0,0.0,0.0,0.0,0.0,0.0,0.0,0.0,0.0,0.0,0.0,0.0,0.0,0.0,0.0,0.0,0.0,0.0,we
0.7051436305046082,0.900932252407074,7.557013645964616e-07,0.7304219603538513,0.7676997780799866,-0.0058809430338442326,0.6960382461547852,0.6580358743667603,-0.01347675733268261,0.6300950050354004,0.6207234859466553,-0.019070224836468697,0.5799069404602051,0.6193918585777283,-0.024611862376332283,0.6573261022567749,0.6234087347984314,-0.037508271634578705,0.6245132088661194,0.47972673177719116,-0.05261551961302757,0.6022157073020935,0.4011824131011963,-0.060124292969703674,0.5820547938346863,0.34026527404785156,-0.0633392482995987,0.5987255573272705,0.6634142994880676,-0.037361990660429,0.5441924333572388,0.5485498905181885,-0.04635293036699295,0.5062354803085327,0.4832361936569214,-0.04805997386574745,0.4713411331176758,0.44073906540870667,-0.04967617988586426,0.5601961016654968,0.7093070149421692,-0.033949434757232666,0.5340169668197632,0.6088888645172119,-0.03563356399536133,0.5655695796012878,0.606081485748291,-0.02508297748863697,0.5889009237289429,0.6313976049423218,-0.016367273405194283,0.5405725836753845,0.7509627938270569,-0.031161291524767876,0.534329354763031,0.6610625386238098,-0.02629290707409382,0.5590234994888306,0.6558644771575928,-0.01074319425970316,0.5775774121284485,0.676501452922821,0.0027709139976650476,0.0,0.0,0.0,0.0,0.0,0.0,0.0,0.0,0.0,0.0,0.0,0.0,0.0,0.0,0.0,0.0,0.0,0.0,0.0,0.0,0.0,0.0,0.0,0.0,0.0,0.0,0.0,0.0,0.0,0.0,0.0,0.0,0.0,0.0,0.0,0.0,0.0,0.0,0.0,0.0,0.0,0.0,0.0,0.0,0.0,0.0,0.0,0.0,0.0,0.0,0.0,0.0,0.0,0.0,0.0,0.0,0.0,0.0,0.0,0.0,0.0,0.0,0.0,we
0.7021516561508179,0.8999563455581665,7.596909199492075e-07,0.7300939559936523,0.7672852277755737,-0.00852710846811533,0.6971486210823059,0.6556962132453918,-0.016978437080979347,0.630251407623291,0.6139004826545715,-0.022548381239175797,0.5779440402984619,0.6118749976158142,-0.027686832472682,0.6571499705314636,0.6240962743759155,-0.041955333203077316,0.6258065104484558,0.47807469964027405,-0.057120610028505325,0.6028233170509338,0.4000852406024933,-0.06390571594238281,0.5816274881362915,0.3402254581451416,-0.06662995368242264,0.5981374382972717,0.6646412014961243,-0.04073736444115639,0.5441067218780518,0.5480628609657288,-0.05093969404697418,0.5056220889091492,0.48154550790786743,-0.0524807907640934,0.47022324800491333,0.438480019569397,-0.05364985018968582,0.559852123260498,0.7106288075447083,-0.03618685156106949,0.5334063172340393,0.6094796657562256,-0.03902537375688553,0.5646172761917114,0.6058284044265747,-0.028136909008026123,0.5879353880882263,0.6307793259620667,-0.01886407844722271,0.5406287908554077,0.752189040184021,-0.032376594841480255,0.5334568619728088,0.6607460379600525,-0.02828115224838257,0.5577285885810852,0.6555771231651306,-0.012517765164375305,0.5764018893241882,0.676435649394989,0.00131952203810215,0.0,0.0,0.0,0.0,0.0,0.0,0.0,0.0,0.0,0.0,0.0,0.0,0.0,0.0,0.0,0.0,0.0,0.0,0.0,0.0,0.0,0.0,0.0,0.0,0.0,0.0,0.0,0.0,0.0,0.0,0.0,0.0,0.0,0.0,0.0,0.0,0.0,0.0,0.0,0.0,0.0,0.0,0.0,0.0,0.0,0.0,0.0,0.0,0.0,0.0,0.0,0.0,0.0,0.0,0.0,0.0,0.0,0.0,0.0,0.0,0.0,0.0,0.0,we
0.6965979337692261,0.9118499755859375,6.420258955586178e-07,0.7153952121734619,0.7832117676734924,-0.0011035462375730276,0.674293041229248,0.6775636076927185,-0.0030560060404241085,0.6137521862983704,0.6438908576965332,-0.00458010658621788,0.565218448638916,0.6503974795341492,-0.005873342044651508,0.6247270107269287,0.6334830522537231,-0.017214937135577202,0.5923817157745361,0.5071799755096436,-0.025453688576817513,0.5702925324440002,0.4344804883003235,-0.03036682866513729,0.5491822361946106,0.3794621229171753,-0.03325213864445686,0.572442889213562,0.6729585528373718,-0.02117040380835533,0.5154911875724792,0.571599543094635,-0.025427289307117462,0.48397570848464966,0.5220853090286255,-0.026661142706871033,0.45653200149536133,0.49054455757141113,-0.028115438297390938,0.5405288934707642,0.72339928150177,-0.02285706251859665,0.519766092300415,0.6416795253753662,-0.023742591962218285,0.5502517223358154,0.6441115736961365,-0.014087138697504997,0.5729447603225708,0.6697097420692444,-0.00641981465741992,0.5263593792915344,0.7706126570701599,-0.025065459311008453,0.5190469026565552,0.6987385749816895,-0.019773190841078758,0.5432197451591492,0.6965543627738953,-0.004740479402244091,0.5596154928207397,0.7163463234901428,0.007685845717787743,0.0,0.0,0.0,0.0,0.0,0.0,0.0,0.0,0.0,0.0,0.0,0.0,0.0,0.0,0.0,0.0,0.0,0.0,0.0,0.0,0.0,0.0,0.0,0.0,0.0,0.0,0.0,0.0,0.0,0.0,0.0,0.0,0.0,0.0,0.0,0.0,0.0,0.0,0.0,0.0,0.0,0.0,0.0,0.0,0.0,0.0,0.0,0.0,0.0,0.0,0.0,0.0,0.0,0.0,0.0,0.0,0.0,0.0,0.0,0.0,0.0,0.0,0.0,we
0.7128714323043823,0.9119821786880493,3.3906607654898835e-07,0.713598370552063,0.7883840203285217,0.017561672255396843,0.6617943644523621,0.6996529698371887,0.027739213779568672,0.6108916401863098,0.6693097949028015,0.03566036745905876,0.5738984942436218,0.6637886762619019,0.043676696717739105,0.6060966849327087,0.6408810019493103,0.01168257836252451,0.5512872338294983,0.5400543212890625,0.020639322698116302,0.5176227688789368,0.48525744676589966,0.0273554977029562,0.49083206057548523,0.44352099299430847,0.031667567789554596,0.5611599087715149,0.6894446611404419,0.008004258386790752,0.49150335788726807,0.6395979523658752,0.02639184519648552,0.47832584381103516,0.6309065222740173,0.03819761797785759,0.47569864988327026,0.6273307800292969,0.044358931481838226,0.537724494934082,0.7462387681007385,0.007420720998197794,0.5158811807632446,0.7138461470603943,0.028333112597465515,0.5433120131492615,0.720191240310669,0.038381341844797134,0.566361129283905,0.7380192875862122,0.042025163769721985,0.5276322364807129,0.7991297245025635,0.007547382730990648,0.5283237099647522,0.7703969478607178,0.02787880226969719,0.5518267750740051,0.7729787826538086,0.04103529080748558,0.5717712044715881,0.7852840423583984,0.05030343681573868,0.0,0.0,0.0,0.0,0.0,0.0,0.0,0.0,0.0,0.0,0.0,0.0,0.0,0.0,0.0,0.0,0.0,0.0,0.0,0.0,0.0,0.0,0.0,0.0,0.0,0.0,0.0,0.0,0.0,0.0,0.0,0.0,0.0,0.0,0.0,0.0,0.0,0.0,0.0,0.0,0.0,0.0,0.0,0.0,0.0,0.0,0.0,0.0,0.0,0.0,0.0,0.0,0.0,0.0,0.0,0.0,0.0,0.0,0.0,0.0,0.0,0.0,0.0,we
0.7149746417999268,0.9137382507324219,4.56382764468799e-07,0.7196241617202759,0.7800869345664978,0.0022287361789494753,0.6716218590736389,0.6903865933418274,0.004316637758165598,0.6115127801895142,0.6666026711463928,0.005637104623019695,0.5663343071937561,0.6736348867416382,0.007521767169237137,0.6098978519439697,0.6363546848297119,0.0008441955433227122,0.5599569082260132,0.5378755927085876,-0.002760383766144514,0.5288055539131165,0.4829506576061249,-0.004504347685724497,0.5059074759483337,0.4491245448589325,-0.0038667614571750164,0.5651106238365173,0.6842032074928284,-0.0023145186714828014,0.49298009276390076,0.6196621656417847,-0.0017292482079938054,0.46487340331077576,0.5903983116149902,-0.001535128802061081,0.44982990622520447,0.5739408135414124,4.570732471620431e-06,0.5403717756271362,0.7403964400291443,-0.004364193417131901,0.5202453136444092,0.6891370415687561,-0.0038677924312651157,0.5441663265228271,0.6879714727401733,-0.0009168946999125183,0.5676977038383484,0.7044976949691772,0.003820633515715599,0.530479907989502,0.7897549271583557,-0.006549480836838484,0.531859278678894,0.7488880157470703,-0.0007108807913027704,0.553373396396637,0.7444449663162231,0.008358203805983067,0.5715872645378113,0.7570527791976929,0.01807849481701851,0.0,0.0,0.0,0.0,0.0,0.0,0.0,0.0,0.0,0.0,0.0,0.0,0.0,0.0,0.0,0.0,0.0,0.0,0.0,0.0,0.0,0.0,0.0,0.0,0.0,0.0,0.0,0.0,0.0,0.0,0.0,0.0,0.0,0.0,0.0,0.0,0.0,0.0,0.0,0.0,0.0,0.0,0.0,0.0,0.0,0.0,0.0,0.0,0.0,0.0,0.0,0.0,0.0,0.0,0.0,0.0,0.0,0.0,0.0,0.0,0.0,0.0,0.0,we
0.7121572494506836,0.9105331301689148,4.783605049851758e-07,0.7150841355323792,0.7748240828514099,0.006129011977463961,0.6681178212165833,0.6869369149208069,0.011482556350529194,0.6118656992912292,0.661891520023346,0.015648918226361275,0.5678481459617615,0.6686547994613647,0.020309315994381905,0.6109838485717773,0.6378970742225647,0.005696484819054604,0.5602248907089233,0.5360031127929688,0.006819991394877434,0.5296489000320435,0.47960615158081055,0.008983943611383438,0.5059630870819092,0.443311482667923,0.01189830619841814,0.5663558840751648,0.6854097247123718,0.0018046844052150846,0.49160701036453247,0.6175417900085449,0.00533568998798728,0.4669734239578247,0.590524435043335,0.007468077354133129,0.45552727580070496,0.5757615566253662,0.010731769725680351,0.5417365431785583,0.7415410280227661,-0.0005136309773661196,0.5216613411903381,0.6896529197692871,0.0033280604984611273,0.5472797155380249,0.6898515224456787,0.0071824523620307446,0.570365846157074,0.7047946453094482,0.012133140116930008,0.5310802459716797,0.7897979617118835,-0.0025323687586933374,0.5310559272766113,0.7458939552307129,0.0066993930377066135,0.5521678328514099,0.743264377117157,0.01729952171444893,0.5703225135803223,0.7547873854637146,0.027657894417643547,0.0,0.0,0.0,0.0,0.0,0.0,0.0,0.0,0.0,0.0,0.0,0.0,0.0,0.0,0.0,0.0,0.0,0.0,0.0,0.0,0.0,0.0,0.0,0.0,0.0,0.0,0.0,0.0,0.0,0.0,0.0,0.0,0.0,0.0,0.0,0.0,0.0,0.0,0.0,0.0,0.0,0.0,0.0,0.0,0.0,0.0,0.0,0.0,0.0,0.0,0.0,0.0,0.0,0.0,0.0,0.0,0.0,0.0,0.0,0.0,0.0,0.0,0.0,we
0.7186465263366699,0.8952229022979736,6.35236062862532e-07,0.7315731048583984,0.7613542079925537,0.0019473868887871504,0.6888522505760193,0.6671967506408691,0.0014890870079398155,0.6224431991577148,0.642142653465271,0.0010020076297223568,0.5745330452919006,0.6534736156463623,0.000869395793415606,0.6419675350189209,0.6114935874938965,-0.008850189857184887,0.5999994874000549,0.48825544118881226,-0.011632894165813923,0.5718449354171753,0.4220697581768036,-0.01219760999083519,0.5464257597923279,0.3747659921646118,-0.011257201433181763,0.5903128981590271,0.6584374904632568,-0.011252593249082565,0.5261576771736145,0.5723645687103271,-0.009716704487800598,0.4892890155315399,0.5343681573867798,-0.008199626579880714,0.4616377353668213,0.5121325254440308,-0.006909322924911976,0.5580630302429199,0.7136960029602051,-0.011182364076375961,0.5311272144317627,0.6472156047821045,-0.005855714902281761,0.5579425692558289,0.6502231955528259,0.002245698357000947,0.5830351710319519,0.6742970943450928,0.008942709304392338,0.5411374568939209,0.7620166540145874,-0.011255732737481594,0.5308025479316711,0.7004673480987549,9.527651855023578e-06,0.5544305443763733,0.7015677690505981,0.015775227919220924,0.5743985772132874,0.7218186855316162,0.02918233908712864,0.0,0.0,0.0,0.0,0.0,0.0,0.0,0.0,0.0,0.0,0.0,0.0,0.0,0.0,0.0,0.0,0.0,0.0,0.0,0.0,0.0,0.0,0.0,0.0,0.0,0.0,0.0,0.0,0.0,0.0,0.0,0.0,0.0,0.0,0.0,0.0,0.0,0.0,0.0,0.0,0.0,0.0,0.0,0.0,0.0,0.0,0.0,0.0,0.0,0.0,0.0,0.0,0.0,0.0,0.0,0.0,0.0,0.0,0.0,0.0,0.0,0.0,0.0,we
0.7125552892684937,0.9049317836761475,7.293978114830679e-07,0.7325631380081177,0.7712694406509399,-0.005405200179666281,0.696482241153717,0.6652870178222656,-0.012294705025851727,0.6283791065216064,0.6314648985862732,-0.01738097332417965,0.5771938562393188,0.6310209631919861,-0.022179752588272095,0.6522625088691711,0.6289128661155701,-0.035604555159807205,0.6152653694152832,0.48491907119750977,-0.04986979067325592,0.5892917513847351,0.4070574641227722,-0.05560702085494995,0.5666463971138,0.3494151830673218,-0.05689648538827896,0.5968875885009766,0.6743619441986084,-0.03541462868452072,0.5348269939422607,0.5643200278282166,-0.04290573671460152,0.49440842866897583,0.5052096843719482,-0.0428328737616539,0.4604138731956482,0.4688637852668762,-0.04270587116479874,0.5616934895515442,0.7232092618942261,-0.03216426819562912,0.5321857929229736,0.6347929835319519,-0.03342985361814499,0.5623731017112732,0.6318956017494202,-0.022821679711341858,0.5874216556549072,0.65623939037323,-0.01347670704126358,0.5430918335914612,0.7663732171058655,-0.029505480080842972,0.5312251448631287,0.6850743293762207,-0.02350378781557083,0.5542894005775452,0.6807883977890015,-0.007663769647479057,0.5736380815505981,0.7001581192016602,0.00640063127502799,0.0,0.0,0.0,0.0,0.0,0.0,0.0,0.0,0.0,0.0,0.0,0.0,0.0,0.0,0.0,0.0,0.0,0.0,0.0,0.0,0.0,0.0,0.0,0.0,0.0,0.0,0.0,0.0,0.0,0.0,0.0,0.0,0.0,0.0,0.0,0.0,0.0,0.0,0.0,0.0,0.0,0.0,0.0,0.0,0.0,0.0,0.0,0.0,0.0,0.0,0.0,0.0,0.0,0.0,0.0,0.0,0.0,0.0,0.0,0.0,0.0,0.0,0.0,we
0.7065795660018921,0.9067068696022034,6.988927339079964e-07,0.7219676375389099,0.773148238658905,0.0005587458144873381,0.6805781126022339,0.6741653084754944,-0.0017017473001033068,0.6145331859588623,0.659489095211029,-0.004207531455904245,0.5670552849769592,0.6779642105102539,-0.006652181968092918,0.6383032202720642,0.6286793947219849,-0.015480868518352509,0.6075078248977661,0.4978766441345215,-0.022084686905145645,0.5835967063903809,0.4261273443698883,-0.023640107363462448,0.5626727938652039,0.37379854917526245,-0.023297138512134552,0.5852475166320801,0.6692741513252258,-0.01865493133664131,0.5265713334083557,0.5742512345314026,-0.022431736811995506,0.4928138256072998,0.5203675627708435,-0.022575773298740387,0.46637898683547974,0.48487338423728943,-0.02256382629275322,0.5510702133178711,0.7186708450317383,-0.019470056518912315,0.5286098718643188,0.6483545899391174,-0.020205970853567123,0.5595400929450989,0.649893581867218,-0.014491656795144081,0.5839263796806335,0.6729666590690613,-0.008398043923079967,0.533435046672821,0.7633178234100342,-0.020252954214811325,0.5281693339347839,0.7014957070350647,-0.014305202290415764,0.5516343712806702,0.7005617618560791,-0.0018943436443805695,0.5683692693710327,0.7194664478302002,0.009373356588184834,0.0,0.0,0.0,0.0,0.0,0.0,0.0,0.0,0.0,0.0,0.0,0.0,0.0,0.0,0.0,0.0,0.0,0.0,0.0,0.0,0.0,0.0,0.0,0.0,0.0,0.0,0.0,0.0,0.0,0.0,0.0,0.0,0.0,0.0,0.0,0.0,0.0,0.0,0.0,0.0,0.0,0.0,0.0,0.0,0.0,0.0,0.0,0.0,0.0,0.0,0.0,0.0,0.0,0.0,0.0,0.0,0.0,0.0,0.0,0.0,0.0,0.0,0.0,we
0.7048545479774475,0.9051308035850525,4.171736236457946e-07,0.7053852081298828,0.7746357321739197,0.011767937801778316,0.6558270454406738,0.6911083459854126,0.019847357645630836,0.6054911017417908,0.6645041704177856,0.026173090562224388,0.5642774105072021,0.6688501238822937,0.03287864103913307,0.604148805141449,0.6365472674369812,0.010557438246905804,0.5556564927101135,0.5334411263465881,0.019200695678591728,0.5232823491096497,0.480097234249115,0.026495231315493584,0.49689507484436035,0.44327956438064575,0.031428541988134384,0.5590412020683289,0.6850565075874329,0.007098192814737558,0.4891303479671478,0.627792239189148,0.019230592995882034,0.4752938747406006,0.6133951544761658,0.0264400914311409,0.4748890697956085,0.6080252528190613,0.03133697435259819,0.5353356003761292,0.7417176961898804,0.0061794244684278965,0.5207371115684509,0.7021860480308533,0.01882549375295639,0.5482096672058105,0.7063506245613098,0.024672839790582657,0.5705195069313049,0.7234233617782593,0.028321165591478348,0.5250173807144165,0.7922722697257996,0.005892218090593815,0.5287574529647827,0.7556967735290527,0.021072156727313995,0.551376461982727,0.7563138008117676,0.032617319375276566,0.5708330273628235,0.7676597833633423,0.04209309071302414,0.0,0.0,0.0,0.0,0.0,0.0,0.0,0.0,0.0,0.0,0.0,0.0,0.0,0.0,0.0,0.0,0.0,0.0,0.0,0.0,0.0,0.0,0.0,0.0,0.0,0.0,0.0,0.0,0.0,0.0,0.0,0.0,0.0,0.0,0.0,0.0,0.0,0.0,0.0,0.0,0.0,0.0,0.0,0.0,0.0,0.0,0.0,0.0,0.0,0.0,0.0,0.0,0.0,0.0,0.0,0.0,0.0,0.0,0.0,0.0,0.0,0.0,0.0,we
0.7036640048027039,0.9071488380432129,4.188669606719486e-07,0.7037190198898315,0.7749197483062744,0.01093000452965498,0.654143214225769,0.6908934116363525,0.017975889146327972,0.5970136523246765,0.6632815003395081,0.02381346933543682,0.5541501641273499,0.6656044125556946,0.030278461053967476,0.6061350703239441,0.6358000040054321,0.007426158990710974,0.5551162958145142,0.5318076014518738,0.014227742329239845,0.5244431495666504,0.4795116186141968,0.022161109372973442,0.5000608563423157,0.444884330034256,0.028310002759099007,0.5602802634239197,0.6859205961227417,0.003231815993785858,0.4859614372253418,0.6231318116188049,0.01189805381000042,0.47395116090774536,0.6080644130706787,0.01956401765346527,0.4766961634159088,0.6024225354194641,0.026782691478729248,0.535733163356781,0.7438848614692688,0.0015999143943190575,0.5175517797470093,0.6967523694038391,0.011581008322536945,0.5427916049957275,0.6979753375053406,0.018575992435216904,0.5646843910217285,0.7118691802024841,0.024307148531079292,0.524482786655426,0.7933738827705383,0.0007856969605199993,0.5247181057929993,0.7490235567092896,0.015137987211346626,0.5464537143707275,0.7480812072753906,0.028300996869802475,0.5645949840545654,0.7582207322120667,0.03970124572515488,0.0,0.0,0.0,0.0,0.0,0.0,0.0,0.0,0.0,0.0,0.0,0.0,0.0,0.0,0.0,0.0,0.0,0.0,0.0,0.0,0.0,0.0,0.0,0.0,0.0,0.0,0.0,0.0,0.0,0.0,0.0,0.0,0.0,0.0,0.0,0.0,0.0,0.0,0.0,0.0,0.0,0.0,0.0,0.0,0.0,0.0,0.0,0.0,0.0,0.0,0.0,0.0,0.0,0.0,0.0,0.0,0.0,0.0,0.0,0.0,0.0,0.0,0.0,we
0.711801290512085,0.9043023586273193,5.707679520128295e-07,0.7202762961387634,0.7757588028907776,-0.0028513181023299694,0.6746168732643127,0.6815416216850281,-0.0034725170116871595,0.6139312386512756,0.64943528175354,-0.0038109654560685158,0.5680456757545471,0.6523343324661255,-0.003619467606768012,0.6151167154312134,0.6285920143127441,-0.007905571721494198,0.5653859376907349,0.521075427532196,-0.013776076957583427,0.5332962870597839,0.45819371938705444,-0.016434064134955406,0.5081344842910767,0.4161606431007385,-0.01618366874754429,0.5688783526420593,0.6748186349868774,-0.009730675257742405,0.49603521823883057,0.600165843963623,-0.011569786816835403,0.45994341373443604,0.561079740524292,-0.01183418370783329,0.4360095262527466,0.5372284650802612,-0.010399936698377132,0.5419172644615173,0.7308157682418823,-0.010546009056270123,0.5169128775596619,0.6768681406974792,-0.012273827567696571,0.5418717265129089,0.678007185459137,-0.0081337234005332,0.5671823024749756,0.6967660188674927,-0.0017588180489838123,0.5294091105461121,0.7814691066741943,-0.011939940974116325,0.5262120366096497,0.7350333333015442,-0.007675645872950554,0.5478729009628296,0.7324063777923584,0.0024871621280908585,0.566490113735199,0.7458600997924805,0.013487796299159527,0.0,0.0,0.0,0.0,0.0,0.0,0.0,0.0,0.0,0.0,0.0,0.0,0.0,0.0,0.0,0.0,0.0,0.0,0.0,0.0,0.0,0.0,0.0,0.0,0.0,0.0,0.0,0.0,0.0,0.0,0.0,0.0,0.0,0.0,0.0,0.0,0.0,0.0,0.0,0.0,0.0,0.0,0.0,0.0,0.0,0.0,0.0,0.0,0.0,0.0,0.0,0.0,0.0,0.0,0.0,0.0,0.0,0.0,0.0,0.0,0.0,0.0,0.0,we
0.7122794389724731,0.9032561182975769,7.396658361358277e-07,0.7328137159347534,0.7716365456581116,-0.0019627611618489027,0.701141893863678,0.6712387800216675,-0.007400154136121273,0.6356990933418274,0.651243269443512,-0.01234415639191866,0.5873927474021912,0.6629022359848022,-0.017543233931064606,0.6516228914260864,0.6210981011390686,-0.023604009300470352,0.6153665781021118,0.4901386499404907,-0.035863276571035385,0.5947108268737793,0.416988343000412,-0.04160992428660393,0.5771692395210266,0.35978636145591736,-0.04281868785619736,0.5972826480865479,0.6612489819526672,-0.026289083063602448,0.5393471717834473,0.5545943975448608,-0.03111419826745987,0.5031346082687378,0.49658769369125366,-0.031198345124721527,0.47305503487586975,0.45842817425727844,-0.03112602047622204,0.5618302822113037,0.7094002962112427,-0.026546897366642952,0.5358104705810547,0.631528377532959,-0.02699967660009861,0.5646679401397705,0.6331764459609985,-0.018847743049263954,0.588470458984375,0.657375156879425,-0.011355374939739704,0.54329514503479,0.7529260516166687,-0.02716703899204731,0.5349767804145813,0.6842231750488281,-0.020375903695821762,0.5599104166030884,0.6841477155685425,-0.004819987807422876,0.5781500935554504,0.7048054933547974,0.008749084547162056,0.0,0.0,0.0,0.0,0.0,0.0,0.0,0.0,0.0,0.0,0.0,0.0,0.0,0.0,0.0,0.0,0.0,0.0,0.0,0.0,0.0,0.0,0.0,0.0,0.0,0.0,0.0,0.0,0.0,0.0,0.0,0.0,0.0,0.0,0.0,0.0,0.0,0.0,0.0,0.0,0.0,0.0,0.0,0.0,0.0,0.0,0.0,0.0,0.0,0.0,0.0,0.0,0.0,0.0,0.0,0.0,0.0,0.0,0.0,0.0,0.0,0.0,0.0,we
0.7062985301017761,0.9030297994613647,7.548347866759286e-07,0.7318282127380371,0.775692343711853,-0.008149462752044201,0.6992499828338623,0.6694236993789673,-0.016540417447686195,0.6293768286705017,0.633088231086731,-0.022163931280374527,0.576984167098999,0.6306378841400146,-0.02740064635872841,0.6579138040542603,0.6288036108016968,-0.04012066498398781,0.628318727016449,0.48088356852531433,-0.05585698038339615,0.6071711182594299,0.4014089107513428,-0.06275375932455063,0.5884717702865601,0.34204554557800293,-0.064759261906147,0.5979058146476746,0.6700176000595093,-0.03800537809729576,0.5412986278533936,0.5537326335906982,-0.04573419317603111,0.5006758570671082,0.4931439757347107,-0.04628874361515045,0.46459949016571045,0.4573686718940735,-0.0465405248105526,0.5597683787345886,0.7156810164451599,-0.03278291970491409,0.534776508808136,0.6270331144332886,-0.03366328403353691,0.5677228569984436,0.6260467767715454,-0.02375781536102295,0.5923362970352173,0.6523200869560242,-0.015049927867949009,0.5404678583145142,0.75681471824646,-0.02831212244927883,0.5354580283164978,0.6762815117835999,-0.023295175284147263,0.5595917105674744,0.67421954870224,-0.008752549067139626,0.5771397948265076,0.695147693157196,0.004533872008323669,0.0,0.0,0.0,0.0,0.0,0.0,0.0,0.0,0.0,0.0,0.0,0.0,0.0,0.0,0.0,0.0,0.0,0.0,0.0,0.0,0.0,0.0,0.0,0.0,0.0,0.0,0.0,0.0,0.0,0.0,0.0,0.0,0.0,0.0,0.0,0.0,0.0,0.0,0.0,0.0,0.0,0.0,0.0,0.0,0.0,0.0,0.0,0.0,0.0,0.0,0.0,0.0,0.0,0.0,0.0,0.0,0.0,0.0,0.0,0.0,0.0,0.0,0.0,we
0.707484245300293,0.9026367664337158,7.913217814348172e-07,0.7329245209693909,0.7746400237083435,-0.006777774542570114,0.6985284090042114,0.6676070094108582,-0.013879597187042236,0.6309359669685364,0.6346487402915955,-0.01904255896806717,0.5791020393371582,0.6321648359298706,-0.024204913526773453,0.6565807461738586,0.6285871267318726,-0.03749139606952667,0.6275436878204346,0.4834938049316406,-0.05335257574915886,0.6061052680015564,0.4036576747894287,-0.06037159636616707,0.5876480937004089,0.34312742948532104,-0.062315624207258224,0.5977239012718201,0.6711938977241516,-0.036210060119628906,0.5409210920333862,0.5563817024230957,-0.045493267476558685,0.5013055801391602,0.49038803577423096,-0.04693347215652466,0.4660218358039856,0.44811925292015076,-0.04747162014245987,0.5601363182067871,0.7190578579902649,-0.03183244168758392,0.5324348211288452,0.6301447153091431,-0.03535490855574608,0.566033124923706,0.6342729330062866,-0.026041587814688683,0.5907796025276184,0.6638094782829285,-0.016730614006519318,0.5417230129241943,0.7619280815124512,-0.02795129269361496,0.5362138152122498,0.6819925904273987,-0.02487405575811863,0.5616769194602966,0.684847354888916,-0.010431603528559208,0.5805183053016663,0.7090966701507568,0.003297364804893732,0.0,0.0,0.0,0.0,0.0,0.0,0.0,0.0,0.0,0.0,0.0,0.0,0.0,0.0,0.0,0.0,0.0,0.0,0.0,0.0,0.0,0.0,0.0,0.0,0.0,0.0,0.0,0.0,0.0,0.0,0.0,0.0,0.0,0.0,0.0,0.0,0.0,0.0,0.0,0.0,0.0,0.0,0.0,0.0,0.0,0.0,0.0,0.0,0.0,0.0,0.0,0.0,0.0,0.0,0.0,0.0,0.0,0.0,0.0,0.0,0.0,0.0,0.0,we
0.700110912322998,0.9072502255439758,7.372697723440069e-07,0.7184445858001709,0.7789742946624756,-0.003811216913163662,0.6831541657447815,0.6731662750244141,-0.006915052887052298,0.6186364889144897,0.6505509614944458,-0.009857538156211376,0.5702883005142212,0.6638783812522888,-0.012544408440589905,0.6317891478538513,0.6299858093261719,-0.015785735100507736,0.6075337529182434,0.5008518695831299,-0.025431005284190178,0.5895857810974121,0.42607542872428894,-0.030951911583542824,0.5737807750701904,0.36994296312332153,-0.03333493322134018,0.5796896815299988,0.671016275882721,-0.018438223749399185,0.5263299942016602,0.5755100250244141,-0.024186884984374046,0.4941600561141968,0.5216573476791382,-0.026409463956952095,0.4676004946231842,0.4846871495246887,-0.027927860617637634,0.5470985174179077,0.7210610508918762,-0.01963447406888008,0.5295835733413696,0.6438024044036865,-0.022783244028687477,0.5594673752784729,0.6481902599334717,-0.015532903373241425,0.581892728805542,0.6740984916687012,-0.008117376826703548,0.5310607552528381,0.7677585482597351,-0.021442091092467308,0.5266631245613098,0.6983708143234253,-0.01740770973265171,0.5503498911857605,0.6980322003364563,-0.0033726957626640797,0.5666458010673523,0.7186330556869507,0.009257749654352665,0.0,0.0,0.0,0.0,0.0,0.0,0.0,0.0,0.0,0.0,0.0,0.0,0.0,0.0,0.0,0.0,0.0,0.0,0.0,0.0,0.0,0.0,0.0,0.0,0.0,0.0,0.0,0.0,0.0,0.0,0.0,0.0,0.0,0.0,0.0,0.0,0.0,0.0,0.0,0.0,0.0,0.0,0.0,0.0,0.0,0.0,0.0,0.0,0.0,0.0,0.0,0.0,0.0,0.0,0.0,0.0,0.0,0.0,0.0,0.0,0.0,0.0,0.0,we
0.7060556411743164,0.9075618982315063,4.444772514489159e-07,0.7005798816680908,0.7810465097427368,0.016353443264961243,0.6454383134841919,0.698913037776947,0.0261923186480999,0.5945133566856384,0.6840305328369141,0.033002376556396484,0.5527530312538147,0.701216995716095,0.03985055536031723,0.5960065722465515,0.6458916664123535,0.01687769405543804,0.5458744168281555,0.5418475270271301,0.030691390857100487,0.5165352821350098,0.4904923439025879,0.04158826544880867,0.49271419644355774,0.45377564430236816,0.04934602603316307,0.5546349883079529,0.697439968585968,0.013424133881926537,0.4943922162055969,0.6490227580070496,0.034276582300662994,0.4726974070072174,0.6346386075019836,0.04332071170210838,0.4611935615539551,0.6242870688438416,0.048191171139478683,0.5339428186416626,0.7549245357513428,0.012971563264727592,0.5236130952835083,0.7278785705566406,0.0359148271381855,0.5472249388694763,0.7289512157440186,0.040374357253313065,0.5663743615150452,0.738938570022583,0.04077312350273132,0.5250893235206604,0.8075543642044067,0.01332832034677267,0.532124936580658,0.7815139889717102,0.03702865168452263,0.555266261100769,0.7822322845458984,0.04966243728995323,0.5759748220443726,0.7912648320198059,0.058536022901535034,0.0,0.0,0.0,0.0,0.0,0.0,0.0,0.0,0.0,0.0,0.0,0.0,0.0,0.0,0.0,0.0,0.0,0.0,0.0,0.0,0.0,0.0,0.0,0.0,0.0,0.0,0.0,0.0,0.0,0.0,0.0,0.0,0.0,0.0,0.0,0.0,0.0,0.0,0.0,0.0,0.0,0.0,0.0,0.0,0.0,0.0,0.0,0.0,0.0,0.0,0.0,0.0,0.0,0.0,0.0,0.0,0.0,0.0,0.0,0.0,0.0,0.0,0.0,we
0.7151641845703125,0.9067691564559937,4.633883747828804e-07,0.7192665338516235,0.7750436663627625,0.0025043797213584185,0.6720585823059082,0.682439386844635,0.0052374000661075115,0.6151012182235718,0.6477422714233398,0.007496701553463936,0.5734981894493103,0.6501097083091736,0.010193828493356705,0.6096141934394836,0.6322951912879944,0.003033736953511834,0.5603640079498291,0.5288208723068237,0.003282541874796152,0.5311498641967773,0.4699690639972687,0.0034800840076059103,0.5072526931762695,0.43052664399147034,0.004585571121424437,0.5662726759910583,0.6802266240119934,0.0006138180615380406,0.5028186440467834,0.6094983816146851,0.004702247679233551,0.48118650913238525,0.5833436846733093,0.005904290359467268,0.4689120650291443,0.5723305344581604,0.007481461390852928,0.5423633456230164,0.7375097870826721,-0.0004376177384983748,0.5231959223747253,0.6810057759284973,0.004513732623308897,0.5485399961471558,0.6803014874458313,0.009349426254630089,0.5727100968360901,0.6988290548324585,0.013967819511890411,0.531578540802002,0.7887780666351318,-0.0016578739741817117,0.5289372205734253,0.7388579845428467,0.0077666910365223885,0.5515018105506897,0.7358675003051758,0.019334755837917328,0.5703860521316528,0.7513903379440308,0.02983417920768261,0.0,0.0,0.0,0.0,0.0,0.0,0.0,0.0,0.0,0.0,0.0,0.0,0.0,0.0,0.0,0.0,0.0,0.0,0.0,0.0,0.0,0.0,0.0,0.0,0.0,0.0,0.0,0.0,0.0,0.0,0.0,0.0,0.0,0.0,0.0,0.0,0.0,0.0,0.0,0.0,0.0,0.0,0.0,0.0,0.0,0.0,0.0,0.0,0.0,0.0,0.0,0.0,0.0,0.0,0.0,0.0,0.0,0.0,0.0,0.0,0.0,0.0,0.0,we
0.7161942720413208,0.897087574005127,7.063654265948571e-07,0.7277382016181946,0.7672852277755737,-0.005810820963233709,0.6855552196502686,0.6682054400444031,-0.010585370473563671,0.6181877851486206,0.6448951363563538,-0.015177952125668526,0.5694109201431274,0.660460352897644,-0.019556697458028793,0.6279380321502686,0.6130890846252441,-0.014824539422988892,0.580100953578949,0.4883079528808594,-0.02505611814558506,0.546589195728302,0.41718417406082153,-0.030086293816566467,0.5164830088615417,0.3669458031654358,-0.0315779484808445,0.5803473591804504,0.6596639156341553,-0.01754545420408249,0.5152247548103333,0.5719926953315735,-0.02618638426065445,0.4769909977912903,0.5324935913085938,-0.02972428873181343,0.44647616147994995,0.5102556347846985,-0.029610542580485344,0.5510305166244507,0.7148759365081787,-0.01893589086830616,0.5307455062866211,0.6562654972076416,-0.025591367855668068,0.557045042514801,0.6637718677520752,-0.019925598055124283,0.5805462002754211,0.6882867813110352,-0.011238764971494675,0.534338653087616,0.7674087882041931,-0.02108593098819256,0.530186116695404,0.7118033170700073,-0.018079686909914017,0.5531629323959351,0.7164229154586792,-0.004295845050364733,0.5698944330215454,0.7373090982437134,0.009637683629989624,0.0,0.0,0.0,0.0,0.0,0.0,0.0,0.0,0.0,0.0,0.0,0.0,0.0,0.0,0.0,0.0,0.0,0.0,0.0,0.0,0.0,0.0,0.0,0.0,0.0,0.0,0.0,0.0,0.0,0.0,0.0,0.0,0.0,0.0,0.0,0.0,0.0,0.0,0.0,0.0,0.0,0.0,0.0,0.0,0.0,0.0,0.0,0.0,0.0,0.0,0.0,0.0,0.0,0.0,0.0,0.0,0.0,0.0,0.0,0.0,0.0,0.0,0.0,we
0.7127084732055664,0.9021004438400269,6.930013682904246e-07,0.7285676002502441,0.7686034440994263,-0.0011307975510135293,0.6909134984016418,0.6664771437644958,-0.007200933992862701,0.6232568025588989,0.6391583681106567,-0.012537408620119095,0.5733557939529419,0.6477686166763306,-0.01774214208126068,0.6466342806816101,0.6269761919975281,-0.029107743874192238,0.6106873154640198,0.48350027203559875,-0.042937759310007095,0.5879343748092651,0.40651604533195496,-0.049648892134428024,0.5672909617424011,0.3467058539390564,-0.05192384868860245,0.5917036533355713,0.670914351940155,-0.031058255583047867,0.5323054194450378,0.5635994672775269,-0.03754708543419838,0.49364757537841797,0.5104491710662842,-0.03744884952902794,0.4606733024120331,0.4783398509025574,-0.03771653026342392,0.5564231872558594,0.7179141044616699,-0.02988949418067932,0.5302568078041077,0.6245444416999817,-0.028899013996124268,0.5606572031974792,0.6217442154884338,-0.016644885763525963,0.5848371982574463,0.6449863314628601,-0.007123481947928667,0.5381702184677124,0.7586734294891357,-0.029228191822767258,0.5289180278778076,0.6752939224243164,-0.02035127952694893,0.5522497296333313,0.6714146733283997,-0.002313735894858837,0.5706294178962708,0.690271258354187,0.012591175734996796,0.0,0.0,0.0,0.0,0.0,0.0,0.0,0.0,0.0,0.0,0.0,0.0,0.0,0.0,0.0,0.0,0.0,0.0,0.0,0.0,0.0,0.0,0.0,0.0,0.0,0.0,0.0,0.0,0.0,0.0,0.0,0.0,0.0,0.0,0.0,0.0,0.0,0.0,0.0,0.0,0.0,0.0,0.0,0.0,0.0,0.0,0.0,0.0,0.0,0.0,0.0,0.0,0.0,0.0,0.0,0.0,0.0,0.0,0.0,0.0,0.0,0.0,0.0,we
0.7131059169769287,0.8996721506118774,7.54601842345437e-07,0.7280892133712769,0.769191324710846,-0.0027063582092523575,0.6880963444709778,0.6677034497261047,-0.008158080279827118,0.6196854710578918,0.642584502696991,-0.012791760265827179,0.5700281858444214,0.6479997038841248,-0.017110507935285568,0.6472328305244446,0.6249915957450867,-0.027419008314609528,0.6120011806488037,0.4824274778366089,-0.0403827503323555,0.588826060295105,0.40474674105644226,-0.046328574419021606,0.5680740475654602,0.34548071026802063,-0.04813733324408531,0.5922836065292358,0.669059157371521,-0.02810320444405079,0.5327883362770081,0.5653538107872009,-0.034683264791965485,0.496194988489151,0.5085731148719788,-0.03513602167367935,0.46503859758377075,0.47152963280677795,-0.035442303866147995,0.5563415884971619,0.7162138819694519,-0.026043107733130455,0.53202223777771,0.6294717788696289,-0.026487259194254875,0.5626800060272217,0.6265934109687805,-0.016574105247855186,0.5862677693367004,0.6495970487594604,-0.007799322251230478,0.5377732515335083,0.7575730681419373,-0.024550067260861397,0.5319926142692566,0.6789355874061584,-0.018256619572639465,0.555357038974762,0.673169732093811,-0.003278419142588973,0.5733498930931091,0.6892547607421875,0.010167823173105717,0.0,0.0,0.0,0.0,0.0,0.0,0.0,0.0,0.0,0.0,0.0,0.0,0.0,0.0,0.0,0.0,0.0,0.0,0.0,0.0,0.0,0.0,0.0,0.0,0.0,0.0,0.0,0.0,0.0,0.0,0.0,0.0,0.0,0.0,0.0,0.0,0.0,0.0,0.0,0.0,0.0,0.0,0.0,0.0,0.0,0.0,0.0,0.0,0.0,0.0,0.0,0.0,0.0,0.0,0.0,0.0,0.0,0.0,0.0,0.0,0.0,0.0,0.0,we
0.7095820903778076,0.903234601020813,6.166343382574269e-07,0.7184666991233826,0.7736377120018005,0.0015023724408820271,0.6731474995613098,0.6760357022285461,0.000986226717941463,0.615389883518219,0.6450372934341431,0.0001854407018981874,0.5713318586349487,0.6471906900405884,-0.0004838464083150029,0.6159244179725647,0.6250917315483093,-0.011412289924919605,0.5750366449356079,0.4963867664337158,-0.016391701996326447,0.5448583364486694,0.42525914311408997,-0.01929355226457119,0.5173327922821045,0.3729279637336731,-0.020999116823077202,0.5684381127357483,0.6690918207168579,-0.01516058761626482,0.5145770311355591,0.5833694338798523,-0.014876743778586388,0.48696470260620117,0.547580361366272,-0.015130743384361267,0.46387404203414917,0.5241495370864868,-0.016170887276530266,0.5419349074363708,0.7233688831329346,-0.016626162454485893,0.5312438011169434,0.6582105755805969,-0.01348561979830265,0.5603628158569336,0.6574286222457886,-0.005827846471220255,0.582442045211792,0.675015926361084,-0.00031982865766622126,0.5303128361701965,0.7743124961853027,-0.018474513664841652,0.5310027003288269,0.715217113494873,-0.010728935711085796,0.5545175075531006,0.7131491899490356,0.003233626252040267,0.5715816020965576,0.7289707064628601,0.015055694617331028,0.0,0.0,0.0,0.0,0.0,0.0,0.0,0.0,0.0,0.0,0.0,0.0,0.0,0.0,0.0,0.0,0.0,0.0,0.0,0.0,0.0,0.0,0.0,0.0,0.0,0.0,0.0,0.0,0.0,0.0,0.0,0.0,0.0,0.0,0.0,0.0,0.0,0.0,0.0,0.0,0.0,0.0,0.0,0.0,0.0,0.0,0.0,0.0,0.0,0.0,0.0,0.0,0.0,0.0,0.0,0.0,0.0,0.0,0.0,0.0,0.0,0.0,0.0,we
0.7129162549972534,0.9159881472587585,2.952541535705677e-07,0.7162836790084839,0.7880632877349854,0.01250537857413292,0.6662691831588745,0.697861909866333,0.01985432207584381,0.6130934953689575,0.657903254032135,0.025999033823609352,0.5735712051391602,0.6499930024147034,0.031782299280166626,0.602677047252655,0.6442645788192749,0.0035242612939327955,0.5469873547554016,0.5405000448226929,0.011899121105670929,0.5142323970794678,0.4844854176044464,0.018085429444909096,0.4859522581100464,0.4429005980491638,0.02096731774508953,0.5579878687858582,0.6909285187721252,0.0004544839321170002,0.5057163238525391,0.6332030892372131,0.016483629122376442,0.512679934501648,0.6279360055923462,0.026220709085464478,0.5248795747756958,0.6300208568572998,0.0298844575881958,0.5364908576011658,0.7480993270874023,0.0008293918799608946,0.5176606178283691,0.6994436383247375,0.018704921007156372,0.5419347286224365,0.6999742388725281,0.029361674562096596,0.5638214945793152,0.7144157290458679,0.03188265860080719,0.5296326875686646,0.7987070679664612,0.0018290141597390175,0.5257623195648193,0.7579368948936462,0.019188396632671356,0.548086941242218,0.7559783458709717,0.03324228897690773,0.5673556327819824,0.7680034041404724,0.042495544999837875,0.0,0.0,0.0,0.0,0.0,0.0,0.0,0.0,0.0,0.0,0.0,0.0,0.0,0.0,0.0,0.0,0.0,0.0,0.0,0.0,0.0,0.0,0.0,0.0,0.0,0.0,0.0,0.0,0.0,0.0,0.0,0.0,0.0,0.0,0.0,0.0,0.0,0.0,0.0,0.0,0.0,0.0,0.0,0.0,0.0,0.0,0.0,0.0,0.0,0.0,0.0,0.0,0.0,0.0,0.0,0.0,0.0,0.0,0.0,0.0,0.0,0.0,0.0,we
0.7145284414291382,0.9112792015075684,3.9965831888366665e-07,0.7201516628265381,0.7774351835250854,0.001992957666516304,0.6731342673301697,0.6831299662590027,0.002461568918079138,0.6131643056869507,0.6546011567115784,0.0022321592550724745,0.5695226788520813,0.6599352955818176,0.0019585955888032913,0.6154196858406067,0.6327714920043945,-0.0027474481612443924,0.5623104572296143,0.531562328338623,-0.009161819703876972,0.5324873924255371,0.4739876687526703,-0.01225221436470747,0.5109913349151611,0.43655723333358765,-0.012980294413864613,0.5709055066108704,0.6778436899185181,-0.006205691024661064,0.5070801973342896,0.6037188768386841,-0.009018664248287678,0.5010853409767151,0.5836718082427979,-0.0081565473228693,0.5048108696937561,0.5776851773262024,-0.005903981160372496,0.5443423390388489,0.7327345013618469,-0.008536121807992458,0.5197250247001648,0.6702299118041992,-0.009711512364447117,0.5444232225418091,0.6699140071868896,-0.0037538683973252773,0.5692594051361084,0.687711238861084,0.0022354889661073685,0.5308654308319092,0.7815176844596863,-0.010834834538400173,0.5247552394866943,0.7300778031349182,-0.006153753958642483,0.5469337105751038,0.7262902855873108,0.004492178559303284,0.5652398467063904,0.7408700585365295,0.014658432453870773,0.0,0.0,0.0,0.0,0.0,0.0,0.0,0.0,0.0,0.0,0.0,0.0,0.0,0.0,0.0,0.0,0.0,0.0,0.0,0.0,0.0,0.0,0.0,0.0,0.0,0.0,0.0,0.0,0.0,0.0,0.0,0.0,0.0,0.0,0.0,0.0,0.0,0.0,0.0,0.0,0.0,0.0,0.0,0.0,0.0,0.0,0.0,0.0,0.0,0.0,0.0,0.0,0.0,0.0,0.0,0.0,0.0,0.0,0.0,0.0,0.0,0.0,0.0,we
0.7241218090057373,0.9064686894416809,6.818584097345592e-07,0.7440632581710815,0.7692700028419495,-0.0050622690469026566,0.7047557234764099,0.6588079333305359,-0.008066886104643345,0.6424862742424011,0.6104274392127991,-0.009680616669356823,0.5949382185935974,0.5968626737594604,-0.010113890282809734,0.6573708653450012,0.6197409629821777,-0.02148348279297352,0.6205582618713379,0.48505157232284546,-0.032783735543489456,0.5993308424949646,0.40979745984077454,-0.038005877286195755,0.580939769744873,0.35257309675216675,-0.03950147703289986,0.6042611598968506,0.6590758562088013,-0.02185315266251564,0.5502349138259888,0.5537159442901611,-0.028739316388964653,0.5157857537269592,0.4946269989013672,-0.030326727777719498,0.4874081015586853,0.45524927973747253,-0.031278569251298904,0.5688858032226562,0.706422746181488,-0.020527426153421402,0.5473967790603638,0.6119548678398132,-0.02298951894044876,0.5762093663215637,0.6070147156715393,-0.01502250786870718,0.6008726358413696,0.6283614635467529,-0.007545001804828644,0.5507935285568237,0.7475684285163879,-0.019939230754971504,0.5441933870315552,0.6662129759788513,-0.01541141141206026,0.5674533247947693,0.6577697992324829,-0.0023224472533911467,0.585418164730072,0.6742541790008545,0.009557939134538174,0.0,0.0,0.0,0.0,0.0,0.0,0.0,0.0,0.0,0.0,0.0,0.0,0.0,0.0,0.0,0.0,0.0,0.0,0.0,0.0,0.0,0.0,0.0,0.0,0.0,0.0,0.0,0.0,0.0,0.0,0.0,0.0,0.0,0.0,0.0,0.0,0.0,0.0,0.0,0.0,0.0,0.0,0.0,0.0,0.0,0.0,0.0,0.0,0.0,0.0,0.0,0.0,0.0,0.0,0.0,0.0,0.0,0.0,0.0,0.0,0.0,0.0,0.0,we
0.722872793674469,0.9069907665252686,6.873611937407986e-07,0.7457088828086853,0.7706374526023865,-0.0037552949506789446,0.7081461548805237,0.66338050365448,-0.007819551043212414,0.6451478004455566,0.6240947842597961,-0.011005952954292297,0.5962473154067993,0.621446430683136,-0.013598337769508362,0.6625548601150513,0.6233388781547546,-0.02373514138162136,0.6224090456962585,0.4880024194717407,-0.035252638161182404,0.5995444059371948,0.4114123582839966,-0.041288431733846664,0.5796957015991211,0.3538931906223297,-0.043639253824949265,0.6088671088218689,0.6636025905609131,-0.025225745514035225,0.5519276857376099,0.5544661283493042,-0.032801758497953415,0.5130431652069092,0.491933137178421,-0.03607670217752457,0.47912168502807617,0.45132237672805786,-0.03856435790657997,0.5730242729187012,0.7108207941055298,-0.02449140138924122,0.5475707650184631,0.6146166920661926,-0.027071405202150345,0.5783325433731079,0.6078199744224548,-0.020559517666697502,0.6040864586830139,0.6289349794387817,-0.014032234437763691,0.5536041259765625,0.7539846897125244,-0.024197464808821678,0.541772186756134,0.6653485298156738,-0.02031046710908413,0.5647350549697876,0.6542083024978638,-0.007814912125468254,0.5833813548088074,0.6695938110351562,0.003562476485967636,0.0,0.0,0.0,0.0,0.0,0.0,0.0,0.0,0.0,0.0,0.0,0.0,0.0,0.0,0.0,0.0,0.0,0.0,0.0,0.0,0.0,0.0,0.0,0.0,0.0,0.0,0.0,0.0,0.0,0.0,0.0,0.0,0.0,0.0,0.0,0.0,0.0,0.0,0.0,0.0,0.0,0.0,0.0,0.0,0.0,0.0,0.0,0.0,0.0,0.0,0.0,0.0,0.0,0.0,0.0,0.0,0.0,0.0,0.0,0.0,0.0,0.0,0.0,we
0.7195860743522644,0.9186140298843384,7.464707891813305e-07,0.7454717755317688,0.7814279198646545,-0.009703505784273148,0.711082398891449,0.6655806303024292,-0.016484882682561874,0.6424428820610046,0.6220710277557373,-0.020965447649359703,0.5912861824035645,0.6131852865219116,-0.024616295471787453,0.6666431427001953,0.639411985874176,-0.03458879888057709,0.6332451105117798,0.4956077039241791,-0.05011938884854317,0.6119651794433594,0.4150802195072174,-0.05801021307706833,0.5929789543151855,0.35184070467948914,-0.06161228194832802,0.6087773442268372,0.6816723346710205,-0.03411504253745079,0.5570417642593384,0.5646457076072693,-0.0453219972550869,0.5197907090187073,0.4977886974811554,-0.04855205491185188,0.4856974184513092,0.45323336124420166,-0.05075050890445709,0.5710448026657104,0.7286757826805115,-0.03145899623632431,0.5491863489151001,0.6223430037498474,-0.0367024801671505,0.5817252397537231,0.6228397488594055,-0.026288919150829315,0.6047704815864563,0.6508659720420837,-0.01648777723312378,0.5511109828948975,0.7714911699295044,-0.02978559024631977,0.5414257049560547,0.6712494492530823,-0.027053959667682648,0.5670962929725647,0.6655588746070862,-0.011115262284874916,0.5853965282440186,0.6877986788749695,0.0030680482741445303,0.0,0.0,0.0,0.0,0.0,0.0,0.0,0.0,0.0,0.0,0.0,0.0,0.0,0.0,0.0,0.0,0.0,0.0,0.0,0.0,0.0,0.0,0.0,0.0,0.0,0.0,0.0,0.0,0.0,0.0,0.0,0.0,0.0,0.0,0.0,0.0,0.0,0.0,0.0,0.0,0.0,0.0,0.0,0.0,0.0,0.0,0.0,0.0,0.0,0.0,0.0,0.0,0.0,0.0,0.0,0.0,0.0,0.0,0.0,0.0,0.0,0.0,0.0,we
0.7201217412948608,0.9070188999176025,7.189993880274415e-07,0.7186084389686584,0.771852970123291,0.009485702961683273,0.6677907705307007,0.6765819191932678,0.012340941466391087,0.6155478358268738,0.6549035310745239,0.01327125821262598,0.5718154907226562,0.6639262437820435,0.013382110744714737,0.6142777800559998,0.6348526477813721,-0.0034958708565682173,0.5651158094406128,0.5204350352287292,-0.004134227521717548,0.5408319234848022,0.45629626512527466,-0.00395948113873601,0.5252017974853516,0.4090402126312256,-0.0022124769166111946,0.5683897733688354,0.6866782903671265,-0.009349684230983257,0.5062458515167236,0.5925424695014954,-0.0035215767566114664,0.4911367893218994,0.5413082242012024,-0.0008441066602244973,0.4870867133140564,0.5039223432540894,0.000598574464675039,0.5425467491149902,0.7473722696304321,-0.012398316524922848,0.5254910588264465,0.674252986907959,-0.0032498184591531754,0.5550872683525085,0.6710764169692993,0.004285002592951059,0.580366313457489,0.6843312978744507,0.008940931409597397,0.534305214881897,0.8020681738853455,-0.015041779726743698,0.533443808555603,0.7418721318244934,-0.0018649077974259853,0.5585433840751648,0.7346004843711853,0.013178465887904167,0.580018162727356,0.7449266314506531,0.025035059079527855,0.0,0.0,0.0,0.0,0.0,0.0,0.0,0.0,0.0,0.0,0.0,0.0,0.0,0.0,0.0,0.0,0.0,0.0,0.0,0.0,0.0,0.0,0.0,0.0,0.0,0.0,0.0,0.0,0.0,0.0,0.0,0.0,0.0,0.0,0.0,0.0,0.0,0.0,0.0,0.0,0.0,0.0,0.0,0.0,0.0,0.0,0.0,0.0,0.0,0.0,0.0,0.0,0.0,0.0,0.0,0.0,0.0,0.0,0.0,0.0,0.0,0.0,0.0,we
0.7234456539154053,0.9180426597595215,3.9189367839753686e-07,0.7205230593681335,0.7899409532546997,0.014526410959661007,0.6680728793144226,0.6990079879760742,0.02551332674920559,0.6150060296058655,0.6656128764152527,0.03547901287674904,0.5761799216270447,0.6591816544532776,0.04582337662577629,0.6114400625228882,0.6435936093330383,0.012149243615567684,0.5550855398178101,0.541820764541626,0.024842016398906708,0.5233969688415527,0.48644351959228516,0.03486696630716324,0.49665722250938416,0.4445337951183319,0.04137422516942024,0.5669683218002319,0.6970004439353943,0.010592672042548656,0.49970200657844543,0.6432611346244812,0.03193245083093643,0.4906005263328552,0.6317285895347595,0.044345673173666,0.4938841462135315,0.6301714777946472,0.05143583565950394,0.5448163747787476,0.7563453316688538,0.012061290442943573,0.5276750922203064,0.718609094619751,0.03588423505425453,0.5499306321144104,0.7164624929428101,0.04423341900110245,0.5703083872795105,0.7294484972953796,0.046362992376089096,0.5365768671035767,0.8074021935462952,0.014068220742046833,0.5431157946586609,0.7715010643005371,0.03720000758767128,0.5643688440322876,0.7678090333938599,0.04969985783100128,0.5821517109870911,0.7769472599029541,0.058120544999837875,0.0,0.0,0.0,0.0,0.0,0.0,0.0,0.0,0.0,0.0,0.0,0.0,0.0,0.0,0.0,0.0,0.0,0.0,0.0,0.0,0.0,0.0,0.0,0.0,0.0,0.0,0.0,0.0,0.0,0.0,0.0,0.0,0.0,0.0,0.0,0.0,0.0,0.0,0.0,0.0,0.0,0.0,0.0,0.0,0.0,0.0,0.0,0.0,0.0,0.0,0.0,0.0,0.0,0.0,0.0,0.0,0.0,0.0,0.0,0.0,0.0,0.0,0.0,we
0.7309748530387878,0.9107415080070496,6.483051038230769e-07,0.7392868995666504,0.7771306037902832,0.00028663038392551243,0.6948556303977966,0.6762107610702515,-0.0009105681092478335,0.6351978182792664,0.6440762877464294,-0.002914071548730135,0.5885910391807556,0.6555529832839966,-0.0051543754525482655,0.6357643604278564,0.6285418272018433,-0.00673421286046505,0.5901584625244141,0.5182269811630249,-0.018250998109579086,0.5670897364616394,0.44724151492118835,-0.02601180039346218,0.5488017797470093,0.39340740442276,-0.02896537445485592,0.5889245271682739,0.6680737733840942,-0.011683652177453041,0.5251761078834534,0.5729391574859619,-0.018489621579647064,0.49997738003730774,0.5241477489471436,-0.02104952558875084,0.4835590124130249,0.49110788106918335,-0.020912334322929382,0.5591298937797546,0.7192739844322205,-0.015710672363638878,0.5336869955062866,0.6444265246391296,-0.020293263718485832,0.5583352446556091,0.6459500193595886,-0.013770625926554203,0.5833887457847595,0.6653324961662292,-0.005952654872089624,0.5437211394309998,0.7652238607406616,-0.020085586234927177,0.5355666875839233,0.7022448182106018,-0.016306785866618156,0.559928297996521,0.701674222946167,-0.002383860293775797,0.5801550149917603,0.7193198800086975,0.010764817707240582,0.0,0.0,0.0,0.0,0.0,0.0,0.0,0.0,0.0,0.0,0.0,0.0,0.0,0.0,0.0,0.0,0.0,0.0,0.0,0.0,0.0,0.0,0.0,0.0,0.0,0.0,0.0,0.0,0.0,0.0,0.0,0.0,0.0,0.0,0.0,0.0,0.0,0.0,0.0,0.0,0.0,0.0,0.0,0.0,0.0,0.0,0.0,0.0,0.0,0.0,0.0,0.0,0.0,0.0,0.0,0.0,0.0,0.0,0.0,0.0,0.0,0.0,0.0,we
0.7303432822227478,0.9167264103889465,4.978335823579982e-07,0.7376118302345276,0.7799937725067139,0.007652676664292812,0.6912057995796204,0.6795904040336609,0.010746818035840988,0.6327908635139465,0.6469704508781433,0.011606128886342049,0.5860965251922607,0.6567472219467163,0.01198780070990324,0.6319859623908997,0.6393547058105469,0.004906822927296162,0.5920244455337524,0.533165454864502,-0.0007311782101169229,0.5703351497650146,0.46462517976760864,-0.005826942157000303,0.5537567734718323,0.4128013849258423,-0.008813714608550072,0.5858316421508789,0.6789880990982056,-0.0022578886710107327,0.5324257612228394,0.5888908505439758,-0.0045081330463290215,0.5193920135498047,0.5494122505187988,-0.006723260972648859,0.5112102031707764,0.5219582915306091,-0.008143189363181591,0.5574123859405518,0.7290207743644714,-0.007960677146911621,0.5362389087677002,0.6497786045074463,-0.009289759211242199,0.5632449984550476,0.6465317606925964,-0.003231230890378356,0.586625337600708,0.6613610982894897,0.002364220330491662,0.5443227291107178,0.7741778492927551,-0.013175712898373604,0.5316540598869324,0.7084344029426575,-0.007525390945374966,0.550775945186615,0.6981462836265564,0.005091092549264431,0.5668548345565796,0.7068514823913574,0.0160354096442461,0.0,0.0,0.0,0.0,0.0,0.0,0.0,0.0,0.0,0.0,0.0,0.0,0.0,0.0,0.0,0.0,0.0,0.0,0.0,0.0,0.0,0.0,0.0,0.0,0.0,0.0,0.0,0.0,0.0,0.0,0.0,0.0,0.0,0.0,0.0,0.0,0.0,0.0,0.0,0.0,0.0,0.0,0.0,0.0,0.0,0.0,0.0,0.0,0.0,0.0,0.0,0.0,0.0,0.0,0.0,0.0,0.0,0.0,0.0,0.0,0.0,0.0,0.0,we
0.7332989573478699,0.9051914811134338,7.577136784675531e-07,0.7524381875991821,0.7685683965682983,-0.00114821782335639,0.7163695096969604,0.6603543758392334,-0.006402601953595877,0.6543810367584229,0.6110878586769104,-0.010573369450867176,0.6073004007339478,0.5956204533576965,-0.014578894712030888,0.6822028756141663,0.6303728818893433,-0.03458589315414429,0.6429632902145386,0.4858008921146393,-0.048995520919561386,0.6206421852111816,0.4078559875488281,-0.055134061723947525,0.6011216044425964,0.34564507007598877,-0.057034365832805634,0.6277276873588562,0.6730024814605713,-0.036727435886859894,0.5695024728775024,0.5572018623352051,-0.044408880174160004,0.5348964333534241,0.4947889447212219,-0.0438045896589756,0.5050964951515198,0.4544180631637573,-0.0440991148352623,0.5889007449150085,0.7206016778945923,-0.03548137843608856,0.5534321069717407,0.6137330532073975,-0.03614261373877525,0.5831529498100281,0.6090651750564575,-0.023390015587210655,0.6072764992713928,0.6331670880317688,-0.013725030235946178,0.5674265027046204,0.7597994208335876,-0.03453493118286133,0.5513031482696533,0.6647611260414124,-0.02845839224755764,0.575560450553894,0.6575002074241638,-0.011459904722869396,0.5950371623039246,0.6768876314163208,0.0027575623244047165,0.0,0.0,0.0,0.0,0.0,0.0,0.0,0.0,0.0,0.0,0.0,0.0,0.0,0.0,0.0,0.0,0.0,0.0,0.0,0.0,0.0,0.0,0.0,0.0,0.0,0.0,0.0,0.0,0.0,0.0,0.0,0.0,0.0,0.0,0.0,0.0,0.0,0.0,0.0,0.0,0.0,0.0,0.0,0.0,0.0,0.0,0.0,0.0,0.0,0.0,0.0,0.0,0.0,0.0,0.0,0.0,0.0,0.0,0.0,0.0,0.0,0.0,0.0,we
0.7207409143447876,0.9100553393363953,7.029637458799698e-07,0.7383378148078918,0.7794742584228516,0.0020072045736014843,0.702859103679657,0.6731685996055603,0.0009403139119967818,0.6416711807250977,0.6403209567070007,-0.00021464869496412575,0.5936055183410645,0.6476571559906006,-0.0013949243584647775,0.650908350944519,0.6342381834983826,-0.013501650653779507,0.6170722842216492,0.5060654878616333,-0.020742014050483704,0.5987066030502319,0.4319785535335541,-0.024783892557024956,0.5832997560501099,0.37503084540367126,-0.026113281026482582,0.5988417267799377,0.673659086227417,-0.01750507391989231,0.5419921278953552,0.5678277015686035,-0.01868065632879734,0.5145251750946045,0.511176347732544,-0.018134435638785362,0.49302470684051514,0.4727031886577606,-0.01848151721060276,0.5660182237625122,0.7222259044647217,-0.019185177981853485,0.547671914100647,0.6348231434822083,-0.017427856102585793,0.577989399433136,0.6350207328796387,-0.008567660115659237,0.6013810634613037,0.6596516370773315,-0.0014789000852033496,0.5506715178489685,0.7658498287200928,-0.020980915054678917,0.543976902961731,0.6896912455558777,-0.013423347845673561,0.5683027505874634,0.687579870223999,0.001824880251660943,0.5853136777877808,0.7086870074272156,0.014501671306788921,0.0,0.0,0.0,0.0,0.0,0.0,0.0,0.0,0.0,0.0,0.0,0.0,0.0,0.0,0.0,0.0,0.0,0.0,0.0,0.0,0.0,0.0,0.0,0.0,0.0,0.0,0.0,0.0,0.0,0.0,0.0,0.0,0.0,0.0,0.0,0.0,0.0,0.0,0.0,0.0,0.0,0.0,0.0,0.0,0.0,0.0,0.0,0.0,0.0,0.0,0.0,0.0,0.0,0.0,0.0,0.0,0.0,0.0,0.0,0.0,0.0,0.0,0.0,we
0.7166050672531128,0.8984036445617676,6.355926984724647e-07,0.7239208817481995,0.7653504014015198,0.006872194353491068,0.6785700917243958,0.6713998317718506,0.00876380130648613,0.6195470094680786,0.6482008695602417,0.009201912209391594,0.5740838050842285,0.6587567329406738,0.009690830484032631,0.6285913586616516,0.6210047602653503,0.0002030062605626881,0.589500367641449,0.5064132809638977,-0.0009718553628772497,0.5638810396194458,0.44313132762908936,-0.0016386163188144565,0.5428292751312256,0.39637142419815063,-0.0013936995528638363,0.5824947357177734,0.6657635569572449,-0.0054716686718165874,0.5152603983879089,0.5828309059143066,-0.0023203783202916384,0.485944926738739,0.5429849624633789,-0.0014387073460966349,0.4672975540161133,0.515475332736969,-0.0012190425768494606,0.5551689863204956,0.7207768559455872,-0.008908627554774284,0.5279051065444946,0.6607579588890076,-0.0039582629688084126,0.554548978805542,0.6583680510520935,0.0021743066608905792,0.579467236995697,0.6754493713378906,0.00704276142641902,0.5429466366767883,0.7727352976799011,-0.012135228142142296,0.5337599515914917,0.7202678918838501,-0.0025142321828752756,0.5560053586959839,0.7162900567054749,0.010881679132580757,0.5751993656158447,0.7294528484344482,0.022286973893642426,0.0,0.0,0.0,0.0,0.0,0.0,0.0,0.0,0.0,0.0,0.0,0.0,0.0,0.0,0.0,0.0,0.0,0.0,0.0,0.0,0.0,0.0,0.0,0.0,0.0,0.0,0.0,0.0,0.0,0.0,0.0,0.0,0.0,0.0,0.0,0.0,0.0,0.0,0.0,0.0,0.0,0.0,0.0,0.0,0.0,0.0,0.0,0.0,0.0,0.0,0.0,0.0,0.0,0.0,0.0,0.0,0.0,0.0,0.0,0.0,0.0,0.0,0.0,we
0.7155439853668213,0.9032118916511536,6.300207360254717e-07,0.7252510190010071,0.7727344036102295,0.0026473680045455694,0.6811341047286987,0.6771543025970459,0.0038380040787160397,0.6213259696960449,0.656223714351654,0.004563681781291962,0.5766837000846863,0.6713876128196716,0.005222765263170004,0.632064163684845,0.6246335506439209,-0.0050433846190571785,0.5892190933227539,0.509537398815155,-0.00783737562596798,0.5634207129478455,0.44474560022354126,-0.008132033050060272,0.5422760248184204,0.3966808617115021,-0.0071039944887161255,0.5835381746292114,0.6685696840286255,-0.008599519729614258,0.5175626277923584,0.5866062641143799,-0.007099623326212168,0.4909854829311371,0.5473650693893433,-0.004886185750365257,0.47515374422073364,0.5203220248222351,-0.002602925291284919,0.5532796382904053,0.7235252857208252,-0.010412625968456268,0.5324469208717346,0.6646204590797424,-0.008209066465497017,0.557407557964325,0.6655199527740479,-0.0024724951945245266,0.5809460878372192,0.6827501654624939,0.003561486955732107,0.5379248857498169,0.7727278470993042,-0.012178010307252407,0.5345320701599121,0.721977949142456,-0.00400911271572113,0.5561162233352661,0.7205474972724915,0.008658502250909805,0.5735085010528564,0.7343971729278564,0.02017403580248356,0.0,0.0,0.0,0.0,0.0,0.0,0.0,0.0,0.0,0.0,0.0,0.0,0.0,0.0,0.0,0.0,0.0,0.0,0.0,0.0,0.0,0.0,0.0,0.0,0.0,0.0,0.0,0.0,0.0,0.0,0.0,0.0,0.0,0.0,0.0,0.0,0.0,0.0,0.0,0.0,0.0,0.0,0.0,0.0,0.0,0.0,0.0,0.0,0.0,0.0,0.0,0.0,0.0,0.0,0.0,0.0,0.0,0.0,0.0,0.0,0.0,0.0,0.0,we
0.722759485244751,0.9022652506828308,4.617916999904992e-07,0.7258898615837097,0.7696399688720703,0.006036682985723019,0.6747791171073914,0.678389310836792,0.009746340103447437,0.6164589524269104,0.6538773775100708,0.012342683039605618,0.5703731775283813,0.662767231464386,0.01503280084580183,0.6261175870895386,0.6259261965751648,0.002094062278047204,0.5757991671562195,0.5233133435249329,0.002537158550694585,0.5438969731330872,0.463148832321167,0.0031092532444745302,0.5164884328842163,0.41953980922698975,0.0036084020975977182,0.5792102217674255,0.6726808547973633,-0.0023911697790026665,0.5032140612602234,0.6082499027252197,0.0017467235447838902,0.480609655380249,0.5889679789543152,0.00492637837305665,0.4709091782569885,0.5797706842422485,0.007430948782712221,0.5517590641975403,0.7294414043426514,-0.004914425313472748,0.5218534469604492,0.677591860294342,0.0010466760722920299,0.5460127592086792,0.6778353452682495,0.008509872481226921,0.5695444345474243,0.6943305134773254,0.014082463458180428,0.5392536520957947,0.7796328663825989,-0.007493824698030949,0.5313947796821594,0.7342762351036072,0.003079935209825635,0.552074670791626,0.7303006052970886,0.01598406955599785,0.5705076456069946,0.7409611344337463,0.026866042986512184,0.0,0.0,0.0,0.0,0.0,0.0,0.0,0.0,0.0,0.0,0.0,0.0,0.0,0.0,0.0,0.0,0.0,0.0,0.0,0.0,0.0,0.0,0.0,0.0,0.0,0.0,0.0,0.0,0.0,0.0,0.0,0.0,0.0,0.0,0.0,0.0,0.0,0.0,0.0,0.0,0.0,0.0,0.0,0.0,0.0,0.0,0.0,0.0,0.0,0.0,0.0,0.0,0.0,0.0,0.0,0.0,0.0,0.0,0.0,0.0,0.0,0.0,0.0,we
0.7273948192596436,0.9018069505691528,7.055909918562975e-07,0.7468430995941162,0.7711369395256042,-0.0018633854342624545,0.7099471092224121,0.6683018803596497,-0.004264980088919401,0.6462254524230957,0.6312559247016907,-0.005940043833106756,0.5988516807556152,0.6366690397262573,-0.007124599069356918,0.6571108102798462,0.6158170700073242,-0.015257011167705059,0.615424633026123,0.49238917231559753,-0.023281197994947433,0.5927432179450989,0.42112070322036743,-0.027003178372979164,0.5748205184936523,0.36773982644081116,-0.027172528207302094,0.6042369604110718,0.6560717225074768,-0.017582667991518974,0.5416549444198608,0.5534749031066895,-0.019797958433628082,0.5097802877426147,0.49724966287612915,-0.018910974264144897,0.4880615472793579,0.46135303378105164,-0.017489567399024963,0.5707045197486877,0.707359254360199,-0.018036743625998497,0.5463272929191589,0.628007173538208,-0.017079757526516914,0.5725736618041992,0.6287146210670471,-0.009175521321594715,0.5978935360908508,0.653479814529419,-0.0016988890711218119,0.5536909699440002,0.7535783052444458,-0.018980348482728004,0.5449953079223633,0.685628354549408,-0.01139935851097107,0.56800776720047,0.6841137409210205,0.003486383007839322,0.5867619514465332,0.7038466334342957,0.016737448051571846,0.0,0.0,0.0,0.0,0.0,0.0,0.0,0.0,0.0,0.0,0.0,0.0,0.0,0.0,0.0,0.0,0.0,0.0,0.0,0.0,0.0,0.0,0.0,0.0,0.0,0.0,0.0,0.0,0.0,0.0,0.0,0.0,0.0,0.0,0.0,0.0,0.0,0.0,0.0,0.0,0.0,0.0,0.0,0.0,0.0,0.0,0.0,0.0,0.0,0.0,0.0,0.0,0.0,0.0,0.0,0.0,0.0,0.0,0.0,0.0,0.0,0.0,0.0,we
0.7320908904075623,0.9026809334754944,7.10683309534943e-07,0.7524508833885193,0.766796350479126,-0.009352273307740688,0.712566077709198,0.6552951335906982,-0.017306750640273094,0.6427077054977417,0.6159361600875854,-0.023008566349744797,0.592430591583252,0.6119648218154907,-0.028158364817500114,0.6737406253814697,0.6236210465431213,-0.03323819115757942,0.6389554738998413,0.48400765657424927,-0.047845836728811264,0.6170051693916321,0.4053095281124115,-0.05623292177915573,0.5971198081970215,0.3442673981189728,-0.06044137105345726,0.6183958649635315,0.6663608551025391,-0.03242190182209015,0.5631684064865112,0.5569638609886169,-0.04075556620955467,0.5249475240707397,0.49633193016052246,-0.043915409594774246,0.4902975261211395,0.4578101336956024,-0.04728589951992035,0.5826218128204346,0.7143038511276245,-0.029257258400321007,0.5549852252006531,0.6129144430160522,-0.03130415081977844,0.5846278667449951,0.609986424446106,-0.02182239666581154,0.6079831123352051,0.6368200778961182,-0.014253887347877026,0.5632103085517883,0.7571992874145508,-0.027124818414449692,0.5498531460762024,0.6646707653999329,-0.022512398660182953,0.5738067626953125,0.6578389406204224,-0.007467453833669424,0.5932865142822266,0.6792222857475281,0.005200688261538744,0.0,0.0,0.0,0.0,0.0,0.0,0.0,0.0,0.0,0.0,0.0,0.0,0.0,0.0,0.0,0.0,0.0,0.0,0.0,0.0,0.0,0.0,0.0,0.0,0.0,0.0,0.0,0.0,0.0,0.0,0.0,0.0,0.0,0.0,0.0,0.0,0.0,0.0,0.0,0.0,0.0,0.0,0.0,0.0,0.0,0.0,0.0,0.0,0.0,0.0,0.0,0.0,0.0,0.0,0.0,0.0,0.0,0.0,0.0,0.0,0.0,0.0,0.0,we
0.7294840216636658,0.8990541696548462,7.414290053020522e-07,0.7513778209686279,0.7623499035835266,-0.007965815253555775,0.7101004719734192,0.653190016746521,-0.014756705611944199,0.6428309679031372,0.6141603589057922,-0.019426463171839714,0.5943007469177246,0.6085500717163086,-0.02352537401020527,0.6726945638656616,0.6196491718292236,-0.0319063737988472,0.6385208964347839,0.480389803647995,-0.045100122690200806,0.6166483759880066,0.4034251868724823,-0.0523882620036602,0.5967426896095276,0.34395235776901245,-0.05588262900710106,0.6163647770881653,0.6624337434768677,-0.03102486953139305,0.5623544454574585,0.5549695491790771,-0.03927065059542656,0.5221145153045654,0.49535292387008667,-0.04304420202970505,0.4849429130554199,0.4572155475616455,-0.04623672738671303,0.5798715949058533,0.7110273838043213,-0.027488719671964645,0.5556634068489075,0.6171393394470215,-0.029840923845767975,0.5871695876121521,0.6150696277618408,-0.021769240498542786,0.6103988885879517,0.6400859355926514,-0.01453704945743084,0.5613452196121216,0.7550483345985413,-0.024726390838623047,0.5541374087333679,0.6663675904273987,-0.020744267851114273,0.5788875222206116,0.6607668399810791,-0.006730149034410715,0.5974858403205872,0.6811610460281372,0.005773530341684818,0.0,0.0,0.0,0.0,0.0,0.0,0.0,0.0,0.0,0.0,0.0,0.0,0.0,0.0,0.0,0.0,0.0,0.0,0.0,0.0,0.0,0.0,0.0,0.0,0.0,0.0,0.0,0.0,0.0,0.0,0.0,0.0,0.0,0.0,0.0,0.0,0.0,0.0,0.0,0.0,0.0,0.0,0.0,0.0,0.0,0.0,0.0,0.0,0.0,0.0,0.0,0.0,0.0,0.0,0.0,0.0,0.0,0.0,0.0,0.0,0.0,0.0,0.0,we
0.7222135066986084,0.9162512421607971,7.278460429915867e-07,0.7427548766136169,0.7873998880386353,-0.006932868622243404,0.7071313261985779,0.6766999959945679,-0.012448829598724842,0.6410762667655945,0.6421944499015808,-0.016710571944713593,0.5908576846122742,0.6508299112319946,-0.020405154675245285,0.6614952683448792,0.6473438739776611,-0.026211433112621307,0.6259650588035583,0.5091094374656677,-0.040151678025722504,0.6047917604446411,0.42763298749923706,-0.048504818230867386,0.5845812559127808,0.3634825348854065,-0.053019680082798004,0.6064496040344238,0.6833826899528503,-0.02759927697479725,0.550093948841095,0.5735084414482117,-0.036633264273405075,0.5145359039306641,0.5129966735839844,-0.03940672054886818,0.48204684257507324,0.4720913767814636,-0.04175284877419472,0.5698080062866211,0.7262334227561951,-0.027276532724499702,0.5476492643356323,0.6257065534591675,-0.03160949423909187,0.5783330798149109,0.6245918273925781,-0.022253338247537613,0.6006538271903992,0.6508748531341553,-0.013735003769397736,0.5497344136238098,0.7644447088241577,-0.028013017028570175,0.544062614440918,0.6766784191131592,-0.025544745847582817,0.5687088966369629,0.6706081032752991,-0.011745831929147243,0.5850598812103271,0.6918252110481262,0.0006013024831190705,0.0,0.0,0.0,0.0,0.0,0.0,0.0,0.0,0.0,0.0,0.0,0.0,0.0,0.0,0.0,0.0,0.0,0.0,0.0,0.0,0.0,0.0,0.0,0.0,0.0,0.0,0.0,0.0,0.0,0.0,0.0,0.0,0.0,0.0,0.0,0.0,0.0,0.0,0.0,0.0,0.0,0.0,0.0,0.0,0.0,0.0,0.0,0.0,0.0,0.0,0.0,0.0,0.0,0.0,0.0,0.0,0.0,0.0,0.0,0.0,0.0,0.0,0.0,we
0.7219754457473755,0.9088568687438965,5.849330477758485e-07,0.7249158024787903,0.7798599004745483,0.006883482448756695,0.6760168671607971,0.6863853335380554,0.01235952414572239,0.6200987696647644,0.658979058265686,0.016737623140215874,0.5753406882286072,0.6669419407844543,0.021585041657090187,0.6209311485290527,0.6389334797859192,0.0027813795022666454,0.5718870759010315,0.5301933288574219,0.005662695504724979,0.5415289998054504,0.4714611768722534,0.008122749626636505,0.5168410539627075,0.42844757437705994,0.010898388922214508,0.5738750100135803,0.6855724453926086,-0.00026864628307521343,0.5078679919242859,0.6076435446739197,0.007661201525479555,0.47429144382476807,0.5674737691879272,0.009448699653148651,0.4511979818344116,0.5385167002677917,0.010819410905241966,0.5477594137191772,0.740224301815033,-0.001072769402526319,0.5382288098335266,0.6849443316459656,0.007458189036697149,0.5661110281944275,0.6841869354248047,0.01015989389270544,0.5889621376991272,0.7000175714492798,0.013162471354007721,0.5367573499679565,0.7908667922019958,-0.0017195617547258735,0.545223593711853,0.7458130121231079,0.01023526955395937,0.5692316889762878,0.7424457669258118,0.020110368728637695,0.589835524559021,0.7542609572410583,0.02935199998319149,0.0,0.0,0.0,0.0,0.0,0.0,0.0,0.0,0.0,0.0,0.0,0.0,0.0,0.0,0.0,0.0,0.0,0.0,0.0,0.0,0.0,0.0,0.0,0.0,0.0,0.0,0.0,0.0,0.0,0.0,0.0,0.0,0.0,0.0,0.0,0.0,0.0,0.0,0.0,0.0,0.0,0.0,0.0,0.0,0.0,0.0,0.0,0.0,0.0,0.0,0.0,0.0,0.0,0.0,0.0,0.0,0.0,0.0,0.0,0.0,0.0,0.0,0.0,we
0.7247411608695984,0.9096311926841736,3.007303632784897e-07,0.7272634506225586,0.7824720740318298,0.015503624454140663,0.6732691526412964,0.6951085329055786,0.02490898407995701,0.6170227527618408,0.6655729413032532,0.03300727903842926,0.5752218961715698,0.6646838188171387,0.040910765528678894,0.6200177073478699,0.6330152750015259,0.007336826529353857,0.5610974431037903,0.5362240076065063,0.015422871336340904,0.5288677215576172,0.48003119230270386,0.021840978413820267,0.5011081099510193,0.4379144608974457,0.025644008070230484,0.5754191875457764,0.6815795302391052,0.004127515479922295,0.506499707698822,0.6292015314102173,0.019369741901755333,0.5088948011398315,0.6300610303878784,0.0315062515437603,0.5211243629455566,0.6388946771621704,0.039045050740242004,0.5510660409927368,0.7372559309005737,0.004326235968619585,0.5202882885932922,0.6923622488975525,0.023636918514966965,0.5418431758880615,0.6939151287078857,0.03528034687042236,0.5631718039512634,0.7102595567703247,0.03968603163957596,0.5409621000289917,0.7871172428131104,0.005186004564166069,0.5418063402175903,0.7483240365982056,0.024169431999325752,0.5643545985221863,0.7472888231277466,0.03767385706305504,0.5831764936447144,0.758829653263092,0.04713064804673195,0.0,0.0,0.0,0.0,0.0,0.0,0.0,0.0,0.0,0.0,0.0,0.0,0.0,0.0,0.0,0.0,0.0,0.0,0.0,0.0,0.0,0.0,0.0,0.0,0.0,0.0,0.0,0.0,0.0,0.0,0.0,0.0,0.0,0.0,0.0,0.0,0.0,0.0,0.0,0.0,0.0,0.0,0.0,0.0,0.0,0.0,0.0,0.0,0.0,0.0,0.0,0.0,0.0,0.0,0.0,0.0,0.0,0.0,0.0,0.0,0.0,0.0,0.0,we
0.7328624725341797,0.8954785466194153,5.875038482372474e-07,0.7426168918609619,0.7658035755157471,0.0021290406584739685,0.7021081447601318,0.6710129380226135,0.0014438990037888288,0.6435452103614807,0.6415930390357971,-0.0002745722886174917,0.5978752374649048,0.6529178619384766,-0.002480673138052225,0.6424580216407776,0.6136022210121155,-0.0057989563792943954,0.596968948841095,0.500188410282135,-0.01493423618376255,0.5713823437690735,0.43084731698036194,-0.020522722974419594,0.5494236946105957,0.38010072708129883,-0.02230668067932129,0.5959644317626953,0.6551773548126221,-0.010888246819376945,0.5288273692131042,0.5671860575675964,-0.016243277117609978,0.5035016536712646,0.5312235355377197,-0.01729537919163704,0.4867272973060608,0.510221004486084,-0.015869878232479095,0.5664405822753906,0.7080016136169434,-0.014502481557428837,0.5436186790466309,0.643674373626709,-0.017237719148397446,0.5688632726669312,0.6493818759918213,-0.009659232571721077,0.5925037860870361,0.6724314093589783,-0.0011713610729202628,0.5509461760520935,0.7568522095680237,-0.018340975046157837,0.5470961928367615,0.6996845602989197,-0.01284861657768488,0.5715750455856323,0.7022606730461121,0.001798128243535757,0.5904927253723145,0.7218036651611328,0.0154853081330657,0.0,0.0,0.0,0.0,0.0,0.0,0.0,0.0,0.0,0.0,0.0,0.0,0.0,0.0,0.0,0.0,0.0,0.0,0.0,0.0,0.0,0.0,0.0,0.0,0.0,0.0,0.0,0.0,0.0,0.0,0.0,0.0,0.0,0.0,0.0,0.0,0.0,0.0,0.0,0.0,0.0,0.0,0.0,0.0,0.0,0.0,0.0,0.0,0.0,0.0,0.0,0.0,0.0,0.0,0.0,0.0,0.0,0.0,0.0,0.0,0.0,0.0,0.0,we
0.7304526567459106,0.895531952381134,5.465635126711277e-07,0.7401371598243713,0.7674053311347961,0.002339983591809869,0.698110818862915,0.6713577508926392,0.002011427888646722,0.6420118808746338,0.6452226638793945,0.0003565765800885856,0.5969682931900024,0.6560660004615784,-0.0016513330629095435,0.6400864124298096,0.6141430139541626,-0.0031704674474895,0.5999671220779419,0.5032052397727966,-0.009798520244657993,0.5769783854484558,0.43590614199638367,-0.0151248499751091,0.5565604567527771,0.3862631022930145,-0.018395204097032547,0.5941775441169739,0.6591131091117859,-0.0091776791960001,0.5339699387550354,0.5763216018676758,-0.012340744957327843,0.515217661857605,0.543973445892334,-0.013981119729578495,0.5007678866386414,0.5235488414764404,-0.01496356911957264,0.5664384961128235,0.7150321006774902,-0.01382840983569622,0.5437224507331848,0.6436601877212524,-0.015354899689555168,0.5706696510314941,0.6448103785514832,-0.006947077810764313,0.5928420424461365,0.6631573438644409,0.0003106698568444699,0.5530564188957214,0.7664408683776855,-0.018696367740631104,0.5431684255599976,0.701786994934082,-0.013431194238364697,0.5653855800628662,0.6982772946357727,0.0016087733674794436,0.5829751491546631,0.7135708928108215,0.0145603958517313,0.0,0.0,0.0,0.0,0.0,0.0,0.0,0.0,0.0,0.0,0.0,0.0,0.0,0.0,0.0,0.0,0.0,0.0,0.0,0.0,0.0,0.0,0.0,0.0,0.0,0.0,0.0,0.0,0.0,0.0,0.0,0.0,0.0,0.0,0.0,0.0,0.0,0.0,0.0,0.0,0.0,0.0,0.0,0.0,0.0,0.0,0.0,0.0,0.0,0.0,0.0,0.0,0.0,0.0,0.0,0.0,0.0,0.0,0.0,0.0,0.0,0.0,0.0,we
0.7387783527374268,0.9026075005531311,7.558325592071924e-07,0.7578328251838684,0.7724103331565857,-0.009576735086739063,0.7185158133506775,0.6622808575630188,-0.019377054646611214,0.6520658135414124,0.6241680979728699,-0.02704065479338169,0.6036982536315918,0.6190007925033569,-0.03440677002072334,0.6832559108734131,0.623826801776886,-0.04037029668688774,0.643623411655426,0.48475202918052673,-0.05751914530992508,0.6201797127723694,0.40718328952789307,-0.06645900011062622,0.5996607542037964,0.34606316685676575,-0.07052481174468994,0.6297301054000854,0.6698407530784607,-0.04062171280384064,0.5754196047782898,0.5577501058578491,-0.05151280388236046,0.5382380485534668,0.49526533484458923,-0.05356743559241295,0.5051243305206299,0.4542149305343628,-0.05574854463338852,0.5920352339744568,0.7206528782844543,-0.03834419697523117,0.5564706325531006,0.6141606569290161,-0.04251570999622345,0.5856137275695801,0.6110393404960632,-0.030360206961631775,0.6096686124801636,0.6357340216636658,-0.020794929936528206,0.5707689523696899,0.7643793821334839,-0.03719000890851021,0.5538532137870789,0.6694331765174866,-0.03444311022758484,0.5790607333183289,0.6618261337280273,-0.017986798658967018,0.5990470051765442,0.6804799437522888,-0.003992769867181778,0.0,0.0,0.0,0.0,0.0,0.0,0.0,0.0,0.0,0.0,0.0,0.0,0.0,0.0,0.0,0.0,0.0,0.0,0.0,0.0,0.0,0.0,0.0,0.0,0.0,0.0,0.0,0.0,0.0,0.0,0.0,0.0,0.0,0.0,0.0,0.0,0.0,0.0,0.0,0.0,0.0,0.0,0.0,0.0,0.0,0.0,0.0,0.0,0.0,0.0,0.0,0.0,0.0,0.0,0.0,0.0,0.0,0.0,0.0,0.0,0.0,0.0,0.0,we
0.73064124584198,0.909331202507019,7.145623044380045e-07,0.7505507469177246,0.7770053744316101,-0.008198126219213009,0.7101812362670898,0.6634345650672913,-0.014630063436925411,0.6459358334541321,0.6151873469352722,-0.019656790420413017,0.5930477380752563,0.6077061891555786,-0.024023808538913727,0.6766337156295776,0.6390469670295715,-0.03006131760776043,0.6399503350257874,0.5004969239234924,-0.04467539116740227,0.6178088784217834,0.4200456440448761,-0.05367947369813919,0.5965748429298401,0.3553210496902466,-0.05935526266694069,0.6225297451019287,0.6784820556640625,-0.0315435491502285,0.569246232509613,0.5690680742263794,-0.042963556945323944,0.5333288311958313,0.5051534175872803,-0.04795296862721443,0.49973708391189575,0.4598267376422882,-0.052506379783153534,0.5849189758300781,0.7251957058906555,-0.031211793422698975,0.5590116381645203,0.6167920231819153,-0.03734700381755829,0.5909944176673889,0.612105131149292,-0.02822229638695717,0.6145496368408203,0.6349764466285706,-0.020228248089551926,0.5639530420303345,0.7665238380432129,-0.03180386871099472,0.5520017743110657,0.6666578650474548,-0.03046698309481144,0.5766715407371521,0.65511155128479,-0.016571899875998497,0.5947571992874146,0.6728991866111755,-0.004743288271129131,0.0,0.0,0.0,0.0,0.0,0.0,0.0,0.0,0.0,0.0,0.0,0.0,0.0,0.0,0.0,0.0,0.0,0.0,0.0,0.0,0.0,0.0,0.0,0.0,0.0,0.0,0.0,0.0,0.0,0.0,0.0,0.0,0.0,0.0,0.0,0.0,0.0,0.0,0.0,0.0,0.0,0.0,0.0,0.0,0.0,0.0,0.0,0.0,0.0,0.0,0.0,0.0,0.0,0.0,0.0,0.0,0.0,0.0,0.0,0.0,0.0,0.0,0.0,we
0.714242696762085,0.8981047868728638,6.353123467306432e-07,0.7181975841522217,0.7691182494163513,0.005849235691130161,0.6740685701370239,0.6742849349975586,0.007531569339334965,0.6191881895065308,0.6465626358985901,0.008094631135463715,0.5749756097793579,0.6542239785194397,0.00836351327598095,0.6207032203674316,0.6331973671913147,-0.00378325954079628,0.5710148811340332,0.5220509767532349,-0.00542924040928483,0.5427039265632629,0.4596790671348572,-0.006269331090152264,0.5216511487960815,0.4141981303691864,-0.005681031383574009,0.5748432874679565,0.6789339780807495,-0.008523324504494667,0.5045321583747864,0.5950392484664917,-0.005078588146716356,0.4776623845100403,0.5522794723510742,-0.004198852460831404,0.46124982833862305,0.5220139026641846,-0.0039019316900521517,0.5481829047203064,0.7320389747619629,-0.010857951827347279,0.5272078514099121,0.6642871499061584,-0.005419294815510511,0.5547012090682983,0.6625767946243286,0.0006022307788953185,0.5785459876060486,0.680164635181427,0.005120796151459217,0.5377970933914185,0.7811256051063538,-0.013109056279063225,0.5391302704811096,0.7282418608665466,-0.003834857838228345,0.562617838382721,0.7251921892166138,0.008436270989477634,0.5808542966842651,0.7400007843971252,0.018991220742464066,0.0,0.0,0.0,0.0,0.0,0.0,0.0,0.0,0.0,0.0,0.0,0.0,0.0,0.0,0.0,0.0,0.0,0.0,0.0,0.0,0.0,0.0,0.0,0.0,0.0,0.0,0.0,0.0,0.0,0.0,0.0,0.0,0.0,0.0,0.0,0.0,0.0,0.0,0.0,0.0,0.0,0.0,0.0,0.0,0.0,0.0,0.0,0.0,0.0,0.0,0.0,0.0,0.0,0.0,0.0,0.0,0.0,0.0,0.0,0.0,0.0,0.0,0.0,we
0.7132555246353149,0.9053906202316284,4.273789500075509e-07,0.718879759311676,0.7736583948135376,0.00019060973136220127,0.6755214333534241,0.6791864037513733,-0.0024541839957237244,0.616054892539978,0.6511893272399902,-0.0045198132283985615,0.5706264972686768,0.6584464311599731,-0.007507054600864649,0.6219512820243835,0.6319625973701477,-0.01498043816536665,0.5752094388008118,0.5211368799209595,-0.02126343362033367,0.5485223531723022,0.4556896388530731,-0.022517630830407143,0.5272476673126221,0.410343199968338,-0.02256428264081478,0.576240599155426,0.678222119808197,-0.01849822886288166,0.5097475647926331,0.6046204566955566,-0.02247495763003826,0.5152974128723145,0.6017463803291321,-0.019187666475772858,0.5299398303031921,0.6109715700149536,-0.014376768842339516,0.5495515465736389,0.7341949343681335,-0.019775014370679855,0.5297871828079224,0.6752915382385254,-0.022112350910902023,0.5554651021957397,0.6847373843193054,-0.013566121459007263,0.577028214931488,0.7063989639282227,-0.005859017372131348,0.5366770029067993,0.783754289150238,-0.020719561725854874,0.53533536195755,0.734291136264801,-0.01748008280992508,0.5587471127510071,0.739231526851654,-0.005209849216043949,0.575007438659668,0.7576507925987244,0.00629870779812336,0.0,0.0,0.0,0.0,0.0,0.0,0.0,0.0,0.0,0.0,0.0,0.0,0.0,0.0,0.0,0.0,0.0,0.0,0.0,0.0,0.0,0.0,0.0,0.0,0.0,0.0,0.0,0.0,0.0,0.0,0.0,0.0,0.0,0.0,0.0,0.0,0.0,0.0,0.0,0.0,0.0,0.0,0.0,0.0,0.0,0.0,0.0,0.0,0.0,0.0,0.0,0.0,0.0,0.0,0.0,0.0,0.0,0.0,0.0,0.0,0.0,0.0,0.0,we
0.7202630639076233,0.8940309882164001,5.526982818082615e-07,0.725809633731842,0.7631949782371521,-0.00020547598251141608,0.6808689832687378,0.6742993593215942,0.0007761447341181338,0.6235211491584778,0.6490676403045654,0.0010685775196179748,0.5795089602470398,0.6563110947608948,0.00163585867267102,0.6212656497955322,0.623525857925415,-0.0024529066868126392,0.5713699460029602,0.5202649235725403,-0.008331077173352242,0.540999174118042,0.45812541246414185,-0.011915496550500393,0.5168344378471375,0.4152933359146118,-0.012695049867033958,0.5778124332427979,0.6704594492912292,-0.005586622748523951,0.5061925649642944,0.596560537815094,-0.008833822794258595,0.47460702061653137,0.5590075850486755,-0.010758129879832268,0.4542927145957947,0.5343459248542786,-0.010311922989785671,0.5524365305900574,0.7259591817855835,-0.007792356889694929,0.5318311452865601,0.6676842570304871,-0.011407088488340378,0.5582787394523621,0.669265627861023,-0.00838323961943388,0.5824851393699646,0.6878594160079956,-0.0023510728497058153,0.5414219498634338,0.7753962278366089,-0.010241138748824596,0.5389885902404785,0.7267172336578369,-0.0073267389088869095,0.5612660050392151,0.725077211856842,0.002521116053685546,0.5804844498634338,0.7404513359069824,0.013371511362493038,0.0,0.0,0.0,0.0,0.0,0.0,0.0,0.0,0.0,0.0,0.0,0.0,0.0,0.0,0.0,0.0,0.0,0.0,0.0,0.0,0.0,0.0,0.0,0.0,0.0,0.0,0.0,0.0,0.0,0.0,0.0,0.0,0.0,0.0,0.0,0.0,0.0,0.0,0.0,0.0,0.0,0.0,0.0,0.0,0.0,0.0,0.0,0.0,0.0,0.0,0.0,0.0,0.0,0.0,0.0,0.0,0.0,0.0,0.0,0.0,0.0,0.0,0.0,we
0.7260328531265259,0.8849929571151733,7.346281449827075e-07,0.7439228296279907,0.7502728700637817,-0.0018260965589433908,0.702215850353241,0.6482962965965271,-0.0034842982422560453,0.6382707953453064,0.6077113747596741,-0.0038527767173945904,0.5912067890167236,0.6052718162536621,-0.0035288031212985516,0.6565499901771545,0.6053957343101501,-0.020130764693021774,0.6136521697044373,0.4744393229484558,-0.02741277776658535,0.5896432995796204,0.4028904139995575,-0.029589304700493813,0.5688557028770447,0.3487130105495453,-0.02860843949019909,0.6038281917572021,0.6475537419319153,-0.020097630098462105,0.5463899970054626,0.5441005229949951,-0.021895699203014374,0.510384738445282,0.48814743757247925,-0.02117794193327427,0.4814842939376831,0.45216667652130127,-0.020341696217656136,0.5696003437042236,0.6968936324119568,-0.01750340312719345,0.5492315292358398,0.6135616898536682,-0.014277678914368153,0.5773122310638428,0.6126178503036499,-0.006393530406057835,0.6014664173126221,0.6373722553253174,0.0004581818648148328,0.5518184900283813,0.7393375635147095,-0.015378587879240513,0.5481064915657043,0.666837751865387,-0.005589628126472235,0.5720937848091125,0.6639273166656494,0.00896542239934206,0.5910720229148865,0.6845654249191284,0.021615978330373764,0.0,0.0,0.0,0.0,0.0,0.0,0.0,0.0,0.0,0.0,0.0,0.0,0.0,0.0,0.0,0.0,0.0,0.0,0.0,0.0,0.0,0.0,0.0,0.0,0.0,0.0,0.0,0.0,0.0,0.0,0.0,0.0,0.0,0.0,0.0,0.0,0.0,0.0,0.0,0.0,0.0,0.0,0.0,0.0,0.0,0.0,0.0,0.0,0.0,0.0,0.0,0.0,0.0,0.0,0.0,0.0,0.0,0.0,0.0,0.0,0.0,0.0,0.0,we
0.7262362837791443,0.8908792734146118,6.981849196563417e-07,0.7429296970367432,0.7542150020599365,-0.0020938541274517775,0.7018134593963623,0.6539091467857361,-0.005367012228816748,0.6388869285583496,0.6261600255966187,-0.008337629027664661,0.5926905870437622,0.6323744058609009,-0.010962235741317272,0.6573038697242737,0.6107916235923767,-0.01939607411623001,0.6192134022712708,0.47634243965148926,-0.029154619202017784,0.5952129364013672,0.40161824226379395,-0.03479693457484245,0.5732304453849792,0.3452194929122925,-0.03721185401082039,0.6042839884757996,0.6535847187042236,-0.020731201395392418,0.5513991117477417,0.5492750406265259,-0.023988626897335052,0.5138563513755798,0.4937024712562561,-0.025612007826566696,0.47976964712142944,0.45815229415893555,-0.027643293142318726,0.5713796019554138,0.7035638093948364,-0.019841233268380165,0.5515127778053284,0.615394115447998,-0.017451122403144836,0.582614004611969,0.6118852496147156,-0.009748606011271477,0.6066654920578003,0.6340519189834595,-0.00359692657366395,0.5549201965332031,0.7501053214073181,-0.019648641347885132,0.5492631793022156,0.6682317852973938,-0.011166910640895367,0.5729304552078247,0.6600376963615417,0.003058789996430278,0.5920144319534302,0.6761325001716614,0.01492366474121809,0.0,0.0,0.0,0.0,0.0,0.0,0.0,0.0,0.0,0.0,0.0,0.0,0.0,0.0,0.0,0.0,0.0,0.0,0.0,0.0,0.0,0.0,0.0,0.0,0.0,0.0,0.0,0.0,0.0,0.0,0.0,0.0,0.0,0.0,0.0,0.0,0.0,0.0,0.0,0.0,0.0,0.0,0.0,0.0,0.0,0.0,0.0,0.0,0.0,0.0,0.0,0.0,0.0,0.0,0.0,0.0,0.0,0.0,0.0,0.0,0.0,0.0,0.0,we
0.7238789200782776,0.9016312956809998,5.357258032745449e-07,0.7262572050094604,0.7715491652488708,0.006820233538746834,0.6776778101921082,0.6781652569770813,0.010679389350116253,0.6275678277015686,0.6460215449333191,0.012756635434925556,0.5872395634651184,0.6426912546157837,0.014823343604803085,0.613580048084259,0.6264221668243408,0.0016570825828239322,0.5663923025131226,0.5206825733184814,0.001487677451223135,0.5433571934700012,0.4581102728843689,0.001584592740982771,0.5269604325294495,0.41366666555404663,0.00263225007802248,0.5704998970031738,0.6747796535491943,-0.0027819648385047913,0.512029230594635,0.6017659306526184,0.0018869482446461916,0.5027133226394653,0.5691259503364563,0.003731747157871723,0.5019660592079163,0.5477598905563354,0.004968828056007624,0.5470107793807983,0.7321383357048035,-0.005301162134855986,0.5385088920593262,0.6757373213768005,0.0008636816055513918,0.5655118823051453,0.6732393503189087,0.006293663289397955,0.5888423323631287,0.6854835152626038,0.010134931653738022,0.5385116934776306,0.7846744060516357,-0.0077524734660983086,0.545433759689331,0.7396056652069092,0.00255236541852355,0.5693602561950684,0.7344796061515808,0.014239490032196045,0.5898350477218628,0.7448142170906067,0.02426137588918209,0.0,0.0,0.0,0.0,0.0,0.0,0.0,0.0,0.0,0.0,0.0,0.0,0.0,0.0,0.0,0.0,0.0,0.0,0.0,0.0,0.0,0.0,0.0,0.0,0.0,0.0,0.0,0.0,0.0,0.0,0.0,0.0,0.0,0.0,0.0,0.0,0.0,0.0,0.0,0.0,0.0,0.0,0.0,0.0,0.0,0.0,0.0,0.0,0.0,0.0,0.0,0.0,0.0,0.0,0.0,0.0,0.0,0.0,0.0,0.0,0.0,0.0,0.0,we
0.7214407324790955,0.9113402366638184,3.7300253552530194e-07,0.7266637086868286,0.7766484022140503,0.003666515927761793,0.6834383010864258,0.6791412830352783,0.005441432818770409,0.6274797916412354,0.6462181806564331,0.007144873961806297,0.5833429098129272,0.6526115536689758,0.008217886090278625,0.6182933449745178,0.6317346692085266,-0.003987261559814215,0.5712907314300537,0.5247491002082825,-0.0034310417249798775,0.5458455681800842,0.46488088369369507,-0.0017980042612180114,0.5264878273010254,0.42451944947242737,-0.0009376499801874161,0.5736216902732849,0.6795358657836914,-0.006513557396829128,0.5254175066947937,0.6035774946212769,-0.0022533515002578497,0.5397534966468811,0.5956881046295166,0.0028324262239038944,0.5587912797927856,0.6015868782997131,0.006518421694636345,0.5494685769081116,0.7369216084480286,-0.006953596603125334,0.5360109210014343,0.6681978106498718,-0.001244195969775319,0.5617257952690125,0.6717544794082642,0.007015073671936989,0.5832573175430298,0.6894394755363464,0.011488859541714191,0.5388581156730652,0.7869227528572083,-0.007020450197160244,0.5398856997489929,0.7321251630783081,0.001188656548038125,0.5634845495223999,0.7307491302490234,0.013050445355474949,0.5817140936851501,0.745272696018219,0.02258945256471634,0.0,0.0,0.0,0.0,0.0,0.0,0.0,0.0,0.0,0.0,0.0,0.0,0.0,0.0,0.0,0.0,0.0,0.0,0.0,0.0,0.0,0.0,0.0,0.0,0.0,0.0,0.0,0.0,0.0,0.0,0.0,0.0,0.0,0.0,0.0,0.0,0.0,0.0,0.0,0.0,0.0,0.0,0.0,0.0,0.0,0.0,0.0,0.0,0.0,0.0,0.0,0.0,0.0,0.0,0.0,0.0,0.0,0.0,0.0,0.0,0.0,0.0,0.0,we
0.7267014980316162,0.9056258797645569,3.073959078392363e-07,0.7265050411224365,0.7699807286262512,0.010405998677015305,0.6755099892616272,0.6801781058311462,0.018803302198648453,0.6180881857872009,0.6520804762840271,0.026378553360700607,0.572719931602478,0.6590290665626526,0.033815182745456696,0.616050124168396,0.6357719898223877,0.008032760582864285,0.5617177486419678,0.5334129333496094,0.017875706776976585,0.5288826823234558,0.4805299639701843,0.026109326630830765,0.4998772144317627,0.44424739480018616,0.030596286058425903,0.5722395777702332,0.6863881349563599,0.005693898536264896,0.516508936882019,0.6237174272537231,0.020024368539452553,0.5309345126152039,0.6257721781730652,0.03017236478626728,0.5514041781425476,0.6380364298820496,0.03631993383169174,0.5509602427482605,0.7446869015693665,0.006244000978767872,0.5339074730873108,0.6931400895118713,0.021896081045269966,0.5589330196380615,0.6958715915679932,0.03148655965924263,0.5789023041725159,0.712272047996521,0.03484774008393288,0.5423968434333801,0.7951096296310425,0.007414754945784807,0.5399070382118225,0.751925528049469,0.02370518632233143,0.5635513067245483,0.7508637309074402,0.037295419722795486,0.5833054780960083,0.7631986141204834,0.0468028299510479,0.0,0.0,0.0,0.0,0.0,0.0,0.0,0.0,0.0,0.0,0.0,0.0,0.0,0.0,0.0,0.0,0.0,0.0,0.0,0.0,0.0,0.0,0.0,0.0,0.0,0.0,0.0,0.0,0.0,0.0,0.0,0.0,0.0,0.0,0.0,0.0,0.0,0.0,0.0,0.0,0.0,0.0,0.0,0.0,0.0,0.0,0.0,0.0,0.0,0.0,0.0,0.0,0.0,0.0,0.0,0.0,0.0,0.0,0.0,0.0,0.0,0.0,0.0,we
0.7329280376434326,0.89722740650177,3.2635858815410757e-07,0.7406989932060242,0.7621779441833496,0.002709444146603346,0.6939170360565186,0.670296847820282,0.003932987339794636,0.633090078830719,0.6444359421730042,0.0044944388791918755,0.588789701461792,0.653440535068512,0.004539881832897663,0.6294586658477783,0.6168491244316101,-0.0018305382691323757,0.5760348439216614,0.5144883394241333,-0.004909145180135965,0.5453007221221924,0.4548683166503906,-0.005084421951323748,0.5205917954444885,0.41451790928840637,-0.0050562163814902306,0.5867180228233337,0.6656277179718018,-0.0050556715577840805,0.5299828052520752,0.5968754291534424,-0.007599446922540665,0.5491934418678284,0.5968379974365234,-0.00390083366073668,0.573675274848938,0.6090759634971619,0.0011039876844733953,0.5619808435440063,0.7229489684104919,-0.0066630542278289795,0.5440459251403809,0.6633520126342773,-0.006103128660470247,0.5693299174308777,0.668254554271698,0.002975547220557928,0.5911813974380493,0.687622606754303,0.009889645501971245,0.5492645502090454,0.7745265960693359,-0.008057838305830956,0.5467745661735535,0.7236016392707825,-0.001687395153567195,0.5716086626052856,0.7241860628128052,0.011215350590646267,0.5894079208374023,0.7410286664962769,0.022232528775930405,0.0,0.0,0.0,0.0,0.0,0.0,0.0,0.0,0.0,0.0,0.0,0.0,0.0,0.0,0.0,0.0,0.0,0.0,0.0,0.0,0.0,0.0,0.0,0.0,0.0,0.0,0.0,0.0,0.0,0.0,0.0,0.0,0.0,0.0,0.0,0.0,0.0,0.0,0.0,0.0,0.0,0.0,0.0,0.0,0.0,0.0,0.0,0.0,0.0,0.0,0.0,0.0,0.0,0.0,0.0,0.0,0.0,0.0,0.0,0.0,0.0,0.0,0.0,we
0.7414698004722595,0.8848459124565125,6.784446782148734e-07,0.7543275356292725,0.748263418674469,0.004733967129141092,0.7082722187042236,0.6497282385826111,0.004872532095760107,0.6452135443687439,0.6150335669517517,0.004839255474507809,0.5995383858680725,0.6168373227119446,0.00506172189489007,0.669769287109375,0.602496325969696,-0.014416093938052654,0.622379720211029,0.4737674295902252,-0.020271357148885727,0.5986388921737671,0.40352681279182434,-0.02118009328842163,0.5784175992012024,0.35023924708366394,-0.01909136213362217,0.6153745055198669,0.6439880728721619,-0.017573120072484016,0.5499390959739685,0.5355972051620483,-0.016671162098646164,0.513019323348999,0.4835588335990906,-0.014686797745525837,0.48441794514656067,0.4518198072910309,-0.012839417904615402,0.5796303153038025,0.693436861038208,-0.017477156594395638,0.5542834401130676,0.6084896326065063,-0.010729605332016945,0.5837250351905823,0.6095897555351257,-0.0014078965177759528,0.6085400581359863,0.634959876537323,0.0060227722860872746,0.5609038472175598,0.7377070784568787,-0.017329677939414978,0.5556930303573608,0.6637999415397644,-0.0034925697837024927,0.580919086933136,0.6615061163902283,0.013567526824772358,0.5999751091003418,0.682144820690155,0.02752893604338169,0.0,0.0,0.0,0.0,0.0,0.0,0.0,0.0,0.0,0.0,0.0,0.0,0.0,0.0,0.0,0.0,0.0,0.0,0.0,0.0,0.0,0.0,0.0,0.0,0.0,0.0,0.0,0.0,0.0,0.0,0.0,0.0,0.0,0.0,0.0,0.0,0.0,0.0,0.0,0.0,0.0,0.0,0.0,0.0,0.0,0.0,0.0,0.0,0.0,0.0,0.0,0.0,0.0,0.0,0.0,0.0,0.0,0.0,0.0,0.0,0.0,0.0,0.0,we
0.7406607270240784,0.8846365213394165,6.753786010449403e-07,0.7540395259857178,0.7477266192436218,0.004356192424893379,0.7069219350814819,0.6509007811546326,0.004265915136784315,0.6440703868865967,0.622279942035675,0.0040751732885837555,0.5992757081985474,0.6242806911468506,0.004248813726007938,0.6699726581573486,0.6043568849563599,-0.014698556624352932,0.6257383227348328,0.4718964099884033,-0.021445002406835556,0.6000747084617615,0.3994874954223633,-0.02386588603258133,0.577753484249115,0.34560316801071167,-0.023380102589726448,0.615188479423523,0.6463080048561096,-0.017091814428567886,0.5517846345901489,0.5399377346038818,-0.015576118603348732,0.5147873759269714,0.4870471954345703,-0.013825340196490288,0.483722984790802,0.4539668560028076,-0.01308889128267765,0.5801469683647156,0.6961230039596558,-0.016420694068074226,0.5558857917785645,0.6152402758598328,-0.008599391207098961,0.587417483329773,0.612261176109314,0.00022624061966780573,0.612777054309845,0.6355602145195007,0.006806547753512859,0.5619707107543945,0.742664098739624,-0.01595405861735344,0.5572504997253418,0.66828852891922,-0.00257417606189847,0.5813648700714111,0.6619564294815063,0.012792803347110748,0.6004194617271423,0.6789980530738831,0.025370290502905846,0.0,0.0,0.0,0.0,0.0,0.0,0.0,0.0,0.0,0.0,0.0,0.0,0.0,0.0,0.0,0.0,0.0,0.0,0.0,0.0,0.0,0.0,0.0,0.0,0.0,0.0,0.0,0.0,0.0,0.0,0.0,0.0,0.0,0.0,0.0,0.0,0.0,0.0,0.0,0.0,0.0,0.0,0.0,0.0,0.0,0.0,0.0,0.0,0.0,0.0,0.0,0.0,0.0,0.0,0.0,0.0,0.0,0.0,0.0,0.0,0.0,0.0,0.0,we
0.7321007251739502,0.9027346968650818,6.432682084778207e-07,0.7471351623535156,0.7652381658554077,0.0034005329944193363,0.7029265761375427,0.6606060266494751,0.00648207264021039,0.6426416635513306,0.6326408982276917,0.00908347312361002,0.5982484221458435,0.6380736827850342,0.012585311196744442,0.6577693819999695,0.6185331344604492,-0.004088756628334522,0.6218120455741882,0.4859595000743866,-0.004915076307952404,0.5993119478225708,0.41432082653045654,-0.004695601761341095,0.5775105357170105,0.3604491949081421,-0.003899679286405444,0.6037914752960205,0.659506618976593,-0.005560356192290783,0.5509358644485474,0.5629584193229675,-0.0006788370665162802,0.5167847871780396,0.5164384841918945,0.0010794198606163263,0.48578518629074097,0.48607051372528076,0.001186798675917089,0.5711626410484314,0.7081606984138489,-0.004866643343120813,0.5565398335456848,0.6269019246101379,0.0036171432584524155,0.5886589288711548,0.6243405938148499,0.010900200344622135,0.6119473576545715,0.645677924156189,0.01606193743646145,0.5555671453475952,0.7520114183425903,-0.004422093741595745,0.5527117252349854,0.6780796647071838,0.008578614331781864,0.5766922235488892,0.6717934012413025,0.02284282259643078,0.5951176881790161,0.6886959671974182,0.034408822655677795,0.0,0.0,0.0,0.0,0.0,0.0,0.0,0.0,0.0,0.0,0.0,0.0,0.0,0.0,0.0,0.0,0.0,0.0,0.0,0.0,0.0,0.0,0.0,0.0,0.0,0.0,0.0,0.0,0.0,0.0,0.0,0.0,0.0,0.0,0.0,0.0,0.0,0.0,0.0,0.0,0.0,0.0,0.0,0.0,0.0,0.0,0.0,0.0,0.0,0.0,0.0,0.0,0.0,0.0,0.0,0.0,0.0,0.0,0.0,0.0,0.0,0.0,0.0,we
0.7337708473205566,0.9045044779777527,5.353164738153282e-07,0.738832414150238,0.7724111676216125,0.007380582392215729,0.6927475929260254,0.6788830757141113,0.010189298540353775,0.6376559138298035,0.6551223993301392,0.011872711591422558,0.5942484736442566,0.6681689023971558,0.013386787846684456,0.635797381401062,0.6327290534973145,-0.0025297703687101603,0.5856844186782837,0.5179479122161865,-0.003728544106706977,0.5568007230758667,0.4522181749343872,-0.003313197987154126,0.5329083204269409,0.40315496921539307,-0.0024283910170197487,0.5894476771354675,0.6769580245018005,-0.007165552582591772,0.5240668058395386,0.5955001711845398,-0.0021263519302010536,0.512855052947998,0.5688017010688782,0.002531428588554263,0.5104849338531494,0.554172158241272,0.0055926041677594185,0.5639615654945374,0.7295449376106262,-0.009235965088009834,0.5476928949356079,0.6669389009475708,-0.0003624914097599685,0.5749981999397278,0.6678436994552612,0.009981522336602211,0.5982025265693665,0.6864524483680725,0.016351161524653435,0.5536407828330994,0.7773515582084656,-0.011458398774266243,0.5536786317825317,0.7274162173271179,0.002129612723365426,0.5770583748817444,0.7266007661819458,0.01786400005221367,0.5955978631973267,0.7422261238098145,0.030045950785279274,0.0,0.0,0.0,0.0,0.0,0.0,0.0,0.0,0.0,0.0,0.0,0.0,0.0,0.0,0.0,0.0,0.0,0.0,0.0,0.0,0.0,0.0,0.0,0.0,0.0,0.0,0.0,0.0,0.0,0.0,0.0,0.0,0.0,0.0,0.0,0.0,0.0,0.0,0.0,0.0,0.0,0.0,0.0,0.0,0.0,0.0,0.0,0.0,0.0,0.0,0.0,0.0,0.0,0.0,0.0,0.0,0.0,0.0,0.0,0.0,0.0,0.0,0.0,we
0.7397167682647705,0.9044786691665649,4.186372564163321e-07,0.741077184677124,0.7744717001914978,0.0069379317574203014,0.6932461857795715,0.6855351328849792,0.01281222328543663,0.634475827217102,0.6636507511138916,0.018370667472481728,0.5883902311325073,0.6780117154121399,0.02393357641994953,0.6283423900604248,0.6312723159790039,0.0055583082139492035,0.5757973194122314,0.5284167528152466,0.014074874110519886,0.5456437468528748,0.47010374069213867,0.021039482206106186,0.5184391140937805,0.42649927735328674,0.025036171078681946,0.5831934809684753,0.6817532777786255,0.004155835136771202,0.5173943042755127,0.6238180994987488,0.017416568472981453,0.5190201997756958,0.6207526922225952,0.026506641879677773,0.5311389565467834,0.627970278263092,0.032729536294937134,0.5606281161308289,0.740881085395813,0.005296361166983843,0.5448333621025085,0.7005110383033752,0.019060397520661354,0.5702052712440491,0.7047035694122314,0.026075324043631554,0.5918196439743042,0.7219144105911255,0.02941073477268219,0.5519611239433289,0.791543185710907,0.00672478461638093,0.5559419989585876,0.7583242654800415,0.022113891318440437,0.5800939202308655,0.759607195854187,0.03392486646771431,0.5998153686523438,0.7729467153549194,0.04306459799408913,0.0,0.0,0.0,0.0,0.0,0.0,0.0,0.0,0.0,0.0,0.0,0.0,0.0,0.0,0.0,0.0,0.0,0.0,0.0,0.0,0.0,0.0,0.0,0.0,0.0,0.0,0.0,0.0,0.0,0.0,0.0,0.0,0.0,0.0,0.0,0.0,0.0,0.0,0.0,0.0,0.0,0.0,0.0,0.0,0.0,0.0,0.0,0.0,0.0,0.0,0.0,0.0,0.0,0.0,0.0,0.0,0.0,0.0,0.0,0.0,0.0,0.0,0.0,we
0.7419687509536743,0.896766185760498,6.319790486486454e-07,0.7460965514183044,0.7605839967727661,0.00013705821766052395,0.6977809071540833,0.6707239747047424,-4.242317663738504e-05,0.6330870389938354,0.6472948789596558,2.1942238163319416e-05,0.5861498117446899,0.6613132357597351,-7.524649845436215e-05,0.6478158831596375,0.6221396327018738,-0.008568493649363518,0.5951143503189087,0.5047206878662109,-0.015212669037282467,0.5622942447662354,0.4376218914985657,-0.017835749313235283,0.5346148014068604,0.39071765542030334,-0.017428388819098473,0.6004942059516907,0.6666210889816284,-0.0107229920104146,0.5291396379470825,0.5736013650894165,-0.013781623914837837,0.5015615224838257,0.535907506942749,-0.013723769225180149,0.48445677757263184,0.5154531598091125,-0.011023983359336853,0.5719332098960876,0.7189844250679016,-0.011011804454028606,0.5491270422935486,0.6479417681694031,-0.012559372000396252,0.5745342969894409,0.6505869030952454,-0.007559343706816435,0.5989850163459778,0.6739354729652405,-3.4779477573465556e-05,0.5573587417602539,0.7650770545005798,-0.011274321004748344,0.5552308559417725,0.7047042846679688,-0.005723660811781883,0.5798541307449341,0.7046301364898682,0.006275196559727192,0.5997787117958069,0.7242186069488525,0.01871470920741558,0.0,0.0,0.0,0.0,0.0,0.0,0.0,0.0,0.0,0.0,0.0,0.0,0.0,0.0,0.0,0.0,0.0,0.0,0.0,0.0,0.0,0.0,0.0,0.0,0.0,0.0,0.0,0.0,0.0,0.0,0.0,0.0,0.0,0.0,0.0,0.0,0.0,0.0,0.0,0.0,0.0,0.0,0.0,0.0,0.0,0.0,0.0,0.0,0.0,0.0,0.0,0.0,0.0,0.0,0.0,0.0,0.0,0.0,0.0,0.0,0.0,0.0,0.0,we
0.7434254884719849,0.8989010453224182,5.919928867115232e-07,0.7463546395301819,0.7661072611808777,0.0023945625871419907,0.6969035267829895,0.678226113319397,0.002646643202751875,0.6370617747306824,0.6617584824562073,0.001931151025928557,0.5929690599441528,0.6807746291160583,0.0010704667074605823,0.6452028155326843,0.6195201873779297,-0.003133439691737294,0.596315324306488,0.505416989326477,-0.00898817926645279,0.5669974684715271,0.4379066526889801,-0.011764858849346638,0.5428341031074524,0.38799601793289185,-0.012312251143157482,0.5983981490135193,0.6644084453582764,-0.007627967279404402,0.5274306535720825,0.584547758102417,-0.010110436007380486,0.5028762817382812,0.5544567108154297,-0.009968689642846584,0.4876491129398346,0.5342237949371338,-0.007978369481861591,0.5702855587005615,0.7198904752731323,-0.010656269267201424,0.5505838394165039,0.6595094799995422,-0.012763223610818386,0.5770267248153687,0.6660164594650269,-0.007285861298441887,0.5995143055915833,0.6882150173187256,0.000176122339325957,0.5564955472946167,0.7696429491043091,-0.013663624413311481,0.5524104833602905,0.7181084752082825,-0.008013173937797546,0.5750113725662231,0.7199556827545166,0.004805124830454588,0.5929154753684998,0.7378292679786682,0.017421366646885872,0.0,0.0,0.0,0.0,0.0,0.0,0.0,0.0,0.0,0.0,0.0,0.0,0.0,0.0,0.0,0.0,0.0,0.0,0.0,0.0,0.0,0.0,0.0,0.0,0.0,0.0,0.0,0.0,0.0,0.0,0.0,0.0,0.0,0.0,0.0,0.0,0.0,0.0,0.0,0.0,0.0,0.0,0.0,0.0,0.0,0.0,0.0,0.0,0.0,0.0,0.0,0.0,0.0,0.0,0.0,0.0,0.0,0.0,0.0,0.0,0.0,0.0,0.0,we
0.7440640330314636,0.8902742862701416,7.172245659603504e-07,0.7556951642036438,0.7538716793060303,0.0012205305974930525,0.7104642391204834,0.6541498899459839,-0.0029171695932745934,0.6468066573143005,0.6203263998031616,-0.006550897844135761,0.6010515689849854,0.6174250245094299,-0.010248255915939808,0.6765019297599792,0.6086943745613098,-0.026764681562781334,0.6300192475318909,0.47570931911468506,-0.038046274334192276,0.601702868938446,0.4021107852458954,-0.04309806227684021,0.5773487687110901,0.34659525752067566,-0.04406529664993286,0.6235847473144531,0.6521875858306885,-0.029513459652662277,0.5598443150520325,0.5448883771896362,-0.032752979546785355,0.5181065797805786,0.48753082752227783,-0.031918447464704514,0.48365557193756104,0.4529566466808319,-0.03194369375705719,0.5882321000099182,0.7032222747802734,-0.028857164084911346,0.5532858371734619,0.6155918836593628,-0.024537373334169388,0.5799505114555359,0.610376238822937,-0.013689017854630947,0.6045086979866028,0.6323436498641968,-0.005969097837805748,0.5695428252220154,0.7489786148071289,-0.028519686311483383,0.5546277761459351,0.670231282711029,-0.017820190638303757,0.578522264957428,0.665166437625885,-0.000385444174753502,0.5992264747619629,0.685343861579895,0.013742698356509209,0.0,0.0,0.0,0.0,0.0,0.0,0.0,0.0,0.0,0.0,0.0,0.0,0.0,0.0,0.0,0.0,0.0,0.0,0.0,0.0,0.0,0.0,0.0,0.0,0.0,0.0,0.0,0.0,0.0,0.0,0.0,0.0,0.0,0.0,0.0,0.0,0.0,0.0,0.0,0.0,0.0,0.0,0.0,0.0,0.0,0.0,0.0,0.0,0.0,0.0,0.0,0.0,0.0,0.0,0.0,0.0,0.0,0.0,0.0,0.0,0.0,0.0,0.0,we
0.7313418984413147,0.8873299360275269,6.65634729557496e-07,0.7450461983680725,0.7515943050384521,0.0045575592666864395,0.700937807559967,0.6539462804794312,0.005890577100217342,0.642334520816803,0.6283335089683533,0.005796465557068586,0.5991589426994324,0.6307176947593689,0.005930647719651461,0.6564264297485352,0.6006906628608704,-0.004855623934417963,0.6197628378868103,0.47569042444229126,-0.008756633847951889,0.5964236259460449,0.4061988890171051,-0.0119301937520504,0.575038731098175,0.35413235425949097,-0.013173864223062992,0.6047170758247375,0.6421383619308472,-0.009088883176445961,0.5518332719802856,0.5438814163208008,-0.008473178371787071,0.5146768689155579,0.4902275502681732,-0.01092437282204628,0.4818148612976074,0.4539926052093506,-0.013452517800033092,0.5727484226226807,0.6935709118843079,-0.010968751274049282,0.5563379526138306,0.6134153604507446,-0.006338217761367559,0.5887353420257568,0.6132360696792603,-0.0006755513022653759,0.6131172180175781,0.6363276243209839,0.0041681271977722645,0.5586054921150208,0.7429189682006836,-0.012911607511341572,0.554154098033905,0.6671253442764282,-0.0025223682168871164,0.5780784487724304,0.6592023372650146,0.011748038232326508,0.5979169011116028,0.6747184991836548,0.02375147119164467,0.0,0.0,0.0,0.0,0.0,0.0,0.0,0.0,0.0,0.0,0.0,0.0,0.0,0.0,0.0,0.0,0.0,0.0,0.0,0.0,0.0,0.0,0.0,0.0,0.0,0.0,0.0,0.0,0.0,0.0,0.0,0.0,0.0,0.0,0.0,0.0,0.0,0.0,0.0,0.0,0.0,0.0,0.0,0.0,0.0,0.0,0.0,0.0,0.0,0.0,0.0,0.0,0.0,0.0,0.0,0.0,0.0,0.0,0.0,0.0,0.0,0.0,0.0,we
0.7290837168693542,0.9042502641677856,3.658533103134687e-07,0.7334761023521423,0.7738461494445801,0.01032690517604351,0.6865220069885254,0.6784495711326599,0.01555933989584446,0.6357848048210144,0.6517910361289978,0.018690388649702072,0.5940436720848083,0.6635512709617615,0.021141987293958664,0.62238609790802,0.6256895661354065,0.0045213173143565655,0.570189356803894,0.5231865644454956,0.009389673359692097,0.5383647084236145,0.46549221873283386,0.013249168172478676,0.5129590034484863,0.42352378368377686,0.014690660871565342,0.5793635249137878,0.6714696884155273,-0.0009521119063720107,0.5323714017868042,0.6039198637008667,0.007943622767925262,0.5462206602096558,0.5940686464309692,0.014170273207128048,0.5656809210777283,0.5960816144943237,0.01703484356403351,0.5571944117546082,0.7278556227684021,-0.003842010162770748,0.5515966415405273,0.6743411421775818,0.006608609110116959,0.5779373049736023,0.6774465441703796,0.015233345329761505,0.59979647397995,0.6944037079811096,0.018497630953788757,0.5487765073776245,0.779706597328186,-0.006327248644083738,0.5531434416770935,0.7365922927856445,0.007155478931963444,0.5764949917793274,0.736177921295166,0.020710071548819542,0.5960006713867188,0.7503046989440918,0.030055928975343704,0.0,0.0,0.0,0.0,0.0,0.0,0.0,0.0,0.0,0.0,0.0,0.0,0.0,0.0,0.0,0.0,0.0,0.0,0.0,0.0,0.0,0.0,0.0,0.0,0.0,0.0,0.0,0.0,0.0,0.0,0.0,0.0,0.0,0.0,0.0,0.0,0.0,0.0,0.0,0.0,0.0,0.0,0.0,0.0,0.0,0.0,0.0,0.0,0.0,0.0,0.0,0.0,0.0,0.0,0.0,0.0,0.0,0.0,0.0,0.0,0.0,0.0,0.0,we
0.7322077751159668,0.9062601327896118,3.0636513770332385e-07,0.7350302934646606,0.7748398184776306,0.00921662524342537,0.6866400241851807,0.6815861463546753,0.018610738217830658,0.6279299259185791,0.6480512619018555,0.02835705690085888,0.5818025469779968,0.6519482135772705,0.03805118799209595,0.621200680732727,0.6308699250221252,0.005390641745179892,0.5633544325828552,0.5293847322463989,0.016942892223596573,0.5287490487098694,0.4715213477611542,0.026562955230474472,0.4973991811275482,0.4305834174156189,0.03182511404156685,0.5757524967193604,0.683302104473114,0.0047558946534991264,0.5152832865715027,0.6147237420082092,0.021855328232049942,0.5330559015274048,0.6175395846366882,0.034200605005025864,0.5574502944946289,0.6349216103553772,0.04198069125413895,0.5560212135314941,0.7419615983963013,0.007331754080951214,0.5406054854393005,0.6891571879386902,0.025352442637085915,0.5672010779380798,0.6904558539390564,0.03454811871051788,0.5877856612205505,0.7072077393531799,0.03748822212219238,0.5498517155647278,0.7922027707099915,0.01053837314248085,0.5505223274230957,0.7469125390052795,0.028734292834997177,0.5752596855163574,0.7468262314796448,0.041677940636873245,0.5952088236808777,0.7603093385696411,0.05041443929076195,0.0,0.0,0.0,0.0,0.0,0.0,0.0,0.0,0.0,0.0,0.0,0.0,0.0,0.0,0.0,0.0,0.0,0.0,0.0,0.0,0.0,0.0,0.0,0.0,0.0,0.0,0.0,0.0,0.0,0.0,0.0,0.0,0.0,0.0,0.0,0.0,0.0,0.0,0.0,0.0,0.0,0.0,0.0,0.0,0.0,0.0,0.0,0.0,0.0,0.0,0.0,0.0,0.0,0.0,0.0,0.0,0.0,0.0,0.0,0.0,0.0,0.0,0.0,we
0.7433691620826721,0.8952485918998718,8.755898761592107e-07,0.7520272135734558,0.762294352054596,-0.0011350397253409028,0.7061303853988647,0.6694839000701904,-0.003319825977087021,0.646186113357544,0.6416283845901489,-0.006392525043338537,0.6014747619628906,0.6506874561309814,-0.009676098823547363,0.6505400538444519,0.6176639795303345,-0.010515691712498665,0.5996463298797607,0.50180983543396,-0.023144956678152084,0.5684003233909607,0.4312952756881714,-0.030660342425107956,0.5423917770385742,0.38008373975753784,-0.032032761722803116,0.6039892435073853,0.6552212238311768,-0.014795960858464241,0.5462449789047241,0.5328369140625,-0.02194277197122574,0.5127843618392944,0.45249754190444946,-0.023832375183701515,0.48741650581359863,0.39609265327453613,-0.022188706323504448,0.5753927826881409,0.7053276896476746,-0.01791689731180668,0.5538800954818726,0.6250252723693848,-0.02196916937828064,0.5784180164337158,0.6302310228347778,-0.014545115642249584,0.6034981608390808,0.6563237309455872,-0.004214468877762556,0.5617731213569641,0.7527751326560974,-0.021633964031934738,0.5578076839447021,0.6854395270347595,-0.015174221247434616,0.5821579098701477,0.6861163973808289,0.0019199224188923836,0.6027345657348633,0.7059465646743774,0.018099341541528702,0.0,0.0,0.0,0.0,0.0,0.0,0.0,0.0,0.0,0.0,0.0,0.0,0.0,0.0,0.0,0.0,0.0,0.0,0.0,0.0,0.0,0.0,0.0,0.0,0.0,0.0,0.0,0.0,0.0,0.0,0.0,0.0,0.0,0.0,0.0,0.0,0.0,0.0,0.0,0.0,0.0,0.0,0.0,0.0,0.0,0.0,0.0,0.0,0.0,0.0,0.0,0.0,0.0,0.0,0.0,0.0,0.0,0.0,0.0,0.0,0.0,0.0,0.0,we
0.7440546751022339,0.8998616337776184,8.002475624380168e-07,0.750901460647583,0.7653540372848511,0.002025176538154483,0.7038967609405518,0.6715924739837646,0.0005352683365345001,0.6464735269546509,0.6420924067497253,-0.002852249424904585,0.6034579277038574,0.6438998579978943,-0.0065282853320240974,0.6491757035255432,0.6171525120735168,-0.009200484491884708,0.5992885231971741,0.4997415542602539,-0.02216561883687973,0.5670894980430603,0.4298296868801117,-0.030897559598088264,0.5390893220901489,0.37928393483161926,-0.034489329904317856,0.6034494042396545,0.6559872627258301,-0.01617293246090412,0.5477330088615417,0.5356360673904419,-0.02443626895546913,0.5177337527275085,0.45910948514938354,-0.02842198871076107,0.49226057529449463,0.40366947650909424,-0.0296349935233593,0.5739266276359558,0.7087398171424866,-0.021703533828258514,0.5500777363777161,0.6240689158439636,-0.026356054469943047,0.5781636834144592,0.6254985332489014,-0.01905161701142788,0.6027998924255371,0.6471495628356934,-0.009990006685256958,0.5599222183227539,0.7596862316131592,-0.027655698359012604,0.5537096858024597,0.6892353296279907,-0.02244425192475319,0.5770397186279297,0.6845750212669373,-0.006738492287695408,0.596053957939148,0.6992715001106262,0.007825462147593498,0.0,0.0,0.0,0.0,0.0,0.0,0.0,0.0,0.0,0.0,0.0,0.0,0.0,0.0,0.0,0.0,0.0,0.0,0.0,0.0,0.0,0.0,0.0,0.0,0.0,0.0,0.0,0.0,0.0,0.0,0.0,0.0,0.0,0.0,0.0,0.0,0.0,0.0,0.0,0.0,0.0,0.0,0.0,0.0,0.0,0.0,0.0,0.0,0.0,0.0,0.0,0.0,0.0,0.0,0.0,0.0,0.0,0.0,0.0,0.0,0.0,0.0,0.0,we
0.7502814531326294,0.8966168761253357,6.274615884649393e-07,0.7617259621620178,0.755813717842102,0.000507715274579823,0.7190660238265991,0.6505402326583862,-0.003802577266469598,0.6569880247116089,0.6124631762504578,-0.007664418313652277,0.6111876368522644,0.6089898347854614,-0.01147239375859499,0.6827974319458008,0.6092458367347717,-0.023991746827960014,0.6338831186294556,0.47358351945877075,-0.03297160938382149,0.6051778793334961,0.40264326333999634,-0.03712141513824463,0.5795833468437195,0.34669095277786255,-0.038653962314128876,0.6288964152336121,0.6552295088768005,-0.026683345437049866,0.569089412689209,0.5464059114456177,-0.028298644348978996,0.538070559501648,0.4955715537071228,-0.02677101269364357,0.5137391686439514,0.46470141410827637,-0.02709781564772129,0.59244304895401,0.7073689699172974,-0.026387330144643784,0.560210645198822,0.6081246137619019,-0.020682714879512787,0.589431881904602,0.6044217348098755,-0.008668246679008007,0.6159170866012573,0.6275678277015686,-0.0014550616033375263,0.5720689296722412,0.7524523735046387,-0.02666972391307354,0.5577693581581116,0.6682214140892029,-0.015091405250132084,0.5820745229721069,0.6626300811767578,0.002543986774981022,0.6030610203742981,0.6817731857299805,0.01576194353401661,0.0,0.0,0.0,0.0,0.0,0.0,0.0,0.0,0.0,0.0,0.0,0.0,0.0,0.0,0.0,0.0,0.0,0.0,0.0,0.0,0.0,0.0,0.0,0.0,0.0,0.0,0.0,0.0,0.0,0.0,0.0,0.0,0.0,0.0,0.0,0.0,0.0,0.0,0.0,0.0,0.0,0.0,0.0,0.0,0.0,0.0,0.0,0.0,0.0,0.0,0.0,0.0,0.0,0.0,0.0,0.0,0.0,0.0,0.0,0.0,0.0,0.0,0.0,we
0.7380281090736389,0.898523211479187,6.84152382746106e-07,0.7436410784721375,0.7675315141677856,0.006740284152328968,0.6982051134109497,0.6696094870567322,0.008007938973605633,0.643843412399292,0.6428540349006653,0.007356296759098768,0.5993984937667847,0.6488561034202576,0.006464288104325533,0.6422532200813293,0.6234140396118164,-0.003973755985498428,0.6007499098777771,0.5046692490577698,-0.01019145268946886,0.5767990946769714,0.4368508458137512,-0.014257975853979588,0.5564479827880859,0.38817134499549866,-0.015292270109057426,0.5972386598587036,0.6651600003242493,-0.010659759864211082,0.536098837852478,0.5617423057556152,-0.01166217215359211,0.5143592953681946,0.5062924027442932,-0.010898240841925144,0.4985637068748474,0.4690045714378357,-0.009944080375134945,0.5695540904998779,0.71674644947052,-0.015283392742276192,0.5478726029396057,0.6350269913673401,-0.013054621405899525,0.5782606601715088,0.6296834945678711,-0.004113267175853252,0.6037107110023499,0.6468406319618225,0.003476174548268318,0.5585763454437256,0.7638750076293945,-0.01995140314102173,0.5544498562812805,0.6966924667358398,-0.011254921555519104,0.5789965391159058,0.6879594326019287,0.004234342835843563,0.5983679294586182,0.7002689242362976,0.017316654324531555,0.0,0.0,0.0,0.0,0.0,0.0,0.0,0.0,0.0,0.0,0.0,0.0,0.0,0.0,0.0,0.0,0.0,0.0,0.0,0.0,0.0,0.0,0.0,0.0,0.0,0.0,0.0,0.0,0.0,0.0,0.0,0.0,0.0,0.0,0.0,0.0,0.0,0.0,0.0,0.0,0.0,0.0,0.0,0.0,0.0,0.0,0.0,0.0,0.0,0.0,0.0,0.0,0.0,0.0,0.0,0.0,0.0,0.0,0.0,0.0,0.0,0.0,0.0,we
0.7371790409088135,0.9039010405540466,3.2358119028685906e-07,0.7372276782989502,0.7724153399467468,0.01407795399427414,0.6891903281211853,0.6846075654029846,0.018849970772862434,0.6353743672370911,0.6614396572113037,0.021212877705693245,0.5936317443847656,0.6725538969039917,0.02275918424129486,0.6277257800102234,0.6349499225616455,0.004259827546775341,0.5694073438644409,0.5306140184402466,0.00801133830100298,0.5403304100036621,0.4794594347476959,0.012355376034975052,0.5193498134613037,0.44615602493286133,0.015038846991956234,0.5836276412010193,0.6839672327041626,-0.002242261776700616,0.5283011198043823,0.6108254790306091,0.0073523190803825855,0.5493745803833008,0.6109755039215088,0.016279712319374084,0.5766924023628235,0.6246808171272278,0.021651120856404305,0.5614256262779236,0.7412723898887634,-0.005560094956308603,0.5446926355361938,0.6819803714752197,0.007393913809210062,0.5698897838592529,0.686835527420044,0.019383901730179787,0.5914685726165771,0.7055922746658325,0.02412172593176365,0.5536563396453857,0.792262077331543,-0.008014251478016376,0.5520039200782776,0.7445046305656433,0.007300811354070902,0.5764144062995911,0.7462033629417419,0.02344278246164322,0.596067488193512,0.7615938782691956,0.034496501088142395,0.0,0.0,0.0,0.0,0.0,0.0,0.0,0.0,0.0,0.0,0.0,0.0,0.0,0.0,0.0,0.0,0.0,0.0,0.0,0.0,0.0,0.0,0.0,0.0,0.0,0.0,0.0,0.0,0.0,0.0,0.0,0.0,0.0,0.0,0.0,0.0,0.0,0.0,0.0,0.0,0.0,0.0,0.0,0.0,0.0,0.0,0.0,0.0,0.0,0.0,0.0,0.0,0.0,0.0,0.0,0.0,0.0,0.0,0.0,0.0,0.0,0.0,0.0,we
0.7400999665260315,0.9056442975997925,3.8827047887934896e-07,0.7373038530349731,0.7699859142303467,0.011173916049301624,0.6866569519042969,0.6808803081512451,0.01736372523009777,0.6290669441223145,0.6644919514656067,0.02176513895392418,0.5870782732963562,0.6834461092948914,0.02566043846309185,0.6330960988998413,0.6328726410865784,0.010658898390829563,0.5748969316482544,0.5328912734985352,0.017190484330058098,0.5462621450424194,0.48191988468170166,0.023322684690356255,0.5249017477035522,0.448215126991272,0.027953019365668297,0.5891944766044617,0.6823763251304626,0.0060580093413591385,0.5247421264648438,0.6099463701248169,0.015833251178264618,0.5258668065071106,0.5960603356361389,0.022573765367269516,0.5360381603240967,0.5942739844322205,0.02807924896478653,0.5642452836036682,0.7396067380905151,0.0037749551702290773,0.5446580648422241,0.6757798194885254,0.015466435812413692,0.5704842209815979,0.679998517036438,0.022944895550608635,0.5928023457527161,0.6991248726844788,0.027439851313829422,0.5523220896720886,0.788080632686615,0.0022821074817329645,0.549583911895752,0.7358160018920898,0.01758880913257599,0.5727272629737854,0.7349597811698914,0.03119674138724804,0.5917121171951294,0.7492700815200806,0.04180028662085533,0.0,0.0,0.0,0.0,0.0,0.0,0.0,0.0,0.0,0.0,0.0,0.0,0.0,0.0,0.0,0.0,0.0,0.0,0.0,0.0,0.0,0.0,0.0,0.0,0.0,0.0,0.0,0.0,0.0,0.0,0.0,0.0,0.0,0.0,0.0,0.0,0.0,0.0,0.0,0.0,0.0,0.0,0.0,0.0,0.0,0.0,0.0,0.0,0.0,0.0,0.0,0.0,0.0,0.0,0.0,0.0,0.0,0.0,0.0,0.0,0.0,0.0,0.0,we
0.7495578527450562,0.900020182132721,5.719646196666872e-07,0.7510498762130737,0.7662326097488403,0.0034379353746771812,0.7015857100486755,0.6800191402435303,0.007065445650368929,0.6444447040557861,0.6627368927001953,0.009320513345301151,0.6007698774337769,0.6778121590614319,0.011549567803740501,0.64326411485672,0.6253563165664673,0.00730785122141242,0.5846896767616272,0.5290161371231079,0.006745181046426296,0.55445796251297,0.4718339741230011,0.00645008310675621,0.5325798988342285,0.43194377422332764,0.008328731171786785,0.59971022605896,0.6738537549972534,0.004512027371674776,0.5328484177589417,0.5944036245346069,0.009181506931781769,0.5079056620597839,0.554011344909668,0.009741144254803658,0.49332889914512634,0.5264779925346375,0.011398048140108585,0.5740974545478821,0.732100248336792,0.0026019772049039602,0.5571523904800415,0.6711167693138123,0.006956090219318867,0.5812734961509705,0.6728906035423279,0.00907836202532053,0.6042450666427612,0.6904153227806091,0.013150392100214958,0.5614886283874512,0.7836121320724487,0.0006581538473255932,0.5629075169563293,0.7332819104194641,0.010677182115614414,0.5851319432258606,0.729266345500946,0.02100408636033535,0.6040061116218567,0.741303563117981,0.031125109642744064,0.0,0.0,0.0,0.0,0.0,0.0,0.0,0.0,0.0,0.0,0.0,0.0,0.0,0.0,0.0,0.0,0.0,0.0,0.0,0.0,0.0,0.0,0.0,0.0,0.0,0.0,0.0,0.0,0.0,0.0,0.0,0.0,0.0,0.0,0.0,0.0,0.0,0.0,0.0,0.0,0.0,0.0,0.0,0.0,0.0,0.0,0.0,0.0,0.0,0.0,0.0,0.0,0.0,0.0,0.0,0.0,0.0,0.0,0.0,0.0,0.0,0.0,0.0,we
0.7521350979804993,0.8940423727035522,6.430375378840836e-07,0.765033483505249,0.7559089660644531,-0.00020766013767570257,0.7190960049629211,0.6541089415550232,-0.0018723821267485619,0.6556928753852844,0.6114962697029114,-0.0028590867295861244,0.6111778020858765,0.6014999151229858,-0.003427995601668954,0.6855742335319519,0.6186493635177612,-0.021884126588702202,0.6359002590179443,0.4879758954048157,-0.030526725575327873,0.6080993413925171,0.41827571392059326,-0.032750580459833145,0.5843265056610107,0.3652372360229492,-0.03215678781270981,0.6328745484352112,0.6614720821380615,-0.0230917539447546,0.5723814964294434,0.5542311668395996,-0.025275060907006264,0.5382459759712219,0.5017593502998352,-0.023398088291287422,0.5116205811500549,0.4693438708782196,-0.022110892459750175,0.5975273847579956,0.7110385298728943,-0.021566171199083328,0.5673641562461853,0.6214070320129395,-0.01836574822664261,0.5954118967056274,0.6190735697746277,-0.008666257373988628,0.620875358581543,0.6421946883201599,-0.001156171434558928,0.5782198905944824,0.7536294460296631,-0.020357361063361168,0.5681420564651489,0.6748560070991516,-0.010865934193134308,0.5926550626754761,0.6689701676368713,0.0040945690125226974,0.6128408312797546,0.6884549856185913,0.016573183238506317,0.0,0.0,0.0,0.0,0.0,0.0,0.0,0.0,0.0,0.0,0.0,0.0,0.0,0.0,0.0,0.0,0.0,0.0,0.0,0.0,0.0,0.0,0.0,0.0,0.0,0.0,0.0,0.0,0.0,0.0,0.0,0.0,0.0,0.0,0.0,0.0,0.0,0.0,0.0,0.0,0.0,0.0,0.0,0.0,0.0,0.0,0.0,0.0,0.0,0.0,0.0,0.0,0.0,0.0,0.0,0.0,0.0,0.0,0.0,0.0,0.0,0.0,0.0,we
0.7346156239509583,0.8946707844734192,6.645687449235993e-07,0.7483628392219543,0.7581213712692261,0.003060073358938098,0.7037937641143799,0.6562495231628418,0.0036359052173793316,0.6444509625434875,0.6203168630599976,0.0034809892531484365,0.6013959646224976,0.6153280138969421,0.004136622417718172,0.6684109568595886,0.6172397136688232,-0.005898600909858942,0.6311533451080322,0.4902241826057434,-0.010657401755452156,0.606978714466095,0.4185057282447815,-0.014193604700267315,0.5842840075492859,0.3635541498661041,-0.016104841604828835,0.6177622079849243,0.6568830013275146,-0.008645161055028439,0.5684971809387207,0.5586631298065186,-0.008732684887945652,0.537368893623352,0.5048760175704956,-0.009466634131968021,0.510183572769165,0.46739494800567627,-0.011211240664124489,0.5838642716407776,0.7048437595367432,-0.009446481242775917,0.5614289045333862,0.617035984992981,-0.005527833942323923,0.590852677822113,0.6130033731460571,0.002857828978449106,0.6152181625366211,0.63436359167099,0.009223009459674358,0.5666887164115906,0.7479954957962036,-0.010421020910143852,0.558864414691925,0.66495680809021,-0.00037199127837084234,0.5810753703117371,0.6554902791976929,0.014469536952674389,0.599494218826294,0.6715943813323975,0.02642509713768959,0.0,0.0,0.0,0.0,0.0,0.0,0.0,0.0,0.0,0.0,0.0,0.0,0.0,0.0,0.0,0.0,0.0,0.0,0.0,0.0,0.0,0.0,0.0,0.0,0.0,0.0,0.0,0.0,0.0,0.0,0.0,0.0,0.0,0.0,0.0,0.0,0.0,0.0,0.0,0.0,0.0,0.0,0.0,0.0,0.0,0.0,0.0,0.0,0.0,0.0,0.0,0.0,0.0,0.0,0.0,0.0,0.0,0.0,0.0,0.0,0.0,0.0,0.0,we
0.7265873551368713,0.8962634801864624,6.853484819657751e-07,0.7410613894462585,0.7678369283676147,0.0012988444650545716,0.6987749338150024,0.6688510179519653,0.0010925298556685448,0.6391307711601257,0.6376821398735046,0.0011537502286955714,0.5931865572929382,0.6457537412643433,0.0014670458622276783,0.6499701738357544,0.6278111338615417,-0.012256213463842869,0.6112111806869507,0.5074217915534973,-0.017751038074493408,0.5867771506309509,0.4413259029388428,-0.0198779609054327,0.5650531053543091,0.3938179314136505,-0.01963936910033226,0.5988950729370117,0.6663762331008911,-0.015973398461937904,0.5374252200126648,0.5577080249786377,-0.017415771260857582,0.5084935426712036,0.5038391351699829,-0.0162698682397604,0.4862472414970398,0.4698220491409302,-0.014314044266939163,0.567625105381012,0.7146647572517395,-0.017280133441090584,0.5480334758758545,0.6329560875892639,-0.014917808584868908,0.5764094591140747,0.629342794418335,-0.006316119339317083,0.5997108221054077,0.6503916382789612,0.0016039549373090267,0.5533955097198486,0.7586650252342224,-0.01888575591146946,0.5491273999214172,0.6892461776733398,-0.010020271874964237,0.5725208520889282,0.6830917000770569,0.005321144126355648,0.5897257924079895,0.6991018652915955,0.018660105764865875,0.0,0.0,0.0,0.0,0.0,0.0,0.0,0.0,0.0,0.0,0.0,0.0,0.0,0.0,0.0,0.0,0.0,0.0,0.0,0.0,0.0,0.0,0.0,0.0,0.0,0.0,0.0,0.0,0.0,0.0,0.0,0.0,0.0,0.0,0.0,0.0,0.0,0.0,0.0,0.0,0.0,0.0,0.0,0.0,0.0,0.0,0.0,0.0,0.0,0.0,0.0,0.0,0.0,0.0,0.0,0.0,0.0,0.0,0.0,0.0,0.0,0.0,0.0,we
0.725124716758728,0.9035788178443909,7.474820336028642e-07,0.7433419227600098,0.7744214534759521,-0.004392561968415976,0.7062253355979919,0.674058735370636,-0.008194485679268837,0.6485674977302551,0.6414092183113098,-0.01082666777074337,0.6026713848114014,0.6489672064781189,-0.013330715708434582,0.6492573022842407,0.6271000504493713,-0.02268066070973873,0.6069198250770569,0.5000579953193665,-0.03365109860897064,0.5795745253562927,0.4303525984287262,-0.0386614054441452,0.5549069046974182,0.3815424144268036,-0.039616797119379044,0.597394585609436,0.6690152883529663,-0.024978328496217728,0.5398418307304382,0.553136944770813,-0.030051711946725845,0.5108319520950317,0.48959606885910034,-0.03015848435461521,0.48721814155578613,0.4481531083583832,-0.0290403850376606,0.5658372044563293,0.7206598520278931,-0.025327861309051514,0.5471792221069336,0.6312780976295471,-0.02661255933344364,0.5755144953727722,0.6256572604179382,-0.017887547612190247,0.6002053618431091,0.646018385887146,-0.009166626259684563,0.5505778193473816,0.7672330737113953,-0.026424981653690338,0.546550452709198,0.6904844045639038,-0.020035341382026672,0.5694488883018494,0.6822910308837891,-0.004529242869466543,0.5875113606452942,0.6979852318763733,0.009430131874978542,0.0,0.0,0.0,0.0,0.0,0.0,0.0,0.0,0.0,0.0,0.0,0.0,0.0,0.0,0.0,0.0,0.0,0.0,0.0,0.0,0.0,0.0,0.0,0.0,0.0,0.0,0.0,0.0,0.0,0.0,0.0,0.0,0.0,0.0,0.0,0.0,0.0,0.0,0.0,0.0,0.0,0.0,0.0,0.0,0.0,0.0,0.0,0.0,0.0,0.0,0.0,0.0,0.0,0.0,0.0,0.0,0.0,0.0,0.0,0.0,0.0,0.0,0.0,we
0.7436966300010681,0.9071101546287537,3.614736101553717e-07,0.7416489124298096,0.7782701253890991,0.017122820019721985,0.6885895729064941,0.6893581748008728,0.028749873861670494,0.6330991983413696,0.6618728041648865,0.03832787275314331,0.5881825685501099,0.6757940649986267,0.047945376485586166,0.6375718116760254,0.6398395895957947,0.017940230667591095,0.5846462845802307,0.5350972414016724,0.03286117687821388,0.5540645718574524,0.48182356357574463,0.042947668582201004,0.5277187824249268,0.4403897821903229,0.04903397336602211,0.5907256603240967,0.6864992380142212,0.014488793909549713,0.5319668054580688,0.6206148862838745,0.038324516266584396,0.5180112719535828,0.5997656583786011,0.04900018498301506,0.5125707983970642,0.5885132551193237,0.0531906858086586,0.5668495297431946,0.7422899603843689,0.014224871061742306,0.5488749146461487,0.6964554190635681,0.038681816309690475,0.5746291279792786,0.6938839554786682,0.04608383774757385,0.5978609919548035,0.7081181406974792,0.0470401905477047,0.5577189326286316,0.7930043339729309,0.014806782826781273,0.5553236603736877,0.7520962357521057,0.038541365414857864,0.5776657462120056,0.7474016547203064,0.05256754904985428,0.5988829135894775,0.7593470811843872,0.06158731132745743,0.0,0.0,0.0,0.0,0.0,0.0,0.0,0.0,0.0,0.0,0.0,0.0,0.0,0.0,0.0,0.0,0.0,0.0,0.0,0.0,0.0,0.0,0.0,0.0,0.0,0.0,0.0,0.0,0.0,0.0,0.0,0.0,0.0,0.0,0.0,0.0,0.0,0.0,0.0,0.0,0.0,0.0,0.0,0.0,0.0,0.0,0.0,0.0,0.0,0.0,0.0,0.0,0.0,0.0,0.0,0.0,0.0,0.0,0.0,0.0,0.0,0.0,0.0,we
0.748716413974762,0.903713583946228,6.667979732810636e-07,0.7562914490699768,0.7717398405075073,-0.00259000132791698,0.7095426321029663,0.6760103106498718,-0.0044726417399942875,0.6440935134887695,0.6530371308326721,-0.005836258176714182,0.5968577861785889,0.6716134548187256,-0.006775009445846081,0.6544507741928101,0.6295863389968872,-0.007887600921094418,0.6091635823249817,0.5197534561157227,-0.016378486528992653,0.5824571847915649,0.4542118310928345,-0.021252164617180824,0.5606264472007751,0.4077655076980591,-0.02212083712220192,0.6072958111763,0.6740620732307434,-0.010152212344110012,0.5404494404792786,0.5794016122817993,-0.01468342449516058,0.5084518790245056,0.5348052978515625,-0.015628311783075333,0.48638641834259033,0.5089880228042603,-0.013845032081007957,0.5791153311729431,0.7273821830749512,-0.011325275525450706,0.5541794896125793,0.6568491458892822,-0.013706164434552193,0.5784317255020142,0.6565552353858948,-0.007751690223813057,0.6037748456001282,0.6779477000236511,0.0003643978852778673,0.5651540756225586,0.7743870615959167,-0.013067084364593029,0.5592131614685059,0.7118348479270935,-0.0072745755314826965,0.5826107263565063,0.7088761925697327,0.005995540879666805,0.6022549867630005,0.7253945469856262,0.01896120235323906,0.0,0.0,0.0,0.0,0.0,0.0,0.0,0.0,0.0,0.0,0.0,0.0,0.0,0.0,0.0,0.0,0.0,0.0,0.0,0.0,0.0,0.0,0.0,0.0,0.0,0.0,0.0,0.0,0.0,0.0,0.0,0.0,0.0,0.0,0.0,0.0,0.0,0.0,0.0,0.0,0.0,0.0,0.0,0.0,0.0,0.0,0.0,0.0,0.0,0.0,0.0,0.0,0.0,0.0,0.0,0.0,0.0,0.0,0.0,0.0,0.0,0.0,0.0,we
0.7502309083938599,0.9017184972763062,7.318211601159419e-07,0.7598596811294556,0.7618021368980408,0.00025948850088752806,0.7118827104568481,0.6609331369400024,-0.003299647243693471,0.6473134756088257,0.6322165727615356,-0.00618323590606451,0.5995765328407288,0.6426874399185181,-0.008810386061668396,0.6713663935661316,0.6234574913978577,-0.019436858594417572,0.6252058148384094,0.49778658151626587,-0.028203727677464485,0.5970844030380249,0.4274623692035675,-0.03192988410592079,0.5747602581977844,0.37560370564460754,-0.03217880800366402,0.6205571293830872,0.6705200672149658,-0.022971807047724724,0.5533767938613892,0.557964026927948,-0.026442836970090866,0.5228191614151001,0.5024917721748352,-0.025457637384533882,0.502305805683136,0.46976643800735474,-0.023594455793499947,0.5885078310966492,0.724704384803772,-0.02373410575091839,0.5572124123573303,0.6310070157051086,-0.021593932062387466,0.5855075716972351,0.6233513951301575,-0.011760041117668152,0.6124452948570251,0.6440568566322327,-0.003252194030210376,0.5732724070549011,0.7703322768211365,-0.024771884083747864,0.5609946250915527,0.6882667541503906,-0.015064815059304237,0.5851829051971436,0.678645133972168,0.0017919818637892604,0.6059727072715759,0.6951945424079895,0.015866432338953018,0.0,0.0,0.0,0.0,0.0,0.0,0.0,0.0,0.0,0.0,0.0,0.0,0.0,0.0,0.0,0.0,0.0,0.0,0.0,0.0,0.0,0.0,0.0,0.0,0.0,0.0,0.0,0.0,0.0,0.0,0.0,0.0,0.0,0.0,0.0,0.0,0.0,0.0,0.0,0.0,0.0,0.0,0.0,0.0,0.0,0.0,0.0,0.0,0.0,0.0,0.0,0.0,0.0,0.0,0.0,0.0,0.0,0.0,0.0,0.0,0.0,0.0,0.0,we
0.7458568811416626,0.9192136526107788,7.061900646476715e-07,0.7611203193664551,0.782683789730072,-0.004616157617419958,0.7173358201980591,0.6745379567146301,-0.00741373747587204,0.6558265686035156,0.6407108306884766,-0.00946031790226698,0.6108385920524597,0.6422116160392761,-0.010839609429240227,0.6777942180633545,0.6368887424468994,-0.01837393082678318,0.6369205117225647,0.5066290497779846,-0.029063919559121132,0.6119608879089355,0.43159982562065125,-0.035117365419864655,0.5909633636474609,0.37350648641586304,-0.03756148740649223,0.6251667141914368,0.679083526134491,-0.019442807883024216,0.5693290829658508,0.571574330329895,-0.024901660159230232,0.5370762348175049,0.5125073194503784,-0.026377558708190918,0.5111916065216064,0.47199952602386475,-0.027401454746723175,0.5903258323669434,0.7286330461502075,-0.018996788188815117,0.5668574571609497,0.6316001415252686,-0.020393038168549538,0.5966187119483948,0.6329505443572998,-0.012025333009660244,0.6210789084434509,0.6593843698501587,-0.0040376074612140656,0.5709809064865112,0.7719049453735352,-0.019344843924045563,0.5617656707763672,0.6840161681175232,-0.013392063789069653,0.5862981677055359,0.6786912083625793,0.0012748942244797945,0.6055226922035217,0.698703944683075,0.014034116640686989,0.0,0.0,0.0,0.0,0.0,0.0,0.0,0.0,0.0,0.0,0.0,0.0,0.0,0.0,0.0,0.0,0.0,0.0,0.0,0.0,0.0,0.0,0.0,0.0,0.0,0.0,0.0,0.0,0.0,0.0,0.0,0.0,0.0,0.0,0.0,0.0,0.0,0.0,0.0,0.0,0.0,0.0,0.0,0.0,0.0,0.0,0.0,0.0,0.0,0.0,0.0,0.0,0.0,0.0,0.0,0.0,0.0,0.0,0.0,0.0,0.0,0.0,0.0,we
0.744735062122345,0.916083574295044,7.393213081741123e-07,0.7631465792655945,0.7822797894477844,-0.007088500540703535,0.7206116318702698,0.6752371191978455,-0.012136232107877731,0.6543686985969543,0.6432600021362305,-0.016402561217546463,0.6087461113929749,0.645287811756134,-0.019704291597008705,0.6776936054229736,0.6378490328788757,-0.022159341722726822,0.6379153728485107,0.5067453980445862,-0.03443596884608269,0.6125937700271606,0.4303413927555084,-0.04153379797935486,0.5903844833374023,0.3710382580757141,-0.04474770277738571,0.6249135136604309,0.6813207864761353,-0.023201266303658485,0.5712297558784485,0.5750691890716553,-0.03002835623919964,0.533881664276123,0.5121310353279114,-0.03320464864373207,0.5017250180244446,0.46902674436569214,-0.03555081784725189,0.5909196138381958,0.7307237982749939,-0.022681456059217453,0.5722249150276184,0.6381713151931763,-0.024673206731677055,0.6021119952201843,0.6381497979164124,-0.01624848134815693,0.6251717805862427,0.664215087890625,-0.00812472216784954,0.5723468661308289,0.7763293385505676,-0.023309901356697083,0.5660809874534607,0.6898141503334045,-0.016936559230089188,0.5899410843849182,0.6842567324638367,-0.0013675745576620102,0.6077113747596741,0.7054469585418701,0.012038206681609154,0.0,0.0,0.0,0.0,0.0,0.0,0.0,0.0,0.0,0.0,0.0,0.0,0.0,0.0,0.0,0.0,0.0,0.0,0.0,0.0,0.0,0.0,0.0,0.0,0.0,0.0,0.0,0.0,0.0,0.0,0.0,0.0,0.0,0.0,0.0,0.0,0.0,0.0,0.0,0.0,0.0,0.0,0.0,0.0,0.0,0.0,0.0,0.0,0.0,0.0,0.0,0.0,0.0,0.0,0.0,0.0,0.0,0.0,0.0,0.0,0.0,0.0,0.0,we
0.7392498254776001,0.9190962314605713,5.509571110451361e-07,0.7439594864845276,0.784292995929718,0.004744569305330515,0.696395993232727,0.6878758668899536,0.007020474877208471,0.6414427161216736,0.6646568775177002,0.009012189693748951,0.5966197848320007,0.6796021461486816,0.010424631647765636,0.6351937055587769,0.652361273765564,-0.008724420331418514,0.5813738107681274,0.5370311737060547,-0.009232266806066036,0.5474687814712524,0.47304093837738037,-0.007806671317666769,0.5202956795692444,0.4270675778388977,-0.006870031822472811,0.5909995436668396,0.701498806476593,-0.011776170693337917,0.5292363166809082,0.6152668595314026,-0.00801096297800541,0.5287290811538696,0.5874130129814148,-0.0032267675269395113,0.5364390015602112,0.5730525255203247,-0.0001972386089619249,0.5677604079246521,0.757630467414856,-0.012172313407063484,0.5546489953994751,0.6885550618171692,-0.006550093647092581,0.5833401083946228,0.688468337059021,0.0020130705088377,0.606415331363678,0.7058199048042297,0.007357816677540541,0.560051441192627,0.8064340949058533,-0.012250212952494621,0.5606675744056702,0.7498048543930054,-0.0023037323262542486,0.5841580033302307,0.7472843527793884,0.011003382503986359,0.6028959155082703,0.7627525329589844,0.021234700456261635,0.0,0.0,0.0,0.0,0.0,0.0,0.0,0.0,0.0,0.0,0.0,0.0,0.0,0.0,0.0,0.0,0.0,0.0,0.0,0.0,0.0,0.0,0.0,0.0,0.0,0.0,0.0,0.0,0.0,0.0,0.0,0.0,0.0,0.0,0.0,0.0,0.0,0.0,0.0,0.0,0.0,0.0,0.0,0.0,0.0,0.0,0.0,0.0,0.0,0.0,0.0,0.0,0.0,0.0,0.0,0.0,0.0,0.0,0.0,0.0,0.0,0.0,0.0,we
0.7488263249397278,0.919661283493042,3.919034554655809e-07,0.7449220418930054,0.7823632955551147,0.0069867093116045,0.6918820142745972,0.6946274638175964,0.011163806542754173,0.633461058139801,0.678813636302948,0.01476097758859396,0.5908426642417908,0.6988760828971863,0.018030446022748947,0.6350352168083191,0.6501684188842773,-0.0030225866939872503,0.5785695314407349,0.5444202423095703,1.3279140148370061e-05,0.5409391522407532,0.48766547441482544,0.005350905004888773,0.5078709125518799,0.4489078223705292,0.008464972488582134,0.5906395316123962,0.7021406292915344,-0.0066017513163387775,0.5300058722496033,0.6358164548873901,0.00027414134819991887,0.536408543586731,0.6301569938659668,0.008200063370168209,0.55185467004776,0.6373586058616638,0.01409292034804821,0.56880784034729,0.7618981599807739,-0.007337445393204689,0.5569186210632324,0.7154425978660583,0.0018575475551187992,0.5827086567878723,0.7180817127227783,0.010219360701739788,0.6036924123764038,0.7348794937133789,0.014768696390092373,0.559704601764679,0.8138238787651062,-0.007824575528502464,0.5636245012283325,0.7758415937423706,0.005431146826595068,0.5865097045898438,0.7754982113838196,0.018056876957416534,0.6048488616943359,0.7881974577903748,0.027624141424894333,0.0,0.0,0.0,0.0,0.0,0.0,0.0,0.0,0.0,0.0,0.0,0.0,0.0,0.0,0.0,0.0,0.0,0.0,0.0,0.0,0.0,0.0,0.0,0.0,0.0,0.0,0.0,0.0,0.0,0.0,0.0,0.0,0.0,0.0,0.0,0.0,0.0,0.0,0.0,0.0,0.0,0.0,0.0,0.0,0.0,0.0,0.0,0.0,0.0,0.0,0.0,0.0,0.0,0.0,0.0,0.0,0.0,0.0,0.0,0.0,0.0,0.0,0.0,we
0.7515606880187988,0.917973518371582,3.92296897189226e-07,0.7559671401977539,0.7812538743019104,-0.003444915171712637,0.7091900110244751,0.6845260858535767,-0.005909566301852465,0.6434539556503296,0.6656642556190491,-0.007399402558803558,0.5993413925170898,0.6846789121627808,-0.009000004269182682,0.6473013162612915,0.638661801815033,-0.010216555558145046,0.5922238826751709,0.5349466800689697,-0.015123460441827774,0.556415319442749,0.4752049446105957,-0.017160287126898766,0.5261282324790955,0.4329031705856323,-0.018820807337760925,0.601203203201294,0.6870057582855225,-0.011795515194535255,0.5397933721542358,0.609701931476593,-0.014169485308229923,0.5499973893165588,0.6008049249649048,-0.01163093838840723,0.5678645968437195,0.6074773669242859,-0.008367961272597313,0.575364887714386,0.7422792911529541,-0.011885492131114006,0.5559530854225159,0.677873969078064,-0.011166145093739033,0.5815468430519104,0.6793506145477295,-0.0028485588263720274,0.6043012738227844,0.6988329887390137,0.0032248899806290865,0.5626418590545654,0.7914019823074341,-0.0125424200668931,0.557098925113678,0.7378425598144531,-0.0054827118292450905,0.5811192989349365,0.7360644936561584,0.007167054805904627,0.6000438332557678,0.7529687285423279,0.01742642931640148,0.0,0.0,0.0,0.0,0.0,0.0,0.0,0.0,0.0,0.0,0.0,0.0,0.0,0.0,0.0,0.0,0.0,0.0,0.0,0.0,0.0,0.0,0.0,0.0,0.0,0.0,0.0,0.0,0.0,0.0,0.0,0.0,0.0,0.0,0.0,0.0,0.0,0.0,0.0,0.0,0.0,0.0,0.0,0.0,0.0,0.0,0.0,0.0,0.0,0.0,0.0,0.0,0.0,0.0,0.0,0.0,0.0,0.0,0.0,0.0,0.0,0.0,0.0,we
0.7481830716133118,0.9147053360939026,4.249405378686788e-07,0.7510579824447632,0.777199923992157,0.003358699381351471,0.7019622325897217,0.685734748840332,0.004222687799483538,0.6403899788856506,0.6608330607414246,0.004888401832431555,0.5964581370353699,0.6749484539031982,0.005372458603233099,0.6496767997741699,0.6424871683120728,-0.007861528545618057,0.5943984389305115,0.5309854745864868,-0.01181161217391491,0.5602078437805176,0.46796897053718567,-0.011288887821137905,0.5308381915092468,0.42222848534584045,-0.010702891275286674,0.6029461026191711,0.6875154376029968,-0.011779329739511013,0.5355212688446045,0.610327959060669,-0.014899584464728832,0.5402957201004028,0.6012794375419617,-0.010520310141146183,0.5536639094352722,0.6041956543922424,-0.004752614535391331,0.5755711793899536,0.7408135533332825,-0.013424419797956944,0.5563775300979614,0.6813986301422119,-0.012553161941468716,0.5835224986076355,0.6834293007850647,-0.0032555602956563234,0.606187105178833,0.701433539390564,0.004618613515049219,0.5621035099029541,0.7879923582077026,-0.015034631825983524,0.5595471858978271,0.7384750843048096,-0.007022506557404995,0.5822794437408447,0.7363899946212769,0.006105922628194094,0.5997671484947205,0.749664306640625,0.01750612072646618,0.0,0.0,0.0,0.0,0.0,0.0,0.0,0.0,0.0,0.0,0.0,0.0,0.0,0.0,0.0,0.0,0.0,0.0,0.0,0.0,0.0,0.0,0.0,0.0,0.0,0.0,0.0,0.0,0.0,0.0,0.0,0.0,0.0,0.0,0.0,0.0,0.0,0.0,0.0,0.0,0.0,0.0,0.0,0.0,0.0,0.0,0.0,0.0,0.0,0.0,0.0,0.0,0.0,0.0,0.0,0.0,0.0,0.0,0.0,0.0,0.0,0.0,0.0,we
0.7450661659240723,0.8999506235122681,6.656994742115785e-07,0.7491565346717834,0.7641151547431946,0.00729183666408062,0.6990489363670349,0.6695834994316101,0.008336217142641544,0.6324366331100464,0.6423351764678955,0.009753096848726273,0.5854068994522095,0.6434754133224487,0.01119467243552208,0.6624318957328796,0.6222200393676758,-0.01063538808375597,0.6132862567901611,0.4954805374145508,-0.013605066575109959,0.5823619961738586,0.4277297556400299,-0.014286916702985764,0.5559120774269104,0.3780380189418793,-0.012808029539883137,0.6109369397163391,0.6702010035514832,-0.012138920836150646,0.5448167324066162,0.5721404552459717,-0.0041366396471858025,0.5162273049354553,0.5311585068702698,0.002677538897842169,0.4972214102745056,0.5097378492355347,0.006828015670180321,0.5788466930389404,0.7245873212814331,-0.010436225682497025,0.5521326661109924,0.6499276757240295,0.004921821877360344,0.5792884230613708,0.6434581875801086,0.016854122281074524,0.6051565408706665,0.6630628705024719,0.02349848859012127,0.5628247261047363,0.7717965841293335,-0.008888497948646545,0.5600413084030151,0.705751895904541,0.009753739461302757,0.5838935375213623,0.7021772861480713,0.026644596830010414,0.6037572026252747,0.7201775908470154,0.03937287628650665,0.0,0.0,0.0,0.0,0.0,0.0,0.0,0.0,0.0,0.0,0.0,0.0,0.0,0.0,0.0,0.0,0.0,0.0,0.0,0.0,0.0,0.0,0.0,0.0,0.0,0.0,0.0,0.0,0.0,0.0,0.0,0.0,0.0,0.0,0.0,0.0,0.0,0.0,0.0,0.0,0.0,0.0,0.0,0.0,0.0,0.0,0.0,0.0,0.0,0.0,0.0,0.0,0.0,0.0,0.0,0.0,0.0,0.0,0.0,0.0,0.0,0.0,0.0,we
0.7361180186271667,0.9136855602264404,7.608257419633446e-07,0.7436416149139404,0.782521665096283,0.0001142001710832119,0.6974188685417175,0.6868565678596497,-0.0010837448062375188,0.6359362006187439,0.6692601442337036,-0.0027917218394577503,0.5911710858345032,0.6882587671279907,-0.004261584486812353,0.6473795175552368,0.6390356421470642,-0.011707442812621593,0.6044262647628784,0.516255259513855,-0.020706694573163986,0.5781612396240234,0.44699209928512573,-0.0236015934497118,0.5545032024383545,0.39684203267097473,-0.02270631678402424,0.5977644920349121,0.6820633411407471,-0.016228144988417625,0.5287120342254639,0.5795374512672424,-0.02076767571270466,0.4943865239620209,0.526164174079895,-0.020073644816875458,0.46922367811203003,0.4923880696296692,-0.01667996123433113,0.56820148229599,0.7349175214767456,-0.019056476652622223,0.5524605512619019,0.6748013496398926,-0.021105049178004265,0.580584704875946,0.678435742855072,-0.015143644995987415,0.6041427254676819,0.7019620537757874,-0.006268654018640518,0.5546603202819824,0.7828400135040283,-0.02234858274459839,0.5590892434120178,0.7306978702545166,-0.014542738907039165,0.583474338054657,0.7325394153594971,-0.00010925127571681514,0.601081907749176,0.7518700361251831,0.013830435462296009,0.0,0.0,0.0,0.0,0.0,0.0,0.0,0.0,0.0,0.0,0.0,0.0,0.0,0.0,0.0,0.0,0.0,0.0,0.0,0.0,0.0,0.0,0.0,0.0,0.0,0.0,0.0,0.0,0.0,0.0,0.0,0.0,0.0,0.0,0.0,0.0,0.0,0.0,0.0,0.0,0.0,0.0,0.0,0.0,0.0,0.0,0.0,0.0,0.0,0.0,0.0,0.0,0.0,0.0,0.0,0.0,0.0,0.0,0.0,0.0,0.0,0.0,0.0,we
0.7433034777641296,0.92165207862854,4.6994554736556893e-07,0.7434066534042358,0.7858170866966248,0.004363583400845528,0.6962898373603821,0.6884053349494934,0.004152711480855942,0.6373684406280518,0.6675107479095459,0.003694667713716626,0.5941388607025146,0.6882638335227966,0.0023901844397187233,0.6360676884651184,0.6469301581382751,-0.011776560917496681,0.5886338949203491,0.5300297737121582,-0.014487120322883129,0.556463897228241,0.46533918380737305,-0.013182477094233036,0.5266411304473877,0.41966408491134644,-0.012457137927412987,0.5887183547019958,0.6965956091880798,-0.017208753153681755,0.5246549248695374,0.6102758646011353,-0.016267972066998482,0.531242311000824,0.6008468270301819,-0.010918749496340752,0.5451902151107788,0.606898844242096,-0.005685475654900074,0.5649024844169617,0.7552218437194824,-0.019467929378151894,0.5546252727508545,0.6973405480384827,-0.01611359603703022,0.5824050903320312,0.7036644220352173,-0.006637470331043005,0.6029979586601257,0.7247479557991028,0.0003971807600464672,0.5566423535346985,0.8067137598991394,-0.021403608843684196,0.5600223541259766,0.7600104212760925,-0.010608048178255558,0.5847852826118469,0.7626278400421143,0.005118272732943296,0.6025575399398804,0.7805473804473877,0.01758514530956745,0.0,0.0,0.0,0.0,0.0,0.0,0.0,0.0,0.0,0.0,0.0,0.0,0.0,0.0,0.0,0.0,0.0,0.0,0.0,0.0,0.0,0.0,0.0,0.0,0.0,0.0,0.0,0.0,0.0,0.0,0.0,0.0,0.0,0.0,0.0,0.0,0.0,0.0,0.0,0.0,0.0,0.0,0.0,0.0,0.0,0.0,0.0,0.0,0.0,0.0,0.0,0.0,0.0,0.0,0.0,0.0,0.0,0.0,0.0,0.0,0.0,0.0,0.0,we
0.7427703738212585,0.9173130393028259,5.003246315027354e-07,0.7413605451583862,0.7822976112365723,0.004043653607368469,0.6940599083900452,0.6862245798110962,0.0055734869092702866,0.6356477737426758,0.665816068649292,0.0067087458446621895,0.5936394333839417,0.6833111643791199,0.00719832256436348,0.6358007192611694,0.6405237913131714,-0.003113869111984968,0.5851616859436035,0.5287084579467773,-0.0023626137990504503,0.5540024638175964,0.4674607813358307,-0.00023283697373699397,0.5274929404258728,0.4254780411720276,0.0012319046072661877,0.5908467173576355,0.6918967366218567,-0.0069577377289533615,0.5310606360435486,0.6094852089881897,-0.0035599013790488243,0.5370373725891113,0.59250807762146,0.0008713135030120611,0.5502317547798157,0.5906345248222351,0.004942758474498987,0.5664489269256592,0.7510710954666138,-0.008555686101317406,0.5528325438499451,0.6830472946166992,-0.003568369196727872,0.5798197388648987,0.6868054270744324,0.003934948705136776,0.6013782024383545,0.7054970264434814,0.009299253113567829,0.5554025173187256,0.801884651184082,-0.009876735508441925,0.5532709360122681,0.7462019324302673,0.00055591861018911,0.5776718854904175,0.7454976439476013,0.014144202694296837,0.5973484516143799,0.7608779072761536,0.02509753592312336,0.0,0.0,0.0,0.0,0.0,0.0,0.0,0.0,0.0,0.0,0.0,0.0,0.0,0.0,0.0,0.0,0.0,0.0,0.0,0.0,0.0,0.0,0.0,0.0,0.0,0.0,0.0,0.0,0.0,0.0,0.0,0.0,0.0,0.0,0.0,0.0,0.0,0.0,0.0,0.0,0.0,0.0,0.0,0.0,0.0,0.0,0.0,0.0,0.0,0.0,0.0,0.0,0.0,0.0,0.0,0.0,0.0,0.0,0.0,0.0,0.0,0.0,0.0,we
0.7479645013809204,0.9163284301757812,4.575020113861683e-07,0.7460058331489563,0.7798082828521729,0.002973818453028798,0.6964181065559387,0.6887307167053223,0.004145690239965916,0.6376655697822571,0.6714999675750732,0.004520354326814413,0.595106840133667,0.6918221712112427,0.004489310085773468,0.6437556743621826,0.6456412076950073,-0.004836506210267544,0.5886143445968628,0.5390166640281677,-0.0074890353716909885,0.5539582371711731,0.47957754135131836,-0.007088647689670324,0.5252698063850403,0.4374556839466095,-0.006438274402171373,0.598712682723999,0.6943095326423645,-0.008555248379707336,0.5319851636886597,0.617985725402832,-0.008555511943995953,0.5270500183105469,0.5981338024139404,-0.005612864624708891,0.5326288938522339,0.5927016735076904,-0.002069089561700821,0.5738193988800049,0.7508425712585449,-0.010378183797001839,0.5563715696334839,0.6902069449424744,-0.00763037009164691,0.5818610787391663,0.6926345825195312,-0.0012299276422709227,0.604546844959259,0.7112094163894653,0.004246047232300043,0.5623602867126465,0.8000400066375732,-0.012274442240595818,0.561550498008728,0.7540801763534546,-0.0028615854680538177,0.5836327075958252,0.7522679567337036,0.008933310396969318,0.6026098132133484,0.7667401432991028,0.018945207819342613,0.0,0.0,0.0,0.0,0.0,0.0,0.0,0.0,0.0,0.0,0.0,0.0,0.0,0.0,0.0,0.0,0.0,0.0,0.0,0.0,0.0,0.0,0.0,0.0,0.0,0.0,0.0,0.0,0.0,0.0,0.0,0.0,0.0,0.0,0.0,0.0,0.0,0.0,0.0,0.0,0.0,0.0,0.0,0.0,0.0,0.0,0.0,0.0,0.0,0.0,0.0,0.0,0.0,0.0,0.0,0.0,0.0,0.0,0.0,0.0,0.0,0.0,0.0,we
0.7543559074401855,0.9124236106872559,6.858390975139628e-07,0.765807032585144,0.776967465877533,0.0014778919285163283,0.7213261723518372,0.6760162115097046,0.0014330048579722643,0.6594809293746948,0.6411041617393494,0.0012132860720157623,0.6145775318145752,0.6418790817260742,0.0016130589647218585,0.6809145212173462,0.634907066822052,-0.012528480961918831,0.6283353567123413,0.5088836550712585,-0.019975105300545692,0.6008992195129395,0.4388485550880432,-0.02153724990785122,0.5795105695724487,0.3867081105709076,-0.019520092755556107,0.6301061511039734,0.6765003204345703,-0.01490755844861269,0.5654770135879517,0.5708076357841492,-0.016581319272518158,0.5332304239273071,0.5128523111343384,-0.014687075279653072,0.5116918683052063,0.4744412899017334,-0.012272343039512634,0.5959789752960205,0.7251684665679932,-0.015309484675526619,0.5711261034011841,0.6378893256187439,-0.012790716253221035,0.5974217057228088,0.6326988935470581,-0.005401837173849344,0.6235806941986084,0.6528834700584412,0.001771377632394433,0.5768240094184875,0.7664395570755005,-0.01597420684993267,0.5721080303192139,0.6911537647247314,-0.006208493839949369,0.5964038968086243,0.6839035153388977,0.007935412228107452,0.6166782379150391,0.701002836227417,0.020379409193992615,0.0,0.0,0.0,0.0,0.0,0.0,0.0,0.0,0.0,0.0,0.0,0.0,0.0,0.0,0.0,0.0,0.0,0.0,0.0,0.0,0.0,0.0,0.0,0.0,0.0,0.0,0.0,0.0,0.0,0.0,0.0,0.0,0.0,0.0,0.0,0.0,0.0,0.0,0.0,0.0,0.0,0.0,0.0,0.0,0.0,0.0,0.0,0.0,0.0,0.0,0.0,0.0,0.0,0.0,0.0,0.0,0.0,0.0,0.0,0.0,0.0,0.0,0.0,we
0.7555591464042664,0.9203447103500366,6.458901680161944e-07,0.7708491086959839,0.7843310236930847,0.0003043808392249048,0.7280914187431335,0.678696870803833,-0.00339466892182827,0.66685950756073,0.6386982202529907,-0.005701165646314621,0.6214746236801147,0.629593551158905,-0.007917473092675209,0.6929869055747986,0.6402550935745239,-0.02906063385307789,0.6481610536575317,0.5037326216697693,-0.0399278923869133,0.6185027360916138,0.4294907748699188,-0.045414332300424576,0.5929678082466125,0.372987300157547,-0.04773584380745888,0.6388553977012634,0.6857345700263977,-0.030255673453211784,0.5809745788574219,0.5764870047569275,-0.031339019536972046,0.5504369139671326,0.5220646858215332,-0.027871567755937576,0.5257048606872559,0.4886089861392975,-0.026983456686139107,0.6029444932937622,0.7367107272148132,-0.028281688690185547,0.5712831020355225,0.6400325298309326,-0.021876899525523186,0.6006295084953308,0.6343510150909424,-0.008418665267527103,0.6261865496635437,0.65684974193573,-9.474074613535777e-05,0.5833016633987427,0.7825660109519958,-0.026888547465205193,0.5710626244544983,0.6935043931007385,-0.01703156903386116,0.5948092341423035,0.6857351064682007,-0.00044825198710896075,0.6150585412979126,0.7025384902954102,0.012535863555967808,0.0,0.0,0.0,0.0,0.0,0.0,0.0,0.0,0.0,0.0,0.0,0.0,0.0,0.0,0.0,0.0,0.0,0.0,0.0,0.0,0.0,0.0,0.0,0.0,0.0,0.0,0.0,0.0,0.0,0.0,0.0,0.0,0.0,0.0,0.0,0.0,0.0,0.0,0.0,0.0,0.0,0.0,0.0,0.0,0.0,0.0,0.0,0.0,0.0,0.0,0.0,0.0,0.0,0.0,0.0,0.0,0.0,0.0,0.0,0.0,0.0,0.0,0.0,we
0.7500933408737183,0.9164958596229553,6.844368840575044e-07,0.7655309438705444,0.7835131883621216,0.00044215741218067706,0.7228785157203674,0.68299400806427,-0.0040781074203550816,0.6604775190353394,0.6567930579185486,-0.008808012120425701,0.6151530742645264,0.6637852191925049,-0.013703684322535992,0.686448335647583,0.6471787691116333,-0.02433612383902073,0.641879141330719,0.5152099132537842,-0.03570418432354927,0.6147492527961731,0.4414218068122864,-0.04177866131067276,0.5906630158424377,0.38357430696487427,-0.04456102102994919,0.6343201398849487,0.689983606338501,-0.027835635468363762,0.5765859484672546,0.5843642950057983,-0.03331560268998146,0.5443445444107056,0.5274065136909485,-0.03352632001042366,0.5160630345344543,0.4890061616897583,-0.034323111176490784,0.5991889834403992,0.7371960878372192,-0.028409112244844437,0.5705127120018005,0.6441742777824402,-0.028303179889917374,0.6010774374008179,0.6456725597381592,-0.017022358253598213,0.6247883439064026,0.6709877252578735,-0.007926225662231445,0.5806719660758972,0.7791405916213989,-0.0293063186109066,0.5684056282043457,0.6903865933418274,-0.022001316770911217,0.593096137046814,0.6860523223876953,-0.0046078478917479515,0.6122993230819702,0.7061925530433655,0.009745802730321884,0.0,0.0,0.0,0.0,0.0,0.0,0.0,0.0,0.0,0.0,0.0,0.0,0.0,0.0,0.0,0.0,0.0,0.0,0.0,0.0,0.0,0.0,0.0,0.0,0.0,0.0,0.0,0.0,0.0,0.0,0.0,0.0,0.0,0.0,0.0,0.0,0.0,0.0,0.0,0.0,0.0,0.0,0.0,0.0,0.0,0.0,0.0,0.0,0.0,0.0,0.0,0.0,0.0,0.0,0.0,0.0,0.0,0.0,0.0,0.0,0.0,0.0,0.0,we
0.7457095384597778,0.9131901264190674,6.869073558846139e-07,0.7648062705993652,0.7817005515098572,-0.00386449764482677,0.7233548164367676,0.6764020323753357,-0.008816245943307877,0.6590211987495422,0.6397069096565247,-0.012678832747042179,0.6135542392730713,0.6352159976959229,-0.016205431893467903,0.6867069005966187,0.6467410922050476,-0.02750490978360176,0.6419450044631958,0.5152266025543213,-0.03915715217590332,0.6150614619255066,0.44093483686447144,-0.04469114914536476,0.5917401313781738,0.3832125961780548,-0.04682309925556183,0.6347965002059937,0.6898160576820374,-0.02842693030834198,0.5785304307937622,0.5836256742477417,-0.03361101821064949,0.5464603900909424,0.526699423789978,-0.03297734260559082,0.5201993584632874,0.49071311950683594,-0.0330028235912323,0.599956214427948,0.7368796467781067,-0.02693699300289154,0.5713055729866028,0.6465922594070435,-0.027063386514782906,0.6009417176246643,0.6466342210769653,-0.01596730947494507,0.6260186433792114,0.6724360585212708,-0.006934390403330326,0.580733597278595,0.7787285447120667,-0.026123570278286934,0.5682817697525024,0.692417323589325,-0.01975695975124836,0.5921493768692017,0.6879342794418335,-0.003902031574398279,0.6108523011207581,0.7079797983169556,0.00939968228340149,0.0,0.0,0.0,0.0,0.0,0.0,0.0,0.0,0.0,0.0,0.0,0.0,0.0,0.0,0.0,0.0,0.0,0.0,0.0,0.0,0.0,0.0,0.0,0.0,0.0,0.0,0.0,0.0,0.0,0.0,0.0,0.0,0.0,0.0,0.0,0.0,0.0,0.0,0.0,0.0,0.0,0.0,0.0,0.0,0.0,0.0,0.0,0.0,0.0,0.0,0.0,0.0,0.0,0.0,0.0,0.0,0.0,0.0,0.0,0.0,0.0,0.0,0.0,we
0.7423380613327026,0.9018244743347168,6.247142323445587e-07,0.7496477365493774,0.7684718370437622,0.007809002418071032,0.7036961317062378,0.6778842806816101,0.010983532294631004,0.6442853808403015,0.6566843390464783,0.013720115646719933,0.5990431904792786,0.668846845626831,0.016816284507513046,0.6654679179191589,0.6386331915855408,-0.0016843813937157393,0.6204941272735596,0.5179287791252136,0.0010581117821857333,0.5944064259529114,0.4556221663951874,0.005799802951514721,0.5734175443649292,0.40995997190475464,0.010381783358752728,0.6161195039749146,0.6826945543289185,-0.005111960228532553,0.5520480871200562,0.583754301071167,0.0029397783800959587,0.5341947674751282,0.546329915523529,0.010082913562655449,0.5279253721237183,0.5256689786911011,0.015364179387688637,0.585942268371582,0.7334597110748291,-0.005836367141455412,0.5635849237442017,0.6592850089073181,0.004496698267757893,0.5909622311592102,0.6612622737884521,0.013923868536949158,0.6144721508026123,0.684217631816864,0.020498234778642654,0.5714012980461121,0.77633136510849,-0.006226720754057169,0.5676236152648926,0.7136461138725281,0.00784915592521429,0.5919809341430664,0.7146673798561096,0.023148728534579277,0.6108220815658569,0.7334779500961304,0.03530491515994072,0.0,0.0,0.0,0.0,0.0,0.0,0.0,0.0,0.0,0.0,0.0,0.0,0.0,0.0,0.0,0.0,0.0,0.0,0.0,0.0,0.0,0.0,0.0,0.0,0.0,0.0,0.0,0.0,0.0,0.0,0.0,0.0,0.0,0.0,0.0,0.0,0.0,0.0,0.0,0.0,0.0,0.0,0.0,0.0,0.0,0.0,0.0,0.0,0.0,0.0,0.0,0.0,0.0,0.0,0.0,0.0,0.0,0.0,0.0,0.0,0.0,0.0,0.0,we
0.7466532588005066,0.899848461151123,4.911425435238925e-07,0.7453141808509827,0.7701486349105835,0.009233737364411354,0.6967989802360535,0.6850777268409729,0.016019079834222794,0.6398974061012268,0.6662144660949707,0.021838638931512833,0.5961309671401978,0.6819930076599121,0.02803819440305233,0.6469460725784302,0.6311930418014526,0.007701393682509661,0.5956383943557739,0.5248039960861206,0.016581527888774872,0.561292827129364,0.46771907806396484,0.023980896919965744,0.5310078263282776,0.42662808299064636,0.02887757308781147,0.6013203263282776,0.6786971092224121,0.005291651468724012,0.5377696752548218,0.613675594329834,0.020756643265485764,0.5239458084106445,0.5959663391113281,0.029459204524755478,0.5217121243476868,0.5891849398612976,0.03492112457752228,0.577329158782959,0.7348793745040894,0.005318883806467056,0.5654183626174927,0.6954172849655151,0.02098122425377369,0.5914616584777832,0.7010814547538757,0.02686125785112381,0.6126900315284729,0.7207921743392944,0.02987411618232727,0.5663449168205261,0.7853779196739197,0.005590732675045729,0.572155237197876,0.7514815330505371,0.023212682455778122,0.5944288372993469,0.7546523809432983,0.03489028662443161,0.6127675771713257,0.7693483829498291,0.043902404606342316,0.0,0.0,0.0,0.0,0.0,0.0,0.0,0.0,0.0,0.0,0.0,0.0,0.0,0.0,0.0,0.0,0.0,0.0,0.0,0.0,0.0,0.0,0.0,0.0,0.0,0.0,0.0,0.0,0.0,0.0,0.0,0.0,0.0,0.0,0.0,0.0,0.0,0.0,0.0,0.0,0.0,0.0,0.0,0.0,0.0,0.0,0.0,0.0,0.0,0.0,0.0,0.0,0.0,0.0,0.0,0.0,0.0,0.0,0.0,0.0,0.0,0.0,0.0,we
0.7462190389633179,0.9054309725761414,5.672774818776816e-07,0.7526875734329224,0.7721680998802185,0.003107925644144416,0.7069504261016846,0.6816393136978149,0.0037583187222480774,0.6446415185928345,0.6637582778930664,0.00410602567717433,0.5986908078193665,0.6796844005584717,0.004637605510652065,0.6606080532073975,0.6327064037322998,-0.005178888328373432,0.6099103689193726,0.5175018310546875,-0.007199840620160103,0.5781141519546509,0.45662185549736023,-0.006299381610006094,0.5519616603851318,0.4116230309009552,-0.004258485045284033,0.6126258373260498,0.6800456047058105,-0.007167890202254057,0.5472596883773804,0.5930611491203308,-0.004231483209878206,0.5259631872177124,0.5638208389282227,-0.0002421503304503858,0.5160841345787048,0.5492268204689026,0.0037248784210532904,0.5834060907363892,0.7342241406440735,-0.0071526155807077885,0.5616114735603333,0.6694462299346924,-0.001600085524842143,0.5873227715492249,0.6724357008934021,0.005477304104715586,0.6115401387214661,0.694184422492981,0.011804581619799137,0.5678628087043762,0.7813035845756531,-0.007165216375142336,0.5660170912742615,0.7255503535270691,0.004008634947240353,0.5889632105827332,0.7260000705718994,0.017067736014723778,0.607753336429596,0.7436138987541199,0.028342146426439285,0.0,0.0,0.0,0.0,0.0,0.0,0.0,0.0,0.0,0.0,0.0,0.0,0.0,0.0,0.0,0.0,0.0,0.0,0.0,0.0,0.0,0.0,0.0,0.0,0.0,0.0,0.0,0.0,0.0,0.0,0.0,0.0,0.0,0.0,0.0,0.0,0.0,0.0,0.0,0.0,0.0,0.0,0.0,0.0,0.0,0.0,0.0,0.0,0.0,0.0,0.0,0.0,0.0,0.0,0.0,0.0,0.0,0.0,0.0,0.0,0.0,0.0,0.0,we
0.7487555742263794,0.907860517501831,6.229581686056918e-07,0.7573524713516235,0.7719380855560303,0.002276795683428645,0.7065884470939636,0.6792537569999695,0.0020541741978377104,0.6413838267326355,0.6574456095695496,0.00258844206109643,0.594078540802002,0.6665047407150269,0.0035390618722885847,0.6681758165359497,0.6354281306266785,-0.016566915437579155,0.6157845854759216,0.509477972984314,-0.021378599107265472,0.5829486846923828,0.44199496507644653,-0.02081763930618763,0.5559899210929871,0.39239174127578735,-0.01847432367503643,0.6164572238922119,0.6840514540672302,-0.017022287473082542,0.5522273778915405,0.5890655517578125,-0.01444148737937212,0.5285615921020508,0.5509134531021118,-0.009210361167788506,0.5155045986175537,0.5308325290679932,-0.0050040604546666145,0.5850200057029724,0.7379053235054016,-0.014711132273077965,0.5622498393058777,0.6652652621269226,-0.006944917142391205,0.5904532074928284,0.665826141834259,0.0024573495611548424,0.6154958605766296,0.6894110441207886,0.009417860768735409,0.569137454032898,0.7845313549041748,-0.012585689313709736,0.5687775611877441,0.7211319804191589,0.0004271338402759284,0.5925663709640503,0.7214682698249817,0.014526421204209328,0.6110982298851013,0.741100549697876,0.026027116924524307,0.0,0.0,0.0,0.0,0.0,0.0,0.0,0.0,0.0,0.0,0.0,0.0,0.0,0.0,0.0,0.0,0.0,0.0,0.0,0.0,0.0,0.0,0.0,0.0,0.0,0.0,0.0,0.0,0.0,0.0,0.0,0.0,0.0,0.0,0.0,0.0,0.0,0.0,0.0,0.0,0.0,0.0,0.0,0.0,0.0,0.0,0.0,0.0,0.0,0.0,0.0,0.0,0.0,0.0,0.0,0.0,0.0,0.0,0.0,0.0,0.0,0.0,0.0,we
0.7476861476898193,0.9083383679389954,6.25954783117777e-07,0.7586314082145691,0.7730242609977722,0.004286626353859901,0.7097474336624146,0.6807507872581482,0.006067004986107349,0.6452066898345947,0.6543124318122864,0.00841722171753645,0.5982838869094849,0.6582218408584595,0.011535268276929855,0.6683008670806885,0.634559690952301,-0.013056793250143528,0.6158804893493652,0.5088233947753906,-0.01588306948542595,0.5848388671875,0.4430917501449585,-0.013807624578475952,0.5594630837440491,0.39595910906791687,-0.010126910172402859,0.6155392527580261,0.6813768744468689,-0.013956686481833458,0.5492388010025024,0.5837457776069641,-0.009826905094087124,0.5202117562294006,0.5378621816635132,-0.004327421076595783,0.501164436340332,0.5112729668617249,0.0001402194466209039,0.5833690762519836,0.7336196899414062,-0.011979368515312672,0.5611173510551453,0.6591679453849792,-0.0028838312719017267,0.5894911289215088,0.6544637084007263,0.005664255004376173,0.6142574548721313,0.6750853061676025,0.012281563133001328,0.5679225921630859,0.7788606286048889,-0.010061140172183514,0.5679313540458679,0.7142365574836731,0.003960108384490013,0.5911440253257751,0.7112312912940979,0.01774652674794197,0.6095517873764038,0.7287240028381348,0.0293740127235651,0.0,0.0,0.0,0.0,0.0,0.0,0.0,0.0,0.0,0.0,0.0,0.0,0.0,0.0,0.0,0.0,0.0,0.0,0.0,0.0,0.0,0.0,0.0,0.0,0.0,0.0,0.0,0.0,0.0,0.0,0.0,0.0,0.0,0.0,0.0,0.0,0.0,0.0,0.0,0.0,0.0,0.0,0.0,0.0,0.0,0.0,0.0,0.0,0.0,0.0,0.0,0.0,0.0,0.0,0.0,0.0,0.0,0.0,0.0,0.0,0.0,0.0,0.0,we
0.7430791854858398,0.9083230495452881,6.248417321330635e-07,0.7548832297325134,0.7710140347480774,0.003396464977413416,0.708106517791748,0.6724963784217834,0.0024369312450289726,0.6435379981994629,0.6456040143966675,0.0018789946334436536,0.5964065790176392,0.6499420404434204,0.0014739494072273374,0.669632613658905,0.6357206106185913,-0.01941094547510147,0.6205152273178101,0.5038249492645264,-0.026870915666222572,0.5893834233283997,0.4339989721775055,-0.02887926809489727,0.5626042485237122,0.3824002146720886,-0.0283313300460577,0.6177363395690918,0.6836668848991394,-0.020271556451916695,0.5594326853752136,0.5864466428756714,-0.018271520733833313,0.5304712057113647,0.5440932512283325,-0.01355635467916727,0.5086891651153564,0.5194512605667114,-0.011149218305945396,0.5841419696807861,0.7350621223449707,-0.01818438433110714,0.5600234270095825,0.654320240020752,-0.009712858125567436,0.5875949859619141,0.6512231826782227,0.002037526573985815,0.612183153629303,0.6733003854751587,0.009631353430449963,0.5657113194465637,0.7799538373947144,-0.016321716830134392,0.5606148838996887,0.7065914273262024,-0.002842574380338192,0.5832805037498474,0.7023592591285706,0.013216794468462467,0.601996898651123,0.7198010683059692,0.025774499401450157,0.0,0.0,0.0,0.0,0.0,0.0,0.0,0.0,0.0,0.0,0.0,0.0,0.0,0.0,0.0,0.0,0.0,0.0,0.0,0.0,0.0,0.0,0.0,0.0,0.0,0.0,0.0,0.0,0.0,0.0,0.0,0.0,0.0,0.0,0.0,0.0,0.0,0.0,0.0,0.0,0.0,0.0,0.0,0.0,0.0,0.0,0.0,0.0,0.0,0.0,0.0,0.0,0.0,0.0,0.0,0.0,0.0,0.0,0.0,0.0,0.0,0.0,0.0,we
0.7417944073677063,0.8999718427658081,6.150635272206273e-07,0.7462350726127625,0.770747184753418,0.007741827983409166,0.6986342072486877,0.6804137229919434,0.010625026188790798,0.6391822099685669,0.6627054214477539,0.01260161679238081,0.5944594740867615,0.6830808520317078,0.014663715846836567,0.6511467099189758,0.6313183307647705,0.00010081474465550855,0.6047893762588501,0.5205463767051697,-0.0005275723524391651,0.5777309536933899,0.45904436707496643,0.0007308058557100594,0.5554074645042419,0.41283732652664185,0.002972293645143509,0.6009624004364014,0.674163818359375,-0.005289883818477392,0.5258909463882446,0.58470219373703,-0.001977394102141261,0.49737244844436646,0.5469353795051575,0.0015203829389065504,0.4806244373321533,0.5230135917663574,0.005478738807141781,0.5712912678718567,0.7269805669784546,-0.008125174790620804,0.5484516620635986,0.6648027300834656,-0.003368938807398081,0.5768004059791565,0.6670523285865784,0.0036707648541778326,0.6003553867340088,0.6883812546730042,0.01097425539046526,0.5591835379600525,0.773158609867096,-0.010536477901041508,0.5580981969833374,0.7184047698974609,0.0007327372441068292,0.5825414657592773,0.716683566570282,0.015606347471475601,0.6010916829109192,0.7319604158401489,0.028803938999772072,0.0,0.0,0.0,0.0,0.0,0.0,0.0,0.0,0.0,0.0,0.0,0.0,0.0,0.0,0.0,0.0,0.0,0.0,0.0,0.0,0.0,0.0,0.0,0.0,0.0,0.0,0.0,0.0,0.0,0.0,0.0,0.0,0.0,0.0,0.0,0.0,0.0,0.0,0.0,0.0,0.0,0.0,0.0,0.0,0.0,0.0,0.0,0.0,0.0,0.0,0.0,0.0,0.0,0.0,0.0,0.0,0.0,0.0,0.0,0.0,0.0,0.0,0.0,we
0.7477316856384277,0.9011868834495544,4.523586198956764e-07,0.7463151216506958,0.7681024074554443,0.011395597830414772,0.6951670050621033,0.6823580861091614,0.01826135441660881,0.6377021670341492,0.6657322645187378,0.023476410657167435,0.5953695774078369,0.6865683794021606,0.02810647524893284,0.6464893817901611,0.6275450587272644,0.009818552061915398,0.5918553471565247,0.5266075134277344,0.01529208105057478,0.5598342418670654,0.4698835611343384,0.019900182262063026,0.533675491809845,0.42974308133125305,0.023441312834620476,0.5985620617866516,0.6739498376846313,0.0045262789353728294,0.5239834189414978,0.6044110059738159,0.01314957533031702,0.5082404613494873,0.5810378789901733,0.017797479405999184,0.5048431754112244,0.5684212446212769,0.022067423909902573,0.5716776251792908,0.7311724424362183,0.0017718721646815538,0.5506599545478821,0.6826831698417664,0.010790488682687283,0.5775111317634583,0.687569260597229,0.015527897514402866,0.6006604433059692,0.7067909836769104,0.019880950450897217,0.5598281621932983,0.7818698883056641,-0.00012125515786465257,0.5579952001571655,0.7391870021820068,0.014002611860632896,0.5797953009605408,0.7389856576919556,0.026499208062887192,0.5977307558059692,0.7523709535598755,0.03713373467326164,0.0,0.0,0.0,0.0,0.0,0.0,0.0,0.0,0.0,0.0,0.0,0.0,0.0,0.0,0.0,0.0,0.0,0.0,0.0,0.0,0.0,0.0,0.0,0.0,0.0,0.0,0.0,0.0,0.0,0.0,0.0,0.0,0.0,0.0,0.0,0.0,0.0,0.0,0.0,0.0,0.0,0.0,0.0,0.0,0.0,0.0,0.0,0.0,0.0,0.0,0.0,0.0,0.0,0.0,0.0,0.0,0.0,0.0,0.0,0.0,0.0,0.0,0.0,we
0.7453060150146484,0.8861218094825745,5.840389576405869e-07,0.7486827373504639,0.7542669177055359,0.0031420704908668995,0.7021476030349731,0.6730636358261108,0.005060098599642515,0.6410272121429443,0.6572962403297424,0.0063237291760742664,0.5957129597663879,0.6731916069984436,0.007773539051413536,0.6483221650123596,0.6155144572257996,0.0005962751456536353,0.5888707041740417,0.5114060640335083,0.0008260334143415093,0.5542577505111694,0.4533770680427551,0.001600594841875136,0.5264880657196045,0.41274693608283997,0.0038681449368596077,0.6003838777542114,0.6636045575141907,-0.001534647191874683,0.5237187147140503,0.5889690518379211,0.003301049116998911,0.488558828830719,0.5543360710144043,0.004420697223395109,0.4653891921043396,0.5325408577919006,0.006323135923594236,0.5718879103660583,0.7190068364143372,-0.0019254317739978433,0.5507596135139465,0.6664776802062988,0.0027007805183529854,0.5766559839248657,0.670069694519043,0.005288223270326853,0.5999879837036133,0.6903191804885864,0.009810712188482285,0.5574347376823425,0.76719731092453,-0.0021978700533509254,0.5554987788200378,0.7199082970619202,0.007805423345416784,0.5779200196266174,0.7188316583633423,0.018409332260489464,0.5971210598945618,0.7337031364440918,0.02907659113407135,0.0,0.0,0.0,0.0,0.0,0.0,0.0,0.0,0.0,0.0,0.0,0.0,0.0,0.0,0.0,0.0,0.0,0.0,0.0,0.0,0.0,0.0,0.0,0.0,0.0,0.0,0.0,0.0,0.0,0.0,0.0,0.0,0.0,0.0,0.0,0.0,0.0,0.0,0.0,0.0,0.0,0.0,0.0,0.0,0.0,0.0,0.0,0.0,0.0,0.0,0.0,0.0,0.0,0.0,0.0,0.0,0.0,0.0,0.0,0.0,0.0,0.0,0.0,we
0.745290994644165,0.8900037407875061,5.612930635834346e-07,0.7461444139480591,0.7574086785316467,0.006631690543144941,0.6947085857391357,0.6751752495765686,0.0116455452516675,0.6358497738838196,0.658397376537323,0.015508627519011497,0.5936914086341858,0.6762667894363403,0.019267363473773003,0.6458412408828735,0.6196578741073608,0.005457265302538872,0.588412344455719,0.5160753130912781,0.0067541166208684444,0.5562151670455933,0.455531507730484,0.009175724349915981,0.5311245918273926,0.4123953878879547,0.012551895342767239,0.5986173152923584,0.6644558906555176,0.0019292322685942054,0.5221688151359558,0.5863314270973206,0.007076012436300516,0.49492931365966797,0.5534383058547974,0.009871787391602993,0.48032909631729126,0.5328876972198486,0.01377109531313181,0.5712947249412537,0.719376802444458,0.00020086520817130804,0.5509598255157471,0.6665837168693542,0.0053454372100532055,0.5766609311103821,0.6729490160942078,0.008752131834626198,0.5992954969406128,0.6947287917137146,0.014170162379741669,0.5578645467758179,0.7682996988296509,-0.0010663931025192142,0.5559113621711731,0.7220977544784546,0.010941778309643269,0.5771598219871521,0.7223771214485168,0.022721396759152412,0.5943337678909302,0.7377935647964478,0.033910900354385376,0.0,0.0,0.0,0.0,0.0,0.0,0.0,0.0,0.0,0.0,0.0,0.0,0.0,0.0,0.0,0.0,0.0,0.0,0.0,0.0,0.0,0.0,0.0,0.0,0.0,0.0,0.0,0.0,0.0,0.0,0.0,0.0,0.0,0.0,0.0,0.0,0.0,0.0,0.0,0.0,0.0,0.0,0.0,0.0,0.0,0.0,0.0,0.0,0.0,0.0,0.0,0.0,0.0,0.0,0.0,0.0,0.0,0.0,0.0,0.0,0.0,0.0,0.0,we
0.7449227571487427,0.8893553018569946,6.88851230279397e-07,0.7583965063095093,0.7540214657783508,0.002583694877102971,0.7151476144790649,0.6545674204826355,0.0008939935360103846,0.6540582776069641,0.6173638105392456,-0.0002831763995345682,0.6082555651664734,0.6198196411132812,-0.0012187798274680972,0.6726858019828796,0.6113178133964539,-0.02058744989335537,0.626520574092865,0.4843820333480835,-0.030580297112464905,0.5987805128097534,0.41259464621543884,-0.03392188251018524,0.576776385307312,0.3593966066837311,-0.03334726393222809,0.6202370524406433,0.6555041670799255,-0.024664610624313354,0.5501519441604614,0.5462408065795898,-0.030093880370259285,0.5166904330253601,0.4920465350151062,-0.027853716164827347,0.4938567876815796,0.46055322885513306,-0.02436218410730362,0.5864286422729492,0.7072640657424927,-0.025678256526589394,0.5527588129043579,0.616778552532196,-0.02489960566163063,0.5802680850028992,0.61049884557724,-0.013394420966506004,0.6058169007301331,0.6317766308784485,-0.002995228860527277,0.5701218843460083,0.7516639232635498,-0.026785138994455338,0.5571102499961853,0.6705605983734131,-0.017441032454371452,0.5813078880310059,0.6642032265663147,0.0007881419733166695,0.601508617401123,0.683043360710144,0.016462089493870735,0.0,0.0,0.0,0.0,0.0,0.0,0.0,0.0,0.0,0.0,0.0,0.0,0.0,0.0,0.0,0.0,0.0,0.0,0.0,0.0,0.0,0.0,0.0,0.0,0.0,0.0,0.0,0.0,0.0,0.0,0.0,0.0,0.0,0.0,0.0,0.0,0.0,0.0,0.0,0.0,0.0,0.0,0.0,0.0,0.0,0.0,0.0,0.0,0.0,0.0,0.0,0.0,0.0,0.0,0.0,0.0,0.0,0.0,0.0,0.0,0.0,0.0,0.0,we
0.7377251982688904,0.899417519569397,6.817295457040018e-07,0.7504112720489502,0.7633562684059143,0.002517329528927803,0.7058918476104736,0.6626645922660828,0.002916953293606639,0.645073652267456,0.6367644667625427,0.0020991130731999874,0.6001240611076355,0.6493783593177795,0.0016925702802836895,0.6638453006744385,0.618621826171875,-0.004626351874321699,0.6215195059776306,0.49195849895477295,-0.009444166906177998,0.5955446362495422,0.4206603169441223,-0.01181729231029749,0.5725727081298828,0.36773502826690674,-0.01200108788907528,0.6128939390182495,0.6592877507209778,-0.008494223468005657,0.554598331451416,0.557465136051178,-0.009774834848940372,0.5205220580101013,0.5038029551506042,-0.01057955902069807,0.4921015799045563,0.46821337938308716,-0.010872776620090008,0.5794397592544556,0.7079848647117615,-0.010551951825618744,0.5570718050003052,0.6229612827301025,-0.008871483616530895,0.5862535834312439,0.6225586533546448,-0.0020820354111492634,0.609769344329834,0.6461536288261414,0.004882255103439093,0.5618687272071838,0.751507043838501,-0.012818011455237865,0.5535044074058533,0.6726617217063904,-0.0034165910910815,0.576199471950531,0.6661590933799744,0.011612826026976109,0.5942029356956482,0.6831967830657959,0.02458176203072071,0.0,0.0,0.0,0.0,0.0,0.0,0.0,0.0,0.0,0.0,0.0,0.0,0.0,0.0,0.0,0.0,0.0,0.0,0.0,0.0,0.0,0.0,0.0,0.0,0.0,0.0,0.0,0.0,0.0,0.0,0.0,0.0,0.0,0.0,0.0,0.0,0.0,0.0,0.0,0.0,0.0,0.0,0.0,0.0,0.0,0.0,0.0,0.0,0.0,0.0,0.0,0.0,0.0,0.0,0.0,0.0,0.0,0.0,0.0,0.0,0.0,0.0,0.0,we
0.7362594604492188,0.8976746797561646,7.100073275978502e-07,0.7419940829277039,0.7667440176010132,0.0024239516351372004,0.6952029466629028,0.6731011867523193,0.0022720571141690016,0.6376063227653503,0.6531009674072266,0.0015661224024370313,0.593678891658783,0.6672226786613464,0.0008434633491560817,0.6438155770301819,0.6318541765213013,-0.008923469111323357,0.5968546271324158,0.5105149149894714,-0.014232559129595757,0.569537341594696,0.4425751864910126,-0.016062606126070023,0.5477340221405029,0.3935774266719818,-0.015340330079197884,0.5975181460380554,0.6759328842163086,-0.013273307122290134,0.5308378338813782,0.5739098191261292,-0.013409841805696487,0.5036492943763733,0.5222485661506653,-0.012021421454846859,0.4860427677631378,0.48847877979278564,-0.010272031649947166,0.5703569650650024,0.7281848192214966,-0.015595286153256893,0.5479685664176941,0.6543217897415161,-0.01329054869711399,0.5761728882789612,0.6524798274040222,-0.00577158946543932,0.6010464429855347,0.6725669503211975,0.001370954909361899,0.5587218999862671,0.7742783427238464,-0.018131501972675323,0.5521315336227417,0.7115907669067383,-0.009359985589981079,0.5756828188896179,0.7077743411064148,0.005500842817127705,0.5949608087539673,0.7239471673965454,0.018417248502373695,0.0,0.0,0.0,0.0,0.0,0.0,0.0,0.0,0.0,0.0,0.0,0.0,0.0,0.0,0.0,0.0,0.0,0.0,0.0,0.0,0.0,0.0,0.0,0.0,0.0,0.0,0.0,0.0,0.0,0.0,0.0,0.0,0.0,0.0,0.0,0.0,0.0,0.0,0.0,0.0,0.0,0.0,0.0,0.0,0.0,0.0,0.0,0.0,0.0,0.0,0.0,0.0,0.0,0.0,0.0,0.0,0.0,0.0,0.0,0.0,0.0,0.0,0.0,we
0.7375005483627319,0.9039239287376404,6.888142820571375e-07,0.7461190223693848,0.772882342338562,0.0021945792250335217,0.7016782164573669,0.6779400706291199,0.0021122656762599945,0.6430699229240417,0.6596145629882812,0.0013290672795847058,0.6001772284507751,0.6794186234474182,0.00021114795526955277,0.6479290127754211,0.6283591985702515,-0.0063545238226652145,0.5991008877754211,0.5139143466949463,-0.012864280492067337,0.5717853903770447,0.4472372233867645,-0.015171350911259651,0.5505942702293396,0.4003957211971283,-0.014143412932753563,0.6002363562583923,0.6717022657394409,-0.010433363728225231,0.5379059910774231,0.5721557140350342,-0.011574121192097664,0.5153453350067139,0.5215022563934326,-0.009937196038663387,0.5015010833740234,0.48982933163642883,-0.006726174149662256,0.5699777603149414,0.7256661653518677,-0.01296007540076971,0.5538798570632935,0.6559237241744995,-0.012087618932127953,0.5805313587188721,0.6573508381843567,-0.005590107757598162,0.6046271324157715,0.6784693598747253,0.0021649175323545933,0.5539328455924988,0.7743563652038574,-0.015620846301317215,0.5531838536262512,0.7169020175933838,-0.006859927903860807,0.5758817195892334,0.7138691544532776,0.007260531652718782,0.593928337097168,0.7291229367256165,0.02030833065509796,0.0,0.0,0.0,0.0,0.0,0.0,0.0,0.0,0.0,0.0,0.0,0.0,0.0,0.0,0.0,0.0,0.0,0.0,0.0,0.0,0.0,0.0,0.0,0.0,0.0,0.0,0.0,0.0,0.0,0.0,0.0,0.0,0.0,0.0,0.0,0.0,0.0,0.0,0.0,0.0,0.0,0.0,0.0,0.0,0.0,0.0,0.0,0.0,0.0,0.0,0.0,0.0,0.0,0.0,0.0,0.0,0.0,0.0,0.0,0.0,0.0,0.0,0.0,we
0.7402004599571228,0.896153450012207,4.724058442207024e-07,0.7374089360237122,0.7648656368255615,0.007949011400341988,0.6846399307250977,0.681091845035553,0.011372707784175873,0.6240828037261963,0.6635913252830505,0.013879903592169285,0.5769507884979248,0.6778306365013123,0.016215447336435318,0.631428062915802,0.6300775408744812,-0.0008547778706997633,0.5708763003349304,0.5249012112617493,0.002828995231539011,0.5334522128105164,0.4672279357910156,0.00658723060041666,0.5000661015510559,0.4251618981361389,0.008983686566352844,0.5858423709869385,0.6799216270446777,-0.004404003266245127,0.5152808427810669,0.6164801716804504,0.005350073333829641,0.5005963444709778,0.602501392364502,0.011882302351295948,0.49577751755714417,0.5987777709960938,0.015687555074691772,0.5619819164276123,0.7379069328308105,-0.005029869731515646,0.5412067770957947,0.6919317841529846,0.005894833710044622,0.568362295627594,0.6982533931732178,0.01429961621761322,0.5907904505729675,0.7198428511619568,0.019197659566998482,0.5522616505622864,0.7890045046806335,-0.005391811486333609,0.5506399273872375,0.7471671104431152,0.009221816435456276,0.5741693377494812,0.7501612901687622,0.023475265130400658,0.5932850241661072,0.7668169736862183,0.0345873162150383,0.0,0.0,0.0,0.0,0.0,0.0,0.0,0.0,0.0,0.0,0.0,0.0,0.0,0.0,0.0,0.0,0.0,0.0,0.0,0.0,0.0,0.0,0.0,0.0,0.0,0.0,0.0,0.0,0.0,0.0,0.0,0.0,0.0,0.0,0.0,0.0,0.0,0.0,0.0,0.0,0.0,0.0,0.0,0.0,0.0,0.0,0.0,0.0,0.0,0.0,0.0,0.0,0.0,0.0,0.0,0.0,0.0,0.0,0.0,0.0,0.0,0.0,0.0,we
0.7429390549659729,0.8839331269264221,6.604475970561907e-07,0.7513980269432068,0.7484460473060608,0.0031824163161218166,0.7050594091415405,0.6549725532531738,0.004830571822822094,0.6405060887336731,0.6220526695251465,0.005632286891341209,0.5934765338897705,0.6271014213562012,0.006477565038949251,0.6621401906013489,0.6088308095932007,-0.005049879662692547,0.6098014116287231,0.4967462718486786,-0.012194457463920116,0.5817256569862366,0.4290347993373871,-0.015090009197592735,0.5595054030418396,0.3793928921222687,-0.014161478728055954,0.6121344566345215,0.648372232913971,-0.008886921219527721,0.5441770553588867,0.5430358052253723,-0.010225030593574047,0.5149630308151245,0.4886130094528198,-0.0084519162774086,0.4967169463634491,0.45529064536094666,-0.005276850424706936,0.579829752445221,0.6991546750068665,-0.011050740256905556,0.5525924563407898,0.6205083131790161,-0.010032263584434986,0.5787386298179626,0.6232233643531799,-0.001820758800022304,0.6048986315727234,0.6475463509559631,0.00712298508733511,0.562229335308075,0.7461369633674622,-0.013238703832030296,0.5527750253677368,0.6774707436561584,-0.0033989509101957083,0.5763767957687378,0.6750631928443909,0.01273107249289751,0.5962886810302734,0.6935829520225525,0.026985405012965202,0.0,0.0,0.0,0.0,0.0,0.0,0.0,0.0,0.0,0.0,0.0,0.0,0.0,0.0,0.0,0.0,0.0,0.0,0.0,0.0,0.0,0.0,0.0,0.0,0.0,0.0,0.0,0.0,0.0,0.0,0.0,0.0,0.0,0.0,0.0,0.0,0.0,0.0,0.0,0.0,0.0,0.0,0.0,0.0,0.0,0.0,0.0,0.0,0.0,0.0,0.0,0.0,0.0,0.0,0.0,0.0,0.0,0.0,0.0,0.0,0.0,0.0,0.0,we
0.7400364875793457,0.8997019529342651,6.436533226406027e-07,0.7548573613166809,0.7614736557006836,-0.0014822676312178373,0.7084924578666687,0.6600990295410156,-0.002938271500170231,0.6446710824966431,0.6290379166603088,-0.0037342195864766836,0.5982722043991089,0.6274946331977844,-0.0038794539868831635,0.673046886920929,0.6158484220504761,-0.01570148766040802,0.6272720694541931,0.48387736082077026,-0.021916620433330536,0.5996650457382202,0.4118821918964386,-0.025161905214190483,0.574982762336731,0.35693156719207764,-0.026176873594522476,0.6200004816055298,0.6602998375892639,-0.01558289397507906,0.5650279521942139,0.5590791702270508,-0.0147786233574152,0.5320631265640259,0.5091282725334167,-0.014443561434745789,0.5039761662483215,0.4778427183628082,-0.015596783719956875,0.5860530734062195,0.711007833480835,-0.013216812163591385,0.5598356127738953,0.6243124008178711,-0.006673142779618502,0.5884944200515747,0.6231557726860046,0.002043379470705986,0.6125358939170837,0.6480620503425598,0.007696059998124838,0.5668838620185852,0.7561812400817871,-0.011615773662924767,0.5576523542404175,0.6767034530639648,-0.00021500351431313902,0.5811537504196167,0.6711033582687378,0.014388900250196457,0.6012062430381775,0.689507007598877,0.02582917921245098,0.0,0.0,0.0,0.0,0.0,0.0,0.0,0.0,0.0,0.0,0.0,0.0,0.0,0.0,0.0,0.0,0.0,0.0,0.0,0.0,0.0,0.0,0.0,0.0,0.0,0.0,0.0,0.0,0.0,0.0,0.0,0.0,0.0,0.0,0.0,0.0,0.0,0.0,0.0,0.0,0.0,0.0,0.0,0.0,0.0,0.0,0.0,0.0,0.0,0.0,0.0,0.0,0.0,0.0,0.0,0.0,0.0,0.0,0.0,0.0,0.0,0.0,0.0,we
0.73382169008255,0.8997318744659424,7.451035912708903e-07,0.7453073263168335,0.7656027674674988,0.0027627302333712578,0.7015318274497986,0.6698275208473206,0.0025574497412890196,0.6428751349449158,0.6450087428092957,0.0021376539953052998,0.598418653011322,0.6552140116691589,0.0017682696925476193,0.6524091958999634,0.6278795599937439,-0.012498966418206692,0.6112917065620422,0.5027159452438354,-0.018564917147159576,0.5868435502052307,0.43297097086906433,-0.020002959296107292,0.5660703778266907,0.38256579637527466,-0.018540706485509872,0.6010301113128662,0.6673581600189209,-0.01690773107111454,0.5392641425132751,0.5526624917984009,-0.01814117655158043,0.5136474967002869,0.49086079001426697,-0.016312384977936745,0.49605730175971985,0.4497787654399872,-0.01364707387983799,0.5692934989929199,0.7169592380523682,-0.018844708800315857,0.5563638806343079,0.6362300515174866,-0.017583614215254784,0.5871748328208923,0.6364297270774841,-0.010536622256040573,0.6113918423652649,0.6608695387840271,-0.0028121639043092728,0.5550472736358643,0.7607209086418152,-0.020780643448233604,0.5552427768707275,0.6922523975372314,-0.01174417044967413,0.5801572203636169,0.6907893419265747,0.003346911631524563,0.5983473658561707,0.7114326357841492,0.016770629212260246,0.0,0.0,0.0,0.0,0.0,0.0,0.0,0.0,0.0,0.0,0.0,0.0,0.0,0.0,0.0,0.0,0.0,0.0,0.0,0.0,0.0,0.0,0.0,0.0,0.0,0.0,0.0,0.0,0.0,0.0,0.0,0.0,0.0,0.0,0.0,0.0,0.0,0.0,0.0,0.0,0.0,0.0,0.0,0.0,0.0,0.0,0.0,0.0,0.0,0.0,0.0,0.0,0.0,0.0,0.0,0.0,0.0,0.0,0.0,0.0,0.0,0.0,0.0,we
0.7420018315315247,0.9085874557495117,3.3316814551653806e-07,0.740382730960846,0.77899169921875,0.010661262087523937,0.6905130743980408,0.6919417381286621,0.014561444520950317,0.6334858536720276,0.6724810004234314,0.016818923875689507,0.5885952711105347,0.6886304616928101,0.018632180988788605,0.6333240270614624,0.6364094614982605,-0.001119572902098298,0.5734428763389587,0.5320999026298523,0.0008651246898807585,0.5342671871185303,0.4764748811721802,0.004733901470899582,0.5018784999847412,0.4361022114753723,0.0068949144333601,0.58817058801651,0.6855144500732422,-0.0072991629131138325,0.5147767663002014,0.6207764744758606,-0.0010251585626974702,0.5171210765838623,0.619015634059906,0.00621561985462904,0.5324881076812744,0.628810703754425,0.011549117974936962,0.565808117389679,0.7432654500007629,-0.010383639484643936,0.5496695637702942,0.7039886713027954,-0.0033161072060465813,0.5769594311714172,0.7114211320877075,0.003999582026153803,0.5996427536010742,0.7294217944145203,0.008420068770647049,0.5574359893798828,0.7953940033912659,-0.012715720571577549,0.5606967806816101,0.7608784437179565,-0.0015348007436841726,0.5859913229942322,0.7675593495368958,0.010875673033297062,0.6061093807220459,0.7837251424789429,0.020694205537438393,0.0,0.0,0.0,0.0,0.0,0.0,0.0,0.0,0.0,0.0,0.0,0.0,0.0,0.0,0.0,0.0,0.0,0.0,0.0,0.0,0.0,0.0,0.0,0.0,0.0,0.0,0.0,0.0,0.0,0.0,0.0,0.0,0.0,0.0,0.0,0.0,0.0,0.0,0.0,0.0,0.0,0.0,0.0,0.0,0.0,0.0,0.0,0.0,0.0,0.0,0.0,0.0,0.0,0.0,0.0,0.0,0.0,0.0,0.0,0.0,0.0,0.0,0.0,we
0.7459030151367188,0.9086980819702148,4.125355133055564e-07,0.7408648729324341,0.7722024917602539,0.007181677035987377,0.6864043474197388,0.6886004209518433,0.010687112808227539,0.625033438205719,0.67435222864151,0.0131314592435956,0.5802773833274841,0.6942537426948547,0.015091517008841038,0.6323060393333435,0.6371282935142517,-0.0016079642809927464,0.5747906565666199,0.5318669676780701,-0.0016307092737406492,0.5404372811317444,0.4735870957374573,0.0018926290795207024,0.5094596147537231,0.4308586120605469,0.004481111187487841,0.5879837870597839,0.6895337104797363,-0.006202935706824064,0.512066662311554,0.6295700073242188,-0.004480618983507156,0.5126104354858398,0.6305978298187256,0.0015607125824317336,0.5243437886238098,0.6389990448951721,0.008411911316215992,0.5653299689292908,0.7499167323112488,-0.00812001433223486,0.5481390357017517,0.7118138074874878,-0.005400532390922308,0.5748274326324463,0.7170515656471252,0.0007382085314020514,0.596757173538208,0.7320935726165771,0.006833613384515047,0.5563292503356934,0.8009623289108276,-0.009371678344905376,0.5613000988960266,0.7649086713790894,-0.0008907739538699389,0.5864660739898682,0.7681713700294495,0.010377086699008942,0.6058611273765564,0.7805920839309692,0.02091684378683567,0.0,0.0,0.0,0.0,0.0,0.0,0.0,0.0,0.0,0.0,0.0,0.0,0.0,0.0,0.0,0.0,0.0,0.0,0.0,0.0,0.0,0.0,0.0,0.0,0.0,0.0,0.0,0.0,0.0,0.0,0.0,0.0,0.0,0.0,0.0,0.0,0.0,0.0,0.0,0.0,0.0,0.0,0.0,0.0,0.0,0.0,0.0,0.0,0.0,0.0,0.0,0.0,0.0,0.0,0.0,0.0,0.0,0.0,0.0,0.0,0.0,0.0,0.0,we
0.7448233962059021,0.8989342451095581,6.408741342056601e-07,0.7447700500488281,0.7609750628471375,-0.0020746635273098946,0.6966932415962219,0.6740266680717468,-0.004576378967612982,0.633912205696106,0.6564736366271973,-0.0072818417102098465,0.589482843875885,0.6731910109519958,-0.010117558762431145,0.6387229561805725,0.6257298588752747,-0.0074892728589475155,0.5838472843170166,0.5160541534423828,-0.015194753184914589,0.551222026348114,0.45124852657318115,-0.018820980563759804,0.5253967642784119,0.4052180349826813,-0.019256608560681343,0.5937886834144592,0.6743078827857971,-0.010195358656346798,0.5242283940315247,0.5912435054779053,-0.013945245184004307,0.49972236156463623,0.5577607750892639,-0.014471729286015034,0.4846729636192322,0.5381670594215393,-0.01260516420006752,0.5668075680732727,0.731856107711792,-0.011880844831466675,0.5476107597351074,0.6721341013908386,-0.014942154288291931,0.5739225149154663,0.679641604423523,-0.010165655054152012,0.5986849665641785,0.7024309039115906,-0.002922860672697425,0.5523331165313721,0.7835888862609863,-0.013963551260530949,0.5510872602462769,0.7335675954818726,-0.009276098571717739,0.575596034526825,0.7353865504264832,0.002219617832452059,0.5952984690666199,0.753332793712616,0.014041309244930744,0.0,0.0,0.0,0.0,0.0,0.0,0.0,0.0,0.0,0.0,0.0,0.0,0.0,0.0,0.0,0.0,0.0,0.0,0.0,0.0,0.0,0.0,0.0,0.0,0.0,0.0,0.0,0.0,0.0,0.0,0.0,0.0,0.0,0.0,0.0,0.0,0.0,0.0,0.0,0.0,0.0,0.0,0.0,0.0,0.0,0.0,0.0,0.0,0.0,0.0,0.0,0.0,0.0,0.0,0.0,0.0,0.0,0.0,0.0,0.0,0.0,0.0,0.0,we
0.7384910583496094,0.9015572667121887,7.553522323178186e-07,0.746734619140625,0.7683484554290771,0.0021500089205801487,0.7042912244796753,0.6707502007484436,-0.0012186344247311354,0.6429563164710999,0.6413936018943787,-0.004725499078631401,0.5984459519386292,0.644564688205719,-0.008209100924432278,0.6651349067687988,0.6253092288970947,-0.01949683576822281,0.6203632950782776,0.4908532500267029,-0.030881185084581375,0.594794750213623,0.41734492778778076,-0.03644613176584244,0.5725234746932983,0.3612034320831299,-0.03727194294333458,0.6138803362846375,0.6677759289741516,-0.022631831467151642,0.5550524592399597,0.556455671787262,-0.02519632689654827,0.5173837542533875,0.5007078647613525,-0.024117840453982353,0.4855177402496338,0.46649980545043945,-0.023341143503785133,0.5799070596694946,0.7177814245223999,-0.02314324490725994,0.5528199672698975,0.6292703151702881,-0.018841031938791275,0.5799010396003723,0.6255170702934265,-0.008865974843502045,0.6037339568138123,0.647312343120575,-0.0010988755384460092,0.56206214427948,0.7616904973983765,-0.02405647002160549,0.5547179579734802,0.6846736669540405,-0.012944958172738552,0.5793007016181946,0.679802417755127,0.003912772983312607,0.599686324596405,0.6983788013458252,0.01789354719221592,0.0,0.0,0.0,0.0,0.0,0.0,0.0,0.0,0.0,0.0,0.0,0.0,0.0,0.0,0.0,0.0,0.0,0.0,0.0,0.0,0.0,0.0,0.0,0.0,0.0,0.0,0.0,0.0,0.0,0.0,0.0,0.0,0.0,0.0,0.0,0.0,0.0,0.0,0.0,0.0,0.0,0.0,0.0,0.0,0.0,0.0,0.0,0.0,0.0,0.0,0.0,0.0,0.0,0.0,0.0,0.0,0.0,0.0,0.0,0.0,0.0,0.0,0.0,we
0.7282116413116455,0.9076510071754456,7.629117817486986e-07,0.7426749467849731,0.7710868120193481,-0.0016278444090858102,0.6998914480209351,0.6715191602706909,-0.005117238964885473,0.6371946334838867,0.6486626267433167,-0.008382483385503292,0.5928854942321777,0.655343234539032,-0.011136390268802643,0.6595739722251892,0.6286284923553467,-0.02032993920147419,0.6204697489738464,0.4925677180290222,-0.030574817210435867,0.5970981121063232,0.41852474212646484,-0.035210080444812775,0.5758473873138428,0.3628871738910675,-0.03609033301472664,0.6067302227020264,0.6712801456451416,-0.021777573972940445,0.5543819069862366,0.5616532564163208,-0.025777528062462807,0.5194851160049438,0.5038667321205139,-0.02617880515754223,0.48896652460098267,0.46697771549224854,-0.026216473430395126,0.5728850364685059,0.7202000617980957,-0.02104252018034458,0.5573774576187134,0.6316035985946655,-0.01962149888277054,0.5879274606704712,0.631993293762207,-0.011774871498346329,0.6112144589424133,0.6571559906005859,-0.0044156932272017,0.5557832717895508,0.7645628452301025,-0.020911598578095436,0.5569314956665039,0.6827046871185303,-0.012496368028223515,0.5816435217857361,0.6783050298690796,0.00195771805010736,0.5997796058654785,0.697296142578125,0.014626537449657917,0.0,0.0,0.0,0.0,0.0,0.0,0.0,0.0,0.0,0.0,0.0,0.0,0.0,0.0,0.0,0.0,0.0,0.0,0.0,0.0,0.0,0.0,0.0,0.0,0.0,0.0,0.0,0.0,0.0,0.0,0.0,0.0,0.0,0.0,0.0,0.0,0.0,0.0,0.0,0.0,0.0,0.0,0.0,0.0,0.0,0.0,0.0,0.0,0.0,0.0,0.0,0.0,0.0,0.0,0.0,0.0,0.0,0.0,0.0,0.0,0.0,0.0,0.0,we
0.7336061596870422,0.9127465486526489,5.894539185646863e-07,0.7368437051773071,0.7811101675033569,0.0017190584912896156,0.6883413791656494,0.6856089234352112,0.002012147568166256,0.6345953345298767,0.6585240960121155,0.0020497997757047415,0.5928047299385071,0.6690831780433655,0.002140841679647565,0.6294819116592407,0.6406223773956299,-0.011240620166063309,0.5831812024116516,0.5223982930183411,-0.015858212485909462,0.5521106719970703,0.4542098641395569,-0.017537172883749008,0.5253508687019348,0.40459778904914856,-0.018285905942320824,0.5837603807449341,0.6877692937850952,-0.01508607529103756,0.5239430069923401,0.5995204448699951,-0.014222167432308197,0.5119644403457642,0.5643686056137085,-0.011963777244091034,0.5063644647598267,0.5433638095855713,-0.010445209220051765,0.5592415928840637,0.7441641092300415,-0.016671117395162582,0.5508398413658142,0.6814523935317993,-0.013145371340215206,0.5815325975418091,0.6807193160057068,-0.00443015992641449,0.6055073142051697,0.6986059546470642,0.001972551690414548,0.5505714416503906,0.7970292568206787,-0.018720798194408417,0.5548705458641052,0.748481035232544,-0.009238907136023045,0.5798567533493042,0.7447736263275146,0.004946636036038399,0.5992778539657593,0.7591333389282227,0.016405640169978142,0.0,0.0,0.0,0.0,0.0,0.0,0.0,0.0,0.0,0.0,0.0,0.0,0.0,0.0,0.0,0.0,0.0,0.0,0.0,0.0,0.0,0.0,0.0,0.0,0.0,0.0,0.0,0.0,0.0,0.0,0.0,0.0,0.0,0.0,0.0,0.0,0.0,0.0,0.0,0.0,0.0,0.0,0.0,0.0,0.0,0.0,0.0,0.0,0.0,0.0,0.0,0.0,0.0,0.0,0.0,0.0,0.0,0.0,0.0,0.0,0.0,0.0,0.0,we
0.736198902130127,0.9199002385139465,6.219522674655309e-07,0.7409313917160034,0.7835229635238647,0.0022760268766433,0.6938412189483643,0.6853609085083008,0.004207926336675882,0.63496994972229,0.6628350019454956,0.0056384108029305935,0.5939041376113892,0.679485559463501,0.006922886241227388,0.6373201608657837,0.6421557664871216,-0.004099705722182989,0.5864948034286499,0.527126133441925,-0.0069534373469650745,0.5588902235031128,0.45975109934806824,-0.006715161260217428,0.537415623664856,0.41112324595451355,-0.004624762572348118,0.5907956957817078,0.6888127326965332,-0.007405558135360479,0.5221030116081238,0.6022423505783081,-0.004945914726704359,0.49615389108657837,0.5621012449264526,-0.003162963315844536,0.48083168268203735,0.5363342761993408,-0.0005613685352727771,0.5641912221908569,0.7448031306266785,-0.008941572159528732,0.5533497929573059,0.681382417678833,-0.005037619732320309,0.5801101326942444,0.6839510202407837,-0.00017546788149047643,0.6030102968215942,0.7038779258728027,0.005497188773006201,0.5516896843910217,0.7945335507392883,-0.01057718601077795,0.5520605444908142,0.7459776401519775,0.000894663913641125,0.5740826725959778,0.7444063425064087,0.014167691580951214,0.5918715596199036,0.7603855729103088,0.025935053825378418,0.0,0.0,0.0,0.0,0.0,0.0,0.0,0.0,0.0,0.0,0.0,0.0,0.0,0.0,0.0,0.0,0.0,0.0,0.0,0.0,0.0,0.0,0.0,0.0,0.0,0.0,0.0,0.0,0.0,0.0,0.0,0.0,0.0,0.0,0.0,0.0,0.0,0.0,0.0,0.0,0.0,0.0,0.0,0.0,0.0,0.0,0.0,0.0,0.0,0.0,0.0,0.0,0.0,0.0,0.0,0.0,0.0,0.0,0.0,0.0,0.0,0.0,0.0,we
0.7421646118164062,0.9187091588973999,4.229917465181643e-07,0.740841805934906,0.7852493524551392,0.005854340735822916,0.6887396574020386,0.6935838460922241,0.010075174272060394,0.6270414590835571,0.6733579039573669,0.014082175679504871,0.581466555595398,0.6900702118873596,0.018241968005895615,0.6309556365013123,0.6470234990119934,-0.0013445476070046425,0.5760281682014465,0.5391066074371338,0.002058840123936534,0.5417611598968506,0.48115020990371704,0.007380145136266947,0.5115041732788086,0.4406619071960449,0.010989474132657051,0.5841172933578491,0.6985902786254883,-0.004715406335890293,0.5069928765296936,0.6297881603240967,0.0013406035723164678,0.5032230019569397,0.6257719993591309,0.008509728126227856,0.5115275979042053,0.6339101195335388,0.015234876424074173,0.5604848265647888,0.7579504251480103,-0.0053359935991466045,0.5408975481987,0.7093797922134399,0.001634352607652545,0.5684826374053955,0.7138636112213135,0.009235124103724957,0.5901435613632202,0.7316542267799377,0.015110563486814499,0.5516663193702698,0.808594286441803,-0.0055055515840649605,0.551434338092804,0.7679846286773682,0.006735606584697962,0.5764942765235901,0.7691689133644104,0.020240740850567818,0.5958259701728821,0.7828133702278137,0.031497642397880554,0.0,0.0,0.0,0.0,0.0,0.0,0.0,0.0,0.0,0.0,0.0,0.0,0.0,0.0,0.0,0.0,0.0,0.0,0.0,0.0,0.0,0.0,0.0,0.0,0.0,0.0,0.0,0.0,0.0,0.0,0.0,0.0,0.0,0.0,0.0,0.0,0.0,0.0,0.0,0.0,0.0,0.0,0.0,0.0,0.0,0.0,0.0,0.0,0.0,0.0,0.0,0.0,0.0,0.0,0.0,0.0,0.0,0.0,0.0,0.0,0.0,0.0,0.0,we
0.7408310174942017,0.909805417060852,6.482226808657288e-07,0.7457864880561829,0.7700482606887817,0.001548004220239818,0.7017374634742737,0.6744318604469299,0.0010599795496091247,0.6390670537948608,0.6487261056900024,0.0005758610204793513,0.5948770046234131,0.6661901473999023,-0.00013407385267782956,0.6454163193702698,0.6387180089950562,-0.007829109206795692,0.5938937664031982,0.5193542242050171,-0.013753208331763744,0.5640906691551208,0.4520370662212372,-0.015806710347533226,0.5401207804679871,0.4046565294265747,-0.0149720823392272,0.5982065796852112,0.6858851909637451,-0.010742207989096642,0.5292155742645264,0.5910189151763916,-0.012344112619757652,0.5081818103790283,0.5524580478668213,-0.010993298143148422,0.49739742279052734,0.5327561497688293,-0.008042573928833008,0.5690740346908569,0.7404135465621948,-0.01170942559838295,0.5467686057090759,0.666965663433075,-0.01108283270150423,0.5727931261062622,0.66693115234375,-0.004295583348721266,0.5981466770172119,0.6887025237083435,0.003194129094481468,0.5536736845970154,0.7874244451522827,-0.012556655332446098,0.5478904247283936,0.7243974804878235,-0.004649382084608078,0.5721225142478943,0.7221078276634216,0.009382057934999466,0.5923872590065002,0.740460216999054,0.022354016080498695,0.0,0.0,0.0,0.0,0.0,0.0,0.0,0.0,0.0,0.0,0.0,0.0,0.0,0.0,0.0,0.0,0.0,0.0,0.0,0.0,0.0,0.0,0.0,0.0,0.0,0.0,0.0,0.0,0.0,0.0,0.0,0.0,0.0,0.0,0.0,0.0,0.0,0.0,0.0,0.0,0.0,0.0,0.0,0.0,0.0,0.0,0.0,0.0,0.0,0.0,0.0,0.0,0.0,0.0,0.0,0.0,0.0,0.0,0.0,0.0,0.0,0.0,0.0,we
0.7376073598861694,0.9177926778793335,7.819098186701012e-07,0.7510553598403931,0.7821236848831177,-0.0024076851550489664,0.7084697484970093,0.6778944134712219,-0.007931861095130444,0.6424676179885864,0.6468830108642578,-0.01210083719342947,0.5959160923957825,0.6505444049835205,-0.01601407118141651,0.6678072214126587,0.6444766521453857,-0.03226234391331673,0.6235382556915283,0.5015808343887329,-0.04664348065853119,0.5958414077758789,0.4248364567756653,-0.05295471101999283,0.5722784399986267,0.36717280745506287,-0.05423637479543686,0.6142359972000122,0.69110107421875,-0.033259425312280655,0.5538713335990906,0.5757730007171631,-0.038697853684425354,0.5130157470703125,0.5163578391075134,-0.037456825375556946,0.4783693552017212,0.48032209277153015,-0.03664039075374603,0.5790094137191772,0.7411752939224243,-0.03124268911778927,0.5502101182937622,0.6449500322341919,-0.028630275279283524,0.5781477093696594,0.6393131017684937,-0.016528861597180367,0.60273277759552,0.6617147922515869,-0.007211122661828995,0.5603458285331726,0.7841560244560242,-0.029978720471262932,0.5499534010887146,0.6981234550476074,-0.02045343816280365,0.5736904740333557,0.6927139759063721,-0.002953062765300274,0.5935261249542236,0.7117723822593689,0.011560404673218727,0.0,0.0,0.0,0.0,0.0,0.0,0.0,0.0,0.0,0.0,0.0,0.0,0.0,0.0,0.0,0.0,0.0,0.0,0.0,0.0,0.0,0.0,0.0,0.0,0.0,0.0,0.0,0.0,0.0,0.0,0.0,0.0,0.0,0.0,0.0,0.0,0.0,0.0,0.0,0.0,0.0,0.0,0.0,0.0,0.0,0.0,0.0,0.0,0.0,0.0,0.0,0.0,0.0,0.0,0.0,0.0,0.0,0.0,0.0,0.0,0.0,0.0,0.0,we
0.7357849478721619,0.9186946153640747,7.525053433710127e-07,0.7510805726051331,0.7814458012580872,-0.002800427610054612,0.7057657837867737,0.677360475063324,-0.006780456285923719,0.6394897699356079,0.6505839824676514,-0.009593560360372066,0.5927101373672485,0.6560803055763245,-0.01205021794885397,0.6663830280303955,0.6398205161094666,-0.02750275656580925,0.6225685477256775,0.49797603487968445,-0.03892137482762337,0.5968649387359619,0.4216509759426117,-0.0434286966919899,0.5751103162765503,0.3643818795681,-0.04373638331890106,0.6113960146903992,0.6858626008033752,-0.02666388638317585,0.5544215440750122,0.5759099721908569,-0.030455777421593666,0.5148500800132751,0.5178848505020142,-0.03049355186522007,0.4806578457355499,0.482417494058609,-0.03052692487835884,0.5758274793624878,0.734190046787262,-0.02303146943449974,0.5554356575012207,0.6463263034820557,-0.019779158756136894,0.5856747031211853,0.6434359550476074,-0.011577265337109566,0.6094163060188293,0.667533814907074,-0.004483148921281099,0.556675910949707,0.7770699262619019,-0.020040417090058327,0.5525972843170166,0.6950498819351196,-0.010391389951109886,0.5765343308448792,0.6905794739723206,0.003982161171734333,0.5954000949859619,0.7096825838088989,0.01650014892220497,0.0,0.0,0.0,0.0,0.0,0.0,0.0,0.0,0.0,0.0,0.0,0.0,0.0,0.0,0.0,0.0,0.0,0.0,0.0,0.0,0.0,0.0,0.0,0.0,0.0,0.0,0.0,0.0,0.0,0.0,0.0,0.0,0.0,0.0,0.0,0.0,0.0,0.0,0.0,0.0,0.0,0.0,0.0,0.0,0.0,0.0,0.0,0.0,0.0,0.0,0.0,0.0,0.0,0.0,0.0,0.0,0.0,0.0,0.0,0.0,0.0,0.0,0.0,we
0.7265166640281677,0.9301736354827881,7.548615030827932e-07,0.7388522624969482,0.7929033637046814,0.001493003685027361,0.6977701187133789,0.6882099509239197,-0.00016737543046474457,0.6325713992118835,0.6673281192779541,-0.002315941033884883,0.585871160030365,0.6791655421257019,-0.004316885489970446,0.6533920764923096,0.6437838673591614,-0.015833277255296707,0.6168949604034424,0.5071091651916504,-0.024986213073134422,0.5930984616279602,0.43236738443374634,-0.028877470642328262,0.5713246464729309,0.3768078088760376,-0.029174579307436943,0.5992112755775452,0.6860910654067993,-0.01844724267721176,0.5442169904708862,0.5831186175346375,-0.020484518259763718,0.5094816088676453,0.5281968116760254,-0.01945042982697487,0.4797224700450897,0.4935358166694641,-0.018298421055078506,0.5638449192047119,0.7352502346038818,-0.01885084994137287,0.5520352125167847,0.6617603898048401,-0.015686530619859695,0.5820421576499939,0.6619105935096741,-0.008772216737270355,0.6046414375305176,0.6852291822433472,-0.002095082076266408,0.5450882315635681,0.7802988886833191,-0.01975700818002224,0.5523248910903931,0.7156659960746765,-0.010072705335915089,0.5778900384902954,0.7155134677886963,0.003335414920002222,0.5962401628494263,0.7356392741203308,0.015455045737326145,0.0,0.0,0.0,0.0,0.0,0.0,0.0,0.0,0.0,0.0,0.0,0.0,0.0,0.0,0.0,0.0,0.0,0.0,0.0,0.0,0.0,0.0,0.0,0.0,0.0,0.0,0.0,0.0,0.0,0.0,0.0,0.0,0.0,0.0,0.0,0.0,0.0,0.0,0.0,0.0,0.0,0.0,0.0,0.0,0.0,0.0,0.0,0.0,0.0,0.0,0.0,0.0,0.0,0.0,0.0,0.0,0.0,0.0,0.0,0.0,0.0,0.0,0.0,we
0.7238196730613708,0.9244889616966248,6.38915992112743e-07,0.7304476499557495,0.7881677150726318,0.008775131776928902,0.6879615783691406,0.6914735436439514,0.014369654469192028,0.6298140287399292,0.6680822968482971,0.018371349200606346,0.584374725818634,0.6831305027008057,0.0224437415599823,0.6332356333732605,0.6380615234375,0.00809384137392044,0.5963570475578308,0.5211352109909058,0.01124781183898449,0.5728353261947632,0.4563162624835968,0.013986433856189251,0.5512805581092834,0.4094502031803131,0.016763683408498764,0.5822669267654419,0.6808179616928101,0.0029520124662667513,0.5163713693618774,0.5914352536201477,0.010662034153938293,0.4938182234764099,0.5543747544288635,0.014851056039333344,0.48128563165664673,0.5316087007522583,0.018810685724020004,0.5530930757522583,0.7359771132469177,-0.0001262977602891624,0.5425559282302856,0.6803185939788818,0.00806408654898405,0.5710489749908447,0.6842345595359802,0.013393831439316273,0.5936545133590698,0.704915463924408,0.018783191218972206,0.540021538734436,0.7863737344741821,-0.002918837359175086,0.546331524848938,0.7433681488037109,0.010905950330197811,0.5703818202018738,0.7446961998939514,0.024300461634993553,0.5891897082328796,0.7606198191642761,0.03606036677956581,0.0,0.0,0.0,0.0,0.0,0.0,0.0,0.0,0.0,0.0,0.0,0.0,0.0,0.0,0.0,0.0,0.0,0.0,0.0,0.0,0.0,0.0,0.0,0.0,0.0,0.0,0.0,0.0,0.0,0.0,0.0,0.0,0.0,0.0,0.0,0.0,0.0,0.0,0.0,0.0,0.0,0.0,0.0,0.0,0.0,0.0,0.0,0.0,0.0,0.0,0.0,0.0,0.0,0.0,0.0,0.0,0.0,0.0,0.0,0.0,0.0,0.0,0.0,we
0.7210344076156616,0.9192951917648315,5.508443905455351e-07,0.7275079488754272,0.7855868935585022,0.008874921128153801,0.6855780482292175,0.6903041005134583,0.013942647725343704,0.6277257204055786,0.6668388843536377,0.017882078886032104,0.5841455459594727,0.6779598593711853,0.021930282935500145,0.626847505569458,0.6319133639335632,0.006827219855040312,0.585278332233429,0.5167334079742432,0.01194164901971817,0.5606761574745178,0.4534124433994293,0.016922762617468834,0.5383564233779907,0.4069213569164276,0.020647795870900154,0.5771196484565735,0.6781511902809143,0.002491622930392623,0.5147569179534912,0.5963104367256165,0.010777375660836697,0.5071465969085693,0.5760266780853271,0.01735606975853443,0.5083719491958618,0.5690560340881348,0.023435266688466072,0.5492134094238281,0.7349227666854858,0.0005527674220502377,0.538579523563385,0.6750540733337402,0.010061371140182018,0.5655354261398315,0.6779744625091553,0.01688484288752079,0.5866576433181763,0.69619220495224,0.022452697157859802,0.5369921922683716,0.7847155332565308,-0.0008881172398105264,0.544710636138916,0.7376234531402588,0.013531872071325779,0.5681636333465576,0.7383095026016235,0.02713930979371071,0.5850753784179688,0.7527594566345215,0.03869957476854324,0.0,0.0,0.0,0.0,0.0,0.0,0.0,0.0,0.0,0.0,0.0,0.0,0.0,0.0,0.0,0.0,0.0,0.0,0.0,0.0,0.0,0.0,0.0,0.0,0.0,0.0,0.0,0.0,0.0,0.0,0.0,0.0,0.0,0.0,0.0,0.0,0.0,0.0,0.0,0.0,0.0,0.0,0.0,0.0,0.0,0.0,0.0,0.0,0.0,0.0,0.0,0.0,0.0,0.0,0.0,0.0,0.0,0.0,0.0,0.0,0.0,0.0,0.0,we
0.7125388979911804,0.9135972261428833,6.650986392742197e-07,0.7318602800369263,0.7817167043685913,-0.002316176425665617,0.7017791271209717,0.6797935962677002,-0.004177256487309933,0.6382322311401367,0.6490722894668579,-0.003954414743930101,0.5917819142341614,0.6594067215919495,-0.003470191266387701,0.6394132375717163,0.6292217373847961,-0.017498116940259933,0.6020912528038025,0.4992278218269348,-0.021082138642668724,0.5783441662788391,0.4302384555339813,-0.021243445575237274,0.5545129179954529,0.3808338940143585,-0.019690273329615593,0.5838459134101868,0.671461820602417,-0.017235951498150826,0.5303164124488831,0.5640658140182495,-0.013180973939597607,0.5052154660224915,0.5226920247077942,-0.008907940238714218,0.4853951930999756,0.5032961368560791,-0.005607994738966227,0.5514528155326843,0.7219946384429932,-0.014454090967774391,0.5426028370857239,0.6466638445854187,-0.008066817186772823,0.5703041553497314,0.6503695845603943,-5.345714816940017e-05,0.5931127071380615,0.6768920421600342,0.006463013123720884,0.5356192588806152,0.7676259875297546,-0.0120840547606349,0.5428210496902466,0.7067973613739014,-0.0014704331988468766,0.5679463744163513,0.7093314528465271,0.012360770255327225,0.5860862731933594,0.7314486503601074,0.024550188332796097,0.0,0.0,0.0,0.0,0.0,0.0,0.0,0.0,0.0,0.0,0.0,0.0,0.0,0.0,0.0,0.0,0.0,0.0,0.0,0.0,0.0,0.0,0.0,0.0,0.0,0.0,0.0,0.0,0.0,0.0,0.0,0.0,0.0,0.0,0.0,0.0,0.0,0.0,0.0,0.0,0.0,0.0,0.0,0.0,0.0,0.0,0.0,0.0,0.0,0.0,0.0,0.0,0.0,0.0,0.0,0.0,0.0,0.0,0.0,0.0,0.0,0.0,0.0,we
0.7122599482536316,0.913634181022644,6.255676794353349e-07,0.7295039892196655,0.7820921540260315,0.0018738250946626067,0.6943567991256714,0.6824305057525635,0.004321362357586622,0.6343943476676941,0.6549922227859497,0.006981189828366041,0.589600682258606,0.6647325158119202,0.01013024803251028,0.6384832262992859,0.6260879039764404,-0.003838319331407547,0.6028108596801758,0.4990355968475342,-0.0021634548902511597,0.5782326459884644,0.4299204349517822,0.0004976944765076041,0.5549623966217041,0.38002604246139526,0.0033136664424091578,0.583793580532074,0.667242169380188,-0.004185785073786974,0.532238781452179,0.5772231817245483,0.004017384257167578,0.5035064816474915,0.5389304757118225,0.00798920076340437,0.48114293813705444,0.5169304609298706,0.010291974991559982,0.5508264303207397,0.7182954549789429,-0.0024714774917811155,0.5445986986160278,0.655047595500946,0.006387623026967049,0.5720516443252563,0.660926342010498,0.011530403979122639,0.5938100814819336,0.6862142086029053,0.01591978222131729,0.533491849899292,0.7646710872650146,-0.0009345964645035565,0.5413355231285095,0.7128832936286926,0.011851915158331394,0.564690887928009,0.7163559198379517,0.02375989966094494,0.5825228095054626,0.7367526888847351,0.0342855378985405,0.0,0.0,0.0,0.0,0.0,0.0,0.0,0.0,0.0,0.0,0.0,0.0,0.0,0.0,0.0,0.0,0.0,0.0,0.0,0.0,0.0,0.0,0.0,0.0,0.0,0.0,0.0,0.0,0.0,0.0,0.0,0.0,0.0,0.0,0.0,0.0,0.0,0.0,0.0,0.0,0.0,0.0,0.0,0.0,0.0,0.0,0.0,0.0,0.0,0.0,0.0,0.0,0.0,0.0,0.0,0.0,0.0,0.0,0.0,0.0,0.0,0.0,0.0,we
0.7064552903175354,0.9177876710891724,7.73838678469474e-07,0.7289621233940125,0.7807604670524597,-0.0033783609978854656,0.6942216753959656,0.6759768128395081,-0.007282560225576162,0.626408576965332,0.6459508538246155,-0.00999439973384142,0.5772531032562256,0.6515268683433533,-0.012149781920015812,0.6466177105903625,0.6213836669921875,-0.02300163172185421,0.6132031083106995,0.47770872712135315,-0.031011376529932022,0.5873275995254517,0.4028453230857849,-0.033696964383125305,0.5627375245094299,0.3473859131336212,-0.03337637707591057,0.5884484648704529,0.6653098464012146,-0.02242274582386017,0.5440248250961304,0.555633544921875,-0.02232910506427288,0.5124046206474304,0.501383900642395,-0.020107122138142586,0.4865342974662781,0.46831223368644714,-0.01862313412129879,0.5518696308135986,0.715668797492981,-0.019434716552495956,0.5453681945800781,0.6350504755973816,-0.013639131560921669,0.5745052695274353,0.6370536088943481,-0.004539692774415016,0.597324013710022,0.6638153195381165,0.002624328015372157,0.5320610404014587,0.7620800733566284,-0.01737239956855774,0.5391516089439392,0.6889259219169617,-0.006187837105244398,0.5628561973571777,0.6884866952896118,0.00885120127350092,0.5802985429763794,0.7080100178718567,0.021848928183317184,0.0,0.0,0.0,0.0,0.0,0.0,0.0,0.0,0.0,0.0,0.0,0.0,0.0,0.0,0.0,0.0,0.0,0.0,0.0,0.0,0.0,0.0,0.0,0.0,0.0,0.0,0.0,0.0,0.0,0.0,0.0,0.0,0.0,0.0,0.0,0.0,0.0,0.0,0.0,0.0,0.0,0.0,0.0,0.0,0.0,0.0,0.0,0.0,0.0,0.0,0.0,0.0,0.0,0.0,0.0,0.0,0.0,0.0,0.0,0.0,0.0,0.0,0.0,we
0.7249869108200073,0.9251098036766052,4.836202265323664e-07,0.7364984750747681,0.7846680879592896,0.011823569424450397,0.6892410516738892,0.6795974969863892,0.023525644093751907,0.6327189207077026,0.6526508331298828,0.03326164931058884,0.5880420207977295,0.66755610704422,0.04340112581849098,0.6389170289039612,0.6274658441543579,0.014841177500784397,0.5978795886039734,0.5053545236587524,0.026641499251127243,0.5694936513900757,0.4410800337791443,0.0346844457089901,0.5422990322113037,0.39224883913993835,0.04001185670495033,0.5866265892982483,0.671658456325531,0.013369128108024597,0.5384262204170227,0.5912528038024902,0.03157666698098183,0.5077575445175171,0.5514165163040161,0.036867816001176834,0.48273491859436035,0.5277040004730225,0.03869882598519325,0.5578843355178833,0.7259572744369507,0.014526844024658203,0.5605103969573975,0.678002655506134,0.034439463168382645,0.5906497836112976,0.6825763583183289,0.03622085601091385,0.6105223894119263,0.704730212688446,0.0358763113617897,0.5429232716560364,0.7766846418380737,0.015952644869685173,0.5545206665992737,0.7343525290489197,0.03727210685610771,0.5770180225372314,0.7379395365715027,0.04768354073166847,0.5945649743080139,0.75780189037323,0.05520707368850708,0.0,0.0,0.0,0.0,0.0,0.0,0.0,0.0,0.0,0.0,0.0,0.0,0.0,0.0,0.0,0.0,0.0,0.0,0.0,0.0,0.0,0.0,0.0,0.0,0.0,0.0,0.0,0.0,0.0,0.0,0.0,0.0,0.0,0.0,0.0,0.0,0.0,0.0,0.0,0.0,0.0,0.0,0.0,0.0,0.0,0.0,0.0,0.0,0.0,0.0,0.0,0.0,0.0,0.0,0.0,0.0,0.0,0.0,0.0,0.0,0.0,0.0,0.0,we
0.7596662044525146,0.9395868182182312,4.865958089794731e-07,0.7683953046798706,0.7977406978607178,0.005037646275013685,0.7136399745941162,0.6920314431190491,0.006827272940427065,0.6497633457183838,0.668046236038208,0.007177362218499184,0.6017298698425293,0.6869449615478516,0.007147536613047123,0.6658762097358704,0.6436017751693726,-0.0032696626149117947,0.6132611632347107,0.5243188142776489,-0.006241715978831053,0.5793049931526184,0.4573999047279358,-0.0107773682102561,0.5490303635597229,0.4040873944759369,-0.014321772381663322,0.618086576461792,0.6938655376434326,-0.006455707363784313,0.5637860298156738,0.6140794157981873,-0.00017633817333262414,0.5271854996681213,0.5752338767051697,0.00012240491923876107,0.49574169516563416,0.5469436645507812,-0.0023136776871979237,0.5897105932235718,0.7528343796730042,-0.0072365314699709415,0.5675616264343262,0.6856388449668884,0.006654748693108559,0.5916861295700073,0.6861115097999573,0.015756195411086082,0.6125317215919495,0.7045281529426575,0.01931656524538994,0.5745007991790771,0.8090814352035522,-0.008897705934941769,0.5664844512939453,0.7485970854759216,0.00847899354994297,0.587390661239624,0.7466952204704285,0.024362124502658844,0.6066657304763794,0.76149582862854,0.03545635938644409,0.0,0.0,0.0,0.0,0.0,0.0,0.0,0.0,0.0,0.0,0.0,0.0,0.0,0.0,0.0,0.0,0.0,0.0,0.0,0.0,0.0,0.0,0.0,0.0,0.0,0.0,0.0,0.0,0.0,0.0,0.0,0.0,0.0,0.0,0.0,0.0,0.0,0.0,0.0,0.0,0.0,0.0,0.0,0.0,0.0,0.0,0.0,0.0,0.0,0.0,0.0,0.0,0.0,0.0,0.0,0.0,0.0,0.0,0.0,0.0,0.0,0.0,0.0,we
0.21725040674209595,0.8658790588378906,3.713560374762892e-07,0.1983746886253357,0.7488867044448853,0.01469729095697403,0.2237173318862915,0.6501724720001221,0.011354686692357063,0.26768168807029724,0.5770761370658875,0.0052313124760985374,0.30778029561042786,0.5401058793067932,-0.0009988873498514295,0.23590779304504395,0.5956363081932068,-0.02391997165977955,0.27953407168388367,0.4691321551799774,-0.03860216587781906,0.3068316876888275,0.3999248743057251,-0.04563286527991295,0.32757291197776794,0.3459179103374481,-0.048420410603284836,0.28298866748809814,0.6272790431976318,-0.03557298332452774,0.35026875138282776,0.5287968516349792,-0.03972042351961136,0.38765057921409607,0.4815843105316162,-0.03822222724556923,0.4105580449104309,0.4470726251602173,-0.038469817489385605,0.32710015773773193,0.672356903553009,-0.04243579879403114,0.35546550154685974,0.6229265928268433,-0.03630099445581436,0.34100720286369324,0.6432621479034424,-0.017801551148295403,0.324572890996933,0.6684460043907166,-0.0059045753441751,0.358492910861969,0.7217052578926086,-0.04911179468035698,0.3743163049221039,0.6743599772453308,-0.032372765243053436,0.3570578694343567,0.6918086409568787,-0.007011088076978922,0.3443326950073242,0.7178847789764404,0.011380281299352646,0.0,0.0,0.0,0.0,0.0,0.0,0.0,0.0,0.0,0.0,0.0,0.0,0.0,0.0,0.0,0.0,0.0,0.0,0.0,0.0,0.0,0.0,0.0,0.0,0.0,0.0,0.0,0.0,0.0,0.0,0.0,0.0,0.0,0.0,0.0,0.0,0.0,0.0,0.0,0.0,0.0,0.0,0.0,0.0,0.0,0.0,0.0,0.0,0.0,0.0,0.0,0.0,0.0,0.0,0.0,0.0,0.0,0.0,0.0,0.0,0.0,0.0,0.0,we
0.2161560356616974,0.8682630062103271,4.5866445930187183e-07,0.19455552101135254,0.7530698180198669,0.007775298785418272,0.22156938910484314,0.6483337879180908,0.00476496247574687,0.27290475368499756,0.5730270743370056,0.0007931328727863729,0.31315532326698303,0.5295928716659546,-0.002102036727592349,0.2341967672109604,0.5954883694648743,-0.02279050089418888,0.2798805832862854,0.4692416191101074,-0.03382908180356026,0.30892935395240784,0.40106692910194397,-0.036013394594192505,0.32886096835136414,0.3476013243198395,-0.03485340252518654,0.28321540355682373,0.6268602609634399,-0.03026367910206318,0.3467468023300171,0.5279747247695923,-0.03307733312249184,0.3824218213558197,0.48112910985946655,-0.02938896417617798,0.40455663204193115,0.44709867238998413,-0.02677641436457634,0.3270377516746521,0.6718617081642151,-0.03422165662050247,0.35029399394989014,0.6241647601127625,-0.03140885382890701,0.3376026451587677,0.6481623649597168,-0.016722528263926506,0.322469025850296,0.6760636568069458,-0.0054792542941868305,0.35973504185676575,0.7203814387321472,-0.03798054903745651,0.37013646960258484,0.6774157881736755,-0.0252382792532444,0.35430800914764404,0.6981716156005859,-0.003414626233279705,0.3425968885421753,0.7253679633140564,0.013751580379903316,0.0,0.0,0.0,0.0,0.0,0.0,0.0,0.0,0.0,0.0,0.0,0.0,0.0,0.0,0.0,0.0,0.0,0.0,0.0,0.0,0.0,0.0,0.0,0.0,0.0,0.0,0.0,0.0,0.0,0.0,0.0,0.0,0.0,0.0,0.0,0.0,0.0,0.0,0.0,0.0,0.0,0.0,0.0,0.0,0.0,0.0,0.0,0.0,0.0,0.0,0.0,0.0,0.0,0.0,0.0,0.0,0.0,0.0,0.0,0.0,0.0,0.0,0.0,we
0.19702661037445068,0.8350962400436401,5.994491516503331e-07,0.18986588716506958,0.7189120650291443,0.0044784462079405785,0.22935765981674194,0.6299322247505188,0.0031621975358575583,0.2811543345451355,0.6073967218399048,-0.0012441949220374227,0.3253244459629059,0.6182295680046082,-0.004918762948364019,0.2546878755092621,0.5601508021354675,-0.006470039952546358,0.30922460556030273,0.45646607875823975,-0.012199184857308865,0.3428959548473358,0.399455189704895,-0.014177089557051659,0.36826950311660767,0.3553467094898224,-0.015169532038271427,0.3014445900917053,0.5944586396217346,-0.012826035730540752,0.3679667115211487,0.5495333671569824,-0.013454822823405266,0.4030507206916809,0.52684086561203,-0.014164109714329243,0.42568135261535645,0.5043137669563293,-0.015056048519909382,0.3382490575313568,0.6458430290222168,-0.01757897064089775,0.34701400995254517,0.6554731130599976,-0.012938938103616238,0.3236096203327179,0.684496283531189,-0.007360741496086121,0.302071213722229,0.7036851644515991,-0.003506921697407961,0.3636325001716614,0.6999976634979248,-0.02337571233510971,0.36066412925720215,0.7123410701751709,-0.013942491263151169,0.3382912278175354,0.7353477478027344,-0.0027189701795578003,0.31981855630874634,0.7504454851150513,0.006349536124616861,0.0,0.0,0.0,0.0,0.0,0.0,0.0,0.0,0.0,0.0,0.0,0.0,0.0,0.0,0.0,0.0,0.0,0.0,0.0,0.0,0.0,0.0,0.0,0.0,0.0,0.0,0.0,0.0,0.0,0.0,0.0,0.0,0.0,0.0,0.0,0.0,0.0,0.0,0.0,0.0,0.0,0.0,0.0,0.0,0.0,0.0,0.0,0.0,0.0,0.0,0.0,0.0,0.0,0.0,0.0,0.0,0.0,0.0,0.0,0.0,0.0,0.0,0.0,we
0.17167222499847412,0.8115147352218628,5.048655680184311e-07,0.16482804715633392,0.6884428858757019,0.006229944992810488,0.2052154541015625,0.5980974435806274,0.0029218746349215508,0.25816768407821655,0.5751388669013977,-0.004114027600735426,0.2970990240573883,0.5921170115470886,-0.01038079522550106,0.23065894842147827,0.523735761642456,-0.005316748283803463,0.2818652391433716,0.424936980009079,-0.011632977053523064,0.3113517463207245,0.36889323592185974,-0.014215207658708096,0.33519819378852844,0.3245078921318054,-0.015843583270907402,0.2770054340362549,0.5576889514923096,-0.01497962512075901,0.34286007285118103,0.5159085392951965,-0.015509241260588169,0.3754042387008667,0.49998828768730164,-0.017206134274601936,0.3977057933807373,0.4830084443092346,-0.018425140529870987,0.3129287362098694,0.6099046468734741,-0.022822408005595207,0.3254770040512085,0.6215282678604126,-0.019532885402441025,0.2999421954154968,0.6511468887329102,-0.014257564209401608,0.2775877118110657,0.669867992401123,-0.009914522990584373,0.34023576974868774,0.6672313809394836,-0.03145886957645416,0.3366762399673462,0.6782426238059998,-0.02022002637386322,0.31368446350097656,0.7017103433609009,-0.006197489798069,0.29443398118019104,0.7169439196586609,0.004995010793209076,0.0,0.0,0.0,0.0,0.0,0.0,0.0,0.0,0.0,0.0,0.0,0.0,0.0,0.0,0.0,0.0,0.0,0.0,0.0,0.0,0.0,0.0,0.0,0.0,0.0,0.0,0.0,0.0,0.0,0.0,0.0,0.0,0.0,0.0,0.0,0.0,0.0,0.0,0.0,0.0,0.0,0.0,0.0,0.0,0.0,0.0,0.0,0.0,0.0,0.0,0.0,0.0,0.0,0.0,0.0,0.0,0.0,0.0,0.0,0.0,0.0,0.0,0.0,we
0.1596667766571045,0.8057101964950562,5.203439172873914e-07,0.14847175776958466,0.6817601919174194,0.008044625632464886,0.18632882833480835,0.5848032832145691,0.007250584661960602,0.2396945357322693,0.5508525371551514,0.0030711630824953318,0.28150418400764465,0.5603111386299133,0.0002902017440646887,0.19930478930473328,0.503829836845398,-0.0011401119409129024,0.2470075935125351,0.3958956301212311,-0.006136310286819935,0.27548396587371826,0.3341563940048218,-0.007491710130125284,0.2967257499694824,0.28517553210258484,-0.00801054947078228,0.24646364152431488,0.5361045598983765,-0.010846835561096668,0.3183470070362091,0.47726190090179443,-0.011176596395671368,0.3550396263599396,0.45651906728744507,-0.0123379435390234,0.3794900178909302,0.43643802404403687,-0.012723582796752453,0.2864237427711487,0.584844708442688,-0.018760470673441887,0.3181174695491791,0.582783043384552,-0.01455867849290371,0.29973649978637695,0.6142657995223999,-0.007731585297733545,0.2787335216999054,0.6341959834098816,-0.0020082558039575815,0.3172798752784729,0.6379992961883545,-0.027301175519824028,0.32852011919021606,0.6388120055198669,-0.013399805873632431,0.31092336773872375,0.6636465191841125,0.002350007416680455,0.29326826333999634,0.6802960634231567,0.01471726130694151,0.0,0.0,0.0,0.0,0.0,0.0,0.0,0.0,0.0,0.0,0.0,0.0,0.0,0.0,0.0,0.0,0.0,0.0,0.0,0.0,0.0,0.0,0.0,0.0,0.0,0.0,0.0,0.0,0.0,0.0,0.0,0.0,0.0,0.0,0.0,0.0,0.0,0.0,0.0,0.0,0.0,0.0,0.0,0.0,0.0,0.0,0.0,0.0,0.0,0.0,0.0,0.0,0.0,0.0,0.0,0.0,0.0,0.0,0.0,0.0,0.0,0.0,0.0,we
0.15607228875160217,0.8065314292907715,5.16412569595559e-07,0.1496695876121521,0.6809372901916504,0.009727676399052143,0.1875135451555252,0.5802409648895264,0.008945961482822895,0.23926687240600586,0.5490065813064575,0.0037751488853245974,0.2846701741218567,0.5615615248680115,-0.0008360755746252835,0.196851909160614,0.5079628229141235,-0.001984231872484088,0.24543628096580505,0.3972035050392151,-0.0077951764687895775,0.2735617160797119,0.3349809944629669,-0.00928514450788498,0.29419058561325073,0.2864355444908142,-0.009519267827272415,0.24494633078575134,0.537886917591095,-0.012840783223509789,0.31900638341903687,0.47884511947631836,-0.013140466064214706,0.35583552718162537,0.4538763761520386,-0.013673704117536545,0.37823253870010376,0.43189874291419983,-0.013863945379853249,0.28622007369995117,0.5846917629241943,-0.021885555237531662,0.31779226660728455,0.5839117169380188,-0.01740472950041294,0.29848185181617737,0.6157833933830261,-0.011943280696868896,0.2767503559589386,0.6362083554267883,-0.00763819320127368,0.3171354830265045,0.6364148259162903,-0.03151635453104973,0.3291868269443512,0.643940269947052,-0.0167537909001112,0.30960962176322937,0.6689938902854919,-0.002229327103123069,0.2908395826816559,0.6856105327606201,0.008503030054271221,0.0,0.0,0.0,0.0,0.0,0.0,0.0,0.0,0.0,0.0,0.0,0.0,0.0,0.0,0.0,0.0,0.0,0.0,0.0,0.0,0.0,0.0,0.0,0.0,0.0,0.0,0.0,0.0,0.0,0.0,0.0,0.0,0.0,0.0,0.0,0.0,0.0,0.0,0.0,0.0,0.0,0.0,0.0,0.0,0.0,0.0,0.0,0.0,0.0,0.0,0.0,0.0,0.0,0.0,0.0,0.0,0.0,0.0,0.0,0.0,0.0,0.0,0.0,we
0.1463644802570343,0.7960665822029114,5.618011869046313e-07,0.12980304658412933,0.665992021560669,0.014029028825461864,0.16265521943569183,0.5672092437744141,0.012476629577577114,0.21965999901294708,0.5144230723381042,0.007553895004093647,0.2683921754360199,0.5015166997909546,0.0039220647886395454,0.16607484221458435,0.4959288537502289,-0.009595702402293682,0.21054846048355103,0.373235821723938,-0.016839295625686646,0.23613333702087402,0.30208152532577515,-0.02048637345433235,0.25547364354133606,0.24397605657577515,-0.022937269881367683,0.21689411997795105,0.5280993580818176,-0.02173241786658764,0.2900725305080414,0.4448896050453186,-0.020164577290415764,0.33323007822036743,0.40614575147628784,-0.01995905116200447,0.3612605929374695,0.3743443191051483,-0.022029276937246323,0.2610083520412445,0.575839102268219,-0.03040582686662674,0.3068789541721344,0.5422155857086182,-0.02181624434888363,0.2938609719276428,0.5686537623405457,-0.00900984276086092,0.27301257848739624,0.5942668318748474,-0.0016012112610042095,0.29591161012649536,0.6275403499603271,-0.039260268211364746,0.317167192697525,0.6054782271385193,-0.02255403622984886,0.3015314042568207,0.6267300844192505,-0.0027444844599813223,0.28526443243026733,0.6505034565925598,0.011581318452954292,0.0,0.0,0.0,0.0,0.0,0.0,0.0,0.0,0.0,0.0,0.0,0.0,0.0,0.0,0.0,0.0,0.0,0.0,0.0,0.0,0.0,0.0,0.0,0.0,0.0,0.0,0.0,0.0,0.0,0.0,0.0,0.0,0.0,0.0,0.0,0.0,0.0,0.0,0.0,0.0,0.0,0.0,0.0,0.0,0.0,0.0,0.0,0.0,0.0,0.0,0.0,0.0,0.0,0.0,0.0,0.0,0.0,0.0,0.0,0.0,0.0,0.0,0.0,we
0.1423284262418747,0.7880135774612427,4.156820807565964e-07,0.14308291673660278,0.6659886837005615,0.01030244305729866,0.1871628314256668,0.5765001177787781,0.010453769937157631,0.23939701914787292,0.5554869174957275,0.005679630674421787,0.2843080759048462,0.5602965354919434,0.0006604763329960406,0.21409587562084198,0.5035933256149292,-0.0023692341055721045,0.2648073732852936,0.3980949819087982,-0.009247432462871075,0.29482534527778625,0.3412914574146271,-0.012296604923903942,0.3185444176197052,0.29798421263694763,-0.013793828897178173,0.2612481415271759,0.5416013598442078,-0.013668275438249111,0.32950329780578613,0.4971335530281067,-0.01499380636960268,0.36180830001831055,0.4875892400741577,-0.016966167837381363,0.382060706615448,0.4795532822608948,-0.018370799720287323,0.29655614495277405,0.5977029800415039,-0.022660231217741966,0.3093440532684326,0.6122449040412903,-0.01717066392302513,0.2849104106426239,0.6408734917640686,-0.011626665480434895,0.26171228289604187,0.6577535271644592,-0.00865169893950224,0.3184492588043213,0.6567437648773193,-0.03233052417635918,0.3158159554004669,0.6757875680923462,-0.020159674808382988,0.2929590046405792,0.7001131176948547,-0.00627856282517314,0.2747260332107544,0.7155883312225342,0.004145386628806591,0.0,0.0,0.0,0.0,0.0,0.0,0.0,0.0,0.0,0.0,0.0,0.0,0.0,0.0,0.0,0.0,0.0,0.0,0.0,0.0,0.0,0.0,0.0,0.0,0.0,0.0,0.0,0.0,0.0,0.0,0.0,0.0,0.0,0.0,0.0,0.0,0.0,0.0,0.0,0.0,0.0,0.0,0.0,0.0,0.0,0.0,0.0,0.0,0.0,0.0,0.0,0.0,0.0,0.0,0.0,0.0,0.0,0.0,0.0,0.0,0.0,0.0,0.0,we
0.15465974807739258,0.7935373187065125,3.237930457089533e-07,0.15865612030029297,0.6713677644729614,0.011685446836054325,0.20808935165405273,0.5845838189125061,0.013570725917816162,0.2580077350139618,0.5683396458625793,0.010251754894852638,0.30127981305122375,0.5848764181137085,0.007246064953505993,0.23845992982387543,0.5195192694664001,0.008417005650699139,0.29471272230148315,0.4316336214542389,0.009519875049591064,0.3251746594905853,0.382561057806015,0.010967319831252098,0.35167041420936584,0.34272500872612,0.0112641965970397,0.2835049331188202,0.5615476369857788,-0.001360824448056519,0.3379462659358978,0.5492449998855591,0.004954933188855648,0.3684234023094177,0.5524811148643494,0.004855528008192778,0.390806645154953,0.5471950769424438,0.0032095012720674276,0.3146776556968689,0.6221485733985901,-0.00920959748327732,0.314021497964859,0.6425163149833679,0.001277497154660523,0.2851361334323883,0.6714433431625366,0.004833060782402754,0.26030877232551575,0.6869362592697144,0.005345053039491177,0.33443617820739746,0.6806778311729431,-0.017550671473145485,0.3225143253803253,0.6965407133102417,-0.0018152539851143956,0.2976315915584564,0.7187970280647278,0.010537826456129551,0.2772164046764374,0.7341187596321106,0.01894233748316765,0.0,0.0,0.0,0.0,0.0,0.0,0.0,0.0,0.0,0.0,0.0,0.0,0.0,0.0,0.0,0.0,0.0,0.0,0.0,0.0,0.0,0.0,0.0,0.0,0.0,0.0,0.0,0.0,0.0,0.0,0.0,0.0,0.0,0.0,0.0,0.0,0.0,0.0,0.0,0.0,0.0,0.0,0.0,0.0,0.0,0.0,0.0,0.0,0.0,0.0,0.0,0.0,0.0,0.0,0.0,0.0,0.0,0.0,0.0,0.0,0.0,0.0,0.0,we
0.16800221800804138,0.8060251474380493,3.8229663346101006e-07,0.16131527721881866,0.6737499833106995,0.011578713543713093,0.20374040305614471,0.5835062265396118,0.01619909517467022,0.2530340850353241,0.5646893978118896,0.016200972720980644,0.2908453345298767,0.5835438966751099,0.016939930617809296,0.22863565385341644,0.5116831660270691,0.011106646619737148,0.27722012996673584,0.41556602716445923,0.01164968404918909,0.30551066994667053,0.361324280500412,0.013318235985934734,0.3278215527534485,0.3179309666156769,0.014526198618113995,0.27738744020462036,0.5473272800445557,0.0017706927610561252,0.33783525228500366,0.5124073028564453,0.0081549733877182,0.36983293294906616,0.5017061233520508,0.008189955726265907,0.392477810382843,0.48870962858200073,0.008171332068741322,0.3141290247440338,0.6009941101074219,-0.006232669577002525,0.3188466429710388,0.6172538995742798,0.0025450100656598806,0.2951464056968689,0.6458954811096191,0.003927462734282017,0.2738707959651947,0.6626497507095337,0.004877012223005295,0.3401552438735962,0.6573315858840942,-0.014777826145291328,0.32781466841697693,0.6762741804122925,-0.0008747780229896307,0.3060891330242157,0.6986415982246399,0.008946238085627556,0.2866080105304718,0.7133331894874573,0.016666995361447334,0.0,0.0,0.0,0.0,0.0,0.0,0.0,0.0,0.0,0.0,0.0,0.0,0.0,0.0,0.0,0.0,0.0,0.0,0.0,0.0,0.0,0.0,0.0,0.0,0.0,0.0,0.0,0.0,0.0,0.0,0.0,0.0,0.0,0.0,0.0,0.0,0.0,0.0,0.0,0.0,0.0,0.0,0.0,0.0,0.0,0.0,0.0,0.0,0.0,0.0,0.0,0.0,0.0,0.0,0.0,0.0,0.0,0.0,0.0,0.0,0.0,0.0,0.0,we
0.16266784071922302,0.8044419288635254,4.2079258832927735e-07,0.16130825877189636,0.6749857068061829,0.010042761452496052,0.2071993052959442,0.5837481021881104,0.011659039184451103,0.2581404149532318,0.5614694356918335,0.009019874967634678,0.2995438575744629,0.5753644108772278,0.007162082474678755,0.22643806040287018,0.5160743594169617,0.0038361388724297285,0.27887097001075745,0.41866445541381836,0.003570237662643194,0.3069174587726593,0.36547714471817017,0.004546527285128832,0.33031517267227173,0.32324421405792236,0.004742165096104145,0.27544134855270386,0.5494801998138428,-0.005293652880936861,0.33598658442497253,0.5184990763664246,0.001499177305959165,0.36849015951156616,0.5044817924499512,0.0015570473624393344,0.39073026180267334,0.4879639148712158,-0.00013249604671727866,0.31366151571273804,0.60158771276474,-0.012571083381772041,0.3182753026485443,0.6177458167076111,-0.0012764254352077842,0.29359641671180725,0.6464361548423767,0.0020447575952857733,0.27104422450065613,0.6630479693412781,0.002006770810112357,0.3400932252407074,0.6565901637077332,-0.020848473533988,0.3275729715824127,0.6780197024345398,-0.0055463844910264015,0.3036361038684845,0.7012548446655273,0.004949421156197786,0.2832724452018738,0.7164101600646973,0.0119700338691473,0.0,0.0,0.0,0.0,0.0,0.0,0.0,0.0,0.0,0.0,0.0,0.0,0.0,0.0,0.0,0.0,0.0,0.0,0.0,0.0,0.0,0.0,0.0,0.0,0.0,0.0,0.0,0.0,0.0,0.0,0.0,0.0,0.0,0.0,0.0,0.0,0.0,0.0,0.0,0.0,0.0,0.0,0.0,0.0,0.0,0.0,0.0,0.0,0.0,0.0,0.0,0.0,0.0,0.0,0.0,0.0,0.0,0.0,0.0,0.0,0.0,0.0,0.0,we
0.16402259469032288,0.8194873332977295,4.5445901264429267e-07,0.14649321138858795,0.6858549118041992,0.01866777427494526,0.17994630336761475,0.5870645642280579,0.020156823098659515,0.23747888207435608,0.533183753490448,0.018069718033075333,0.28644466400146484,0.5219466090202332,0.01696794107556343,0.19059216976165771,0.5099472403526306,-0.004591817501932383,0.2399541735649109,0.39162760972976685,-0.013296056538820267,0.2686224579811096,0.3206230401992798,-0.019914550706744194,0.2904575765132904,0.2623306214809418,-0.024445652961730957,0.24138036370277405,0.5433784127235413,-0.01653003692626953,0.31748703122138977,0.46631672978401184,-0.012121185660362244,0.3636872172355652,0.43500834703445435,-0.011043276637792587,0.3935588002204895,0.40662437677383423,-0.013054383918642998,0.28534090518951416,0.5912991166114807,-0.024898480623960495,0.3296971917152405,0.5481144189834595,-0.012612679041922092,0.3196728229522705,0.5758500695228577,0.0016981532098725438,0.30074846744537354,0.6042004227638245,0.009386612102389336,0.3200371265411377,0.6445590853691101,-0.03317639231681824,0.3393060564994812,0.6160203218460083,-0.014474213123321533,0.32322752475738525,0.6382384300231934,0.006003926042467356,0.30716896057128906,0.6645151376724243,0.020901408046483994,0.0,0.0,0.0,0.0,0.0,0.0,0.0,0.0,0.0,0.0,0.0,0.0,0.0,0.0,0.0,0.0,0.0,0.0,0.0,0.0,0.0,0.0,0.0,0.0,0.0,0.0,0.0,0.0,0.0,0.0,0.0,0.0,0.0,0.0,0.0,0.0,0.0,0.0,0.0,0.0,0.0,0.0,0.0,0.0,0.0,0.0,0.0,0.0,0.0,0.0,0.0,0.0,0.0,0.0,0.0,0.0,0.0,0.0,0.0,0.0,0.0,0.0,0.0,we
0.1581641137599945,0.8255385160446167,4.856685791310156e-07,0.15641765296459198,0.6908715963363647,0.015037691220641136,0.1989893764257431,0.5952126979827881,0.015685345977544785,0.2539590895175934,0.5648091435432434,0.011321207508444786,0.3008686900138855,0.5676192045211792,0.006618063431233168,0.21404320001602173,0.5249729156494141,-0.0036848951131105423,0.26650887727737427,0.4095674455165863,-0.009006854146718979,0.2978845536708832,0.3454591929912567,-0.010990285314619541,0.322715163230896,0.2951740026473999,-0.012234946712851524,0.2646973133087158,0.562739908695221,-0.016694825142621994,0.33808863162994385,0.4972767233848572,-0.014284147880971432,0.3778139352798462,0.4800194799900055,-0.015007968991994858,0.40387195348739624,0.46700048446655273,-0.017038561403751373,0.3069685399532318,0.6194775104522705,-0.026273541152477264,0.3300224244594574,0.6098592281341553,-0.018532123416662216,0.3092445135116577,0.6366627812385559,-0.011130117811262608,0.2858758270740509,0.6552393436431885,-0.007839241996407509,0.33628368377685547,0.6808354258537292,-0.03566942736506462,0.3403301537036896,0.6775414943695068,-0.019522255286574364,0.3188345432281494,0.7001438736915588,-0.0017540586413815618,0.2996683418750763,0.7194377183914185,0.010498913936316967,0.0,0.0,0.0,0.0,0.0,0.0,0.0,0.0,0.0,0.0,0.0,0.0,0.0,0.0,0.0,0.0,0.0,0.0,0.0,0.0,0.0,0.0,0.0,0.0,0.0,0.0,0.0,0.0,0.0,0.0,0.0,0.0,0.0,0.0,0.0,0.0,0.0,0.0,0.0,0.0,0.0,0.0,0.0,0.0,0.0,0.0,0.0,0.0,0.0,0.0,0.0,0.0,0.0,0.0,0.0,0.0,0.0,0.0,0.0,0.0,0.0,0.0,0.0,we
0.16630566120147705,0.8383495211601257,2.2018360823494731e-07,0.1692432165145874,0.7084639668464661,0.013275622390210629,0.21809914708137512,0.6174464225769043,0.01614077016711235,0.27060413360595703,0.5970050096511841,0.01402951218187809,0.3142971694469452,0.6069632172584534,0.012162822298705578,0.24417048692703247,0.5455406904220581,0.005049722269177437,0.3041560649871826,0.4425619840621948,0.0011983008589595556,0.3362848162651062,0.3825366497039795,0.0006986137595959008,0.35896873474121094,0.335830956697464,0.0007101796218194067,0.2904479205608368,0.5860502123832703,-0.005980256479233503,0.35207417607307434,0.557382345199585,-0.004488279577344656,0.3709104359149933,0.5652045607566833,-0.0043824901804327965,0.3811441659927368,0.5646689534187317,-0.004057542886584997,0.32598280906677246,0.6466934680938721,-0.014608873054385185,0.3346763253211975,0.6643533110618591,-0.009584130719304085,0.30729955434799194,0.6965835094451904,-0.003968887031078339,0.283237099647522,0.710368812084198,-0.0004517987836152315,0.3491767644882202,0.709287166595459,-0.023111676797270775,0.3442220985889435,0.7260337471961975,-0.009998156689107418,0.31822460889816284,0.7523331642150879,0.004954404663294554,0.2973398268222809,0.7673105597496033,0.01638895459473133,0.0,0.0,0.0,0.0,0.0,0.0,0.0,0.0,0.0,0.0,0.0,0.0,0.0,0.0,0.0,0.0,0.0,0.0,0.0,0.0,0.0,0.0,0.0,0.0,0.0,0.0,0.0,0.0,0.0,0.0,0.0,0.0,0.0,0.0,0.0,0.0,0.0,0.0,0.0,0.0,0.0,0.0,0.0,0.0,0.0,0.0,0.0,0.0,0.0,0.0,0.0,0.0,0.0,0.0,0.0,0.0,0.0,0.0,0.0,0.0,0.0,0.0,0.0,we
0.18050910532474518,0.8527240753173828,1.2136547411500942e-07,0.18872429430484772,0.7261047959327698,0.022474566474556923,0.2462538480758667,0.6422644853591919,0.035587046295404434,0.3009289503097534,0.6279433965682983,0.04312092810869217,0.34612783789634705,0.6542414426803589,0.05079064518213272,0.2880769968032837,0.5694324374198914,0.026682469993829727,0.3525908887386322,0.4903404116630554,0.04056793451309204,0.38757380843162537,0.44968903064727783,0.050389014184474945,0.41646599769592285,0.421572208404541,0.05614003539085388,0.3314765691757202,0.6168621182441711,0.01819286122918129,0.38297039270401,0.6215049624443054,0.0374356172978878,0.4073225259780884,0.6305298805236816,0.042056288570165634,0.4243672490119934,0.6293457746505737,0.04275541380047798,0.35974040627479553,0.6843295097351074,0.012829839251935482,0.3549896478652954,0.7123081684112549,0.034575387835502625,0.32747238874435425,0.7348560094833374,0.03591236099600792,0.3018389344215393,0.7455896735191345,0.03337694704532623,0.37581223249435425,0.7465119957923889,0.00819734763354063,0.3562377691268921,0.7670001983642578,0.02863621525466442,0.3322838544845581,0.7846925258636475,0.037050310522317886,0.3102549910545349,0.7977365851402283,0.04256105422973633,0.0,0.0,0.0,0.0,0.0,0.0,0.0,0.0,0.0,0.0,0.0,0.0,0.0,0.0,0.0,0.0,0.0,0.0,0.0,0.0,0.0,0.0,0.0,0.0,0.0,0.0,0.0,0.0,0.0,0.0,0.0,0.0,0.0,0.0,0.0,0.0,0.0,0.0,0.0,0.0,0.0,0.0,0.0,0.0,0.0,0.0,0.0,0.0,0.0,0.0,0.0,0.0,0.0,0.0,0.0,0.0,0.0,0.0,0.0,0.0,0.0,0.0,0.0,we
0.18398648500442505,0.8533393740653992,-2.2435035873513698e-07,0.18813633918762207,0.7244663238525391,0.016442779451608658,0.24869456887245178,0.6403430700302124,0.024616125971078873,0.31110841035842896,0.6222052574157715,0.02838512696325779,0.3623984754085541,0.6400116086006165,0.03217918053269386,0.2889794111251831,0.5743650794029236,0.013010310009121895,0.35323646664619446,0.4920685887336731,0.022838953882455826,0.3867754638195038,0.45062851905822754,0.03088533878326416,0.4147450923919678,0.420301616191864,0.03453187644481659,0.3342001140117645,0.6223782300949097,0.00459652254357934,0.3611082434654236,0.6255154013633728,0.017427606508135796,0.3487427830696106,0.6500048041343689,0.022360818460583687,0.33735814690589905,0.6603514552116394,0.023643970489501953,0.36265119910240173,0.6875767111778259,-0.0007885264931246638,0.35076388716697693,0.7003834247589111,0.012487615458667278,0.3213050961494446,0.7237135767936707,0.015908489003777504,0.29784682393074036,0.7342048287391663,0.014923503622412682,0.3788199722766876,0.7446081638336182,-0.0054447888396680355,0.3580129146575928,0.7510078549385071,0.010376011952757835,0.33153000473976135,0.7673935890197754,0.02004198171198368,0.3077200651168823,0.7785248160362244,0.026479728519916534,0.0,0.0,0.0,0.0,0.0,0.0,0.0,0.0,0.0,0.0,0.0,0.0,0.0,0.0,0.0,0.0,0.0,0.0,0.0,0.0,0.0,0.0,0.0,0.0,0.0,0.0,0.0,0.0,0.0,0.0,0.0,0.0,0.0,0.0,0.0,0.0,0.0,0.0,0.0,0.0,0.0,0.0,0.0,0.0,0.0,0.0,0.0,0.0,0.0,0.0,0.0,0.0,0.0,0.0,0.0,0.0,0.0,0.0,0.0,0.0,0.0,0.0,0.0,we
0.19124862551689148,0.834834635257721,4.173670618001779e-07,0.18959926068782806,0.6958228349685669,0.012244395911693573,0.23642417788505554,0.6031520366668701,0.015006418339908123,0.2910870313644409,0.5859603881835938,0.01346658542752266,0.33182868361473083,0.6090140342712402,0.013085025362670422,0.2637704610824585,0.525696873664856,0.007417542859911919,0.31976476311683655,0.42681771516799927,0.008632018230855465,0.35084858536720276,0.37125498056411743,0.012276089750230312,0.37723201513290405,0.328395813703537,0.014206585474312305,0.3134712278842926,0.567229688167572,-0.002813819097355008,0.3797975480556488,0.5340960621833801,0.0024381077382713556,0.4098144769668579,0.5303184986114502,0.004134895745664835,0.43290430307388306,0.521087646484375,0.005255557596683502,0.35061243176460266,0.6266599297523499,-0.011134152300655842,0.36408209800720215,0.6403527855873108,-0.0032617084216326475,0.33598342537879944,0.6717348694801331,0.0013133562169969082,0.31249290704727173,0.6882916688919067,0.004295429680496454,0.3771999776363373,0.6888620257377625,-0.01967065967619419,0.36865243315696716,0.7036041021347046,-0.005885177757591009,0.3454904854297638,0.7278863787651062,0.005770470481365919,0.3254513144493103,0.7414803504943848,0.014954236336052418,0.0,0.0,0.0,0.0,0.0,0.0,0.0,0.0,0.0,0.0,0.0,0.0,0.0,0.0,0.0,0.0,0.0,0.0,0.0,0.0,0.0,0.0,0.0,0.0,0.0,0.0,0.0,0.0,0.0,0.0,0.0,0.0,0.0,0.0,0.0,0.0,0.0,0.0,0.0,0.0,0.0,0.0,0.0,0.0,0.0,0.0,0.0,0.0,0.0,0.0,0.0,0.0,0.0,0.0,0.0,0.0,0.0,0.0,0.0,0.0,0.0,0.0,0.0,we
0.18828275799751282,0.8292500376701355,4.751377673528623e-07,0.17750690877437592,0.6863008737564087,0.01614595763385296,0.21616248786449432,0.5866298079490662,0.017856521531939507,0.2773457169532776,0.5438759326934814,0.015424303710460663,0.32597652077674866,0.5423049926757812,0.014492522925138474,0.23176635801792145,0.5049099326133728,0.003700799308717251,0.2857803702354431,0.39288270473480225,0.0013115121982991695,0.3156962990760803,0.3277875483036041,0.00031528485123999417,0.3381075859069824,0.27315062284469604,-0.0008611538796685636,0.2833087146282196,0.5438318252563477,-0.008400868624448776,0.3573465347290039,0.4771333336830139,-0.003105637850239873,0.39849069714546204,0.4522660970687866,-0.0022722603753209114,0.42648524045944214,0.4283308684825897,-0.0036508291959762573,0.32592588663101196,0.5989965200424194,-0.017591893672943115,0.36101093888282776,0.5690910220146179,-0.007876201532781124,0.3457711637020111,0.5996332168579102,0.0026852665469050407,0.3252047598361969,0.6255907416343689,0.008650185540318489,0.35949718952178955,0.6599067449569702,-0.026817062869668007,0.36875203251838684,0.6447709798812866,-0.010036532767117023,0.34998905658721924,0.6676967144012451,0.007698024623095989,0.3318285644054413,0.6898602843284607,0.020783215761184692,0.0,0.0,0.0,0.0,0.0,0.0,0.0,0.0,0.0,0.0,0.0,0.0,0.0,0.0,0.0,0.0,0.0,0.0,0.0,0.0,0.0,0.0,0.0,0.0,0.0,0.0,0.0,0.0,0.0,0.0,0.0,0.0,0.0,0.0,0.0,0.0,0.0,0.0,0.0,0.0,0.0,0.0,0.0,0.0,0.0,0.0,0.0,0.0,0.0,0.0,0.0,0.0,0.0,0.0,0.0,0.0,0.0,0.0,0.0,0.0,0.0,0.0,0.0,we
0.19199106097221375,0.8223440051078796,4.943026965520403e-07,0.17890746891498566,0.6820192933082581,0.015163588337600231,0.21876579523086548,0.5786307454109192,0.016159847378730774,0.27873003482818604,0.5353442430496216,0.013208945281803608,0.3318345546722412,0.5326197147369385,0.011363896541297436,0.226128488779068,0.5064602494239807,-0.0022237759549170732,0.2797083854675293,0.3784210681915283,-0.006813523359596729,0.30892300605773926,0.3079448342323303,-0.008430549874901772,0.33061155676841736,0.2505747079849243,-0.009787129238247871,0.27900266647338867,0.539314329624176,-0.012856054119765759,0.35672011971473694,0.466672420501709,-0.007403736934065819,0.3988034129142761,0.44208014011383057,-0.003471624804660678,0.423956960439682,0.4212228059768677,-0.0032821414060890675,0.3248659372329712,0.5887224674224854,-0.020692048594355583,0.3621680438518524,0.5534082651138306,-0.008617116138339043,0.34735241532325745,0.5837047696113586,0.003953314386308193,0.3250112533569336,0.6125872135162354,0.009814327582716942,0.3605574369430542,0.6423901915550232,-0.028970852494239807,0.370023250579834,0.6287294626235962,-0.011631835252046585,0.35120919346809387,0.6504923701286316,0.005408497992902994,0.3331136405467987,0.6731420755386353,0.017225464805960655,0.0,0.0,0.0,0.0,0.0,0.0,0.0,0.0,0.0,0.0,0.0,0.0,0.0,0.0,0.0,0.0,0.0,0.0,0.0,0.0,0.0,0.0,0.0,0.0,0.0,0.0,0.0,0.0,0.0,0.0,0.0,0.0,0.0,0.0,0.0,0.0,0.0,0.0,0.0,0.0,0.0,0.0,0.0,0.0,0.0,0.0,0.0,0.0,0.0,0.0,0.0,0.0,0.0,0.0,0.0,0.0,0.0,0.0,0.0,0.0,0.0,0.0,0.0,we
0.1943865865468979,0.8256987929344177,3.1084266538528027e-07,0.19753217697143555,0.6928818821907043,0.018750933930277824,0.24662058055400848,0.5980654954910278,0.02272886410355568,0.30331239104270935,0.5791996717453003,0.020218761637806892,0.3510541021823883,0.5916074514389038,0.01779712364077568,0.27256178855895996,0.5210684537887573,0.00823251809924841,0.3291876018047333,0.4056967496871948,0.0073891133069992065,0.3629687428474426,0.3505402207374573,0.009711405262351036,0.3878665864467621,0.3138714134693146,0.012090745382010937,0.31926581263542175,0.5613473653793335,-0.0053535751067101955,0.39563673734664917,0.5233370065689087,-0.0003701360255945474,0.4251558780670166,0.5215493440628052,0.0007141057285480201,0.44178536534309387,0.515619158744812,0.001186253852210939,0.3565318286418915,0.6231297254562378,-0.015735192224383354,0.3780333399772644,0.640993595123291,-0.004844376351684332,0.35324305295944214,0.6726776361465454,0.0019979989156126976,0.3277384340763092,0.6878492832183838,0.005218046251684427,0.38294517993927,0.6889962553977966,-0.025718897581100464,0.3849864602088928,0.7084423303604126,-0.006734620314091444,0.3628849685192108,0.7326259613037109,0.011086013168096542,0.3423139750957489,0.7463776469230652,0.02394242212176323,0.0,0.0,0.0,0.0,0.0,0.0,0.0,0.0,0.0,0.0,0.0,0.0,0.0,0.0,0.0,0.0,0.0,0.0,0.0,0.0,0.0,0.0,0.0,0.0,0.0,0.0,0.0,0.0,0.0,0.0,0.0,0.0,0.0,0.0,0.0,0.0,0.0,0.0,0.0,0.0,0.0,0.0,0.0,0.0,0.0,0.0,0.0,0.0,0.0,0.0,0.0,0.0,0.0,0.0,0.0,0.0,0.0,0.0,0.0,0.0,0.0,0.0,0.0,we
0.1961318403482437,0.8279954195022583,-8.305213583525983e-08,0.20001958310604095,0.689160168170929,0.017867188900709152,0.24916031956672668,0.5914826393127441,0.021338291466236115,0.3051674962043762,0.5707970857620239,0.01933469995856285,0.3512108623981476,0.5905852317810059,0.01728309690952301,0.2754862606525421,0.5209320783615112,0.002644716762006283,0.3330700993537903,0.4065243899822235,0.00026306515792384744,0.36175069212913513,0.35177162289619446,0.0033188099041581154,0.3803480267524719,0.3123316168785095,0.0053640794940292835,0.3227211833000183,0.5616164803504944,-0.011249208822846413,0.3855786621570587,0.5359088778495789,-0.010130658745765686,0.37837880849838257,0.5691134333610535,-0.004978029988706112,0.36385446786880493,0.5839806795120239,-0.0002014924684772268,0.3604356050491333,0.6239314079284668,-0.02204733155667782,0.3764001727104187,0.6378663182258606,-0.015689818188548088,0.3514881134033203,0.6699762344360352,-0.0065433853305876255,0.32897713780403137,0.6771976351737976,-0.0015931130619719625,0.38593989610671997,0.688920259475708,-0.032136354595422745,0.38583138585090637,0.7015514373779297,-0.015400459058582783,0.3621949255466461,0.7247310876846313,0.0020620175637304783,0.3395876884460449,0.7332379817962646,0.014509602449834347,0.0,0.0,0.0,0.0,0.0,0.0,0.0,0.0,0.0,0.0,0.0,0.0,0.0,0.0,0.0,0.0,0.0,0.0,0.0,0.0,0.0,0.0,0.0,0.0,0.0,0.0,0.0,0.0,0.0,0.0,0.0,0.0,0.0,0.0,0.0,0.0,0.0,0.0,0.0,0.0,0.0,0.0,0.0,0.0,0.0,0.0,0.0,0.0,0.0,0.0,0.0,0.0,0.0,0.0,0.0,0.0,0.0,0.0,0.0,0.0,0.0,0.0,0.0,we
0.20360803604125977,0.8323330283164978,7.772101184855273e-08,0.22688475251197815,0.7027475237846375,0.019519023597240448,0.28960922360420227,0.6257768273353577,0.027462663128972054,0.35031136870384216,0.6190935969352722,0.028707357123494148,0.4014309048652649,0.6514383554458618,0.030172934755682945,0.3273829221725464,0.5582305192947388,0.02165571227669716,0.39133593440055847,0.47768542170524597,0.028125952929258347,0.4279002845287323,0.4414302110671997,0.03326005861163139,0.45877155661582947,0.4143597483634949,0.035909898579120636,0.36564022302627563,0.606624960899353,0.009702641516923904,0.43126046657562256,0.6144160032272339,0.019386986270546913,0.4496438205242157,0.6319247484207153,0.02152775041759014,0.4591449499130249,0.6344923377037048,0.02191014774143696,0.3918550908565521,0.6734563708305359,0.00017598964041098952,0.3987255096435547,0.7114145159721375,0.013747620396316051,0.36595574021339417,0.737201452255249,0.016691379249095917,0.33661720156669617,0.7439053654670715,0.016741517931222916,0.4071531593799591,0.7379174828529358,-0.0091550312936306,0.3986375331878662,0.7643072009086609,0.008367686532437801,0.37185853719711304,0.7835795283317566,0.019481901079416275,0.3476480543613434,0.7922134399414062,0.027111558243632317,0.0,0.0,0.0,0.0,0.0,0.0,0.0,0.0,0.0,0.0,0.0,0.0,0.0,0.0,0.0,0.0,0.0,0.0,0.0,0.0,0.0,0.0,0.0,0.0,0.0,0.0,0.0,0.0,0.0,0.0,0.0,0.0,0.0,0.0,0.0,0.0,0.0,0.0,0.0,0.0,0.0,0.0,0.0,0.0,0.0,0.0,0.0,0.0,0.0,0.0,0.0,0.0,0.0,0.0,0.0,0.0,0.0,0.0,0.0,0.0,0.0,0.0,0.0,we
0.21303392946720123,0.8154723644256592,3.878879795138346e-07,0.21629752218723297,0.6805295348167419,0.01095367968082428,0.26500630378723145,0.5962334275245667,0.010834845714271069,0.31973981857299805,0.578488290309906,0.006835754495114088,0.3583905100822449,0.605187177658081,0.0032698221039026976,0.3014419674873352,0.5202538967132568,-0.002536754822358489,0.36403387784957886,0.42544591426849365,-0.006300979293882847,0.3989362418651581,0.37209638953208923,-0.005158569663763046,0.42450952529907227,0.3310926556587219,-0.004245575517416,0.34922730922698975,0.564098060131073,-0.01305555272847414,0.4217401444911957,0.5370768308639526,-0.009671156294643879,0.4488638639450073,0.5481916666030884,-0.006889525800943375,0.46676650643348694,0.5541388392448425,-0.004915356170386076,0.38246598839759827,0.6276558637619019,-0.02117854729294777,0.39314520359039307,0.6478986144065857,-0.013432417996227741,0.36572784185409546,0.6759145855903625,-0.005216062068939209,0.3444793224334717,0.6894741654396057,-0.00026807872927747667,0.4054379463195801,0.6934711337089539,-0.029731029644608498,0.3963586688041687,0.7114729285240173,-0.01499098725616932,0.3731038272380829,0.7326074838638306,0.00019156132475472987,0.35329669713974,0.7435509562492371,0.01182427816092968,0.0,0.0,0.0,0.0,0.0,0.0,0.0,0.0,0.0,0.0,0.0,0.0,0.0,0.0,0.0,0.0,0.0,0.0,0.0,0.0,0.0,0.0,0.0,0.0,0.0,0.0,0.0,0.0,0.0,0.0,0.0,0.0,0.0,0.0,0.0,0.0,0.0,0.0,0.0,0.0,0.0,0.0,0.0,0.0,0.0,0.0,0.0,0.0,0.0,0.0,0.0,0.0,0.0,0.0,0.0,0.0,0.0,0.0,0.0,0.0,0.0,0.0,0.0,we
0.20756106078624725,0.8163766860961914,4.0912578924690024e-07,0.2059449702501297,0.6798456907272339,0.01501241885125637,0.2517907917499542,0.5863425731658936,0.016709493473172188,0.3124697506427765,0.5593206882476807,0.013471369631588459,0.3590796887874603,0.5741051435470581,0.011384044773876667,0.27128586173057556,0.5058164596557617,0.009362095035612583,0.3253430128097534,0.40012165904045105,0.008167630061507225,0.3578076660633087,0.3432922959327698,0.009733871556818485,0.3823348879814148,0.29847267270088196,0.011043833568692207,0.3182908594608307,0.5429136753082275,-0.003027999075129628,0.39546096324920654,0.49385780096054077,0.0014167958870530128,0.4309764802455902,0.48643332719802856,0.0029713031835854053,0.4541638493537903,0.47677305340766907,0.004262842703610659,0.3560582995414734,0.5988869071006775,-0.013346298597753048,0.38728901743888855,0.596373975276947,-0.005821166560053825,0.36370205879211426,0.6300559639930725,0.0020455503836274147,0.3413865566253662,0.6505966782569885,0.007775239180773497,0.38575488328933716,0.6605187058448792,-0.023586496710777283,0.39240169525146484,0.6628007292747498,-0.006532726809382439,0.37067702412605286,0.6882516741752625,0.010774022899568081,0.35168522596359253,0.7060770392417908,0.023892629891633987,0.0,0.0,0.0,0.0,0.0,0.0,0.0,0.0,0.0,0.0,0.0,0.0,0.0,0.0,0.0,0.0,0.0,0.0,0.0,0.0,0.0,0.0,0.0,0.0,0.0,0.0,0.0,0.0,0.0,0.0,0.0,0.0,0.0,0.0,0.0,0.0,0.0,0.0,0.0,0.0,0.0,0.0,0.0,0.0,0.0,0.0,0.0,0.0,0.0,0.0,0.0,0.0,0.0,0.0,0.0,0.0,0.0,0.0,0.0,0.0,0.0,0.0,0.0,we
0.1986682265996933,0.8167903423309326,3.9745012259118084e-07,0.1895686835050583,0.6805358529090881,0.01805085688829422,0.2280522584915161,0.5835635662078857,0.02104920893907547,0.2887571156024933,0.5497822165489197,0.019967712461948395,0.3387381136417389,0.5566263198852539,0.019192954525351524,0.2469216287136078,0.502397894859314,0.003565870225429535,0.30265694856643677,0.38813984394073486,0.004880622960627079,0.3340110182762146,0.32553982734680176,0.006599669810384512,0.3572598695755005,0.2736687958240509,0.007153038401156664,0.29683253169059753,0.5380406975746155,-0.00661663431674242,0.3738059401512146,0.4809397757053375,0.00657223304733634,0.40957704186439514,0.46746090054512024,0.013040457852184772,0.4305051565170288,0.45051485300064087,0.014190107583999634,0.3397105038166046,0.5938323736190796,-0.013641675002872944,0.3719088137149811,0.5702581405639648,0.005086593795567751,0.354889452457428,0.5998196005821228,0.01600368693470955,0.33354681730270386,0.6235865950584412,0.019338425248861313,0.37324535846710205,0.6550998687744141,-0.020513448864221573,0.37745240330696106,0.6438846588134766,0.003486677072942257,0.3571939766407013,0.6651480793952942,0.021623648703098297,0.33863455057144165,0.6865938901901245,0.03301142156124115,0.0,0.0,0.0,0.0,0.0,0.0,0.0,0.0,0.0,0.0,0.0,0.0,0.0,0.0,0.0,0.0,0.0,0.0,0.0,0.0,0.0,0.0,0.0,0.0,0.0,0.0,0.0,0.0,0.0,0.0,0.0,0.0,0.0,0.0,0.0,0.0,0.0,0.0,0.0,0.0,0.0,0.0,0.0,0.0,0.0,0.0,0.0,0.0,0.0,0.0,0.0,0.0,0.0,0.0,0.0,0.0,0.0,0.0,0.0,0.0,0.0,0.0,0.0,we
0.19883590936660767,0.8147231936454773,4.1642212522674527e-07,0.19394022226333618,0.6783818006515503,0.018313949927687645,0.2347681075334549,0.5799299478530884,0.022292450070381165,0.2928120195865631,0.547696053981781,0.021817227825522423,0.34351322054862976,0.5517793297767639,0.022223588079214096,0.24766188859939575,0.5041492581367493,0.0059886109083890915,0.30407530069351196,0.3870445489883423,0.008585205301642418,0.33433765172958374,0.3266165256500244,0.011569794267416,0.35789209604263306,0.27714139223098755,0.012661210261285305,0.29783132672309875,0.5409380197525024,-0.004855036269873381,0.37328028678894043,0.48232871294021606,0.006652457173913717,0.4121597111225128,0.4641868770122528,0.012276506051421165,0.43634429574012756,0.444973886013031,0.012587899342179298,0.3402782678604126,0.5966153144836426,-0.012659680098295212,0.3709297478199005,0.5692410469055176,0.004265724681317806,0.35102471709251404,0.5997833013534546,0.0156203368678689,0.3263953626155853,0.6245533227920532,0.019245753064751625,0.3722919821739197,0.6566933989524841,-0.02051813155412674,0.3766399919986725,0.644336462020874,-0.0009810480987653136,0.35666996240615845,0.6639668941497803,0.015044678002595901,0.3374418020248413,0.6830365657806396,0.02531043440103531,0.0,0.0,0.0,0.0,0.0,0.0,0.0,0.0,0.0,0.0,0.0,0.0,0.0,0.0,0.0,0.0,0.0,0.0,0.0,0.0,0.0,0.0,0.0,0.0,0.0,0.0,0.0,0.0,0.0,0.0,0.0,0.0,0.0,0.0,0.0,0.0,0.0,0.0,0.0,0.0,0.0,0.0,0.0,0.0,0.0,0.0,0.0,0.0,0.0,0.0,0.0,0.0,0.0,0.0,0.0,0.0,0.0,0.0,0.0,0.0,0.0,0.0,0.0,we
0.20151689648628235,0.8136594891548157,2.7869799623658764e-07,0.20461830496788025,0.682626485824585,0.017285360023379326,0.24881109595298767,0.5909441709518433,0.019552459940314293,0.3000182807445526,0.5667290687561035,0.015811441466212273,0.34799209237098694,0.5803678631782532,0.012248305603861809,0.2772386074066162,0.517867386341095,0.0073388610035181046,0.3319399058818817,0.4130750298500061,0.008420257829129696,0.3618413507938385,0.3609637916088104,0.011873971670866013,0.38602107763290405,0.3232225775718689,0.014064157381653786,0.32161322236061096,0.5602594017982483,-0.005493393633514643,0.3904772102832794,0.517047107219696,0.002007380360737443,0.41493088006973267,0.5175473690032959,0.005590720102190971,0.42946428060531616,0.5178065299987793,0.006603071931749582,0.3578316867351532,0.6212688684463501,-0.015510938130319118,0.3764931559562683,0.6274242401123047,-0.0020823830273002386,0.3528133034706116,0.6558190584182739,0.006139825563877821,0.3304916024208069,0.6746053099632263,0.008796521462500095,0.3831871747970581,0.6842781901359558,-0.025621799752116203,0.38538169860839844,0.6932054162025452,-0.00510790478438139,0.36364468932151794,0.716036319732666,0.01183211151510477,0.34510940313339233,0.7341163158416748,0.022806396707892418,0.0,0.0,0.0,0.0,0.0,0.0,0.0,0.0,0.0,0.0,0.0,0.0,0.0,0.0,0.0,0.0,0.0,0.0,0.0,0.0,0.0,0.0,0.0,0.0,0.0,0.0,0.0,0.0,0.0,0.0,0.0,0.0,0.0,0.0,0.0,0.0,0.0,0.0,0.0,0.0,0.0,0.0,0.0,0.0,0.0,0.0,0.0,0.0,0.0,0.0,0.0,0.0,0.0,0.0,0.0,0.0,0.0,0.0,0.0,0.0,0.0,0.0,0.0,we
0.21126346290111542,0.8234987258911133,-5.459651930550535e-08,0.2280115783214569,0.6933637261390686,0.023354409262537956,0.28355276584625244,0.6146464943885803,0.03225502371788025,0.3377596139907837,0.6096285581588745,0.033757105469703674,0.3837662935256958,0.6472067832946777,0.03455737978219986,0.31771987676620483,0.5504389405250549,0.022077035158872604,0.3803897202014923,0.4710925817489624,0.028391914442181587,0.41403067111968994,0.4412296414375305,0.03447873890399933,0.4405493140220642,0.42179280519485474,0.03788601979613304,0.357149213552475,0.5930609107017517,0.008229122497141361,0.42338404059410095,0.5996941328048706,0.017282722517848015,0.4264388680458069,0.6288661360740662,0.02074422873556614,0.4205968976020813,0.6409093141555786,0.02318067103624344,0.3867531418800354,0.6559014916419983,-0.0026999337133020163,0.39938199520111084,0.6948525309562683,0.010994416661560535,0.3709580600261688,0.7241712212562561,0.014245155267417431,0.3456466495990753,0.7309501767158508,0.014356547966599464,0.40636181831359863,0.7181870937347412,-0.012917122803628445,0.40198567509651184,0.749994158744812,0.005117885768413544,0.3760643005371094,0.7725977897644043,0.016304433345794678,0.35206642746925354,0.7822421789169312,0.023947153240442276,0.0,0.0,0.0,0.0,0.0,0.0,0.0,0.0,0.0,0.0,0.0,0.0,0.0,0.0,0.0,0.0,0.0,0.0,0.0,0.0,0.0,0.0,0.0,0.0,0.0,0.0,0.0,0.0,0.0,0.0,0.0,0.0,0.0,0.0,0.0,0.0,0.0,0.0,0.0,0.0,0.0,0.0,0.0,0.0,0.0,0.0,0.0,0.0,0.0,0.0,0.0,0.0,0.0,0.0,0.0,0.0,0.0,0.0,0.0,0.0,0.0,0.0,0.0,we
0.21693624556064606,0.8263329267501831,-7.377584765322354e-09,0.2302612066268921,0.700471818447113,0.02521611750125885,0.28402644395828247,0.6214697957038879,0.03510606288909912,0.34252727031707764,0.6063960194587708,0.03917368873953819,0.3865399658679962,0.627328097820282,0.04304419830441475,0.3196242153644562,0.5545351505279541,0.01904119737446308,0.3858785629272461,0.48114705085754395,0.031988006085157394,0.4193480908870697,0.4477895498275757,0.04191116988658905,0.4477808475494385,0.42312389612197876,0.046607520431280136,0.3623982071876526,0.5986692309379578,0.006639163009822369,0.42399224638938904,0.6075342893600464,0.026741771027445793,0.42732805013656616,0.6341630816459656,0.035654667764902115,0.4232454001903534,0.6454405188560486,0.038253143429756165,0.39190229773521423,0.6624324917793274,-0.001976948231458664,0.4056234359741211,0.6913295388221741,0.02150503545999527,0.37907904386520386,0.7156988382339478,0.03000999055802822,0.35458076000213623,0.7222562432289124,0.02968711033463478,0.41075778007507324,0.7239449620246887,-0.009803222492337227,0.4086751639842987,0.7453469038009644,0.015502078458666801,0.3836232125759125,0.7637079358100891,0.029983824118971825,0.35944193601608276,0.7716803550720215,0.037676356732845306,0.0,0.0,0.0,0.0,0.0,0.0,0.0,0.0,0.0,0.0,0.0,0.0,0.0,0.0,0.0,0.0,0.0,0.0,0.0,0.0,0.0,0.0,0.0,0.0,0.0,0.0,0.0,0.0,0.0,0.0,0.0,0.0,0.0,0.0,0.0,0.0,0.0,0.0,0.0,0.0,0.0,0.0,0.0,0.0,0.0,0.0,0.0,0.0,0.0,0.0,0.0,0.0,0.0,0.0,0.0,0.0,0.0,0.0,0.0,0.0,0.0,0.0,0.0,we
0.21848483383655548,0.8244237303733826,7.519714273485079e-08,0.2308804839849472,0.6994664669036865,0.024550562724471092,0.28339922428131104,0.6218467354774475,0.03375329449772835,0.34163227677345276,0.6073641180992126,0.03735531494021416,0.38557595014572144,0.6303104162216187,0.04082902520895004,0.3191470205783844,0.5558521747589111,0.017765413969755173,0.38637951016426086,0.4810509979724884,0.030355477705597878,0.4209018349647522,0.4478468596935272,0.040391452610492706,0.45002323389053345,0.4246704578399658,0.04570572078227997,0.3619197607040405,0.5997161865234375,0.006696206517517567,0.4220588207244873,0.6073307394981384,0.028029058128595352,0.4316897392272949,0.6298763751983643,0.03741294518113136,0.43471622467041016,0.6385073661804199,0.04014500230550766,0.3914828300476074,0.6628702878952026,-0.0005786792607977986,0.4012981653213501,0.6912264227867126,0.02392391860485077,0.3744131028652191,0.7148302793502808,0.032336730509996414,0.3501235842704773,0.7229158878326416,0.03214491158723831,0.4107130467891693,0.7237499952316284,-0.00710497098043561,0.4065861105918884,0.744570255279541,0.018500711768865585,0.382116436958313,0.7624570727348328,0.03273634985089302,0.35856392979621887,0.7712907195091248,0.04061412066221237,0.0,0.0,0.0,0.0,0.0,0.0,0.0,0.0,0.0,0.0,0.0,0.0,0.0,0.0,0.0,0.0,0.0,0.0,0.0,0.0,0.0,0.0,0.0,0.0,0.0,0.0,0.0,0.0,0.0,0.0,0.0,0.0,0.0,0.0,0.0,0.0,0.0,0.0,0.0,0.0,0.0,0.0,0.0,0.0,0.0,0.0,0.0,0.0,0.0,0.0,0.0,0.0,0.0,0.0,0.0,0.0,0.0,0.0,0.0,0.0,0.0,0.0,0.0,we
0.22042761743068695,0.8245136737823486,3.5401447462390934e-07,0.22862809896469116,0.6973729133605957,0.017391551285982132,0.27487894892692566,0.613418459892273,0.01982051134109497,0.3318565785884857,0.59619140625,0.01719273068010807,0.37384864687919617,0.6238902807235718,0.014799886383116245,0.3037971556186676,0.5432120561599731,0.007523576728999615,0.3697013854980469,0.4590300917625427,0.008377520367503166,0.4056996703147888,0.41960740089416504,0.011629989370703697,0.4312439262866974,0.3889661431312561,0.014148484915494919,0.3482905626296997,0.5849406123161316,-0.005226281471550465,0.42884695529937744,0.5644748210906982,0.003274966962635517,0.4559972882270813,0.5753032565116882,0.008300293236970901,0.4685332775115967,0.5775014162063599,0.011561253108084202,0.38143348693847656,0.643949568271637,-0.015384318307042122,0.40578076243400574,0.6586701273918152,-0.00446053221821785,0.3830326795578003,0.6871514320373535,0.0025875759311020374,0.3604077696800232,0.7024282813072205,0.006539421156048775,0.4054620862007141,0.7054007649421692,-0.025101739913225174,0.40838703513145447,0.7208016514778137,-0.0071534933522343636,0.38443052768707275,0.7421406507492065,0.008475192822515965,0.3621833026409149,0.7560489177703857,0.019986800849437714,0.0,0.0,0.0,0.0,0.0,0.0,0.0,0.0,0.0,0.0,0.0,0.0,0.0,0.0,0.0,0.0,0.0,0.0,0.0,0.0,0.0,0.0,0.0,0.0,0.0,0.0,0.0,0.0,0.0,0.0,0.0,0.0,0.0,0.0,0.0,0.0,0.0,0.0,0.0,0.0,0.0,0.0,0.0,0.0,0.0,0.0,0.0,0.0,0.0,0.0,0.0,0.0,0.0,0.0,0.0,0.0,0.0,0.0,0.0,0.0,0.0,0.0,0.0,we
0.2170143723487854,0.8406795263290405,3.7501331462408416e-07,0.20650795102119446,0.7090659141540527,0.01648399978876114,0.24222023785114288,0.6155088543891907,0.018882522359490395,0.29889586567878723,0.582362949848175,0.016892001032829285,0.34340670704841614,0.5940332412719727,0.015694769099354744,0.25652971863746643,0.5383419990539551,0.0034045055508613586,0.3107259273529053,0.42463937401771545,0.0033528367057442665,0.34369564056396484,0.36463338136672974,0.00707953330129385,0.3678216338157654,0.31751641631126404,0.010182267986238003,0.3062436282634735,0.5708512663841248,-0.0077376230619847775,0.3813789188861847,0.5049413442611694,-0.0013027588138356805,0.4156278669834137,0.49435997009277344,0.003105344483628869,0.43553027510643005,0.4854251742362976,0.006434008479118347,0.34874865412712097,0.6220436096191406,-0.01593327894806862,0.3834669888019562,0.6077701449394226,-0.0054893190972507,0.36670631170272827,0.6401143670082092,0.0036248681135475636,0.34659937024116516,0.6641016602516174,0.00990750640630722,0.38295552134513855,0.679722011089325,-0.02368507906794548,0.39472073316574097,0.6725677847862244,-0.00461621442809701,0.3783758580684662,0.6982381343841553,0.013020193204283714,0.3610261082649231,0.7206443548202515,0.026428665965795517,0.0,0.0,0.0,0.0,0.0,0.0,0.0,0.0,0.0,0.0,0.0,0.0,0.0,0.0,0.0,0.0,0.0,0.0,0.0,0.0,0.0,0.0,0.0,0.0,0.0,0.0,0.0,0.0,0.0,0.0,0.0,0.0,0.0,0.0,0.0,0.0,0.0,0.0,0.0,0.0,0.0,0.0,0.0,0.0,0.0,0.0,0.0,0.0,0.0,0.0,0.0,0.0,0.0,0.0,0.0,0.0,0.0,0.0,0.0,0.0,0.0,0.0,0.0,we
0.21878430247306824,0.8579487800598145,3.4058717801599414e-07,0.1970476657152176,0.7263545393943787,0.01371664460748434,0.22544731199741364,0.6208029389381409,0.015635181218385696,0.27968019247055054,0.5764666199684143,0.013889419846236706,0.32748743891716003,0.5766435265541077,0.012887971475720406,0.23575791716575623,0.5414397716522217,0.0015750000020489097,0.281216561794281,0.4220450222492218,-0.00015558564336970448,0.308113157749176,0.35903826355934143,0.0009473275858908892,0.3284355700016022,0.3094800114631653,0.0019856183789670467,0.28822001814842224,0.5686480402946472,-0.008002107962965965,0.35610225796699524,0.5009037852287292,-0.0009797868551686406,0.3880261778831482,0.48504936695098877,0.0033446636516600847,0.4064173102378845,0.4692698121070862,0.005074922926723957,0.3358023166656494,0.6141185760498047,-0.015087342821061611,0.3654789924621582,0.5879972577095032,-0.005004984326660633,0.35225412249565125,0.6193808913230896,0.004003466106951237,0.33400076627731323,0.6459750533103943,0.009001133032143116,0.37540140748023987,0.6654629707336426,-0.022045226767659187,0.37999042868614197,0.6520297527313232,-0.004721739795058966,0.3633278012275696,0.6776498556137085,0.012019692920148373,0.3474999666213989,0.7019953727722168,0.024257700890302658,0.0,0.0,0.0,0.0,0.0,0.0,0.0,0.0,0.0,0.0,0.0,0.0,0.0,0.0,0.0,0.0,0.0,0.0,0.0,0.0,0.0,0.0,0.0,0.0,0.0,0.0,0.0,0.0,0.0,0.0,0.0,0.0,0.0,0.0,0.0,0.0,0.0,0.0,0.0,0.0,0.0,0.0,0.0,0.0,0.0,0.0,0.0,0.0,0.0,0.0,0.0,0.0,0.0,0.0,0.0,0.0,0.0,0.0,0.0,0.0,0.0,0.0,0.0,we
0.23304951190948486,0.8636186718940735,2.9794182410114445e-07,0.19962948560714722,0.7334610223770142,0.017799844965338707,0.21362349390983582,0.6306255459785461,0.022710395976901054,0.261898934841156,0.5841985940933228,0.022872690111398697,0.3085961937904358,0.5777456164360046,0.023608345538377762,0.2221955955028534,0.5617285370826721,0.01003776490688324,0.24985161423683167,0.42849260568618774,0.011743215844035149,0.268147349357605,0.35822978615760803,0.015520290471613407,0.28198784589767456,0.3029380738735199,0.01884905807673931,0.2765292525291443,0.5794545412063599,0.0008412790484726429,0.32456061244010925,0.48468613624572754,0.01063532941043377,0.352110892534256,0.45069649815559387,0.015172210521996021,0.3697645366191864,0.427568644285202,0.017298700287938118,0.32714271545410156,0.6144571900367737,-0.005700591951608658,0.3429400324821472,0.5667679905891418,0.00916781835258007,0.3308448791503906,0.5938922166824341,0.016851993277668953,0.3157340884208679,0.624996542930603,0.020454296842217445,0.36966028809547424,0.6555888056755066,-0.01188344694674015,0.3629200756549835,0.6276699304580688,0.009567511267960072,0.3462885618209839,0.6483796834945679,0.025486977770924568,0.3331525921821594,0.6752999424934387,0.036607738584280014,0.0,0.0,0.0,0.0,0.0,0.0,0.0,0.0,0.0,0.0,0.0,0.0,0.0,0.0,0.0,0.0,0.0,0.0,0.0,0.0,0.0,0.0,0.0,0.0,0.0,0.0,0.0,0.0,0.0,0.0,0.0,0.0,0.0,0.0,0.0,0.0,0.0,0.0,0.0,0.0,0.0,0.0,0.0,0.0,0.0,0.0,0.0,0.0,0.0,0.0,0.0,0.0,0.0,0.0,0.0,0.0,0.0,0.0,0.0,0.0,0.0,0.0,0.0,we
0.2335217148065567,0.8585140705108643,4.079878408447257e-07,0.19998762011528015,0.7339996695518494,0.01466495729982853,0.21594342589378357,0.6316126585006714,0.015403087250888348,0.2646446228027344,0.5797936320304871,0.01247404981404543,0.31321901082992554,0.5675777792930603,0.01021421980112791,0.22073239088058472,0.5674585700035095,-0.002987929619848728,0.2510678768157959,0.43145716190338135,-0.005423528142273426,0.27073508501052856,0.36037540435791016,-0.0037800492718815804,0.2846095860004425,0.3043530583381653,-0.0019791254308074713,0.2770969867706299,0.5845258235931396,-0.011946315877139568,0.32871609926223755,0.48522549867630005,-0.005744004622101784,0.35625940561294556,0.44757843017578125,-0.0002983666199725121,0.37224099040031433,0.4228403568267822,0.0022567566484212875,0.3287634253501892,0.6178168058395386,-0.01785694621503353,0.34472477436065674,0.566658616065979,-0.004535357002168894,0.33025091886520386,0.5930654406547546,0.006995875388383865,0.31276369094848633,0.625343382358551,0.012844442389905453,0.3701229393482208,0.657627522945404,-0.023760009557008743,0.36338239908218384,0.6323228478431702,-0.004029401578009129,0.34598663449287415,0.6503494381904602,0.013188681565225124,0.3329618573188782,0.6747931241989136,0.025102648884058,0.0,0.0,0.0,0.0,0.0,0.0,0.0,0.0,0.0,0.0,0.0,0.0,0.0,0.0,0.0,0.0,0.0,0.0,0.0,0.0,0.0,0.0,0.0,0.0,0.0,0.0,0.0,0.0,0.0,0.0,0.0,0.0,0.0,0.0,0.0,0.0,0.0,0.0,0.0,0.0,0.0,0.0,0.0,0.0,0.0,0.0,0.0,0.0,0.0,0.0,0.0,0.0,0.0,0.0,0.0,0.0,0.0,0.0,0.0,0.0,0.0,0.0,0.0,we
0.25840824842453003,0.8763264417648315,2.817375559516222e-07,0.2157498300075531,0.7537516355514526,0.011372905224561691,0.22634616494178772,0.6491385698318481,0.010918495245277882,0.2769661247730255,0.5984485149383545,0.0072913989424705505,0.32435688376426697,0.5852031707763672,0.004471600987017155,0.23257218301296234,0.5882195830345154,-0.00587873999029398,0.2413739114999771,0.45141443610191345,-0.011874329298734665,0.25124654173851013,0.3766717314720154,-0.013684267178177834,0.25956758856773376,0.31703367829322815,-0.014213670045137405,0.28951072692871094,0.6047852039337158,-0.01532971765846014,0.31542420387268066,0.48712676763534546,-0.015755098313093185,0.3320528566837311,0.4291452467441559,-0.015891460701823235,0.3449303209781647,0.38605034351348877,-0.016847312450408936,0.340703547000885,0.63385009765625,-0.021985484287142754,0.34473827481269836,0.5513504147529602,-0.02083149552345276,0.3278862237930298,0.5739282965660095,-0.014169749803841114,0.3119227886199951,0.6085849404335022,-0.00823037326335907,0.38117679953575134,0.6672316193580627,-0.028201289474964142,0.3621354103088379,0.6113733649253845,-0.020181063562631607,0.3440687358379364,0.6282010078430176,-0.006556237116456032,0.33579355478286743,0.6568086743354797,0.00484832376241684,0.0,0.0,0.0,0.0,0.0,0.0,0.0,0.0,0.0,0.0,0.0,0.0,0.0,0.0,0.0,0.0,0.0,0.0,0.0,0.0,0.0,0.0,0.0,0.0,0.0,0.0,0.0,0.0,0.0,0.0,0.0,0.0,0.0,0.0,0.0,0.0,0.0,0.0,0.0,0.0,0.0,0.0,0.0,0.0,0.0,0.0,0.0,0.0,0.0,0.0,0.0,0.0,0.0,0.0,0.0,0.0,0.0,0.0,0.0,0.0,0.0,0.0,0.0,we
0.2717168927192688,0.881084680557251,6.968139842911114e-08,0.2423292100429535,0.7625194787979126,0.014292143285274506,0.2621687650680542,0.6663645505905151,0.015087161213159561,0.3039781451225281,0.6237260699272156,0.011077661998569965,0.3413972854614258,0.6144313812255859,0.006778591312468052,0.27572718262672424,0.5884542465209961,-6.359742110362276e-05,0.29992613196372986,0.4721177816390991,-0.005695957690477371,0.31185781955718994,0.40501147508621216,-0.006866298615932465,0.318726122379303,0.3552607297897339,-0.007119567599147558,0.3251161575317383,0.605594277381897,-0.011438699439167976,0.35715627670288086,0.533473014831543,-0.009918257594108582,0.36267903447151184,0.5256465673446655,-0.006905232090502977,0.3626951575279236,0.5198003649711609,-0.004698441829532385,0.3699776232242584,0.6446477174758911,-0.020294656977057457,0.3740510642528534,0.6355468034744263,-0.016815103590488434,0.35975125432014465,0.669662594795227,-0.00994259212166071,0.3445340692996979,0.6967478394508362,-0.0049758353270590305,0.4069262444972992,0.6906647086143494,-0.02863973006606102,0.4005916118621826,0.6915224194526672,-0.01839681714773178,0.3853612542152405,0.719871997833252,-0.004909732844680548,0.37131115794181824,0.7440463900566101,0.005988636985421181,0.0,0.0,0.0,0.0,0.0,0.0,0.0,0.0,0.0,0.0,0.0,0.0,0.0,0.0,0.0,0.0,0.0,0.0,0.0,0.0,0.0,0.0,0.0,0.0,0.0,0.0,0.0,0.0,0.0,0.0,0.0,0.0,0.0,0.0,0.0,0.0,0.0,0.0,0.0,0.0,0.0,0.0,0.0,0.0,0.0,0.0,0.0,0.0,0.0,0.0,0.0,0.0,0.0,0.0,0.0,0.0,0.0,0.0,0.0,0.0,0.0,0.0,0.0,we
0.2767486870288849,0.8948857188224792,-3.977633298291039e-07,0.25950688123703003,0.7746006846427917,0.01510575506836176,0.28902268409729004,0.6750379800796509,0.018970733508467674,0.3319963812828064,0.6464864015579224,0.017298216000199318,0.3735419809818268,0.6541675925254822,0.014384894631803036,0.308016836643219,0.6019061207771301,0.00825932715088129,0.33699342608451843,0.5058189630508423,0.007423830684274435,0.35653379559516907,0.45298248529434204,0.003966841846704483,0.371692419052124,0.416703999042511,-0.0007814770215190947,0.3578845262527466,0.6254482269287109,-0.004086743574589491,0.37883269786834717,0.6358439922332764,-0.006044898647814989,0.36337709426879883,0.6745294332504272,-0.009710758924484253,0.3447587192058563,0.6923986673355103,-0.012616184540092945,0.4001716375350952,0.6749746799468994,-0.013446206226944923,0.4018944799900055,0.6921544671058655,-0.010280140675604343,0.3836688995361328,0.7253226637840271,-0.004979920107871294,0.3644401431083679,0.7420116066932678,-0.003142316360026598,0.4316793978214264,0.7260973453521729,-0.022411851212382317,0.42881834506988525,0.7387869954109192,-0.014144246466457844,0.41143569350242615,0.7659258842468262,-0.001667026779614389,0.39447009563446045,0.785463273525238,0.008294036611914635,0.0,0.0,0.0,0.0,0.0,0.0,0.0,0.0,0.0,0.0,0.0,0.0,0.0,0.0,0.0,0.0,0.0,0.0,0.0,0.0,0.0,0.0,0.0,0.0,0.0,0.0,0.0,0.0,0.0,0.0,0.0,0.0,0.0,0.0,0.0,0.0,0.0,0.0,0.0,0.0,0.0,0.0,0.0,0.0,0.0,0.0,0.0,0.0,0.0,0.0,0.0,0.0,0.0,0.0,0.0,0.0,0.0,0.0,0.0,0.0,0.0,0.0,0.0,we
0.2956855297088623,0.8820804357528687,1.205650761448851e-07,0.27966970205307007,0.7654449343681335,0.015305958688259125,0.30786991119384766,0.6788293719291687,0.02035694010555744,0.3529775142669678,0.6472928524017334,0.021906742826104164,0.39240527153015137,0.6570965647697449,0.024047963321208954,0.3324989378452301,0.6062191128730774,0.010582228191196918,0.3693171739578247,0.5048781633377075,0.016530759632587433,0.3909071981906891,0.45543909072875977,0.023176884278655052,0.40675485134124756,0.41982367634773254,0.027630504220724106,0.38030731678009033,0.63411545753479,0.002981944475322962,0.42800548672676086,0.5773730874061584,0.014911103062331676,0.4385789930820465,0.582476794719696,0.021653620526194572,0.43986451625823975,0.5870245099067688,0.025877654552459717,0.41908225417137146,0.6797728538513184,-0.002054749522358179,0.4244721233844757,0.672767162322998,0.01338756363838911,0.40784481167793274,0.6963503360748291,0.01941755600273609,0.3904346525669098,0.7143750786781311,0.021437158808112144,0.4466535449028015,0.7265357971191406,-0.006568560842424631,0.44135582447052,0.7230954170227051,0.012552271597087383,0.42652422189712524,0.7408875823020935,0.02526494860649109,0.41039037704467773,0.7579766511917114,0.03381478413939476,0.0,0.0,0.0,0.0,0.0,0.0,0.0,0.0,0.0,0.0,0.0,0.0,0.0,0.0,0.0,0.0,0.0,0.0,0.0,0.0,0.0,0.0,0.0,0.0,0.0,0.0,0.0,0.0,0.0,0.0,0.0,0.0,0.0,0.0,0.0,0.0,0.0,0.0,0.0,0.0,0.0,0.0,0.0,0.0,0.0,0.0,0.0,0.0,0.0,0.0,0.0,0.0,0.0,0.0,0.0,0.0,0.0,0.0,0.0,0.0,0.0,0.0,0.0,we
0.2977759540081024,0.8816055059432983,-3.9326344847268047e-08,0.27823954820632935,0.7623233199119568,0.017176585271954536,0.30696889758110046,0.6748319268226624,0.02305096760392189,0.3531714677810669,0.6457937955856323,0.024593232199549675,0.39487189054489136,0.6586758494377136,0.0256182961165905,0.33304768800735474,0.6060049533843994,0.010741116479039192,0.36874788999557495,0.5058414340019226,0.015575104393064976,0.3901122510433197,0.45680320262908936,0.021837711334228516,0.4051336348056793,0.42249953746795654,0.025778405368328094,0.38123273849487305,0.6315367817878723,0.001035330118611455,0.4236278831958771,0.5785804390907288,0.01003688108175993,0.42129167914390564,0.6003282070159912,0.01725229248404503,0.41032466292381287,0.6231830716133118,0.023017769679427147,0.4203939139842987,0.6758084297180176,-0.005992359947413206,0.4244411587715149,0.6664237976074219,0.006495533511042595,0.40708455443382263,0.6920437812805176,0.013171479105949402,0.38975220918655396,0.7116143107414246,0.015978554263710976,0.448363333940506,0.7228463292121887,-0.012264372780919075,0.4392561912536621,0.7195093035697937,0.0047570751048624516,0.42310044169425964,0.7402827739715576,0.017529791221022606,0.40726497769355774,0.7595334053039551,0.026518383994698524,0.0,0.0,0.0,0.0,0.0,0.0,0.0,0.0,0.0,0.0,0.0,0.0,0.0,0.0,0.0,0.0,0.0,0.0,0.0,0.0,0.0,0.0,0.0,0.0,0.0,0.0,0.0,0.0,0.0,0.0,0.0,0.0,0.0,0.0,0.0,0.0,0.0,0.0,0.0,0.0,0.0,0.0,0.0,0.0,0.0,0.0,0.0,0.0,0.0,0.0,0.0,0.0,0.0,0.0,0.0,0.0,0.0,0.0,0.0,0.0,0.0,0.0,0.0,we
0.3163941204547882,0.9083243608474731,1.2846983565850678e-07,0.2721933424472809,0.7927109003067017,0.0028094295412302017,0.28670990467071533,0.6875798106193542,0.0029958300292491913,0.3352685272693634,0.6293290257453918,0.002275147009640932,0.3774905204772949,0.6124522089958191,0.0034155927132815123,0.3033105134963989,0.6261184215545654,-0.005774486809968948,0.31599143147468567,0.4988844096660614,-0.010777013376355171,0.3280000686645508,0.42996081709861755,-0.010098871774971485,0.33835870027542114,0.3761059641838074,-0.007987558841705322,0.35766834020614624,0.6419327259063721,-0.008855634368956089,0.3800550103187561,0.5343229174613953,-0.009324981831014156,0.39143767952919006,0.4875636100769043,-0.006754968781024218,0.39851245284080505,0.4569737911224365,-0.003708216128870845,0.40491679310798645,0.6688014268875122,-0.010653399862349033,0.39989322423934937,0.6055272817611694,-0.010826658457517624,0.38438382744789124,0.6271483898162842,-0.006842299830168486,0.3716616928577423,0.660643994808197,-0.0011302006896585226,0.44212642312049866,0.6991613507270813,-0.012647660449147224,0.41931480169296265,0.6535988450050354,-0.006438618525862694,0.40182191133499146,0.6709370017051697,0.002820927882567048,0.3920232951641083,0.6999399065971375,0.012145616114139557,0.0,0.0,0.0,0.0,0.0,0.0,0.0,0.0,0.0,0.0,0.0,0.0,0.0,0.0,0.0,0.0,0.0,0.0,0.0,0.0,0.0,0.0,0.0,0.0,0.0,0.0,0.0,0.0,0.0,0.0,0.0,0.0,0.0,0.0,0.0,0.0,0.0,0.0,0.0,0.0,0.0,0.0,0.0,0.0,0.0,0.0,0.0,0.0,0.0,0.0,0.0,0.0,0.0,0.0,0.0,0.0,0.0,0.0,0.0,0.0,0.0,0.0,0.0,we
0.3331713080406189,0.9162602424621582,2.2207728989087627e-07,0.28230157494544983,0.8069242238998413,0.004245361778885126,0.2856307327747345,0.7050567865371704,0.0034855366684496403,0.32944536209106445,0.6468744277954102,0.0028928581159561872,0.36805135011672974,0.6280280947685242,0.00264366390183568,0.3039935827255249,0.6488456130027771,-0.01996157318353653,0.3021222651004791,0.5122358202934265,-0.027036750689148903,0.30795907974243164,0.4381121098995209,-0.02860560454428196,0.31212127208709717,0.3770577907562256,-0.028345292434096336,0.36111190915107727,0.6595744490623474,-0.022271648049354553,0.3678981065750122,0.5355830192565918,-0.023120934143662453,0.3742651343345642,0.46964773535728455,-0.020819684490561485,0.3796235918998718,0.41986700892448425,-0.01997753605246544,0.40966516733169556,0.682930052280426,-0.02154308371245861,0.3914056718349457,0.5989307761192322,-0.022128090262413025,0.373185396194458,0.6196666359901428,-0.01641623117029667,0.3628282845020294,0.6570068001747131,-0.010325348936021328,0.4457360506057739,0.7094534039497375,-0.02024693787097931,0.41489407420158386,0.6432664394378662,-0.018298424780368805,0.3942111134529114,0.6619159579277039,-0.008285491727292538,0.3888930082321167,0.6960610747337341,0.0015198991168290377,0.0,0.0,0.0,0.0,0.0,0.0,0.0,0.0,0.0,0.0,0.0,0.0,0.0,0.0,0.0,0.0,0.0,0.0,0.0,0.0,0.0,0.0,0.0,0.0,0.0,0.0,0.0,0.0,0.0,0.0,0.0,0.0,0.0,0.0,0.0,0.0,0.0,0.0,0.0,0.0,0.0,0.0,0.0,0.0,0.0,0.0,0.0,0.0,0.0,0.0,0.0,0.0,0.0,0.0,0.0,0.0,0.0,0.0,0.0,0.0,0.0,0.0,0.0,we
0.3330862820148468,0.9123841524124146,2.2277517075508513e-07,0.28876253962516785,0.8055576086044312,0.004700413439422846,0.29796379804611206,0.703918993473053,0.005210546776652336,0.34155988693237305,0.6494714021682739,0.0048390342853963375,0.38295361399650574,0.634763777256012,0.004907124675810337,0.31740859150886536,0.6377838253974915,-0.011986997909843922,0.3216862678527832,0.5063440799713135,-0.01667005941271782,0.3295556902885437,0.4353570342063904,-0.015802055597305298,0.334659218788147,0.38109782338142395,-0.013306381180882454,0.3712685704231262,0.6514429450035095,-0.015628915280103683,0.3763631582260132,0.5382871031761169,-0.014740139245986938,0.37713223695755005,0.48270750045776367,-0.011574966832995415,0.3774645924568176,0.4458564519882202,-0.008637071587145329,0.41789036989212036,0.6781764030456543,-0.017006944864988327,0.40335434675216675,0.6183620095252991,-0.01539622712880373,0.3837433159351349,0.6390467882156372,-0.010211464948952198,0.37065884470939636,0.6721068620681763,-0.004093009978532791,0.4538404941558838,0.7074646353721619,-0.018088528886437416,0.42516642808914185,0.6605151891708374,-0.011817414313554764,0.4062819480895996,0.6769563555717468,-0.0008002929971553385,0.39981183409690857,0.7041491270065308,0.009598896838724613,0.0,0.0,0.0,0.0,0.0,0.0,0.0,0.0,0.0,0.0,0.0,0.0,0.0,0.0,0.0,0.0,0.0,0.0,0.0,0.0,0.0,0.0,0.0,0.0,0.0,0.0,0.0,0.0,0.0,0.0,0.0,0.0,0.0,0.0,0.0,0.0,0.0,0.0,0.0,0.0,0.0,0.0,0.0,0.0,0.0,0.0,0.0,0.0,0.0,0.0,0.0,0.0,0.0,0.0,0.0,0.0,0.0,0.0,0.0,0.0,0.0,0.0,0.0,we
0.3312445878982544,0.898243248462677,-1.8334721119117603e-07,0.29809126257896423,0.7875908017158508,0.012630105949938297,0.31437963247299194,0.6961098313331604,0.016174742951989174,0.3587094247341156,0.659051775932312,0.015954846516251564,0.3989836275577545,0.6621243357658386,0.014647516421973705,0.3520493507385254,0.6137098670005798,0.004095534794032574,0.37323522567749023,0.5146509408950806,0.006386852357536554,0.3876274526119232,0.460172176361084,0.00879893358796835,0.39683467149734497,0.41901567578315735,0.008885512128472328,0.4025990962982178,0.6350820064544678,-0.004488792736083269,0.41171935200691223,0.5891392827033997,0.0028723017312586308,0.3991931080818176,0.6149664521217346,0.009401864372193813,0.387290894985199,0.6398592591285706,0.012737979181110859,0.4415135383605957,0.678743302822113,-0.010791595093905926,0.4278073310852051,0.67259681224823,-0.0015377660747617483,0.4107871651649475,0.6980328559875488,0.00514966668561101,0.39766907691955566,0.7206302285194397,0.006996287032961845,0.4677290916442871,0.7252744436264038,-0.016781069338321686,0.45315659046173096,0.7202446460723877,-0.004755533300340176,0.437815397977829,0.74110347032547,0.006701071746647358,0.4259434640407562,0.7628098130226135,0.014521444216370583,0.0,0.0,0.0,0.0,0.0,0.0,0.0,0.0,0.0,0.0,0.0,0.0,0.0,0.0,0.0,0.0,0.0,0.0,0.0,0.0,0.0,0.0,0.0,0.0,0.0,0.0,0.0,0.0,0.0,0.0,0.0,0.0,0.0,0.0,0.0,0.0,0.0,0.0,0.0,0.0,0.0,0.0,0.0,0.0,0.0,0.0,0.0,0.0,0.0,0.0,0.0,0.0,0.0,0.0,0.0,0.0,0.0,0.0,0.0,0.0,0.0,0.0,0.0,we
0.3347342610359192,0.8993111848831177,-2.1905665903432237e-07,0.2987857460975647,0.785092294216156,0.006735668517649174,0.31919336318969727,0.6934304237365723,0.008151444606482983,0.36557960510253906,0.6603965163230896,0.00650334358215332,0.405080646276474,0.6679713726043701,0.00431585218757391,0.35483381152153015,0.6166102290153503,0.0018417785177007318,0.3738601803779602,0.5196281671524048,0.0005942629650235176,0.38682854175567627,0.46353915333747864,0.00015371668268926442,0.39663079380989075,0.4211147427558899,-0.0014522743877023458,0.40593090653419495,0.6362106800079346,-0.0051650190725922585,0.4120795428752899,0.5990296602249146,-0.0024148207157850266,0.3991345167160034,0.6265497803688049,0.0015099182492122054,0.38679835200309753,0.6504977941513062,0.004357120953500271,0.4449687600135803,0.678485095500946,-0.01076287031173706,0.4311099648475647,0.6719192862510681,-0.006433304399251938,0.4151785969734192,0.6986229419708252,-0.0006524386117234826,0.40208595991134644,0.7208461761474609,0.0022481547202914953,0.4726702868938446,0.7244738340377808,-0.016680477187037468,0.456195592880249,0.7242859601974487,-0.007910359650850296,0.4415779411792755,0.7458662390708923,0.0025777998380362988,0.42909321188926697,0.7662209272384644,0.010925269685685635,0.0,0.0,0.0,0.0,0.0,0.0,0.0,0.0,0.0,0.0,0.0,0.0,0.0,0.0,0.0,0.0,0.0,0.0,0.0,0.0,0.0,0.0,0.0,0.0,0.0,0.0,0.0,0.0,0.0,0.0,0.0,0.0,0.0,0.0,0.0,0.0,0.0,0.0,0.0,0.0,0.0,0.0,0.0,0.0,0.0,0.0,0.0,0.0,0.0,0.0,0.0,0.0,0.0,0.0,0.0,0.0,0.0,0.0,0.0,0.0,0.0,0.0,0.0,we
0.33338600397109985,0.8919795751571655,-1.8294080916803068e-07,0.3063296377658844,0.7781326770782471,0.010789984837174416,0.3309832513332367,0.6908905506134033,0.015232170931994915,0.3762173056602478,0.6589154005050659,0.016455508768558502,0.4171408414840698,0.666549801826477,0.01748429238796234,0.36582228541374207,0.6175410151481628,0.0070135388523340225,0.38880088925361633,0.5250892639160156,0.009983028285205364,0.40534934401512146,0.47809597849845886,0.013526534661650658,0.41800394654273987,0.44356411695480347,0.014912339858710766,0.4144577980041504,0.642275869846344,-0.0005843051476404071,0.43350353837013245,0.594155490398407,0.0050779078155756,0.4231535494327545,0.6219497919082642,0.010627989657223225,0.40989166498184204,0.6487568616867065,0.015128694474697113,0.45217105746269226,0.6875366568565369,-0.006346544250845909,0.44578614830970764,0.6786835789680481,0.0013714733067899942,0.4289438724517822,0.7036924362182617,0.006632199045270681,0.4136553406715393,0.7241770029067993,0.008968960493803024,0.47699201107025146,0.7356112599372864,-0.011877999641001225,0.4661202132701874,0.7301830649375916,-0.0004962956882081926,0.45135265588760376,0.7473039031028748,0.00961268600076437,0.43724820017814636,0.7649656534194946,0.01709534227848053,0.0,0.0,0.0,0.0,0.0,0.0,0.0,0.0,0.0,0.0,0.0,0.0,0.0,0.0,0.0,0.0,0.0,0.0,0.0,0.0,0.0,0.0,0.0,0.0,0.0,0.0,0.0,0.0,0.0,0.0,0.0,0.0,0.0,0.0,0.0,0.0,0.0,0.0,0.0,0.0,0.0,0.0,0.0,0.0,0.0,0.0,0.0,0.0,0.0,0.0,0.0,0.0,0.0,0.0,0.0,0.0,0.0,0.0,0.0,0.0,0.0,0.0,0.0,we
0.32787802815437317,0.8856985569000244,-5.474588604670316e-08,0.2973949611186981,0.7733554840087891,0.011089813895523548,0.32138165831565857,0.6845869421958923,0.016621390357613564,0.36743685603141785,0.6475834846496582,0.019514670595526695,0.40327924489974976,0.6486875414848328,0.02272138185799122,0.35152119398117065,0.6085410118103027,0.011242506094276905,0.37731286883354187,0.5134114027023315,0.014017934910953045,0.39412543177604675,0.4631088376045227,0.01789189875125885,0.406706839799881,0.427306592464447,0.020732231438159943,0.4019373655319214,0.6325486302375793,0.004896136466413736,0.43185779452323914,0.5734719038009644,0.01204753015190363,0.42807066440582275,0.5942100286483765,0.018263544887304306,0.4206288456916809,0.6163339614868164,0.024594666436314583,0.4421404302120209,0.675341010093689,0.00011112772335764021,0.4396195411682129,0.6664307713508606,0.008999135345220566,0.42139601707458496,0.6926789283752441,0.014708731323480606,0.40598031878471375,0.7127751111984253,0.018861496821045876,0.4711180627346039,0.7215346097946167,-0.004321914166212082,0.4601331949234009,0.7178781628608704,0.009461362846195698,0.4451969861984253,0.7389333248138428,0.020979348570108414,0.43172308802604675,0.7566153407096863,0.030284468084573746,0.0,0.0,0.0,0.0,0.0,0.0,0.0,0.0,0.0,0.0,0.0,0.0,0.0,0.0,0.0,0.0,0.0,0.0,0.0,0.0,0.0,0.0,0.0,0.0,0.0,0.0,0.0,0.0,0.0,0.0,0.0,0.0,0.0,0.0,0.0,0.0,0.0,0.0,0.0,0.0,0.0,0.0,0.0,0.0,0.0,0.0,0.0,0.0,0.0,0.0,0.0,0.0,0.0,0.0,0.0,0.0,0.0,0.0,0.0,0.0,0.0,0.0,0.0,we
0.30655989050865173,0.8812130689620972,2.164567263207573e-07,0.27563804388046265,0.7698204517364502,0.010415606200695038,0.2969476580619812,0.6811020374298096,0.015459323301911354,0.34523195028305054,0.6451691389083862,0.017749115824699402,0.3851035535335541,0.6471414566040039,0.021463604643940926,0.3140380382537842,0.6018944382667542,0.012324427254498005,0.3347929120063782,0.4912586212158203,0.015547185204923153,0.35050714015960693,0.4315769076347351,0.02018044888973236,0.3641822040081024,0.3885297179222107,0.02421313151717186,0.365675151348114,0.6224513649940491,0.006997666321694851,0.3973478078842163,0.5417311191558838,0.014555632136762142,0.40946662425994873,0.5152609348297119,0.019240841269493103,0.4162136912345886,0.5008156895637512,0.023822428658604622,0.4098670780658722,0.6604089140892029,0.0028818051796406507,0.41276106238365173,0.6373918056488037,0.013085628859698772,0.39507365226745605,0.6631700396537781,0.01751847006380558,0.37875381112098694,0.690272867679596,0.021336719393730164,0.4458308815956116,0.7049098014831543,-0.001197699923068285,0.4325788617134094,0.6921558380126953,0.013971305452287197,0.4165745973587036,0.7101155519485474,0.024489451199769974,0.40452954173088074,0.729993999004364,0.03306423872709274,0.0,0.0,0.0,0.0,0.0,0.0,0.0,0.0,0.0,0.0,0.0,0.0,0.0,0.0,0.0,0.0,0.0,0.0,0.0,0.0,0.0,0.0,0.0,0.0,0.0,0.0,0.0,0.0,0.0,0.0,0.0,0.0,0.0,0.0,0.0,0.0,0.0,0.0,0.0,0.0,0.0,0.0,0.0,0.0,0.0,0.0,0.0,0.0,0.0,0.0,0.0,0.0,0.0,0.0,0.0,0.0,0.0,0.0,0.0,0.0,0.0,0.0,0.0,we
0.30446669459342957,0.8872568607330322,2.313583138402464e-07,0.2748854458332062,0.7702052593231201,0.01228867843747139,0.29753416776657104,0.6762784719467163,0.018099358305335045,0.34703072905540466,0.6438350677490234,0.02001514472067356,0.3894217312335968,0.6493575572967529,0.022784333676099777,0.3130393624305725,0.602347731590271,0.015862133353948593,0.33165550231933594,0.4880411624908447,0.019316846504807472,0.34704673290252686,0.4281594753265381,0.02336936444044113,0.35887816548347473,0.3837633728981018,0.026801874861121178,0.36635950207710266,0.6212354302406311,0.009336819872260094,0.3949744403362274,0.5423798561096191,0.018493643030524254,0.4094260334968567,0.5139769315719604,0.021998390555381775,0.41889864206314087,0.49638283252716064,0.024939514696598053,0.4125085175037384,0.658484697341919,0.003985902760177851,0.4084356129169464,0.6371819972991943,0.014138009399175644,0.38970863819122314,0.6672244071960449,0.01621263474225998,0.37335681915283203,0.6976196765899658,0.018161948770284653,0.44997987151145935,0.70220547914505,-0.001122592482715845,0.4302704334259033,0.6929237246513367,0.012430619448423386,0.4123103618621826,0.7145993709564209,0.021778693422675133,0.39997145533561707,0.7393277287483215,0.029608331620693207,0.0,0.0,0.0,0.0,0.0,0.0,0.0,0.0,0.0,0.0,0.0,0.0,0.0,0.0,0.0,0.0,0.0,0.0,0.0,0.0,0.0,0.0,0.0,0.0,0.0,0.0,0.0,0.0,0.0,0.0,0.0,0.0,0.0,0.0,0.0,0.0,0.0,0.0,0.0,0.0,0.0,0.0,0.0,0.0,0.0,0.0,0.0,0.0,0.0,0.0,0.0,0.0,0.0,0.0,0.0,0.0,0.0,0.0,0.0,0.0,0.0,0.0,0.0,we
0.2867598533630371,0.8649042844772339,2.2258811327446892e-07,0.2573596239089966,0.7520395517349243,0.015322085469961166,0.2769535779953003,0.659974992275238,0.02131829969584942,0.3230530619621277,0.6172452569007874,0.024192404001951218,0.36207157373428345,0.6159930229187012,0.0276617594063282,0.29346323013305664,0.5860743522644043,0.009218310005962849,0.3171449601650238,0.46686285734176636,0.011677611619234085,0.33360958099365234,0.4042481482028961,0.016812466084957123,0.34583166241645813,0.35630738735198975,0.021501118317246437,0.3462143838405609,0.6050264835357666,0.0031189429573714733,0.38565605878829956,0.5238466262817383,0.012796100229024887,0.397835910320282,0.5056230425834656,0.021058399230241776,0.4025369882583618,0.49556630849838257,0.02775825560092926,0.39135870337486267,0.6437439322471619,-0.0007882784702815115,0.39509594440460205,0.6266882419586182,0.012705227360129356,0.3777955174446106,0.6556017994880676,0.02037198282778263,0.36266911029815674,0.6826180219650269,0.025549305602908134,0.42667052149772644,0.6883336305618286,-0.0040630679577589035,0.41684454679489136,0.6812739968299866,0.015135582536458969,0.40060150623321533,0.7034841775894165,0.029243335127830505,0.3880496025085449,0.7259306311607361,0.03973057121038437,0.0,0.0,0.0,0.0,0.0,0.0,0.0,0.0,0.0,0.0,0.0,0.0,0.0,0.0,0.0,0.0,0.0,0.0,0.0,0.0,0.0,0.0,0.0,0.0,0.0,0.0,0.0,0.0,0.0,0.0,0.0,0.0,0.0,0.0,0.0,0.0,0.0,0.0,0.0,0.0,0.0,0.0,0.0,0.0,0.0,0.0,0.0,0.0,0.0,0.0,0.0,0.0,0.0,0.0,0.0,0.0,0.0,0.0,0.0,0.0,0.0,0.0,0.0,we
0.2632344365119934,0.8516050577163696,-1.8881385699387465e-07,0.24654611945152283,0.7348140478134155,0.01569557934999466,0.2777405083179474,0.6509959101676941,0.019264085218310356,0.32401949167251587,0.6274047493934631,0.017727017402648926,0.3669348359107971,0.6432730555534363,0.014793669804930687,0.310445100069046,0.5813850164413452,0.005238347686827183,0.34543371200561523,0.4847583770751953,0.006894174963235855,0.3659599721431732,0.43618813157081604,0.008940750733017921,0.37948983907699585,0.40160462260246277,0.008958693593740463,0.35681629180908203,0.607715368270874,-0.006127853877842426,0.3952573835849762,0.5832285284996033,-0.002217633882537484,0.3844793438911438,0.6157433390617371,0.0019883180502802134,0.36657196283340454,0.6391090750694275,0.004737633280456066,0.3949619233608246,0.6576340794563293,-0.014703654684126377,0.39925384521484375,0.6627002358436584,-0.0056051090359687805,0.38160109519958496,0.6886463165283203,0.0012326915748417377,0.3635281026363373,0.7050455212593079,0.00332571379840374,0.42164385318756104,0.7097913026809692,-0.0228533037006855,0.4180871248245239,0.7147548794746399,-0.008309071883559227,0.4011116325855255,0.73402339220047,0.0048571121878921986,0.3837818503379822,0.74997478723526,0.013705255463719368,0.0,0.0,0.0,0.0,0.0,0.0,0.0,0.0,0.0,0.0,0.0,0.0,0.0,0.0,0.0,0.0,0.0,0.0,0.0,0.0,0.0,0.0,0.0,0.0,0.0,0.0,0.0,0.0,0.0,0.0,0.0,0.0,0.0,0.0,0.0,0.0,0.0,0.0,0.0,0.0,0.0,0.0,0.0,0.0,0.0,0.0,0.0,0.0,0.0,0.0,0.0,0.0,0.0,0.0,0.0,0.0,0.0,0.0,0.0,0.0,0.0,0.0,0.0,we
0.24581296741962433,0.8452921509742737,-2.461780752582854e-07,0.24469393491744995,0.7290602326393127,0.021298740059137344,0.2849983870983124,0.6464341878890991,0.03024907037615776,0.33422791957855225,0.6282561421394348,0.03392858803272247,0.37453311681747437,0.6518715620040894,0.03647070378065109,0.3163125216960907,0.5796005725860596,0.01621483638882637,0.3574994206428528,0.4995836615562439,0.025653276592493057,0.381562739610672,0.4597774147987366,0.03149962052702904,0.3997829854488373,0.432066410779953,0.03319291025400162,0.35987478494644165,0.6097789406776428,0.00485691474750638,0.3985688388347626,0.6199855804443359,0.01732085458934307,0.3869990408420563,0.6519217491149902,0.0212531927973032,0.36956411600112915,0.6656637191772461,0.022056153044104576,0.3933968245983124,0.6638244986534119,-0.0029348377138376236,0.3991137444972992,0.6872633099555969,0.011631308123469353,0.37935909628868103,0.7120287418365479,0.015068414621055126,0.3597046136856079,0.7205846905708313,0.013576136901974678,0.4161700904369354,0.7177239656448364,-0.009561826474964619,0.41257035732269287,0.7365337610244751,0.006931840442121029,0.3938305675983429,0.7553656101226807,0.016983920708298683,0.3741934299468994,0.7660225033760071,0.023306729272007942,0.0,0.0,0.0,0.0,0.0,0.0,0.0,0.0,0.0,0.0,0.0,0.0,0.0,0.0,0.0,0.0,0.0,0.0,0.0,0.0,0.0,0.0,0.0,0.0,0.0,0.0,0.0,0.0,0.0,0.0,0.0,0.0,0.0,0.0,0.0,0.0,0.0,0.0,0.0,0.0,0.0,0.0,0.0,0.0,0.0,0.0,0.0,0.0,0.0,0.0,0.0,0.0,0.0,0.0,0.0,0.0,0.0,0.0,0.0,0.0,0.0,0.0,0.0,we
0.23703435063362122,0.841089129447937,-2.843905235749844e-07,0.22625942528247833,0.7166327834129333,0.014089284464716911,0.2676418125629425,0.6236036419868469,0.0195887703448534,0.3184962868690491,0.5892993807792664,0.020226826891303062,0.36290615797042847,0.5961956977844238,0.021253051236271858,0.287727952003479,0.559455156326294,0.01665540039539337,0.32497772574424744,0.48004579544067383,0.02000880427658558,0.34814539551734924,0.4335760474205017,0.021054094657301903,0.3657616972923279,0.39842721819877625,0.019533278420567513,0.33549627661705017,0.587322473526001,0.0060369158163666725,0.351530522108078,0.5956354141235352,0.0065549276769161224,0.3344190716743469,0.6354019641876221,0.0032996265217661858,0.31653541326522827,0.6524094939231873,0.001947796088643372,0.3731943964958191,0.6361496448516846,-0.0021681261714547873,0.36855605244636536,0.6516229510307312,-0.0003606011450756341,0.34632304310798645,0.683976948261261,0.0027204318903386593,0.32761329412460327,0.6977183818817139,0.004847452975809574,0.40127676725387573,0.685998260974884,-0.009738846682012081,0.39527764916419983,0.6978290677070618,-0.00121052167378366,0.377058744430542,0.7226262092590332,0.00905061885714531,0.36010825634002686,0.7371376156806946,0.017840007320046425,0.0,0.0,0.0,0.0,0.0,0.0,0.0,0.0,0.0,0.0,0.0,0.0,0.0,0.0,0.0,0.0,0.0,0.0,0.0,0.0,0.0,0.0,0.0,0.0,0.0,0.0,0.0,0.0,0.0,0.0,0.0,0.0,0.0,0.0,0.0,0.0,0.0,0.0,0.0,0.0,0.0,0.0,0.0,0.0,0.0,0.0,0.0,0.0,0.0,0.0,0.0,0.0,0.0,0.0,0.0,0.0,0.0,0.0,0.0,0.0,0.0,0.0,0.0,we
0.23654301464557648,0.8323180675506592,-2.41603544282043e-07,0.22856929898262024,0.7113341689109802,0.014872792176902294,0.268670916557312,0.6190361380577087,0.019644642248749733,0.31688812375068665,0.5910438895225525,0.019111890345811844,0.3589949607849121,0.6052393913269043,0.018353883177042007,0.2902240455150604,0.5602408647537231,0.014368767850100994,0.3261786997318268,0.47396767139434814,0.01866626925766468,0.3472541868686676,0.4286375045776367,0.020120007917284966,0.3640829920768738,0.39522895216941833,0.018713627010583878,0.33850616216659546,0.5869004130363464,0.00307819084264338,0.3569606840610504,0.5912706851959229,0.008467604406177998,0.3431009352207184,0.6257207989692688,0.0069648586213588715,0.3277478814125061,0.6400373578071594,0.0049467310309410095,0.3764582872390747,0.6363332867622375,-0.00556198600679636,0.3712488114833832,0.6503450870513916,0.0015827846946194768,0.35099706053733826,0.6800148487091064,0.004884742200374603,0.3323289155960083,0.6917749047279358,0.005000646226108074,0.4041830003261566,0.6871316432952881,-0.01378286350518465,0.3980386257171631,0.6993585228919983,-0.0013507010880857706,0.38056251406669617,0.7228864431381226,0.010110714472830296,0.36234402656555176,0.7375330328941345,0.018461033701896667,0.0,0.0,0.0,0.0,0.0,0.0,0.0,0.0,0.0,0.0,0.0,0.0,0.0,0.0,0.0,0.0,0.0,0.0,0.0,0.0,0.0,0.0,0.0,0.0,0.0,0.0,0.0,0.0,0.0,0.0,0.0,0.0,0.0,0.0,0.0,0.0,0.0,0.0,0.0,0.0,0.0,0.0,0.0,0.0,0.0,0.0,0.0,0.0,0.0,0.0,0.0,0.0,0.0,0.0,0.0,0.0,0.0,0.0,0.0,0.0,0.0,0.0,0.0,we
0.2434881627559662,0.8438320159912109,1.9992293687209894e-07,0.21537171304225922,0.7211757302284241,0.013055494986474514,0.24277263879776,0.6296866536140442,0.021308932453393936,0.2946307957172394,0.5978374481201172,0.026956599205732346,0.3373432457447052,0.6056102514266968,0.0345204621553421,0.252719908952713,0.5547065734863281,0.015910005196928978,0.2808992266654968,0.4409358501434326,0.02322361432015896,0.2970854640007019,0.3781811594963074,0.030489172786474228,0.31100863218307495,0.33126741647720337,0.035794954746961594,0.3061235249042511,0.5761889815330505,0.011814179830253124,0.3450305461883545,0.5097359418869019,0.023785140365362167,0.3635828197002411,0.48707497119903564,0.02843133732676506,0.373984694480896,0.47231853008270264,0.03206019103527069,0.3518156111240387,0.6160898208618164,0.00929002184420824,0.357480525970459,0.6046581864356995,0.023541374132037163,0.33818647265434265,0.6334925889968872,0.024349773302674294,0.3183218836784363,0.6613422632217407,0.024692989885807037,0.3893967866897583,0.6607264876365662,0.006932913791388273,0.37743112444877625,0.659133791923523,0.022455720230937004,0.3608434498310089,0.6791808009147644,0.02772076055407524,0.3454008400440216,0.7018468976020813,0.032351214438676834,0.0,0.0,0.0,0.0,0.0,0.0,0.0,0.0,0.0,0.0,0.0,0.0,0.0,0.0,0.0,0.0,0.0,0.0,0.0,0.0,0.0,0.0,0.0,0.0,0.0,0.0,0.0,0.0,0.0,0.0,0.0,0.0,0.0,0.0,0.0,0.0,0.0,0.0,0.0,0.0,0.0,0.0,0.0,0.0,0.0,0.0,0.0,0.0,0.0,0.0,0.0,0.0,0.0,0.0,0.0,0.0,0.0,0.0,0.0,0.0,0.0,0.0,0.0,we
0.24567748606204987,0.8476135730743408,2.942748551504337e-07,0.21509507298469543,0.7286051511764526,0.014457435347139835,0.23435036838054657,0.6334724426269531,0.019041480496525764,0.28123924136161804,0.5942199230194092,0.019973019137978554,0.3253600597381592,0.5972124338150024,0.021490057930350304,0.2443682849407196,0.5638518929481506,0.006832695100456476,0.2700032591819763,0.43901166319847107,0.00861678272485733,0.2862045168876648,0.3724948763847351,0.01230214349925518,0.2974650263786316,0.3205525279045105,0.015520676970481873,0.2968824803829193,0.5817750692367554,0.0004108267021365464,0.34118956327438354,0.5026981830596924,0.01141779962927103,0.3631524443626404,0.47565555572509766,0.01756652444601059,0.37595468759536743,0.4573403000831604,0.021110018715262413,0.34415891766548157,0.6187352538108826,-0.0036592232063412666,0.3525623381137848,0.5951325297355652,0.012206739746034145,0.3363594710826874,0.6217359304428101,0.018448365852236748,0.3189128637313843,0.650928795337677,0.021094169467687607,0.38277724385261536,0.6615799069404602,-0.007654085755348206,0.3732820153236389,0.6549553871154785,0.011974907480180264,0.3561800420284271,0.676267147064209,0.024669921025633812,0.3420799970626831,0.7021802067756653,0.033748190850019455,0.0,0.0,0.0,0.0,0.0,0.0,0.0,0.0,0.0,0.0,0.0,0.0,0.0,0.0,0.0,0.0,0.0,0.0,0.0,0.0,0.0,0.0,0.0,0.0,0.0,0.0,0.0,0.0,0.0,0.0,0.0,0.0,0.0,0.0,0.0,0.0,0.0,0.0,0.0,0.0,0.0,0.0,0.0,0.0,0.0,0.0,0.0,0.0,0.0,0.0,0.0,0.0,0.0,0.0,0.0,0.0,0.0,0.0,0.0,0.0,0.0,0.0,0.0,we
0.2447044849395752,0.8445845246315002,-2.0448828408348163e-08,0.21760320663452148,0.729478120803833,0.007929783314466476,0.2415369749069214,0.6315513849258423,0.006744046229869127,0.2864181697368622,0.5865681767463684,0.002269624499604106,0.33242958784103394,0.5788268446922302,-0.0018863144796341658,0.25834140181541443,0.5617040991783142,-0.00435880571603775,0.28378748893737793,0.45052558183670044,-0.00716521916911006,0.29730212688446045,0.3895721435546875,-0.007060457486659288,0.3076181411743164,0.34160754084587097,-0.007885715924203396,0.30912426114082336,0.5827344655990601,-0.012656822800636292,0.33915382623672485,0.5406651496887207,-0.009139630012214184,0.3390083909034729,0.5492153763771057,-0.005881622899323702,0.33467212319374084,0.5525844693183899,-0.004794341046363115,0.35298097133636475,0.6255814433097839,-0.018733438104391098,0.34930381178855896,0.6263156533241272,-0.011120239272713661,0.33396267890930176,0.6560816764831543,-0.003154699457809329,0.3197600841522217,0.6770427823066711,-1.3741165275860112e-05,0.38640785217285156,0.673329770565033,-0.02516908012330532,0.37463265657424927,0.6744069457054138,-0.010935608297586441,0.35905906558036804,0.6981770396232605,0.004089459776878357,0.3454773426055908,0.7184610366821289,0.014504104852676392,0.0,0.0,0.0,0.0,0.0,0.0,0.0,0.0,0.0,0.0,0.0,0.0,0.0,0.0,0.0,0.0,0.0,0.0,0.0,0.0,0.0,0.0,0.0,0.0,0.0,0.0,0.0,0.0,0.0,0.0,0.0,0.0,0.0,0.0,0.0,0.0,0.0,0.0,0.0,0.0,0.0,0.0,0.0,0.0,0.0,0.0,0.0,0.0,0.0,0.0,0.0,0.0,0.0,0.0,0.0,0.0,0.0,0.0,0.0,0.0,0.0,0.0,0.0,we
0.24397045373916626,0.8430763483047485,1.7240296301679336e-07,0.2146480530500412,0.7272281646728516,0.006022156681865454,0.23840922117233276,0.6314751505851746,0.005237935110926628,0.2860271632671356,0.5957105159759521,0.001319283270277083,0.32946348190307617,0.599821925163269,-0.002105283783748746,0.25691837072372437,0.5605961084365845,-0.0014432449825108051,0.28047874569892883,0.449820876121521,-0.004915677942335606,0.2957717478275299,0.38781338930130005,-0.005618544295430183,0.3069264590740204,0.34034234285354614,-0.005999929271638393,0.3088015913963318,0.5817441344261169,-0.00814647413790226,0.3405498266220093,0.5285990238189697,-0.004484489560127258,0.35101526975631714,0.5186801552772522,-0.0027152765542268753,0.356611043214798,0.5084114074707031,-0.0016418216982856393,0.35247302055358887,0.6243833303451538,-0.013311629183590412,0.34857699275016785,0.6246426701545715,-0.006688822526484728,0.33079466223716736,0.6562044620513916,-0.0011901318794116378,0.3150450587272644,0.6811975240707397,0.002363939769566059,0.38672518730163574,0.6730670928955078,-0.01903342828154564,0.37345004081726074,0.6769993901252747,-0.006087856832891703,0.3566416800022125,0.7006630301475525,0.007217444945126772,0.3418012261390686,0.7219810485839844,0.017640048637986183,0.0,0.0,0.0,0.0,0.0,0.0,0.0,0.0,0.0,0.0,0.0,0.0,0.0,0.0,0.0,0.0,0.0,0.0,0.0,0.0,0.0,0.0,0.0,0.0,0.0,0.0,0.0,0.0,0.0,0.0,0.0,0.0,0.0,0.0,0.0,0.0,0.0,0.0,0.0,0.0,0.0,0.0,0.0,0.0,0.0,0.0,0.0,0.0,0.0,0.0,0.0,0.0,0.0,0.0,0.0,0.0,0.0,0.0,0.0,0.0,0.0,0.0,0.0,we
0.2424527406692505,0.8467996120452881,-2.551462898736645e-07,0.23444168269634247,0.7297141551971436,0.02009737864136696,0.2718367278575897,0.6451407074928284,0.029181333258748055,0.3197301924228668,0.6240094900131226,0.03300425037741661,0.365123987197876,0.6417403221130371,0.03586504980921745,0.3001934885978699,0.5755630135536194,0.016616834327578545,0.33596691489219666,0.48879092931747437,0.024563657119870186,0.35641616582870483,0.44220107793807983,0.030179673805832863,0.3724943995475769,0.40718430280685425,0.032083362340927124,0.342813104391098,0.6069082021713257,0.005570581182837486,0.3804367780685425,0.5962073802947998,0.015056615695357323,0.3719555735588074,0.6278511881828308,0.01945921964943409,0.3589736223220825,0.6472271680831909,0.021804204210639,0.37680765986442566,0.6597872376441956,-0.0023791634012013674,0.38347870111465454,0.6764684319496155,0.010919819585978985,0.3630707561969757,0.7025680541992188,0.015368383377790451,0.343778133392334,0.7165676951408386,0.015475884079933167,0.40061256289482117,0.7127526998519897,-0.009487493894994259,0.39842620491981506,0.725517988204956,0.0057120658457279205,0.381113737821579,0.7460911273956299,0.015614159405231476,0.36411839723587036,0.7609606981277466,0.02205762080848217,0.0,0.0,0.0,0.0,0.0,0.0,0.0,0.0,0.0,0.0,0.0,0.0,0.0,0.0,0.0,0.0,0.0,0.0,0.0,0.0,0.0,0.0,0.0,0.0,0.0,0.0,0.0,0.0,0.0,0.0,0.0,0.0,0.0,0.0,0.0,0.0,0.0,0.0,0.0,0.0,0.0,0.0,0.0,0.0,0.0,0.0,0.0,0.0,0.0,0.0,0.0,0.0,0.0,0.0,0.0,0.0,0.0,0.0,0.0,0.0,0.0,0.0,0.0,we
0.24128666520118713,0.8416271805763245,-1.4456263386364299e-07,0.22803080081939697,0.7236177325248718,0.008807309903204441,0.2653884291648865,0.6377028226852417,0.010363979265093803,0.3152649402618408,0.6079467535018921,0.008556102402508259,0.3591071665287018,0.6139163374900818,0.007232434581965208,0.29393643140792847,0.5722277760505676,0.003999123815447092,0.32733386754989624,0.48329833149909973,0.002398993354290724,0.34696680307388306,0.4337664246559143,0.0025273135397583246,0.36237046122550964,0.39585477113723755,0.001472531002946198,0.34049907326698303,0.6018702983856201,-0.0051502650603652,0.37365448474884033,0.586012065410614,-0.0050561148673295975,0.3636433184146881,0.6154187917709351,-0.003971726167947054,0.34943798184394836,0.6324144601821899,-0.002327866619452834,0.37637609243392944,0.6517207622528076,-0.01254863478243351,0.37399399280548096,0.6670618057250977,-0.009647108614444733,0.35404136776924133,0.6944062113761902,-0.004088107030838728,0.33680692315101624,0.7064614295959473,-0.0009654033347032964,0.40140774846076965,0.7034616470336914,-0.02017255686223507,0.3931475877761841,0.718247652053833,-0.010802407748997211,0.37469691038131714,0.739783525466919,0.0003890632651746273,0.35663723945617676,0.7519079446792603,0.009065789170563221,0.0,0.0,0.0,0.0,0.0,0.0,0.0,0.0,0.0,0.0,0.0,0.0,0.0,0.0,0.0,0.0,0.0,0.0,0.0,0.0,0.0,0.0,0.0,0.0,0.0,0.0,0.0,0.0,0.0,0.0,0.0,0.0,0.0,0.0,0.0,0.0,0.0,0.0,0.0,0.0,0.0,0.0,0.0,0.0,0.0,0.0,0.0,0.0,0.0,0.0,0.0,0.0,0.0,0.0,0.0,0.0,0.0,0.0,0.0,0.0,0.0,0.0,0.0,we
0.2439713478088379,0.842851996421814,1.5038952483337198e-07,0.22218389809131622,0.7283196449279785,0.014456295408308506,0.24950213730335236,0.6410657167434692,0.02051391825079918,0.29429394006729126,0.608453631401062,0.022559422999620438,0.3298971951007843,0.6149765849113464,0.02520446851849556,0.2738487720489502,0.5648503303527832,0.014683891087770462,0.3046724498271942,0.4646860361099243,0.02044355310499668,0.3227153420448303,0.40947866439819336,0.025922929868102074,0.3375224173069,0.36678364872932434,0.02954573556780815,0.3226081132888794,0.587717592716217,0.007475844584405422,0.3598358631134033,0.5470977425575256,0.020645491778850555,0.375471293926239,0.538506031036377,0.025210820138454437,0.3852880001068115,0.5274612307548523,0.027407344430685043,0.36101362109184265,0.6316567659378052,0.002113244729116559,0.3609829545021057,0.6393760442733765,0.01490895077586174,0.3429376780986786,0.6707732677459717,0.017629845067858696,0.3272882401943207,0.692654550075531,0.018738890066742897,0.3912268877029419,0.6789630055427551,-0.0028115471359342337,0.3856787085533142,0.6871489882469177,0.013463425450026989,0.37048256397247314,0.7100847363471985,0.023874348029494286,0.3551378846168518,0.7281680703163147,0.03174907714128494,0.0,0.0,0.0,0.0,0.0,0.0,0.0,0.0,0.0,0.0,0.0,0.0,0.0,0.0,0.0,0.0,0.0,0.0,0.0,0.0,0.0,0.0,0.0,0.0,0.0,0.0,0.0,0.0,0.0,0.0,0.0,0.0,0.0,0.0,0.0,0.0,0.0,0.0,0.0,0.0,0.0,0.0,0.0,0.0,0.0,0.0,0.0,0.0,0.0,0.0,0.0,0.0,0.0,0.0,0.0,0.0,0.0,0.0,0.0,0.0,0.0,0.0,0.0,we
0.24692696332931519,0.8548569679260254,2.6185361434727383e-07,0.2139517366886139,0.7368982434272766,0.012436582706868649,0.23475828766822815,0.6442203521728516,0.014723961241543293,0.2845292091369629,0.6003357768058777,0.01439682301133871,0.32598358392715454,0.6018943786621094,0.015186392702162266,0.24048858880996704,0.5718709230422974,-0.0009805349400267005,0.2601583003997803,0.4494543671607971,-0.003183698980137706,0.27346810698509216,0.3796704113483429,-0.0018913713283836842,0.2826707065105438,0.3253229558467865,-0.0004277008993085474,0.29415363073349,0.5902311205863953,-0.009380800649523735,0.3342624008655548,0.4979836344718933,-0.005218661390244961,0.3521851599216461,0.45646172761917114,-0.002539332490414381,0.3615078628063202,0.42442160844802856,-0.0004030659329146147,0.34153780341148376,0.6255772709846497,-0.015100700780749321,0.3536614179611206,0.5930591821670532,-0.006842677015811205,0.34077802300453186,0.6182609796524048,-0.0005279366159811616,0.32531195878982544,0.6450474858283997,0.004290636628866196,0.37953612208366394,0.6694465279579163,-0.02078208141028881,0.3737020492553711,0.6558454036712646,-0.007146961055696011,0.35892051458358765,0.6759957075119019,0.004967827349901199,0.3462342619895935,0.7008796334266663,0.014942332170903683,0.0,0.0,0.0,0.0,0.0,0.0,0.0,0.0,0.0,0.0,0.0,0.0,0.0,0.0,0.0,0.0,0.0,0.0,0.0,0.0,0.0,0.0,0.0,0.0,0.0,0.0,0.0,0.0,0.0,0.0,0.0,0.0,0.0,0.0,0.0,0.0,0.0,0.0,0.0,0.0,0.0,0.0,0.0,0.0,0.0,0.0,0.0,0.0,0.0,0.0,0.0,0.0,0.0,0.0,0.0,0.0,0.0,0.0,0.0,0.0,0.0,0.0,0.0,we
0.2485169917345047,0.8531016111373901,3.717537992997677e-07,0.21731209754943848,0.7361323833465576,0.015908489003777504,0.23480913043022156,0.6427507996559143,0.01904413104057312,0.2820870876312256,0.6024819612503052,0.01836727373301983,0.3255694806575775,0.6024073362350464,0.01812143623828888,0.23739570379257202,0.5752322673797607,0.0020252326503396034,0.2585976719856262,0.448117196559906,0.001201349776238203,0.2733660638332367,0.37979555130004883,0.003089173464104533,0.2821539044380188,0.3266814351081848,0.005151879973709583,0.29135507345199585,0.5915504693984985,-0.007384618744254112,0.3332355320453644,0.4929159879684448,-0.0006335815414786339,0.3533133268356323,0.4484841227531433,0.002566936193034053,0.364124596118927,0.4170050621032715,0.0041547371074557304,0.3404318392276764,0.6253488063812256,-0.013711227104067802,0.349590539932251,0.5857120752334595,-0.0014328857650980353,0.33450016379356384,0.6104056239128113,0.005215293727815151,0.3175843358039856,0.639703094959259,0.008775537833571434,0.3788992166519165,0.6660661101341248,-0.01976313255727291,0.3674890398979187,0.6501744389533997,-0.0025653152260929346,0.3499549925327301,0.668971836566925,0.010940030217170715,0.337537556886673,0.6943963766098022,0.020789137110114098,0.0,0.0,0.0,0.0,0.0,0.0,0.0,0.0,0.0,0.0,0.0,0.0,0.0,0.0,0.0,0.0,0.0,0.0,0.0,0.0,0.0,0.0,0.0,0.0,0.0,0.0,0.0,0.0,0.0,0.0,0.0,0.0,0.0,0.0,0.0,0.0,0.0,0.0,0.0,0.0,0.0,0.0,0.0,0.0,0.0,0.0,0.0,0.0,0.0,0.0,0.0,0.0,0.0,0.0,0.0,0.0,0.0,0.0,0.0,0.0,0.0,0.0,0.0,we
0.2545020282268524,0.8769111633300781,2.954980118374806e-07,0.21541869640350342,0.7650333642959595,0.020866617560386658,0.22768449783325195,0.6707326173782349,0.022090479731559753,0.27237939834594727,0.6194059252738953,0.019085058942437172,0.31222835183143616,0.6062973737716675,0.015034257434308529,0.23077769577503204,0.6016929149627686,-0.010843710973858833,0.24107679724693298,0.46864983439445496,-0.02009359560906887,0.24819287657737732,0.3903508484363556,-0.025613384321331978,0.25309664011001587,0.3293624520301819,-0.028381800279021263,0.28698334097862244,0.6132918000221252,-0.023140352219343185,0.31983375549316406,0.4968811869621277,-0.01902506686747074,0.33807533979415894,0.432046115398407,-0.016831589862704277,0.3494177758693695,0.38390740752220154,-0.017208212986588478,0.33796170353889465,0.6440064907073975,-0.03065100871026516,0.3444478213787079,0.5839390754699707,-0.017268933355808258,0.33083897829055786,0.6059957146644592,-0.004708726890385151,0.316596120595932,0.6369472146034241,0.002177021699026227,0.37675702571868896,0.6855247616767883,-0.03766996040940285,0.3643455505371094,0.647873044013977,-0.01996786892414093,0.34802812337875366,0.664057195186615,-0.0013830012176185846,0.34031543135643005,0.6918154954910278,0.01247663889080286,0.0,0.0,0.0,0.0,0.0,0.0,0.0,0.0,0.0,0.0,0.0,0.0,0.0,0.0,0.0,0.0,0.0,0.0,0.0,0.0,0.0,0.0,0.0,0.0,0.0,0.0,0.0,0.0,0.0,0.0,0.0,0.0,0.0,0.0,0.0,0.0,0.0,0.0,0.0,0.0,0.0,0.0,0.0,0.0,0.0,0.0,0.0,0.0,0.0,0.0,0.0,0.0,0.0,0.0,0.0,0.0,0.0,0.0,0.0,0.0,0.0,0.0,0.0,we
0.25968053936958313,0.8977199792861938,3.6159019600745523e-07,0.22185343503952026,0.7829427719116211,0.015116761438548565,0.2381959855556488,0.6824392676353455,0.015120678581297398,0.2900920510292053,0.6317089796066284,0.012126581743359566,0.33351632952690125,0.6180164217948914,0.009089413098990917,0.2390754222869873,0.6201616525650024,-0.010337329469621181,0.2464594841003418,0.4877013862133026,-0.01570497825741768,0.25245946645736694,0.41212910413742065,-0.01873178221285343,0.2561410367488861,0.3507503867149353,-0.020648416131734848,0.29540306329727173,0.6347796320915222,-0.02143065817654133,0.32443806529045105,0.5175631046295166,-0.017996864393353462,0.3401135504245758,0.453396737575531,-0.01804942451417446,0.3510832190513611,0.4043940603733063,-0.02028219774365425,0.3449394106864929,0.6659874320030212,-0.02841084450483322,0.3476606607437134,0.6006624698638916,-0.020694538950920105,0.3311414122581482,0.6259108781814575,-0.012449247762560844,0.31542056798934937,0.6593976616859436,-0.0074060233309865,0.3832058012485504,0.7045592069625854,-0.0348200798034668,0.36550816893577576,0.6621232628822327,-0.02178868278861046,0.34795480966567993,0.6818386316299438,-0.005606047809123993,0.34003573656082153,0.7109895348548889,0.006515072658658028,0.0,0.0,0.0,0.0,0.0,0.0,0.0,0.0,0.0,0.0,0.0,0.0,0.0,0.0,0.0,0.0,0.0,0.0,0.0,0.0,0.0,0.0,0.0,0.0,0.0,0.0,0.0,0.0,0.0,0.0,0.0,0.0,0.0,0.0,0.0,0.0,0.0,0.0,0.0,0.0,0.0,0.0,0.0,0.0,0.0,0.0,0.0,0.0,0.0,0.0,0.0,0.0,0.0,0.0,0.0,0.0,0.0,0.0,0.0,0.0,0.0,0.0,0.0,we
0.26028719544410706,0.9037488102912903,3.340983312227763e-07,0.23102721571922302,0.7899336218833923,0.012025178410112858,0.2494296133518219,0.6969544887542725,0.013925370760262012,0.29314422607421875,0.6581651568412781,0.01182921789586544,0.3348250687122345,0.6590332984924316,0.009948252700269222,0.26037874817848206,0.6240084171295166,0.0017909733578562737,0.273457795381546,0.5021600127220154,-0.0016788654029369354,0.2839921712875366,0.43455302715301514,-0.00217268243432045,0.2926981747150421,0.38130834698677063,-0.0017893754411488771,0.3125653862953186,0.638400673866272,-0.006931517738848925,0.34497132897377014,0.5473938584327698,-0.0016526485560461879,0.36231693625450134,0.5069430470466614,0.0012327285949140787,0.3744034767150879,0.47786498069763184,0.0027501892764121294,0.359092116355896,0.6744100451469421,-0.013725612312555313,0.35715699195861816,0.6604037284851074,-0.004547595512121916,0.33857789635658264,0.6924616098403931,0.0009475233964622021,0.3239472210407257,0.7221283912658691,0.004676466342061758,0.3940248489379883,0.7196823954582214,-0.02066720277070999,0.38212481141090393,0.7130417227745056,-0.006782993208616972,0.365136057138443,0.7371520400047302,0.006043531931936741,0.3539220094680786,0.7623022794723511,0.015798889100551605,0.0,0.0,0.0,0.0,0.0,0.0,0.0,0.0,0.0,0.0,0.0,0.0,0.0,0.0,0.0,0.0,0.0,0.0,0.0,0.0,0.0,0.0,0.0,0.0,0.0,0.0,0.0,0.0,0.0,0.0,0.0,0.0,0.0,0.0,0.0,0.0,0.0,0.0,0.0,0.0,0.0,0.0,0.0,0.0,0.0,0.0,0.0,0.0,0.0,0.0,0.0,0.0,0.0,0.0,0.0,0.0,0.0,0.0,0.0,0.0,0.0,0.0,0.0,we
0.2608449459075928,0.9059860706329346,8.664432016303181e-08,0.24030393362045288,0.7907130122184753,0.007982457987964153,0.26664435863494873,0.6947019696235657,0.008172466419637203,0.31015434861183167,0.6602861881256104,0.004397048149257898,0.3496464490890503,0.6612817645072937,0.0011049191234633327,0.28058546781539917,0.6247212290763855,0.0020179939456284046,0.3003314137458801,0.5185760259628296,-0.0012481882004067302,0.31163400411605835,0.4574807286262512,-0.003086843527853489,0.32159656286239624,0.40926334261894226,-0.005061448086053133,0.3308272957801819,0.6431415677070618,-0.006852369289845228,0.35759395360946655,0.6038652062416077,-0.005601107142865658,0.3666161596775055,0.5971075296401978,-0.0083609065040946,0.3715856075286865,0.583563506603241,-0.010830898769199848,0.3733186423778534,0.6835594177246094,-0.013876477256417274,0.3697729706764221,0.6982389688491821,-0.010392756201326847,0.3521368205547333,0.7299960851669312,-0.00899024773389101,0.33531367778778076,0.7479851841926575,-0.008266262710094452,0.40483182668685913,0.7288752198219299,-0.021148690953850746,0.39468711614608765,0.7437460422515869,-0.011751825921237469,0.3773426115512848,0.7705940008163452,-0.0017428109422326088,0.36203184723854065,0.7898680567741394,0.006344663444906473,0.0,0.0,0.0,0.0,0.0,0.0,0.0,0.0,0.0,0.0,0.0,0.0,0.0,0.0,0.0,0.0,0.0,0.0,0.0,0.0,0.0,0.0,0.0,0.0,0.0,0.0,0.0,0.0,0.0,0.0,0.0,0.0,0.0,0.0,0.0,0.0,0.0,0.0,0.0,0.0,0.0,0.0,0.0,0.0,0.0,0.0,0.0,0.0,0.0,0.0,0.0,0.0,0.0,0.0,0.0,0.0,0.0,0.0,0.0,0.0,0.0,0.0,0.0,we
0.2628209590911865,0.907780647277832,2.527862079659826e-07,0.23780089616775513,0.7906515002250671,0.007569820620119572,0.2650386393070221,0.697407066822052,0.011952226050198078,0.3100486695766449,0.6695167422294617,0.012722259387373924,0.34825044870376587,0.6807387471199036,0.01429936196655035,0.2815379500389099,0.6271260380744934,0.009377613663673401,0.29792919754981995,0.5175377130508423,0.009080681018531322,0.3095654845237732,0.4554956555366516,0.010710175149142742,0.3199779987335205,0.4073956310749054,0.012702682986855507,0.33366096019744873,0.6452207565307617,0.003779594786465168,0.35974931716918945,0.5831189751625061,0.009784888476133347,0.3767583668231964,0.5527219176292419,0.010526252910494804,0.38915950059890747,0.526249885559082,0.011782769113779068,0.375681608915329,0.6846684217453003,-0.0011567901819944382,0.3655765652656555,0.6964613795280457,0.004690232221037149,0.34604719281196594,0.7298039197921753,0.002435727044939995,0.3293098211288452,0.7543213963508606,0.0026039141230285168,0.40728986263275146,0.7297654151916504,-0.006302141584455967,0.3886621594429016,0.7488219738006592,0.002993304282426834,0.3710699677467346,0.7746751308441162,0.008394557982683182,0.35565710067749023,0.7958486080169678,0.014068150892853737,0.0,0.0,0.0,0.0,0.0,0.0,0.0,0.0,0.0,0.0,0.0,0.0,0.0,0.0,0.0,0.0,0.0,0.0,0.0,0.0,0.0,0.0,0.0,0.0,0.0,0.0,0.0,0.0,0.0,0.0,0.0,0.0,0.0,0.0,0.0,0.0,0.0,0.0,0.0,0.0,0.0,0.0,0.0,0.0,0.0,0.0,0.0,0.0,0.0,0.0,0.0,0.0,0.0,0.0,0.0,0.0,0.0,0.0,0.0,0.0,0.0,0.0,0.0,we
0.2684541940689087,0.9179736375808716,-4.9132410140373395e-08,0.2507551312446594,0.8052710294723511,0.013886721804738045,0.28135478496551514,0.7175776958465576,0.01998804323375225,0.3263835310935974,0.6901214718818665,0.022485584020614624,0.3691759705543518,0.6963527798652649,0.02506408840417862,0.30758973956108093,0.6390895843505859,0.011570756323635578,0.3369154632091522,0.5417805314064026,0.01898542232811451,0.3541184663772583,0.48827099800109863,0.02471892535686493,0.36829516291618347,0.4478987455368042,0.02729942463338375,0.35681411623954773,0.6655838489532471,0.00502582686021924,0.3813481330871582,0.6390407085418701,0.019069254398345947,0.3870176076889038,0.6446383595466614,0.02379830740392208,0.3890702426433563,0.6440497636795044,0.024681994691491127,0.3951932191848755,0.7150185704231262,0.0008079951512627304,0.3886677026748657,0.7257184982299805,0.016178395599126816,0.36995846033096313,0.7548869252204895,0.019106479361653328,0.35298267006874084,0.7745780348777771,0.017934530973434448,0.42187246680259705,0.765201210975647,-0.002991653513163328,0.40922874212265015,0.7735194563865662,0.011936038732528687,0.39348456263542175,0.7951223254203796,0.02014033868908882,0.37890195846557617,0.8140444755554199,0.02561836875975132,0.0,0.0,0.0,0.0,0.0,0.0,0.0,0.0,0.0,0.0,0.0,0.0,0.0,0.0,0.0,0.0,0.0,0.0,0.0,0.0,0.0,0.0,0.0,0.0,0.0,0.0,0.0,0.0,0.0,0.0,0.0,0.0,0.0,0.0,0.0,0.0,0.0,0.0,0.0,0.0,0.0,0.0,0.0,0.0,0.0,0.0,0.0,0.0,0.0,0.0,0.0,0.0,0.0,0.0,0.0,0.0,0.0,0.0,0.0,0.0,0.0,0.0,0.0,we
0.26860424876213074,0.9092059135437012,1.230136916774427e-07,0.24238070845603943,0.7914307713508606,0.010634920559823513,0.26959553360939026,0.701152503490448,0.016554860398173332,0.3148024082183838,0.6689420938491821,0.01935536414384842,0.35050612688064575,0.6779009699821472,0.023074332624673843,0.29108038544654846,0.6261968612670898,0.011547701433300972,0.31568312644958496,0.5199588537216187,0.014259539544582367,0.3301225006580353,0.46177566051483154,0.019129186868667603,0.3423711061477661,0.4181162118911743,0.02316540852189064,0.3409349024295807,0.6461219191551208,0.0061678276397287846,0.3718322515487671,0.5973726511001587,0.014220676384866238,0.3812333941459656,0.5889198780059814,0.01822047121822834,0.3869083523750305,0.5772775411605835,0.02200915478169918,0.38162320852279663,0.6865810751914978,0.0021301559172570705,0.37852761149406433,0.6988779902458191,0.010234751738607883,0.3568383753299713,0.7309350371360779,0.011957911774516106,0.33916032314300537,0.7516710758209229,0.014270591549575329,0.41294556856155396,0.7301951050758362,-0.0017432118766009808,0.4034382998943329,0.7486379146575928,0.010124323889613152,0.3863949775695801,0.7736881375312805,0.017706584185361862,0.37043631076812744,0.7913020849227905,0.024860508739948273,0.0,0.0,0.0,0.0,0.0,0.0,0.0,0.0,0.0,0.0,0.0,0.0,0.0,0.0,0.0,0.0,0.0,0.0,0.0,0.0,0.0,0.0,0.0,0.0,0.0,0.0,0.0,0.0,0.0,0.0,0.0,0.0,0.0,0.0,0.0,0.0,0.0,0.0,0.0,0.0,0.0,0.0,0.0,0.0,0.0,0.0,0.0,0.0,0.0,0.0,0.0,0.0,0.0,0.0,0.0,0.0,0.0,0.0,0.0,0.0,0.0,0.0,0.0,we
0.26033589243888855,0.8936724066734314,2.8403533747223264e-07,0.22548171877861023,0.7783612608909607,0.010509095154702663,0.24575810134410858,0.6895861625671387,0.013542604632675648,0.29400137066841125,0.6527858376502991,0.014009272679686546,0.3358006775379181,0.656808078289032,0.015756594017148018,0.2529517412185669,0.6160083413124084,0.003185839857906103,0.2676364779472351,0.4964880347251892,0.0035745645873248577,0.27673158049583435,0.42937836050987244,0.0072829690761864185,0.2852616310119629,0.3781479299068451,0.010622194036841393,0.30697983503341675,0.6330652236938477,-0.0025994472671300173,0.34004151821136475,0.5453686714172363,0.0029484746046364307,0.35519328713417053,0.5120424032211304,0.006842843256890774,0.3655969202518463,0.49002403020858765,0.01023252122104168,0.354335755109787,0.6671287417411804,-0.006435334216803312,0.3582881987094879,0.6484513878822327,0.0036482878495007753,0.34141066670417786,0.6762605905532837,0.008478950709104538,0.32571929693222046,0.7044678330421448,0.012046505697071552,0.39230942726135254,0.7074361443519592,-0.010457836091518402,0.3798157572746277,0.7041762471199036,0.0049889045767486095,0.36468666791915894,0.7256678342819214,0.015214458107948303,0.35250285267829895,0.7494916915893555,0.023236621171236038,0.0,0.0,0.0,0.0,0.0,0.0,0.0,0.0,0.0,0.0,0.0,0.0,0.0,0.0,0.0,0.0,0.0,0.0,0.0,0.0,0.0,0.0,0.0,0.0,0.0,0.0,0.0,0.0,0.0,0.0,0.0,0.0,0.0,0.0,0.0,0.0,0.0,0.0,0.0,0.0,0.0,0.0,0.0,0.0,0.0,0.0,0.0,0.0,0.0,0.0,0.0,0.0,0.0,0.0,0.0,0.0,0.0,0.0,0.0,0.0,0.0,0.0,0.0,we
0.26253965497016907,0.898079514503479,3.20487515637069e-07,0.2230927050113678,0.7810962200164795,0.013171490281820297,0.23707923293113708,0.6867827773094177,0.015404329635202885,0.2828475832939148,0.6417891383171082,0.014002319425344467,0.3247690796852112,0.6376200914382935,0.013219190761446953,0.2445542961359024,0.6151175498962402,0.0021076169796288013,0.2554190456867218,0.4922325611114502,-0.0011252072872593999,0.2637104392051697,0.4222826659679413,-0.0013107064878568053,0.2691330015659332,0.3679826259613037,-0.000612716015893966,0.2990626096725464,0.6287100911140442,-0.006992767099291086,0.3295884132385254,0.5327246785163879,-0.0033845773432403803,0.3485840857028961,0.487537682056427,-0.0020646837074309587,0.36147981882095337,0.45605921745300293,-0.0008160822908394039,0.3476718068122864,0.6605358719825745,-0.01368345320224762,0.3492162823677063,0.6253352165222168,-0.005517041776329279,0.33516162633895874,0.6481694579124451,-0.00013852228585164994,0.32063278555870056,0.6768220067024231,0.004098500125110149,0.3873331844806671,0.6996234059333801,-0.020291395485401154,0.37328705191612244,0.6775676608085632,-0.006293324287980795,0.3574513792991638,0.6938879489898682,0.0066217840649187565,0.3459824323654175,0.7180132269859314,0.017080310732126236,0.0,0.0,0.0,0.0,0.0,0.0,0.0,0.0,0.0,0.0,0.0,0.0,0.0,0.0,0.0,0.0,0.0,0.0,0.0,0.0,0.0,0.0,0.0,0.0,0.0,0.0,0.0,0.0,0.0,0.0,0.0,0.0,0.0,0.0,0.0,0.0,0.0,0.0,0.0,0.0,0.0,0.0,0.0,0.0,0.0,0.0,0.0,0.0,0.0,0.0,0.0,0.0,0.0,0.0,0.0,0.0,0.0,0.0,0.0,0.0,0.0,0.0,0.0,we
0.2607603669166565,0.8942091464996338,3.632596019542689e-07,0.2246755063533783,0.7781215310096741,0.012903744354844093,0.24038392305374146,0.6840032935142517,0.013250110670924187,0.2883683145046234,0.6410665512084961,0.010125906206667423,0.3334168493747711,0.6369699239730835,0.0076076271943748,0.24203668534755707,0.6179642081260681,-0.0022424848284572363,0.2542358934879303,0.49122631549835205,-0.0058312867768108845,0.26326555013656616,0.422046422958374,-0.006293437443673611,0.2687514126300812,0.36798152327537537,-0.005974952131509781,0.29704418778419495,0.6320430636405945,-0.011351953260600567,0.33075088262557983,0.5339478254318237,-0.007348799612373114,0.3492916226387024,0.49028146266937256,-0.005799131467938423,0.3614184260368347,0.4596083164215088,-0.0053667593747377396,0.3466781973838806,0.6629379391670227,-0.01760711520910263,0.34813162684440613,0.6235135793685913,-0.0078117442317306995,0.33266738057136536,0.6467307806015015,-0.0007494576857425272,0.3172587752342224,0.6753836870193481,0.0033890986815094948,0.3863335847854614,0.7002615332603455,-0.023850688710808754,0.37132126092910767,0.680670440196991,-0.007613941095769405,0.3545921742916107,0.6976727843284607,0.007100194226950407,0.34384685754776,0.7215989828109741,0.01783175952732563,0.0,0.0,0.0,0.0,0.0,0.0,0.0,0.0,0.0,0.0,0.0,0.0,0.0,0.0,0.0,0.0,0.0,0.0,0.0,0.0,0.0,0.0,0.0,0.0,0.0,0.0,0.0,0.0,0.0,0.0,0.0,0.0,0.0,0.0,0.0,0.0,0.0,0.0,0.0,0.0,0.0,0.0,0.0,0.0,0.0,0.0,0.0,0.0,0.0,0.0,0.0,0.0,0.0,0.0,0.0,0.0,0.0,0.0,0.0,0.0,0.0,0.0,0.0,we
0.2626899480819702,0.8862840533256531,3.3716293046381907e-07,0.22152182459831238,0.7730850577354431,0.016565943136811256,0.23244662582874298,0.6805100440979004,0.01760026253759861,0.27451974153518677,0.6247967481613159,0.015810245648026466,0.3153036832809448,0.6087213754653931,0.014134658500552177,0.23489466309547424,0.614761471748352,-0.009793219156563282,0.2410474419593811,0.483981728553772,-0.019749945029616356,0.24494266510009766,0.4059380292892456,-0.026605552062392235,0.24673672020435333,0.3451020121574402,-0.030643317848443985,0.2890620529651642,0.6248658895492554,-0.018340982496738434,0.32061710953712463,0.516814112663269,-0.015832431614398956,0.3393920063972473,0.4598642885684967,-0.014855374582111835,0.3500852584838867,0.4183165431022644,-0.015965690836310387,0.3380611836910248,0.6509242653846741,-0.022967131808400154,0.3458177149295807,0.5973312854766846,-0.009163308888673782,0.33397331833839417,0.6156150102615356,0.0036733532324433327,0.32044968008995056,0.644935131072998,0.010180927813053131,0.37743520736694336,0.6847901344299316,-0.027783794328570366,0.36943432688713074,0.6551899313926697,-0.010384270921349525,0.3536853790283203,0.6712979674339294,0.005965914111584425,0.3441559970378876,0.6975606083869934,0.0179112758487463,0.0,0.0,0.0,0.0,0.0,0.0,0.0,0.0,0.0,0.0,0.0,0.0,0.0,0.0,0.0,0.0,0.0,0.0,0.0,0.0,0.0,0.0,0.0,0.0,0.0,0.0,0.0,0.0,0.0,0.0,0.0,0.0,0.0,0.0,0.0,0.0,0.0,0.0,0.0,0.0,0.0,0.0,0.0,0.0,0.0,0.0,0.0,0.0,0.0,0.0,0.0,0.0,0.0,0.0,0.0,0.0,0.0,0.0,0.0,0.0,0.0,0.0,0.0,we
0.2632763981819153,0.8761383891105652,3.7819452813891985e-07,0.23065674304962158,0.7593504190444946,0.013066912069916725,0.24833659827709198,0.6625727415084839,0.013189955614507198,0.29385510087013245,0.6135172843933105,0.010138971731066704,0.3357308804988861,0.5985716581344604,0.007999168708920479,0.24760890007019043,0.599086582660675,-0.002792943734675646,0.2607909142971039,0.4760432839393616,-0.0046730730682611465,0.2686449885368347,0.4084016680717468,-0.004060818813741207,0.2727089524269104,0.3544335961341858,-0.0038924177642911673,0.3005985617637634,0.6147584915161133,-0.012913267128169537,0.3394656181335449,0.5185499787330627,-0.007980870082974434,0.3598130941390991,0.47680869698524475,-0.004935176111757755,0.37231817841529846,0.4465564787387848,-0.0045202202163636684,0.3474891185760498,0.6481612920761108,-0.02015768364071846,0.35919272899627686,0.6007271409034729,-0.011218938045203686,0.3431193232536316,0.6281428933143616,-0.0018270820146426558,0.32672423124313354,0.6586110591888428,0.003137173829600215,0.38495898246765137,0.6884598731994629,-0.02738700434565544,0.37626615166664124,0.6665571928024292,-0.01443459652364254,0.3597601652145386,0.6861253976821899,-0.0004566193383652717,0.3485145568847656,0.7085319757461548,0.0095217889174819,0.0,0.0,0.0,0.0,0.0,0.0,0.0,0.0,0.0,0.0,0.0,0.0,0.0,0.0,0.0,0.0,0.0,0.0,0.0,0.0,0.0,0.0,0.0,0.0,0.0,0.0,0.0,0.0,0.0,0.0,0.0,0.0,0.0,0.0,0.0,0.0,0.0,0.0,0.0,0.0,0.0,0.0,0.0,0.0,0.0,0.0,0.0,0.0,0.0,0.0,0.0,0.0,0.0,0.0,0.0,0.0,0.0,0.0,0.0,0.0,0.0,0.0,0.0,we
0.258685827255249,0.8599662780761719,3.351561304043571e-07,0.24181915819644928,0.7474127411842346,0.010458001866936684,0.26885923743247986,0.6587308049201965,0.011238126084208488,0.31071585416793823,0.6280280351638794,0.007625509053468704,0.34895288944244385,0.6308090686798096,0.00420104805380106,0.2826467752456665,0.5914608836174011,0.0028932567220181227,0.30686378479003906,0.4841318726539612,0.000285407091723755,0.3214868903160095,0.42549729347229004,0.00018771315808407962,0.3342311680316925,0.37918102741241455,0.00011260832980042323,0.3305101692676544,0.615907609462738,-0.005943543743342161,0.3717656135559082,0.5559729337692261,-0.0034167093690484762,0.3964439332485199,0.5404644012451172,-0.0032445108518004417,0.41359788179397583,0.5255281925201416,-0.0037769065238535404,0.3713541328907013,0.658443033695221,-0.012860382907092571,0.3741692900657654,0.6659476161003113,-0.006260894238948822,0.355432391166687,0.6983863115310669,-0.002335847821086645,0.3370659649372101,0.7211417555809021,-0.0003040269366465509,0.4011608958244324,0.7048007845878601,-0.019936453551054,0.394076943397522,0.7154748439788818,-0.0077750422060489655,0.37723976373672485,0.7408363223075867,0.0038062925450503826,0.362887442111969,0.7613701820373535,0.01225308794528246,0.0,0.0,0.0,0.0,0.0,0.0,0.0,0.0,0.0,0.0,0.0,0.0,0.0,0.0,0.0,0.0,0.0,0.0,0.0,0.0,0.0,0.0,0.0,0.0,0.0,0.0,0.0,0.0,0.0,0.0,0.0,0.0,0.0,0.0,0.0,0.0,0.0,0.0,0.0,0.0,0.0,0.0,0.0,0.0,0.0,0.0,0.0,0.0,0.0,0.0,0.0,0.0,0.0,0.0,0.0,0.0,0.0,0.0,0.0,0.0,0.0,0.0,0.0,we
0.2574055790901184,0.8664580583572388,2.3101351587229146e-07,0.24979275465011597,0.7539623975753784,0.009370368905365467,0.28369778394699097,0.6664838194847107,0.00963478535413742,0.3277605175971985,0.6399463415145874,0.005885484628379345,0.3674629330635071,0.648657500743866,0.00253958348184824,0.3020477890968323,0.5990915298461914,0.003357374807819724,0.33121034502983093,0.5034292936325073,0.0028622394893318415,0.34620729088783264,0.4485540986061096,0.00203869491815567,0.35925620794296265,0.4039660692214966,0.0004030452109873295,0.34811317920684814,0.6241635084152222,-0.005275246687233448,0.3894425630569458,0.6000109910964966,-9.276698983740062e-05,0.41440945863723755,0.5934984683990479,-0.0015763859264552593,0.43106403946876526,0.5802597999572754,-0.0042070066556334496,0.38446199893951416,0.6713471412658691,-0.011889595538377762,0.3848364055156708,0.6901155114173889,-0.00286462577059865,0.36575520038604736,0.7203636765480042,-0.000573659548535943,0.3471318185329437,0.7389171719551086,-0.0007655909867025912,0.41074880957603455,0.7204368710517883,-0.01902599446475506,0.40286579728126526,0.7358778715133667,-0.006540284026414156,0.3854857385158539,0.7591881155967712,0.003547626780346036,0.3696487545967102,0.7777881026268005,0.010852290317416191,0.0,0.0,0.0,0.0,0.0,0.0,0.0,0.0,0.0,0.0,0.0,0.0,0.0,0.0,0.0,0.0,0.0,0.0,0.0,0.0,0.0,0.0,0.0,0.0,0.0,0.0,0.0,0.0,0.0,0.0,0.0,0.0,0.0,0.0,0.0,0.0,0.0,0.0,0.0,0.0,0.0,0.0,0.0,0.0,0.0,0.0,0.0,0.0,0.0,0.0,0.0,0.0,0.0,0.0,0.0,0.0,0.0,0.0,0.0,0.0,0.0,0.0,0.0,we
0.26010143756866455,0.8719069957733154,2.91500612092932e-07,0.24739502370357513,0.7579149007797241,0.005813057534396648,0.2815995216369629,0.6715153455734253,0.005569360684603453,0.32927069067955017,0.6470255255699158,0.0018927649362012744,0.36971956491470337,0.6605989336967468,-0.0009147220989689231,0.29899269342422485,0.6057700514793396,0.0014275250723585486,0.3279368281364441,0.505681574344635,-0.0009941329481080174,0.3452948331832886,0.4491835832595825,-0.001798310549929738,0.36096516251564026,0.4045269191265106,-0.0027439468540251255,0.3471837341785431,0.6303169131278992,-0.006025944370776415,0.3876480758190155,0.5933094024658203,-0.002981312805786729,0.4125542938709259,0.5822858810424805,-0.003687669523060322,0.42953094840049744,0.5711742639541626,-0.004589916206896305,0.3845762312412262,0.6746066212654114,-0.012382122687995434,0.3813346028327942,0.6911794543266296,-0.005681904498487711,0.36089450120925903,0.7194100022315979,-0.003669415134936571,0.34201693534851074,0.7376315593719482,-0.002990227658301592,0.41189295053482056,0.7218433618545532,-0.01977212354540825,0.40099233388900757,0.7390531301498413,-0.00898649264127016,0.38278189301490784,0.7613469958305359,-0.00030348944710567594,0.3654516041278839,0.7783612012863159,0.006359471939504147,0.0,0.0,0.0,0.0,0.0,0.0,0.0,0.0,0.0,0.0,0.0,0.0,0.0,0.0,0.0,0.0,0.0,0.0,0.0,0.0,0.0,0.0,0.0,0.0,0.0,0.0,0.0,0.0,0.0,0.0,0.0,0.0,0.0,0.0,0.0,0.0,0.0,0.0,0.0,0.0,0.0,0.0,0.0,0.0,0.0,0.0,0.0,0.0,0.0,0.0,0.0,0.0,0.0,0.0,0.0,0.0,0.0,0.0,0.0,0.0,0.0,0.0,0.0,we
0.26249852776527405,0.8712966442108154,1.8495833842280263e-07,0.2528490126132965,0.763911783695221,0.01329406350851059,0.28748270869255066,0.6813154816627502,0.01800273172557354,0.3324356973171234,0.6545954942703247,0.018812960013747215,0.3736981451511383,0.6626445651054382,0.019684037193655968,0.3143213093280792,0.6113132238388062,0.007354085799306631,0.350180983543396,0.5183557271957397,0.011715773493051529,0.3702233135700226,0.46773761510849,0.015454684384167194,0.3874731957912445,0.42769911885261536,0.017253730446100235,0.3580268919467926,0.6397592425346375,1.4726606423209887e-05,0.4048030376434326,0.6194435358047485,0.011680030263960361,0.4262428879737854,0.6204574108123779,0.015692122280597687,0.43904799222946167,0.6152048110961914,0.016377054154872894,0.39166364073753357,0.6899289488792419,-0.004884377587586641,0.39638641476631165,0.7096967697143555,0.010625426657497883,0.37611716985702515,0.7366863489151001,0.0158977247774601,0.35655516386032104,0.7529110312461853,0.016549834981560707,0.41442209482192993,0.7403316497802734,-0.00994107499718666,0.40951424837112427,0.7561296820640564,0.007356063462793827,0.3918484151363373,0.7771339416503906,0.019004451110959053,0.37478530406951904,0.7924833297729492,0.026882749050855637,0.0,0.0,0.0,0.0,0.0,0.0,0.0,0.0,0.0,0.0,0.0,0.0,0.0,0.0,0.0,0.0,0.0,0.0,0.0,0.0,0.0,0.0,0.0,0.0,0.0,0.0,0.0,0.0,0.0,0.0,0.0,0.0,0.0,0.0,0.0,0.0,0.0,0.0,0.0,0.0,0.0,0.0,0.0,0.0,0.0,0.0,0.0,0.0,0.0,0.0,0.0,0.0,0.0,0.0,0.0,0.0,0.0,0.0,0.0,0.0,0.0,0.0,0.0,we
0.2603163719177246,0.8663322329521179,3.5540276144274685e-07,0.24491941928863525,0.7549188733100891,0.004642709624022245,0.2758868932723999,0.6748833060264587,0.0044020083732903,0.3231008052825928,0.6562262177467346,0.0004577942891046405,0.3614104986190796,0.672014594078064,-0.0028657608199864626,0.30214112997055054,0.6048374176025391,0.003821345278993249,0.33089685440063477,0.5087378621101379,0.0004646737070288509,0.34828853607177734,0.45323070883750916,-0.0010378374718129635,0.36329832673072815,0.40791431069374084,-0.0021735134068876505,0.34804731607437134,0.6307426691055298,-0.002983742393553257,0.3902021050453186,0.5895178318023682,-0.0007950116414576769,0.41841840744018555,0.5717623233795166,-0.0024591393303126097,0.4396743178367615,0.5540111064910889,-0.003570942673832178,0.383522629737854,0.6762754321098328,-0.009145212359726429,0.38222911953926086,0.6922779679298401,-0.0045316582545638084,0.36149317026138306,0.722612202167511,-0.0035439024213701487,0.3437874913215637,0.7428277730941772,-0.0021329927258193493,0.4096871018409729,0.7257326245307922,-0.01642977073788643,0.3991774916648865,0.74337238073349,-0.007253560703247786,0.38061413168907166,0.7656114101409912,0.0009896268602460623,0.3644592761993408,0.7824742794036865,0.008228572085499763,0.0,0.0,0.0,0.0,0.0,0.0,0.0,0.0,0.0,0.0,0.0,0.0,0.0,0.0,0.0,0.0,0.0,0.0,0.0,0.0,0.0,0.0,0.0,0.0,0.0,0.0,0.0,0.0,0.0,0.0,0.0,0.0,0.0,0.0,0.0,0.0,0.0,0.0,0.0,0.0,0.0,0.0,0.0,0.0,0.0,0.0,0.0,0.0,0.0,0.0,0.0,0.0,0.0,0.0,0.0,0.0,0.0,0.0,0.0,0.0,0.0,0.0,0.0,we
0.25834929943084717,0.8635640144348145,3.5291068911647017e-07,0.24025526642799377,0.751143753528595,0.009414863772690296,0.26989811658859253,0.6672462821006775,0.011717207729816437,0.3138764798641205,0.6437490582466125,0.010249171406030655,0.350093275308609,0.6571057438850403,0.009301386773586273,0.2904016375541687,0.5957295894622803,0.003823300823569298,0.31562501192092896,0.4938093423843384,0.0006180261261761189,0.33100566267967224,0.43561434745788574,-1.855312439147383e-05,0.34417733550071716,0.38931891322135925,-0.0002494510554242879,0.3388323187828064,0.6195747256278992,-0.004781914874911308,0.38203752040863037,0.5640169382095337,-0.002135354792699218,0.40885090827941895,0.5407198667526245,-0.0025669632013887167,0.4282996654510498,0.5210025310516357,-0.0024529662914574146,0.3764403164386749,0.663262665271759,-0.01199355348944664,0.3747034966945648,0.6730437874794006,-0.005561464466154575,0.3543816804885864,0.7022721171379089,-0.0030863177962601185,0.3365596532821655,0.7239072918891907,-0.001025197096168995,0.40358400344848633,0.7120039463043213,-0.01987380161881447,0.39073559641838074,0.7268394827842712,-0.010424175299704075,0.37284016609191895,0.7489884495735168,-0.0020484812557697296,0.3569580614566803,0.7676845192909241,0.005237442906945944,0.0,0.0,0.0,0.0,0.0,0.0,0.0,0.0,0.0,0.0,0.0,0.0,0.0,0.0,0.0,0.0,0.0,0.0,0.0,0.0,0.0,0.0,0.0,0.0,0.0,0.0,0.0,0.0,0.0,0.0,0.0,0.0,0.0,0.0,0.0,0.0,0.0,0.0,0.0,0.0,0.0,0.0,0.0,0.0,0.0,0.0,0.0,0.0,0.0,0.0,0.0,0.0,0.0,0.0,0.0,0.0,0.0,0.0,0.0,0.0,0.0,0.0,0.0,we
0.2594563961029053,0.8649949431419373,3.8715609207429225e-07,0.24096354842185974,0.7531580924987793,0.007309247273951769,0.27014145255088806,0.6691197156906128,0.006974557414650917,0.3154509961605072,0.6441371440887451,0.002553167985752225,0.354508638381958,0.6572264432907104,-0.0017651703674346209,0.2872115969657898,0.6012374758720398,-0.0002136690600309521,0.31131821870803833,0.4947490692138672,-0.0060784174129366875,0.32728275656700134,0.4335789382457733,-0.008645609952509403,0.34159091114997864,0.3852084279060364,-0.00977938063442707,0.3368125855922699,0.623100757598877,-0.008109471760690212,0.37835124135017395,0.5645582675933838,-0.006314194295555353,0.4064388573169708,0.5393940210342407,-0.006169331260025501,0.42694371938705444,0.5198334455490112,-0.005833358038216829,0.37568384408950806,0.6643455028533936,-0.014948995783925056,0.373228520154953,0.6710326671600342,-0.009055552072823048,0.3540007770061493,0.7002121210098267,-0.006591008510440588,0.33643007278442383,0.7236897945404053,-0.004473449196666479,0.40408855676651,0.7107542157173157,-0.022645728662610054,0.39181214570999146,0.7236405611038208,-0.01192543189972639,0.3742850124835968,0.7462055683135986,-0.002676934003829956,0.3585849106311798,0.7661358714103699,0.004980609752237797,0.0,0.0,0.0,0.0,0.0,0.0,0.0,0.0,0.0,0.0,0.0,0.0,0.0,0.0,0.0,0.0,0.0,0.0,0.0,0.0,0.0,0.0,0.0,0.0,0.0,0.0,0.0,0.0,0.0,0.0,0.0,0.0,0.0,0.0,0.0,0.0,0.0,0.0,0.0,0.0,0.0,0.0,0.0,0.0,0.0,0.0,0.0,0.0,0.0,0.0,0.0,0.0,0.0,0.0,0.0,0.0,0.0,0.0,0.0,0.0,0.0,0.0,0.0,we
0.2545638382434845,0.8603460192680359,3.804682933150616e-07,0.2287783920764923,0.7457502484321594,0.010316764935851097,0.2553431987762451,0.6629900932312012,0.009607362560927868,0.3028066158294678,0.6302280426025391,0.006242263130843639,0.34337782859802246,0.6373927593231201,0.0031543944496661425,0.26716849207878113,0.5917080640792847,-0.009314896538853645,0.28560301661491394,0.4806157350540161,-0.016756897792220116,0.29627254605293274,0.41417717933654785,-0.020052285864949226,0.30357885360717773,0.35997065901756287,-0.022080939263105392,0.31808146834373474,0.6118621826171875,-0.01836586929857731,0.36504003405570984,0.5335244536399841,-0.016527872532606125,0.39002740383148193,0.49400559067726135,-0.016808809712529182,0.4069603681564331,0.4605828523635864,-0.017663853242993355,0.35919392108917236,0.6507740020751953,-0.02461601421236992,0.36443930864334106,0.6406054496765137,-0.015112529508769512,0.34841039776802063,0.6660175919532776,-0.007242140825837851,0.33300408720970154,0.6877307891845703,-0.0028914385475218296,0.3902222216129303,0.6974089741706848,-0.03162209689617157,0.38118183612823486,0.7006245851516724,-0.018635407090187073,0.3648223280906677,0.7220249176025391,-0.006038494873791933,0.35107219219207764,0.742895245552063,0.003694328712299466,0.0,0.0,0.0,0.0,0.0,0.0,0.0,0.0,0.0,0.0,0.0,0.0,0.0,0.0,0.0,0.0,0.0,0.0,0.0,0.0,0.0,0.0,0.0,0.0,0.0,0.0,0.0,0.0,0.0,0.0,0.0,0.0,0.0,0.0,0.0,0.0,0.0,0.0,0.0,0.0,0.0,0.0,0.0,0.0,0.0,0.0,0.0,0.0,0.0,0.0,0.0,0.0,0.0,0.0,0.0,0.0,0.0,0.0,0.0,0.0,0.0,0.0,0.0,we
0.2534477710723877,0.8662849068641663,4.0151419966605317e-07,0.22338329255580902,0.747174859046936,0.016700970008969307,0.2431824952363968,0.6633336544036865,0.015789946541190147,0.2864994406700134,0.621627688407898,0.010573138482868671,0.32699546217918396,0.6212427616119385,0.005050254985690117,0.2496676743030548,0.5956159234046936,-0.009408937767148018,0.26240766048431396,0.47732436656951904,-0.022038867697119713,0.26864510774612427,0.4036036431789398,-0.03066561184823513,0.27232810854911804,0.34411898255348206,-0.035982389003038406,0.29976972937583923,0.6107584238052368,-0.022320648655295372,0.346541166305542,0.5149198174476624,-0.022768234834074974,0.37362250685691833,0.46241074800491333,-0.02490611933171749,0.39050135016441345,0.4218566417694092,-0.027316920459270477,0.3436567485332489,0.6453529596328735,-0.03161042556166649,0.3602412939071655,0.6131933331489563,-0.021330010145902634,0.3476583957672119,0.6338689923286438,-0.010393816977739334,0.3303978145122528,0.6570364832878113,-0.004177378956228495,0.3782193064689636,0.6895298361778259,-0.041340116411447525,0.37935465574264526,0.673876941204071,-0.026035241782665253,0.36412718892097473,0.6910856366157532,-0.009235522709786892,0.34959396719932556,0.7141004800796509,0.003692873753607273,0.0,0.0,0.0,0.0,0.0,0.0,0.0,0.0,0.0,0.0,0.0,0.0,0.0,0.0,0.0,0.0,0.0,0.0,0.0,0.0,0.0,0.0,0.0,0.0,0.0,0.0,0.0,0.0,0.0,0.0,0.0,0.0,0.0,0.0,0.0,0.0,0.0,0.0,0.0,0.0,0.0,0.0,0.0,0.0,0.0,0.0,0.0,0.0,0.0,0.0,0.0,0.0,0.0,0.0,0.0,0.0,0.0,0.0,0.0,0.0,0.0,0.0,0.0,we
0.25349876284599304,0.8692969083786011,4.676626303989906e-07,0.22218403220176697,0.7563297748565674,0.017938507720828056,0.23938758671283722,0.6663818359375,0.01792706735432148,0.2822605073451996,0.6187722086906433,0.01382345799356699,0.32284146547317505,0.6122412085533142,0.009349273517727852,0.2397581934928894,0.5998051762580872,-0.009069186635315418,0.2519264817237854,0.475761353969574,-0.018485628068447113,0.2574450969696045,0.40192675590515137,-0.024204963818192482,0.2595745325088501,0.3430228531360626,-0.02726544253528118,0.292497456073761,0.6127611994743347,-0.020642200484871864,0.340192973613739,0.5095740556716919,-0.018415039405226707,0.3683623969554901,0.4525689482688904,-0.018295474350452423,0.3861228823661804,0.4129604697227478,-0.01951524056494236,0.3389424681663513,0.6437897086143494,-0.028122080489993095,0.35432037711143494,0.606122612953186,-0.01429223082959652,0.3398139178752899,0.627047598361969,-0.0023050662130117416,0.32311850786209106,0.6541515588760376,0.0038751275278627872,0.37563592195510864,0.6834858655929565,-0.035822637379169464,0.37442144751548767,0.6669564843177795,-0.016869403421878815,0.35844066739082336,0.6867521405220032,0.0009456734987907112,0.34685832262039185,0.7130937576293945,0.013850494287908077,0.0,0.0,0.0,0.0,0.0,0.0,0.0,0.0,0.0,0.0,0.0,0.0,0.0,0.0,0.0,0.0,0.0,0.0,0.0,0.0,0.0,0.0,0.0,0.0,0.0,0.0,0.0,0.0,0.0,0.0,0.0,0.0,0.0,0.0,0.0,0.0,0.0,0.0,0.0,0.0,0.0,0.0,0.0,0.0,0.0,0.0,0.0,0.0,0.0,0.0,0.0,0.0,0.0,0.0,0.0,0.0,0.0,0.0,0.0,0.0,0.0,0.0,0.0,we
0.2543624937534332,0.8669634461402893,4.742315127259644e-07,0.2247358113527298,0.7513427734375,0.01536507997661829,0.24634787440299988,0.6592434644699097,0.015040543861687183,0.29440268874168396,0.6173304915428162,0.011326087638735771,0.33794665336608887,0.6098314523696899,0.007774978876113892,0.2417970895767212,0.6002846360206604,-0.00863976962864399,0.2515246272087097,0.47519350051879883,-0.015060129575431347,0.2570223808288574,0.4021429121494293,-0.0176920834928751,0.2585626542568207,0.3444926142692566,-0.01922651007771492,0.29454803466796875,0.6141768097877502,-0.019796274602413177,0.3412856161594391,0.5088142156600952,-0.017370503395795822,0.36726152896881104,0.4534052014350891,-0.016755226999521255,0.38403844833374023,0.4150390625,-0.017895536497235298,0.33987826108932495,0.6462236046791077,-0.027337251231074333,0.35405126214027405,0.5980515480041504,-0.01778283715248108,0.33773162961006165,0.6218750476837158,-0.008152431808412075,0.3209463953971863,0.6509972810745239,-0.003063950454816222,0.37618425488471985,0.6855725049972534,-0.03477651625871658,0.3678608536720276,0.6650082468986511,-0.02132968045771122,0.3494701385498047,0.6852765083312988,-0.0069264513440430164,0.33782514929771423,0.7104509472846985,0.0035755063872784376,0.0,0.0,0.0,0.0,0.0,0.0,0.0,0.0,0.0,0.0,0.0,0.0,0.0,0.0,0.0,0.0,0.0,0.0,0.0,0.0,0.0,0.0,0.0,0.0,0.0,0.0,0.0,0.0,0.0,0.0,0.0,0.0,0.0,0.0,0.0,0.0,0.0,0.0,0.0,0.0,0.0,0.0,0.0,0.0,0.0,0.0,0.0,0.0,0.0,0.0,0.0,0.0,0.0,0.0,0.0,0.0,0.0,0.0,0.0,0.0,0.0,0.0,0.0,we
0.2516643702983856,0.867696225643158,4.323219116031396e-07,0.22690942883491516,0.753616988658905,0.01358553022146225,0.24738235771656036,0.6660864949226379,0.011834447272121906,0.2905065715312958,0.6298137903213501,0.00538991391658783,0.3325713276863098,0.6332707405090332,-0.0015802924754098058,0.2519224286079407,0.5997529029846191,-0.006932414136826992,0.26523303985595703,0.4806467592716217,-0.01592680625617504,0.27456149458885193,0.41318321228027344,-0.020263420417904854,0.28062254190444946,0.3600226938724518,-0.02210291475057602,0.3035948872566223,0.6173092722892761,-0.019345831125974655,0.35011157393455505,0.5247262716293335,-0.019594525918364525,0.3742735981941223,0.4859157204627991,-0.01934685744345188,0.3888852298259735,0.46118053793907166,-0.018572846427559853,0.34793463349342346,0.6554490923881531,-0.028906896710395813,0.3561588525772095,0.6372230052947998,-0.022069398313760757,0.3393886983394623,0.6638138294219971,-0.01474219560623169,0.3232162296772003,0.6894453763961792,-0.009371476247906685,0.3802746534347534,0.7015953660011292,-0.03859512135386467,0.3754325211048126,0.6936658024787903,-0.023526374250650406,0.3591473698616028,0.7134840488433838,-0.007173118647187948,0.34629207849502563,0.7362260222434998,0.005179851781576872,0.0,0.0,0.0,0.0,0.0,0.0,0.0,0.0,0.0,0.0,0.0,0.0,0.0,0.0,0.0,0.0,0.0,0.0,0.0,0.0,0.0,0.0,0.0,0.0,0.0,0.0,0.0,0.0,0.0,0.0,0.0,0.0,0.0,0.0,0.0,0.0,0.0,0.0,0.0,0.0,0.0,0.0,0.0,0.0,0.0,0.0,0.0,0.0,0.0,0.0,0.0,0.0,0.0,0.0,0.0,0.0,0.0,0.0,0.0,0.0,0.0,0.0,0.0,we
0.25911691784858704,0.8671743273735046,3.293702661721909e-07,0.24106286466121674,0.7571313381195068,0.00883383210748434,0.2676304578781128,0.6715766787528992,0.00839043315500021,0.31082579493522644,0.6470715403556824,0.0037599154748022556,0.3516608774662018,0.6551830768585205,-0.0004098487552255392,0.2798193097114563,0.6019667387008667,0.0015608088579028845,0.300862193107605,0.5004600286483765,-0.0014193387469276786,0.3118482530117035,0.4412496089935303,-0.0031102290377020836,0.32183918356895447,0.39254817366600037,-0.004898533690720797,0.32840171456336975,0.6249169707298279,-0.006970202084630728,0.3638123869895935,0.5782540440559387,-0.004426337778568268,0.3917556405067444,0.5577621459960938,-0.005473114550113678,0.4138106107711792,0.5372107625007629,-0.00739480322226882,0.3682592213153839,0.6682499051094055,-0.013794801197946072,0.36548087000846863,0.6795300841331482,-0.006021555047482252,0.3464718163013458,0.7119185328483582,-0.0022472869604825974,0.32965826988220215,0.7361437082290649,-0.0008565016323700547,0.3976629376411438,0.7156973481178284,-0.021314024925231934,0.3859654664993286,0.7277101874351501,-0.009692220017313957,0.369391530752182,0.7509597539901733,0.0007011521374806762,0.35621869564056396,0.7710719108581543,0.008194928988814354,0.0,0.0,0.0,0.0,0.0,0.0,0.0,0.0,0.0,0.0,0.0,0.0,0.0,0.0,0.0,0.0,0.0,0.0,0.0,0.0,0.0,0.0,0.0,0.0,0.0,0.0,0.0,0.0,0.0,0.0,0.0,0.0,0.0,0.0,0.0,0.0,0.0,0.0,0.0,0.0,0.0,0.0,0.0,0.0,0.0,0.0,0.0,0.0,0.0,0.0,0.0,0.0,0.0,0.0,0.0,0.0,0.0,0.0,0.0,0.0,0.0,0.0,0.0,we
0.2606376111507416,0.875645101070404,-1.449130024866463e-07,0.24383215606212616,0.7678040266036987,0.007562868297100067,0.2729761600494385,0.6786983609199524,0.008827662095427513,0.3148219883441925,0.6491314768791199,0.006935817655175924,0.35552749037742615,0.6537885665893555,0.005184438079595566,0.297328919172287,0.6094978451728821,0.002381092170253396,0.3194110691547394,0.5172259211540222,0.0022811030503362417,0.33315449953079224,0.4626542031764984,0.0008386255940422416,0.3438512682914734,0.420459121465683,-0.0018871624488383532,0.3451788127422333,0.6338187456130981,-0.004848985001444817,0.359872430562973,0.6273016333580017,-0.0009842636063694954,0.3558952510356903,0.6446439027786255,-0.0018661589128896594,0.34950563311576843,0.6498362421989441,-0.003947013057768345,0.3814677298069,0.6818141341209412,-0.009901698678731918,0.37035101652145386,0.6945905089378357,-0.004062405787408352,0.3536747395992279,0.7182468175888062,-0.0007756393169984221,0.33814331889152527,0.7308787703514099,-0.0005624520708806813,0.4050467312335968,0.7309789061546326,-0.015097780153155327,0.3920573890209198,0.7383624911308289,-0.006072208750993013,0.3760311007499695,0.7591097354888916,0.004442129749804735,0.3612516224384308,0.7752643823623657,0.01267523318529129,0.0,0.0,0.0,0.0,0.0,0.0,0.0,0.0,0.0,0.0,0.0,0.0,0.0,0.0,0.0,0.0,0.0,0.0,0.0,0.0,0.0,0.0,0.0,0.0,0.0,0.0,0.0,0.0,0.0,0.0,0.0,0.0,0.0,0.0,0.0,0.0,0.0,0.0,0.0,0.0,0.0,0.0,0.0,0.0,0.0,0.0,0.0,0.0,0.0,0.0,0.0,0.0,0.0,0.0,0.0,0.0,0.0,0.0,0.0,0.0,0.0,0.0,0.0,we
0.2623785138130188,0.8821157217025757,1.0247594417478467e-07,0.24195170402526855,0.7737657427787781,0.007268582470715046,0.27332502603530884,0.6870940327644348,0.011612486094236374,0.3189452290534973,0.6548275947570801,0.013648749329149723,0.35969895124435425,0.657730758190155,0.016344863921403885,0.2995758652687073,0.6149803996086121,0.00588547857478261,0.32456204295158386,0.5186232328414917,0.008866831660270691,0.3414236605167389,0.46490782499313354,0.01130583230406046,0.3559110462665558,0.4239383935928345,0.01244836114346981,0.34847649931907654,0.6412097811698914,0.0017471994506195188,0.37859660387039185,0.6128755211830139,0.01187390461564064,0.3932746648788452,0.6130486726760864,0.015210798941552639,0.4015040397644043,0.6096596717834473,0.016138773411512375,0.38439902663230896,0.6882813572883606,-0.0009442205773666501,0.3771410286426544,0.6978781819343567,0.009965427219867706,0.35859814286231995,0.7203981280326843,0.012622424401342869,0.3410890996456146,0.7370463013648987,0.012882540002465248,0.4074413478374481,0.7358095645904541,-0.003941461909562349,0.3933059573173523,0.7441916465759277,0.007903074845671654,0.37727078795433044,0.7613500952720642,0.016160670667886734,0.360897421836853,0.7767454385757446,0.022621674463152885,0.0,0.0,0.0,0.0,0.0,0.0,0.0,0.0,0.0,0.0,0.0,0.0,0.0,0.0,0.0,0.0,0.0,0.0,0.0,0.0,0.0,0.0,0.0,0.0,0.0,0.0,0.0,0.0,0.0,0.0,0.0,0.0,0.0,0.0,0.0,0.0,0.0,0.0,0.0,0.0,0.0,0.0,0.0,0.0,0.0,0.0,0.0,0.0,0.0,0.0,0.0,0.0,0.0,0.0,0.0,0.0,0.0,0.0,0.0,0.0,0.0,0.0,0.0,we
0.2610185444355011,0.8830335140228271,1.383489376394209e-07,0.24042242765426636,0.772550642490387,0.007925387471914291,0.2701968252658844,0.6872036457061768,0.012859869748353958,0.3151758909225464,0.658071756362915,0.015263272449374199,0.35468658804893494,0.6658524870872498,0.01818958669900894,0.2981032133102417,0.6151592135429382,0.007099958136677742,0.3235588073730469,0.5178878307342529,0.010636182501912117,0.3400038778781891,0.46397459506988525,0.014132080599665642,0.353872686624527,0.42263680696487427,0.016162507236003876,0.34708452224731445,0.6411266922950745,0.0024848678149282932,0.38228839635849,0.6064484119415283,0.01230550091713667,0.3978091776371002,0.6082541346549988,0.016211148351430893,0.4054354429244995,0.6084768176078796,0.018269114196300507,0.3834552764892578,0.6878768801689148,-0.000721255608368665,0.3771401643753052,0.701106071472168,0.010626834817230701,0.35773375630378723,0.7252544164657593,0.013013096526265144,0.3399592339992523,0.7423423528671265,0.013375448994338512,0.40695658326148987,0.7351089715957642,-0.004245097748935223,0.39390018582344055,0.7475318312644958,0.008400882594287395,0.3773930072784424,0.7658467292785645,0.016439195722341537,0.3605891764163971,0.7820250391960144,0.022661173716187477,0.0,0.0,0.0,0.0,0.0,0.0,0.0,0.0,0.0,0.0,0.0,0.0,0.0,0.0,0.0,0.0,0.0,0.0,0.0,0.0,0.0,0.0,0.0,0.0,0.0,0.0,0.0,0.0,0.0,0.0,0.0,0.0,0.0,0.0,0.0,0.0,0.0,0.0,0.0,0.0,0.0,0.0,0.0,0.0,0.0,0.0,0.0,0.0,0.0,0.0,0.0,0.0,0.0,0.0,0.0,0.0,0.0,0.0,0.0,0.0,0.0,0.0,0.0,we
0.2559691369533539,0.8656914830207825,2.508770649001235e-07,0.22760319709777832,0.7559776902198792,0.008510550484061241,0.25050681829452515,0.6712458729743958,0.011385821737349033,0.2934771478176117,0.6405001282691956,0.011062193661928177,0.3293086886405945,0.6497137546539307,0.011755931191146374,0.26917171478271484,0.5954073667526245,0.0062483083456754684,0.2898766100406647,0.4895225763320923,0.006405468098819256,0.30238214135169983,0.4289171099662781,0.00925734918564558,0.31422972679138184,0.38253822922706604,0.011777627281844616,0.31910672783851624,0.6145849227905273,0.00028937385650351644,0.3515428602695465,0.5588623881340027,0.004959703888744116,0.36880043148994446,0.5372591018676758,0.007359831593930721,0.38165777921676636,0.5170558094978333,0.009995078667998314,0.35984092950820923,0.6535184979438782,-0.004457452800124884,0.35717836022377014,0.6612693071365356,0.002085343701764941,0.3386971652507782,0.6944980025291443,0.004379271529614925,0.32324349880218506,0.7193912863731384,0.007388449274003506,0.39137381315231323,0.6973111629486084,-0.009425494819879532,0.38005542755126953,0.7082637548446655,0.0017078068340197206,0.36502695083618164,0.7314280271530151,0.010167384520173073,0.35090553760528564,0.7506335377693176,0.017920395359396935,0.0,0.0,0.0,0.0,0.0,0.0,0.0,0.0,0.0,0.0,0.0,0.0,0.0,0.0,0.0,0.0,0.0,0.0,0.0,0.0,0.0,0.0,0.0,0.0,0.0,0.0,0.0,0.0,0.0,0.0,0.0,0.0,0.0,0.0,0.0,0.0,0.0,0.0,0.0,0.0,0.0,0.0,0.0,0.0,0.0,0.0,0.0,0.0,0.0,0.0,0.0,0.0,0.0,0.0,0.0,0.0,0.0,0.0,0.0,0.0,0.0,0.0,0.0,we
0.2590348720550537,0.8720731735229492,2.361623501201393e-07,0.21623802185058594,0.7628020644187927,0.01063467562198639,0.22902260720729828,0.6714237928390503,0.013977576978504658,0.27238965034484863,0.625472903251648,0.014812297187745571,0.3111974000930786,0.6221938133239746,0.01662079617381096,0.24005845189094543,0.5947814583778381,0.0026789880357682705,0.2492072880268097,0.47613149881362915,0.0019900351762771606,0.25599533319473267,0.40821579098701477,0.00458771176636219,0.26214882731437683,0.35659193992614746,0.0075100017711520195,0.2935789227485657,0.6076463460922241,-0.003439950756728649,0.3206234872341156,0.5150642395019531,0.0025081865023821592,0.33239173889160156,0.47712546586990356,0.007207862567156553,0.33959487080574036,0.45135149359703064,0.011550367809832096,0.33945760130882263,0.6389866471290588,-0.007658454589545727,0.3386457562446594,0.6147510409355164,0.0018916314002126455,0.3245556950569153,0.6426793336868286,0.007287732325494289,0.3128018081188202,0.6722720861434937,0.011989991180598736,0.3751547634601593,0.6783002614974976,-0.011885284446179867,0.36429011821746826,0.6655744910240173,0.002490520477294922,0.351068377494812,0.6873610019683838,0.014085961505770683,0.3407723605632782,0.7135840654373169,0.023773804306983948,0.0,0.0,0.0,0.0,0.0,0.0,0.0,0.0,0.0,0.0,0.0,0.0,0.0,0.0,0.0,0.0,0.0,0.0,0.0,0.0,0.0,0.0,0.0,0.0,0.0,0.0,0.0,0.0,0.0,0.0,0.0,0.0,0.0,0.0,0.0,0.0,0.0,0.0,0.0,0.0,0.0,0.0,0.0,0.0,0.0,0.0,0.0,0.0,0.0,0.0,0.0,0.0,0.0,0.0,0.0,0.0,0.0,0.0,0.0,0.0,0.0,0.0,0.0,we
0.260647714138031,0.8769198656082153,3.2998607935041946e-07,0.21380892395973206,0.7692072987556458,0.01530120987445116,0.22189009189605713,0.6753694415092468,0.021766334772109985,0.2633838951587677,0.6302704215049744,0.025755956768989563,0.30312755703926086,0.6265512704849243,0.030071724206209183,0.2312486469745636,0.6007086038589478,0.0031922142952680588,0.23329505324363708,0.4725208878517151,0.002167385071516037,0.23866888880729675,0.40020668506622314,0.0035445138346403837,0.24211151897907257,0.34453412890434265,0.005928772035986185,0.28598809242248535,0.6082769632339478,-0.0021681420039385557,0.3075699210166931,0.5019817352294922,0.006203715223819017,0.3191935122013092,0.44814130663871765,0.010994765907526016,0.3272940516471863,0.40830329060554504,0.014313820749521255,0.33311954140663147,0.6355204582214355,-0.004835890140384436,0.32440969347953796,0.6039130091667175,0.007365502882748842,0.30818063020706177,0.6302312612533569,0.011910411529242992,0.29713836312294006,0.6629554629325867,0.015310892835259438,0.3694244623184204,0.6693286299705505,-0.00680684857070446,0.35001060366630554,0.6511896252632141,0.005615778733044863,0.3338734805583954,0.6744011044502258,0.014972546137869358,0.326819509267807,0.7047638297080994,0.023293843492865562,0.0,0.0,0.0,0.0,0.0,0.0,0.0,0.0,0.0,0.0,0.0,0.0,0.0,0.0,0.0,0.0,0.0,0.0,0.0,0.0,0.0,0.0,0.0,0.0,0.0,0.0,0.0,0.0,0.0,0.0,0.0,0.0,0.0,0.0,0.0,0.0,0.0,0.0,0.0,0.0,0.0,0.0,0.0,0.0,0.0,0.0,0.0,0.0,0.0,0.0,0.0,0.0,0.0,0.0,0.0,0.0,0.0,0.0,0.0,0.0,0.0,0.0,0.0,we
0.2605707347393036,0.8755597472190857,3.13592806833185e-07,0.21671557426452637,0.7690974473953247,0.02079111523926258,0.22608748078346252,0.6785622835159302,0.0270894393324852,0.26605674624443054,0.6308088898658752,0.029353763908147812,0.30756503343582153,0.6215662360191345,0.03149338439106941,0.22931212186813354,0.6041193008422852,0.006272993981838226,0.2307959794998169,0.4724966287612915,0.00403294013813138,0.2366999387741089,0.3993738889694214,0.00350979994982481,0.24120855331420898,0.34271425008773804,0.004773908294737339,0.28319618105888367,0.6101598739624023,-0.0010085987159982324,0.3065294921398163,0.5021675825119019,0.010155107825994492,0.31847384572029114,0.4505848288536072,0.016714710742235184,0.3248293995857239,0.4141700863838196,0.020164452493190765,0.33101120591163635,0.6361058950424194,-0.005228145979344845,0.3261812925338745,0.5980347394943237,0.01287754438817501,0.3117499053478241,0.6225599646568298,0.020294154062867165,0.300383597612381,0.655400812625885,0.023681994527578354,0.36749887466430664,0.6690802574157715,-0.008702445775270462,0.35036787390708923,0.6496934294700623,0.010048814117908478,0.33497005701065063,0.6715224385261536,0.022210080176591873,0.3280954360961914,0.7018505334854126,0.031183036044239998,0.0,0.0,0.0,0.0,0.0,0.0,0.0,0.0,0.0,0.0,0.0,0.0,0.0,0.0,0.0,0.0,0.0,0.0,0.0,0.0,0.0,0.0,0.0,0.0,0.0,0.0,0.0,0.0,0.0,0.0,0.0,0.0,0.0,0.0,0.0,0.0,0.0,0.0,0.0,0.0,0.0,0.0,0.0,0.0,0.0,0.0,0.0,0.0,0.0,0.0,0.0,0.0,0.0,0.0,0.0,0.0,0.0,0.0,0.0,0.0,0.0,0.0,0.0,we
0.2570745646953583,0.875188410282135,3.5086000593764766e-07,0.22082343697547913,0.7655573487281799,0.016024429351091385,0.23232567310333252,0.6767546534538269,0.016448870301246643,0.2722805440425873,0.6320368051528931,0.012328323908150196,0.3130689561367035,0.6239686608314514,0.007912003435194492,0.23780301213264465,0.6054685711860657,-0.004148636478930712,0.24283383786678314,0.47678112983703613,-0.010482567362487316,0.2494557499885559,0.4041028320789337,-0.011901108548045158,0.25428977608680725,0.34759244322776794,-0.011283730156719685,0.2906262278556824,0.6136882901191711,-0.014958887360990047,0.31764665246009827,0.5085539817810059,-0.010318368673324585,0.3310244083404541,0.45862671732902527,-0.005923619493842125,0.3393116295337677,0.4237176179885864,-0.0034061630722135305,0.3376833498477936,0.6435950994491577,-0.022873330861330032,0.3344021141529083,0.6180517673492432,-0.012208777479827404,0.3196600675582886,0.646130383014679,-0.0038103365805000067,0.3079877197742462,0.676705002784729,0.0013879893813282251,0.37339702248573303,0.6837754845619202,-0.03057868778705597,0.35992109775543213,0.6694139242172241,-0.01477273739874363,0.34540241956710815,0.6916117072105408,0.0005269771791063249,0.3359949290752411,0.7191990613937378,0.011867411434650421,0.0,0.0,0.0,0.0,0.0,0.0,0.0,0.0,0.0,0.0,0.0,0.0,0.0,0.0,0.0,0.0,0.0,0.0,0.0,0.0,0.0,0.0,0.0,0.0,0.0,0.0,0.0,0.0,0.0,0.0,0.0,0.0,0.0,0.0,0.0,0.0,0.0,0.0,0.0,0.0,0.0,0.0,0.0,0.0,0.0,0.0,0.0,0.0,0.0,0.0,0.0,0.0,0.0,0.0,0.0,0.0,0.0,0.0,0.0,0.0,0.0,0.0,0.0,we
0.26002824306488037,0.8799954652786255,-2.9871296192141017e-07,0.23986896872520447,0.7698783278465271,0.011437328532338142,0.2654830515384674,0.6748785376548767,0.010256226174533367,0.30381160974502563,0.6387200951576233,0.003690656740218401,0.3370940089225769,0.6339623332023621,-0.004095752257853746,0.28103378415107727,0.6017734408378601,-0.0014250753447413445,0.3055279552936554,0.4989973306655884,-0.00666401069611311,0.3200632631778717,0.43482866883277893,-0.01201685145497322,0.32896897196769714,0.38382506370544434,-0.018417272716760635,0.32814353704452515,0.6190754175186157,-0.014617778360843658,0.3418654203414917,0.628282368183136,-0.021934621036052704,0.32754337787628174,0.6647465825080872,-0.027022963389754295,0.31043991446495056,0.6817848086357117,-0.030820228159427643,0.3679685592651367,0.6624703407287598,-0.02479039505124092,0.3641766309738159,0.6832308173179626,-0.02703145332634449,0.34725937247276306,0.7174288034439087,-0.021109458059072495,0.32912981510162354,0.7333581447601318,-0.018490195274353027,0.39793145656585693,0.7102810144424438,-0.03488976135849953,0.3930509090423584,0.7238808274269104,-0.02990679442882538,0.3763313591480255,0.7543129920959473,-0.016473880037665367,0.361297070980072,0.7738801836967468,-0.005787642672657967,0.0,0.0,0.0,0.0,0.0,0.0,0.0,0.0,0.0,0.0,0.0,0.0,0.0,0.0,0.0,0.0,0.0,0.0,0.0,0.0,0.0,0.0,0.0,0.0,0.0,0.0,0.0,0.0,0.0,0.0,0.0,0.0,0.0,0.0,0.0,0.0,0.0,0.0,0.0,0.0,0.0,0.0,0.0,0.0,0.0,0.0,0.0,0.0,0.0,0.0,0.0,0.0,0.0,0.0,0.0,0.0,0.0,0.0,0.0,0.0,0.0,0.0,0.0,we
0.25929415225982666,0.8907318115234375,-3.7147762554923247e-07,0.24622787535190582,0.7797147035598755,0.013732952997088432,0.2803497016429901,0.6915682554244995,0.018289225175976753,0.3214123547077179,0.6681608557701111,0.01795833930373192,0.3605991005897522,0.6798132658004761,0.01658133789896965,0.3063465356826782,0.6218053698539734,0.008256683126091957,0.33519503474235535,0.5335034132003784,0.010109377093613148,0.3537721335887909,0.4817878007888794,0.009062545374035835,0.36744987964630127,0.4449651837348938,0.005893998313695192,0.3525802791118622,0.6474121809005737,-0.002440520329400897,0.36324217915534973,0.6636750102043152,-0.0018615308217704296,0.34834232926368713,0.6957293152809143,-0.004761723335832357,0.3315349519252777,0.7078090906143188,-0.007229774259030819,0.3877526819705963,0.6976640820503235,-0.010154937393963337,0.3778817355632782,0.7202861309051514,-0.005533951334655285,0.36021295189857483,0.7476977109909058,-0.003072376362979412,0.34285905957221985,0.7591028213500977,-0.0032284357585012913,0.40977293252944946,0.7479374408721924,-0.017501454800367355,0.3958846926689148,0.7696986794471741,-0.009904191829264164,0.3790088891983032,0.7916667461395264,-0.0011448253644630313,0.36289477348327637,0.807209312915802,0.006216154899448156,0.0,0.0,0.0,0.0,0.0,0.0,0.0,0.0,0.0,0.0,0.0,0.0,0.0,0.0,0.0,0.0,0.0,0.0,0.0,0.0,0.0,0.0,0.0,0.0,0.0,0.0,0.0,0.0,0.0,0.0,0.0,0.0,0.0,0.0,0.0,0.0,0.0,0.0,0.0,0.0,0.0,0.0,0.0,0.0,0.0,0.0,0.0,0.0,0.0,0.0,0.0,0.0,0.0,0.0,0.0,0.0,0.0,0.0,0.0,0.0,0.0,0.0,0.0,we
0.2645276188850403,0.8927054405212402,-1.7506440030956583e-07,0.2516198456287384,0.7794823050498962,0.004105119500309229,0.2935793697834015,0.6915279626846313,0.005314934067428112,0.3451646864414215,0.6562302708625793,0.004177943337708712,0.3917582631111145,0.6541851758956909,0.004001864232122898,0.32035568356513977,0.6277589797973633,-0.00020484560809563845,0.35303017497062683,0.5400214791297913,-0.0010312097147107124,0.3728483021259308,0.4912121891975403,-0.00095481047173962,0.38959383964538574,0.4546555280685425,-0.002189815975725651,0.36681827902793884,0.6617332696914673,-0.0063106343150138855,0.38326162099838257,0.6546249985694885,-0.006004226393997669,0.3729761838912964,0.6772670745849609,-0.006144225597381592,0.36038482189178467,0.690050482749939,-0.0060774702578783035,0.39887553453445435,0.7136774063110352,-0.010849603451788425,0.38573136925697327,0.7251018285751343,-0.008425474166870117,0.3668907582759857,0.7456027865409851,-0.004731695167720318,0.3500252366065979,0.7567399740219116,-0.0030127516947686672,0.41598379611968994,0.76414555311203,-0.015808861702680588,0.398118257522583,0.7715906500816345,-0.007767064962536097,0.37999117374420166,0.7866352200508118,0.0018557945732027292,0.3630886673927307,0.7980884909629822,0.009498299099504948,0.0,0.0,0.0,0.0,0.0,0.0,0.0,0.0,0.0,0.0,0.0,0.0,0.0,0.0,0.0,0.0,0.0,0.0,0.0,0.0,0.0,0.0,0.0,0.0,0.0,0.0,0.0,0.0,0.0,0.0,0.0,0.0,0.0,0.0,0.0,0.0,0.0,0.0,0.0,0.0,0.0,0.0,0.0,0.0,0.0,0.0,0.0,0.0,0.0,0.0,0.0,0.0,0.0,0.0,0.0,0.0,0.0,0.0,0.0,0.0,0.0,0.0,0.0,we
0.2635495960712433,0.8922468423843384,-7.763851073150363e-08,0.24831561744213104,0.7755248546600342,0.006906764581799507,0.2862076759338379,0.6881537437438965,0.01095446478575468,0.3355634808540344,0.6579723358154297,0.012481036596000195,0.37987372279167175,0.6652712821960449,0.014727273024618626,0.3175034821033478,0.6273192167282104,0.0059048268012702465,0.35139334201812744,0.5385739207267761,0.009001009166240692,0.3720380663871765,0.4915809631347656,0.0119321309030056,0.3887614905834198,0.45653578639030457,0.012926324270665646,0.36396825313568115,0.6607989072799683,0.0005656993598677218,0.38622671365737915,0.6464804410934448,0.007507860194891691,0.3849676251411438,0.6627987623214722,0.009855633601546288,0.3804205358028412,0.6703525185585022,0.010653959587216377,0.3961351811885834,0.7116179466247559,-0.0031407587230205536,0.38702452182769775,0.71940678358078,0.004156033508479595,0.3689599633216858,0.7398849129676819,0.007081670220941305,0.3524767756462097,0.7531629800796509,0.00782329123467207,0.41472846269607544,0.7601647973060608,-0.006952312309294939,0.3981885612010956,0.7652583718299866,0.00380330765619874,0.38180094957351685,0.7807969450950623,0.012969830073416233,0.36512041091918945,0.7945189476013184,0.020185379311442375,0.0,0.0,0.0,0.0,0.0,0.0,0.0,0.0,0.0,0.0,0.0,0.0,0.0,0.0,0.0,0.0,0.0,0.0,0.0,0.0,0.0,0.0,0.0,0.0,0.0,0.0,0.0,0.0,0.0,0.0,0.0,0.0,0.0,0.0,0.0,0.0,0.0,0.0,0.0,0.0,0.0,0.0,0.0,0.0,0.0,0.0,0.0,0.0,0.0,0.0,0.0,0.0,0.0,0.0,0.0,0.0,0.0,0.0,0.0,0.0,0.0,0.0,0.0,we
0.264059841632843,0.8770018219947815,1.4911174162079988e-07,0.23331694304943085,0.7615405321121216,0.005932089872658253,0.2590234577655792,0.6739296913146973,0.009982087649405003,0.3031408190727234,0.639846920967102,0.011112364940345287,0.3382457494735718,0.6439759731292725,0.01365028414875269,0.284121036529541,0.6014263033866882,0.009283398278057575,0.3100810647010803,0.49792414903640747,0.008852558210492134,0.3272632360458374,0.4388316571712494,0.011143399402499199,0.34244298934936523,0.395289808511734,0.013273254036903381,0.33291566371917725,0.6251437664031982,0.004422733560204506,0.36026865243911743,0.5830590128898621,0.004472431726753712,0.3689682185649872,0.5769307017326355,0.0050569032318890095,0.3753543198108673,0.5681796669960022,0.008175774477422237,0.3710642457008362,0.6664966940879822,0.0002450796600896865,0.36250439286231995,0.6747859120368958,0.0006104231579229236,0.342018723487854,0.7050358653068542,0.001041559618897736,0.326892226934433,0.7271636724472046,0.004571583122014999,0.398990273475647,0.7102299332618713,-0.004090345464646816,0.38559436798095703,0.7213945388793945,0.0015827957540750504,0.36904412508010864,0.7441006898880005,0.007653171196579933,0.35498109459877014,0.7628185153007507,0.015176774933934212,0.0,0.0,0.0,0.0,0.0,0.0,0.0,0.0,0.0,0.0,0.0,0.0,0.0,0.0,0.0,0.0,0.0,0.0,0.0,0.0,0.0,0.0,0.0,0.0,0.0,0.0,0.0,0.0,0.0,0.0,0.0,0.0,0.0,0.0,0.0,0.0,0.0,0.0,0.0,0.0,0.0,0.0,0.0,0.0,0.0,0.0,0.0,0.0,0.0,0.0,0.0,0.0,0.0,0.0,0.0,0.0,0.0,0.0,0.0,0.0,0.0,0.0,0.0,we
0.26027077436447144,0.868366539478302,2.842589879037405e-07,0.22842194139957428,0.7573140263557434,0.009131812490522861,0.24792858958244324,0.6667117476463318,0.01204896904528141,0.28961730003356934,0.629364013671875,0.011932404711842537,0.3263879418373108,0.6308480501174927,0.012833707965910435,0.2657276391983032,0.5923872590065002,0.005199677310883999,0.28698432445526123,0.48354312777519226,0.005511283874511719,0.2993040382862091,0.42247825860977173,0.007733504753559828,0.3084501028060913,0.3738432824611664,0.009728732518851757,0.3151038587093353,0.6096894145011902,-0.0007770499214529991,0.34916993975639343,0.5446837544441223,0.007284922990947962,0.368000328540802,0.5159646272659302,0.010690297931432724,0.3808813989162445,0.48943933844566345,0.012518583796918392,0.35655632615089417,0.6467019319534302,-0.005321235861629248,0.35202017426490784,0.6474560499191284,0.004687387961894274,0.33614471554756165,0.6785288453102112,0.008207559585571289,0.3230285346508026,0.7043361663818359,0.010562630370259285,0.3895576000213623,0.6890833377838135,-0.010214428417384624,0.3774256408214569,0.6935460567474365,0.0038528633303940296,0.3628115653991699,0.7178252935409546,0.01447190623730421,0.3506796956062317,0.7403832674026489,0.02276797592639923,0.0,0.0,0.0,0.0,0.0,0.0,0.0,0.0,0.0,0.0,0.0,0.0,0.0,0.0,0.0,0.0,0.0,0.0,0.0,0.0,0.0,0.0,0.0,0.0,0.0,0.0,0.0,0.0,0.0,0.0,0.0,0.0,0.0,0.0,0.0,0.0,0.0,0.0,0.0,0.0,0.0,0.0,0.0,0.0,0.0,0.0,0.0,0.0,0.0,0.0,0.0,0.0,0.0,0.0,0.0,0.0,0.0,0.0,0.0,0.0,0.0,0.0,0.0,we
0.25258487462997437,0.8657177090644836,3.0321157851176395e-07,0.21601423621177673,0.7571667432785034,0.014359869994223118,0.23214936256408691,0.6693591475486755,0.01662353239953518,0.2746981382369995,0.6213165521621704,0.016725922003388405,0.3120393753051758,0.6139845252037048,0.01753833331167698,0.23605899512767792,0.5965566039085388,-0.00481807067990303,0.24449914693832397,0.47378405928611755,-0.009156952612102032,0.25156569480895996,0.40116819739341736,-0.009890592657029629,0.25588560104370117,0.34466472268104553,-0.009472551755607128,0.28921520709991455,0.6087769865989685,-0.011660895310342312,0.32483601570129395,0.5117824673652649,-0.0053882659412920475,0.3424699604511261,0.46522754430770874,0.0002748207189142704,0.3524952530860901,0.42934733629226685,0.0034842700697481632,0.3349006474018097,0.6385043263435364,-0.015464835800230503,0.3417252004146576,0.6030585169792175,-0.0030200809706002474,0.3274119198322296,0.6278820633888245,0.007381943054497242,0.31351691484451294,0.6570393443107605,0.013705822639167309,0.37068361043930054,0.6764376163482666,-0.019110292196273804,0.3612314760684967,0.6605583429336548,-0.0036201945040374994,0.3468030095100403,0.6822373867034912,0.010475813411176205,0.33738505840301514,0.7094029188156128,0.021353041753172874,0.0,0.0,0.0,0.0,0.0,0.0,0.0,0.0,0.0,0.0,0.0,0.0,0.0,0.0,0.0,0.0,0.0,0.0,0.0,0.0,0.0,0.0,0.0,0.0,0.0,0.0,0.0,0.0,0.0,0.0,0.0,0.0,0.0,0.0,0.0,0.0,0.0,0.0,0.0,0.0,0.0,0.0,0.0,0.0,0.0,0.0,0.0,0.0,0.0,0.0,0.0,0.0,0.0,0.0,0.0,0.0,0.0,0.0,0.0,0.0,0.0,0.0,0.0,we
0.25497183203697205,0.8685315847396851,3.538554267379368e-07,0.22542598843574524,0.7573181390762329,0.013815750367939472,0.2412833869457245,0.6684901714324951,0.015592502430081367,0.2825842499732971,0.6322346925735474,0.012449258007109165,0.32252195477485657,0.6332018971443176,0.00925130769610405,0.25013789534568787,0.5996659398078918,0.00284946640022099,0.26134806871414185,0.47988906502723694,-0.0015339090023189783,0.2705589830875397,0.4125317931175232,-0.0023513128980994225,0.2766566574573517,0.35940179228782654,-0.001844628481194377,0.30071088671684265,0.613717257976532,-0.0078099556267261505,0.3360224962234497,0.5261445045471191,-0.0040351347997784615,0.3533736765384674,0.48728352785110474,-0.0016126111149787903,0.363683819770813,0.45964276790618896,0.00021068047499284148,0.34503355622291565,0.6488431692123413,-0.01654559187591076,0.3465370237827301,0.6379040479660034,-0.008438906632363796,0.3310107886791229,0.669274091720581,-0.0030357125215232372,0.3176577389240265,0.6970400214195251,0.0010134627809748054,0.37865886092185974,0.6930629014968872,-0.02526724524796009,0.3699473738670349,0.6890348196029663,-0.010075973346829414,0.3546733260154724,0.7122542858123779,0.004186504054814577,0.34309864044189453,0.7363083362579346,0.01480456255376339,0.0,0.0,0.0,0.0,0.0,0.0,0.0,0.0,0.0,0.0,0.0,0.0,0.0,0.0,0.0,0.0,0.0,0.0,0.0,0.0,0.0,0.0,0.0,0.0,0.0,0.0,0.0,0.0,0.0,0.0,0.0,0.0,0.0,0.0,0.0,0.0,0.0,0.0,0.0,0.0,0.0,0.0,0.0,0.0,0.0,0.0,0.0,0.0,0.0,0.0,0.0,0.0,0.0,0.0,0.0,0.0,0.0,0.0,0.0,0.0,0.0,0.0,0.0,we
0.2537945508956909,0.8719632029533386,3.559347305781557e-07,0.22335214912891388,0.7586898803710938,0.012344189919531345,0.2413572371006012,0.6699603796005249,0.014165286906063557,0.28292515873908997,0.6333597302436829,0.011645632795989513,0.32238155603408813,0.6359214186668396,0.00932752899825573,0.2493419051170349,0.599090576171875,0.0015896495897322893,0.2589038610458374,0.4808841347694397,-0.0036274760495871305,0.26656660437583923,0.41270124912261963,-0.004895522724837065,0.2715603709220886,0.35866856575012207,-0.004322896245867014,0.2999054491519928,0.6121565103530884,-0.007641279604285955,0.33409827947616577,0.5266230702400208,-0.0036132188979536295,0.35329383611679077,0.4845806360244751,-0.0016762625891715288,0.36552953720092773,0.4532608985900879,0.00015874997188802809,0.3436102867126465,0.6469679474830627,-0.015028106048703194,0.34406501054763794,0.6398760080337524,-0.007628371939063072,0.3290095627307892,0.6701639890670776,-0.004024147056043148,0.3154451847076416,0.6975733041763306,-0.0006145985680632293,0.3785594701766968,0.6907315850257874,-0.022408204153180122,0.3684241771697998,0.6925848722457886,-0.0089673837646842,0.3530285656452179,0.7161591053009033,0.0030526199843734503,0.340386301279068,0.7401342988014221,0.01280799601227045,0.0,0.0,0.0,0.0,0.0,0.0,0.0,0.0,0.0,0.0,0.0,0.0,0.0,0.0,0.0,0.0,0.0,0.0,0.0,0.0,0.0,0.0,0.0,0.0,0.0,0.0,0.0,0.0,0.0,0.0,0.0,0.0,0.0,0.0,0.0,0.0,0.0,0.0,0.0,0.0,0.0,0.0,0.0,0.0,0.0,0.0,0.0,0.0,0.0,0.0,0.0,0.0,0.0,0.0,0.0,0.0,0.0,0.0,0.0,0.0,0.0,0.0,0.0,we
0.2593119144439697,0.8858863711357117,-3.061534528114862e-07,0.24401095509529114,0.7757406234741211,0.007936408743262291,0.2774951756000519,0.6853988170623779,0.009202615357935429,0.32187268137931824,0.6623233556747437,0.006545912940055132,0.3605004549026489,0.6716398000717163,0.0031300040427595377,0.2965574860572815,0.6163855195045471,-0.0005800355575047433,0.31986647844314575,0.5175883769989014,-0.005181473679840565,0.3374611735343933,0.45810627937316895,-0.008963430300354958,0.35130929946899414,0.41371622681617737,-0.01341176312416792,0.34250015020370483,0.6382315158843994,-0.010346914641559124,0.35974156856536865,0.6429993510246277,-0.017779184505343437,0.3463965356349945,0.676077127456665,-0.022224608808755875,0.33067670464515686,0.689873456954956,-0.024208810180425644,0.37925347685813904,0.6836959719657898,-0.017871256917715073,0.375566303730011,0.70806485414505,-0.020569005981087685,0.35502663254737854,0.7384533286094666,-0.018272435292601585,0.3361035883426666,0.7507394552230835,-0.016877219080924988,0.404579222202301,0.7308132648468018,-0.025541724637150764,0.39559006690979004,0.7540224194526672,-0.023288993164896965,0.3771616816520691,0.779026210308075,-0.015827743336558342,0.3607892692089081,0.7941615581512451,-0.008844207972288132,0.0,0.0,0.0,0.0,0.0,0.0,0.0,0.0,0.0,0.0,0.0,0.0,0.0,0.0,0.0,0.0,0.0,0.0,0.0,0.0,0.0,0.0,0.0,0.0,0.0,0.0,0.0,0.0,0.0,0.0,0.0,0.0,0.0,0.0,0.0,0.0,0.0,0.0,0.0,0.0,0.0,0.0,0.0,0.0,0.0,0.0,0.0,0.0,0.0,0.0,0.0,0.0,0.0,0.0,0.0,0.0,0.0,0.0,0.0,0.0,0.0,0.0,0.0,we
0.26076117157936096,0.8754696846008301,2.768440481304424e-07,0.24461612105369568,0.7632691860198975,0.0055313617922365665,0.2761046886444092,0.6776590943336487,0.0064873299561440945,0.3196418583393097,0.653272271156311,0.0037180872168391943,0.35575100779533386,0.666756272315979,0.001836987677961588,0.2941928207874298,0.6121282577514648,0.0048160855658352375,0.3215133547782898,0.510148286819458,0.0010944047244265676,0.3393358886241913,0.4514491558074951,0.0003531716938596219,0.35432636737823486,0.4068235456943512,2.2640146198682487e-05,0.3420765697956085,0.635309636592865,-0.0023561150301247835,0.37710899114608765,0.5960056781768799,-0.001735392608679831,0.3977620005607605,0.5823050737380981,-0.002808723133057356,0.41361361742019653,0.5653890371322632,-0.0029770254623144865,0.379610151052475,0.6770193576812744,-0.008955828845500946,0.3756154477596283,0.693934440612793,-0.006704012863337994,0.3548734486103058,0.7233725190162659,-0.00547842076048255,0.33721426129341125,0.7403755187988281,-0.0036100992001593113,0.40735480189323425,0.7215000987052917,-0.01635969989001751,0.3943178951740265,0.741931676864624,-0.00963503960520029,0.37579888105392456,0.7644765377044678,-0.0024293570313602686,0.3590134382247925,0.7789269089698792,0.00426960363984108,0.0,0.0,0.0,0.0,0.0,0.0,0.0,0.0,0.0,0.0,0.0,0.0,0.0,0.0,0.0,0.0,0.0,0.0,0.0,0.0,0.0,0.0,0.0,0.0,0.0,0.0,0.0,0.0,0.0,0.0,0.0,0.0,0.0,0.0,0.0,0.0,0.0,0.0,0.0,0.0,0.0,0.0,0.0,0.0,0.0,0.0,0.0,0.0,0.0,0.0,0.0,0.0,0.0,0.0,0.0,0.0,0.0,0.0,0.0,0.0,0.0,0.0,0.0,we
0.2557893991470337,0.8628377318382263,3.263813539433613e-07,0.2307441234588623,0.7494395971298218,0.00864576455205679,0.2572827935218811,0.664482057094574,0.011436599306762218,0.3011724054813385,0.6354788541793823,0.01108582317829132,0.33441227674484253,0.6451882719993591,0.011705760844051838,0.2717786729335785,0.5909777879714966,0.004545747768133879,0.29277119040489197,0.4876747727394104,0.0027593227569013834,0.3058002293109894,0.4272916316986084,0.004116345662623644,0.31727609038352966,0.3804260790348053,0.005782440770417452,0.3215043544769287,0.6129674911499023,-0.0026946039870381355,0.3619084060192108,0.5458580255508423,0.001072065206244588,0.3814774453639984,0.518114447593689,0.003134072059765458,0.39524632692337036,0.4953022003173828,0.0057088956236839294,0.36128392815589905,0.6531209945678711,-0.008716262876987457,0.3595329523086548,0.652884840965271,-0.0025037964805960655,0.34060919284820557,0.6840749979019165,0.00022111836005933583,0.3253038227558136,0.7086141109466553,0.0034962103236466646,0.3909648358821869,0.6992387771606445,-0.015131505206227303,0.3762103319168091,0.7083944082260132,-0.0038600501138716936,0.3603261113166809,0.7314823269844055,0.005082389805465937,0.3471514880657196,0.7516044974327087,0.012825770303606987,0.0,0.0,0.0,0.0,0.0,0.0,0.0,0.0,0.0,0.0,0.0,0.0,0.0,0.0,0.0,0.0,0.0,0.0,0.0,0.0,0.0,0.0,0.0,0.0,0.0,0.0,0.0,0.0,0.0,0.0,0.0,0.0,0.0,0.0,0.0,0.0,0.0,0.0,0.0,0.0,0.0,0.0,0.0,0.0,0.0,0.0,0.0,0.0,0.0,0.0,0.0,0.0,0.0,0.0,0.0,0.0,0.0,0.0,0.0,0.0,0.0,0.0,0.0,we
0.25740399956703186,0.8610208034515381,3.459903155089705e-07,0.23497837781906128,0.748575747013092,0.008616016246378422,0.2581683099269867,0.6610546112060547,0.008990074507892132,0.299376517534256,0.6313472986221313,0.005492049735039473,0.3354184627532959,0.6403618454933167,0.0023882254026830196,0.2695566713809967,0.5949803590774536,-3.6697187510981166e-07,0.29001662135124207,0.48804599046707153,-0.0060852463357150555,0.3034171760082245,0.42572689056396484,-0.008309115655720234,0.3137374520301819,0.377421498298645,-0.009048081934452057,0.31892192363739014,0.6143366694450378,-0.008703667670488358,0.35918524861335754,0.5486651659011841,-0.007727171294391155,0.3812662363052368,0.5198758840560913,-0.007502170745283365,0.39646658301353455,0.4954477846622467,-0.006829418241977692,0.3594140410423279,0.65277099609375,-0.016134316101670265,0.35784077644348145,0.6495580673217773,-0.012274536304175854,0.3416907787322998,0.6792199611663818,-0.00927968230098486,0.3275473117828369,0.7030292749404907,-0.006242527160793543,0.3901437520980835,0.6981988549232483,-0.02397499792277813,0.3775270879268646,0.7065384387969971,-0.014368285425007343,0.36116015911102295,0.7291348576545715,-0.004393826238811016,0.3473891615867615,0.7491679787635803,0.003959027584642172,0.0,0.0,0.0,0.0,0.0,0.0,0.0,0.0,0.0,0.0,0.0,0.0,0.0,0.0,0.0,0.0,0.0,0.0,0.0,0.0,0.0,0.0,0.0,0.0,0.0,0.0,0.0,0.0,0.0,0.0,0.0,0.0,0.0,0.0,0.0,0.0,0.0,0.0,0.0,0.0,0.0,0.0,0.0,0.0,0.0,0.0,0.0,0.0,0.0,0.0,0.0,0.0,0.0,0.0,0.0,0.0,0.0,0.0,0.0,0.0,0.0,0.0,0.0,we
0.249078631401062,0.8709449768066406,3.5938762721343664e-07,0.20974215865135193,0.7596818208694458,0.009557852521538734,0.22621366381645203,0.6685256361961365,0.008626395836472511,0.2732989192008972,0.621691107749939,0.0058051347732543945,0.3143177330493927,0.61545729637146,0.0038536712527275085,0.22919100522994995,0.6057795882225037,-0.011456646956503391,0.23933908343315125,0.48276427388191223,-0.022822488099336624,0.24595211446285248,0.40743908286094666,-0.030080946162343025,0.2510386109352112,0.34886011481285095,-0.03441689908504486,0.2823677062988281,0.6190284490585327,-0.01879918947815895,0.31792163848876953,0.5139415264129639,-0.018961159512400627,0.3407427668571472,0.4572172462940216,-0.01866208389401436,0.35719338059425354,0.41380825638771057,-0.01971871219575405,0.32891976833343506,0.6474242210388184,-0.02372797578573227,0.3427591621875763,0.5950247049331665,-0.01788337528705597,0.33072495460510254,0.6146066188812256,-0.00900850910693407,0.31718745827674866,0.6440994739532471,-0.00302356225438416,0.36616429686546326,0.6842296123504639,-0.02916814014315605,0.3608990013599396,0.6592294573783875,-0.020130831748247147,0.346123605966568,0.6783537864685059,-0.008232277818024158,0.3362978398799896,0.7062121629714966,0.0018431742209941149,0.0,0.0,0.0,0.0,0.0,0.0,0.0,0.0,0.0,0.0,0.0,0.0,0.0,0.0,0.0,0.0,0.0,0.0,0.0,0.0,0.0,0.0,0.0,0.0,0.0,0.0,0.0,0.0,0.0,0.0,0.0,0.0,0.0,0.0,0.0,0.0,0.0,0.0,0.0,0.0,0.0,0.0,0.0,0.0,0.0,0.0,0.0,0.0,0.0,0.0,0.0,0.0,0.0,0.0,0.0,0.0,0.0,0.0,0.0,0.0,0.0,0.0,0.0,we
0.2483137547969818,0.8729407787322998,3.925426312889613e-07,0.21747422218322754,0.7573775053024292,0.014892196282744408,0.236604243516922,0.6654524803161621,0.01621629111468792,0.28188490867614746,0.6234357357025146,0.01348359789699316,0.32326367497444153,0.6183145046234131,0.010986678302288055,0.23876845836639404,0.6033726334571838,-0.00011813609307864681,0.2497125267982483,0.4798967242240906,-0.005809771362692118,0.25828900933265686,0.40917718410491943,-0.008314356207847595,0.2628290057182312,0.35376036167144775,-0.009267475455999374,0.2909131348133087,0.617164671421051,-0.011071489192545414,0.3293657898902893,0.5195789337158203,-0.00825422815978527,0.3488115072250366,0.4727141857147217,-0.006229117047041655,0.35987770557403564,0.438592791557312,-0.005144288297742605,0.33650603890419006,0.6512084007263184,-0.01948041468858719,0.3439069986343384,0.6122348308563232,-0.012408527545630932,0.3258760869503021,0.6389719843864441,-0.004834632854908705,0.3088654577732086,0.6683685183525085,0.0004925309913232923,0.3718688189983368,0.6944416761398315,-0.02763066440820694,0.36225104331970215,0.6749525666236877,-0.015798117965459824,0.3441283106803894,0.6950855255126953,-0.0020471131429076195,0.3319387435913086,0.7191904187202454,0.008727475069463253,0.0,0.0,0.0,0.0,0.0,0.0,0.0,0.0,0.0,0.0,0.0,0.0,0.0,0.0,0.0,0.0,0.0,0.0,0.0,0.0,0.0,0.0,0.0,0.0,0.0,0.0,0.0,0.0,0.0,0.0,0.0,0.0,0.0,0.0,0.0,0.0,0.0,0.0,0.0,0.0,0.0,0.0,0.0,0.0,0.0,0.0,0.0,0.0,0.0,0.0,0.0,0.0,0.0,0.0,0.0,0.0,0.0,0.0,0.0,0.0,0.0,0.0,0.0,we
0.2514760494232178,0.869139552116394,3.133471295768686e-07,0.2358880639076233,0.7594631910324097,0.012319382280111313,0.26354068517684937,0.6712777018547058,0.014303788542747498,0.3058319091796875,0.6430938243865967,0.011819392442703247,0.3455563187599182,0.64573073387146,0.009458547458052635,0.27767249941825867,0.5981850028038025,0.004562488291412592,0.30342578887939453,0.49275657534599304,0.0037419376894831657,0.31881949305534363,0.43365776538848877,0.004335131496191025,0.33237534761428833,0.38621315360069275,0.00437242491170764,0.32514265179634094,0.6216472387313843,-0.004525858908891678,0.3634265065193176,0.5702711343765259,0.000984875252470374,0.3881874680519104,0.552384078502655,0.0023182916920632124,0.40634414553642273,0.5349245071411133,0.0016294922679662704,0.36409634351730347,0.6647804379463196,-0.011518427170813084,0.36402082443237305,0.6739856600761414,-0.0007926577236503363,0.34483733773231506,0.7060481905937195,0.00401946110650897,0.32741063833236694,0.7297700643539429,0.00506790354847908,0.392398476600647,0.7121179699897766,-0.018827874213457108,0.3827272057533264,0.7229293584823608,-0.005440075881779194,0.3660877048969269,0.7477635145187378,0.005427428986877203,0.35282763838768005,0.7683613300323486,0.012696278281509876,0.0,0.0,0.0,0.0,0.0,0.0,0.0,0.0,0.0,0.0,0.0,0.0,0.0,0.0,0.0,0.0,0.0,0.0,0.0,0.0,0.0,0.0,0.0,0.0,0.0,0.0,0.0,0.0,0.0,0.0,0.0,0.0,0.0,0.0,0.0,0.0,0.0,0.0,0.0,0.0,0.0,0.0,0.0,0.0,0.0,0.0,0.0,0.0,0.0,0.0,0.0,0.0,0.0,0.0,0.0,0.0,0.0,0.0,0.0,0.0,0.0,0.0,0.0,we
0.25233668088912964,0.8738631010055542,2.507019871700322e-07,0.23793664574623108,0.7621117830276489,0.008127034641802311,0.270060271024704,0.6767969727516174,0.007131010759621859,0.31482237577438354,0.6472591161727905,0.0024782961700111628,0.3557732403278351,0.6530541181564331,-0.0020040732342749834,0.285047709941864,0.6069259643554688,-0.0034170462749898434,0.3142981231212616,0.5027389526367188,-0.007888324558734894,0.33167406916618347,0.4436691999435425,-0.010066463612020016,0.34706801176071167,0.3959330916404724,-0.01177839282900095,0.3322097659111023,0.6289726495742798,-0.011208491399884224,0.3732820451259613,0.5927121043205261,-0.00802477728575468,0.39398735761642456,0.5781785845756531,-0.00802842527627945,0.40664994716644287,0.5604239702224731,-0.009092997759580612,0.3706147372722626,0.6725425124168396,-0.017037034034729004,0.3704286813735962,0.688378632068634,-0.008761672303080559,0.35083118081092834,0.7176951169967651,-0.004787452053278685,0.33146098256111145,0.7367898225784302,-0.003470601513981819,0.3984364867210388,0.720714807510376,-0.023588161915540695,0.3880642056465149,0.7391958236694336,-0.01169140450656414,0.36973682045936584,0.7624814510345459,-0.0013813648838549852,0.35227450728416443,0.7807973623275757,0.006456771865487099,0.0,0.0,0.0,0.0,0.0,0.0,0.0,0.0,0.0,0.0,0.0,0.0,0.0,0.0,0.0,0.0,0.0,0.0,0.0,0.0,0.0,0.0,0.0,0.0,0.0,0.0,0.0,0.0,0.0,0.0,0.0,0.0,0.0,0.0,0.0,0.0,0.0,0.0,0.0,0.0,0.0,0.0,0.0,0.0,0.0,0.0,0.0,0.0,0.0,0.0,0.0,0.0,0.0,0.0,0.0,0.0,0.0,0.0,0.0,0.0,0.0,0.0,0.0,we
0.2539426386356354,0.8745909929275513,3.074107723932684e-07,0.2357536256313324,0.764121413230896,0.005557654425501823,0.2667810916900635,0.6799357533454895,0.005105502903461456,0.3144245147705078,0.6544150710105896,0.0010920801432803273,0.3554920256137848,0.6651594638824463,-0.0024986823555082083,0.2857432961463928,0.6092796921730042,-0.00020028716244269162,0.3129415512084961,0.5036005973815918,-0.004178560338914394,0.33040866255760193,0.4432802200317383,-0.0063493456691503525,0.3464673161506653,0.39472928643226624,-0.00796707533299923,0.3332005739212036,0.6308901309967041,-0.006752504501491785,0.37049198150634766,0.5927113890647888,-0.003922509960830212,0.3935258984565735,0.5730706453323364,-0.004665154963731766,0.41023290157318115,0.5522607564926147,-0.0057823387905955315,0.3709191679954529,0.6732245683670044,-0.012251891195774078,0.3671886920928955,0.6899803280830383,-0.0051102708093822,0.3459816873073578,0.7198322415351868,-0.0031471538823097944,0.3272930681705475,0.7404934763908386,-0.0024217746686190367,0.3990032374858856,0.7189601063728333,-0.018892405554652214,0.38799357414245605,0.7391462326049805,-0.00879667978733778,0.3689109683036804,0.762401819229126,-0.0011770105920732021,0.3517717123031616,0.7809112668037415,0.0051164934411644936,0.0,0.0,0.0,0.0,0.0,0.0,0.0,0.0,0.0,0.0,0.0,0.0,0.0,0.0,0.0,0.0,0.0,0.0,0.0,0.0,0.0,0.0,0.0,0.0,0.0,0.0,0.0,0.0,0.0,0.0,0.0,0.0,0.0,0.0,0.0,0.0,0.0,0.0,0.0,0.0,0.0,0.0,0.0,0.0,0.0,0.0,0.0,0.0,0.0,0.0,0.0,0.0,0.0,0.0,0.0,0.0,0.0,0.0,0.0,0.0,0.0,0.0,0.0,we
0.2547275125980377,0.8668760657310486,3.38971887003936e-07,0.2328570932149887,0.7548498511314392,0.008032227866351604,0.25875669717788696,0.6691877841949463,0.009729594923555851,0.30141332745552063,0.6402609944343567,0.007553091272711754,0.33910050988197327,0.6477981209754944,0.0058015803806483746,0.27961674332618713,0.5983465313911438,0.004822824150323868,0.30494070053100586,0.49260449409484863,0.001967137213796377,0.32160404324531555,0.4321689307689667,0.0013836935395374894,0.33557069301605225,0.3847629725933075,0.0015784248244017363,0.3287070691585541,0.62221759557724,-0.002280870918184519,0.3662176728248596,0.5686237215995789,0.002391634276136756,0.39040660858154297,0.5461702346801758,0.0035141680855304003,0.40837451815605164,0.5270988941192627,0.004158352967351675,0.36696088314056396,0.6654913425445557,-0.008400418795645237,0.36130601167678833,0.6700900197029114,-0.002124674618244171,0.34242284297943115,0.6994697451591492,-2.507122371753212e-05,0.32685285806655884,0.7233490347862244,0.0018255934119224548,0.3952791392803192,0.7129350304603577,-0.015014789067208767,0.3810870051383972,0.7229791283607483,-0.005149951670318842,0.36289456486701965,0.7454429864883423,0.0037036770954728127,0.3472957909107208,0.7657294273376465,0.01125134713947773,0.0,0.0,0.0,0.0,0.0,0.0,0.0,0.0,0.0,0.0,0.0,0.0,0.0,0.0,0.0,0.0,0.0,0.0,0.0,0.0,0.0,0.0,0.0,0.0,0.0,0.0,0.0,0.0,0.0,0.0,0.0,0.0,0.0,0.0,0.0,0.0,0.0,0.0,0.0,0.0,0.0,0.0,0.0,0.0,0.0,0.0,0.0,0.0,0.0,0.0,0.0,0.0,0.0,0.0,0.0,0.0,0.0,0.0,0.0,0.0,0.0,0.0,0.0,we
0.2508421540260315,0.8749236464500427,3.0217870516935363e-07,0.21717244386672974,0.761600136756897,0.011396389454603195,0.23795820772647858,0.6699272394180298,0.014895823784172535,0.2879457473754883,0.6272283792495728,0.01647845096886158,0.3296785056591034,0.628612220287323,0.01945146732032299,0.24229690432548523,0.5995768308639526,0.0012233882443979383,0.2596968412399292,0.4779571294784546,0.000776586530264467,0.270893394947052,0.4087088108062744,0.0024261351209133863,0.2792779207229614,0.35370731353759766,0.0034199832007288933,0.29440897703170776,0.6173925399780273,-0.004876371007412672,0.3366858959197998,0.5285742282867432,0.0009684900287538767,0.3579502999782562,0.490845263004303,0.004209382925182581,0.3715091943740845,0.46198105812072754,0.00589606212452054,0.338907927274704,0.6505800485610962,-0.008645734749734402,0.35319027304649353,0.6151143312454224,0.0004410854307934642,0.33770236372947693,0.6384578943252563,0.005926129873842001,0.32114529609680176,0.6666842103004456,0.009458431042730808,0.37513864040374756,0.6897454857826233,-0.012377062812447548,0.36675795912742615,0.6759092807769775,-0.0007853676797822118,0.35107100009918213,0.6948581337928772,0.00817783921957016,0.33983317017555237,0.71955406665802,0.015564332716166973,0.0,0.0,0.0,0.0,0.0,0.0,0.0,0.0,0.0,0.0,0.0,0.0,0.0,0.0,0.0,0.0,0.0,0.0,0.0,0.0,0.0,0.0,0.0,0.0,0.0,0.0,0.0,0.0,0.0,0.0,0.0,0.0,0.0,0.0,0.0,0.0,0.0,0.0,0.0,0.0,0.0,0.0,0.0,0.0,0.0,0.0,0.0,0.0,0.0,0.0,0.0,0.0,0.0,0.0,0.0,0.0,0.0,0.0,0.0,0.0,0.0,0.0,0.0,we
0.25370627641677856,0.8780151605606079,2.009173272199405e-07,0.23018570244312286,0.7676041722297668,0.007504351437091827,0.2540857493877411,0.6746119856834412,0.006360751111060381,0.2971988320350647,0.6418542265892029,0.0014378887135535479,0.3348240852355957,0.6434574127197266,-0.003057184163480997,0.26377490162849426,0.6004543304443359,-0.0026629320345818996,0.28111138939857483,0.48984140157699585,-0.009065200574696064,0.29179811477661133,0.42295658588409424,-0.01301139872521162,0.3000117242336273,0.3707416355609894,-0.01601598598062992,0.3130044639110565,0.6174163222312927,-0.011284884065389633,0.3474930226802826,0.5758664011955261,-0.011686647310853004,0.3622440695762634,0.5627464056015015,-0.01387147419154644,0.37062472105026245,0.5445609092712402,-0.015781844034790993,0.3551173806190491,0.6579049229621887,-0.018075356259942055,0.3566725552082062,0.6731326580047607,-0.014764808118343353,0.3407399356365204,0.7049221396446228,-0.011779372580349445,0.32515037059783936,0.7248606085777283,-0.009858191944658756,0.38696014881134033,0.7051728963851929,-0.025351228192448616,0.38131964206695557,0.723861813545227,-0.015752477571368217,0.36487749218940735,0.7502517700195312,-0.0049202535301446915,0.3503718376159668,0.7693766951560974,0.003802891820669174,0.0,0.0,0.0,0.0,0.0,0.0,0.0,0.0,0.0,0.0,0.0,0.0,0.0,0.0,0.0,0.0,0.0,0.0,0.0,0.0,0.0,0.0,0.0,0.0,0.0,0.0,0.0,0.0,0.0,0.0,0.0,0.0,0.0,0.0,0.0,0.0,0.0,0.0,0.0,0.0,0.0,0.0,0.0,0.0,0.0,0.0,0.0,0.0,0.0,0.0,0.0,0.0,0.0,0.0,0.0,0.0,0.0,0.0,0.0,0.0,0.0,0.0,0.0,we
0.26126226782798767,0.8898466229438782,-2.8817913744205725e-07,0.24378013610839844,0.7783197164535522,0.009505808353424072,0.2751826047897339,0.6840791702270508,0.010495582595467567,0.3176381587982178,0.6561583876609802,0.006777475122362375,0.35400626063346863,0.6619575023651123,0.0024925898760557175,0.2924571931362152,0.6170281171798706,0.0013856657315045595,0.3213393986225128,0.5170507431030273,-0.003937810193747282,0.34045249223709106,0.4533475637435913,-0.009776811115443707,0.35326647758483887,0.40507733821868896,-0.016116924583911896,0.33857452869415283,0.6407948136329651,-0.009910150431096554,0.35673850774765015,0.6528047323226929,-0.018230721354484558,0.34150442481040955,0.6889237761497498,-0.023328550159931183,0.3230202794075012,0.7022491097450256,-0.026069197803735733,0.37568020820617676,0.6894192695617676,-0.018778527155518532,0.37526819109916687,0.7095277309417725,-0.021318932995200157,0.35700714588165283,0.7406810522079468,-0.015641657635569572,0.3383115828037262,0.7523818016052246,-0.012243617326021194,0.4017338156700134,0.7401742339134216,-0.027766676619648933,0.3978573977947235,0.7564331293106079,-0.022600894793868065,0.38020971417427063,0.7812876105308533,-0.009921709075570107,0.364286869764328,0.796049952507019,0.000640725193079561,0.0,0.0,0.0,0.0,0.0,0.0,0.0,0.0,0.0,0.0,0.0,0.0,0.0,0.0,0.0,0.0,0.0,0.0,0.0,0.0,0.0,0.0,0.0,0.0,0.0,0.0,0.0,0.0,0.0,0.0,0.0,0.0,0.0,0.0,0.0,0.0,0.0,0.0,0.0,0.0,0.0,0.0,0.0,0.0,0.0,0.0,0.0,0.0,0.0,0.0,0.0,0.0,0.0,0.0,0.0,0.0,0.0,0.0,0.0,0.0,0.0,0.0,0.0,we
0.2588050067424774,0.8927803039550781,-3.0350176416504837e-07,0.24078401923179626,0.7809144258499146,0.005215434357523918,0.2749919295310974,0.6855079531669617,0.005981480237096548,0.3185892701148987,0.6520582437515259,0.003181751584634185,0.3546377122402191,0.65822833776474,0.0004144456470385194,0.29427316784858704,0.6192570924758911,-0.0009452638332732022,0.3190895617008209,0.5203025341033936,-0.00679817283526063,0.33672070503234863,0.45570194721221924,-0.012149856425821781,0.350322961807251,0.407484233379364,-0.018019556999206543,0.3428563177585602,0.6412414312362671,-0.010095248930156231,0.35248202085494995,0.6614790558815002,-0.019147129729390144,0.33742931485176086,0.6985684037208557,-0.02440498396754265,0.3222730755805969,0.7128018140792847,-0.0267319455742836,0.37954971194267273,0.6901702284812927,-0.017306799069046974,0.37101858854293823,0.7168194651603699,-0.021582940593361855,0.3534068167209625,0.7467067241668701,-0.017198970541357994,0.3392432630062103,0.7560787200927734,-0.014247119426727295,0.4046782851219177,0.7421689033508301,-0.025054853409528732,0.3946306109428406,0.763836145401001,-0.022598547860980034,0.37626025080680847,0.7857511639595032,-0.012728085741400719,0.3610084652900696,0.7961493730545044,-0.003717697225511074,0.0,0.0,0.0,0.0,0.0,0.0,0.0,0.0,0.0,0.0,0.0,0.0,0.0,0.0,0.0,0.0,0.0,0.0,0.0,0.0,0.0,0.0,0.0,0.0,0.0,0.0,0.0,0.0,0.0,0.0,0.0,0.0,0.0,0.0,0.0,0.0,0.0,0.0,0.0,0.0,0.0,0.0,0.0,0.0,0.0,0.0,0.0,0.0,0.0,0.0,0.0,0.0,0.0,0.0,0.0,0.0,0.0,0.0,0.0,0.0,0.0,0.0,0.0,we
0.25948238372802734,0.8947371244430542,-1.4284891847182735e-07,0.2546243667602539,0.7819063663482666,0.01560666598379612,0.2960072159767151,0.6971896290779114,0.024345887824892998,0.3435264825820923,0.675377368927002,0.030096063390374184,0.38702288269996643,0.6908094882965088,0.03577165678143501,0.32599353790283203,0.630536675453186,0.011316603049635887,0.3631429970264435,0.5451354384422302,0.022570345550775528,0.38470757007598877,0.49696603417396545,0.030075807124376297,0.4008828103542328,0.4608997702598572,0.033257856965065,0.3695671558380127,0.6648606657981873,0.005667881574481726,0.39487192034721375,0.66587233543396,0.022296467795968056,0.39483484625816345,0.6834927201271057,0.02756962552666664,0.39029648900032043,0.6871621608734131,0.027955612167716026,0.40035301446914673,0.7189382314682007,0.0033996040001511574,0.3944591283798218,0.7328715324401855,0.02124480903148651,0.3758755326271057,0.7516406178474426,0.024272684007883072,0.35585978627204895,0.7634351253509521,0.022111183032393456,0.41811880469322205,0.7689005732536316,0.0018816834781318903,0.4055612087249756,0.7772454619407654,0.01882568746805191,0.3889085650444031,0.7918902635574341,0.027859432622790337,0.37089040875434875,0.8071801662445068,0.03352995589375496,0.0,0.0,0.0,0.0,0.0,0.0,0.0,0.0,0.0,0.0,0.0,0.0,0.0,0.0,0.0,0.0,0.0,0.0,0.0,0.0,0.0,0.0,0.0,0.0,0.0,0.0,0.0,0.0,0.0,0.0,0.0,0.0,0.0,0.0,0.0,0.0,0.0,0.0,0.0,0.0,0.0,0.0,0.0,0.0,0.0,0.0,0.0,0.0,0.0,0.0,0.0,0.0,0.0,0.0,0.0,0.0,0.0,0.0,0.0,0.0,0.0,0.0,0.0,we
0.2622623145580292,0.8813952803611755,1.902625541561065e-07,0.2367505431175232,0.759368896484375,0.00672767823562026,0.2686372697353363,0.6691422462463379,0.011271096765995026,0.31634455919265747,0.6435470581054688,0.013072841800749302,0.34984421730041504,0.6600347757339478,0.0163714662194252,0.2885110378265381,0.5984199047088623,0.009271002374589443,0.31500154733657837,0.49424946308135986,0.009947977028787136,0.33113428950309753,0.43276447057724,0.012777171097695827,0.3452366292476654,0.38844212889671326,0.015435251407325268,0.33759960532188416,0.6224265694618225,0.004958586301654577,0.3683961033821106,0.5807008743286133,0.007550360634922981,0.3824580907821655,0.5740303993225098,0.008039077743887901,0.39401912689208984,0.5654730200767517,0.010700936429202557,0.375835657119751,0.6642721891403198,0.001741511863656342,0.36866575479507446,0.6715764999389648,0.005277970340102911,0.34672603011131287,0.6998401284217834,0.004893661942332983,0.3301739990711212,0.7200047969818115,0.00740525359287858,0.40427231788635254,0.708625316619873,-0.0016009293030947447,0.3885183334350586,0.7214085459709167,0.0074543640948832035,0.37196260690689087,0.743841290473938,0.013881627470254898,0.3575250208377838,0.7617472410202026,0.021309031173586845,0.0,0.0,0.0,0.0,0.0,0.0,0.0,0.0,0.0,0.0,0.0,0.0,0.0,0.0,0.0,0.0,0.0,0.0,0.0,0.0,0.0,0.0,0.0,0.0,0.0,0.0,0.0,0.0,0.0,0.0,0.0,0.0,0.0,0.0,0.0,0.0,0.0,0.0,0.0,0.0,0.0,0.0,0.0,0.0,0.0,0.0,0.0,0.0,0.0,0.0,0.0,0.0,0.0,0.0,0.0,0.0,0.0,0.0,0.0,0.0,0.0,0.0,0.0,we
0.25328606367111206,0.8671672940254211,3.1414856493938714e-07,0.22670432925224304,0.7499967813491821,0.015830151736736298,0.24774004518985748,0.6636545658111572,0.018790876492857933,0.2911478281021118,0.6224719285964966,0.01772744208574295,0.32726505398750305,0.6241529583930969,0.016955630853772163,0.25930890440940857,0.5906295776367188,0.001947778626345098,0.2826167643070221,0.47536560893058777,-0.0009953073458746076,0.2965964674949646,0.4085577428340912,0.00031506927916780114,0.30548444390296936,0.35644039511680603,0.0024204920046031475,0.3090188205242157,0.6093401908874512,-0.008427560329437256,0.3582703173160553,0.5257195830345154,-0.003259591991081834,0.37967056035995483,0.4932059645652771,0.0011914969654753804,0.39144086837768555,0.46853476762771606,0.004760087467730045,0.3517747223377228,0.6466320157051086,-0.016205091029405594,0.3652428686618805,0.628119170665741,-0.00630024541169405,0.3513256907463074,0.6541737914085388,0.0013500213390216231,0.3370426893234253,0.6771805882453918,0.006666817236691713,0.38543304800987244,0.6918434500694275,-0.023763539269566536,0.38359683752059937,0.6883230209350586,-0.006682998035103083,0.36803510785102844,0.7098657488822937,0.007912872359156609,0.3537895679473877,0.7312856316566467,0.018888747319579124,0.0,0.0,0.0,0.0,0.0,0.0,0.0,0.0,0.0,0.0,0.0,0.0,0.0,0.0,0.0,0.0,0.0,0.0,0.0,0.0,0.0,0.0,0.0,0.0,0.0,0.0,0.0,0.0,0.0,0.0,0.0,0.0,0.0,0.0,0.0,0.0,0.0,0.0,0.0,0.0,0.0,0.0,0.0,0.0,0.0,0.0,0.0,0.0,0.0,0.0,0.0,0.0,0.0,0.0,0.0,0.0,0.0,0.0,0.0,0.0,0.0,0.0,0.0,we
0.2552725076675415,0.8638392686843872,3.6060575325791433e-07,0.22999270260334015,0.7491620779037476,0.012677391991019249,0.25162047147750854,0.6606186032295227,0.013001181185245514,0.29571333527565,0.6239367723464966,0.009064638055860996,0.3374077379703522,0.6267045140266418,0.005171351600438356,0.2596030831336975,0.592751681804657,-0.0012908878270536661,0.2790171205997467,0.47516125440597534,-0.007899359799921513,0.29263386130332947,0.4079844355583191,-0.009679757058620453,0.30157801508903503,0.35615819692611694,-0.009547642432153225,0.30891984701156616,0.6090932488441467,-0.011647438630461693,0.35713380575180054,0.5251561403274536,-0.010678302496671677,0.3805758059024811,0.4931027293205261,-0.008653482422232628,0.39334359765052795,0.4712662100791931,-0.006147515494376421,0.3518207371234894,0.6440480947494507,-0.019921032711863518,0.3625255525112152,0.6248267292976379,-0.014162777923047543,0.3473396897315979,0.6518200635910034,-0.008415160700678825,0.33089157938957214,0.6779252886772156,-0.0035368679091334343,0.3855719566345215,0.6863598823547363,-0.028218446299433708,0.3809971809387207,0.6840640306472778,-0.015029631555080414,0.364612877368927,0.7058402299880981,-0.0018999231979250908,0.34973785281181335,0.7287531495094299,0.008633735589683056,0.0,0.0,0.0,0.0,0.0,0.0,0.0,0.0,0.0,0.0,0.0,0.0,0.0,0.0,0.0,0.0,0.0,0.0,0.0,0.0,0.0,0.0,0.0,0.0,0.0,0.0,0.0,0.0,0.0,0.0,0.0,0.0,0.0,0.0,0.0,0.0,0.0,0.0,0.0,0.0,0.0,0.0,0.0,0.0,0.0,0.0,0.0,0.0,0.0,0.0,0.0,0.0,0.0,0.0,0.0,0.0,0.0,0.0,0.0,0.0,0.0,0.0,0.0,we
0.2550380527973175,0.8735498785972595,3.5884630733562517e-07,0.2173038125038147,0.7628270983695984,0.011059325188398361,0.23201808333396912,0.6668782234191895,0.011175042949616909,0.27828067541122437,0.6149680614471436,0.009702444076538086,0.32017937302589417,0.6055675745010376,0.009348651394248009,0.2356792390346527,0.6008144021034241,-0.010139464400708675,0.24911347031593323,0.47220319509506226,-0.018533598631620407,0.25792574882507324,0.3983350396156311,-0.02306404337286949,0.26288726925849915,0.3390432596206665,-0.025657454505562782,0.28937286138534546,0.6142779588699341,-0.016586458310484886,0.32950595021247864,0.5112887620925903,-0.013877589255571365,0.35173940658569336,0.4584110975265503,-0.011661125347018242,0.36539924144744873,0.4156632423400879,-0.011419915594160557,0.33596980571746826,0.6428666710853577,-0.020186375826597214,0.35129618644714355,0.5921616554260254,-0.01064308825880289,0.337869793176651,0.6154268383979797,-0.00018114845443051308,0.32268524169921875,0.6455410718917847,0.006239340640604496,0.37391042709350586,0.6787264943122864,-0.02406095154583454,0.37022334337234497,0.6538258194923401,-0.01180009264498949,0.3543146550655365,0.6742808222770691,0.0015156468143686652,0.3440254032611847,0.7006992697715759,0.012239290401339531,0.0,0.0,0.0,0.0,0.0,0.0,0.0,0.0,0.0,0.0,0.0,0.0,0.0,0.0,0.0,0.0,0.0,0.0,0.0,0.0,0.0,0.0,0.0,0.0,0.0,0.0,0.0,0.0,0.0,0.0,0.0,0.0,0.0,0.0,0.0,0.0,0.0,0.0,0.0,0.0,0.0,0.0,0.0,0.0,0.0,0.0,0.0,0.0,0.0,0.0,0.0,0.0,0.0,0.0,0.0,0.0,0.0,0.0,0.0,0.0,0.0,0.0,0.0,we
0.25670740008354187,0.8776829242706299,3.697346073749941e-07,0.2356407791376114,0.7631654143333435,0.013728451915085316,0.25918543338775635,0.6713271141052246,0.014513557776808739,0.3031395375728607,0.6388320326805115,0.01072626281529665,0.34276342391967773,0.6421139240264893,0.00695686973631382,0.26407182216644287,0.6009228229522705,0.00047742610331624746,0.28232118487358093,0.4859486520290375,-0.003635292174294591,0.2936646640300751,0.4208170175552368,-0.004868613556027412,0.30190446972846985,0.36844754219055176,-0.005723366513848305,0.31338563561439514,0.6185131072998047,-0.01070806011557579,0.35708755254745483,0.5426948666572571,-0.0071701351553201675,0.3814306855201721,0.5134247541427612,-0.006104667671024799,0.3969593048095703,0.4877915680408478,-0.0064075100235641,0.35715925693511963,0.6567630171775818,-0.0194533858448267,0.3664437234401703,0.6551033854484558,-0.010824601165950298,0.35043883323669434,0.6875988841056824,-0.004890491720288992,0.33352139592170715,0.7119672894477844,-0.001956104300916195,0.3908173143863678,0.7027468085289001,-0.028326695784926414,0.38800203800201416,0.7079609036445618,-0.014105954207479954,0.372935950756073,0.7334534525871277,-0.0005178754799999297,0.3594247102737427,0.755094587802887,0.009039202705025673,0.0,0.0,0.0,0.0,0.0,0.0,0.0,0.0,0.0,0.0,0.0,0.0,0.0,0.0,0.0,0.0,0.0,0.0,0.0,0.0,0.0,0.0,0.0,0.0,0.0,0.0,0.0,0.0,0.0,0.0,0.0,0.0,0.0,0.0,0.0,0.0,0.0,0.0,0.0,0.0,0.0,0.0,0.0,0.0,0.0,0.0,0.0,0.0,0.0,0.0,0.0,0.0,0.0,0.0,0.0,0.0,0.0,0.0,0.0,0.0,0.0,0.0,0.0,we
0.25986650586128235,0.8777226209640503,3.858984953808431e-08,0.24442580342292786,0.7658544182777405,0.008083552122116089,0.27498868107795715,0.6767081618309021,0.006539751309901476,0.31963011622428894,0.6481630802154541,0.0007593035697937012,0.3578220009803772,0.6522650122642517,-0.004986107815057039,0.29119858145713806,0.6044096946716309,-0.0012528158258646727,0.3143700957298279,0.5018807649612427,-0.005989859811961651,0.3265085816383362,0.44209808111190796,-0.009187993593513966,0.33677440881729126,0.3953225016593933,-0.012291204184293747,0.3392746150493622,0.62674880027771,-0.010970092378556728,0.3662428855895996,0.6052577495574951,-0.011716476641595364,0.3747517764568329,0.6079983115196228,-0.01517079584300518,0.37873730063438416,0.5997216701507568,-0.01833833009004593,0.3784712851047516,0.6712371706962585,-0.018571803346276283,0.3757227957248688,0.6907071471214294,-0.016052965074777603,0.35793501138687134,0.7218589782714844,-0.013375467620790005,0.3406250774860382,0.7378531098365784,-0.012164543382823467,0.40644967555999756,0.7183830738067627,-0.02648983523249626,0.39758431911468506,0.7337597608566284,-0.018420647829771042,0.3801237940788269,0.758719801902771,-0.007911920547485352,0.36441612243652344,0.7769371867179871,0.0006955165881663561,0.0,0.0,0.0,0.0,0.0,0.0,0.0,0.0,0.0,0.0,0.0,0.0,0.0,0.0,0.0,0.0,0.0,0.0,0.0,0.0,0.0,0.0,0.0,0.0,0.0,0.0,0.0,0.0,0.0,0.0,0.0,0.0,0.0,0.0,0.0,0.0,0.0,0.0,0.0,0.0,0.0,0.0,0.0,0.0,0.0,0.0,0.0,0.0,0.0,0.0,0.0,0.0,0.0,0.0,0.0,0.0,0.0,0.0,0.0,0.0,0.0,0.0,0.0,we
0.2626069188117981,0.8764069080352783,2.4680022647771693e-07,0.2515280544757843,0.7616016268730164,0.00819410476833582,0.2848808765411377,0.6753548979759216,0.00990670919418335,0.3278304636478424,0.6476482152938843,0.007922939956188202,0.3671714663505554,0.6535345911979675,0.007045730482786894,0.30112022161483765,0.6094881296157837,0.004943509120494127,0.3319460153579712,0.5140513777732849,0.003685782430693507,0.34984955191612244,0.46062159538269043,0.0030959313735365868,0.3656981587409973,0.41800254583358765,0.002191962441429496,0.34766730666160583,0.6323912143707275,-0.002125344704836607,0.3880125880241394,0.6006581783294678,0.0027063479647040367,0.4115339517593384,0.5891326069831848,0.0023408797569572926,0.42719459533691406,0.5745633244514465,0.0009822078282013535,0.3854880630970001,0.6751981973648071,-0.007859072647988796,0.3835791349411011,0.6915934681892395,0.00046084122732281685,0.36320701241493225,0.7199826240539551,0.0033137144055217505,0.3433350622653961,0.7376823425292969,0.004027990624308586,0.41348180174827576,0.7225422859191895,-0.0144256092607975,0.40293368697166443,0.7412770390510559,-0.0034048687666654587,0.3840584456920624,0.7636092901229858,0.0050543309189379215,0.36598271131515503,0.7800183892250061,0.011529420502483845,0.0,0.0,0.0,0.0,0.0,0.0,0.0,0.0,0.0,0.0,0.0,0.0,0.0,0.0,0.0,0.0,0.0,0.0,0.0,0.0,0.0,0.0,0.0,0.0,0.0,0.0,0.0,0.0,0.0,0.0,0.0,0.0,0.0,0.0,0.0,0.0,0.0,0.0,0.0,0.0,0.0,0.0,0.0,0.0,0.0,0.0,0.0,0.0,0.0,0.0,0.0,0.0,0.0,0.0,0.0,0.0,0.0,0.0,0.0,0.0,0.0,0.0,0.0,we
0.2637726962566376,0.8731162548065186,2.763735835742409e-07,0.24996866285800934,0.7577577829360962,0.007996714673936367,0.28204259276390076,0.6729509234428406,0.010755353607237339,0.3273049592971802,0.6518463492393494,0.009845210239291191,0.3654446303844452,0.6666038632392883,0.009700831025838852,0.29897016286849976,0.6073466539382935,0.008225524798035622,0.32956522703170776,0.509739875793457,0.009296867996454239,0.34931156039237976,0.45684757828712463,0.010591000318527222,0.3653343915939331,0.4152083694934845,0.011149287223815918,0.3467024564743042,0.6324766278266907,0.0017428761348128319,0.3854704797267914,0.5924220085144043,0.008536433801054955,0.40703797340393066,0.5813659429550171,0.009317335672676563,0.42027169466018677,0.5706473588943481,0.009249355643987656,0.38543927669525146,0.6765823364257812,-0.003712397301569581,0.3821806311607361,0.6901872158050537,0.0052068112418055534,0.3607950210571289,0.7207781076431274,0.006704580504447222,0.34062430262565613,0.7411200404167175,0.007084789220243692,0.414850652217865,0.7248226404190063,-0.009830409660935402,0.4045913815498352,0.7412142753601074,0.0019612049218267202,0.3857002556324005,0.7641039490699768,0.009900088422000408,0.3677123785018921,0.7820274233818054,0.016101423650979996,0.0,0.0,0.0,0.0,0.0,0.0,0.0,0.0,0.0,0.0,0.0,0.0,0.0,0.0,0.0,0.0,0.0,0.0,0.0,0.0,0.0,0.0,0.0,0.0,0.0,0.0,0.0,0.0,0.0,0.0,0.0,0.0,0.0,0.0,0.0,0.0,0.0,0.0,0.0,0.0,0.0,0.0,0.0,0.0,0.0,0.0,0.0,0.0,0.0,0.0,0.0,0.0,0.0,0.0,0.0,0.0,0.0,0.0,0.0,0.0,0.0,0.0,0.0,we
0.25690191984176636,0.8707485198974609,3.2492391710547963e-07,0.2291075736284256,0.7514514923095703,0.012295912951231003,0.25245895981788635,0.6614978909492493,0.013208831660449505,0.3004593551158905,0.6191684603691101,0.010747057385742664,0.34122371673583984,0.6162201166152954,0.009293625131249428,0.2584172487258911,0.594889223575592,0.00012792514462489635,0.2818416953086853,0.4824047088623047,-0.004273418802767992,0.2941182851791382,0.4140707850456238,-0.005811979528516531,0.30195000767707825,0.3607228994369507,-0.00616989191621542,0.3086232542991638,0.6146581768989563,-0.009552770294249058,0.3526230454444885,0.5275486707687378,-0.006999364122748375,0.37760311365127563,0.48851528763771057,-0.0061096008867025375,0.39375945925712585,0.4606049656867981,-0.005573832895606756,0.3538975119590759,0.6505183577537537,-0.016881758347153664,0.36864492297172546,0.6196099519729614,-0.008770902641117573,0.3565637767314911,0.6430525779724121,-0.0016107844421640038,0.34170401096343994,0.6671876907348633,0.0034335898235440254,0.39023298025131226,0.6946154236793518,-0.02446053735911846,0.3859531283378601,0.6746081113815308,-0.008705987595021725,0.37255340814590454,0.6922115087509155,0.00598660483956337,0.3601537346839905,0.7139371037483215,0.017288783565163612,0.0,0.0,0.0,0.0,0.0,0.0,0.0,0.0,0.0,0.0,0.0,0.0,0.0,0.0,0.0,0.0,0.0,0.0,0.0,0.0,0.0,0.0,0.0,0.0,0.0,0.0,0.0,0.0,0.0,0.0,0.0,0.0,0.0,0.0,0.0,0.0,0.0,0.0,0.0,0.0,0.0,0.0,0.0,0.0,0.0,0.0,0.0,0.0,0.0,0.0,0.0,0.0,0.0,0.0,0.0,0.0,0.0,0.0,0.0,0.0,0.0,0.0,0.0,we
0.2571154832839966,0.8842424750328064,3.7339600567065645e-07,0.21881850063800812,0.7710367441177368,0.009103452786803246,0.23622621595859528,0.6736751198768616,0.006823870353400707,0.2843286693096161,0.6195728778839111,0.003786355024203658,0.3253088891506195,0.6057732701301575,0.0018906628247350454,0.23741891980171204,0.6105258464813232,-0.019551821053028107,0.2480122447013855,0.48144617676734924,-0.03259418532252312,0.2556126117706299,0.4036460816860199,-0.041785456240177155,0.26071199774742126,0.3407118320465088,-0.04817698150873184,0.29212820529937744,0.6262820363044739,-0.026802776381373405,0.3309011459350586,0.5176689624786377,-0.027458423748612404,0.35487544536590576,0.45924249291419983,-0.02803253009915352,0.37063270807266235,0.41324782371520996,-0.030830908566713333,0.3396340608596802,0.6557742357254028,-0.030876636505126953,0.3562445640563965,0.5886677503585815,-0.024226414039731026,0.34180593490600586,0.6081051230430603,-0.01341871079057455,0.3253247141838074,0.6385744214057922,-0.007022173143923283,0.3777945041656494,0.6921538710594177,-0.035299863666296005,0.37187671661376953,0.6525001525878906,-0.025792067870497704,0.3548831045627594,0.6679614186286926,-0.012312560342252254,0.34473317861557007,0.6941218376159668,-0.0014920041430741549,0.0,0.0,0.0,0.0,0.0,0.0,0.0,0.0,0.0,0.0,0.0,0.0,0.0,0.0,0.0,0.0,0.0,0.0,0.0,0.0,0.0,0.0,0.0,0.0,0.0,0.0,0.0,0.0,0.0,0.0,0.0,0.0,0.0,0.0,0.0,0.0,0.0,0.0,0.0,0.0,0.0,0.0,0.0,0.0,0.0,0.0,0.0,0.0,0.0,0.0,0.0,0.0,0.0,0.0,0.0,0.0,0.0,0.0,0.0,0.0,0.0,0.0,0.0,we
0.25752970576286316,0.8888591527938843,4.1281788298874744e-07,0.22735384106636047,0.7675778865814209,0.014564127661287785,0.24865907430648804,0.671601414680481,0.013053919188678265,0.29704681038856506,0.6270400881767273,0.007126242853701115,0.3419783115386963,0.6202549934387207,0.001358023495413363,0.24670779705047607,0.6103931069374084,-0.006587526295334101,0.2588982880115509,0.4852280616760254,-0.01566331647336483,0.2659740447998047,0.4123240113258362,-0.020473847165703773,0.2696380615234375,0.3530397117137909,-0.02341986633837223,0.2998461127281189,0.623451292514801,-0.019669048488140106,0.3404521346092224,0.5205168128013611,-0.01959412172436714,0.36402249336242676,0.4673929214477539,-0.019486304372549057,0.3794548213481903,0.4266170561313629,-0.02060641534626484,0.34679073095321655,0.6562371253967285,-0.029880493879318237,0.36204439401626587,0.6081753969192505,-0.024667875841259956,0.3456822335720062,0.6356954574584961,-0.015642959624528885,0.328101247549057,0.6653103232383728,-0.00963954720646143,0.3850153386592865,0.6984656453132629,-0.040157441049814224,0.3815898895263672,0.6729735732078552,-0.029103538021445274,0.3648180067539215,0.6940692067146301,-0.01436649076640606,0.35236287117004395,0.718575119972229,-0.003066308330744505,0.0,0.0,0.0,0.0,0.0,0.0,0.0,0.0,0.0,0.0,0.0,0.0,0.0,0.0,0.0,0.0,0.0,0.0,0.0,0.0,0.0,0.0,0.0,0.0,0.0,0.0,0.0,0.0,0.0,0.0,0.0,0.0,0.0,0.0,0.0,0.0,0.0,0.0,0.0,0.0,0.0,0.0,0.0,0.0,0.0,0.0,0.0,0.0,0.0,0.0,0.0,0.0,0.0,0.0,0.0,0.0,0.0,0.0,0.0,0.0,0.0,0.0,0.0,we
0.2578306198120117,0.8901250958442688,4.158298452239251e-07,0.22587600350379944,0.7696588039398193,0.012447844259440899,0.24700471758842468,0.6757200956344604,0.009818836115300655,0.29515692591667175,0.6302173733711243,0.003246390027925372,0.33879685401916504,0.6242061853408813,-0.0029450845904648304,0.24538744986057281,0.6096724271774292,-0.010224570520222187,0.2568937838077545,0.4862239360809326,-0.021341808140277863,0.2629103362560272,0.4124096930027008,-0.027654394507408142,0.26586249470710754,0.35314154624938965,-0.03164052963256836,0.29963913559913635,0.6253260970115662,-0.022825414314866066,0.34027552604675293,0.5206347703933716,-0.025485236197710037,0.3652380704879761,0.46653878688812256,-0.027347814291715622,0.38225382566452026,0.42594683170318604,-0.029669616371393204,0.3468737006187439,0.6587671041488647,-0.032543063163757324,0.3620656728744507,0.6073426008224487,-0.0295854602009058,0.3480079174041748,0.6308069229125977,-0.020494811236858368,0.3313649296760559,0.6594380140304565,-0.013972576707601547,0.3849794268608093,0.7001979351043701,-0.04249650985002518,0.38006776571273804,0.6691005825996399,-0.03299697861075401,0.3649052679538727,0.6867172718048096,-0.018131224438548088,0.35284924507141113,0.7110287547111511,-0.006236898712813854,0.0,0.0,0.0,0.0,0.0,0.0,0.0,0.0,0.0,0.0,0.0,0.0,0.0,0.0,0.0,0.0,0.0,0.0,0.0,0.0,0.0,0.0,0.0,0.0,0.0,0.0,0.0,0.0,0.0,0.0,0.0,0.0,0.0,0.0,0.0,0.0,0.0,0.0,0.0,0.0,0.0,0.0,0.0,0.0,0.0,0.0,0.0,0.0,0.0,0.0,0.0,0.0,0.0,0.0,0.0,0.0,0.0,0.0,0.0,0.0,0.0,0.0,0.0,we
0.26594507694244385,0.8762224912643433,1.5856934965086111e-07,0.251956045627594,0.7633750438690186,0.01051459088921547,0.28176191449165344,0.672551155090332,0.008941534906625748,0.32514631748199463,0.6412559151649475,0.0033741819206625223,0.3629544675350189,0.6450756788253784,-0.0023892181925475597,0.29714739322662354,0.6045370101928711,-0.0059822010807693005,0.32311880588531494,0.4973577857017517,-0.010716653428971767,0.3384692668914795,0.43561556935310364,-0.012360968627035618,0.34911760687828064,0.38867124915122986,-0.014124059118330479,0.34545180201530457,0.6309110522270203,-0.016346624121069908,0.38156142830848694,0.586113691329956,-0.01438311580568552,0.39760562777519226,0.5820114016532898,-0.01289293635636568,0.4072893261909485,0.5751781463623047,-0.013606110587716103,0.3844131529331207,0.6772136688232422,-0.024145370349287987,0.38427501916885376,0.6813516020774841,-0.01799304038286209,0.3670353889465332,0.7079401016235352,-0.010938234627246857,0.3515562117099762,0.7265042066574097,-0.00808870978653431,0.41266417503356934,0.7255740165710449,-0.032095376402139664,0.4046948552131653,0.727936863899231,-0.020965998992323875,0.3886590301990509,0.7503541707992554,-0.00755646824836731,0.37560027837753296,0.7683749198913574,0.0017131388885900378,0.0,0.0,0.0,0.0,0.0,0.0,0.0,0.0,0.0,0.0,0.0,0.0,0.0,0.0,0.0,0.0,0.0,0.0,0.0,0.0,0.0,0.0,0.0,0.0,0.0,0.0,0.0,0.0,0.0,0.0,0.0,0.0,0.0,0.0,0.0,0.0,0.0,0.0,0.0,0.0,0.0,0.0,0.0,0.0,0.0,0.0,0.0,0.0,0.0,0.0,0.0,0.0,0.0,0.0,0.0,0.0,0.0,0.0,0.0,0.0,0.0,0.0,0.0,we
0.26793649792671204,0.8679229617118835,3.977311848757381e-07,0.2617111802101135,0.7600719928741455,0.003744382644072175,0.29836419224739075,0.6779277324676514,0.00381835107691586,0.34253162145614624,0.6568400263786316,0.0007965326076373458,0.38042151927948,0.6698181629180908,-0.0011370606953278184,0.31837648153305054,0.606643795967102,9.004410821944475e-05,0.35393616557121277,0.5125990509986877,-0.004841571673750877,0.37361374497413635,0.45856979489326477,-0.007274886593222618,0.3895641267299652,0.41534528136253357,-0.009005360305309296,0.36333662271499634,0.6352391839027405,-0.005664179567247629,0.4133073687553406,0.602318525314331,-0.006716916337609291,0.4467724859714508,0.5860700607299805,-0.00954295601695776,0.47023457288742065,0.5683536529541016,-0.011341550387442112,0.39741939306259155,0.6824949979782104,-0.010540933348238468,0.3974725604057312,0.7046947479248047,-0.007756988983601332,0.37440887093544006,0.7350512742996216,-0.006189242005348206,0.35265132784843445,0.7537157535552979,-0.004330154974013567,0.42065829038619995,0.7318386435508728,-0.01660725101828575,0.41196778416633606,0.7553830742835999,-0.011006108485162258,0.3919263780117035,0.7781230211257935,-0.00464827474206686,0.37409093976020813,0.7934643030166626,0.0014864958357065916,0.0,0.0,0.0,0.0,0.0,0.0,0.0,0.0,0.0,0.0,0.0,0.0,0.0,0.0,0.0,0.0,0.0,0.0,0.0,0.0,0.0,0.0,0.0,0.0,0.0,0.0,0.0,0.0,0.0,0.0,0.0,0.0,0.0,0.0,0.0,0.0,0.0,0.0,0.0,0.0,0.0,0.0,0.0,0.0,0.0,0.0,0.0,0.0,0.0,0.0,0.0,0.0,0.0,0.0,0.0,0.0,0.0,0.0,0.0,0.0,0.0,0.0,0.0,we
0.26176685094833374,0.8670008778572083,3.5064238090853905e-07,0.2384968101978302,0.7473312616348267,0.0132759353145957,0.261976420879364,0.6607174873352051,0.0129244951531291,0.30889520049095154,0.6230834722518921,0.008696855045855045,0.34847745299339294,0.6254618167877197,0.004868271294981241,0.27231717109680176,0.5918576121330261,-0.004767373204231262,0.29767006635665894,0.4810243248939514,-0.013107776641845703,0.3114713132381439,0.41285595297813416,-0.016962671652436256,0.32094213366508484,0.3589434325695038,-0.0182955339550972,0.31949707865715027,0.6120418906211853,-0.016403544694185257,0.3707531690597534,0.5237661004066467,-0.015398716554045677,0.3978189527988434,0.4830430746078491,-0.014078482985496521,0.415591299533844,0.45294201374053955,-0.012762926518917084,0.3605368137359619,0.6501286029815674,-0.02553490549325943,0.38355737924575806,0.6294894218444824,-0.018066074699163437,0.3713972270488739,0.6539930105209351,-0.009595736861228943,0.3557448089122772,0.6762523651123047,-0.003322883974760771,0.39295974373817444,0.6985493302345276,-0.03508445620536804,0.39818936586380005,0.690864622592926,-0.01990533620119095,0.38471314311027527,0.710711658000946,-0.004385150037705898,0.3701532781124115,0.7306435704231262,0.007952137850224972,0.0,0.0,0.0,0.0,0.0,0.0,0.0,0.0,0.0,0.0,0.0,0.0,0.0,0.0,0.0,0.0,0.0,0.0,0.0,0.0,0.0,0.0,0.0,0.0,0.0,0.0,0.0,0.0,0.0,0.0,0.0,0.0,0.0,0.0,0.0,0.0,0.0,0.0,0.0,0.0,0.0,0.0,0.0,0.0,0.0,0.0,0.0,0.0,0.0,0.0,0.0,0.0,0.0,0.0,0.0,0.0,0.0,0.0,0.0,0.0,0.0,0.0,0.0,we
0.2587584853172302,0.8746758103370667,4.181692929705605e-07,0.22927787899971008,0.7577397227287292,0.017279643565416336,0.24961072206497192,0.6682329773902893,0.01827322132885456,0.29505449533462524,0.6188369989395142,0.01586884818971157,0.3354743421077728,0.6113616824150085,0.013283399865031242,0.2568708062171936,0.6013143062591553,-0.009061702527105808,0.2761105000972748,0.4751025438308716,-0.019932828843593597,0.28780025243759155,0.3985292911529541,-0.02751901187002659,0.2959797978401184,0.3391578793525696,-0.03183514624834061,0.30887606739997864,0.620540976524353,-0.01885055936872959,0.35648712515830994,0.5197222828865051,-0.016946090385317802,0.38569486141204834,0.46588751673698425,-0.016096556559205055,0.4046076536178589,0.42705589532852173,-0.01692589558660984,0.35365721583366394,0.6552858948707581,-0.02492351271212101,0.370811402797699,0.6055889129638672,-0.012440880760550499,0.3572123348712921,0.6216335892677307,-0.000290544587187469,0.3405539393424988,0.6478301882743835,0.006468108855187893,0.38773196935653687,0.6963809132575989,-0.03101620450615883,0.38738664984703064,0.6652425527572632,-0.01468801312148571,0.37057626247406006,0.6782599687576294,0.0017054150812327862,0.35844436287879944,0.7017808556556702,0.014190864749252796,0.0,0.0,0.0,0.0,0.0,0.0,0.0,0.0,0.0,0.0,0.0,0.0,0.0,0.0,0.0,0.0,0.0,0.0,0.0,0.0,0.0,0.0,0.0,0.0,0.0,0.0,0.0,0.0,0.0,0.0,0.0,0.0,0.0,0.0,0.0,0.0,0.0,0.0,0.0,0.0,0.0,0.0,0.0,0.0,0.0,0.0,0.0,0.0,0.0,0.0,0.0,0.0,0.0,0.0,0.0,0.0,0.0,0.0,0.0,0.0,0.0,0.0,0.0,we
0.26088210940361023,0.8713880777359009,4.39436149690664e-07,0.23233389854431152,0.7554137110710144,0.014521476812660694,0.2551944851875305,0.6635599136352539,0.012640485540032387,0.3040808439254761,0.6201448440551758,0.007380981929600239,0.34960705041885376,0.6155557632446289,0.002204212127253413,0.25396400690078735,0.6016184091567993,-0.013077120296657085,0.27396202087402344,0.47238337993621826,-0.023366330191493034,0.28620317578315735,0.39719468355178833,-0.028437161818146706,0.29516831040382385,0.33845290541648865,-0.030994024127721786,0.3065072298049927,0.6191332340240479,-0.02351185493171215,0.3556475341320038,0.5176376700401306,-0.022987646982073784,0.38413751125335693,0.46660494804382324,-0.02078506164252758,0.4032903015613556,0.43127256631851196,-0.020538976415991783,0.35251492261886597,0.6531150341033936,-0.03051634319126606,0.3720771074295044,0.6019567847251892,-0.02231001853942871,0.3561960756778717,0.6250002384185791,-0.010813524015247822,0.3388221561908722,0.6554635167121887,-0.0038089342415332794,0.38836443424224854,0.6934261918067932,-0.03750951215624809,0.3852313160896301,0.6649342179298401,-0.024589506909251213,0.36764761805534363,0.6823949813842773,-0.00927892979234457,0.356087863445282,0.7073858380317688,0.0024636576417833567,0.0,0.0,0.0,0.0,0.0,0.0,0.0,0.0,0.0,0.0,0.0,0.0,0.0,0.0,0.0,0.0,0.0,0.0,0.0,0.0,0.0,0.0,0.0,0.0,0.0,0.0,0.0,0.0,0.0,0.0,0.0,0.0,0.0,0.0,0.0,0.0,0.0,0.0,0.0,0.0,0.0,0.0,0.0,0.0,0.0,0.0,0.0,0.0,0.0,0.0,0.0,0.0,0.0,0.0,0.0,0.0,0.0,0.0,0.0,0.0,0.0,0.0,0.0,we
0.2577231526374817,0.8843479752540588,3.747647667751153e-07,0.24116620421409607,0.7679944038391113,0.011526452377438545,0.27111154794692993,0.6751608848571777,0.011685849167406559,0.31789854168891907,0.6466244459152222,0.007460386026650667,0.3563433289527893,0.6508313417434692,0.0035073470789939165,0.28072378039360046,0.6053135395050049,-6.947729707462713e-05,0.3031012713909149,0.4916548728942871,-0.0053175208158791065,0.3171176016330719,0.42641234397888184,-0.007856377400457859,0.32860079407691956,0.37456509470939636,-0.009758329950273037,0.3303769528865814,0.6282976269721985,-0.010793433524668217,0.3739645779132843,0.5573762059211731,-0.009266085922718048,0.4013541638851166,0.5310577154159546,-0.00999762024730444,0.4208274483680725,0.507550060749054,-0.011191822588443756,0.37208789587020874,0.6714734435081482,-0.019375408068299294,0.3765402138233185,0.6690754890441895,-0.01371778454631567,0.35889241099357605,0.7007882595062256,-0.008995210751891136,0.34109795093536377,0.7243947982788086,-0.006115416996181011,0.402432382106781,0.7218000292778015,-0.02811252884566784,0.39596810936927795,0.726206362247467,-0.016778340563178062,0.3803369104862213,0.7509714365005493,-0.004041044507175684,0.3665790557861328,0.7716466188430786,0.005571527872234583,0.0,0.0,0.0,0.0,0.0,0.0,0.0,0.0,0.0,0.0,0.0,0.0,0.0,0.0,0.0,0.0,0.0,0.0,0.0,0.0,0.0,0.0,0.0,0.0,0.0,0.0,0.0,0.0,0.0,0.0,0.0,0.0,0.0,0.0,0.0,0.0,0.0,0.0,0.0,0.0,0.0,0.0,0.0,0.0,0.0,0.0,0.0,0.0,0.0,0.0,0.0,0.0,0.0,0.0,0.0,0.0,0.0,0.0,0.0,0.0,0.0,0.0,0.0,we
0.26417040824890137,0.8949059844017029,1.8519280331474874e-07,0.26062703132629395,0.779914379119873,0.014126620255410671,0.30127233266830444,0.6980542540550232,0.02014128863811493,0.3504486680030823,0.685666024684906,0.02178279496729374,0.3924085199832916,0.7043019533157349,0.02353503182530403,0.3291431665420532,0.6295930743217468,0.011519460007548332,0.3678159713745117,0.5391008257865906,0.017058229073882103,0.3908718526363373,0.49074679613113403,0.021275300532579422,0.41097813844680786,0.4536402225494385,0.02318195253610611,0.37270087003707886,0.6638290882110596,0.003577016294002533,0.41888320446014404,0.6388190984725952,0.015407704748213291,0.4451340138912201,0.6311588883399963,0.01862821727991104,0.4641181230545044,0.6204202771186829,0.018430102616548538,0.40471506118774414,0.7174386978149414,-0.0022803712636232376,0.4043756127357483,0.73993319272995,0.013497103936970234,0.38285788893699646,0.7657511234283447,0.01610543578863144,0.36329135298728943,0.7826451063156128,0.014890864491462708,0.4258195459842682,0.7703337669372559,-0.008389891125261784,0.4142741858959198,0.7897891998291016,0.005864258389919996,0.3955501317977905,0.8089135885238647,0.013341320678591728,0.3791583180427551,0.8235698938369751,0.018183063715696335,0.0,0.0,0.0,0.0,0.0,0.0,0.0,0.0,0.0,0.0,0.0,0.0,0.0,0.0,0.0,0.0,0.0,0.0,0.0,0.0,0.0,0.0,0.0,0.0,0.0,0.0,0.0,0.0,0.0,0.0,0.0,0.0,0.0,0.0,0.0,0.0,0.0,0.0,0.0,0.0,0.0,0.0,0.0,0.0,0.0,0.0,0.0,0.0,0.0,0.0,0.0,0.0,0.0,0.0,0.0,0.0,0.0,0.0,0.0,0.0,0.0,0.0,0.0,we
0.26638877391815186,0.8967676758766174,-1.7993613710132195e-07,0.2582605183124542,0.7825418710708618,0.009416154585778713,0.294406533241272,0.6928210258483887,0.012814702466130257,0.3360981047153473,0.6709056496620178,0.011715504340827465,0.36942386627197266,0.6874318718910217,0.0106537826359272,0.3217093348503113,0.6237474679946899,0.00849112868309021,0.35418033599853516,0.5337963104248047,0.006584665272384882,0.37403228878974915,0.4797275960445404,0.0052800364792346954,0.3903770446777344,0.4401630163192749,0.0029086885042488575,0.3677205443382263,0.6506246328353882,-0.0008366979309357703,0.38734036684036255,0.657284677028656,-0.0036944407038390636,0.3800867199897766,0.6890720725059509,-0.007016973569989204,0.3731468915939331,0.6989660263061523,-0.007930831983685493,0.40181130170822144,0.6990149021148682,-0.008299401961266994,0.3975094258785248,0.7237013578414917,-0.008637676946818829,0.3785492181777954,0.7517751455307007,-0.006609135307371616,0.3630494773387909,0.7598516941070557,-0.004612894728779793,0.4243062138557434,0.7470541000366211,-0.015837527811527252,0.41342711448669434,0.7695236206054688,-0.011239447630941868,0.394712895154953,0.7923403978347778,-0.0032156449742615223,0.37750813364982605,0.8030152320861816,0.004909781273454428,0.0,0.0,0.0,0.0,0.0,0.0,0.0,0.0,0.0,0.0,0.0,0.0,0.0,0.0,0.0,0.0,0.0,0.0,0.0,0.0,0.0,0.0,0.0,0.0,0.0,0.0,0.0,0.0,0.0,0.0,0.0,0.0,0.0,0.0,0.0,0.0,0.0,0.0,0.0,0.0,0.0,0.0,0.0,0.0,0.0,0.0,0.0,0.0,0.0,0.0,0.0,0.0,0.0,0.0,0.0,0.0,0.0,0.0,0.0,0.0,0.0,0.0,0.0,we
0.25210458040237427,0.8828243017196655,3.742977696674643e-07,0.2256254255771637,0.756870687007904,0.012083339504897594,0.2509876489639282,0.6640309691429138,0.014052667655050755,0.2999458312988281,0.6321394443511963,0.012663353234529495,0.33634355664253235,0.6398061513900757,0.012090522795915604,0.2582443952560425,0.5960004329681396,0.002018606523051858,0.27963685989379883,0.4791530966758728,-0.0015806410228833556,0.29317721724510193,0.40929463505744934,-0.0012877325061708689,0.30220526456832886,0.3570150136947632,0.0005967788747511804,0.3081991374492645,0.6145736575126648,-0.00692612724378705,0.35615628957748413,0.5268122553825378,-0.004426171537488699,0.3774157762527466,0.48668545484542847,-0.00284195551648736,0.388904869556427,0.45569908618927,0.00016688268806319684,0.35066935420036316,0.648829460144043,-0.013819389045238495,0.3649581968784332,0.6341835856437683,-0.0066079976968467236,0.34956684708595276,0.661694347858429,-0.003542770631611347,0.3328210413455963,0.6844382882118225,0.00014055661449674517,0.38411372900009155,0.6923439502716064,-0.0208696611225605,0.3824152946472168,0.6947377920150757,-0.006272310856729746,0.3676651418209076,0.7180349826812744,0.004829449579119682,0.35205990076065063,0.7381627559661865,0.014562457799911499,0.0,0.0,0.0,0.0,0.0,0.0,0.0,0.0,0.0,0.0,0.0,0.0,0.0,0.0,0.0,0.0,0.0,0.0,0.0,0.0,0.0,0.0,0.0,0.0,0.0,0.0,0.0,0.0,0.0,0.0,0.0,0.0,0.0,0.0,0.0,0.0,0.0,0.0,0.0,0.0,0.0,0.0,0.0,0.0,0.0,0.0,0.0,0.0,0.0,0.0,0.0,0.0,0.0,0.0,0.0,0.0,0.0,0.0,0.0,0.0,0.0,0.0,0.0,we
0.2524690628051758,0.8724254965782166,3.7444857525770203e-07,0.2281540036201477,0.7541058659553528,0.011670859530568123,0.2523127496242523,0.6631795763969421,0.010774146765470505,0.29898539185523987,0.6259263157844543,0.005761474370956421,0.3417092561721802,0.6299859881401062,0.0009868028573691845,0.25709328055381775,0.594286322593689,-0.002731804735958576,0.2779689133167267,0.47519928216934204,-0.010304214432835579,0.29135754704475403,0.4078373908996582,-0.012271693907678127,0.29978111386299133,0.35605889558792114,-0.012260456569492817,0.30811166763305664,0.6110512018203735,-0.013988140039145947,0.3578675091266632,0.5221010446548462,-0.015538517385721207,0.3808606266975403,0.49065712094306946,-0.014603137969970703,0.39276546239852905,0.46990999579429626,-0.012143604457378387,0.3520362675189972,0.6463022232055664,-0.02321483939886093,0.3634897470474243,0.6284523606300354,-0.01989666186273098,0.347797155380249,0.6562257409095764,-0.01448467280715704,0.3302338421344757,0.6809421181678772,-0.009260294027626514,0.38674846291542053,0.689038872718811,-0.03259541466832161,0.3833146393299103,0.6897074580192566,-0.020861156284809113,0.3669159412384033,0.7128603458404541,-0.00807051733136177,0.3512071669101715,0.7347117066383362,0.0023741270415484905,0.0,0.0,0.0,0.0,0.0,0.0,0.0,0.0,0.0,0.0,0.0,0.0,0.0,0.0,0.0,0.0,0.0,0.0,0.0,0.0,0.0,0.0,0.0,0.0,0.0,0.0,0.0,0.0,0.0,0.0,0.0,0.0,0.0,0.0,0.0,0.0,0.0,0.0,0.0,0.0,0.0,0.0,0.0,0.0,0.0,0.0,0.0,0.0,0.0,0.0,0.0,0.0,0.0,0.0,0.0,0.0,0.0,0.0,0.0,0.0,0.0,0.0,0.0,we
0.25245749950408936,0.886138379573822,3.214195203327108e-07,0.2161724865436554,0.76833575963974,0.015536884777247906,0.2318321168422699,0.6729524731636047,0.018254881724715233,0.2786265015602112,0.6257101893424988,0.018175967037677765,0.31818822026252747,0.6184505224227905,0.018504608422517776,0.24009481072425842,0.6093055605888367,-0.004243217874318361,0.252309113740921,0.4820627272129059,-0.009691108949482441,0.2614614963531494,0.4087598919868469,-0.012205892242491245,0.2665160596370697,0.3497346043586731,-0.013434669934213161,0.2934704124927521,0.6250094175338745,-0.013058055192232132,0.3312305808067322,0.5207055807113647,-0.008706190623342991,0.35239845514297485,0.46649032831192017,-0.0062196203507483006,0.3663685619831085,0.42378076910972595,-0.0056938729248940945,0.33906134963035583,0.6574456095695496,-0.01857161708176136,0.34701815247535706,0.6035041809082031,-0.008803263306617737,0.3311643600463867,0.6239026188850403,-0.00022219590027816594,0.31580105423927307,0.652667224407196,0.005115265492349863,0.37451300024986267,0.6968713998794556,-0.02368522435426712,0.3634765148162842,0.6631817817687988,-0.010686579160392284,0.3454021215438843,0.6789057850837708,0.0028185744304209948,0.3349376618862152,0.7042730450630188,0.013489987701177597,0.0,0.0,0.0,0.0,0.0,0.0,0.0,0.0,0.0,0.0,0.0,0.0,0.0,0.0,0.0,0.0,0.0,0.0,0.0,0.0,0.0,0.0,0.0,0.0,0.0,0.0,0.0,0.0,0.0,0.0,0.0,0.0,0.0,0.0,0.0,0.0,0.0,0.0,0.0,0.0,0.0,0.0,0.0,0.0,0.0,0.0,0.0,0.0,0.0,0.0,0.0,0.0,0.0,0.0,0.0,0.0,0.0,0.0,0.0,0.0,0.0,0.0,0.0,we
0.2603561282157898,0.9030530452728271,-2.984954790008487e-07,0.24426858127117157,0.7910209894180298,0.012551833875477314,0.27541738748550415,0.6965852975845337,0.016112105920910835,0.3205878436565399,0.6711685657501221,0.014489160850644112,0.3609188199043274,0.6777256727218628,0.01173115149140358,0.29971855878829956,0.6253836154937744,0.005166568793356419,0.3274577260017395,0.5214775204658508,0.003750114468857646,0.3462415337562561,0.4617167115211487,0.002557518891990185,0.3612149655818939,0.415931761264801,-0.00038748819497413933,0.3469460606575012,0.6490566730499268,-0.0065295943059027195,0.3700267970561981,0.6433159708976746,-0.00871603935956955,0.35838866233825684,0.6774195432662964,-0.010030103847384453,0.3436836302280426,0.6918482780456543,-0.010867903009057045,0.38504788279533386,0.6964443325996399,-0.01582607813179493,0.3833445906639099,0.7190696001052856,-0.01346516516059637,0.36346903443336487,0.7518019080162048,-0.009907080791890621,0.3443148732185364,0.7645356059074402,-0.008935492485761642,0.4111020565032959,0.746254026889801,-0.025037910789251328,0.4031015634536743,0.7686110138893127,-0.018562929704785347,0.3838183879852295,0.7947404980659485,-0.009427141398191452,0.36588573455810547,0.8097677230834961,-0.002169875893741846,0.0,0.0,0.0,0.0,0.0,0.0,0.0,0.0,0.0,0.0,0.0,0.0,0.0,0.0,0.0,0.0,0.0,0.0,0.0,0.0,0.0,0.0,0.0,0.0,0.0,0.0,0.0,0.0,0.0,0.0,0.0,0.0,0.0,0.0,0.0,0.0,0.0,0.0,0.0,0.0,0.0,0.0,0.0,0.0,0.0,0.0,0.0,0.0,0.0,0.0,0.0,0.0,0.0,0.0,0.0,0.0,0.0,0.0,0.0,0.0,0.0,0.0,0.0,we
0.26765432953834534,0.9031726717948914,1.4580722051960038e-07,0.2544347047805786,0.7891437411308289,0.01340913400053978,0.28838229179382324,0.7059630751609802,0.019463131204247475,0.333102822303772,0.6801514029502869,0.022012094035744667,0.3731401264667511,0.6883702278137207,0.024904364719986916,0.31579241156578064,0.6335465312004089,0.009139672853052616,0.35365232825279236,0.5301913022994995,0.014325394295156002,0.3764497637748718,0.477053701877594,0.02025550976395607,0.39409488439559937,0.4371321201324463,0.024493839591741562,0.36196988821029663,0.6626191735267639,0.002632021438330412,0.4051736295223236,0.6207548975944519,0.015319240279495716,0.41907206177711487,0.6192222833633423,0.02157714031636715,0.42452070116996765,0.6156152486801147,0.02494681254029274,0.39714059233665466,0.7119643092155457,-0.0017520880792289972,0.3946083188056946,0.727328360080719,0.013813214376568794,0.3740323781967163,0.7544718384742737,0.01762905903160572,0.35352784395217896,0.7715567946434021,0.018185606226325035,0.41984689235687256,0.7616928815841675,-0.005951432976871729,0.40777456760406494,0.7750265598297119,0.011355003342032433,0.3906279504299164,0.793951153755188,0.021625611931085587,0.3717675805091858,0.8097153902053833,0.028807852417230606,0.0,0.0,0.0,0.0,0.0,0.0,0.0,0.0,0.0,0.0,0.0,0.0,0.0,0.0,0.0,0.0,0.0,0.0,0.0,0.0,0.0,0.0,0.0,0.0,0.0,0.0,0.0,0.0,0.0,0.0,0.0,0.0,0.0,0.0,0.0,0.0,0.0,0.0,0.0,0.0,0.0,0.0,0.0,0.0,0.0,0.0,0.0,0.0,0.0,0.0,0.0,0.0,0.0,0.0,0.0,0.0,0.0,0.0,0.0,0.0,0.0,0.0,0.0,we
0.2645546793937683,0.8792570233345032,3.3678514910207014e-07,0.2421906739473343,0.7598744630813599,0.008041787892580032,0.2724357545375824,0.6714546084403992,0.01189367100596428,0.3187757134437561,0.6443008184432983,0.01255606859922409,0.353085458278656,0.6592774987220764,0.014688270166516304,0.2913397550582886,0.5975178480148315,0.009230821393430233,0.318383127450943,0.49163103103637695,0.009481155313551426,0.33622732758522034,0.4325496256351471,0.013136080466210842,0.35228294134140015,0.3898533284664154,0.016831280663609505,0.3405802845954895,0.6241812705993652,0.0033564495388418436,0.3793479800224304,0.5595723390579224,0.007004966959357262,0.4008391201496124,0.5354001522064209,0.009429839439690113,0.4178962707519531,0.5163483023643494,0.012985730543732643,0.3797447383403778,0.6677769422531128,-0.0017180113354697824,0.3784501552581787,0.6676608324050903,0.0034778211265802383,0.357613742351532,0.6983441710472107,0.0049474588595330715,0.3411596417427063,0.7234055399894714,0.0084531893953681,0.40825191140174866,0.7148221135139465,-0.007069647777825594,0.39378318190574646,0.7231354117393494,0.0037714738864451647,0.3769434690475464,0.7453328371047974,0.01128352526575327,0.3625827729701996,0.7644023895263672,0.018696913495659828,0.0,0.0,0.0,0.0,0.0,0.0,0.0,0.0,0.0,0.0,0.0,0.0,0.0,0.0,0.0,0.0,0.0,0.0,0.0,0.0,0.0,0.0,0.0,0.0,0.0,0.0,0.0,0.0,0.0,0.0,0.0,0.0,0.0,0.0,0.0,0.0,0.0,0.0,0.0,0.0,0.0,0.0,0.0,0.0,0.0,0.0,0.0,0.0,0.0,0.0,0.0,0.0,0.0,0.0,0.0,0.0,0.0,0.0,0.0,0.0,0.0,0.0,0.0,we
0.26315295696258545,0.877281665802002,3.0167851150508795e-07,0.2445371448993683,0.7607803344726562,0.00779334269464016,0.27374300360679626,0.6712926626205444,0.008516277186572552,0.31836143136024475,0.642361581325531,0.005544148851186037,0.35549309849739075,0.6550748348236084,0.0034928147215396166,0.28934749960899353,0.5994696617126465,0.001429584575816989,0.3157309889793396,0.4912934899330139,-0.002976361196488142,0.33270931243896484,0.43078821897506714,-0.003226945409551263,0.3468981683254242,0.38549014925956726,-0.0026053241454064846,0.3379499316215515,0.6243414282798767,-0.006736387498676777,0.37651509046554565,0.561244785785675,-0.0044819265604019165,0.39834070205688477,0.5365851521492004,-0.0033893510699272156,0.4151058793067932,0.5161724090576172,-0.0023335523437708616,0.37727969884872437,0.6682010293006897,-0.013750217854976654,0.3744284510612488,0.6690006256103516,-0.009612228721380234,0.3566310703754425,0.6979934573173523,-0.006875718478113413,0.3415195345878601,0.7209368348121643,-0.004118697717785835,0.4063031077384949,0.7173254489898682,-0.021281005814671516,0.3920295536518097,0.7263551354408264,-0.012391786091029644,0.3754788935184479,0.748130202293396,-0.0036179437302052975,0.361443430185318,0.7671071887016296,0.004003006499260664,0.0,0.0,0.0,0.0,0.0,0.0,0.0,0.0,0.0,0.0,0.0,0.0,0.0,0.0,0.0,0.0,0.0,0.0,0.0,0.0,0.0,0.0,0.0,0.0,0.0,0.0,0.0,0.0,0.0,0.0,0.0,0.0,0.0,0.0,0.0,0.0,0.0,0.0,0.0,0.0,0.0,0.0,0.0,0.0,0.0,0.0,0.0,0.0,0.0,0.0,0.0,0.0,0.0,0.0,0.0,0.0,0.0,0.0,0.0,0.0,0.0,0.0,0.0,we
0.25683456659317017,0.8790631294250488,3.2720626563786936e-07,0.22596992552280426,0.7635140419006348,0.013296909630298615,0.2476525902748108,0.6719930171966553,0.014632152393460274,0.29571473598480225,0.6245814561843872,0.014294394291937351,0.3379150927066803,0.6187543869018555,0.015111848711967468,0.2551175057888031,0.6026504635810852,-0.008914265781641006,0.2778497338294983,0.4748953580856323,-0.016472192481160164,0.2938830554485321,0.40049728751182556,-0.01999143697321415,0.30486035346984863,0.3422589898109436,-0.021669430658221245,0.3070104420185089,0.6229633688926697,-0.015826214104890823,0.3547360897064209,0.5265632271766663,-0.012006836012005806,0.3789404630661011,0.4803144037723541,-0.00774769950658083,0.3932577967643738,0.44336265325546265,-0.006083454936742783,0.3509683907032013,0.657200276851654,-0.019762853160500526,0.36801496148109436,0.6094055771827698,-0.00923768151551485,0.35367855429649353,0.6300950646400452,0.002064437372609973,0.3376719057559967,0.656795084476471,0.00882658176124096,0.38644546270370483,0.6978221535682678,-0.023677917197346687,0.3820613920688629,0.6735402345657349,-0.009674480184912682,0.36531808972358704,0.6913530826568604,0.0042526801116764545,0.35376495122909546,0.7150568962097168,0.014985968358814716,0.0,0.0,0.0,0.0,0.0,0.0,0.0,0.0,0.0,0.0,0.0,0.0,0.0,0.0,0.0,0.0,0.0,0.0,0.0,0.0,0.0,0.0,0.0,0.0,0.0,0.0,0.0,0.0,0.0,0.0,0.0,0.0,0.0,0.0,0.0,0.0,0.0,0.0,0.0,0.0,0.0,0.0,0.0,0.0,0.0,0.0,0.0,0.0,0.0,0.0,0.0,0.0,0.0,0.0,0.0,0.0,0.0,0.0,0.0,0.0,0.0,0.0,0.0,we
0.259062260389328,0.8845025300979614,3.9746836932863516e-07,0.2292630672454834,0.7687443494796753,0.018036270514130592,0.2515702545642853,0.6758341789245605,0.018908627331256866,0.299190491437912,0.6308802962303162,0.015868352726101875,0.34296873211860657,0.6232841610908508,0.012554093264043331,0.2527705430984497,0.6091452836990356,-0.006751860957592726,0.27453354001045227,0.4764103293418884,-0.0168516393750906,0.28836190700531006,0.4000535011291504,-0.023468423634767532,0.29827770590782166,0.33984217047691345,-0.02713424153625965,0.3052622675895691,0.6258713006973267,-0.016862116754055023,0.3515509068965912,0.5215156078338623,-0.012495411559939384,0.37742069363594055,0.4699994921684265,-0.008936884813010693,0.39325982332229614,0.43233737349510193,-0.008548617362976074,0.35115745663642883,0.6589082479476929,-0.023699000477790833,0.36594071984291077,0.6050261855125427,-0.010610696859657764,0.3516640067100525,0.6267884373664856,0.001257311669178307,0.33541929721832275,0.6571919322013855,0.007293811999261379,0.3860398530960083,0.6981738209724426,-0.03047635219991207,0.3789731562137604,0.6701369881629944,-0.014262634329497814,0.3597218692302704,0.6875206828117371,0.000994324334897101,0.34807345271110535,0.7131603956222534,0.012036506086587906,0.0,0.0,0.0,0.0,0.0,0.0,0.0,0.0,0.0,0.0,0.0,0.0,0.0,0.0,0.0,0.0,0.0,0.0,0.0,0.0,0.0,0.0,0.0,0.0,0.0,0.0,0.0,0.0,0.0,0.0,0.0,0.0,0.0,0.0,0.0,0.0,0.0,0.0,0.0,0.0,0.0,0.0,0.0,0.0,0.0,0.0,0.0,0.0,0.0,0.0,0.0,0.0,0.0,0.0,0.0,0.0,0.0,0.0,0.0,0.0,0.0,0.0,0.0,we
0.26151129603385925,0.884666919708252,3.158913841616595e-07,0.24778816103935242,0.7644954323768616,0.016296884045004845,0.2814907431602478,0.6769482493400574,0.020658183842897415,0.3301515579223633,0.6542059779167175,0.02005700394511223,0.36989226937294006,0.6666398644447327,0.019637947902083397,0.2920609414577484,0.6079129576683044,0.008428693749010563,0.31841403245925903,0.4959873557090759,0.008193306624889374,0.3349054455757141,0.4342415928840637,0.010045401751995087,0.34827369451522827,0.38504308462142944,0.01106785237789154,0.3395663797855377,0.6324689388275146,-0.0031160672660917044,0.38307681679725647,0.5598253607749939,0.003743070876225829,0.40721845626831055,0.5378197431564331,0.007046387530863285,0.42345261573791504,0.5188913941383362,0.007893618196249008,0.3795931935310364,0.6773781776428223,-0.012594746425747871,0.387520968914032,0.681148111820221,-0.0018281486118212342,0.36609581112861633,0.7140985131263733,0.0033574248664081097,0.3459113836288452,0.7363792657852173,0.005022664088755846,0.4087946116924286,0.7270912528038025,-0.0220144372433424,0.4035790264606476,0.7388901710510254,-0.00870539527386427,0.385082483291626,0.7638888955116272,0.0018693954916670918,0.3701096177101135,0.7826552987098694,0.008797389455139637,0.0,0.0,0.0,0.0,0.0,0.0,0.0,0.0,0.0,0.0,0.0,0.0,0.0,0.0,0.0,0.0,0.0,0.0,0.0,0.0,0.0,0.0,0.0,0.0,0.0,0.0,0.0,0.0,0.0,0.0,0.0,0.0,0.0,0.0,0.0,0.0,0.0,0.0,0.0,0.0,0.0,0.0,0.0,0.0,0.0,0.0,0.0,0.0,0.0,0.0,0.0,0.0,0.0,0.0,0.0,0.0,0.0,0.0,0.0,0.0,0.0,0.0,0.0,we
0.2635715901851654,0.8912146687507629,3.0020768804206455e-07,0.24452665448188782,0.7714117765426636,0.00864942092448473,0.2748757600784302,0.6808310747146606,0.010057772509753704,0.32149747014045715,0.6548036932945251,0.007704178802669048,0.35990405082702637,0.6715713739395142,0.006087191868573427,0.29195505380630493,0.6100035905838013,0.0016475208103656769,0.3156334161758423,0.5005477666854858,-0.0035588208120316267,0.3314530849456787,0.43695199489593506,-0.004511922597885132,0.3443405330181122,0.3884046673774719,-0.004269832745194435,0.3415444791316986,0.6341209411621094,-0.007077575195580721,0.3803005516529083,0.564654529094696,-0.004744594916701317,0.40269285440444946,0.5368664264678955,-0.002901721280068159,0.4191828966140747,0.5154609680175781,-0.0008413280011154711,0.3808748722076416,0.6782931685447693,-0.014764124527573586,0.3775703012943268,0.6820940375328064,-0.010205855593085289,0.35878467559814453,0.7126894593238831,-0.0078513715416193,0.3425469994544983,0.7368650436401367,-0.004983523394912481,0.4097757339477539,0.7284764647483826,-0.022968869656324387,0.3946734666824341,0.7407846450805664,-0.014115762896835804,0.37797558307647705,0.7634856700897217,-0.005989988334476948,0.3633156418800354,0.7829467058181763,0.0013288222253322601,0.0,0.0,0.0,0.0,0.0,0.0,0.0,0.0,0.0,0.0,0.0,0.0,0.0,0.0,0.0,0.0,0.0,0.0,0.0,0.0,0.0,0.0,0.0,0.0,0.0,0.0,0.0,0.0,0.0,0.0,0.0,0.0,0.0,0.0,0.0,0.0,0.0,0.0,0.0,0.0,0.0,0.0,0.0,0.0,0.0,0.0,0.0,0.0,0.0,0.0,0.0,0.0,0.0,0.0,0.0,0.0,0.0,0.0,0.0,0.0,0.0,0.0,0.0,we
0.2678486108779907,0.8909667730331421,2.3720480157862767e-07,0.25734809041023254,0.7808975577354431,0.015222416259348392,0.29289543628692627,0.6980920433998108,0.02111816592514515,0.3385152220726013,0.673889696598053,0.02304861508309841,0.3781490921974182,0.6821181178092957,0.02494680881500244,0.31800803542137146,0.620871901512146,0.007803997956216335,0.3606071472167969,0.515745997428894,0.011452367529273033,0.385305792093277,0.46033525466918945,0.016218921169638634,0.4052982032299042,0.4173066318035126,0.019361291080713272,0.3644302487373352,0.6515871286392212,0.0004416443989612162,0.4125462770462036,0.6120929718017578,0.011815414763987064,0.4343406856060028,0.6085500121116638,0.017649821937084198,0.4476853609085083,0.6020587086677551,0.01994987390935421,0.3995935022830963,0.7016986608505249,-0.004473309963941574,0.40173813700675964,0.7177932262420654,0.011979390867054462,0.37860187888145447,0.7460792660713196,0.017561065033078194,0.3561907708644867,0.764729917049408,0.018274756148457527,0.42209887504577637,0.7511661648750305,-0.009352345950901508,0.4128739535808563,0.7672408819198608,0.0075928824953734875,0.3944963812828064,0.7883779406547546,0.017915358766913414,0.37687233090400696,0.8054405450820923,0.02471010573208332,0.0,0.0,0.0,0.0,0.0,0.0,0.0,0.0,0.0,0.0,0.0,0.0,0.0,0.0,0.0,0.0,0.0,0.0,0.0,0.0,0.0,0.0,0.0,0.0,0.0,0.0,0.0,0.0,0.0,0.0,0.0,0.0,0.0,0.0,0.0,0.0,0.0,0.0,0.0,0.0,0.0,0.0,0.0,0.0,0.0,0.0,0.0,0.0,0.0,0.0,0.0,0.0,0.0,0.0,0.0,0.0,0.0,0.0,0.0,0.0,0.0,0.0,0.0,we
0.2632698714733124,0.8807237148284912,3.1300766067943186e-07,0.23909565806388855,0.7610681056976318,0.008085282519459724,0.2645125687122345,0.6738409399986267,0.009786401875317097,0.31046533584594727,0.6427658200263977,0.008218638598918915,0.34669309854507446,0.650686502456665,0.007874597795307636,0.28417307138442993,0.5952195525169373,0.0036112722009420395,0.311312198638916,0.48784691095352173,-0.00012218103802297264,0.3291971981525421,0.4245898723602295,0.0006156046874821186,0.34379076957702637,0.37744250893592834,0.002427381696179509,0.33228838443756104,0.6203935146331787,-0.003991555422544479,0.3748847544193268,0.5430211424827576,-0.00257169920951128,0.3949674665927887,0.5157688856124878,0.00016153758042491972,0.40902644395828247,0.4965149164199829,0.0040184687823057175,0.3715599775314331,0.6637959480285645,-0.010593662969768047,0.37543925642967224,0.6542508602142334,-0.006805091630667448,0.3570258319377899,0.6838511824607849,-0.0025763935409486294,0.34076228737831116,0.7108094692230225,0.002625750144943595,0.40113675594329834,0.7138651609420776,-0.017635462805628777,0.3906949758529663,0.7172852158546448,-0.007105984725058079,0.37459880113601685,0.7393362522125244,0.003089354606345296,0.3600643575191498,0.7604681253433228,0.01240326464176178,0.0,0.0,0.0,0.0,0.0,0.0,0.0,0.0,0.0,0.0,0.0,0.0,0.0,0.0,0.0,0.0,0.0,0.0,0.0,0.0,0.0,0.0,0.0,0.0,0.0,0.0,0.0,0.0,0.0,0.0,0.0,0.0,0.0,0.0,0.0,0.0,0.0,0.0,0.0,0.0,0.0,0.0,0.0,0.0,0.0,0.0,0.0,0.0,0.0,0.0,0.0,0.0,0.0,0.0,0.0,0.0,0.0,0.0,0.0,0.0,0.0,0.0,0.0,we
0.25356048345565796,0.8748973608016968,3.410903275380406e-07,0.22558075189590454,0.7579091191291809,0.016627848148345947,0.24638038873672485,0.6676577925682068,0.021539591252803802,0.29120248556137085,0.6248684525489807,0.022683385759592056,0.32906806468963623,0.6234806776046753,0.024675704538822174,0.25551798939704895,0.5975334644317627,0.005891629494726658,0.2810257375240326,0.4750966429710388,0.0042284391820430756,0.2979106605052948,0.4073467552661896,0.006504811346530914,0.30803099274635315,0.3537546992301941,0.009381866082549095,0.30394989252090454,0.6148231029510498,-0.0027815622743219137,0.3510897755622864,0.5224060416221619,0.0032502063550055027,0.37441304326057434,0.483645498752594,0.008386475034058094,0.3880009353160858,0.4533572494983673,0.012158392928540707,0.3461515009403229,0.6492664217948914,-0.009085235185921192,0.36095818877220154,0.6185944080352783,0.001072404789738357,0.345842182636261,0.6456866264343262,0.008842533454298973,0.3302052617073059,0.6724260449409485,0.014351684600114822,0.38101887702941895,0.6907956600189209,-0.015047583729028702,0.37866413593292236,0.6816314458847046,0.0005628584185615182,0.36104410886764526,0.7029691934585571,0.013051599264144897,0.3469591438770294,0.7249528765678406,0.02273085154592991,0.0,0.0,0.0,0.0,0.0,0.0,0.0,0.0,0.0,0.0,0.0,0.0,0.0,0.0,0.0,0.0,0.0,0.0,0.0,0.0,0.0,0.0,0.0,0.0,0.0,0.0,0.0,0.0,0.0,0.0,0.0,0.0,0.0,0.0,0.0,0.0,0.0,0.0,0.0,0.0,0.0,0.0,0.0,0.0,0.0,0.0,0.0,0.0,0.0,0.0,0.0,0.0,0.0,0.0,0.0,0.0,0.0,0.0,0.0,0.0,0.0,0.0,0.0,we
0.251996248960495,0.8805851936340332,3.473831498013169e-07,0.2287692427635193,0.76263427734375,0.017531970515847206,0.2508041262626648,0.6735871434211731,0.01979774236679077,0.2949570119380951,0.6366018056869507,0.016823280602693558,0.3364678621292114,0.6367322206497192,0.013386017642915249,0.25991836190223694,0.6060873866081238,0.0018719453364610672,0.2820124626159668,0.4802870750427246,-0.0032928436994552612,0.2980986535549164,0.40987884998321533,-0.003964793868362904,0.30904456973075867,0.3547539710998535,-0.0030394522473216057,0.31093594431877136,0.622117280960083,-0.009979115799069405,0.35602080821990967,0.5307719707489014,-0.005725312512367964,0.3775442838668823,0.49163514375686646,-0.0015437627444043756,0.38877347111701965,0.46431347727775574,0.0015576730947941542,0.35546982288360596,0.6591817736625671,-0.019278815016150475,0.36059945821762085,0.6392775177955627,-0.009313873946666718,0.3442287743091583,0.668236494064331,-0.002049262635409832,0.3284647464752197,0.6956142783164978,0.002766817808151245,0.3886338770389557,0.7054603099822998,-0.028287282213568687,0.38072264194488525,0.6983479857444763,-0.012077711522579193,0.36240723729133606,0.7199733853340149,0.002318381331861019,0.34794437885284424,0.7440328598022461,0.013043597340583801,0.0,0.0,0.0,0.0,0.0,0.0,0.0,0.0,0.0,0.0,0.0,0.0,0.0,0.0,0.0,0.0,0.0,0.0,0.0,0.0,0.0,0.0,0.0,0.0,0.0,0.0,0.0,0.0,0.0,0.0,0.0,0.0,0.0,0.0,0.0,0.0,0.0,0.0,0.0,0.0,0.0,0.0,0.0,0.0,0.0,0.0,0.0,0.0,0.0,0.0,0.0,0.0,0.0,0.0,0.0,0.0,0.0,0.0,0.0,0.0,0.0,0.0,0.0,we
0.25392234325408936,0.8874064087867737,3.5343256854503124e-07,0.22814348340034485,0.7671412229537964,0.014143446460366249,0.25074249505996704,0.6744919419288635,0.015724921599030495,0.29608389735221863,0.6376308798789978,0.013086307793855667,0.335881769657135,0.6401019096374512,0.010695261880755424,0.25975170731544495,0.6047269701957703,-0.0007237535901367664,0.28117406368255615,0.4799114167690277,-0.007493139244616032,0.2962830066680908,0.4093037247657776,-0.010040199384093285,0.30583977699279785,0.35376906394958496,-0.01038160640746355,0.3115304112434387,0.6230003237724304,-0.011299962177872658,0.35488253831863403,0.5312389135360718,-0.009210621006786823,0.3754224181175232,0.48877477645874023,-0.007378929760307074,0.3863615095615387,0.45705100893974304,-0.005599441472440958,0.355886846780777,0.6605712175369263,-0.019548367708921432,0.3606460988521576,0.6343734860420227,-0.012569520622491837,0.3443177342414856,0.6609410047531128,-0.0067976717837154865,0.32782429456710815,0.6876516938209534,-0.0022025424987077713,0.38982588052749634,0.7060338854789734,-0.02769196406006813,0.38043877482414246,0.6953216195106506,-0.01435753796249628,0.3619387149810791,0.7158058881759644,-0.0012441823491826653,0.34711629152297974,0.7390505075454712,0.009264294058084488,0.0,0.0,0.0,0.0,0.0,0.0,0.0,0.0,0.0,0.0,0.0,0.0,0.0,0.0,0.0,0.0,0.0,0.0,0.0,0.0,0.0,0.0,0.0,0.0,0.0,0.0,0.0,0.0,0.0,0.0,0.0,0.0,0.0,0.0,0.0,0.0,0.0,0.0,0.0,0.0,0.0,0.0,0.0,0.0,0.0,0.0,0.0,0.0,0.0,0.0,0.0,0.0,0.0,0.0,0.0,0.0,0.0,0.0,0.0,0.0,0.0,0.0,0.0,we
0.264868825674057,0.8922899961471558,2.1911637304583564e-07,0.25574469566345215,0.7758700847625732,0.014775929972529411,0.29141101241111755,0.6881410479545593,0.01935572363436222,0.3371458053588867,0.6645988821983337,0.018854614347219467,0.37962785363197327,0.6748108267784119,0.018234992399811745,0.3105066120624542,0.6198161840438843,0.009548932313919067,0.34478166699409485,0.5163398385047913,0.010717901401221752,0.3668528199195862,0.45934486389160156,0.013066360726952553,0.3851566016674042,0.41559913754463196,0.014319945126771927,0.35603293776512146,0.6484107375144958,-0.0006717673386447132,0.4035872220993042,0.6045708060264587,0.007204487454146147,0.4269009232521057,0.5926644802093506,0.010219089686870575,0.4421795904636383,0.5802097320556641,0.010648236609995365,0.3920166492462158,0.6966350078582764,-0.008943893015384674,0.3971695303916931,0.7119519710540771,0.0034983395598828793,0.37612321972846985,0.7419248223304749,0.008059058338403702,0.3566533625125885,0.7621724009513855,0.008656376972794533,0.41695135831832886,0.7466340661048889,-0.01743023283779621,0.4087883234024048,0.7640894651412964,-0.003013641107827425,0.39083409309387207,0.7863063216209412,0.007261358201503754,0.3747735619544983,0.8033570647239685,0.013885952532291412,0.0,0.0,0.0,0.0,0.0,0.0,0.0,0.0,0.0,0.0,0.0,0.0,0.0,0.0,0.0,0.0,0.0,0.0,0.0,0.0,0.0,0.0,0.0,0.0,0.0,0.0,0.0,0.0,0.0,0.0,0.0,0.0,0.0,0.0,0.0,0.0,0.0,0.0,0.0,0.0,0.0,0.0,0.0,0.0,0.0,0.0,0.0,0.0,0.0,0.0,0.0,0.0,0.0,0.0,0.0,0.0,0.0,0.0,0.0,0.0,0.0,0.0,0.0,we
0.26591676473617554,0.8840534687042236,1.3110950192185555e-07,0.25203219056129456,0.7663373947143555,0.009327972307801247,0.2867286205291748,0.6779840588569641,0.012422136962413788,0.3308584690093994,0.6522122025489807,0.01148928701877594,0.36717328429222107,0.6675351858139038,0.011225344613194466,0.30910784006118774,0.6111533045768738,0.006282353308051825,0.34458377957344055,0.5108106136322021,0.0035512661561369896,0.3661963641643524,0.4530569911003113,0.0036105476319789886,0.38374438881874084,0.4099499583244324,0.003356678644195199,0.35543927550315857,0.6375024318695068,-0.0026031879242509604,0.3905585706233978,0.604393482208252,-0.0004402599879540503,0.4048733115196228,0.6049303412437439,0.001084821531549096,0.4152194559574127,0.5988872647285461,0.0021156608127057552,0.39122718572616577,0.6822780966758728,-0.010397917591035366,0.3898324966430664,0.6947631239891052,-0.0067515564151108265,0.3705466091632843,0.7239328026771545,-0.0025915673468261957,0.3544347286224365,0.7404414415359497,0.00021375347569119185,0.4162667989730835,0.728904664516449,-0.01869909279048443,0.4038517475128174,0.7442665696144104,-0.01180978026241064,0.38601261377334595,0.7676363587379456,-0.0034473880659788847,0.37017449736595154,0.7837390303611755,0.0038079777732491493,0.0,0.0,0.0,0.0,0.0,0.0,0.0,0.0,0.0,0.0,0.0,0.0,0.0,0.0,0.0,0.0,0.0,0.0,0.0,0.0,0.0,0.0,0.0,0.0,0.0,0.0,0.0,0.0,0.0,0.0,0.0,0.0,0.0,0.0,0.0,0.0,0.0,0.0,0.0,0.0,0.0,0.0,0.0,0.0,0.0,0.0,0.0,0.0,0.0,0.0,0.0,0.0,0.0,0.0,0.0,0.0,0.0,0.0,0.0,0.0,0.0,0.0,0.0,we
0.2616298794746399,0.8665266633033752,3.248609630190913e-07,0.23961853981018066,0.7471903562545776,0.010061554610729218,0.2694600224494934,0.6590121984481812,0.01384431030601263,0.31341660022735596,0.628439724445343,0.01423724927008152,0.3459143042564392,0.6401327252388,0.015618723817169666,0.28837770223617554,0.5871962904930115,0.007260013837367296,0.3162439465522766,0.4835954010486603,0.005782881751656532,0.3339844346046448,0.4228810966014862,0.007323201280087233,0.34829434752464294,0.3768884837627411,0.0092792809009552,0.3366740047931671,0.613111138343811,-0.0005402486422099173,0.38090723752975464,0.5488235950469971,0.004137902986258268,0.4027291238307953,0.5262998342514038,0.006704831961542368,0.4177747070789337,0.5083145499229431,0.009243429638445377,0.37516963481903076,0.6576038599014282,-0.0070921387523412704,0.37756919860839844,0.6569334864616394,-0.0005440039094537497,0.357586145401001,0.6849022507667542,0.0032026651315391064,0.3407959043979645,0.7072269916534424,0.006967745255678892,0.40329819917678833,0.7065629959106445,-0.013863224536180496,0.3925521969795227,0.712913453578949,-0.0013239859836176038,0.37561988830566406,0.7344604730606079,0.009302198886871338,0.36087337136268616,0.7532480955123901,0.01801186427474022,0.0,0.0,0.0,0.0,0.0,0.0,0.0,0.0,0.0,0.0,0.0,0.0,0.0,0.0,0.0,0.0,0.0,0.0,0.0,0.0,0.0,0.0,0.0,0.0,0.0,0.0,0.0,0.0,0.0,0.0,0.0,0.0,0.0,0.0,0.0,0.0,0.0,0.0,0.0,0.0,0.0,0.0,0.0,0.0,0.0,0.0,0.0,0.0,0.0,0.0,0.0,0.0,0.0,0.0,0.0,0.0,0.0,0.0,0.0,0.0,0.0,0.0,0.0,we
0.2634849548339844,0.86787348985672,2.975974098262668e-07,0.243709534406662,0.7492365837097168,0.009898686781525612,0.2716893255710602,0.6586775183677673,0.011176630854606628,0.3144763112068176,0.628813624382019,0.008770282380282879,0.35029205679893494,0.639203667640686,0.007101976312696934,0.2862330973148346,0.5892745852470398,0.0006090087699703872,0.3129182755947113,0.4838298559188843,-0.004643724299967289,0.3299770653247833,0.42201799154281616,-0.006095034535974264,0.3432583212852478,0.37459680438041687,-0.0066744061186909676,0.33486121892929077,0.6121787428855896,-0.008833427913486958,0.3751465082168579,0.5481526255607605,-0.006504400167614222,0.3981560468673706,0.524253249168396,-0.005158631596714258,0.4150806665420532,0.5030555725097656,-0.004242023918777704,0.3742799758911133,0.6547121405601501,-0.016778502613306046,0.37199142575263977,0.6547359228134155,-0.011641320772469044,0.35511213541030884,0.6836597323417664,-0.007450586184859276,0.3398880064487457,0.7062864899635315,-0.0043035452254116535,0.4034932553768158,0.7040441036224365,-0.02518802508711815,0.3891841173171997,0.7135239243507385,-0.016271371394395828,0.3736213445663452,0.7357288599014282,-0.006900805048644543,0.35942885279655457,0.7549939751625061,0.0009446262265555561,0.0,0.0,0.0,0.0,0.0,0.0,0.0,0.0,0.0,0.0,0.0,0.0,0.0,0.0,0.0,0.0,0.0,0.0,0.0,0.0,0.0,0.0,0.0,0.0,0.0,0.0,0.0,0.0,0.0,0.0,0.0,0.0,0.0,0.0,0.0,0.0,0.0,0.0,0.0,0.0,0.0,0.0,0.0,0.0,0.0,0.0,0.0,0.0,0.0,0.0,0.0,0.0,0.0,0.0,0.0,0.0,0.0,0.0,0.0,0.0,0.0,0.0,0.0,we
0.25570231676101685,0.8691402077674866,3.426511909765395e-07,0.2280692309141159,0.7533037662506104,0.016063198447227478,0.2503169775009155,0.6642199158668518,0.01898222230374813,0.2958665192127228,0.6206463575363159,0.019074540585279465,0.3339126706123352,0.6154948472976685,0.01978711038827896,0.25694817304611206,0.596970796585083,-0.002205253578722477,0.2797975540161133,0.4717366695404053,-0.008603109046816826,0.29632067680358887,0.400702565908432,-0.011581674218177795,0.30774956941604614,0.3438260555267334,-0.012297586537897587,0.30685344338417053,0.6147649884223938,-0.009386048652231693,0.35223686695098877,0.5210768580436707,-0.0022739253472536802,0.3758687376976013,0.4788390100002289,0.003922584000974894,0.3898297846317291,0.4438031315803528,0.007176463957875967,0.34935349225997925,0.6495968699455261,-0.013943465426564217,0.3624868392944336,0.6159384846687317,-0.0013428889214992523,0.3468746542930603,0.6434286236763,0.008439428173005581,0.3307730257511139,0.6718907356262207,0.014339281246066093,0.38281312584877014,0.6912007927894592,-0.018184803426265717,0.37824660539627075,0.6773885488510132,-0.0020178367849439383,0.3606787919998169,0.6997585296630859,0.011666723527014256,0.34832388162612915,0.724418044090271,0.021992303431034088,0.0,0.0,0.0,0.0,0.0,0.0,0.0,0.0,0.0,0.0,0.0,0.0,0.0,0.0,0.0,0.0,0.0,0.0,0.0,0.0,0.0,0.0,0.0,0.0,0.0,0.0,0.0,0.0,0.0,0.0,0.0,0.0,0.0,0.0,0.0,0.0,0.0,0.0,0.0,0.0,0.0,0.0,0.0,0.0,0.0,0.0,0.0,0.0,0.0,0.0,0.0,0.0,0.0,0.0,0.0,0.0,0.0,0.0,0.0,0.0,0.0,0.0,0.0,we
0.2677208185195923,0.9004341959953308,-3.286502021637716e-07,0.2503972053527832,0.7836464643478394,0.009112415835261345,0.2839270234107971,0.6864273548126221,0.012963066808879375,0.32705220580101013,0.6626246571540833,0.01201604027301073,0.3628905117511749,0.6689524054527283,0.01026402972638607,0.3017576336860657,0.6221004724502563,0.007379593327641487,0.3299301862716675,0.5196467041969299,0.00422799214720726,0.351007342338562,0.455819308757782,0.0010065871756523848,0.36751633882522583,0.40701717138290405,-0.0033597901929169893,0.35002967715263367,0.6473959684371948,-0.002663227031007409,0.36442193388938904,0.6509772539138794,-0.010559247806668282,0.34708353877067566,0.6878302097320557,-0.01589445397257805,0.3283499479293823,0.7045485973358154,-0.017872001975774765,0.38794460892677307,0.6953098773956299,-0.010884817689657211,0.3865191638469696,0.7128260135650635,-0.015210375189781189,0.36481809616088867,0.7450897097587585,-0.013220720924437046,0.3440517485141754,0.7575233578681946,-0.011313976719975471,0.41315802931785583,0.7439952492713928,-0.01904040202498436,0.4076404869556427,0.7620528936386108,-0.017426200211048126,0.3877880275249481,0.7892632484436035,-0.009295227937400341,0.37051594257354736,0.8048917651176453,-0.0014591187937185168,0.0,0.0,0.0,0.0,0.0,0.0,0.0,0.0,0.0,0.0,0.0,0.0,0.0,0.0,0.0,0.0,0.0,0.0,0.0,0.0,0.0,0.0,0.0,0.0,0.0,0.0,0.0,0.0,0.0,0.0,0.0,0.0,0.0,0.0,0.0,0.0,0.0,0.0,0.0,0.0,0.0,0.0,0.0,0.0,0.0,0.0,0.0,0.0,0.0,0.0,0.0,0.0,0.0,0.0,0.0,0.0,0.0,0.0,0.0,0.0,0.0,0.0,0.0,we
0.2636606991291046,0.9056174159049988,-8.84041284621162e-08,0.25981882214546204,0.7925033569335938,0.013271212577819824,0.3026271164417267,0.7040560245513916,0.019373426213860512,0.3494638502597809,0.6744762659072876,0.021302472800016403,0.39215514063835144,0.6757087707519531,0.023339757695794106,0.32678377628326416,0.6365591883659363,0.010314089246094227,0.3664219379425049,0.5403299331665039,0.014351306483149529,0.38671427965164185,0.4901079833507538,0.017779985442757607,0.40235111117362976,0.4505365192890167,0.019111525267362595,0.3723326027393341,0.6676923632621765,0.0017842038068920374,0.40487539768218994,0.6536574363708496,0.009278666228055954,0.4036606550216675,0.6670388579368591,0.010508970357477665,0.3959982991218567,0.6672021150588989,0.010649989359080791,0.4055042564868927,0.7193584442138672,-0.004370744805783033,0.40115413069725037,0.7432040572166443,0.00581028126180172,0.38022100925445557,0.7703799605369568,0.007763550616800785,0.3585488498210907,0.7824243307113647,0.00712471641600132,0.4245404303073883,0.7700526714324951,-0.010215839371085167,0.41082602739334106,0.7919147610664368,0.0028196137864142656,0.391441285610199,0.8130108714103699,0.011669906787574291,0.37242749333381653,0.8278148174285889,0.018237397074699402,0.0,0.0,0.0,0.0,0.0,0.0,0.0,0.0,0.0,0.0,0.0,0.0,0.0,0.0,0.0,0.0,0.0,0.0,0.0,0.0,0.0,0.0,0.0,0.0,0.0,0.0,0.0,0.0,0.0,0.0,0.0,0.0,0.0,0.0,0.0,0.0,0.0,0.0,0.0,0.0,0.0,0.0,0.0,0.0,0.0,0.0,0.0,0.0,0.0,0.0,0.0,0.0,0.0,0.0,0.0,0.0,0.0,0.0,0.0,0.0,0.0,0.0,0.0,we
0.26481011509895325,0.9034909009933472,-2.413517847799085e-07,0.25435376167297363,0.784861147403717,0.00855683721601963,0.29168057441711426,0.6922963261604309,0.012575102970004082,0.33634182810783386,0.6654796004295349,0.012125939130783081,0.37286871671676636,0.677003026008606,0.012092123739421368,0.31946584582328796,0.6260063648223877,0.011078087612986565,0.3541303277015686,0.5323015451431274,0.00962480902671814,0.3775181472301483,0.47886109352111816,0.00874942634254694,0.39633285999298096,0.4392887055873871,0.006691708229482174,0.36669600009918213,0.655633807182312,0.002234088722616434,0.3763015568256378,0.6589016914367676,-0.003668719669803977,0.36205175518989563,0.6955939531326294,-0.00760697154328227,0.34955692291259766,0.7110542058944702,-0.007604293059557676,0.40061160922050476,0.7039263844490051,-0.005059609189629555,0.389685720205307,0.7237913012504578,-0.008120941929519176,0.3698660731315613,0.7538708448410034,-0.006122306454926729,0.35384637117385864,0.7648608684539795,-0.003020653733983636,0.4214309751987457,0.7509182691574097,-0.012465841136872768,0.4066092371940613,0.7697302103042603,-0.009702148847281933,0.3880183696746826,0.7939561009407043,-0.00207521696574986,0.3717692494392395,0.8073338866233826,0.006499961018562317,0.0,0.0,0.0,0.0,0.0,0.0,0.0,0.0,0.0,0.0,0.0,0.0,0.0,0.0,0.0,0.0,0.0,0.0,0.0,0.0,0.0,0.0,0.0,0.0,0.0,0.0,0.0,0.0,0.0,0.0,0.0,0.0,0.0,0.0,0.0,0.0,0.0,0.0,0.0,0.0,0.0,0.0,0.0,0.0,0.0,0.0,0.0,0.0,0.0,0.0,0.0,0.0,0.0,0.0,0.0,0.0,0.0,0.0,0.0,0.0,0.0,0.0,0.0,we
0.26389044523239136,0.9012424945831299,-3.362537768225593e-07,0.2574896812438965,0.7825180292129517,0.009989066049456596,0.29875922203063965,0.6917852163314819,0.013781731016933918,0.3444198966026306,0.6670436859130859,0.012802141718566418,0.38156259059906006,0.6784458756446838,0.012232168577611446,0.32063645124435425,0.6256504058837891,0.008840405382215977,0.3557146191596985,0.5305846929550171,0.006863567046821117,0.37812796235084534,0.47628116607666016,0.0054549858905375,0.39614740014076233,0.4351787269115448,0.0026541007682681084,0.3682573437690735,0.6540402770042419,-0.0011430720333009958,0.3741738796234131,0.6705284118652344,-0.0077495453879237175,0.35439205169677734,0.7082911729812622,-0.012214712798595428,0.336605429649353,0.7211340665817261,-0.013416453264653683,0.40252235531806946,0.7031287550926208,-0.009170250967144966,0.38994482159614563,0.7290623784065247,-0.011745724827051163,0.3682565689086914,0.7584843635559082,-0.009529585018754005,0.34993594884872437,0.766335129737854,-0.0074990289285779,0.423350065946579,0.7510961890220642,-0.017275819554924965,0.4079218804836273,0.7748034596443176,-0.014453591778874397,0.3879373073577881,0.7968307733535767,-0.0072716716676950455,0.36985039710998535,0.8075277209281921,0.0003025188052561134,0.0,0.0,0.0,0.0,0.0,0.0,0.0,0.0,0.0,0.0,0.0,0.0,0.0,0.0,0.0,0.0,0.0,0.0,0.0,0.0,0.0,0.0,0.0,0.0,0.0,0.0,0.0,0.0,0.0,0.0,0.0,0.0,0.0,0.0,0.0,0.0,0.0,0.0,0.0,0.0,0.0,0.0,0.0,0.0,0.0,0.0,0.0,0.0,0.0,0.0,0.0,0.0,0.0,0.0,0.0,0.0,0.0,0.0,0.0,0.0,0.0,0.0,0.0,we
0.2610960006713867,0.885579526424408,3.279005795775447e-07,0.23371070623397827,0.7624262571334839,0.00772275822237134,0.2628635764122009,0.6719144582748413,0.012379832565784454,0.3149447739124298,0.6428327560424805,0.014619143679738045,0.3556824028491974,0.6538639664649963,0.018789568915963173,0.2733301520347595,0.5990721583366394,0.009012369439005852,0.3004680871963501,0.48552894592285156,0.010689876973628998,0.31675708293914795,0.4207046926021576,0.014410209842026234,0.3303731083869934,0.3712122440338135,0.01782894879579544,0.32358095049858093,0.6233692169189453,0.004221384413540363,0.36444494128227234,0.5464281439781189,0.010712899267673492,0.384718120098114,0.5146239995956421,0.013810097239911556,0.39934223890304565,0.4893321990966797,0.016645407304167747,0.3648819923400879,0.6630077362060547,0.0003376463719177991,0.36857396364212036,0.6484848856925964,0.008363530039787292,0.35008883476257324,0.6771116256713867,0.010772309266030788,0.33395713567733765,0.7040057182312012,0.013609225861728191,0.3971784710884094,0.7077776789665222,-0.004032028838992119,0.38499748706817627,0.7075064778327942,0.008592014200985432,0.36855342984199524,0.7289472222328186,0.016677623614668846,0.3548206090927124,0.7504521012306213,0.023751141503453255,0.0,0.0,0.0,0.0,0.0,0.0,0.0,0.0,0.0,0.0,0.0,0.0,0.0,0.0,0.0,0.0,0.0,0.0,0.0,0.0,0.0,0.0,0.0,0.0,0.0,0.0,0.0,0.0,0.0,0.0,0.0,0.0,0.0,0.0,0.0,0.0,0.0,0.0,0.0,0.0,0.0,0.0,0.0,0.0,0.0,0.0,0.0,0.0,0.0,0.0,0.0,0.0,0.0,0.0,0.0,0.0,0.0,0.0,0.0,0.0,0.0,0.0,0.0,we
0.2571818232536316,0.889331579208374,3.292883832273219e-07,0.2335560917854309,0.7716400027275085,0.011282695457339287,0.2593209147453308,0.6814747452735901,0.012095540761947632,0.305539071559906,0.6485846042633057,0.008768243715167046,0.3470105826854706,0.657379150390625,0.005586486775428057,0.27128827571868896,0.6084125638008118,-0.0015783078270033002,0.2937905788421631,0.48946213722229004,-0.007928840816020966,0.3094819188117981,0.42104512453079224,-0.010057595558464527,0.321845144033432,0.3674358129501343,-0.010575292631983757,0.3215223550796509,0.6290389895439148,-0.01055002398788929,0.36179834604263306,0.5513305068016052,-0.007206420414149761,0.3844381272792816,0.5180246829986572,-0.004372230265289545,0.39989930391311646,0.49366283416748047,-0.002747307298704982,0.36395901441574097,0.6699702739715576,-0.017748147249221802,0.365211546421051,0.6630141139030457,-0.010713002644479275,0.34871816635131836,0.6917539834976196,-0.005703778937458992,0.33329346776008606,0.7185243964195251,-0.0021403920836746693,0.3962516188621521,0.7174832224845886,-0.02521597035229206,0.3843788206577301,0.7180573344230652,-0.013578725978732109,0.3672241270542145,0.7396554946899414,-0.002506965771317482,0.353160560131073,0.7621959447860718,0.006334630772471428,0.0,0.0,0.0,0.0,0.0,0.0,0.0,0.0,0.0,0.0,0.0,0.0,0.0,0.0,0.0,0.0,0.0,0.0,0.0,0.0,0.0,0.0,0.0,0.0,0.0,0.0,0.0,0.0,0.0,0.0,0.0,0.0,0.0,0.0,0.0,0.0,0.0,0.0,0.0,0.0,0.0,0.0,0.0,0.0,0.0,0.0,0.0,0.0,0.0,0.0,0.0,0.0,0.0,0.0,0.0,0.0,0.0,0.0,0.0,0.0,0.0,0.0,0.0,we
0.26341086626052856,0.8963987827301025,-1.8846181149001495e-07,0.2535732388496399,0.7822137475013733,0.005284415557980537,0.28569692373275757,0.6822541356086731,0.005131864454597235,0.32589778304100037,0.6440449953079224,0.00029230272048152983,0.35711580514907837,0.6319973468780518,-0.0038143477868288755,0.2970980405807495,0.6165427565574646,0.003657545195892453,0.3262391984462738,0.5114154815673828,-0.005291234236210585,0.3464110493659973,0.4478517770767212,-0.0117938918992877,0.3607487678527832,0.3986227512359619,-0.017620321363210678,0.3423422873020172,0.6446995735168457,-0.007013141177594662,0.369353324174881,0.6448424458503723,-0.023294543847441673,0.3555446267127991,0.6775155663490295,-0.03233341872692108,0.3347073197364807,0.6878423094749451,-0.03519203141331673,0.3788493871688843,0.6911894083023071,-0.01649240218102932,0.3845202326774597,0.7142497897148132,-0.029073957353830338,0.3630659878253937,0.750473141670227,-0.027246462181210518,0.3389405608177185,0.7617365121841431,-0.023111624643206596,0.4038243591785431,0.738791286945343,-0.026121823117136955,0.40671306848526,0.7582439184188843,-0.0280154999345541,0.3861371874809265,0.787953794002533,-0.018787555396556854,0.3659399747848511,0.8028600811958313,-0.009089875034987926,0.0,0.0,0.0,0.0,0.0,0.0,0.0,0.0,0.0,0.0,0.0,0.0,0.0,0.0,0.0,0.0,0.0,0.0,0.0,0.0,0.0,0.0,0.0,0.0,0.0,0.0,0.0,0.0,0.0,0.0,0.0,0.0,0.0,0.0,0.0,0.0,0.0,0.0,0.0,0.0,0.0,0.0,0.0,0.0,0.0,0.0,0.0,0.0,0.0,0.0,0.0,0.0,0.0,0.0,0.0,0.0,0.0,0.0,0.0,0.0,0.0,0.0,0.0,we
0.2640852928161621,0.8971418738365173,1.0876960487848919e-07,0.2606537640094757,0.7879464626312256,0.009180388413369656,0.30080315470695496,0.7025529742240906,0.011874830350279808,0.34778180718421936,0.6792640686035156,0.011050594970583916,0.3906715512275696,0.6905439496040344,0.010403607040643692,0.3271433413028717,0.6290116310119629,0.0021022220607846975,0.3689061403274536,0.5320149660110474,0.0015958684962242842,0.39204224944114685,0.48048681020736694,0.003269537817686796,0.41037681698799133,0.44112062454223633,0.004255018197000027,0.3720450699329376,0.6627426147460938,-0.004934446886181831,0.41302430629730225,0.6407682299613953,-0.0020741652697324753,0.4250381290912628,0.6471529603004456,-0.0006169715779833496,0.4301857054233551,0.6458525657653809,0.0005443556001409888,0.4047940969467163,0.7154257297515869,-0.009916243143379688,0.4033682644367218,0.7364945411682129,-0.003034567227587104,0.38085421919822693,0.7630130052566528,3.3446242014179006e-05,0.35906004905700684,0.7789323329925537,0.0015711447922512889,0.4237011671066284,0.7666117548942566,-0.01509375311434269,0.4121154546737671,0.7865697741508484,-0.004702470730990171,0.39311134815216064,0.807625412940979,0.004229587968438864,0.37591904401779175,0.8235975503921509,0.011674660257995129,0.0,0.0,0.0,0.0,0.0,0.0,0.0,0.0,0.0,0.0,0.0,0.0,0.0,0.0,0.0,0.0,0.0,0.0,0.0,0.0,0.0,0.0,0.0,0.0,0.0,0.0,0.0,0.0,0.0,0.0,0.0,0.0,0.0,0.0,0.0,0.0,0.0,0.0,0.0,0.0,0.0,0.0,0.0,0.0,0.0,0.0,0.0,0.0,0.0,0.0,0.0,0.0,0.0,0.0,0.0,0.0,0.0,0.0,0.0,0.0,0.0,0.0,0.0,we
0.26541829109191895,0.9070440530776978,1.7254568263069814e-07,0.2530738413333893,0.7912683486938477,0.006049295421689749,0.2931778132915497,0.7045379281044006,0.009625356644392014,0.34486231207847595,0.6800044178962708,0.010437753982841969,0.38656505942344666,0.6921334266662598,0.012365492060780525,0.32448726892471313,0.6347840428352356,0.005821322090923786,0.36361175775527954,0.5343721508979797,0.007768454495817423,0.3881954848766327,0.4800173044204712,0.010328407399356365,0.40940698981285095,0.438935250043869,0.011845233850181103,0.3709971010684967,0.6669028997421265,0.0013341836165636778,0.4085777997970581,0.6424851417541504,0.008328109048306942,0.4290598928928375,0.6366502046585083,0.00972690898925066,0.44333571195602417,0.6260174512863159,0.009997761808335781,0.40402182936668396,0.71685791015625,-0.0019656335934996605,0.3978896737098694,0.7303566932678223,0.0062822322361171246,0.37552496790885925,0.7544006109237671,0.006934197153896093,0.354937344789505,0.7710086703300476,0.0069959573447704315,0.42541980743408203,0.7647504210472107,-0.005822299048304558,0.4106694459915161,0.7750740647315979,0.004463876597583294,0.39267727732658386,0.792782723903656,0.011387140490114689,0.3747667074203491,0.8082104921340942,0.017609957605600357,0.0,0.0,0.0,0.0,0.0,0.0,0.0,0.0,0.0,0.0,0.0,0.0,0.0,0.0,0.0,0.0,0.0,0.0,0.0,0.0,0.0,0.0,0.0,0.0,0.0,0.0,0.0,0.0,0.0,0.0,0.0,0.0,0.0,0.0,0.0,0.0,0.0,0.0,0.0,0.0,0.0,0.0,0.0,0.0,0.0,0.0,0.0,0.0,0.0,0.0,0.0,0.0,0.0,0.0,0.0,0.0,0.0,0.0,0.0,0.0,0.0,0.0,0.0,we
0.2612743377685547,0.8825832605361938,3.2177851494452625e-07,0.2394213080406189,0.7615206837654114,0.008353454060852528,0.26933592557907104,0.6710089445114136,0.01282923948019743,0.31598591804504395,0.6421427726745605,0.014048316515982151,0.35152366757392883,0.6559516787528992,0.016575215384364128,0.2909049391746521,0.597442626953125,0.010324211791157722,0.3198215067386627,0.4910295009613037,0.010871118865907192,0.3378860354423523,0.4305694103240967,0.014142383821308613,0.35356205701828003,0.38553109765052795,0.017258040606975555,0.3406660556793213,0.6261224150657654,0.004916389938443899,0.3799216151237488,0.5660672187805176,0.009612686932086945,0.40238767862319946,0.54514479637146,0.01250499952584505,0.41989919543266296,0.5274850726127625,0.015895405784249306,0.37907737493515015,0.6716271042823792,0.00023608515039086342,0.375440776348114,0.6698728799819946,0.006220373325049877,0.3547872006893158,0.6986750960350037,0.007791300304234028,0.33852243423461914,0.7240980863571167,0.01090941485017538,0.40648654103279114,0.7194467186927795,-0.004726068582385778,0.3908643424510956,0.7254446744918823,0.00577620230615139,0.37377387285232544,0.7466996908187866,0.012885676696896553,0.35905611515045166,0.766711950302124,0.019994067028164864,0.0,0.0,0.0,0.0,0.0,0.0,0.0,0.0,0.0,0.0,0.0,0.0,0.0,0.0,0.0,0.0,0.0,0.0,0.0,0.0,0.0,0.0,0.0,0.0,0.0,0.0,0.0,0.0,0.0,0.0,0.0,0.0,0.0,0.0,0.0,0.0,0.0,0.0,0.0,0.0,0.0,0.0,0.0,0.0,0.0,0.0,0.0,0.0,0.0,0.0,0.0,0.0,0.0,0.0,0.0,0.0,0.0,0.0,0.0,0.0,0.0,0.0,0.0,we
0.25688737630844116,0.8777594566345215,3.222891677978623e-07,0.2330709993839264,0.7582785487174988,0.01756911538541317,0.2567417323589325,0.6682016849517822,0.024195434525609016,0.3017401695251465,0.6328495144844055,0.02713661827147007,0.3412858843803406,0.6376001834869385,0.03053760901093483,0.27164021134376526,0.5937616229057312,0.009775035083293915,0.2965657114982605,0.47731679677963257,0.012062784284353256,0.3131287395954132,0.4118852913379669,0.016090508550405502,0.3243241012096405,0.3606376051902771,0.019668038934469223,0.3198437988758087,0.6163706183433533,0.0016449290560558438,0.3710806965827942,0.5352520942687988,0.012013771571218967,0.3945704996585846,0.5050858855247498,0.017896905541419983,0.40770065784454346,0.4818336069583893,0.021859752014279366,0.3598930239677429,0.6569418907165527,-0.003999140579253435,0.37292277812957764,0.6350589990615845,0.009959583170711994,0.3562406003475189,0.6610522270202637,0.015720752999186516,0.33912330865859985,0.6858601570129395,0.01898074522614479,0.39161956310272217,0.703130841255188,-0.009059459902346134,0.3856279253959656,0.6964598298072815,0.00860147550702095,0.3675571084022522,0.7172501087188721,0.020463017746806145,0.35249754786491394,0.7391153573989868,0.029267260804772377,0.0,0.0,0.0,0.0,0.0,0.0,0.0,0.0,0.0,0.0,0.0,0.0,0.0,0.0,0.0,0.0,0.0,0.0,0.0,0.0,0.0,0.0,0.0,0.0,0.0,0.0,0.0,0.0,0.0,0.0,0.0,0.0,0.0,0.0,0.0,0.0,0.0,0.0,0.0,0.0,0.0,0.0,0.0,0.0,0.0,0.0,0.0,0.0,0.0,0.0,0.0,0.0,0.0,0.0,0.0,0.0,0.0,0.0,0.0,0.0,0.0,0.0,0.0,we
0.2563145160675049,0.8868138194084167,3.448186021159927e-07,0.23851361870765686,0.7672548294067383,0.015374495647847652,0.2665252089500427,0.6780661344528198,0.0185549296438694,0.31297123432159424,0.6487957835197449,0.017045818269252777,0.35368406772613525,0.6588717699050903,0.015391884371638298,0.2803073823451996,0.6093600392341614,0.00251355255022645,0.30507692694664,0.4898170828819275,-0.0013497937470674515,0.3213137090206146,0.4229963719844818,-0.0017620010767132044,0.33386433124542236,0.3701080083847046,-0.0013173975748941302,0.3310563564300537,0.6321998834609985,-0.00763645488768816,0.3757675290107727,0.5503442883491516,-0.0016995597397908568,0.401008278131485,0.5133830308914185,0.0025263442657887936,0.4178835153579712,0.48548293113708496,0.00462823361158371,0.3718548119068146,0.6746010780334473,-0.015718897804617882,0.3737459182739258,0.6595403552055359,-0.0051725939847528934,0.3546779155731201,0.6865835785865784,0.0011669083032757044,0.33769556879997253,0.7129859924316406,0.004759868141263723,0.3998942971229553,0.7233849167823792,-0.023833218961954117,0.3905934989452362,0.7170075178146362,-0.010116546414792538,0.3726891875267029,0.7366102337837219,0.001563260331749916,0.358744740486145,0.7594828605651855,0.010213637724518776,0.0,0.0,0.0,0.0,0.0,0.0,0.0,0.0,0.0,0.0,0.0,0.0,0.0,0.0,0.0,0.0,0.0,0.0,0.0,0.0,0.0,0.0,0.0,0.0,0.0,0.0,0.0,0.0,0.0,0.0,0.0,0.0,0.0,0.0,0.0,0.0,0.0,0.0,0.0,0.0,0.0,0.0,0.0,0.0,0.0,0.0,0.0,0.0,0.0,0.0,0.0,0.0,0.0,0.0,0.0,0.0,0.0,0.0,0.0,0.0,0.0,0.0,0.0,we
0.25949734449386597,0.8911782503128052,3.4143232596761663e-07,0.2364690750837326,0.7696296572685242,0.009895773604512215,0.264955073595047,0.6790797710418701,0.01056024618446827,0.3115397095680237,0.649736225605011,0.00763976713642478,0.3509412705898285,0.6573975682258606,0.005154914688318968,0.2808053195476532,0.6091238856315613,-0.0038449084386229515,0.3024449646472931,0.49174219369888306,-0.01306498795747757,0.3173511326313019,0.42204776406288147,-0.01715252175927162,0.3285249173641205,0.36843469738960266,-0.0185006745159626,0.33219993114471436,0.6330443620681763,-0.012640433385968208,0.37467503547668457,0.551345705986023,-0.012388004921376705,0.39803045988082886,0.5132443308830261,-0.010781745426356792,0.41425520181655884,0.4851440191268921,-0.00902530923485756,0.3725481331348419,0.6751253604888916,-0.019977029412984848,0.36978286504745483,0.6577355265617371,-0.016178928315639496,0.3505546748638153,0.6834245920181274,-0.011960635893046856,0.33451807498931885,0.7099111080169678,-0.007876979187130928,0.40167349576950073,0.723141074180603,-0.027620241045951843,0.3854566812515259,0.7206009030342102,-0.019674640148878098,0.36652204394340515,0.7412108778953552,-0.010253817774355412,0.3521895706653595,0.7638551592826843,-0.0017729431856423616,0.0,0.0,0.0,0.0,0.0,0.0,0.0,0.0,0.0,0.0,0.0,0.0,0.0,0.0,0.0,0.0,0.0,0.0,0.0,0.0,0.0,0.0,0.0,0.0,0.0,0.0,0.0,0.0,0.0,0.0,0.0,0.0,0.0,0.0,0.0,0.0,0.0,0.0,0.0,0.0,0.0,0.0,0.0,0.0,0.0,0.0,0.0,0.0,0.0,0.0,0.0,0.0,0.0,0.0,0.0,0.0,0.0,0.0,0.0,0.0,0.0,0.0,0.0,we
0.26079925894737244,0.9053886532783508,2.0317958160376293e-07,0.2570156455039978,0.7901636958122253,0.00898567121475935,0.29888877272605896,0.7011142373085022,0.011515500955283642,0.34830477833747864,0.6835405826568604,0.009543029591441154,0.38991570472717285,0.6957710981369019,0.007803942076861858,0.3260587155818939,0.6347941160202026,0.007645491510629654,0.3605690598487854,0.5384075045585632,0.005520017351955175,0.38268670439720154,0.4847536087036133,0.0038884610403329134,0.4020750820636749,0.4440956711769104,0.002346184803172946,0.3721564710140228,0.6695017218589783,-0.0010995094198733568,0.41392654180526733,0.6397705674171448,0.0015542894834652543,0.4399983584880829,0.628524124622345,-0.0002396525233052671,0.4593895673751831,0.6123118996620178,-0.0024052064400166273,0.4046761393547058,0.7218461632728577,-0.008748577907681465,0.40156346559524536,0.7396636009216309,-0.0027944697067141533,0.3776266574859619,0.7668399214744568,-0.0013254929799586535,0.3563331067562103,0.7837049961090088,-0.000807025411631912,0.4242505133152008,0.7738198637962341,-0.016953730955719948,0.4103115200996399,0.7925769090652466,-0.007940536364912987,0.3891756236553192,0.8121488094329834,0.00013516872422769666,0.3712126314640045,0.8264458775520325,0.006465453654527664,0.0,0.0,0.0,0.0,0.0,0.0,0.0,0.0,0.0,0.0,0.0,0.0,0.0,0.0,0.0,0.0,0.0,0.0,0.0,0.0,0.0,0.0,0.0,0.0,0.0,0.0,0.0,0.0,0.0,0.0,0.0,0.0,0.0,0.0,0.0,0.0,0.0,0.0,0.0,0.0,0.0,0.0,0.0,0.0,0.0,0.0,0.0,0.0,0.0,0.0,0.0,0.0,0.0,0.0,0.0,0.0,0.0,0.0,0.0,0.0,0.0,0.0,0.0,we
0.2671006917953491,0.8969829082489014,-2.451602654218732e-07,0.2549295425415039,0.7769141793251038,0.007667488418519497,0.2912595570087433,0.6842123866081238,0.009612493216991425,0.33462613821029663,0.6604682207107544,0.007024796213954687,0.365386426448822,0.6774620413780212,0.0045911516062915325,0.3147529363632202,0.6134201288223267,0.008077706210315228,0.3472757041454315,0.5153019428253174,0.003094771644100547,0.3698386549949646,0.45661062002182007,-0.0003237936180084944,0.3879719376564026,0.41296055912971497,-0.00406684773042798,0.36183637380599976,0.6392927169799805,-0.0012165874941274524,0.37254881858825684,0.6504952907562256,-0.013126258738338947,0.35080888867378235,0.6942689418792725,-0.01787533424794674,0.33141255378723145,0.7137629389762878,-0.017097219824790955,0.3964829742908478,0.6853167414665222,-0.009157142601907253,0.39050331711769104,0.7077682018280029,-0.01590871438384056,0.3668556213378906,0.7404085397720337,-0.012375608086585999,0.34767788648605347,0.7529436945915222,-0.007551767863333225,0.4197981357574463,0.7313745617866516,-0.017339814454317093,0.40823665261268616,0.7557011842727661,-0.01528045441955328,0.3870547115802765,0.7821213603019714,-0.006633266340941191,0.36922961473464966,0.7953709363937378,0.002685235347598791,0.0,0.0,0.0,0.0,0.0,0.0,0.0,0.0,0.0,0.0,0.0,0.0,0.0,0.0,0.0,0.0,0.0,0.0,0.0,0.0,0.0,0.0,0.0,0.0,0.0,0.0,0.0,0.0,0.0,0.0,0.0,0.0,0.0,0.0,0.0,0.0,0.0,0.0,0.0,0.0,0.0,0.0,0.0,0.0,0.0,0.0,0.0,0.0,0.0,0.0,0.0,0.0,0.0,0.0,0.0,0.0,0.0,0.0,0.0,0.0,0.0,0.0,0.0,we
0.2606849670410156,0.8730723857879639,3.733856885901332e-07,0.2381250262260437,0.7508658766746521,0.009792088530957699,0.2685730755329132,0.6630988121032715,0.01169729046523571,0.3180074691772461,0.6328174471855164,0.010716571472585201,0.3549070954322815,0.6462748050689697,0.010850956663489342,0.28129321336746216,0.5900545120239258,0.0004885094822384417,0.30822619795799255,0.47724753618240356,-0.002658252604305744,0.3257202208042145,0.4103860855102539,-0.0009769253665581346,0.33883389830589294,0.3593234121799469,0.0013321833685040474,0.33157193660736084,0.6154499053955078,-0.007749545853585005,0.3809664845466614,0.5372378826141357,-0.005693202838301659,0.4032546281814575,0.5118288397789001,-0.0021648933179676533,0.4173005223274231,0.4925207495689392,0.002087798435240984,0.37230029702186584,0.658062219619751,-0.014289571903645992,0.3819076716899872,0.6512793898582458,-0.009340052492916584,0.3622167706489563,0.6819383502006531,-0.0038343595806509256,0.34412437677383423,0.7059559226036072,0.0020361708011478186,0.40246421098709106,0.7056981921195984,-0.020986832678318024,0.3957342207431793,0.7105485796928406,-0.008829501457512379,0.3792116343975067,0.7339580655097961,0.0028288771864026785,0.3638269305229187,0.7542062401771545,0.012855388224124908,0.0,0.0,0.0,0.0,0.0,0.0,0.0,0.0,0.0,0.0,0.0,0.0,0.0,0.0,0.0,0.0,0.0,0.0,0.0,0.0,0.0,0.0,0.0,0.0,0.0,0.0,0.0,0.0,0.0,0.0,0.0,0.0,0.0,0.0,0.0,0.0,0.0,0.0,0.0,0.0,0.0,0.0,0.0,0.0,0.0,0.0,0.0,0.0,0.0,0.0,0.0,0.0,0.0,0.0,0.0,0.0,0.0,0.0,0.0,0.0,0.0,0.0,0.0,we
0.2625458538532257,0.8698208332061768,3.425520844757557e-07,0.24262255430221558,0.7525740265846252,0.010269748978316784,0.26909586787223816,0.6627272367477417,0.010027918964624405,0.31424301862716675,0.6303130984306335,0.006236771121621132,0.3539855182170868,0.6410757899284363,0.0027903160080313683,0.27920520305633545,0.5941055417060852,-0.0038335472345352173,0.3056541383266449,0.47839564085006714,-0.011187092401087284,0.32209187746047974,0.4118274450302124,-0.01275100652128458,0.3330284357070923,0.3602313995361328,-0.012708392925560474,0.32785749435424805,0.6148905754089355,-0.013623889535665512,0.37810373306274414,0.5358371138572693,-0.01361188292503357,0.40252798795700073,0.5094449520111084,-0.011218732222914696,0.41752055287361145,0.4889550507068634,-0.00850760005414486,0.36855563521385193,0.6543353796005249,-0.0215997826308012,0.37727090716362,0.6412332057952881,-0.017790913581848145,0.36070510745048523,0.6701052784919739,-0.01190613117069006,0.3448334038257599,0.69400554895401,-0.006802434101700783,0.3996933400630951,0.7004023194313049,-0.02984156459569931,0.3944072127342224,0.7038978338241577,-0.01948779635131359,0.3775746822357178,0.7268239259719849,-0.00787267740815878,0.36274370551109314,0.7474569082260132,0.0016796045238152146,0.0,0.0,0.0,0.0,0.0,0.0,0.0,0.0,0.0,0.0,0.0,0.0,0.0,0.0,0.0,0.0,0.0,0.0,0.0,0.0,0.0,0.0,0.0,0.0,0.0,0.0,0.0,0.0,0.0,0.0,0.0,0.0,0.0,0.0,0.0,0.0,0.0,0.0,0.0,0.0,0.0,0.0,0.0,0.0,0.0,0.0,0.0,0.0,0.0,0.0,0.0,0.0,0.0,0.0,0.0,0.0,0.0,0.0,0.0,0.0,0.0,0.0,0.0,we
0.25390708446502686,0.8758202791213989,3.5754896998696495e-07,0.22508889436721802,0.761324405670166,0.01615263894200325,0.24605220556259155,0.6695827841758728,0.018276577815413475,0.29324623942375183,0.6261755228042603,0.018245745450258255,0.3323441743850708,0.6198288202285767,0.018311401829123497,0.2553430199623108,0.6027411222457886,-0.00817970559000969,0.2774761915206909,0.4750363230705261,-0.014954143203794956,0.2930508852005005,0.4009614586830139,-0.018883725628256798,0.30330637097358704,0.34196633100509644,-0.020983071997761726,0.3079661726951599,0.6234368085861206,-0.015117212198674679,0.3540688455104828,0.5235373973846436,-0.008221141993999481,0.37956884503364563,0.47698646783828735,-0.0030182641930878162,0.3963850438594818,0.4398592710494995,-0.0013508099364116788,0.3517005741596222,0.6599614024162292,-0.01854049600660801,0.36259740591049194,0.6122336387634277,-0.004039763938635588,0.3454980254173279,0.6341797709465027,0.007559057325124741,0.3286668360233307,0.6632524728775024,0.013524636626243591,0.3847346603870392,0.7018518447875977,-0.021637603640556335,0.37348830699920654,0.6740018725395203,-0.005520474631339312,0.35390937328338623,0.6907271146774292,0.009112870320677757,0.3422027826309204,0.7152336835861206,0.019895466044545174,0.0,0.0,0.0,0.0,0.0,0.0,0.0,0.0,0.0,0.0,0.0,0.0,0.0,0.0,0.0,0.0,0.0,0.0,0.0,0.0,0.0,0.0,0.0,0.0,0.0,0.0,0.0,0.0,0.0,0.0,0.0,0.0,0.0,0.0,0.0,0.0,0.0,0.0,0.0,0.0,0.0,0.0,0.0,0.0,0.0,0.0,0.0,0.0,0.0,0.0,0.0,0.0,0.0,0.0,0.0,0.0,0.0,0.0,0.0,0.0,0.0,0.0,0.0,we
0.26340946555137634,0.9062798023223877,-3.631861318353913e-07,0.24985645711421967,0.7893525958061218,0.008844897150993347,0.28490346670150757,0.691624104976654,0.012382104992866516,0.32833346724510193,0.6736529469490051,0.010603155940771103,0.3619096279144287,0.687032163143158,0.007578680291771889,0.30396467447280884,0.629610002040863,0.007113764528185129,0.33043524622917175,0.5258712768554688,0.001969466218724847,0.3503914475440979,0.45829272270202637,-0.003986232914030552,0.36567485332489014,0.4068596065044403,-0.010252811014652252,0.3507378101348877,0.6555792093276978,-0.0034212381578981876,0.36135736107826233,0.6697216629981995,-0.014335397630929947,0.3404068052768707,0.7087771892547607,-0.021593403071165085,0.3204616606235504,0.7232985496520996,-0.02438381314277649,0.38673704862594604,0.7054064273834229,-0.012122259475290775,0.38313040137290955,0.7257458567619324,-0.017782434821128845,0.3595082759857178,0.7599234580993652,-0.015060393139719963,0.3386085629463196,0.772672712802887,-0.012066241353750229,0.41134434938430786,0.7547355890274048,-0.020968234166502953,0.40467196702957153,0.7765070796012878,-0.019083071500062943,0.3836333751678467,0.8023871183395386,-0.009550955146551132,0.3663178086280823,0.8174005150794983,-0.0003437697305344045,0.0,0.0,0.0,0.0,0.0,0.0,0.0,0.0,0.0,0.0,0.0,0.0,0.0,0.0,0.0,0.0,0.0,0.0,0.0,0.0,0.0,0.0,0.0,0.0,0.0,0.0,0.0,0.0,0.0,0.0,0.0,0.0,0.0,0.0,0.0,0.0,0.0,0.0,0.0,0.0,0.0,0.0,0.0,0.0,0.0,0.0,0.0,0.0,0.0,0.0,0.0,0.0,0.0,0.0,0.0,0.0,0.0,0.0,0.0,0.0,0.0,0.0,0.0,we
0.2659885287284851,0.8959199786186218,-1.7629184867473668e-07,0.25874221324920654,0.7787079215049744,0.009982234798371792,0.2999487519264221,0.6906121373176575,0.01382800005376339,0.3432532846927643,0.6731587052345276,0.013611163944005966,0.37597838044166565,0.6856285333633423,0.013403400778770447,0.32934078574180603,0.6228431463241577,0.005662050098180771,0.3671450912952423,0.5309858918190002,0.005131210666149855,0.3906308114528656,0.4773465394973755,0.004450070206075907,0.4088974595069885,0.43663546442985535,0.001984389265999198,0.3762161433696747,0.6563494205474854,-0.0029230385553091764,0.390608549118042,0.6711949706077576,-0.005386326927691698,0.3794182538986206,0.6998461484909058,-0.008271725848317146,0.36736786365509033,0.7047601938247681,-0.010013487190008163,0.4086039960384369,0.7099880576133728,-0.009261193685233593,0.3958951532840729,0.7369619011878967,-0.009814564138650894,0.37440454959869385,0.7633309960365295,-0.00860188715159893,0.35343849658966064,0.7693650722503662,-0.008063660003244877,0.42760148644447327,0.760545015335083,-0.015342580154538155,0.40957850217819214,0.7859095335006714,-0.012625099159777164,0.3881322145462036,0.807765007019043,-0.006194307003170252,0.36775892972946167,0.8187234401702881,0.0004416540323290974,0.0,0.0,0.0,0.0,0.0,0.0,0.0,0.0,0.0,0.0,0.0,0.0,0.0,0.0,0.0,0.0,0.0,0.0,0.0,0.0,0.0,0.0,0.0,0.0,0.0,0.0,0.0,0.0,0.0,0.0,0.0,0.0,0.0,0.0,0.0,0.0,0.0,0.0,0.0,0.0,0.0,0.0,0.0,0.0,0.0,0.0,0.0,0.0,0.0,0.0,0.0,0.0,0.0,0.0,0.0,0.0,0.0,0.0,0.0,0.0,0.0,0.0,0.0,we
0.2897563576698303,0.8058672547340393,5.274218892736826e-07,0.26579058170318604,0.7274059653282166,0.004757437855005264,0.2882930040359497,0.6567711234092712,0.005996036808937788,0.330913245677948,0.6335534453392029,0.006049849092960358,0.36175215244293213,0.643244206905365,0.005566647741943598,0.3076990246772766,0.6083593964576721,-0.010043039917945862,0.33069291710853577,0.513374924659729,-0.017661498859524727,0.35002440214157104,0.45498085021972656,-0.02316778339445591,0.36429715156555176,0.41144710779190063,-0.026035413146018982,0.35176509618759155,0.6341608762741089,-0.01477546151727438,0.39711910486221313,0.5740985870361328,-0.016164157539606094,0.4224996268749237,0.5430735945701599,-0.01791914738714695,0.4374794661998749,0.5176350474357605,-0.017878036946058273,0.38473230600357056,0.6766251921653748,-0.017200712114572525,0.3915175199508667,0.6679517030715942,-0.014952999539673328,0.37512996792793274,0.6876627802848816,-0.009027539752423763,0.36137765645980835,0.7067680954933167,-0.002611422911286354,0.40552008152008057,0.7252498865127563,-0.01942250318825245,0.40395790338516235,0.7237266898155212,-0.009485273621976376,0.38801538944244385,0.7377310991287231,0.005801549647003412,0.37716594338417053,0.7518967390060425,0.0187187772244215,0.2672428488731384,0.8834372162818909,3.427319370530313e-07,0.2506953477859497,0.7610147595405579,0.00916244275867939,0.28448110818862915,0.6730502247810364,0.013243758119642735,0.33096539974212646,0.6479074954986572,0.014209214597940445,0.3651789724826813,0.6672165393829346,0.0162358321249485,0.3059522211551666,0.6022850871086121,0.005071660503745079,0.3377830684185028,0.4960905909538269,0.00305755902081728,0.3595104217529297,0.4374200701713562,0.0056960247457027435,0.3782101273536682,0.39416447281837463,0.008561295457184315,0.35471591353416443,0.6303282380104065,-0.0025970437563955784,0.4057960510253906,0.5754433870315552,0.0003419948916416615,0.43087032437324524,0.5612927079200745,0.003186309477314353,0.44905853271484375,0.5473977327346802,0.006795733701437712,0.391827791929245,0.6759036779403687,-0.009121302515268326,0.3978917598724365,0.6847061514854431,-0.004952116869390011,0.3751155138015747,0.7135868668556213,-0.0016679152613505721,0.3564475476741791,0.7325940132141113,0.0025770619977265596,0.41785120964050293,0.7242268919944763,-0.015794413164258003,0.40905195474624634,0.740052342414856,-0.0063095116056501865,0.39099231362342834,0.7630451917648315,0.0025752433575689793,0.3748745024204254,0.779216468334198,0.010853096842765808,we
0.25955379009246826,0.8816311359405518,3.5375580864638323e-07,0.22763404250144958,0.7646617889404297,0.011157777160406113,0.2520011365413666,0.6731159687042236,0.012788200750946999,0.30268746614456177,0.6305494904518127,0.012014072388410568,0.3454732894897461,0.628008246421814,0.012257006950676441,0.26173627376556396,0.5995528101921082,-0.0032237612176686525,0.2836803197860718,0.47274118661880493,-0.00845066923648119,0.2984536588191986,0.39979419112205505,-0.010335704311728477,0.30972909927368164,0.3431451618671417,-0.010694658383727074,0.3137182891368866,0.6210089921951294,-0.009618065319955349,0.35892388224601746,0.5252873301506042,-0.004304447211325169,0.38392531871795654,0.4794014096260071,-0.0006311239558272064,0.4009062349796295,0.44497358798980713,0.0009427601471543312,0.3568502962589264,0.6579239964485168,-0.013744663447141647,0.3700072765350342,0.6191993355751038,-0.0023796381428837776,0.3548089861869812,0.6407312154769897,0.0069530257023870945,0.33936312794685364,0.668072521686554,0.012553757056593895,0.3900303244590759,0.7013252973556519,-0.018335411325097084,0.38262972235679626,0.6820307374000549,-0.002498117508366704,0.3661215603351593,0.7005218863487244,0.011313709430396557,0.35436397790908813,0.7254247069358826,0.02180834859609604,0.0,0.0,0.0,0.0,0.0,0.0,0.0,0.0,0.0,0.0,0.0,0.0,0.0,0.0,0.0,0.0,0.0,0.0,0.0,0.0,0.0,0.0,0.0,0.0,0.0,0.0,0.0,0.0,0.0,0.0,0.0,0.0,0.0,0.0,0.0,0.0,0.0,0.0,0.0,0.0,0.0,0.0,0.0,0.0,0.0,0.0,0.0,0.0,0.0,0.0,0.0,0.0,0.0,0.0,0.0,0.0,0.0,0.0,0.0,0.0,0.0,0.0,0.0,we
0.2604960501194,0.8756948709487915,4.2225843799315044e-07,0.23352965712547302,0.7585820555686951,0.015033037401735783,0.25826045870780945,0.6658065319061279,0.01707938313484192,0.307779461145401,0.6278937458992004,0.015611463226377964,0.3521674573421478,0.6251071691513062,0.014415483921766281,0.26136553287506104,0.6000934839248657,-0.0019074889132753015,0.28463131189346313,0.47075173258781433,-0.0064167059026658535,0.2992657721042633,0.39850717782974243,-0.007765351794660091,0.3092220723628998,0.34118562936782837,-0.007918979041278362,0.31230291724205017,0.6197280287742615,-0.010823242366313934,0.3610761761665344,0.5229805111885071,-0.005566207226365805,0.3865828514099121,0.4769784212112427,-0.0022081981878727674,0.40269404649734497,0.44385671615600586,-0.0011443208204582334,0.3560755252838135,0.6553124785423279,-0.017022760584950447,0.3678273856639862,0.6113633513450623,-0.0065057529136538506,0.35099706053733826,0.6333692669868469,0.0007583996630273759,0.33428728580474854,0.6627503037452698,0.004600625019520521,0.3892926573753357,0.6943916082382202,-0.02300911210477352,0.37843596935272217,0.6731764674186707,-0.008633832447230816,0.3576076030731201,0.6910269260406494,0.00394078902900219,0.34509962797164917,0.7161585092544556,0.013117223046720028,0.0,0.0,0.0,0.0,0.0,0.0,0.0,0.0,0.0,0.0,0.0,0.0,0.0,0.0,0.0,0.0,0.0,0.0,0.0,0.0,0.0,0.0,0.0,0.0,0.0,0.0,0.0,0.0,0.0,0.0,0.0,0.0,0.0,0.0,0.0,0.0,0.0,0.0,0.0,0.0,0.0,0.0,0.0,0.0,0.0,0.0,0.0,0.0,0.0,0.0,0.0,0.0,0.0,0.0,0.0,0.0,0.0,0.0,0.0,0.0,0.0,0.0,0.0,we
0.2614307999610901,0.8968145847320557,-1.2332914423041075e-07,0.24326664209365845,0.7837533950805664,0.006251903250813484,0.2765587866306305,0.6871626377105713,0.005416589789092541,0.3221208453178406,0.6591309905052185,0.0006240824004635215,0.35515305399894714,0.6635011434555054,-0.0042779091745615005,0.29017508029937744,0.6195961236953735,-0.002444025594741106,0.3182631731033325,0.5069763660430908,-0.011151467449963093,0.3377866744995117,0.440498411655426,-0.017277590930461884,0.35213416814804077,0.3898163139820099,-0.02240743115544319,0.3408772647380829,0.6456371545791626,-0.011808963492512703,0.3613007068634033,0.6268445253372192,-0.020469238981604576,0.3549343943595886,0.6484981775283813,-0.024257076904177666,0.34623128175735474,0.6548771858215332,-0.025497768074274063,0.3807058334350586,0.6927154660224915,-0.0194618608802557,0.37694549560546875,0.699482262134552,-0.025437522679567337,0.3576012849807739,0.7293130159378052,-0.021661901846528053,0.3396877348423004,0.7431602478027344,-0.0177005585283041,0.4076627790927887,0.7415884733200073,-0.027092570438981056,0.39914965629577637,0.75048828125,-0.024743428453803062,0.38002145290374756,0.7776389718055725,-0.013458897359669209,0.36486366391181946,0.7947174310684204,-0.0030212837737053633,0.0,0.0,0.0,0.0,0.0,0.0,0.0,0.0,0.0,0.0,0.0,0.0,0.0,0.0,0.0,0.0,0.0,0.0,0.0,0.0,0.0,0.0,0.0,0.0,0.0,0.0,0.0,0.0,0.0,0.0,0.0,0.0,0.0,0.0,0.0,0.0,0.0,0.0,0.0,0.0,0.0,0.0,0.0,0.0,0.0,0.0,0.0,0.0,0.0,0.0,0.0,0.0,0.0,0.0,0.0,0.0,0.0,0.0,0.0,0.0,0.0,0.0,0.0,we
0.25752413272857666,0.9105657935142517,1.5725552771073126e-07,0.2532837390899658,0.795659065246582,0.01202496886253357,0.2947830259799957,0.7067020535469055,0.017954207956790924,0.3420945703983307,0.6889468431472778,0.019229324534535408,0.3856287896633148,0.7007741332054138,0.02117057330906391,0.3215497136116028,0.639545202255249,0.014825694262981415,0.35813814401626587,0.5411726236343384,0.01728881523013115,0.3791795074939728,0.48847782611846924,0.019027717411518097,0.39776235818862915,0.4504474997520447,0.0199492909014225,0.3680187463760376,0.6745579838752747,0.006552426144480705,0.40657317638397217,0.653504490852356,0.0120444530621171,0.43121591210365295,0.6478866338729858,0.010098119266331196,0.45017731189727783,0.6361982226371765,0.008099198341369629,0.4018374979496002,0.7275644540786743,-0.0001642058923607692,0.3991737961769104,0.747098982334137,0.007866757921874523,0.3739614486694336,0.7752563953399658,0.009137165732681751,0.3511754870414734,0.7917482852935791,0.009573318064212799,0.4227416217327118,0.7789558172225952,-0.006911212578415871,0.40983086824417114,0.7947085499763489,0.0036094782408326864,0.388114869594574,0.8150180578231812,0.012073996476829052,0.37007033824920654,0.8300235867500305,0.019123349338769913,0.0,0.0,0.0,0.0,0.0,0.0,0.0,0.0,0.0,0.0,0.0,0.0,0.0,0.0,0.0,0.0,0.0,0.0,0.0,0.0,0.0,0.0,0.0,0.0,0.0,0.0,0.0,0.0,0.0,0.0,0.0,0.0,0.0,0.0,0.0,0.0,0.0,0.0,0.0,0.0,0.0,0.0,0.0,0.0,0.0,0.0,0.0,0.0,0.0,0.0,0.0,0.0,0.0,0.0,0.0,0.0,0.0,0.0,0.0,0.0,0.0,0.0,0.0,we
0.2684619128704071,0.901648998260498,-2.827696619078779e-07,0.26026636362075806,0.7833260297775269,0.011027107015252113,0.29741623997688293,0.6910731196403503,0.015457811765372753,0.3390445113182068,0.6726715564727783,0.014557434245944023,0.3703794777393341,0.6887111663818359,0.013533363118767738,0.32022178173065186,0.6188634634017944,0.01230225246399641,0.3526255488395691,0.5233427286148071,0.008046099916100502,0.377035915851593,0.46808430552482605,0.004116259049624205,0.39743268489837646,0.4285821318626404,1.954352956090588e-05,0.36521607637405396,0.6473753452301025,0.0017352476716041565,0.3754581809043884,0.668356716632843,-0.009352867491543293,0.3528466820716858,0.7109528183937073,-0.01594216749072075,0.33355069160461426,0.7240043878555298,-0.016872789710760117,0.39827898144721985,0.6979377269744873,-0.007221967913210392,0.3926118016242981,0.7277187705039978,-0.013255530036985874,0.36913713812828064,0.7596626877784729,-0.011565848253667355,0.35007423162460327,0.7671749591827393,-0.008356718346476555,0.4206220209598541,0.7477949261665344,-0.016021983698010445,0.4102513790130615,0.7782059907913208,-0.014674685895442963,0.3888789415359497,0.8025364279747009,-0.007540104910731316,0.3695700764656067,0.8119561672210693,0.0007786413771100342,0.0,0.0,0.0,0.0,0.0,0.0,0.0,0.0,0.0,0.0,0.0,0.0,0.0,0.0,0.0,0.0,0.0,0.0,0.0,0.0,0.0,0.0,0.0,0.0,0.0,0.0,0.0,0.0,0.0,0.0,0.0,0.0,0.0,0.0,0.0,0.0,0.0,0.0,0.0,0.0,0.0,0.0,0.0,0.0,0.0,0.0,0.0,0.0,0.0,0.0,0.0,0.0,0.0,0.0,0.0,0.0,0.0,0.0,0.0,0.0,0.0,0.0,0.0,we
0.27259311079978943,0.8975515365600586,-2.986558627071645e-07,0.2639193534851074,0.7814109921455383,0.008238309063017368,0.3017699718475342,0.688698410987854,0.01163964718580246,0.3436242640018463,0.6707183122634888,0.009963011369109154,0.37508177757263184,0.6849256753921509,0.008234148845076561,0.3194178342819214,0.619169294834137,0.007924137637019157,0.351962685585022,0.5207805633544922,0.0023624952882528305,0.3757248818874359,0.46390166878700256,-0.0024768386501818895,0.3943043053150177,0.42325520515441895,-0.00708148954436183,0.36348530650138855,0.6478061079978943,-0.0021360444370657206,0.3811856508255005,0.6789671182632446,-0.015856020152568817,0.3609159588813782,0.7224981784820557,-0.023606762290000916,0.3395116627216339,0.7336004376411438,-0.025099044665694237,0.39722609519958496,0.6981507539749146,-0.010573586449027061,0.39587152004241943,0.7359078526496887,-0.018457408994436264,0.372488796710968,0.7703422904014587,-0.016635052859783173,0.35184505581855774,0.7769675850868225,-0.01306467317044735,0.4203853905200958,0.7466087341308594,-0.019174396991729736,0.4131339192390442,0.7811205387115479,-0.018804339691996574,0.3910311460494995,0.807571530342102,-0.010869310237467289,0.3715938627719879,0.8176904320716858,-0.0018343126866966486,0.0,0.0,0.0,0.0,0.0,0.0,0.0,0.0,0.0,0.0,0.0,0.0,0.0,0.0,0.0,0.0,0.0,0.0,0.0,0.0,0.0,0.0,0.0,0.0,0.0,0.0,0.0,0.0,0.0,0.0,0.0,0.0,0.0,0.0,0.0,0.0,0.0,0.0,0.0,0.0,0.0,0.0,0.0,0.0,0.0,0.0,0.0,0.0,0.0,0.0,0.0,0.0,0.0,0.0,0.0,0.0,0.0,0.0,0.0,0.0,0.0,0.0,0.0,we
0.25551915168762207,0.8825167417526245,3.8928118328840355e-07,0.2258123904466629,0.760406494140625,0.012749026529490948,0.25072723627090454,0.6665441989898682,0.015273839235305786,0.29994136095046997,0.6287535429000854,0.015266821719706059,0.3400614261627197,0.6312587261199951,0.016308078542351723,0.26046720147132874,0.5965875387191772,-0.0017351957503706217,0.2865804135799408,0.4726889431476593,-0.004251713864505291,0.3010597229003906,0.40148016810417175,-0.0037045422941446304,0.31101325154304504,0.34593382477760315,-0.0024072318337857723,0.31084609031677246,0.6175603270530701,-0.009585042484104633,0.36000630259513855,0.5235387682914734,-0.003591125598177314,0.38304805755615234,0.48015326261520386,0.00028688611928373575,0.39766672253608704,0.4456503391265869,0.002539887325838208,0.3525431156158447,0.6544589400291443,-0.014855689369142056,0.3665940463542938,0.6222062706947327,-0.002971432637423277,0.3510974645614624,0.6491886377334595,0.005052205640822649,0.33601170778274536,0.6758594512939453,0.009744321927428246,0.3852793872356415,0.7000414729118347,-0.02044416218996048,0.3819769322872162,0.6893191933631897,-0.004075436852872372,0.36611810326576233,0.710404098033905,0.009034727700054646,0.3533270061016083,0.7315708994865417,0.018993351608514786,0.0,0.0,0.0,0.0,0.0,0.0,0.0,0.0,0.0,0.0,0.0,0.0,0.0,0.0,0.0,0.0,0.0,0.0,0.0,0.0,0.0,0.0,0.0,0.0,0.0,0.0,0.0,0.0,0.0,0.0,0.0,0.0,0.0,0.0,0.0,0.0,0.0,0.0,0.0,0.0,0.0,0.0,0.0,0.0,0.0,0.0,0.0,0.0,0.0,0.0,0.0,0.0,0.0,0.0,0.0,0.0,0.0,0.0,0.0,0.0,0.0,0.0,0.0,we
0.25737690925598145,0.8913580775260925,3.6156404803477926e-07,0.24095961451530457,0.7724151611328125,0.00913802906870842,0.27207374572753906,0.6778128147125244,0.008059676736593246,0.31820178031921387,0.6473679542541504,0.0028360136784613132,0.35642167925834656,0.6518126130104065,-0.001865167054347694,0.28008347749710083,0.606063723564148,-0.0023595180828124285,0.304676353931427,0.49146801233291626,-0.009838920086622238,0.3192526400089264,0.42330068349838257,-0.013223830610513687,0.3311513066291809,0.37008416652679443,-0.015299111604690552,0.3292940855026245,0.6284521222114563,-0.012333648279309273,0.3756384253501892,0.5609936714172363,-0.012802242301404476,0.40114378929138184,0.5316987037658691,-0.01404239796102047,0.41899052262306213,0.5040653944015503,-0.01527440920472145,0.3705088794231415,0.6706839799880981,-0.020635005086660385,0.3753644824028015,0.66917884349823,-0.01744099147617817,0.35742366313934326,0.7003841996192932,-0.013688735663890839,0.3407416045665741,0.7235718965530396,-0.010918701998889446,0.4007304310798645,0.7204105854034424,-0.02940409444272518,0.39325079321861267,0.729229748249054,-0.019753867760300636,0.3754926323890686,0.7553138732910156,-0.008861765265464783,0.3612607717514038,0.7764248251914978,-0.0003639844653662294,0.0,0.0,0.0,0.0,0.0,0.0,0.0,0.0,0.0,0.0,0.0,0.0,0.0,0.0,0.0,0.0,0.0,0.0,0.0,0.0,0.0,0.0,0.0,0.0,0.0,0.0,0.0,0.0,0.0,0.0,0.0,0.0,0.0,0.0,0.0,0.0,0.0,0.0,0.0,0.0,0.0,0.0,0.0,0.0,0.0,0.0,0.0,0.0,0.0,0.0,0.0,0.0,0.0,0.0,0.0,0.0,0.0,0.0,0.0,0.0,0.0,0.0,0.0,we
0.26266616582870483,0.9018557071685791,1.5122577678994276e-07,0.2592134177684784,0.7863567471504211,0.01874391734600067,0.29912230372428894,0.7023661732673645,0.025337334722280502,0.3478010296821594,0.6779996752738953,0.026429763063788414,0.392231285572052,0.6835736036300659,0.027400057762861252,0.32307472825050354,0.6313660144805908,0.014631199650466442,0.3643600046634674,0.5342098474502563,0.01845567300915718,0.38876059651374817,0.48320096731185913,0.022599009796977043,0.4092268645763397,0.4425133168697357,0.02515236660838127,0.3665109872817993,0.6637532711029053,0.0035850340500473976,0.4209328293800354,0.6312283277511597,0.012483675964176655,0.44071435928344727,0.6292337775230408,0.01601792871952057,0.4516908526420593,0.6240069270133972,0.017563998699188232,0.39937883615493774,0.7141482830047607,-0.005017055664211512,0.40753117203712463,0.736586332321167,0.00866645760834217,0.3819383680820465,0.76542067527771,0.01296509150415659,0.35815826058387756,0.78197181224823,0.013762432150542736,0.42089712619781494,0.7649447321891785,-0.013289224356412888,0.41551142930984497,0.7843305468559265,0.0029103297274559736,0.3949030935764313,0.8064180612564087,0.013577032834291458,0.37623342871665955,0.8213451504707336,0.02075490728020668,0.0,0.0,0.0,0.0,0.0,0.0,0.0,0.0,0.0,0.0,0.0,0.0,0.0,0.0,0.0,0.0,0.0,0.0,0.0,0.0,0.0,0.0,0.0,0.0,0.0,0.0,0.0,0.0,0.0,0.0,0.0,0.0,0.0,0.0,0.0,0.0,0.0,0.0,0.0,0.0,0.0,0.0,0.0,0.0,0.0,0.0,0.0,0.0,0.0,0.0,0.0,0.0,0.0,0.0,0.0,0.0,0.0,0.0,0.0,0.0,0.0,0.0,0.0,we
0.26208990812301636,0.9012266397476196,2.9059393114039267e-07,0.2534500062465668,0.7840777635574341,0.007152861449867487,0.2936590313911438,0.6952738761901855,0.009835751727223396,0.34134289622306824,0.6694495677947998,0.008358503691852093,0.38182443380355835,0.6825951337814331,0.008087367750704288,0.3196863532066345,0.629605770111084,0.007449995260685682,0.36195170879364014,0.5310969352722168,0.006054702214896679,0.38794150948524475,0.47746217250823975,0.006900816224515438,0.4095638394355774,0.43571189045906067,0.007619588635861874,0.36789342761039734,0.6615366339683533,-0.00012757575314026326,0.40827423334121704,0.6293651461601257,0.0029819284100085497,0.43565669655799866,0.6211840510368347,0.0035664935130625963,0.45541542768478394,0.6093673706054688,0.00409875949844718,0.4023245573043823,0.7091110944747925,-0.007109604775905609,0.39289993047714233,0.7242152690887451,-0.002886006608605385,0.37100908160209656,0.7542136311531067,-0.001381375128403306,0.35117608308792114,0.7744119763374329,0.0005333177396096289,0.42465686798095703,0.7556214928627014,-0.01482517458498478,0.40533939003944397,0.7704305052757263,-0.006630043964833021,0.38546645641326904,0.7922328114509583,0.0008734895382076502,0.36704590916633606,0.8098991513252258,0.007739479187875986,0.0,0.0,0.0,0.0,0.0,0.0,0.0,0.0,0.0,0.0,0.0,0.0,0.0,0.0,0.0,0.0,0.0,0.0,0.0,0.0,0.0,0.0,0.0,0.0,0.0,0.0,0.0,0.0,0.0,0.0,0.0,0.0,0.0,0.0,0.0,0.0,0.0,0.0,0.0,0.0,0.0,0.0,0.0,0.0,0.0,0.0,0.0,0.0,0.0,0.0,0.0,0.0,0.0,0.0,0.0,0.0,0.0,0.0,0.0,0.0,0.0,0.0,0.0,we
0.26123112440109253,0.9013491868972778,2.653627291238081e-07,0.25471231341362,0.7829331755638123,0.008370610885322094,0.29698795080184937,0.6961277723312378,0.010683777742087841,0.34525731205940247,0.6706869006156921,0.008473966270685196,0.38603219389915466,0.6821784377098083,0.007445487659424543,0.3200453221797943,0.6298309564590454,0.0062792557291686535,0.3621516227722168,0.5316533446311951,0.004023976158350706,0.38743793964385986,0.47734540700912476,0.0046769725158810616,0.4088553786277771,0.4353342056274414,0.005212048534303904,0.36792126297950745,0.6601601839065552,-0.002212077844887972,0.4089600443840027,0.6323904991149902,0.0005072865751571953,0.43587881326675415,0.6244280338287354,0.0013393583940342069,0.4548570513725281,0.6121528148651123,0.001783655839972198,0.40243402123451233,0.7068923115730286,-0.009950649924576283,0.39326345920562744,0.7257270216941833,-0.005163432564586401,0.37048283219337463,0.7546016573905945,-0.0032848836854100227,0.3492543697357178,0.7733527421951294,-0.0017932391492649913,0.4247782826423645,0.7533636689186096,-0.018534641712903976,0.40353885293006897,0.7734090685844421,-0.010492518544197083,0.3828422725200653,0.7948276400566101,-0.003923296462744474,0.3632589280605316,0.8114807605743408,0.001995163969695568,0.0,0.0,0.0,0.0,0.0,0.0,0.0,0.0,0.0,0.0,0.0,0.0,0.0,0.0,0.0,0.0,0.0,0.0,0.0,0.0,0.0,0.0,0.0,0.0,0.0,0.0,0.0,0.0,0.0,0.0,0.0,0.0,0.0,0.0,0.0,0.0,0.0,0.0,0.0,0.0,0.0,0.0,0.0,0.0,0.0,0.0,0.0,0.0,0.0,0.0,0.0,0.0,0.0,0.0,0.0,0.0,0.0,0.0,0.0,0.0,0.0,0.0,0.0,we
0.2590535283088684,0.8838237524032593,3.462291147116048e-07,0.23452551662921906,0.7603142261505127,0.009170829318463802,0.2649429440498352,0.6675288081169128,0.015430881641805172,0.3140670955181122,0.6395058035850525,0.018673814833164215,0.351363867521286,0.6544560790061951,0.023509178310632706,0.28263670206069946,0.5916213393211365,0.013679279014468193,0.31080397963523865,0.48313698172569275,0.016989821568131447,0.328067421913147,0.4208681285381317,0.021665208041667938,0.34321510791778564,0.37424787878990173,0.025707390159368515,0.3325532078742981,0.6179311871528625,0.008845053613185883,0.3722962737083435,0.5515710711479187,0.017529383301734924,0.3960609436035156,0.5240316987037659,0.02111305110156536,0.41516196727752686,0.5006716847419739,0.02414414845407009,0.37213823199272156,0.6613869071006775,0.004792424384504557,0.3722080588340759,0.6564515829086304,0.014059651643037796,0.3525083661079407,0.6851619482040405,0.015435847453773022,0.33614692091941833,0.710722029209137,0.0176782738417387,0.40177595615386963,0.7090471982955933,0.0004509003774728626,0.38793858885765076,0.7141596674919128,0.013949373736977577,0.37106868624687195,0.7358259558677673,0.02170843631029129,0.35604628920555115,0.756523609161377,0.028756823390722275,0.0,0.0,0.0,0.0,0.0,0.0,0.0,0.0,0.0,0.0,0.0,0.0,0.0,0.0,0.0,0.0,0.0,0.0,0.0,0.0,0.0,0.0,0.0,0.0,0.0,0.0,0.0,0.0,0.0,0.0,0.0,0.0,0.0,0.0,0.0,0.0,0.0,0.0,0.0,0.0,0.0,0.0,0.0,0.0,0.0,0.0,0.0,0.0,0.0,0.0,0.0,0.0,0.0,0.0,0.0,0.0,0.0,0.0,0.0,0.0,0.0,0.0,0.0,we
0.25420135259628296,0.8786993026733398,3.463220537014422e-07,0.22918808460235596,0.7607489228248596,0.012204183265566826,0.25353503227233887,0.6681071519851685,0.015666767954826355,0.2983945906162262,0.6334534883499146,0.01579786092042923,0.3387380540370941,0.641635000705719,0.01647811010479927,0.2667604684829712,0.5943276286125183,0.00232661422342062,0.29096367955207825,0.4754919707775116,-0.00014746761007700115,0.30533722043037415,0.4083274006843567,0.0003460317966528237,0.3156840205192566,0.35470300912857056,0.0014346328098326921,0.3176954984664917,0.6165236234664917,-0.005100740119814873,0.36295393109321594,0.5379619002342224,0.0016437132144346833,0.3869073688983917,0.5060454607009888,0.005638645030558109,0.4029921591281891,0.48034459352493286,0.008043124340474606,0.3598860800266266,0.6578699946403503,-0.01054871454834938,0.3612576127052307,0.6432605981826782,6.757794471923262e-05,0.34447023272514343,0.6693406701087952,0.004743299447000027,0.32964426279067993,0.6958732604980469,0.00759035162627697,0.3918788731098175,0.7035914659500122,-0.01616358570754528,0.37787577509880066,0.7015968561172485,-0.001975222723558545,0.36055025458335876,0.7224222421646118,0.008643066510558128,0.3477648198604584,0.74593186378479,0.016870340332388878,0.0,0.0,0.0,0.0,0.0,0.0,0.0,0.0,0.0,0.0,0.0,0.0,0.0,0.0,0.0,0.0,0.0,0.0,0.0,0.0,0.0,0.0,0.0,0.0,0.0,0.0,0.0,0.0,0.0,0.0,0.0,0.0,0.0,0.0,0.0,0.0,0.0,0.0,0.0,0.0,0.0,0.0,0.0,0.0,0.0,0.0,0.0,0.0,0.0,0.0,0.0,0.0,0.0,0.0,0.0,0.0,0.0,0.0,0.0,0.0,0.0,0.0,0.0,we
0.2520661950111389,0.8929789066314697,1.2949361405389936e-07,0.24710598587989807,0.7768579721450806,0.012204800732433796,0.2861107289791107,0.6877943873405457,0.0153831597417593,0.3326157331466675,0.6657198071479797,0.013583539985120296,0.375433087348938,0.6769475936889648,0.01185744907706976,0.3076417148113251,0.621242105960846,0.00794560182839632,0.33743906021118164,0.5203639268875122,0.00694658886641264,0.355538934469223,0.4633709192276001,0.006641048938035965,0.3708389401435852,0.4194154739379883,0.005921117030084133,0.3545117974281311,0.6498323082923889,-0.001943190349265933,0.39601799845695496,0.6245055794715881,0.0011716188164427876,0.41992470622062683,0.6185433864593506,7.826826913515106e-05,0.4360000789165497,0.6059557199478149,-0.0014121021376922727,0.3902122378349304,0.698758065700531,-0.009956426918506622,0.3893047869205475,0.7218453884124756,-0.002408021129667759,0.36701932549476624,0.7516821622848511,-0.0003762465203180909,0.34645822644233704,0.7693552374839783,-2.6263862764608348e-06,0.41384685039520264,0.7482842803001404,-0.018305962905287743,0.4025976061820984,0.7731670141220093,-0.008218344300985336,0.38277164101600647,0.7964547276496887,3.2167808967642486e-05,0.36597612500190735,0.8132807016372681,0.006511128973215818,0.0,0.0,0.0,0.0,0.0,0.0,0.0,0.0,0.0,0.0,0.0,0.0,0.0,0.0,0.0,0.0,0.0,0.0,0.0,0.0,0.0,0.0,0.0,0.0,0.0,0.0,0.0,0.0,0.0,0.0,0.0,0.0,0.0,0.0,0.0,0.0,0.0,0.0,0.0,0.0,0.0,0.0,0.0,0.0,0.0,0.0,0.0,0.0,0.0,0.0,0.0,0.0,0.0,0.0,0.0,0.0,0.0,0.0,0.0,0.0,0.0,0.0,0.0,we
0.2623119652271271,0.8958022594451904,1.7113607952978782e-07,0.2502762973308563,0.7810588479042053,0.007902042008936405,0.2895737290382385,0.6935423612594604,0.0150120435282588,0.337019145488739,0.6665984988212585,0.0198217686265707,0.3770933747291565,0.672738254070282,0.0260038822889328,0.318020761013031,0.6237029433250427,0.00901629589498043,0.3527718782424927,0.521274745464325,0.013737115077674389,0.374030202627182,0.46624284982681274,0.018848223611712456,0.39154893159866333,0.42415592074394226,0.022725481539964676,0.3659539818763733,0.6555237174034119,0.006016124505549669,0.4039306640625,0.6255602240562439,0.01697351038455963,0.42504674196243286,0.6182807683944702,0.021260881796479225,0.43865033984184265,0.6076059341430664,0.023848822340369225,0.39949315786361694,0.7065584063529968,0.004243013449013233,0.3878992199897766,0.7228627800941467,0.016026265919208527,0.36554810404777527,0.7469233870506287,0.017037425190210342,0.34613749384880066,0.7630651593208313,0.017437784001231194,0.4199178218841553,0.7558965086936951,0.002186370315030217,0.40026402473449707,0.7696532011032104,0.014353666454553604,0.3811003863811493,0.7862301468849182,0.020767077803611755,0.363238126039505,0.8002049922943115,0.0266083013266325,0.0,0.0,0.0,0.0,0.0,0.0,0.0,0.0,0.0,0.0,0.0,0.0,0.0,0.0,0.0,0.0,0.0,0.0,0.0,0.0,0.0,0.0,0.0,0.0,0.0,0.0,0.0,0.0,0.0,0.0,0.0,0.0,0.0,0.0,0.0,0.0,0.0,0.0,0.0,0.0,0.0,0.0,0.0,0.0,0.0,0.0,0.0,0.0,0.0,0.0,0.0,0.0,0.0,0.0,0.0,0.0,0.0,0.0,0.0,0.0,0.0,0.0,0.0,we
0.26139718294143677,0.9005186557769775,1.9238454740388988e-07,0.2485862374305725,0.7885726094245911,0.0065385461784899235,0.28666621446609497,0.7017547488212585,0.01153477095067501,0.33573171496391296,0.6729890704154968,0.01358618214726448,0.37596040964126587,0.6827965974807739,0.016676541417837143,0.3177700340747833,0.6277995109558105,0.008081478998064995,0.352477490901947,0.523840069770813,0.011179454624652863,0.374546080827713,0.4673975706100464,0.014840667136013508,0.39390209317207336,0.4238613545894623,0.017197418957948685,0.3656576871871948,0.6587293148040771,0.003773398930206895,0.40261635184288025,0.6287248134613037,0.012367944233119488,0.4257124662399292,0.6211900115013123,0.015212335623800755,0.44073331356048584,0.6116098165512085,0.016538094729185104,0.399167001247406,0.7083141207695007,0.00036978907883167267,0.3880246877670288,0.7231264114379883,0.01016638707369566,0.36521533131599426,0.7478361129760742,0.010586822405457497,0.3446958661079407,0.7660757303237915,0.010389396920800209,0.41977420449256897,0.7560956478118896,-0.003656212007626891,0.399967759847641,0.7690486311912537,0.007006116211414337,0.3808833360671997,0.7854315638542175,0.012645288370549679,0.36243656277656555,0.8008168339729309,0.017709506675601006,0.0,0.0,0.0,0.0,0.0,0.0,0.0,0.0,0.0,0.0,0.0,0.0,0.0,0.0,0.0,0.0,0.0,0.0,0.0,0.0,0.0,0.0,0.0,0.0,0.0,0.0,0.0,0.0,0.0,0.0,0.0,0.0,0.0,0.0,0.0,0.0,0.0,0.0,0.0,0.0,0.0,0.0,0.0,0.0,0.0,0.0,0.0,0.0,0.0,0.0,0.0,0.0,0.0,0.0,0.0,0.0,0.0,0.0,0.0,0.0,0.0,0.0,0.0,we
0.26092201471328735,0.8698838949203491,3.340282717090304e-07,0.24187684059143066,0.748550295829773,0.00944377388805151,0.2764624357223511,0.6617963314056396,0.01498208474367857,0.3242945671081543,0.6380295157432556,0.017459670081734657,0.358998566865921,0.6566470265388489,0.021313033998012543,0.29368019104003906,0.5869078040122986,0.01019793190062046,0.3198125958442688,0.481349915266037,0.012059732340276241,0.33536651730537415,0.4205014705657959,0.01706257276237011,0.3495542109012604,0.37487420439720154,0.021257877349853516,0.34347623586654663,0.6164739727973938,0.004157454706728458,0.3867829144001007,0.5556017756462097,0.00912924762815237,0.40990084409713745,0.5338069796562195,0.012077773921191692,0.42787089943885803,0.516834020614624,0.01567753590643406,0.3821985423564911,0.6627651453018188,-0.0008508017053827643,0.3809668719768524,0.6658341884613037,0.0061584580689668655,0.35811445116996765,0.6950251460075378,0.007615306414663792,0.34004291892051697,0.7179179191589355,0.010340153239667416,0.40984204411506653,0.7106812000274658,-0.006063849199563265,0.3935655355453491,0.7217068076133728,0.005686071701347828,0.37606245279312134,0.7432434558868408,0.01255534403026104,0.36109891533851624,0.7623794674873352,0.018951550126075745,0.0,0.0,0.0,0.0,0.0,0.0,0.0,0.0,0.0,0.0,0.0,0.0,0.0,0.0,0.0,0.0,0.0,0.0,0.0,0.0,0.0,0.0,0.0,0.0,0.0,0.0,0.0,0.0,0.0,0.0,0.0,0.0,0.0,0.0,0.0,0.0,0.0,0.0,0.0,0.0,0.0,0.0,0.0,0.0,0.0,0.0,0.0,0.0,0.0,0.0,0.0,0.0,0.0,0.0,0.0,0.0,0.0,0.0,0.0,0.0,0.0,0.0,0.0,we
0.2571849822998047,0.8798655271530151,3.2091026014313684e-07,0.23493212461471558,0.7590230703353882,0.013099724426865578,0.263448566198349,0.6669038534164429,0.01771649345755577,0.31198686361312866,0.6370928287506104,0.019259966909885406,0.3534408211708069,0.6481829881668091,0.021297382190823555,0.27691733837127686,0.5927401781082153,0.0029584697913378477,0.2998405694961548,0.47432249784469604,9.459798457100987e-05,0.31380173563957214,0.4059801697731018,-0.0003089774982072413,0.3239259719848633,0.35123294591903687,2.508601210138295e-05,0.3263915479183197,0.6162636280059814,-0.004556046333163977,0.3748367428779602,0.5405502915382385,0.002814928535372019,0.39943450689315796,0.5067129731178284,0.006741137709468603,0.41541367769241333,0.4788040816783905,0.008944199420511723,0.36660313606262207,0.6593312621116638,-0.010113031603395939,0.3747316896915436,0.6437407732009888,3.390700294403359e-05,0.3557361662387848,0.6699071526527405,0.004179294221103191,0.3379031717777252,0.6953204274177551,0.006680669728666544,0.39737045764923096,0.7075539231300354,-0.015629148110747337,0.3878575563430786,0.7067751884460449,-0.00376717047765851,0.3687994182109833,0.7274442315101624,0.005310803186148405,0.3548677861690521,0.7496307492256165,0.012786788865923882,0.0,0.0,0.0,0.0,0.0,0.0,0.0,0.0,0.0,0.0,0.0,0.0,0.0,0.0,0.0,0.0,0.0,0.0,0.0,0.0,0.0,0.0,0.0,0.0,0.0,0.0,0.0,0.0,0.0,0.0,0.0,0.0,0.0,0.0,0.0,0.0,0.0,0.0,0.0,0.0,0.0,0.0,0.0,0.0,0.0,0.0,0.0,0.0,0.0,0.0,0.0,0.0,0.0,0.0,0.0,0.0,0.0,0.0,0.0,0.0,0.0,0.0,0.0,we
0.25854307413101196,0.9063538908958435,-4.2583246795402374e-07,0.2529553771018982,0.7881672978401184,0.012593158520758152,0.2940770089626312,0.6939234137535095,0.015607835724949837,0.33988526463508606,0.6724579334259033,0.012841351330280304,0.38056427240371704,0.6880450248718262,0.008688525296747684,0.31749409437179565,0.6248498558998108,0.006538922432810068,0.34506407380104065,0.5256432294845581,0.0030770066659897566,0.3624438941478729,0.4680497348308563,-0.0008549303165636957,0.37558531761169434,0.4234499931335449,-0.0057417904026806355,0.3642842173576355,0.6528609991073608,-0.006194773595780134,0.3735874891281128,0.6640675067901611,-0.013857548125088215,0.3539719879627228,0.7013053297996521,-0.019743788987398148,0.3331105411052704,0.7135404944419861,-0.022373802959918976,0.39932331442832947,0.7049973607063293,-0.01643209345638752,0.38991233706474304,0.7315802574157715,-0.018711425364017487,0.36476635932922363,0.7640792727470398,-0.0171832125633955,0.3410405218601227,0.7753002643585205,-0.01599239371716976,0.4207269847393036,0.7569836974143982,-0.026497194543480873,0.40833720564842224,0.7826096415519714,-0.022749926894903183,0.3863767981529236,0.8077367544174194,-0.014743948355317116,0.3669481575489044,0.8228031396865845,-0.007164157461374998,0.0,0.0,0.0,0.0,0.0,0.0,0.0,0.0,0.0,0.0,0.0,0.0,0.0,0.0,0.0,0.0,0.0,0.0,0.0,0.0,0.0,0.0,0.0,0.0,0.0,0.0,0.0,0.0,0.0,0.0,0.0,0.0,0.0,0.0,0.0,0.0,0.0,0.0,0.0,0.0,0.0,0.0,0.0,0.0,0.0,0.0,0.0,0.0,0.0,0.0,0.0,0.0,0.0,0.0,0.0,0.0,0.0,0.0,0.0,0.0,0.0,0.0,0.0,we
0.26315146684646606,0.8967499732971191,1.271457961138367e-07,0.25661391019821167,0.7806594967842102,0.01072839554399252,0.30113884806632996,0.6946685910224915,0.016078652814030647,0.3501308858394623,0.6701233386993408,0.01771492324769497,0.39086562395095825,0.6759079694747925,0.020064372569322586,0.3296133875846863,0.6236806511878967,0.008476500399410725,0.3681235909461975,0.5265040993690491,0.010339542292058468,0.38908928632736206,0.4728887379169464,0.013722310774028301,0.4066774249076843,0.43140000104904175,0.01592630334198475,0.375533789396286,0.6579357981681824,0.0014829628635197878,0.4190957844257355,0.6379227042198181,0.00856682937592268,0.4339911937713623,0.6411451101303101,0.011465887539088726,0.44114747643470764,0.6354248523712158,0.01325154583901167,0.407509446144104,0.7112661600112915,-0.0038809776306152344,0.4026086926460266,0.735935389995575,0.005397437606006861,0.37785592675209045,0.761755108833313,0.0078486492857337,0.3562372922897339,0.7729138135910034,0.008739602752029896,0.42572712898254395,0.7629225850105286,-0.009468788281083107,0.4074423015117645,0.7878869771957397,0.0022312274668365717,0.3845835030078888,0.8068451285362244,0.00993664562702179,0.3640625476837158,0.817664384841919,0.016283292323350906,0.0,0.0,0.0,0.0,0.0,0.0,0.0,0.0,0.0,0.0,0.0,0.0,0.0,0.0,0.0,0.0,0.0,0.0,0.0,0.0,0.0,0.0,0.0,0.0,0.0,0.0,0.0,0.0,0.0,0.0,0.0,0.0,0.0,0.0,0.0,0.0,0.0,0.0,0.0,0.0,0.0,0.0,0.0,0.0,0.0,0.0,0.0,0.0,0.0,0.0,0.0,0.0,0.0,0.0,0.0,0.0,0.0,0.0,0.0,0.0,0.0,0.0,0.0,we
0.2652662694454193,0.8999286890029907,1.706972625470371e-07,0.25558704137802124,0.7855480909347534,0.009512516669929028,0.2962509095668793,0.7016067504882812,0.014070652425289154,0.34715983271598816,0.6761102676391602,0.014890877529978752,0.3888191282749176,0.6853659749031067,0.01634341850876808,0.327315092086792,0.6298089027404785,0.009157950058579445,0.3643510937690735,0.5285366773605347,0.011981828138232231,0.38689124584198,0.47390463948249817,0.01541424822062254,0.40681108832359314,0.4317680895328522,0.017532899975776672,0.3734753727912903,0.6611566543579102,0.002599891275167465,0.4185980260372162,0.6369991898536682,0.011400161311030388,0.4381495714187622,0.6347313523292542,0.014705974608659744,0.44967496395111084,0.6282374262809753,0.01632988080382347,0.40543344616889954,0.7110636830329895,-0.002727353246882558,0.4007944166660309,0.7280299663543701,0.008538401685655117,0.37692704796791077,0.7524067759513855,0.01065795123577118,0.35609734058380127,0.7683470249176025,0.01081347931176424,0.4253334403038025,0.7587569952011108,-0.008602560497820377,0.40947258472442627,0.7740038633346558,0.0046735540963709354,0.38945630192756653,0.7922302484512329,0.01255587488412857,0.37015655636787415,0.8076149821281433,0.018590038642287254,0.0,0.0,0.0,0.0,0.0,0.0,0.0,0.0,0.0,0.0,0.0,0.0,0.0,0.0,0.0,0.0,0.0,0.0,0.0,0.0,0.0,0.0,0.0,0.0,0.0,0.0,0.0,0.0,0.0,0.0,0.0,0.0,0.0,0.0,0.0,0.0,0.0,0.0,0.0,0.0,0.0,0.0,0.0,0.0,0.0,0.0,0.0,0.0,0.0,0.0,0.0,0.0,0.0,0.0,0.0,0.0,0.0,0.0,0.0,0.0,0.0,0.0,0.0,we
0.26551806926727295,0.8726993799209595,3.624842861427169e-07,0.24769717454910278,0.7500312328338623,0.006716289557516575,0.28287309408187866,0.6627264022827148,0.010843717493116856,0.3327620327472687,0.6400870084762573,0.012188691645860672,0.3683822751045227,0.6592128872871399,0.015046181157231331,0.299651563167572,0.5911251306533813,0.007326630409806967,0.3264588713645935,0.4840977191925049,0.00669746333733201,0.34308138489723206,0.4229919910430908,0.010189161635935307,0.3577879071235657,0.377623975276947,0.013980390504002571,0.35008469223976135,0.6185948848724365,0.002206771867349744,0.3950972557067871,0.5551657676696777,0.0050082034431397915,0.42055177688598633,0.5352075099945068,0.006767704151570797,0.4398241341114044,0.5195888876914978,0.010524642653763294,0.3891790807247162,0.6627570390701294,-0.002102137543261051,0.3878059387207031,0.666502058506012,0.0020263930782675743,0.36601492762565613,0.6969107985496521,0.002377063501626253,0.3480619788169861,0.7199551463127136,0.005734410136938095,0.41681912541389465,0.7088679671287537,-0.006701636128127575,0.4014067053794861,0.7203195691108704,0.0034213156905025244,0.384468138217926,0.7432236671447754,0.010351204313337803,0.36922189593315125,0.7623623609542847,0.017759347334504128,0.0,0.0,0.0,0.0,0.0,0.0,0.0,0.0,0.0,0.0,0.0,0.0,0.0,0.0,0.0,0.0,0.0,0.0,0.0,0.0,0.0,0.0,0.0,0.0,0.0,0.0,0.0,0.0,0.0,0.0,0.0,0.0,0.0,0.0,0.0,0.0,0.0,0.0,0.0,0.0,0.0,0.0,0.0,0.0,0.0,0.0,0.0,0.0,0.0,0.0,0.0,0.0,0.0,0.0,0.0,0.0,0.0,0.0,0.0,0.0,0.0,0.0,0.0,we
0.2567112445831299,0.8700331449508667,3.2892702961362374e-07,0.22965002059936523,0.7514581084251404,0.014903371222317219,0.25461238622665405,0.660651445388794,0.01866956613957882,0.30340245366096497,0.6224377155303955,0.01987324096262455,0.3450031578540802,0.6240482926368713,0.022115547209978104,0.26379096508026123,0.5874255299568176,3.7289712054189295e-05,0.28550902009010315,0.46181535720825195,-0.003567036706954241,0.2988094985485077,0.38985252380371094,-0.0038493031170219183,0.3074505627155304,0.3321329653263092,-0.0035600250121206045,0.31403297185897827,0.6096252799034119,-0.00712411617860198,0.36791014671325684,0.5248311161994934,-0.0016367824282497168,0.3946850299835205,0.4901241064071655,0.0036210729740560055,0.4106995165348053,0.4623117446899414,0.0067332349717617035,0.35585159063339233,0.6475980877876282,-0.0117530208081007,0.3753741681575775,0.6112439036369324,-0.0008879213710315526,0.3589891791343689,0.6343241333961487,0.008656684309244156,0.3414800763130188,0.6608273386955261,0.014544792473316193,0.3895789682865143,0.690733015537262,-0.016239557415246964,0.3868963420391083,0.6751248836517334,-0.002347551519051194,0.3692009449005127,0.6926772594451904,0.009941408410668373,0.35598525404930115,0.7144513726234436,0.01957746222615242,0.0,0.0,0.0,0.0,0.0,0.0,0.0,0.0,0.0,0.0,0.0,0.0,0.0,0.0,0.0,0.0,0.0,0.0,0.0,0.0,0.0,0.0,0.0,0.0,0.0,0.0,0.0,0.0,0.0,0.0,0.0,0.0,0.0,0.0,0.0,0.0,0.0,0.0,0.0,0.0,0.0,0.0,0.0,0.0,0.0,0.0,0.0,0.0,0.0,0.0,0.0,0.0,0.0,0.0,0.0,0.0,0.0,0.0,0.0,0.0,0.0,0.0,0.0,we
0.2569538652896881,0.8764748573303223,2.9798323453178455e-07,0.23978553712368011,0.7567921876907349,0.01178943831473589,0.26996415853500366,0.6645249128341675,0.013736928813159466,0.3166952133178711,0.6353208422660828,0.011547538451850414,0.36012494564056396,0.6449428796768188,0.009812962263822556,0.2792554199695587,0.5932738184928894,0.0021625824738293886,0.29842203855514526,0.47847533226013184,-0.0013465770753100514,0.3099384605884552,0.4120854437351227,-0.0025411469396203756,0.32024723291397095,0.3587794303894043,-0.0035246850457042456,0.3282347023487091,0.6154902577400208,-0.007337585557252169,0.3709159195423126,0.5487387776374817,-0.003630515420809388,0.39570528268814087,0.5187390446662903,-0.0029242143500596285,0.4138711988925934,0.4923962950706482,-0.0036386523861438036,0.3698182702064514,0.658121645450592,-0.014969929121434689,0.3762476146221161,0.6541019082069397,-0.007302199024707079,0.35587644577026367,0.6839734315872192,-0.0024743538815528154,0.33706241846084595,0.7079408764839172,0.0001125082781072706,0.40127140283584595,0.7074413299560547,-0.02296784147620201,0.39419111609458923,0.7095414400100708,-0.010915480554103851,0.3764764666557312,0.7320796251296997,0.00030445732409134507,0.3618863821029663,0.7528801560401917,0.00859639048576355,0.0,0.0,0.0,0.0,0.0,0.0,0.0,0.0,0.0,0.0,0.0,0.0,0.0,0.0,0.0,0.0,0.0,0.0,0.0,0.0,0.0,0.0,0.0,0.0,0.0,0.0,0.0,0.0,0.0,0.0,0.0,0.0,0.0,0.0,0.0,0.0,0.0,0.0,0.0,0.0,0.0,0.0,0.0,0.0,0.0,0.0,0.0,0.0,0.0,0.0,0.0,0.0,0.0,0.0,0.0,0.0,0.0,0.0,0.0,0.0,0.0,0.0,0.0,we
0.26438209414482117,0.88904869556427,8.169425314008549e-08,0.26179254055023193,0.773145318031311,0.013455627486109734,0.3040243685245514,0.6835365891456604,0.020102767273783684,0.35316795110702515,0.666137158870697,0.02210635133087635,0.3955419659614563,0.6815572381019592,0.02443045563995838,0.3276228606700897,0.617730438709259,0.014047101140022278,0.35768264532089233,0.5235562920570374,0.018122456967830658,0.37532633543014526,0.47083592414855957,0.02089271880686283,0.3911874294281006,0.43058544397354126,0.021880248561501503,0.3712043762207031,0.6488795280456543,0.005426350980997086,0.41321250796318054,0.6323056817054749,0.012909496203064919,0.4353984594345093,0.6314697861671448,0.01338929682970047,0.4506729245185852,0.6235502362251282,0.012834836728870869,0.4039577841758728,0.7005764245986938,-0.001317969523370266,0.402251660823822,0.7286092638969421,0.010300641879439354,0.3794097304344177,0.7578551769256592,0.01113615371286869,0.35900092124938965,0.7739824652671814,0.010204036720097065,0.42565178871154785,0.7522202730178833,-0.008341359905898571,0.41254714131355286,0.7785981893539429,0.004471708554774523,0.39230212569236755,0.8005622029304504,0.011494548059999943,0.3749694526195526,0.8154419660568237,0.01667140983045101,0.0,0.0,0.0,0.0,0.0,0.0,0.0,0.0,0.0,0.0,0.0,0.0,0.0,0.0,0.0,0.0,0.0,0.0,0.0,0.0,0.0,0.0,0.0,0.0,0.0,0.0,0.0,0.0,0.0,0.0,0.0,0.0,0.0,0.0,0.0,0.0,0.0,0.0,0.0,0.0,0.0,0.0,0.0,0.0,0.0,0.0,0.0,0.0,0.0,0.0,0.0,0.0,0.0,0.0,0.0,0.0,0.0,0.0,0.0,0.0,0.0,0.0,0.0,we
0.2607584595680237,0.8984261155128479,1.7904389437717327e-07,0.2539861500263214,0.7798534035682678,0.010398012585937977,0.29642003774642944,0.6910547018051147,0.015089085325598717,0.3466515839099884,0.665402352809906,0.015804054215550423,0.38863974809646606,0.6737884283065796,0.01723295822739601,0.3221147060394287,0.6245763301849365,0.009388260543346405,0.35367995500564575,0.5280497074127197,0.011302894912660122,0.37282225489616394,0.4741230309009552,0.013018902391195297,0.38920480012893677,0.43090954422950745,0.013342187739908695,0.36903953552246094,0.6551761031150818,0.0009216637699864805,0.41464075446128845,0.6327799558639526,0.007498153485357761,0.436513751745224,0.6324715614318848,0.007818442769348621,0.44900715351104736,0.6261893510818481,0.007407140452414751,0.40278083086013794,0.7061112523078918,-0.006043819710612297,0.4008632302284241,0.729861855506897,0.0023109798785299063,0.3774225115776062,0.75631183385849,0.0033715113531798124,0.3550066649913788,0.7704711556434631,0.0033482692670077085,0.4242374897003174,0.7576848268508911,-0.013346810825169086,0.4102696180343628,0.7779581546783447,-0.0017841113731265068,0.3901318907737732,0.7988969683647156,0.00657645845785737,0.369783490896225,0.8139265179634094,0.013227591291069984,0.0,0.0,0.0,0.0,0.0,0.0,0.0,0.0,0.0,0.0,0.0,0.0,0.0,0.0,0.0,0.0,0.0,0.0,0.0,0.0,0.0,0.0,0.0,0.0,0.0,0.0,0.0,0.0,0.0,0.0,0.0,0.0,0.0,0.0,0.0,0.0,0.0,0.0,0.0,0.0,0.0,0.0,0.0,0.0,0.0,0.0,0.0,0.0,0.0,0.0,0.0,0.0,0.0,0.0,0.0,0.0,0.0,0.0,0.0,0.0,0.0,0.0,0.0,we
0.25849267840385437,0.8867871165275574,1.0383713799910765e-07,0.2476021647453308,0.7683144807815552,0.010515745729207993,0.28485557436943054,0.6756182909011841,0.013489453122019768,0.32859501242637634,0.6456834077835083,0.011891549453139305,0.36363109946250916,0.6578553915023804,0.010665897279977798,0.31239205598831177,0.6040545105934143,0.009464569389820099,0.3450782597064972,0.5080958008766174,0.007044827565550804,0.3643036484718323,0.4508836269378662,0.005647062789648771,0.38069021701812744,0.40823185443878174,0.0038537716027349234,0.3604942262172699,0.632674515247345,-0.000891285773832351,0.39670825004577637,0.611152708530426,0.0008866240386851132,0.4095955491065979,0.622990608215332,0.0006246701232157648,0.4186830520629883,0.6233969926834106,0.0005852430476807058,0.39609286189079285,0.6813883781433105,-0.00992349348962307,0.3952726423740387,0.6964495182037354,-0.005690512713044882,0.3760964870452881,0.7254476547241211,-0.0013497858308255672,0.3596482574939728,0.7399943470954895,0.0013508067931979895,0.41966235637664795,0.7317932844161987,-0.019431740045547485,0.40608206391334534,0.7501002550125122,-0.01065073162317276,0.38785749673843384,0.7733787298202515,-0.0007103295065462589,0.37091219425201416,0.7875679731369019,0.00772967841476202,0.0,0.0,0.0,0.0,0.0,0.0,0.0,0.0,0.0,0.0,0.0,0.0,0.0,0.0,0.0,0.0,0.0,0.0,0.0,0.0,0.0,0.0,0.0,0.0,0.0,0.0,0.0,0.0,0.0,0.0,0.0,0.0,0.0,0.0,0.0,0.0,0.0,0.0,0.0,0.0,0.0,0.0,0.0,0.0,0.0,0.0,0.0,0.0,0.0,0.0,0.0,0.0,0.0,0.0,0.0,0.0,0.0,0.0,0.0,0.0,0.0,0.0,0.0,we
0.25763818621635437,0.8716420531272888,3.859727542021574e-07,0.23322288691997528,0.7525202631950378,0.011092291213572025,0.2627122402191162,0.6646557450294495,0.015529770404100418,0.31335198879241943,0.6335923671722412,0.01721670851111412,0.35359159111976624,0.6425831913948059,0.020459888502955437,0.2733384370803833,0.5854688286781311,0.00548413023352623,0.29905495047569275,0.46726199984550476,0.0056246379390358925,0.3138570189476013,0.3993642330169678,0.008876505307853222,0.3250960409641266,0.3466765880584717,0.01196624618023634,0.3247700333595276,0.6114493608474731,0.0001533365430077538,0.37511104345321655,0.5353829860687256,0.0054929135367274284,0.4025776982307434,0.503381609916687,0.008847393095493317,0.4220391511917114,0.47968196868896484,0.011670906096696854,0.3667859733104706,0.65219646692276,-0.0034413104876875877,0.37704962491989136,0.6356446743011475,0.005507768131792545,0.3581126630306244,0.6627281904220581,0.009806127287447453,0.33993014693260193,0.6889825463294983,0.013502485118806362,0.39963674545288086,0.6966680884361267,-0.007151270750910044,0.3898322880268097,0.6925621032714844,0.00589518528431654,0.37226033210754395,0.7134234309196472,0.014737890101969242,0.3572859466075897,0.7361815571784973,0.02247111313045025,0.0,0.0,0.0,0.0,0.0,0.0,0.0,0.0,0.0,0.0,0.0,0.0,0.0,0.0,0.0,0.0,0.0,0.0,0.0,0.0,0.0,0.0,0.0,0.0,0.0,0.0,0.0,0.0,0.0,0.0,0.0,0.0,0.0,0.0,0.0,0.0,0.0,0.0,0.0,0.0,0.0,0.0,0.0,0.0,0.0,0.0,0.0,0.0,0.0,0.0,0.0,0.0,0.0,0.0,0.0,0.0,0.0,0.0,0.0,0.0,0.0,0.0,0.0,we
0.2515585422515869,0.8752514719963074,3.182576335802878e-07,0.23459362983703613,0.7554174065589905,0.008604895323514938,0.265812486410141,0.6625493168830872,0.00784686952829361,0.31555694341659546,0.635030210018158,0.0034519373439252377,0.35998761653900146,0.6481673121452332,-0.0006757907685823739,0.27741938829421997,0.5943938493728638,-0.006424312014132738,0.29993295669555664,0.47822514176368713,-0.012846392579376698,0.3143289089202881,0.41169771552085876,-0.015664424747228622,0.32631590962409973,0.35826507210731506,-0.01770157366991043,0.32855334877967834,0.6178006529808044,-0.015529134310781956,0.3733510375022888,0.5558139681816101,-0.013298215344548225,0.3988885283470154,0.5303884744644165,-0.01197841577231884,0.4166991114616394,0.5076233744621277,-0.012307480908930302,0.3699723184108734,0.6613261699676514,-0.02277466468513012,0.37197086215019226,0.6605650186538696,-0.015167690813541412,0.35282307863235474,0.6894192099571228,-0.009301179088652134,0.33519306778907776,0.7126519083976746,-0.0064846244640648365,0.3994493782520294,0.710274875164032,-0.030788514763116837,0.3883904814720154,0.7146181464195251,-0.018552642315626144,0.3705426752567291,0.73517906665802,-0.006690213922411203,0.3556349575519562,0.7554748058319092,0.001849583350121975,0.0,0.0,0.0,0.0,0.0,0.0,0.0,0.0,0.0,0.0,0.0,0.0,0.0,0.0,0.0,0.0,0.0,0.0,0.0,0.0,0.0,0.0,0.0,0.0,0.0,0.0,0.0,0.0,0.0,0.0,0.0,0.0,0.0,0.0,0.0,0.0,0.0,0.0,0.0,0.0,0.0,0.0,0.0,0.0,0.0,0.0,0.0,0.0,0.0,0.0,0.0,0.0,0.0,0.0,0.0,0.0,0.0,0.0,0.0,0.0,0.0,0.0,0.0,we
0.2597118616104126,0.8952771425247192,9.054399896513132e-08,0.2588423490524292,0.7791997194290161,0.011555168777704239,0.303523451089859,0.6908105611801147,0.015497175976634026,0.35403740406036377,0.6712550520896912,0.014413710683584213,0.39974263310432434,0.6836549043655396,0.013434390537440777,0.32953327894210815,0.6264548897743225,0.01100235991179943,0.3631149232387543,0.5324479341506958,0.012414524331688881,0.38296908140182495,0.48045504093170166,0.013349848799407482,0.40077105164527893,0.43905359506607056,0.013109053485095501,0.3738573491573334,0.660114586353302,0.001899626338854432,0.41926223039627075,0.6441674828529358,0.008855247870087624,0.43974271416664124,0.6465720534324646,0.009842131286859512,0.45155641436576843,0.6397972106933594,0.00903820525854826,0.4059488773345947,0.7133969068527222,-0.005749113857746124,0.40561896562576294,0.739399254322052,0.004780325572937727,0.3828631043434143,0.7681730389595032,0.006703939288854599,0.3612194359302521,0.7832629680633545,0.006114352494478226,0.42577120661735535,0.7657351493835449,-0.013928995467722416,0.41235998272895813,0.7906522750854492,-0.0008039469248615205,0.39097997546195984,0.8127092123031616,0.007757856510579586,0.3716551661491394,0.8269340991973877,0.013590222224593163,0.0,0.0,0.0,0.0,0.0,0.0,0.0,0.0,0.0,0.0,0.0,0.0,0.0,0.0,0.0,0.0,0.0,0.0,0.0,0.0,0.0,0.0,0.0,0.0,0.0,0.0,0.0,0.0,0.0,0.0,0.0,0.0,0.0,0.0,0.0,0.0,0.0,0.0,0.0,0.0,0.0,0.0,0.0,0.0,0.0,0.0,0.0,0.0,0.0,0.0,0.0,0.0,0.0,0.0,0.0,0.0,0.0,0.0,0.0,0.0,0.0,0.0,0.0,we
0.2567320168018341,0.9033772945404053,1.399660334300279e-07,0.2521314322948456,0.785980761051178,0.00861598551273346,0.2972260117530823,0.6998657584190369,0.011446190066635609,0.34917208552360535,0.6756311058998108,0.010645794682204723,0.3925713896751404,0.6861321926116943,0.010458412580192089,0.3265695571899414,0.6315763592720032,0.00444813584908843,0.36153823137283325,0.5363954901695251,0.003988468553870916,0.3821137547492981,0.48151737451553345,0.0043652779422700405,0.4000941812992096,0.43824461102485657,0.0038879988715052605,0.3734389841556549,0.665461003780365,-0.0034772928338497877,0.4159088730812073,0.6496789455413818,0.0013681566342711449,0.4367983937263489,0.6504135131835938,0.001692351303063333,0.4497634172439575,0.6431708931922913,0.0011475631035864353,0.40603408217430115,0.7195730209350586,-0.009906977415084839,0.40166810154914856,0.741503119468689,-0.0036719925701618195,0.3773583471775055,0.7658692598342896,-0.0020839234348386526,0.3547627031803131,0.7785080075263977,-0.0014207568019628525,0.42605823278427124,0.7728720307350159,-0.016731200739741325,0.4084058403968811,0.7902950644493103,-0.007409866899251938,0.386714905500412,0.8085012435913086,0.0005154943210072815,0.36570340394973755,0.8207329511642456,0.00729235028848052,0.0,0.0,0.0,0.0,0.0,0.0,0.0,0.0,0.0,0.0,0.0,0.0,0.0,0.0,0.0,0.0,0.0,0.0,0.0,0.0,0.0,0.0,0.0,0.0,0.0,0.0,0.0,0.0,0.0,0.0,0.0,0.0,0.0,0.0,0.0,0.0,0.0,0.0,0.0,0.0,0.0,0.0,0.0,0.0,0.0,0.0,0.0,0.0,0.0,0.0,0.0,0.0,0.0,0.0,0.0,0.0,0.0,0.0,0.0,0.0,0.0,0.0,0.0,we
0.2637285888195038,0.8835131525993347,3.7522718798754795e-07,0.2470981478691101,0.7591190934181213,0.011839909479022026,0.279707670211792,0.6700446009635925,0.016754647716879845,0.32482603192329407,0.6422975659370422,0.01757889799773693,0.3598489761352539,0.6546652317047119,0.01950235851109028,0.30014199018478394,0.597312331199646,0.01133344043046236,0.32929617166519165,0.4918939173221588,0.010340380482375622,0.34761422872543335,0.4309738278388977,0.013283600099384785,0.36282917857170105,0.3869020640850067,0.016693096607923508,0.3483315110206604,0.6251007914543152,0.003223452717065811,0.40290558338165283,0.5679238438606262,0.007590144872665405,0.42993804812431335,0.5507748126983643,0.010607371106743813,0.4487968385219574,0.537243664264679,0.014496595598757267,0.38631510734558105,0.6695892214775085,-0.003842186415567994,0.39430853724479675,0.6776437759399414,0.0020925214048475027,0.37333211302757263,0.7078927159309387,0.0047569056041538715,0.35494911670684814,0.7286965250968933,0.008443362079560757,0.4145866632461548,0.7185671329498291,-0.010999120771884918,0.40632158517837524,0.7364287972450256,0.00044766199425794184,0.3881521224975586,0.7608504295349121,0.009286888875067234,0.37131696939468384,0.7776291966438293,0.017605453729629517,0.0,0.0,0.0,0.0,0.0,0.0,0.0,0.0,0.0,0.0,0.0,0.0,0.0,0.0,0.0,0.0,0.0,0.0,0.0,0.0,0.0,0.0,0.0,0.0,0.0,0.0,0.0,0.0,0.0,0.0,0.0,0.0,0.0,0.0,0.0,0.0,0.0,0.0,0.0,0.0,0.0,0.0,0.0,0.0,0.0,0.0,0.0,0.0,0.0,0.0,0.0,0.0,0.0,0.0,0.0,0.0,0.0,0.0,0.0,0.0,0.0,0.0,0.0,we
0.2524096965789795,0.8756936192512512,3.9941050999914296e-07,0.22168689966201782,0.7566697001457214,0.010773075744509697,0.24638232588768005,0.6647329330444336,0.012076154351234436,0.29831042885780334,0.6239060163497925,0.010896220803260803,0.3420110046863556,0.6243740320205688,0.011003999039530754,0.2537543773651123,0.5896947383880615,-0.0020299742463976145,0.2735182046890259,0.46195071935653687,-0.007276376709342003,0.2856268882751465,0.38918325304985046,-0.008986080065369606,0.2941690683364868,0.3327208459377289,-0.009369556792080402,0.3056970536708832,0.6109270453453064,-0.008159736171364784,0.3576338291168213,0.523671567440033,-0.005121178459376097,0.38623905181884766,0.4863188862800598,-0.0021014579106122255,0.4051823019981384,0.4588067829608917,-0.00017094255599658936,0.34932222962379456,0.6481661796569824,-0.012190436944365501,0.3689451813697815,0.611766517162323,-0.0034594498574733734,0.35321229696273804,0.6362854838371277,0.005111715756356716,0.3366611897945404,0.6641213297843933,0.010951610282063484,0.3844658434391022,0.6919363737106323,-0.01656009443104267,0.38134902715682983,0.6765453219413757,-0.003390513826161623,0.3648018538951874,0.6960093975067139,0.009023795835673809,0.3525643050670624,0.7195202112197876,0.019209526479244232,0.0,0.0,0.0,0.0,0.0,0.0,0.0,0.0,0.0,0.0,0.0,0.0,0.0,0.0,0.0,0.0,0.0,0.0,0.0,0.0,0.0,0.0,0.0,0.0,0.0,0.0,0.0,0.0,0.0,0.0,0.0,0.0,0.0,0.0,0.0,0.0,0.0,0.0,0.0,0.0,0.0,0.0,0.0,0.0,0.0,0.0,0.0,0.0,0.0,0.0,0.0,0.0,0.0,0.0,0.0,0.0,0.0,0.0,0.0,0.0,0.0,0.0,0.0,we
0.2502736449241638,0.8845317363739014,3.16335700745185e-07,0.23191265761852264,0.7655901908874512,0.010574168525636196,0.2603493332862854,0.6682600378990173,0.011385263875126839,0.30620071291923523,0.6338701844215393,0.007936353795230389,0.3478812873363495,0.6375831365585327,0.005078952293843031,0.2680264711380005,0.5939799547195435,0.0005101902643218637,0.28808900713920593,0.47775065898895264,-0.004691342823207378,0.2995353043079376,0.40867286920547485,-0.007229664362967014,0.30918437242507935,0.35378190875053406,-0.0093977190554142,0.317484974861145,0.6140545010566711,-0.009163670241832733,0.3662406802177429,0.5578819513320923,-0.007588529027998447,0.392535001039505,0.5356100797653198,-0.007704431191086769,0.4101632535457611,0.5136390924453735,-0.008810639381408691,0.3594658672809601,0.6556587219238281,-0.01707800291478634,0.3706058859825134,0.6576712131500244,-0.011475986801087856,0.35328516364097595,0.6904341578483582,-0.006308006122708321,0.3355778455734253,0.7146780490875244,-0.0034805613104254007,0.3913790285587311,0.7041743397712708,-0.025518855080008507,0.389462411403656,0.7149363160133362,-0.01434152852743864,0.3724552392959595,0.7405864596366882,-0.0027134849224239588,0.35714781284332275,0.7617204189300537,0.006039460189640522,0.0,0.0,0.0,0.0,0.0,0.0,0.0,0.0,0.0,0.0,0.0,0.0,0.0,0.0,0.0,0.0,0.0,0.0,0.0,0.0,0.0,0.0,0.0,0.0,0.0,0.0,0.0,0.0,0.0,0.0,0.0,0.0,0.0,0.0,0.0,0.0,0.0,0.0,0.0,0.0,0.0,0.0,0.0,0.0,0.0,0.0,0.0,0.0,0.0,0.0,0.0,0.0,0.0,0.0,0.0,0.0,0.0,0.0,0.0,0.0,0.0,0.0,0.0,we
0.25928062200546265,0.8965022563934326,3.5160088174279736e-08,0.25534722208976746,0.7812186479568481,0.012838144786655903,0.29712972044944763,0.6923041939735413,0.016221119090914726,0.3478868305683136,0.6698540449142456,0.014541014097630978,0.393742173910141,0.6788955330848694,0.012857621535658836,0.32076364755630493,0.6203957200050354,0.008209321647882462,0.35339677333831787,0.5225465297698975,0.008721982128918171,0.37149983644485474,0.4673978388309479,0.009516026824712753,0.3866625726222992,0.4235074520111084,0.009166124276816845,0.3642602562904358,0.6505147814750671,-0.002336004050448537,0.4103812575340271,0.6293616890907288,0.0028493970166891813,0.4259908199310303,0.6356847882270813,0.00384839647449553,0.43320876359939575,0.6339781880378723,0.003539062337949872,0.39748796820640564,0.7024097442626953,-0.010813971981406212,0.4031310975551605,0.7292010188102722,-0.0010884308721870184,0.38047724962234497,0.7597193717956543,0.002415804658085108,0.35917335748672485,0.7752768993377686,0.003080474678426981,0.41934147477149963,0.755230724811554,-0.019642313942313194,0.4117189049720764,0.7790458798408508,-0.006164652295410633,0.39290833473205566,0.8022007942199707,0.00441358145326376,0.37568265199661255,0.8175336122512817,0.01190316304564476,0.0,0.0,0.0,0.0,0.0,0.0,0.0,0.0,0.0,0.0,0.0,0.0,0.0,0.0,0.0,0.0,0.0,0.0,0.0,0.0,0.0,0.0,0.0,0.0,0.0,0.0,0.0,0.0,0.0,0.0,0.0,0.0,0.0,0.0,0.0,0.0,0.0,0.0,0.0,0.0,0.0,0.0,0.0,0.0,0.0,0.0,0.0,0.0,0.0,0.0,0.0,0.0,0.0,0.0,0.0,0.0,0.0,0.0,0.0,0.0,0.0,0.0,0.0,we
0.25708597898483276,0.9030508399009705,1.868938284133037e-07,0.24960090219974518,0.7878840565681458,0.007587014231830835,0.2911131978034973,0.7003560662269592,0.009639955125749111,0.34134671092033386,0.6741246581077576,0.007971546612679958,0.384287565946579,0.6826256513595581,0.007032024674117565,0.3173238933086395,0.6283954381942749,0.0031275416258722544,0.3508273661136627,0.5275763869285583,0.0014464358100667596,0.3708172142505646,0.46979886293411255,0.0009621134959161282,0.38841214776039124,0.42338529229164124,2.0161925931461155e-05,0.3648550510406494,0.6585688591003418,-0.004513836000114679,0.4066171646118164,0.6371400952339172,-0.0005427298019640148,0.43098852038383484,0.6316206455230713,-0.0008924292051233351,0.44707751274108887,0.6188766956329346,-0.0020135960076004267,0.3989773988723755,0.7096334099769592,-0.01079785730689764,0.39621439576148987,0.7344109416007996,-0.0041394601576030254,0.37396079301834106,0.7616209387779236,-0.0019592021126300097,0.35246145725250244,0.7758873105049133,-0.0010928023839369416,0.4207604229450226,0.7613813877105713,-0.017829135060310364,0.40647265315055847,0.7838361263275146,-0.007811723742634058,0.38647526502609253,0.8036667108535767,0.0006506498903036118,0.36656996607780457,0.8167036771774292,0.007666835095733404,0.0,0.0,0.0,0.0,0.0,0.0,0.0,0.0,0.0,0.0,0.0,0.0,0.0,0.0,0.0,0.0,0.0,0.0,0.0,0.0,0.0,0.0,0.0,0.0,0.0,0.0,0.0,0.0,0.0,0.0,0.0,0.0,0.0,0.0,0.0,0.0,0.0,0.0,0.0,0.0,0.0,0.0,0.0,0.0,0.0,0.0,0.0,0.0,0.0,0.0,0.0,0.0,0.0,0.0,0.0,0.0,0.0,0.0,0.0,0.0,0.0,0.0,0.0,we
0.260343074798584,0.8739603757858276,3.9802682749723317e-07,0.24367520213127136,0.749261200428009,0.011618244461715221,0.2759188115596771,0.6621362566947937,0.015942703932523727,0.32326826453208923,0.6366828083992004,0.01660591922700405,0.3599017858505249,0.6524040699005127,0.018292002379894257,0.2927394211292267,0.5926339030265808,0.007636677008122206,0.3170885145664215,0.48296600580215454,0.007728711701929569,0.3328796923160553,0.41854676604270935,0.011340602301061153,0.3461916744709015,0.36937323212623596,0.014703520573675632,0.34274348616600037,0.6194589138031006,-5.41526242159307e-05,0.39480116963386536,0.5573424696922302,0.005049599334597588,0.42346063256263733,0.535855770111084,0.00813097134232521,0.44427990913391113,0.5186586380004883,0.011526878923177719,0.3817828297615051,0.6640440225601196,-0.006180300377309322,0.38913169503211975,0.6681344509124756,0.0011734355939552188,0.3674069046974182,0.6987298130989075,0.004582487978041172,0.3486272394657135,0.7206761240959167,0.0083843432366848,0.41027843952178955,0.7127346992492676,-0.012363302521407604,0.4024806022644043,0.724174439907074,-0.00010167008440475911,0.38528135418891907,0.7480764985084534,0.009286188520491123,0.369225412607193,0.7672201991081238,0.01775892823934555,0.0,0.0,0.0,0.0,0.0,0.0,0.0,0.0,0.0,0.0,0.0,0.0,0.0,0.0,0.0,0.0,0.0,0.0,0.0,0.0,0.0,0.0,0.0,0.0,0.0,0.0,0.0,0.0,0.0,0.0,0.0,0.0,0.0,0.0,0.0,0.0,0.0,0.0,0.0,0.0,0.0,0.0,0.0,0.0,0.0,0.0,0.0,0.0,0.0,0.0,0.0,0.0,0.0,0.0,0.0,0.0,0.0,0.0,0.0,0.0,0.0,0.0,0.0,we
0.2539040446281433,0.8758789300918579,3.54574098082594e-07,0.22862036526203156,0.757172703742981,0.016050854697823524,0.25292709469795227,0.6682077050209045,0.018457816913723946,0.3009200692176819,0.6329069137573242,0.017735907807946205,0.34275397658348083,0.6352410912513733,0.01716078445315361,0.2623075842857361,0.5953598022460938,-0.003858197946101427,0.2852916717529297,0.4683830142021179,-0.007991251535713673,0.29987722635269165,0.3951863646507263,-0.008451531641185284,0.3103303909301758,0.3357897400856018,-0.0085627231746912,0.3136553168296814,0.6159176230430603,-0.012589309364557266,0.37008845806121826,0.5310050845146179,-0.006289173383265734,0.3979535698890686,0.4968758225440979,-0.0010955753969028592,0.4146859645843506,0.4684276282787323,0.0013897119788452983,0.35605233907699585,0.6537970900535583,-0.018328798934817314,0.37452980875968933,0.6225327253341675,-0.006013588514178991,0.35771873593330383,0.6503899097442627,0.003597706090658903,0.33903560042381287,0.6787405014038086,0.008686508983373642,0.39001864194869995,0.6980332732200623,-0.02390522137284279,0.38415950536727905,0.6873682141304016,-0.009174791164696217,0.3647211492061615,0.7083469033241272,0.003556865034624934,0.3490737974643707,0.7312328219413757,0.01314735971391201,0.0,0.0,0.0,0.0,0.0,0.0,0.0,0.0,0.0,0.0,0.0,0.0,0.0,0.0,0.0,0.0,0.0,0.0,0.0,0.0,0.0,0.0,0.0,0.0,0.0,0.0,0.0,0.0,0.0,0.0,0.0,0.0,0.0,0.0,0.0,0.0,0.0,0.0,0.0,0.0,0.0,0.0,0.0,0.0,0.0,0.0,0.0,0.0,0.0,0.0,0.0,0.0,0.0,0.0,0.0,0.0,0.0,0.0,0.0,0.0,0.0,0.0,0.0,we
0.25389039516448975,0.8802281022071838,2.9991883820912335e-07,0.23801210522651672,0.7606149315834045,0.01391935721039772,0.2688978314399719,0.6685128211975098,0.016790159046649933,0.3162873387336731,0.6398739218711853,0.015201203525066376,0.3601455092430115,0.6512998938560486,0.014107721857726574,0.2783074676990509,0.5966169834136963,0.004819799214601517,0.30006590485572815,0.4806284010410309,0.0036128025967627764,0.3134387731552124,0.41490912437438965,0.004086099099367857,0.32479050755500793,0.36243441700935364,0.004201794508844614,0.32697927951812744,0.6198731660842896,-0.005048463121056557,0.37233954668045044,0.5566762685775757,0.0014430357841774821,0.3985891044139862,0.529638409614563,0.003646848490461707,0.4168154001235962,0.5062718391418457,0.0034576263278722763,0.3681502044200897,0.6631547808647156,-0.012805530801415443,0.37359827756881714,0.6556218862533569,-0.0017425843980163336,0.3539767861366272,0.6831570267677307,0.0036817037034779787,0.3355623483657837,0.7076789140701294,0.005749439354985952,0.3990366458892822,0.7117476463317871,-0.02086041122674942,0.39080333709716797,0.7106791138648987,-0.006279795430600643,0.3734457194805145,0.7308375239372253,0.0051938206888735294,0.3591932952404022,0.7527360916137695,0.013152318075299263,0.0,0.0,0.0,0.0,0.0,0.0,0.0,0.0,0.0,0.0,0.0,0.0,0.0,0.0,0.0,0.0,0.0,0.0,0.0,0.0,0.0,0.0,0.0,0.0,0.0,0.0,0.0,0.0,0.0,0.0,0.0,0.0,0.0,0.0,0.0,0.0,0.0,0.0,0.0,0.0,0.0,0.0,0.0,0.0,0.0,0.0,0.0,0.0,0.0,0.0,0.0,0.0,0.0,0.0,0.0,0.0,0.0,0.0,0.0,0.0,0.0,0.0,0.0,we
0.2594988942146301,0.8945285081863403,-4.015740273644042e-08,0.2591187357902527,0.7762273550033569,0.012294475920498371,0.30564847588539124,0.6866282820701599,0.01705627702176571,0.35760626196861267,0.6654067039489746,0.01736007258296013,0.403974324464798,0.6776996850967407,0.01789109967648983,0.3259020447731018,0.623268723487854,0.009501193650066853,0.35678935050964355,0.5264948606491089,0.010715074837207794,0.3742404878139496,0.4736645817756653,0.01203775405883789,0.3898930251598358,0.4330253601074219,0.012034205719828606,0.3702815771102905,0.6567260026931763,-0.0006182084907777607,0.41369810700416565,0.6363757252693176,0.003365312237292528,0.4225262701511383,0.6495952010154724,0.004219162743538618,0.42468082904815674,0.6520606875419617,0.004692703019827604,0.4030730426311493,0.7100715637207031,-0.00890299305319786,0.40593209862709045,0.7324621677398682,-0.00125114677939564,0.38234174251556396,0.7608601450920105,0.0003050492668990046,0.3611080050468445,0.7731264233589172,0.00026763262576423585,0.4229304790496826,0.7623685002326965,-0.017240382730960846,0.4108930230140686,0.7843639254570007,-0.005470095202326775,0.3902677297592163,0.8061378002166748,0.0029852113220840693,0.3719964623451233,0.8195620775222778,0.008977389894425869,0.0,0.0,0.0,0.0,0.0,0.0,0.0,0.0,0.0,0.0,0.0,0.0,0.0,0.0,0.0,0.0,0.0,0.0,0.0,0.0,0.0,0.0,0.0,0.0,0.0,0.0,0.0,0.0,0.0,0.0,0.0,0.0,0.0,0.0,0.0,0.0,0.0,0.0,0.0,0.0,0.0,0.0,0.0,0.0,0.0,0.0,0.0,0.0,0.0,0.0,0.0,0.0,0.0,0.0,0.0,0.0,0.0,0.0,0.0,0.0,0.0,0.0,0.0,we
0.2567221522331238,0.9036896228790283,-1.241262115314612e-08,0.2514249086380005,0.7835873961448669,0.010010984726250172,0.29486072063446045,0.6950914859771729,0.01361937541514635,0.34304171800613403,0.67079758644104,0.01324822660535574,0.3853203356266022,0.6808449625968933,0.013083853758871555,0.3230927884578705,0.6278970241546631,0.006618646904826164,0.3534001410007477,0.5314987897872925,0.0063094585202634335,0.37165307998657227,0.4765315651893616,0.006185013800859451,0.38779085874557495,0.4340563714504242,0.005086280405521393,0.37142208218574524,0.6611641049385071,-0.0021244343370199203,0.40341758728027344,0.6485139727592468,0.0027960508596152067,0.41176313161849976,0.6574998497962952,0.0024937016423791647,0.4146241843700409,0.6543607711791992,0.0016189496964216232,0.4050329029560089,0.7171725630760193,-0.00910500530153513,0.3973325192928314,0.7423644661903381,-0.0023516875226050615,0.3760279417037964,0.7680981159210205,-0.0010373713448643684,0.35599470138549805,0.7777945399284363,-0.0011270790128037333,0.4243740439414978,0.7732914090156555,-0.01624339260160923,0.40425461530685425,0.7942341566085815,-0.005631213542073965,0.3840559124946594,0.8130429983139038,0.003105725394561887,0.36365094780921936,0.8234376311302185,0.010187053121626377,0.0,0.0,0.0,0.0,0.0,0.0,0.0,0.0,0.0,0.0,0.0,0.0,0.0,0.0,0.0,0.0,0.0,0.0,0.0,0.0,0.0,0.0,0.0,0.0,0.0,0.0,0.0,0.0,0.0,0.0,0.0,0.0,0.0,0.0,0.0,0.0,0.0,0.0,0.0,0.0,0.0,0.0,0.0,0.0,0.0,0.0,0.0,0.0,0.0,0.0,0.0,0.0,0.0,0.0,0.0,0.0,0.0,0.0,0.0,0.0,0.0,0.0,0.0,we
0.2620092034339905,0.9045059084892273,-2.6070617309414956e-07,0.24970345199108124,0.7821559309959412,0.010989361442625523,0.28744468092918396,0.6820772886276245,0.017280850559473038,0.3299948275089264,0.6483486890792847,0.018750259652733803,0.3633917272090912,0.6611985564231873,0.020397450774908066,0.31414327025413513,0.6124797463417053,0.018154531717300415,0.3459189534187317,0.5178735852241516,0.019866202026605606,0.3657526671886444,0.4628541171550751,0.020217174664139748,0.38179415464401245,0.42031311988830566,0.018533829599618912,0.3633691966533661,0.642659068107605,0.008929387666285038,0.3719853162765503,0.6358947157859802,0.005147526040673256,0.3549996018409729,0.6758996248245239,0.0012966387439519167,0.3394234776496887,0.6950262784957886,0.001709498348645866,0.39948415756225586,0.6915971636772156,0.0013616257347166538,0.38869091868400574,0.7000463008880615,0.002196177840232849,0.3680453300476074,0.7296085953712463,0.0046641528606414795,0.350281685590744,0.7425125241279602,0.007564539555460215,0.4214599132537842,0.7395815253257751,-0.0062235151417553425,0.40415650606155396,0.7501102685928345,0.0015872630756348372,0.38556551933288574,0.772304117679596,0.010643922723829746,0.3682103157043457,0.7855430245399475,0.019367888569831848,0.0,0.0,0.0,0.0,0.0,0.0,0.0,0.0,0.0,0.0,0.0,0.0,0.0,0.0,0.0,0.0,0.0,0.0,0.0,0.0,0.0,0.0,0.0,0.0,0.0,0.0,0.0,0.0,0.0,0.0,0.0,0.0,0.0,0.0,0.0,0.0,0.0,0.0,0.0,0.0,0.0,0.0,0.0,0.0,0.0,0.0,0.0,0.0,0.0,0.0,0.0,0.0,0.0,0.0,0.0,0.0,0.0,0.0,0.0,0.0,0.0,0.0,0.0,we
0.26098987460136414,0.8761389255523682,3.343746470818587e-07,0.23423051834106445,0.75284743309021,0.011292221955955029,0.26298412680625916,0.6613863706588745,0.01838131994009018,0.3126099705696106,0.6293424367904663,0.022424863651394844,0.35246601700782776,0.6366812586784363,0.028157582506537437,0.27407214045524597,0.5887575149536133,0.015383451245725155,0.29673898220062256,0.47064390778541565,0.01944003626704216,0.3092612624168396,0.40321871638298035,0.024641426280140877,0.32009631395339966,0.35137784481048584,0.028999093919992447,0.32520750164985657,0.6116511225700378,0.011045259423553944,0.3663247525691986,0.5340644121170044,0.019397616386413574,0.3884413242340088,0.5040748715400696,0.02275579422712326,0.4046289920806885,0.4812416136264801,0.025620678439736366,0.36739858984947205,0.6498739123344421,0.007799375802278519,0.3717522919178009,0.6337258815765381,0.017317064106464386,0.3528323769569397,0.6624712944030762,0.018457932397723198,0.3356066942214966,0.6905567646026611,0.020258847624063492,0.40058907866477966,0.6916379928588867,0.004597174935042858,0.3882790803909302,0.6880175471305847,0.018017783761024475,0.3714480996131897,0.7104030847549438,0.025117339566349983,0.3566490709781647,0.7343900203704834,0.031474996358156204,0.0,0.0,0.0,0.0,0.0,0.0,0.0,0.0,0.0,0.0,0.0,0.0,0.0,0.0,0.0,0.0,0.0,0.0,0.0,0.0,0.0,0.0,0.0,0.0,0.0,0.0,0.0,0.0,0.0,0.0,0.0,0.0,0.0,0.0,0.0,0.0,0.0,0.0,0.0,0.0,0.0,0.0,0.0,0.0,0.0,0.0,0.0,0.0,0.0,0.0,0.0,0.0,0.0,0.0,0.0,0.0,0.0,0.0,0.0,0.0,0.0,0.0,0.0,we
0.26558467745780945,0.8715431690216064,3.8506539112859173e-07,0.2349739372730255,0.7553340196609497,0.01398110669106245,0.2560156583786011,0.6599025130271912,0.017601296305656433,0.30097243189811707,0.6188021302223206,0.018043676391243935,0.34293437004089355,0.6194795370101929,0.0188036747276783,0.2654154896736145,0.5903332233428955,0.0007222908898256719,0.2841452360153198,0.46116918325424194,-0.0031426658388227224,0.2966156303882599,0.3879643976688385,-0.0041692499071359634,0.3048141896724701,0.3309380114078522,-0.003877747105434537,0.3178153932094574,0.6097049713134766,-0.005522654391825199,0.36465713381767273,0.521588146686554,0.0017334924777969718,0.3918641209602356,0.48323431611061096,0.007262049242854118,0.40881991386413574,0.4562883973121643,0.010480324737727642,0.36143389344215393,0.6458013653755188,-0.009600273333489895,0.37093663215637207,0.6118804216384888,0.003126427298411727,0.3548232913017273,0.6342107653617859,0.010666617192327976,0.3380722999572754,0.6639956831932068,0.014936861582100391,0.3944634795188904,0.6851757764816284,-0.013616256415843964,0.38616707921028137,0.6701785922050476,0.0018889092607423663,0.36714738607406616,0.6888115406036377,0.013854652643203735,0.35335373878479004,0.714290976524353,0.023051947355270386,0.0,0.0,0.0,0.0,0.0,0.0,0.0,0.0,0.0,0.0,0.0,0.0,0.0,0.0,0.0,0.0,0.0,0.0,0.0,0.0,0.0,0.0,0.0,0.0,0.0,0.0,0.0,0.0,0.0,0.0,0.0,0.0,0.0,0.0,0.0,0.0,0.0,0.0,0.0,0.0,0.0,0.0,0.0,0.0,0.0,0.0,0.0,0.0,0.0,0.0,0.0,0.0,0.0,0.0,0.0,0.0,0.0,0.0,0.0,0.0,0.0,0.0,0.0,we
0.2706364393234253,0.8868845105171204,-3.4028880691039376e-07,0.25939542055130005,0.7694953680038452,0.011502077803015709,0.2964603006839752,0.6701617240905762,0.014759359881281853,0.34059956669807434,0.6426855325698853,0.013044231571257114,0.3762809932231903,0.651708722114563,0.010444731451570988,0.3088133633136749,0.6060702800750732,0.004867524839937687,0.33615627884864807,0.5021004676818848,0.0013228930765762925,0.35527461767196655,0.4383394718170166,-0.0029666691552847624,0.3695741891860962,0.39172038435935974,-0.008002787828445435,0.3553456664085388,0.6328811645507812,-0.006460921373218298,0.3754531443119049,0.6446439027786255,-0.013500877656042576,0.3580126166343689,0.6803834438323975,-0.018932752311229706,0.3389990031719208,0.6938062906265259,-0.021768659353256226,0.392551064491272,0.6837847828865051,-0.015121592208743095,0.39489108324050903,0.7010785341262817,-0.016708990558981895,0.37373536825180054,0.7312144041061401,-0.012845050543546677,0.35360774397850037,0.7433907389640808,-0.01081884279847145,0.41825610399246216,0.7341283559799194,-0.023593120276927948,0.41521140933036804,0.7524133920669556,-0.018226921558380127,0.39582106471061707,0.7789447903633118,-0.007199353072792292,0.37974679470062256,0.7955074906349182,0.002052737632766366,0.0,0.0,0.0,0.0,0.0,0.0,0.0,0.0,0.0,0.0,0.0,0.0,0.0,0.0,0.0,0.0,0.0,0.0,0.0,0.0,0.0,0.0,0.0,0.0,0.0,0.0,0.0,0.0,0.0,0.0,0.0,0.0,0.0,0.0,0.0,0.0,0.0,0.0,0.0,0.0,0.0,0.0,0.0,0.0,0.0,0.0,0.0,0.0,0.0,0.0,0.0,0.0,0.0,0.0,0.0,0.0,0.0,0.0,0.0,0.0,0.0,0.0,0.0,we
0.2686466872692108,0.8856164216995239,-3.094156113547797e-07,0.25347253680229187,0.7691614031791687,0.008831565268337727,0.2873936891555786,0.6720279455184937,0.010554589331150055,0.3310313820838928,0.6429738998413086,0.008304004557430744,0.3685472905635834,0.6531840562820435,0.005868507083505392,0.3070559501647949,0.6037057638168335,0.0006500686286017299,0.3325372338294983,0.5020884275436401,-0.004088497254997492,0.3508584797382355,0.4432438611984253,-0.007022259756922722,0.3650897741317749,0.401101678609848,-0.010517287068068981,0.35682106018066406,0.6300355195999146,-0.009310733526945114,0.3720738887786865,0.6377893090248108,-0.01704808883368969,0.35496431589126587,0.676548957824707,-0.019853072240948677,0.3382819890975952,0.6925816535949707,-0.019901633262634277,0.3941611051559448,0.678424060344696,-0.017120396718382835,0.3888017535209656,0.6980352401733398,-0.01972423866391182,0.36980658769607544,0.7289179563522339,-0.014879959635436535,0.3532445728778839,0.7394556999206543,-0.011463926173746586,0.4191919267177582,0.7273560762405396,-0.024978067725896835,0.4083891212940216,0.747023344039917,-0.02066798508167267,0.3895058333873749,0.7710213661193848,-0.01054543349891901,0.37231090664863586,0.7839559316635132,-0.0013978352071717381,0.0,0.0,0.0,0.0,0.0,0.0,0.0,0.0,0.0,0.0,0.0,0.0,0.0,0.0,0.0,0.0,0.0,0.0,0.0,0.0,0.0,0.0,0.0,0.0,0.0,0.0,0.0,0.0,0.0,0.0,0.0,0.0,0.0,0.0,0.0,0.0,0.0,0.0,0.0,0.0,0.0,0.0,0.0,0.0,0.0,0.0,0.0,0.0,0.0,0.0,0.0,0.0,0.0,0.0,0.0,0.0,0.0,0.0,0.0,0.0,0.0,0.0,0.0,we
0.2682061791419983,0.8875367641448975,4.0907252696342766e-08,0.26638680696487427,0.7736881375312805,0.012382694520056248,0.3080063462257385,0.691771388053894,0.01644144579768181,0.3544726073741913,0.6737949252128601,0.016401562839746475,0.394736111164093,0.6900041699409485,0.016671743243932724,0.33465662598609924,0.6195189952850342,0.006437900010496378,0.3708705008029938,0.5243036150932312,0.00785252545028925,0.3895152807235718,0.4729531407356262,0.009645220823585987,0.40456655621528625,0.43399202823638916,0.010137930512428284,0.3792138993740082,0.6533703207969666,-0.0028442798648029566,0.4234805703163147,0.6412846446037292,0.0015289565781131387,0.43493035435676575,0.6520593762397766,0.0022355157416313887,0.4381111264228821,0.6516083478927612,0.0024596364237368107,0.4115675389766693,0.707919716835022,-0.009741372428834438,0.4131909906864166,0.7324071526527405,-0.0006383914733305573,0.39150893688201904,0.7571493983268738,0.002967534586787224,0.369348406791687,0.7694324254989624,0.00402809539809823,0.4303378462791443,0.7605111598968506,-0.016728494316339493,0.42050743103027344,0.7801626920700073,-0.004083626437932253,0.40234944224357605,0.7989184260368347,0.006289259996265173,0.38432496786117554,0.812699556350708,0.014182379469275475,0.0,0.0,0.0,0.0,0.0,0.0,0.0,0.0,0.0,0.0,0.0,0.0,0.0,0.0,0.0,0.0,0.0,0.0,0.0,0.0,0.0,0.0,0.0,0.0,0.0,0.0,0.0,0.0,0.0,0.0,0.0,0.0,0.0,0.0,0.0,0.0,0.0,0.0,0.0,0.0,0.0,0.0,0.0,0.0,0.0,0.0,0.0,0.0,0.0,0.0,0.0,0.0,0.0,0.0,0.0,0.0,0.0,0.0,0.0,0.0,0.0,0.0,0.0,we
0.2783972918987274,0.8833519816398621,-2.1806989991546288e-07,0.2626461386680603,0.7645377516746521,0.00971816387027502,0.29763057827949524,0.6716134548187256,0.013483126647770405,0.3409912884235382,0.6422696709632874,0.01304810494184494,0.37518975138664246,0.6548463106155396,0.012770409695804119,0.32834798097610474,0.597718358039856,0.010435018688440323,0.3619796931743622,0.5015313029289246,0.009409540332853794,0.3823654055595398,0.44521650671958923,0.008882180787622929,0.3982532322406769,0.40290936827659607,0.007253765128552914,0.37578728795051575,0.6264479160308838,0.0017434624023735523,0.3879464566707611,0.625823438167572,-0.0022526585962623358,0.37145495414733887,0.6605465412139893,-0.00392107293009758,0.357088178396225,0.6758808493614197,-0.0025051599368453026,0.4100070297718048,0.6742106080055237,-0.005196988582611084,0.4012836217880249,0.6888371706008911,-0.005707591772079468,0.3817134201526642,0.7165234088897705,-0.0020256112329661846,0.36548376083374023,0.7283405065536499,0.001723641064018011,0.4317259192466736,0.7210400700569153,-0.012117701582610607,0.41738390922546387,0.735491931438446,-0.005595591850578785,0.39972108602523804,0.7583858966827393,0.004291909746825695,0.3833993971347809,0.7715502977371216,0.013900244608521461,0.0,0.0,0.0,0.0,0.0,0.0,0.0,0.0,0.0,0.0,0.0,0.0,0.0,0.0,0.0,0.0,0.0,0.0,0.0,0.0,0.0,0.0,0.0,0.0,0.0,0.0,0.0,0.0,0.0,0.0,0.0,0.0,0.0,0.0,0.0,0.0,0.0,0.0,0.0,0.0,0.0,0.0,0.0,0.0,0.0,0.0,0.0,0.0,0.0,0.0,0.0,0.0,0.0,0.0,0.0,0.0,0.0,0.0,0.0,0.0,0.0,0.0,0.0,we
0.27698010206222534,0.8636483550071716,3.922565952052537e-07,0.24773463606834412,0.7479403614997864,0.008123483508825302,0.27435553073883057,0.6565102338790894,0.011944485828280449,0.32607606053352356,0.620600700378418,0.013720023445785046,0.3664349615573883,0.628039538860321,0.01731232739984989,0.2864566445350647,0.5788506865501404,0.0025398959405720234,0.31357961893081665,0.4563952684402466,0.0019285058369860053,0.3305422067642212,0.38735896348953247,0.004872570279985666,0.3430458903312683,0.3343275487422943,0.007691622246056795,0.33794763684272766,0.6049712896347046,-0.0016255354275926948,0.3858815133571625,0.5237551331520081,0.0028155450709164143,0.41092389822006226,0.48758697509765625,0.006523591466248035,0.42814937233924866,0.46015846729278564,0.009363356046378613,0.3793010413646698,0.6451072096824646,-0.004392967559397221,0.39017078280448914,0.6228129863739014,0.0030451854690909386,0.37271276116371155,0.648697555065155,0.008164151571691036,0.3565777838230133,0.6755268573760986,0.012521695345640182,0.41081613302230835,0.6879743337631226,-0.007508155424147844,0.40437594056129456,0.679301381111145,0.004183794371783733,0.3875386416912079,0.6991087198257446,0.013313603587448597,0.3746050000190735,0.7214129567146301,0.02115163393318653,0.0,0.0,0.0,0.0,0.0,0.0,0.0,0.0,0.0,0.0,0.0,0.0,0.0,0.0,0.0,0.0,0.0,0.0,0.0,0.0,0.0,0.0,0.0,0.0,0.0,0.0,0.0,0.0,0.0,0.0,0.0,0.0,0.0,0.0,0.0,0.0,0.0,0.0,0.0,0.0,0.0,0.0,0.0,0.0,0.0,0.0,0.0,0.0,0.0,0.0,0.0,0.0,0.0,0.0,0.0,0.0,0.0,0.0,0.0,0.0,0.0,0.0,0.0,we
0.27706024050712585,0.8615334033966064,3.913686157375196e-07,0.2534559965133667,0.7476162314414978,0.014508591964840889,0.27706214785575867,0.6547952890396118,0.017676958814263344,0.32311415672302246,0.617435872554779,0.01721162162721157,0.3662601113319397,0.618172287940979,0.016830947250127792,0.28606417775154114,0.5851950645446777,-5.184746623854153e-05,0.3125731647014618,0.4555594027042389,-0.003083840711042285,0.33017826080322266,0.3848186135292053,-0.002463793847709894,0.34283414483070374,0.3295501172542572,-0.0009349658503197134,0.33665674924850464,0.6056831479072571,-0.007704213261604309,0.38786599040031433,0.5177571177482605,-0.0010431075934320688,0.41446706652641296,0.48129022121429443,0.004415873438119888,0.43128734827041626,0.4558037221431732,0.007562546990811825,0.3791685402393341,0.6435530781745911,-0.012935306876897812,0.3902295231819153,0.6150082349777222,-0.0008140389691106975,0.3728635311126709,0.6397840976715088,0.006577444728463888,0.3557485342025757,0.6677433848381042,0.01067494135349989,0.41078948974609375,0.685222327709198,-0.018031369894742966,0.40436863899230957,0.6725048422813416,-0.001909665996208787,0.3857848644256592,0.6913076043128967,0.010940324515104294,0.37197330594062805,0.7148493528366089,0.0204117763787508,0.0,0.0,0.0,0.0,0.0,0.0,0.0,0.0,0.0,0.0,0.0,0.0,0.0,0.0,0.0,0.0,0.0,0.0,0.0,0.0,0.0,0.0,0.0,0.0,0.0,0.0,0.0,0.0,0.0,0.0,0.0,0.0,0.0,0.0,0.0,0.0,0.0,0.0,0.0,0.0,0.0,0.0,0.0,0.0,0.0,0.0,0.0,0.0,0.0,0.0,0.0,0.0,0.0,0.0,0.0,0.0,0.0,0.0,0.0,0.0,0.0,0.0,0.0,we
0.28086379170417786,0.8833129405975342,-3.192046733602183e-07,0.2671457529067993,0.7682849168777466,0.007184599991887808,0.30411428213119507,0.6738263964653015,0.006019956897944212,0.3490909934043884,0.6552629470825195,0.0006678794743493199,0.3841756582260132,0.6729876399040222,-0.0059156944043934345,0.3200681209564209,0.6043901443481445,-0.009163770824670792,0.3509904742240906,0.49451708793640137,-0.020277652889490128,0.37192413210868835,0.42052972316741943,-0.029707424342632294,0.38596901297569275,0.3645325303077698,-0.038138248026371,0.3677063584327698,0.6305814385414124,-0.019885815680027008,0.3898235559463501,0.647491455078125,-0.033293239772319794,0.3714028298854828,0.6860268712043762,-0.03815193474292755,0.3508879244327545,0.6982812285423279,-0.04007045552134514,0.40541142225265503,0.683759868144989,-0.028048506006598473,0.4091188311576843,0.7061197757720947,-0.033667296171188354,0.38846221566200256,0.73764967918396,-0.02675527334213257,0.3680572807788849,0.7478482127189636,-0.022147631272673607,0.43192437291145325,0.7368762493133545,-0.03661948814988136,0.43010926246643066,0.7603440284729004,-0.03441755101084709,0.41038796305656433,0.7860175967216492,-0.022296883165836334,0.39332354068756104,0.7993064522743225,-0.011678559705615044,0.0,0.0,0.0,0.0,0.0,0.0,0.0,0.0,0.0,0.0,0.0,0.0,0.0,0.0,0.0,0.0,0.0,0.0,0.0,0.0,0.0,0.0,0.0,0.0,0.0,0.0,0.0,0.0,0.0,0.0,0.0,0.0,0.0,0.0,0.0,0.0,0.0,0.0,0.0,0.0,0.0,0.0,0.0,0.0,0.0,0.0,0.0,0.0,0.0,0.0,0.0,0.0,0.0,0.0,0.0,0.0,0.0,0.0,0.0,0.0,0.0,0.0,0.0,we
0.2869217097759247,0.8804559707641602,-2.768460376501025e-07,0.2804950475692749,0.7634161114692688,0.010499483905732632,0.32054102420806885,0.6736367344856262,0.013628371059894562,0.36449486017227173,0.646536111831665,0.012340465560555458,0.40279150009155273,0.6535102725028992,0.011457592248916626,0.34813833236694336,0.6020257472991943,0.0070244609378278255,0.38101789355278015,0.5077990293502808,0.0065532950684428215,0.3999539613723755,0.4545064866542816,0.005675115622580051,0.41551896929740906,0.4151484966278076,0.003151873592287302,0.3943595290184021,0.6316438913345337,-0.003050466999411583,0.4121023714542389,0.6433481574058533,-0.005541016813367605,0.398783802986145,0.6735162138938904,-0.008816597051918507,0.3833209276199341,0.6823181509971619,-0.010458804666996002,0.4274134635925293,0.6832414865493774,-0.010798950679600239,0.4167368412017822,0.7089595794677734,-0.00918536726385355,0.3973328471183777,0.7358958125114441,-0.007053424138575792,0.37893664836883545,0.74324631690979,-0.006424227263778448,0.4465002417564392,0.7327544093132019,-0.018625551834702492,0.429435133934021,0.756161630153656,-0.012117922306060791,0.4096835255622864,0.7764076590538025,-0.003977697808295488,0.39067384600639343,0.7872136831283569,0.0032371054403483868,0.0,0.0,0.0,0.0,0.0,0.0,0.0,0.0,0.0,0.0,0.0,0.0,0.0,0.0,0.0,0.0,0.0,0.0,0.0,0.0,0.0,0.0,0.0,0.0,0.0,0.0,0.0,0.0,0.0,0.0,0.0,0.0,0.0,0.0,0.0,0.0,0.0,0.0,0.0,0.0,0.0,0.0,0.0,0.0,0.0,0.0,0.0,0.0,0.0,0.0,0.0,0.0,0.0,0.0,0.0,0.0,0.0,0.0,0.0,0.0,0.0,0.0,0.0,we
0.2868748903274536,0.8689533472061157,1.3335258586266718e-07,0.26721686124801636,0.7471996545791626,0.010469297878444195,0.2970559895038605,0.6595109105110168,0.01303869765251875,0.3409080505371094,0.6313215494155884,0.01250111311674118,0.3734177052974701,0.6451666951179504,0.012690117582678795,0.31989461183547974,0.5837647914886475,0.0008601135341450572,0.353573739528656,0.478163480758667,-0.004809339996427298,0.3739158511161804,0.4173157215118408,-0.003618054324761033,0.38850754499435425,0.3715294301509857,-0.002042593667283654,0.36758169531822205,0.6101130247116089,-0.009199406020343304,0.41768646240234375,0.5495945811271667,-0.01181031484156847,0.42500486969947815,0.565378725528717,-0.006347729824483395,0.42388883233070374,0.5796265006065369,0.0012801194097846746,0.40471208095550537,0.6556353569030762,-0.017871810123324394,0.4137554466724396,0.6658359169960022,-0.016859686002135277,0.39308828115463257,0.6958500742912292,-0.010019090957939625,0.3750903010368347,0.711138129234314,-0.00337072997353971,0.43117058277130127,0.7053032517433167,-0.02658456191420555,0.42616721987724304,0.7233750224113464,-0.01871388778090477,0.408077597618103,0.7472344040870667,-0.008398013189435005,0.3906022310256958,0.7608125805854797,0.0007746380870230496,0.0,0.0,0.0,0.0,0.0,0.0,0.0,0.0,0.0,0.0,0.0,0.0,0.0,0.0,0.0,0.0,0.0,0.0,0.0,0.0,0.0,0.0,0.0,0.0,0.0,0.0,0.0,0.0,0.0,0.0,0.0,0.0,0.0,0.0,0.0,0.0,0.0,0.0,0.0,0.0,0.0,0.0,0.0,0.0,0.0,0.0,0.0,0.0,0.0,0.0,0.0,0.0,0.0,0.0,0.0,0.0,0.0,0.0,0.0,0.0,0.0,0.0,0.0,we
0.2606460452079773,0.9202026128768921,1.1839084379516862e-07,0.2229740470647812,0.8038548231124878,0.020661571994423866,0.23569057881832123,0.7013128995895386,0.02216418646275997,0.28024575114250183,0.6267297267913818,0.021592117846012115,0.3237074613571167,0.5967036485671997,0.021593881770968437,0.23177631199359894,0.6493933200836182,-0.019561557099223137,0.27126407623291016,0.5068159103393555,-0.030682697892189026,0.29865360260009766,0.4320473372936249,-0.034616995602846146,0.31979528069496155,0.3798817992210388,-0.03485463187098503,0.2826700210571289,0.665716290473938,-0.028835522010922432,0.3407750725746155,0.543895959854126,-0.02397528663277626,0.3701484203338623,0.5079123377799988,-0.015488335862755775,0.3842521011829376,0.4856395721435547,-0.011582477018237114,0.3359006345272064,0.6919066309928894,-0.03325246274471283,0.37217631936073303,0.5880652070045471,-0.018251771107316017,0.3651069104671478,0.6070331335067749,0.0005118418484926224,0.35228413343429565,0.6381511688232422,0.010377408005297184,0.3806847929954529,0.7263689041137695,-0.03667394444346428,0.39182543754577637,0.6521332859992981,-0.014991962350904942,0.37738561630249023,0.6617522239685059,0.006795712746679783,0.3661535978317261,0.6863402128219604,0.02185148000717163,0.0,0.0,0.0,0.0,0.0,0.0,0.0,0.0,0.0,0.0,0.0,0.0,0.0,0.0,0.0,0.0,0.0,0.0,0.0,0.0,0.0,0.0,0.0,0.0,0.0,0.0,0.0,0.0,0.0,0.0,0.0,0.0,0.0,0.0,0.0,0.0,0.0,0.0,0.0,0.0,0.0,0.0,0.0,0.0,0.0,0.0,0.0,0.0,0.0,0.0,0.0,0.0,0.0,0.0,0.0,0.0,0.0,0.0,0.0,0.0,0.0,0.0,0.0,we
0.2533807158470154,0.9123542308807373,3.7418527654153877e-07,0.21999695897102356,0.792090654373169,0.01621220074594021,0.24234971404075623,0.6858857870101929,0.016116913408041,0.2935289442539215,0.6160340905189514,0.013174181804060936,0.3411606550216675,0.5831506252288818,0.01092575490474701,0.2345213145017624,0.6341527700424194,-0.009229172021150589,0.27159595489501953,0.5009519457817078,-0.014178683049976826,0.3002726435661316,0.4309229552745819,-0.01411495078355074,0.32176879048347473,0.38020235300064087,-0.01297176443040371,0.2890765070915222,0.6524779200553894,-0.020731698721647263,0.342349112033844,0.5444520711898804,-0.016467686742544174,0.368782103061676,0.509495735168457,-0.010563070885837078,0.38015758991241455,0.4880925714969635,-0.008284814655780792,0.3408874571323395,0.6837767958641052,-0.028409099206328392,0.3742862939834595,0.6011959910392761,-0.01898209936916828,0.36598896980285645,0.6253592371940613,-0.0026471582241356373,0.3502421975135803,0.6556470394134521,0.006731193978339434,0.3821590542793274,0.7234646081924438,-0.03523525223135948,0.39446139335632324,0.6615636348724365,-0.016457468271255493,0.3815543055534363,0.6804318428039551,0.006852916441857815,0.3705957233905792,0.7069509029388428,0.022743724286556244,0.0,0.0,0.0,0.0,0.0,0.0,0.0,0.0,0.0,0.0,0.0,0.0,0.0,0.0,0.0,0.0,0.0,0.0,0.0,0.0,0.0,0.0,0.0,0.0,0.0,0.0,0.0,0.0,0.0,0.0,0.0,0.0,0.0,0.0,0.0,0.0,0.0,0.0,0.0,0.0,0.0,0.0,0.0,0.0,0.0,0.0,0.0,0.0,0.0,0.0,0.0,0.0,0.0,0.0,0.0,0.0,0.0,0.0,0.0,0.0,0.0,0.0,0.0,we
