L1_x0,L1_y0,L1_z0,L1_x1,L1_y1,L1_z1,L1_x2,L1_y2,L1_z2,L1_x3,L1_y3,L1_z3,L1_x4,L1_y4,L1_z4,L1_x5,L1_y5,L1_z5,L1_x6,L1_y6,L1_z6,L1_x7,L1_y7,L1_z7,L1_x8,L1_y8,L1_z8,L1_x9,L1_y9,L1_z9,L1_x10,L1_y10,L1_z10,L1_x11,L1_y11,L1_z11,L1_x12,L1_y12,L1_z12,L1_x13,L1_y13,L1_z13,L1_x14,L1_y14,L1_z14,L1_x15,L1_y15,L1_z15,L1_x16,L1_y16,L1_z16,L1_x17,L1_y17,L1_z17,L1_x18,L1_y18,L1_z18,L1_x19,L1_y19,L1_z19,L1_x20,L1_y20,L1_z20,L2_x0,L2_y0,L2_z0,L2_x1,L2_y1,L2_z1,L2_x2,L2_y2,L2_z2,L2_x3,L2_y3,L2_z3,L2_x4,L2_y4,L2_z4,L2_x5,L2_y5,L2_z5,L2_x6,L2_y6,L2_z6,L2_x7,L2_y7,L2_z7,L2_x8,L2_y8,L2_z8,L2_x9,L2_y9,L2_z9,L2_x10,L2_y10,L2_z10,L2_x11,L2_y11,L2_z11,L2_x12,L2_y12,L2_z12,L2_x13,L2_y13,L2_z13,L2_x14,L2_y14,L2_z14,L2_x15,L2_y15,L2_z15,L2_x16,L2_y16,L2_z16,L2_x17,L2_y17,L2_z17,L2_x18,L2_y18,L2_z18,L2_x19,L2_y19,L2_z19,L2_x20,L2_y20,L2_z20,label
0.6158562302589417,0.6499680876731873,-1.0765006663859822e-07,0.5765578746795654,0.643774688243866,-0.006949458736926317,0.533624529838562,0.6015912294387817,-0.012399896048009396,0.4970484673976898,0.5791693329811096,-0.020052244886755943,0.4624113440513611,0.5700187683105469,-0.026574833318591118,0.5746604800224304,0.506737232208252,0.005961177870631218,0.5396528840065002,0.4641583561897278,-0.01054284255951643,0.5027961730957031,0.4559839367866516,-0.02655916102230549,0.47547411918640137,0.4668002426624298,-0.036002110689878464,0.5812588930130005,0.4975462555885315,-0.0005842671962454915,0.5404970645904541,0.44948065280914307,-0.014775307849049568,0.5008025169372559,0.4431786835193634,-0.027447417378425598,0.46989837288856506,0.45710593461990356,-0.034450434148311615,0.5867224335670471,0.4980979561805725,-0.009992710314691067,0.5459005236625671,0.4480123519897461,-0.0213302094489336,0.508548378944397,0.44007909297943115,-0.026946207508444786,0.47867530584335327,0.44827795028686523,-0.02865462191402912,0.587604820728302,0.5106542110443115,-0.02094448357820511,0.5564682483673096,0.46768078207969666,-0.02915029786527157,0.5302572250366211,0.44639497995376587,-0.03251305967569351,0.508389413356781,0.4360214173793793,-0.033484894782304764,0.0,0.0,0.0,0.0,0.0,0.0,0.0,0.0,0.0,0.0,0.0,0.0,0.0,0.0,0.0,0.0,0.0,0.0,0.0,0.0,0.0,0.0,0.0,0.0,0.0,0.0,0.0,0.0,0.0,0.0,0.0,0.0,0.0,0.0,0.0,0.0,0.0,0.0,0.0,0.0,0.0,0.0,0.0,0.0,0.0,0.0,0.0,0.0,0.0,0.0,0.0,0.0,0.0,0.0,0.0,0.0,0.0,0.0,0.0,0.0,0.0,0.0,0.0,drink
0.6331006288528442,0.6238980293273926,-2.9289924441400217e-07,0.5846742391586304,0.6231619715690613,-0.004026136361062527,0.5357787013053894,0.5855900645256042,-0.008721310645341873,0.4969077408313751,0.5614074468612671,-0.01749493181705475,0.4609948992729187,0.5506182312965393,-0.02566453628242016,0.5517362356185913,0.48042693734169006,0.0151517977938056,0.5135180950164795,0.4510742723941803,-0.004125060047954321,0.4776935577392578,0.45026686787605286,-0.02442163974046707,0.4473469853401184,0.46344515681266785,-0.03668969124555588,0.5613365769386292,0.46430885791778564,0.005558260716497898,0.5126566290855408,0.4260016977787018,-0.011675541289150715,0.4734917879104614,0.4332270920276642,-0.027602512389421463,0.44209858775138855,0.45489099621772766,-0.03596613183617592,0.573175847530365,0.4589446187019348,-0.007880761288106441,0.5256043672561646,0.4186866581439972,-0.02324722521007061,0.48611122369766235,0.4244317412376404,-0.0323236919939518,0.4544835090637207,0.4413888454437256,-0.035181157290935516,0.5849162936210632,0.4653450846672058,-0.022741634398698807,0.5514532923698425,0.4233192503452301,-0.032100897282361984,0.5244837403297424,0.4120689332485199,-0.03547697886824608,0.5005823373794556,0.4116905927658081,-0.036067064851522446,0.0,0.0,0.0,0.0,0.0,0.0,0.0,0.0,0.0,0.0,0.0,0.0,0.0,0.0,0.0,0.0,0.0,0.0,0.0,0.0,0.0,0.0,0.0,0.0,0.0,0.0,0.0,0.0,0.0,0.0,0.0,0.0,0.0,0.0,0.0,0.0,0.0,0.0,0.0,0.0,0.0,0.0,0.0,0.0,0.0,0.0,0.0,0.0,0.0,0.0,0.0,0.0,0.0,0.0,0.0,0.0,0.0,0.0,0.0,0.0,0.0,0.0,0.0,drink
0.6401913166046143,0.6117235422134399,-3.1930886734699016e-07,0.5914389491081238,0.6084232926368713,0.0023256323765963316,0.5430483818054199,0.5695792436599731,0.0033224541693925858,0.505740225315094,0.5428608059883118,-0.001970777753740549,0.4714047908782959,0.5272910594940186,-0.006259761285036802,0.5538157224655151,0.47922688722610474,0.029958173632621765,0.5126230120658875,0.4479055404663086,0.014686968177556992,0.4793843626976013,0.45391008257865906,-0.002477440983057022,0.45672714710235596,0.47270283102989197,-0.011814044788479805,0.5597690939903259,0.45988091826438904,0.01814422570168972,0.5142082571983337,0.411947101354599,0.005918835289776325,0.4747658371925354,0.41821378469467163,-0.005480525549501181,0.44759121537208557,0.44199350476264954,-0.010348250158131123,0.5703743100166321,0.44710224866867065,0.0020009921863675117,0.5273138284683228,0.393795907497406,-0.008590489625930786,0.4877293109893799,0.3992464244365692,-0.012739374302327633,0.4608314335346222,0.4198041558265686,-0.01208829041570425,0.5840150713920593,0.44095703959465027,-0.01570958085358143,0.5496299862861633,0.3888466954231262,-0.02082907408475876,0.517949640750885,0.38084399700164795,-0.01985262893140316,0.4935131371021271,0.3905981779098511,-0.01714787445962429,0.0,0.0,0.0,0.0,0.0,0.0,0.0,0.0,0.0,0.0,0.0,0.0,0.0,0.0,0.0,0.0,0.0,0.0,0.0,0.0,0.0,0.0,0.0,0.0,0.0,0.0,0.0,0.0,0.0,0.0,0.0,0.0,0.0,0.0,0.0,0.0,0.0,0.0,0.0,0.0,0.0,0.0,0.0,0.0,0.0,0.0,0.0,0.0,0.0,0.0,0.0,0.0,0.0,0.0,0.0,0.0,0.0,0.0,0.0,0.0,0.0,0.0,0.0,drink
0.6497355103492737,0.604656994342804,-3.125219620869757e-07,0.5979405641555786,0.6062130928039551,0.0010191007750108838,0.5449314117431641,0.5664342045783997,0.0020323351491242647,0.5044488906860352,0.5389378070831299,-0.0029507277067750692,0.4663568139076233,0.5294376611709595,-0.007021684665232897,0.5534988641738892,0.47701698541641235,0.028535397723317146,0.5127617120742798,0.44383904337882996,0.013792735524475574,0.47961747646331787,0.4492620825767517,-0.0028226329013705254,0.4561554193496704,0.46659669280052185,-0.012337339110672474,0.5607284903526306,0.45612308382987976,0.01691797934472561,0.5151381492614746,0.40322962403297424,0.0047441101633012295,0.4755445718765259,0.40820422768592834,-0.006712755188345909,0.4476197063922882,0.4300643801689148,-0.012487389147281647,0.5722452998161316,0.44285809993743896,0.0008028286974877119,0.5290119647979736,0.38290005922317505,-0.010653994046151638,0.48802706599235535,0.3895667493343353,-0.01637190952897072,0.4605972170829773,0.4120864272117615,-0.017564507201313972,0.5852739810943604,0.43714630603790283,-0.016914449632167816,0.5474380850791931,0.38338273763656616,-0.02401903085410595,0.5124964118003845,0.38071638345718384,-0.02555719204246998,0.48649466037750244,0.3956940472126007,-0.025441108271479607,0.0,0.0,0.0,0.0,0.0,0.0,0.0,0.0,0.0,0.0,0.0,0.0,0.0,0.0,0.0,0.0,0.0,0.0,0.0,0.0,0.0,0.0,0.0,0.0,0.0,0.0,0.0,0.0,0.0,0.0,0.0,0.0,0.0,0.0,0.0,0.0,0.0,0.0,0.0,0.0,0.0,0.0,0.0,0.0,0.0,0.0,0.0,0.0,0.0,0.0,0.0,0.0,0.0,0.0,0.0,0.0,0.0,0.0,0.0,0.0,0.0,0.0,0.0,drink
0.6531621813774109,0.5887397527694702,-2.6607230552144756e-07,0.6008939146995544,0.5956182479858398,-0.0004538704233709723,0.546163022518158,0.5616638660430908,0.002026378409937024,0.5042067766189575,0.5326983332633972,-0.0013157714856788516,0.4658223092556,0.5178665518760681,-0.004013553261756897,0.550041675567627,0.47117429971694946,0.03204849734902382,0.5090649724006653,0.44310396909713745,0.02152843400835991,0.4756458103656769,0.4418027102947235,0.006752158049494028,0.44962143898010254,0.44984307885169983,-0.003090198850259185,0.5566936731338501,0.44665437936782837,0.02151402458548546,0.5121667981147766,0.39775505661964417,0.012472551316022873,0.4726274013519287,0.3984411656856537,0.0012350734323263168,0.4428121745586395,0.4147837460041046,-0.005714348051697016,0.5687268376350403,0.4296453595161438,0.0062517039477825165,0.5281354188919067,0.37141358852386475,-0.0037084000650793314,0.48765677213668823,0.37362203001976013,-0.010421009734272957,0.4590907096862793,0.3920547366142273,-0.013259141705930233,0.583172619342804,0.42020222544670105,-0.010839574970304966,0.5486561059951782,0.3675679564476013,-0.018020085990428925,0.5150334239006042,0.3654661178588867,-0.020303746685385704,0.48946914076805115,0.38155460357666016,-0.021237418055534363,0.0,0.0,0.0,0.0,0.0,0.0,0.0,0.0,0.0,0.0,0.0,0.0,0.0,0.0,0.0,0.0,0.0,0.0,0.0,0.0,0.0,0.0,0.0,0.0,0.0,0.0,0.0,0.0,0.0,0.0,0.0,0.0,0.0,0.0,0.0,0.0,0.0,0.0,0.0,0.0,0.0,0.0,0.0,0.0,0.0,0.0,0.0,0.0,0.0,0.0,0.0,0.0,0.0,0.0,0.0,0.0,0.0,0.0,0.0,0.0,0.0,0.0,0.0,drink
0.6519981622695923,0.5886917114257812,-2.7290195703244535e-07,0.5971807241439819,0.5939507484436035,0.0037039632443338633,0.5437191128730774,0.5592862963676453,0.007523117586970329,0.5039185285568237,0.530852198600769,0.004542382899671793,0.46549028158187866,0.5175208449363708,0.002143105259165168,0.5473790764808655,0.46999773383140564,0.03754666820168495,0.5084055662155151,0.4435913860797882,0.026680052280426025,0.476827472448349,0.44612762331962585,0.011249221861362457,0.4519629180431366,0.4575336277484894,0.0013823991175740957,0.5541043281555176,0.44553372263908386,0.024701131507754326,0.5103121399879456,0.39813363552093506,0.015607592649757862,0.47178661823272705,0.3999216854572296,0.003958058077841997,0.44386589527130127,0.417948842048645,-0.0029455358162522316,0.5662864446640015,0.42914825677871704,0.007197869010269642,0.5262693166732788,0.371756911277771,-0.002721250057220459,0.48637646436691284,0.3751578629016876,-0.008848998695611954,0.4590429961681366,0.39534831047058105,-0.010822489857673645,0.5811654925346375,0.4200238883495331,-0.011848291382193565,0.5465993881225586,0.3673042953014374,-0.018729442730545998,0.5126670002937317,0.3656284213066101,-0.02040250413119793,0.486651211977005,0.3823799788951874,-0.020484663546085358,0.0,0.0,0.0,0.0,0.0,0.0,0.0,0.0,0.0,0.0,0.0,0.0,0.0,0.0,0.0,0.0,0.0,0.0,0.0,0.0,0.0,0.0,0.0,0.0,0.0,0.0,0.0,0.0,0.0,0.0,0.0,0.0,0.0,0.0,0.0,0.0,0.0,0.0,0.0,0.0,0.0,0.0,0.0,0.0,0.0,0.0,0.0,0.0,0.0,0.0,0.0,0.0,0.0,0.0,0.0,0.0,0.0,0.0,0.0,0.0,0.0,0.0,0.0,drink
0.652038037776947,0.5804836750030518,-2.694588374652085e-07,0.599014937877655,0.5912240743637085,0.0011415061308071017,0.5433515906333923,0.5593478083610535,0.0054861512035131454,0.501348078250885,0.5303366780281067,0.003727467032149434,0.4624699056148529,0.5143219232559204,0.0028949668630957603,0.5496774315834045,0.47042304277420044,0.03665400296449661,0.5105112195014954,0.4410446286201477,0.028872599825263023,0.47786593437194824,0.4402693510055542,0.016148336231708527,0.45168834924697876,0.44743287563323975,0.007184081710875034,0.5557605028152466,0.4431428611278534,0.0259544737637043,0.5104681849479675,0.39634835720062256,0.018811358138918877,0.47126004099845886,0.39909428358078003,0.008213326334953308,0.44256219267845154,0.4161451756954193,0.0013593744952231646,0.5659992098808289,0.4224487543106079,0.0106160007417202,0.5236473083496094,0.3655814826488495,0.001863259356468916,0.48415035009384155,0.3722476661205292,-0.004253992345184088,0.45744588971138,0.39384689927101135,-0.006776798982173204,0.5788286328315735,0.4071826934814453,-0.006425697822123766,0.5421128273010254,0.3566155433654785,-0.013220165856182575,0.5070348978042603,0.3573070764541626,-0.015579929575324059,0.4808943271636963,0.37539538741111755,-0.01656256429851055,0.0,0.0,0.0,0.0,0.0,0.0,0.0,0.0,0.0,0.0,0.0,0.0,0.0,0.0,0.0,0.0,0.0,0.0,0.0,0.0,0.0,0.0,0.0,0.0,0.0,0.0,0.0,0.0,0.0,0.0,0.0,0.0,0.0,0.0,0.0,0.0,0.0,0.0,0.0,0.0,0.0,0.0,0.0,0.0,0.0,0.0,0.0,0.0,0.0,0.0,0.0,0.0,0.0,0.0,0.0,0.0,0.0,0.0,0.0,0.0,0.0,0.0,0.0,drink
0.6543044447898865,0.5946530699729919,-2.720468330608128e-07,0.6033203601837158,0.6017104387283325,-5.251431866781786e-05,0.546059787273407,0.5648472905158997,0.0031657633371651173,0.5033532381057739,0.5352224707603455,0.0004906518151983619,0.4637853801250458,0.5176416039466858,-0.0011539256665855646,0.5531550049781799,0.47207990288734436,0.03411127254366875,0.51263427734375,0.4451831877231598,0.02432078868150711,0.47967201471328735,0.44640135765075684,0.01005628239363432,0.4554959833621979,0.4554472863674164,0.0006327899754978716,0.5602062344551086,0.4468558728694916,0.02344825305044651,0.5146433711051941,0.3989943861961365,0.015888581052422523,0.4744657278060913,0.40027815103530884,0.0058770268224179745,0.44560205936431885,0.41617679595947266,-0.00039591462700627744,0.5719144344329834,0.4293217360973358,0.00784798339009285,0.5300548076629639,0.3714319169521332,-0.0014006879646331072,0.488171249628067,0.3744417428970337,-0.007106628268957138,0.4596024751663208,0.39408883452415466,-0.00918239913880825,0.5857335329055786,0.4183984398841858,-0.009627748280763626,0.5502767562866211,0.3645249307155609,-0.01739952154457569,0.5138794183731079,0.3614451587200165,-0.020219650119543076,0.4858505427837372,0.3775525689125061,-0.021258600056171417,0.0,0.0,0.0,0.0,0.0,0.0,0.0,0.0,0.0,0.0,0.0,0.0,0.0,0.0,0.0,0.0,0.0,0.0,0.0,0.0,0.0,0.0,0.0,0.0,0.0,0.0,0.0,0.0,0.0,0.0,0.0,0.0,0.0,0.0,0.0,0.0,0.0,0.0,0.0,0.0,0.0,0.0,0.0,0.0,0.0,0.0,0.0,0.0,0.0,0.0,0.0,0.0,0.0,0.0,0.0,0.0,0.0,0.0,0.0,0.0,0.0,0.0,0.0,drink
0.6566852927207947,0.607510507106781,-3.1127021316024184e-07,0.6032847166061401,0.6100476384162903,0.002826378447934985,0.5472916960716248,0.5668143033981323,0.00634449627250433,0.5063202977180481,0.536253809928894,0.0031838049180805683,0.46798640489578247,0.5221959948539734,0.0008739682380110025,0.5585020780563354,0.4732375741004944,0.034618817269802094,0.5181819796562195,0.4398582875728607,0.022755004465579987,0.48438262939453125,0.44340622425079346,0.006912515964359045,0.46030551195144653,0.45694905519485474,-0.003011249238625169,0.5658231377601624,0.45073819160461426,0.0219283364713192,0.5192711353302002,0.3977978825569153,0.012013658881187439,0.4773944616317749,0.4018324613571167,-9.795431105885655e-05,0.4481581449508667,0.4209502339363098,-0.007217901758849621,0.5777892470359802,0.43652042746543884,0.004688987508416176,0.534074068069458,0.37245112657546997,-0.005987363401800394,0.49028480052948,0.37760886549949646,-0.012681218795478344,0.4616425931453705,0.39843353629112244,-0.014977552928030491,0.5912265777587891,0.4307319223880768,-0.014070270583033562,0.5529414415359497,0.3718640208244324,-0.022133300080895424,0.5149021148681641,0.36843401193618774,-0.024753006175160408,0.4873397648334503,0.38423067331314087,-0.025438541546463966,0.0,0.0,0.0,0.0,0.0,0.0,0.0,0.0,0.0,0.0,0.0,0.0,0.0,0.0,0.0,0.0,0.0,0.0,0.0,0.0,0.0,0.0,0.0,0.0,0.0,0.0,0.0,0.0,0.0,0.0,0.0,0.0,0.0,0.0,0.0,0.0,0.0,0.0,0.0,0.0,0.0,0.0,0.0,0.0,0.0,0.0,0.0,0.0,0.0,0.0,0.0,0.0,0.0,0.0,0.0,0.0,0.0,0.0,0.0,0.0,0.0,0.0,0.0,drink
0.6576336026191711,0.6370797157287598,-3.659596359284478e-07,0.5986302495002747,0.6263404488563538,0.004326054360717535,0.5447745323181152,0.5770522356033325,0.0036736340261995792,0.5038511157035828,0.5486518144607544,-0.0027687372639775276,0.46622782945632935,0.5338481068611145,-0.008300600573420525,0.5853923559188843,0.46551498770713806,0.021740704774856567,0.5363035202026367,0.4222900867462158,0.005819397512823343,0.49304255843162537,0.42707711458206177,-0.011031190864741802,0.4629965126514435,0.44576296210289,-0.021027274429798126,0.5953110456466675,0.45164257287979126,0.007818864658474922,0.5354598760604858,0.4024839401245117,-0.006194285117089748,0.48644593358039856,0.4121250510215759,-0.019761448726058006,0.4540173411369324,0.43619877099990845,-0.028004759922623634,0.6015691757202148,0.44942647218704224,-0.009247690439224243,0.5413650274276733,0.3921400308609009,-0.023024529218673706,0.49263933300971985,0.40204882621765137,-0.0293656587600708,0.46125179529190063,0.424947053194046,-0.03125855326652527,0.6006360054016113,0.46124133467674255,-0.02696898952126503,0.5506647825241089,0.4065524935722351,-0.03666220232844353,0.5140567421913147,0.40113115310668945,-0.03819640353322029,0.4894814193248749,0.41170787811279297,-0.03769760951399803,0.0,0.0,0.0,0.0,0.0,0.0,0.0,0.0,0.0,0.0,0.0,0.0,0.0,0.0,0.0,0.0,0.0,0.0,0.0,0.0,0.0,0.0,0.0,0.0,0.0,0.0,0.0,0.0,0.0,0.0,0.0,0.0,0.0,0.0,0.0,0.0,0.0,0.0,0.0,0.0,0.0,0.0,0.0,0.0,0.0,0.0,0.0,0.0,0.0,0.0,0.0,0.0,0.0,0.0,0.0,0.0,0.0,0.0,0.0,0.0,0.0,0.0,0.0,drink
0.658628523349762,0.6329435706138611,-4.4121424025433953e-07,0.5961692929267883,0.6227887272834778,0.00390687957406044,0.5467485785484314,0.5762069225311279,0.0003812585200648755,0.5065150856971741,0.5487203001976013,-0.009458022192120552,0.46749356389045715,0.5335504412651062,-0.018450602889060974,0.58675217628479,0.4584001898765564,0.020010290667414665,0.5356528759002686,0.41387760639190674,-0.00034662624238990247,0.4921150803565979,0.4226137101650238,-0.019910965114831924,0.4620017409324646,0.44759440422058105,-0.030485685914754868,0.5972902178764343,0.44553571939468384,0.0052060894668102264,0.5319011807441711,0.39475205540657043,-0.010378679260611534,0.4826890230178833,0.40788912773132324,-0.02438799850642681,0.450779527425766,0.436652809381485,-0.0323805958032608,0.602581262588501,0.44645851850509644,-0.013093484565615654,0.5377876162528992,0.3883323669433594,-0.028983864933252335,0.4884603023529053,0.4032416343688965,-0.035574547946453094,0.4562895894050598,0.4310574233531952,-0.03698136284947395,0.5992622971534729,0.4615756571292877,-0.03193622827529907,0.545382022857666,0.40606796741485596,-0.043622951954603195,0.5091879367828369,0.4050113260746002,-0.04459291324019432,0.4837910532951355,0.4211193025112152,-0.04284979775547981,0.0,0.0,0.0,0.0,0.0,0.0,0.0,0.0,0.0,0.0,0.0,0.0,0.0,0.0,0.0,0.0,0.0,0.0,0.0,0.0,0.0,0.0,0.0,0.0,0.0,0.0,0.0,0.0,0.0,0.0,0.0,0.0,0.0,0.0,0.0,0.0,0.0,0.0,0.0,0.0,0.0,0.0,0.0,0.0,0.0,0.0,0.0,0.0,0.0,0.0,0.0,0.0,0.0,0.0,0.0,0.0,0.0,0.0,0.0,0.0,0.0,0.0,0.0,drink
0.626901388168335,0.639055073261261,4.363473493640413e-08,0.5836480855941772,0.6315746903419495,-0.010309907607734203,0.5443966388702393,0.5871093273162842,-0.016597719863057137,0.5097113251686096,0.5598448514938354,-0.02230333536863327,0.47706490755081177,0.545688271522522,-0.02680264599621296,0.6113324761390686,0.4828604459762573,-0.0009411706123501062,0.5785167813301086,0.4395265281200409,-0.006685817148536444,0.5501313209533691,0.41163069009780884,-0.015018912963569164,0.5261616110801697,0.3956791162490845,-0.02195986732840538,0.6143816709518433,0.48307836055755615,-0.0030005471780896187,0.5773091316223145,0.43722963333129883,-0.00557535607367754,0.5487574338912964,0.41215813159942627,-0.011236094869673252,0.5243589878082275,0.39747610688209534,-0.016556136310100555,0.6081715822219849,0.4947870075702667,-0.006842340342700481,0.5718669295310974,0.44598323106765747,-0.011068395338952541,0.5437932014465332,0.42050015926361084,-0.013642434030771255,0.5208514928817749,0.40651950240135193,-0.01574886403977871,0.5922129154205322,0.517664909362793,-0.012063676491379738,0.5593500733375549,0.4784659743309021,-0.017457857728004456,0.5373450517654419,0.4565700888633728,-0.018709437921643257,0.5187512040138245,0.4439980387687683,-0.019119836390018463,0.6562418937683105,0.6598746180534363,-4.175972776465642e-07,0.5909403562545776,0.6421566009521484,0.001670501078478992,0.5440418720245361,0.587893009185791,-0.007144995965063572,0.5025874972343445,0.5603528618812561,-0.020043043419718742,0.46311432123184204,0.5472474098205566,-0.031875960528850555,0.6077674031257629,0.4639880359172821,-0.004850493744015694,0.5472598671913147,0.4008873403072357,-0.027465572580695152,0.49957722425460815,0.41988399624824524,-0.044059861451387405,0.47914350032806396,0.4526325464248657,-0.05262095108628273,0.6125359535217285,0.4685329794883728,-0.01799546368420124,0.5344240665435791,0.40426400303840637,-0.03620852902531624,0.48662203550338745,0.4289766252040863,-0.04696843400597572,0.46819356083869934,0.4619593322277069,-0.05333760380744934,0.6089708209037781,0.48977574706077576,-0.03260331600904465,0.5341604948043823,0.4231814444065094,-0.04975298047065735,0.48924747109413147,0.4452964663505554,-0.053308743983507156,0.4702852666378021,0.4760929048061371,-0.05373173579573631,0.5960175395011902,0.5224909782409668,-0.046968020498752594,0.5390908122062683,0.4647083580493927,-0.060826294124126434,0.5060946941375732,0.46646544337272644,-0.0618615560233593,0.49001431465148926,0.4845319092273712,-0.060429442673921585,drink
0.6560781002044678,0.6879712343215942,-5.760919634667516e-07,0.5835520625114441,0.6607358455657959,0.005765086971223354,0.5449625253677368,0.6092001795768738,-0.0012738821096718311,0.510726809501648,0.5828501582145691,-0.013502108864486217,0.4772629141807556,0.5629235506057739,-0.02559943124651909,0.6064938902854919,0.4874233603477478,-0.006648133974522352,0.5355339050292969,0.4287317097187042,-0.031022462993860245,0.48621588945388794,0.4593343734741211,-0.047870319336652756,0.46963661909103394,0.49936848878860474,-0.056427597999572754,0.6112188696861267,0.49539536237716675,-0.021248111501336098,0.5253312587738037,0.4366472065448761,-0.04128788784146309,0.4770819842815399,0.47844988107681274,-0.05140381306409836,0.46473565697669983,0.5149903893470764,-0.05760330334305763,0.6060615181922913,0.5186466574668884,-0.03679776191711426,0.5237159729003906,0.4606301784515381,-0.05599798262119293,0.4812961518764496,0.5014946460723877,-0.057998090982437134,0.47064292430877686,0.5420255064964294,-0.057410962879657745,0.5919033288955688,0.5540814399719238,-0.05182821676135063,0.5269603729248047,0.5084961652755737,-0.06590114533901215,0.4941830039024353,0.5290917754173279,-0.06507828086614609,0.4833289384841919,0.5609636902809143,-0.062457263469696045,0.0,0.0,0.0,0.0,0.0,0.0,0.0,0.0,0.0,0.0,0.0,0.0,0.0,0.0,0.0,0.0,0.0,0.0,0.0,0.0,0.0,0.0,0.0,0.0,0.0,0.0,0.0,0.0,0.0,0.0,0.0,0.0,0.0,0.0,0.0,0.0,0.0,0.0,0.0,0.0,0.0,0.0,0.0,0.0,0.0,0.0,0.0,0.0,0.0,0.0,0.0,0.0,0.0,0.0,0.0,0.0,0.0,0.0,0.0,0.0,0.0,0.0,0.0,drink
0.6610418558120728,0.7073600888252258,-5.576550847763428e-07,0.5860022306442261,0.6742233633995056,0.01188201829791069,0.5477247834205627,0.6203160881996155,0.007157026790082455,0.5158486366271973,0.5913528800010681,-0.003419907297939062,0.4849468469619751,0.5705598592758179,-0.014297733083367348,0.6078689098358154,0.5045597553253174,-0.002103889361023903,0.5340192317962646,0.450973778963089,-0.026430224999785423,0.48318493366241455,0.47457799315452576,-0.04343070089817047,0.459656685590744,0.5103325247764587,-0.05127376317977905,0.6107136011123657,0.5127364993095398,-0.018936151638627052,0.5237224102020264,0.4574081301689148,-0.03901379927992821,0.4743250608444214,0.49607929587364197,-0.04861720651388168,0.45780715346336365,0.5342182517051697,-0.05372697114944458,0.6041625738143921,0.5359601974487305,-0.036102328449487686,0.5213766694068909,0.48695045709609985,-0.05422396957874298,0.4819706678390503,0.5268200635910034,-0.05529150366783142,0.4718494713306427,0.5658900737762451,-0.05351320281624794,0.5889036059379578,0.5711124539375305,-0.052340734750032425,0.5233303308486938,0.5310501456260681,-0.06297311931848526,0.4958333969116211,0.5545668601989746,-0.05973769351840019,0.4893144965171814,0.5869873762130737,-0.055420760065317154,0.0,0.0,0.0,0.0,0.0,0.0,0.0,0.0,0.0,0.0,0.0,0.0,0.0,0.0,0.0,0.0,0.0,0.0,0.0,0.0,0.0,0.0,0.0,0.0,0.0,0.0,0.0,0.0,0.0,0.0,0.0,0.0,0.0,0.0,0.0,0.0,0.0,0.0,0.0,0.0,0.0,0.0,0.0,0.0,0.0,0.0,0.0,0.0,0.0,0.0,0.0,0.0,0.0,0.0,0.0,0.0,0.0,0.0,0.0,0.0,0.0,0.0,0.0,drink
0.655551552772522,0.7279439568519592,-6.261304861254757e-07,0.6248637437820435,0.6502456068992615,0.031337887048721313,0.5953047275543213,0.5907822847366333,0.03136741742491722,0.560019314289093,0.5561457276344299,0.021841848269104958,0.524770200252533,0.5398762226104736,0.009659459814429283,0.6136788725852966,0.5268910527229309,0.0026638787239789963,0.5283387303352356,0.4746527671813965,-0.02031332068145275,0.48018085956573486,0.5035005211830139,-0.03248833492398262,0.46287015080451965,0.5388534665107727,-0.03610031679272652,0.6109344959259033,0.5415240526199341,-0.02374269999563694,0.5162496566772461,0.48261550068855286,-0.042396221309900284,0.46769723296165466,0.5255715250968933,-0.044153906404972076,0.45507553219795227,0.5674605965614319,-0.04278949648141861,0.5999955534934998,0.570220947265625,-0.048355601727962494,0.5097095966339111,0.5159394145011902,-0.06109200790524483,0.4709101915359497,0.5586371421813965,-0.05328311771154404,0.46566399931907654,0.5968431830406189,-0.046184711158275604,0.5834730267524719,0.6091521382331848,-0.07043842226266861,0.5094159841537476,0.5679557919502258,-0.07668611407279968,0.4809175729751587,0.5913251042366028,-0.06785579770803452,0.47681546211242676,0.6181954145431519,-0.05974232777953148,0.0,0.0,0.0,0.0,0.0,0.0,0.0,0.0,0.0,0.0,0.0,0.0,0.0,0.0,0.0,0.0,0.0,0.0,0.0,0.0,0.0,0.0,0.0,0.0,0.0,0.0,0.0,0.0,0.0,0.0,0.0,0.0,0.0,0.0,0.0,0.0,0.0,0.0,0.0,0.0,0.0,0.0,0.0,0.0,0.0,0.0,0.0,0.0,0.0,0.0,0.0,0.0,0.0,0.0,0.0,0.0,0.0,0.0,0.0,0.0,0.0,0.0,0.0,drink
0.6595074534416199,0.7275428771972656,-5.592386855823861e-07,0.6242759227752686,0.6570165753364563,0.02853144146502018,0.593020498752594,0.599328339099884,0.028732841834425926,0.5580422878265381,0.5676441192626953,0.02016766183078289,0.5236315131187439,0.5534042119979858,0.008600364439189434,0.6127961277961731,0.5281865000724792,0.001973038539290428,0.525046706199646,0.47984254360198975,-0.01912832260131836,0.47751864790916443,0.5087172389030457,-0.031210092827677727,0.46124765276908875,0.5440366268157959,-0.035604726523160934,0.6105870604515076,0.5403237342834473,-0.02278018742799759,0.514123260974884,0.4811401665210724,-0.03971312940120697,0.4663245975971222,0.5203036069869995,-0.04283425211906433,0.45253705978393555,0.5615490674972534,-0.04327276349067688,0.6005004644393921,0.5695767402648926,-0.045753683894872665,0.5088386535644531,0.5108616352081299,-0.05968227982521057,0.4691312313079834,0.5535736083984375,-0.05527069419622421,0.4613553285598755,0.5920518636703491,-0.05061933025717735,0.5834918022155762,0.6111112833023071,-0.06599906831979752,0.5086207389831543,0.5677292943000793,-0.07545512914657593,0.479608416557312,0.5910278558731079,-0.06946232914924622,0.4743824303150177,0.6172704696655273,-0.06327484548091888,0.0,0.0,0.0,0.0,0.0,0.0,0.0,0.0,0.0,0.0,0.0,0.0,0.0,0.0,0.0,0.0,0.0,0.0,0.0,0.0,0.0,0.0,0.0,0.0,0.0,0.0,0.0,0.0,0.0,0.0,0.0,0.0,0.0,0.0,0.0,0.0,0.0,0.0,0.0,0.0,0.0,0.0,0.0,0.0,0.0,0.0,0.0,0.0,0.0,0.0,0.0,0.0,0.0,0.0,0.0,0.0,0.0,0.0,0.0,0.0,0.0,0.0,0.0,drink
0.6404746174812317,0.684095561504364,-3.5779154927695345e-07,0.5959093570709229,0.6494196057319641,0.018130481243133545,0.5559518933296204,0.6111897826194763,0.01558097917586565,0.5160917639732361,0.6011812686920166,0.007271278649568558,0.48009079694747925,0.6013374328613281,-0.0030848439782857895,0.5992398858070374,0.528379499912262,-0.006176865193992853,0.5238704681396484,0.49278631806373596,-0.0228820089250803,0.48195964097976685,0.5185409188270569,-0.03174237161874771,0.4647018313407898,0.5473911762237549,-0.036041948944330215,0.6027950048446655,0.537523627281189,-0.026886390522122383,0.5176756381988525,0.4940709173679352,-0.04375273734331131,0.4733860492706299,0.5257021188735962,-0.04937483370304108,0.4559321403503418,0.5594305992126465,-0.05153680592775345,0.5970088839530945,0.5647858381271362,-0.04624764248728752,0.5129297971725464,0.5189824104309082,-0.061813052743673325,0.47140181064605713,0.5494586825370789,-0.06315185129642487,0.45290035009384155,0.5769127011299133,-0.06233254447579384,0.583618700504303,0.6061661243438721,-0.06341071426868439,0.5157463550567627,0.5732231140136719,-0.07904260605573654,0.4799022674560547,0.5875179767608643,-0.08059766888618469,0.4616416096687317,0.6047247648239136,-0.0795208141207695,0.6597635746002197,0.7349485158920288,-5.871651183042559e-07,0.6085531115531921,0.6781107783317566,0.027912769466638565,0.5769401788711548,0.6238085031509399,0.027556372806429863,0.546934962272644,0.5895144939422607,0.01893274113535881,0.5174839496612549,0.5702783465385437,0.008132805116474628,0.6085119843482971,0.5364490747451782,0.0011734626023098826,0.5248844623565674,0.48391634225845337,-0.019188782200217247,0.47870907187461853,0.5161469578742981,-0.0305023193359375,0.4622425138950348,0.5547348260879517,-0.03419986739754677,0.6076484322547913,0.5464559197425842,-0.02241935022175312,0.5124751329421997,0.48920655250549316,-0.03809133917093277,0.4657304883003235,0.5320463180541992,-0.04050595313310623,0.45303237438201904,0.5748134255409241,-0.04050375893712044,0.5984450578689575,0.5739308595657349,-0.04433423653244972,0.5063442587852478,0.5218572616577148,-0.056259047240018845,0.4666152000427246,0.5646330118179321,-0.05156245827674866,0.45774397253990173,0.6027049422264099,-0.047188788652420044,0.5819664597511292,0.6144192814826965,-0.06374641507863998,0.5086846947669983,0.5749646425247192,-0.07089793682098389,0.47839635610580444,0.5970149636268616,-0.06489338725805283,0.4699971377849579,0.6215882897377014,-0.05910097062587738,drink
0.6529800295829773,0.7152371406555176,-4.792011623067083e-07,0.5821804404258728,0.6809377074241638,0.009556923061609268,0.5425723195075989,0.6308824419975281,0.003417274681851268,0.5088249444961548,0.6054133772850037,-0.008240945637226105,0.4785270094871521,0.5883427262306213,-0.02037994936108589,0.5988456606864929,0.5192078948020935,-0.003439478576183319,0.5270038843154907,0.470130056142807,-0.024777157232165337,0.48015978932380676,0.49848440289497375,-0.04046747833490372,0.46137818694114685,0.5338098406791687,-0.04839276522397995,0.6033260226249695,0.5272915363311768,-0.018200935795903206,0.514570415019989,0.47599777579307556,-0.0353165939450264,0.4703693389892578,0.5157743096351624,-0.04546850174665451,0.4579230546951294,0.5525398254394531,-0.0521722286939621,0.5993236303329468,0.5491321682929993,-0.0330703966319561,0.51486736536026,0.49722325801849365,-0.04896102473139763,0.4786266088485718,0.5383968949317932,-0.05091773346066475,0.4711964726448059,0.5789416432380676,-0.05061327666044235,0.5865880846977234,0.5812281370162964,-0.046976640820503235,0.5215221047401428,0.538597047328949,-0.05820898339152336,0.49409717321395874,0.5605065226554871,-0.056639622896909714,0.4863318204879761,0.5936659574508667,-0.05375233292579651,0.0,0.0,0.0,0.0,0.0,0.0,0.0,0.0,0.0,0.0,0.0,0.0,0.0,0.0,0.0,0.0,0.0,0.0,0.0,0.0,0.0,0.0,0.0,0.0,0.0,0.0,0.0,0.0,0.0,0.0,0.0,0.0,0.0,0.0,0.0,0.0,0.0,0.0,0.0,0.0,0.0,0.0,0.0,0.0,0.0,0.0,0.0,0.0,0.0,0.0,0.0,0.0,0.0,0.0,0.0,0.0,0.0,0.0,0.0,0.0,0.0,0.0,0.0,drink
0.6307740211486816,0.6736546158790588,-2.2915820352409355e-07,0.5837591886520386,0.6727203726768494,-0.014056200161576271,0.5393103957176208,0.6325828433036804,-0.022936083376407623,0.5013666152954102,0.6081795692443848,-0.030300714075565338,0.46787741780281067,0.5916470885276794,-0.03596857935190201,0.5968006253242493,0.5255227088928223,-0.015431556850671768,0.5415933728218079,0.4845741093158722,-0.029281560331583023,0.5013908743858337,0.4956083297729492,-0.0407368503510952,0.4799603223800659,0.5197198390960693,-0.04711020365357399,0.6025076508522034,0.5198327302932739,-0.015112456865608692,0.5384865999221802,0.4762977659702301,-0.024504007771611214,0.4989563226699829,0.49129122495651245,-0.03095228783786297,0.47858452796936035,0.51835697889328,-0.03524526581168175,0.5990933775901794,0.5297152400016785,-0.0164223350584507,0.5357956290245056,0.48424044251441956,-0.025493187829852104,0.4984360933303833,0.502235472202301,-0.028838157653808594,0.47903209924697876,0.5310002565383911,-0.03022998571395874,0.5883321166038513,0.5516510605812073,-0.018919775262475014,0.5382533073425293,0.514801025390625,-0.02966037206351757,0.5069996118545532,0.5201013684272766,-0.03319012373685837,0.4888255298137665,0.5410841703414917,-0.03357286751270294,0.6528408527374268,0.7064099907875061,-4.586124475736142e-07,0.5897687673568726,0.6761432886123657,0.004648908972740173,0.5422834753990173,0.6269345283508301,-0.0044470434077084064,0.5011160373687744,0.6024093627929688,-0.017400279641151428,0.46550044417381287,0.5925230383872986,-0.030268752947449684,0.6009650826454163,0.5147517323493958,-0.005660051014274359,0.5309906601905823,0.4714418649673462,-0.027949944138526917,0.48629090189933777,0.4930404722690582,-0.04587043821811676,0.460540235042572,0.5255429744720459,-0.05537230893969536,0.6039271950721741,0.5218846797943115,-0.018082622438669205,0.5170854926109314,0.4677099585533142,-0.0380871519446373,0.47569915652275085,0.5023173093795776,-0.052236590534448624,0.456646203994751,0.5415961146354675,-0.060767341405153275,0.6004392504692078,0.5433103442192078,-0.03058759495615959,0.5251824259757996,0.48142531514167786,-0.04667660966515541,0.4871568977832794,0.5119103193283081,-0.0521581694483757,0.46843284368515015,0.5507775545120239,-0.05389493703842163,0.5880225896835327,0.5753455758094788,-0.04228758439421654,0.5341454744338989,0.5266634225845337,-0.053462594747543335,0.5048112273216248,0.5290811657905579,-0.05532953515648842,0.4864449203014374,0.5453475117683411,-0.054958924651145935,drink
0.645699143409729,0.6847374439239502,-4.266807422936836e-07,0.5809029340744019,0.6637759208679199,0.0026073723565787077,0.5364663600921631,0.6149740219116211,-0.003188760718330741,0.49962660670280457,0.5904344320297241,-0.014425392262637615,0.4647843837738037,0.5780600905418396,-0.02472282387316227,0.5843308568000793,0.49508383870124817,0.01002032682299614,0.5273846387863159,0.45783498883247375,-0.010890734381973743,0.48766884207725525,0.47932523488998413,-0.02954590693116188,0.4693189263343811,0.5103263854980469,-0.039692554622888565,0.5938255190849304,0.4930930435657501,-0.0032725457567721605,0.5195345878601074,0.4456922113895416,-0.01922444812953472,0.4792327880859375,0.4762079417705536,-0.030540291219949722,0.46409761905670166,0.5104803442955017,-0.03684389591217041,0.5966669917106628,0.5064745545387268,-0.01929076761007309,0.5247641205787659,0.4509142339229584,-0.03463513031601906,0.4857791066169739,0.4829263985157013,-0.0364830307662487,0.47191739082336426,0.51904296875,-0.03490640968084335,0.5890780687332153,0.5328145623207092,-0.03589262068271637,0.5352240800857544,0.4807188808917999,-0.04655773937702179,0.5040616989135742,0.49143433570861816,-0.04495630040764809,0.4894840717315674,0.5166588425636292,-0.041350919753313065,0.0,0.0,0.0,0.0,0.0,0.0,0.0,0.0,0.0,0.0,0.0,0.0,0.0,0.0,0.0,0.0,0.0,0.0,0.0,0.0,0.0,0.0,0.0,0.0,0.0,0.0,0.0,0.0,0.0,0.0,0.0,0.0,0.0,0.0,0.0,0.0,0.0,0.0,0.0,0.0,0.0,0.0,0.0,0.0,0.0,0.0,0.0,0.0,0.0,0.0,0.0,0.0,0.0,0.0,0.0,0.0,0.0,0.0,0.0,0.0,0.0,0.0,0.0,drink
0.6218836307525635,0.6719008684158325,-2.362630198149418e-07,0.5764490365982056,0.6656032204627991,-0.005495881661772728,0.5340690016746521,0.6201659440994263,-0.01048898696899414,0.49815407395362854,0.594516932964325,-0.01732521876692772,0.4633123576641083,0.5816263556480408,-0.02315155602991581,0.5888012647628784,0.5236052870750427,0.005330261774361134,0.5475770831108093,0.49163317680358887,-0.008899933658540249,0.5080415606498718,0.48750072717666626,-0.02404497191309929,0.47837626934051514,0.49770817160606384,-0.033609941601753235,0.5958075523376465,0.515541136264801,-0.0007712701335549355,0.5461423993110657,0.47629261016845703,-0.012358998879790306,0.5047889351844788,0.47750887274742126,-0.023464612662792206,0.47575971484184265,0.4945683479309082,-0.030276482924818993,0.5987297892570496,0.520433247089386,-0.009274052456021309,0.5507975816726685,0.47711437940597534,-0.020046154037117958,0.5110810399055481,0.4796248972415924,-0.024297192692756653,0.48309868574142456,0.49530544877052307,-0.02515748143196106,0.5950883626937866,0.536890983581543,-0.018990447744727135,0.560370922088623,0.49522295594215393,-0.028610728681087494,0.5318905711174011,0.4807589054107666,-0.031868595629930496,0.5107075572013855,0.479282021522522,-0.03226810693740845,0.6471297740936279,0.6810145378112793,-4.366937105260149e-07,0.5806737542152405,0.6623430252075195,0.0017937973607331514,0.5363669395446777,0.6176396012306213,-0.004826527554541826,0.4985443949699402,0.5940783023834229,-0.016952965408563614,0.4625195860862732,0.5814050436019897,-0.02790597639977932,0.5841991305351257,0.49538931250572205,0.011017939075827599,0.5267479419708252,0.45548132061958313,-0.009339512325823307,0.48762160539627075,0.47454309463500977,-0.027974078431725502,0.4688710868358612,0.50428307056427,-0.038243576884269714,0.5939575433731079,0.49286770820617676,-0.0017494236817583442,0.5192986726760864,0.44541698694229126,-0.01881423406302929,0.4796973168849945,0.47468894720077515,-0.031933195888996124,0.4642881155014038,0.5099502801895142,-0.03913319855928421,0.5968142747879028,0.5049898028373718,-0.01720977947115898,0.5250118374824524,0.4506503939628601,-0.03313135355710983,0.48574545979499817,0.4798935055732727,-0.0368010550737381,0.47064054012298584,0.5161715149879456,-0.03607453778386116,0.5887733697891235,0.5299232006072998,-0.033253006637096405,0.5357145667076111,0.47800785303115845,-0.0443509966135025,0.5038783550262451,0.4847226142883301,-0.044152289628982544,0.4877690076828003,0.5085372924804688,-0.041373103857040405,drink
0.6407681703567505,0.6513866782188416,-1.3338826931885706e-07,0.583645224571228,0.6348092555999756,0.0019316666293889284,0.5356026887893677,0.5930414199829102,0.0001931122678797692,0.496498703956604,0.5681372880935669,-0.006784210912883282,0.46189284324645996,0.5522537231445312,-0.012561674229800701,0.5709948539733887,0.480673223733902,0.02833171747624874,0.5355152487754822,0.4412441849708557,0.020178403705358505,0.5045809745788574,0.42997124791145325,0.008972259238362312,0.48465394973754883,0.4275464415550232,0.001742760301567614,0.5791890621185303,0.47173601388931274,0.017096634954214096,0.5337591171264648,0.42162051796913147,0.013007435947656631,0.5031400322914124,0.413358211517334,0.008111064322292805,0.4821167588233948,0.4167621433734894,0.005752240307629108,0.5845110416412354,0.4736284017562866,0.001880550291389227,0.5389935970306396,0.4223240613937378,-0.0021057184785604477,0.5082433819770813,0.41263291239738464,0.0016736236866563559,0.48729249835014343,0.41331326961517334,0.00560280354693532,0.5838296413421631,0.48699408769607544,-0.01523845549672842,0.547665536403656,0.44113829731941223,-0.01712045632302761,0.5234364867210388,0.42109039425849915,-0.012582830153405666,0.5043104887008667,0.4111602008342743,-0.007900942116975784,0.0,0.0,0.0,0.0,0.0,0.0,0.0,0.0,0.0,0.0,0.0,0.0,0.0,0.0,0.0,0.0,0.0,0.0,0.0,0.0,0.0,0.0,0.0,0.0,0.0,0.0,0.0,0.0,0.0,0.0,0.0,0.0,0.0,0.0,0.0,0.0,0.0,0.0,0.0,0.0,0.0,0.0,0.0,0.0,0.0,0.0,0.0,0.0,0.0,0.0,0.0,0.0,0.0,0.0,0.0,0.0,0.0,0.0,0.0,0.0,0.0,0.0,0.0,drink
0.6337810754776001,0.625823438167572,-3.1663543609283806e-07,0.5813504457473755,0.6178308725357056,-0.0011618073331192136,0.5350744128227234,0.5776650309562683,-0.0037443162873387337,0.49673253297805786,0.5560440421104431,-0.011294238269329071,0.4619735777378082,0.5416763424873352,-0.017624080181121826,0.5645337700843811,0.46926310658454895,0.02358921617269516,0.5227952003479004,0.44278860092163086,0.007665205746889114,0.48433753848075867,0.44857481122016907,-0.010014778934419155,0.461689293384552,0.4624663293361664,-0.02046729438006878,0.5716939568519592,0.45228588581085205,0.012841305695474148,0.521099328994751,0.40872788429260254,0.0030948880594223738,0.481681764125824,0.4173985719680786,-0.005922619719058275,0.45910924673080444,0.43759670853614807,-0.011140656657516956,0.5771937370300293,0.4484257102012634,-0.0023880344815552235,0.5258180499076843,0.39821845293045044,-0.013424471020698547,0.48562878370285034,0.4093170464038849,-0.014304972253739834,0.4635300040245056,0.4289919137954712,-0.012469207867980003,0.5775423049926758,0.4568089544773102,-0.019405674189329147,0.5347155928611755,0.4066198766231537,-0.02717118337750435,0.5008652806282043,0.4032441973686218,-0.025239761918783188,0.4785195291042328,0.4151994287967682,-0.021862957626581192,0.0,0.0,0.0,0.0,0.0,0.0,0.0,0.0,0.0,0.0,0.0,0.0,0.0,0.0,0.0,0.0,0.0,0.0,0.0,0.0,0.0,0.0,0.0,0.0,0.0,0.0,0.0,0.0,0.0,0.0,0.0,0.0,0.0,0.0,0.0,0.0,0.0,0.0,0.0,0.0,0.0,0.0,0.0,0.0,0.0,0.0,0.0,0.0,0.0,0.0,0.0,0.0,0.0,0.0,0.0,0.0,0.0,0.0,0.0,0.0,0.0,0.0,0.0,drink
0.6359115839004517,0.6246095895767212,-3.83212864107918e-07,0.5818639993667603,0.6161025166511536,0.001687599578872323,0.5369150638580322,0.578654408454895,-0.0019218939123675227,0.4986416697502136,0.5572314858436584,-0.011626587249338627,0.46234220266342163,0.5423716306686401,-0.02012861706316471,0.5665123462677002,0.471090167760849,0.025333566591143608,0.5258321762084961,0.4408199191093445,0.007123685907572508,0.4880240857601166,0.45121872425079346,-0.011870786547660828,0.467319130897522,0.4705491364002228,-0.022586887702345848,0.5737438201904297,0.4554980397224426,0.012313407845795155,0.5224693417549133,0.4089689254760742,-0.0005511569906957448,0.4838384687900543,0.42405813932418823,-0.010534049943089485,0.4650179445743561,0.4492027461528778,-0.01562626101076603,0.5784830451011658,0.45272788405418396,-0.005211838986724615,0.52606201171875,0.40002989768981934,-0.018401367589831352,0.4865068793296814,0.41562801599502563,-0.020043669268488884,0.4682827293872833,0.44037485122680664,-0.018069801852107048,0.5774782299995422,0.46160033345222473,-0.024200262501835823,0.5354220271110535,0.409045547246933,-0.0327027402818203,0.5018095970153809,0.40699872374534607,-0.0315445140004158,0.48146143555641174,0.42204099893569946,-0.028734644874930382,0.0,0.0,0.0,0.0,0.0,0.0,0.0,0.0,0.0,0.0,0.0,0.0,0.0,0.0,0.0,0.0,0.0,0.0,0.0,0.0,0.0,0.0,0.0,0.0,0.0,0.0,0.0,0.0,0.0,0.0,0.0,0.0,0.0,0.0,0.0,0.0,0.0,0.0,0.0,0.0,0.0,0.0,0.0,0.0,0.0,0.0,0.0,0.0,0.0,0.0,0.0,0.0,0.0,0.0,0.0,0.0,0.0,0.0,0.0,0.0,0.0,0.0,0.0,drink
0.6330401301383972,0.5906457901000977,-3.5288076105643995e-07,0.5812094807624817,0.583461344242096,0.001534322160296142,0.5323719382286072,0.5474212169647217,0.0019670873880386353,0.49424028396606445,0.5285705327987671,-0.004434059839695692,0.4588280916213989,0.518056333065033,-0.009543470107018948,0.5377525687217712,0.4517149329185486,0.03206198662519455,0.5020604133605957,0.41676437854766846,0.016024034470319748,0.47309863567352295,0.43135398626327515,-0.0018148957751691341,0.4593447148799896,0.45770370960235596,-0.011632630601525307,0.5443733334541321,0.43278151750564575,0.02037927508354187,0.5042711496353149,0.38237202167510986,0.007102398667484522,0.470939576625824,0.40465444326400757,-0.005711595062166452,0.45569494366645813,0.44002804160118103,-0.011440988630056381,0.5552940964698792,0.42192062735557556,0.004021369852125645,0.5168457627296448,0.36597609519958496,-0.007052770350128412,0.48291584849357605,0.3913761377334595,-0.012315685860812664,0.4689233899116516,0.42741528153419495,-0.012434269301593304,0.568104088306427,0.41963377594947815,-0.014020566828548908,0.5335370898246765,0.37025249004364014,-0.01790878362953663,0.501588761806488,0.37828898429870605,-0.016929930076003075,0.48278409242630005,0.40259236097335815,-0.014822017401456833,0.0,0.0,0.0,0.0,0.0,0.0,0.0,0.0,0.0,0.0,0.0,0.0,0.0,0.0,0.0,0.0,0.0,0.0,0.0,0.0,0.0,0.0,0.0,0.0,0.0,0.0,0.0,0.0,0.0,0.0,0.0,0.0,0.0,0.0,0.0,0.0,0.0,0.0,0.0,0.0,0.0,0.0,0.0,0.0,0.0,0.0,0.0,0.0,0.0,0.0,0.0,0.0,0.0,0.0,0.0,0.0,0.0,0.0,0.0,0.0,0.0,0.0,0.0,drink
0.6356338262557983,0.5554091930389404,-3.5833008382724074e-07,0.585536539554596,0.557848334312439,0.0015088043874129653,0.5315411686897278,0.5308136940002441,0.0035458917263895273,0.4915432929992676,0.5138295292854309,-0.0010303271701559424,0.4565109610557556,0.5027886033058167,-0.004363575484603643,0.5336960554122925,0.44064247608184814,0.03371039777994156,0.4980890452861786,0.41262149810791016,0.02100888080894947,0.4707452356815338,0.42594802379608154,0.005133163183927536,0.457566499710083,0.44830018281936646,-0.004403121303766966,0.5390293598175049,0.4175044894218445,0.022101856768131256,0.49827030301094055,0.36962464451789856,0.011300322599709034,0.46583127975463867,0.39012372493743896,-0.0009276092168875039,0.45105746388435364,0.42593955993652344,-0.007562341168522835,0.5489034652709961,0.4015690088272095,0.005811349488794804,0.5096981525421143,0.34664925932884216,-0.004239581525325775,0.4756869077682495,0.369838684797287,-0.010822011157870293,0.46114110946655273,0.40542078018188477,-0.013048490509390831,0.5607787370681763,0.3931152820587158,-0.01212681457400322,0.5226790308952332,0.3496180772781372,-0.01760832406580448,0.49109259247779846,0.3626525402069092,-0.018874214962124825,0.4737027883529663,0.3916202187538147,-0.019053516909480095,0.0,0.0,0.0,0.0,0.0,0.0,0.0,0.0,0.0,0.0,0.0,0.0,0.0,0.0,0.0,0.0,0.0,0.0,0.0,0.0,0.0,0.0,0.0,0.0,0.0,0.0,0.0,0.0,0.0,0.0,0.0,0.0,0.0,0.0,0.0,0.0,0.0,0.0,0.0,0.0,0.0,0.0,0.0,0.0,0.0,0.0,0.0,0.0,0.0,0.0,0.0,0.0,0.0,0.0,0.0,0.0,0.0,0.0,0.0,0.0,0.0,0.0,0.0,drink
0.6343805193901062,0.5405647158622742,-3.255725289363909e-07,0.5838149785995483,0.5481104254722595,-0.0012017057742923498,0.5314561724662781,0.5252243280410767,-0.001327859004959464,0.49176323413848877,0.5080475807189941,-0.007251001428812742,0.4559052586555481,0.496809184551239,-0.01194809377193451,0.5312677025794983,0.43605953454971313,0.029043693095445633,0.49651962518692017,0.40908628702163696,0.014135056175291538,0.46971550583839417,0.42227306962013245,-0.003423100570216775,0.4563313126564026,0.445307195186615,-0.013612336479127407,0.5355859398841858,0.413028359413147,0.018825454637408257,0.4961974620819092,0.36358141899108887,0.006829297170042992,0.46421605348587036,0.3823804259300232,-0.005042784847319126,0.449103444814682,0.41591089963912964,-0.011465135961771011,0.546064019203186,0.3966446816921234,0.0037768566980957985,0.5078063607215881,0.33798447251319885,-0.007019305136054754,0.4745185375213623,0.3592306673526764,-0.012292253784835339,0.4606630802154541,0.3928542733192444,-0.01355467364192009,0.5596892237663269,0.3874299228191376,-0.013150637038052082,0.5221954584121704,0.34146708250045776,-0.01934024505317211,0.4916713237762451,0.353333055973053,-0.020010696724057198,0.47581738233566284,0.38100332021713257,-0.01951427012681961,0.0,0.0,0.0,0.0,0.0,0.0,0.0,0.0,0.0,0.0,0.0,0.0,0.0,0.0,0.0,0.0,0.0,0.0,0.0,0.0,0.0,0.0,0.0,0.0,0.0,0.0,0.0,0.0,0.0,0.0,0.0,0.0,0.0,0.0,0.0,0.0,0.0,0.0,0.0,0.0,0.0,0.0,0.0,0.0,0.0,0.0,0.0,0.0,0.0,0.0,0.0,0.0,0.0,0.0,0.0,0.0,0.0,0.0,0.0,0.0,0.0,0.0,0.0,drink
0.6328603029251099,0.5233607292175293,-3.0168450848577777e-07,0.586232602596283,0.5348378419876099,-0.004091167356818914,0.5313192009925842,0.5145872235298157,-0.0034537797328084707,0.4897908866405487,0.4954136610031128,-0.007564689964056015,0.45364969968795776,0.48360300064086914,-0.009685412049293518,0.5283253788948059,0.4288427233695984,0.026757238432765007,0.4893015921115875,0.40259161591529846,0.01193950418382883,0.46138808131217957,0.4119495451450348,-0.004198557231575251,0.4463978409767151,0.43205034732818604,-0.012760824523866177,0.5314721465110779,0.40269359946250916,0.019696131348609924,0.49021589756011963,0.3615237772464752,0.006983327213674784,0.45964109897613525,0.3782525360584259,-0.004143606871366501,0.44552940130233765,0.41105595231056213,-0.008550823666155338,0.5396583080291748,0.3814859688282013,0.007835340686142445,0.5016850829124451,0.3322836756706238,-0.0021120081655681133,0.47031596302986145,0.34828847646713257,-0.005104938987642527,0.4562757611274719,0.3790961503982544,-0.0035154575016349554,0.5523069500923157,0.3657955527305603,-0.006296704523265362,0.5197191834449768,0.3215169310569763,-0.011486848816275597,0.49071556329727173,0.3245236873626709,-0.01127052865922451,0.47398069500923157,0.3462052047252655,-0.008827264420688152,0.0,0.0,0.0,0.0,0.0,0.0,0.0,0.0,0.0,0.0,0.0,0.0,0.0,0.0,0.0,0.0,0.0,0.0,0.0,0.0,0.0,0.0,0.0,0.0,0.0,0.0,0.0,0.0,0.0,0.0,0.0,0.0,0.0,0.0,0.0,0.0,0.0,0.0,0.0,0.0,0.0,0.0,0.0,0.0,0.0,0.0,0.0,0.0,0.0,0.0,0.0,0.0,0.0,0.0,0.0,0.0,0.0,0.0,0.0,0.0,0.0,0.0,0.0,drink
0.6307469606399536,0.5228089094161987,-3.0184526167431613e-07,0.585233211517334,0.5374588966369629,-0.004855700768530369,0.5289611220359802,0.5144919157028198,-0.0039938329719007015,0.48684731125831604,0.49598994851112366,-0.007548830471932888,0.45033130049705505,0.48557567596435547,-0.00916079431772232,0.5275894403457642,0.4257521331310272,0.026255706325173378,0.4906802773475647,0.4033956527709961,0.012642068788409233,0.4634431004524231,0.41468244791030884,-0.002867137547582388,0.4474564790725708,0.43433088064193726,-0.011484897695481777,0.5302343368530273,0.40024396777153015,0.019588105380535126,0.4897184371948242,0.3624650835990906,0.007853769697248936,0.45937061309814453,0.37968555092811584,-0.002695779548957944,0.44492900371551514,0.4116421937942505,-0.007078951224684715,0.5381125211715698,0.37978076934814453,0.008165215142071247,0.5004462003707886,0.3312639892101288,-0.0017330666305497289,0.4691403806209564,0.3475205600261688,-0.004555363208055496,0.45439112186431885,0.3783286511898041,-0.0029537221416831017,0.5501607060432434,0.36457860469818115,-0.0055523524060845375,0.5172606110572815,0.3203977942466736,-0.011220539920032024,0.4886041283607483,0.32299211621284485,-0.01127812173217535,0.4718189239501953,0.3437826931476593,-0.00903804786503315,0.0,0.0,0.0,0.0,0.0,0.0,0.0,0.0,0.0,0.0,0.0,0.0,0.0,0.0,0.0,0.0,0.0,0.0,0.0,0.0,0.0,0.0,0.0,0.0,0.0,0.0,0.0,0.0,0.0,0.0,0.0,0.0,0.0,0.0,0.0,0.0,0.0,0.0,0.0,0.0,0.0,0.0,0.0,0.0,0.0,0.0,0.0,0.0,0.0,0.0,0.0,0.0,0.0,0.0,0.0,0.0,0.0,0.0,0.0,0.0,0.0,0.0,0.0,drink
0.6286704540252686,0.5053374767303467,-2.453687102388358e-07,0.5818281769752502,0.5179324150085449,-0.0014456562930718064,0.5284581780433655,0.5022412538528442,0.002037238562479615,0.48772892355918884,0.4854070842266083,0.0004931306466460228,0.45132777094841003,0.47297993302345276,0.00035239162389189005,0.5254019498825073,0.41661447286605835,0.034422874450683594,0.48948150873184204,0.3977211117744446,0.02720492146909237,0.4626040756702423,0.40090855956077576,0.015351553447544575,0.44231724739074707,0.41251733899116516,0.007987997494637966,0.5275706648826599,0.3893064558506012,0.027708986774086952,0.48801079392433167,0.35821256041526794,0.022938264533877373,0.459718257188797,0.36547377705574036,0.01434906106442213,0.4415895342826843,0.3879214823246002,0.009742910042405128,0.5352815389633179,0.36647921800613403,0.016430510208010674,0.49740442633628845,0.32700490951538086,0.011269201524555683,0.4686887562274933,0.3350624144077301,0.008730522356927395,0.4518933594226837,0.3586122393608093,0.009232827462255955,0.5474215745925903,0.34758904576301575,0.00316024012863636,0.5159459710121155,0.30880677700042725,0.000388748332625255,0.48883065581321716,0.3108243942260742,0.0009750620811246336,0.4703919291496277,0.3304508626461029,0.0029222045559436083,0.0,0.0,0.0,0.0,0.0,0.0,0.0,0.0,0.0,0.0,0.0,0.0,0.0,0.0,0.0,0.0,0.0,0.0,0.0,0.0,0.0,0.0,0.0,0.0,0.0,0.0,0.0,0.0,0.0,0.0,0.0,0.0,0.0,0.0,0.0,0.0,0.0,0.0,0.0,0.0,0.0,0.0,0.0,0.0,0.0,0.0,0.0,0.0,0.0,0.0,0.0,0.0,0.0,0.0,0.0,0.0,0.0,0.0,0.0,0.0,0.0,0.0,0.0,drink
0.6244548559188843,0.49404191970825195,-2.4490594796588994e-07,0.5786007046699524,0.511862576007843,-0.003563842736184597,0.5267370939254761,0.4994196891784668,-0.0022212702315300703,0.4847857654094696,0.4843772053718567,-0.005430364515632391,0.44850078225135803,0.47215887904167175,-0.007234822027385235,0.5251410603523254,0.41083961725234985,0.030564848333597183,0.48877301812171936,0.39237913489341736,0.02262064255774021,0.46150344610214233,0.3981423079967499,0.009898929856717587,0.44211792945861816,0.4118184447288513,0.0016402974724769592,0.5271427631378174,0.3846147358417511,0.02447628043591976,0.4858042597770691,0.3573867678642273,0.018685583025217056,0.45606768131256104,0.3658422827720642,0.008210274390876293,0.4366667568683624,0.386974573135376,0.0014192241942510009,0.534378707408905,0.3610830008983612,0.013925295323133469,0.4940064251422882,0.3248123228549957,0.007720623631030321,0.4636719822883606,0.3330124616622925,0.0026823743246495724,0.44557321071624756,0.35593345761299133,0.0007721927831880748,0.546373724937439,0.33991310000419617,0.0014427280984818935,0.5118018388748169,0.303803950548172,-0.0026561133563518524,0.4835827648639679,0.30697914958000183,-0.0036430598702281713,0.4651726484298706,0.32774823904037476,-0.003307008882984519,0.0,0.0,0.0,0.0,0.0,0.0,0.0,0.0,0.0,0.0,0.0,0.0,0.0,0.0,0.0,0.0,0.0,0.0,0.0,0.0,0.0,0.0,0.0,0.0,0.0,0.0,0.0,0.0,0.0,0.0,0.0,0.0,0.0,0.0,0.0,0.0,0.0,0.0,0.0,0.0,0.0,0.0,0.0,0.0,0.0,0.0,0.0,0.0,0.0,0.0,0.0,0.0,0.0,0.0,0.0,0.0,0.0,0.0,0.0,0.0,0.0,0.0,0.0,drink
0.6242560148239136,0.4962616562843323,-2.750470855517051e-07,0.5821609497070312,0.5177047252655029,-0.0037959080655127764,0.5277083516120911,0.5045985579490662,-0.001008370891213417,0.4852706789970398,0.48884645104408264,-0.0024107564240694046,0.44964808225631714,0.47644588351249695,-0.0023720678873360157,0.529161810874939,0.4110308587551117,0.030040789395570755,0.49197712540626526,0.3936363160610199,0.02437613345682621,0.46381181478500366,0.3985598385334015,0.013970404863357544,0.44331324100494385,0.4116036593914032,0.0069725895300507545,0.5319187045097351,0.38468822836875916,0.02434403821825981,0.49015510082244873,0.35930174589157104,0.01963115856051445,0.46008026599884033,0.36796101927757263,0.010537541471421719,0.44036340713500977,0.38932642340660095,0.004927279893308878,0.5383299589157104,0.36194899678230286,0.014314168132841587,0.4966421127319336,0.328238308429718,0.007935333997011185,0.4662478566169739,0.3377167880535126,0.0030564425978809595,0.44744205474853516,0.36166518926620483,0.0016106825787574053,0.5478630661964417,0.34188130497932434,0.002412832574918866,0.5121497511863708,0.30633029341697693,-0.002781804883852601,0.4830314815044403,0.30787545442581177,-0.004742261953651905,0.4631494879722595,0.3264918625354767,-0.004870763048529625,0.0,0.0,0.0,0.0,0.0,0.0,0.0,0.0,0.0,0.0,0.0,0.0,0.0,0.0,0.0,0.0,0.0,0.0,0.0,0.0,0.0,0.0,0.0,0.0,0.0,0.0,0.0,0.0,0.0,0.0,0.0,0.0,0.0,0.0,0.0,0.0,0.0,0.0,0.0,0.0,0.0,0.0,0.0,0.0,0.0,0.0,0.0,0.0,0.0,0.0,0.0,0.0,0.0,0.0,0.0,0.0,0.0,0.0,0.0,0.0,0.0,0.0,0.0,drink
0.6255254745483398,0.5045142769813538,-2.561887981755717e-07,0.5831366777420044,0.5244088172912598,-0.003958827815949917,0.5286229848861694,0.5085066556930542,-0.0019053647993132472,0.48748648166656494,0.493445485830307,-0.0041098580695688725,0.45260730385780334,0.48231619596481323,-0.004473268054425716,0.5311980247497559,0.4137929379940033,0.0281632412225008,0.4941514730453491,0.39257049560546875,0.019512806087732315,0.46564728021621704,0.39735379815101624,0.00738944485783577,0.4475398063659668,0.41288790106773376,0.0004003524372819811,0.5345079898834229,0.3886911869049072,0.021867549046874046,0.4932820498943329,0.3554695248603821,0.015744775533676147,0.4601656496524811,0.3633444905281067,0.007602880243211985,0.44027671217918396,0.3868590295314789,0.0035868235863745213,0.5414319634437561,0.36789682507514954,0.010951928794384003,0.5016538500785828,0.32724860310554504,0.004023380111902952,0.46900123357772827,0.33520105481147766,0.0009624882368370891,0.45055556297302246,0.3590325713157654,0.0015169706894084811,0.5507743954658508,0.3514368534088135,-0.0020679309964179993,0.5167340636253357,0.3107972741127014,-0.007487966679036617,0.4867357909679413,0.311483234167099,-0.008219493553042412,0.46766936779022217,0.3305695056915283,-0.006767973303794861,0.0,0.0,0.0,0.0,0.0,0.0,0.0,0.0,0.0,0.0,0.0,0.0,0.0,0.0,0.0,0.0,0.0,0.0,0.0,0.0,0.0,0.0,0.0,0.0,0.0,0.0,0.0,0.0,0.0,0.0,0.0,0.0,0.0,0.0,0.0,0.0,0.0,0.0,0.0,0.0,0.0,0.0,0.0,0.0,0.0,0.0,0.0,0.0,0.0,0.0,0.0,0.0,0.0,0.0,0.0,0.0,0.0,0.0,0.0,0.0,0.0,0.0,0.0,drink
0.625141978263855,0.5032118558883667,-2.57741760378849e-07,0.5817546248435974,0.5231698751449585,-0.0034621041268110275,0.5280393958091736,0.5087504982948303,-0.0011301182676106691,0.4865824580192566,0.4934265613555908,-0.0030729009304195642,0.45181092619895935,0.4819752871990204,-0.00320735527202487,0.5334372520446777,0.4164997935295105,0.029156455770134926,0.496011883020401,0.39394450187683105,0.021537434309720993,0.4666770398616791,0.3977091908454895,0.010195608250796795,0.4465630054473877,0.41169556975364685,0.0035234512761235237,0.5357912182807922,0.39017897844314575,0.02317134290933609,0.49454087018966675,0.35911494493484497,0.018209826201200485,0.46112245321273804,0.3661195635795593,0.010141830891370773,0.4395225942134857,0.38689351081848145,0.005728001240640879,0.5417286157608032,0.3680647313594818,0.012694990262389183,0.5018805861473083,0.3296961784362793,0.006879445165395737,0.4693993926048279,0.33692270517349243,0.003857537405565381,0.4500831365585327,0.3592267334461212,0.0040669129230082035,0.5502372980117798,0.34982365369796753,0.00020451133605092764,0.5166847109794617,0.3097410500049591,-0.00415083859115839,0.4874589443206787,0.30968308448791504,-0.0044210003688931465,0.4684812128543854,0.3278639316558838,-0.002881001913920045,0.0,0.0,0.0,0.0,0.0,0.0,0.0,0.0,0.0,0.0,0.0,0.0,0.0,0.0,0.0,0.0,0.0,0.0,0.0,0.0,0.0,0.0,0.0,0.0,0.0,0.0,0.0,0.0,0.0,0.0,0.0,0.0,0.0,0.0,0.0,0.0,0.0,0.0,0.0,0.0,0.0,0.0,0.0,0.0,0.0,0.0,0.0,0.0,0.0,0.0,0.0,0.0,0.0,0.0,0.0,0.0,0.0,0.0,0.0,0.0,0.0,0.0,0.0,drink
0.6228795051574707,0.5343436598777771,-2.1771923286451056e-07,0.5813442468643188,0.5480392575263977,-0.0056433058343827724,0.5277584195137024,0.5227605700492859,-0.007418027147650719,0.48711398243904114,0.5084170699119568,-0.013144227676093578,0.4519997239112854,0.5023695826530457,-0.01651012897491455,0.5319854021072388,0.4169536232948303,0.019044864922761917,0.49502289295196533,0.3740459978580475,0.0028950911946594715,0.46333861351013184,0.3817077875137329,-0.013109040446579456,0.4472910761833191,0.40549853444099426,-0.021221209317445755,0.5385157465934753,0.3983530104160309,0.011696229688823223,0.4972550570964813,0.3469693958759308,-0.0015107847284525633,0.4614989757537842,0.36199185252189636,-0.012389677576720715,0.44466304779052734,0.395361065864563,-0.016943417489528656,0.547500491142273,0.3853268027305603,-0.0001434399891877547,0.5080978870391846,0.3310701251029968,-0.011188294738531113,0.47018003463745117,0.34624022245407104,-0.015745433047413826,0.45031824707984924,0.3777143359184265,-0.015556177124381065,0.5574811100959778,0.37926217913627625,-0.01408733706921339,0.5221409797668457,0.3319404125213623,-0.02199726738035679,0.49059951305389404,0.3313327729701996,-0.024277735501527786,0.4714607298374176,0.3498005270957947,-0.023573683574795723,0.0,0.0,0.0,0.0,0.0,0.0,0.0,0.0,0.0,0.0,0.0,0.0,0.0,0.0,0.0,0.0,0.0,0.0,0.0,0.0,0.0,0.0,0.0,0.0,0.0,0.0,0.0,0.0,0.0,0.0,0.0,0.0,0.0,0.0,0.0,0.0,0.0,0.0,0.0,0.0,0.0,0.0,0.0,0.0,0.0,0.0,0.0,0.0,0.0,0.0,0.0,0.0,0.0,0.0,0.0,0.0,0.0,0.0,0.0,0.0,0.0,0.0,0.0,drink
0.6338123679161072,0.57974773645401,-3.123830651929893e-07,0.5824381113052368,0.5827178955078125,-0.003409643191844225,0.533132791519165,0.5469883680343628,-0.008398393169045448,0.4938226640224457,0.5268111228942871,-0.016228431835770607,0.45865994691848755,0.5221762657165527,-0.022415954619646072,0.5639879107475281,0.4369868040084839,0.006467174738645554,0.5129569172859192,0.39059242606163025,-0.010612222366034985,0.4736727476119995,0.40260130167007446,-0.025373835116624832,0.45236384868621826,0.4285816550254822,-0.03247396647930145,0.5731608867645264,0.42206570506095886,-0.0009299862431362271,0.5142951607704163,0.3755553960800171,-0.013361231423914433,0.471190482378006,0.3911832273006439,-0.022482458502054214,0.4474908709526062,0.4194331169128418,-0.02722579427063465,0.5771085023880005,0.42118117213249207,-0.011325596831738949,0.5174351334571838,0.3726949691772461,-0.02381652407348156,0.4742734730243683,0.38765132427215576,-0.02754681557416916,0.4497012495994568,0.4133048355579376,-0.027466217055916786,0.5739411115646362,0.43338415026664734,-0.022542649880051613,0.5268990397453308,0.3854724168777466,-0.03204812481999397,0.4948895573616028,0.3821573257446289,-0.03288739174604416,0.47523975372314453,0.39347052574157715,-0.03140022233128548,0.0,0.0,0.0,0.0,0.0,0.0,0.0,0.0,0.0,0.0,0.0,0.0,0.0,0.0,0.0,0.0,0.0,0.0,0.0,0.0,0.0,0.0,0.0,0.0,0.0,0.0,0.0,0.0,0.0,0.0,0.0,0.0,0.0,0.0,0.0,0.0,0.0,0.0,0.0,0.0,0.0,0.0,0.0,0.0,0.0,0.0,0.0,0.0,0.0,0.0,0.0,0.0,0.0,0.0,0.0,0.0,0.0,0.0,0.0,0.0,0.0,0.0,0.0,drink
0.6425479054450989,0.606270968914032,-2.522355089240591e-07,0.5843356847763062,0.5989149808883667,0.005392375402152538,0.5406232476234436,0.5589611530303955,0.001710222684778273,0.5009056329727173,0.542284369468689,-0.006961728446185589,0.46545135974884033,0.5376516580581665,-0.015187010169029236,0.5774461030960083,0.4439539909362793,0.017148952931165695,0.5306776762008667,0.4082927703857422,0.0032938243821263313,0.49260637164115906,0.40535151958465576,-0.01127652544528246,0.4665018916130066,0.4137173593044281,-0.019975796341896057,0.5825338363647461,0.43648120760917664,0.0030951122753322124,0.5262346267700195,0.39246320724487305,-0.006423340179026127,0.48739495873451233,0.3900788724422455,-0.015206648968160152,0.458177775144577,0.3991563022136688,-0.020550480112433434,0.5825576782226562,0.4441859722137451,-0.013373513706028461,0.5273151397705078,0.3948138952255249,-0.021838726475834846,0.4892466366291046,0.387556791305542,-0.02214255928993225,0.4615315794944763,0.3898380696773529,-0.021007217466831207,0.5732334852218628,0.4659156799316406,-0.030523143708705902,0.5315791964530945,0.41713666915893555,-0.03616580739617348,0.5041168928146362,0.3952423930168152,-0.03377991542220116,0.4842190444469452,0.38412734866142273,-0.03068379871547222,0.0,0.0,0.0,0.0,0.0,0.0,0.0,0.0,0.0,0.0,0.0,0.0,0.0,0.0,0.0,0.0,0.0,0.0,0.0,0.0,0.0,0.0,0.0,0.0,0.0,0.0,0.0,0.0,0.0,0.0,0.0,0.0,0.0,0.0,0.0,0.0,0.0,0.0,0.0,0.0,0.0,0.0,0.0,0.0,0.0,0.0,0.0,0.0,0.0,0.0,0.0,0.0,0.0,0.0,0.0,0.0,0.0,0.0,0.0,0.0,0.0,0.0,0.0,drink
0.6519232988357544,0.6458454728126526,-2.973444566123362e-07,0.5880529284477234,0.6261070966720581,0.007312181405723095,0.543720006942749,0.5868428945541382,0.0004297128180041909,0.5029208064079285,0.5733640789985657,-0.010693364776670933,0.4662932753562927,0.5686906576156616,-0.022868026047945023,0.5885457992553711,0.47967514395713806,0.0019000713946297765,0.526411235332489,0.455083966255188,-0.017894336953759193,0.4813801944255829,0.46536603569984436,-0.03607575595378876,0.45088452100753784,0.48620694875717163,-0.04682120308279991,0.5910161733627319,0.4797051250934601,-0.01346165407449007,0.5217692255973816,0.4240695834159851,-0.026943685486912727,0.48182255029678345,0.42965608835220337,-0.037723373621702194,0.453681617975235,0.4472864866256714,-0.045029573142528534,0.5900678038597107,0.49998247623443604,-0.02948254905641079,0.5257948637008667,0.4411325454711914,-0.04115721210837364,0.48706185817718506,0.44298848509788513,-0.0437973253428936,0.45819416642189026,0.4530180096626282,-0.04519255459308624,0.581351101398468,0.5368263125419617,-0.04508765786886215,0.540449321269989,0.4906531274318695,-0.05374281480908394,0.5129086971282959,0.4743083119392395,-0.0533972904086113,0.4894889295101166,0.4669698476791382,-0.05271626636385918,0.0,0.0,0.0,0.0,0.0,0.0,0.0,0.0,0.0,0.0,0.0,0.0,0.0,0.0,0.0,0.0,0.0,0.0,0.0,0.0,0.0,0.0,0.0,0.0,0.0,0.0,0.0,0.0,0.0,0.0,0.0,0.0,0.0,0.0,0.0,0.0,0.0,0.0,0.0,0.0,0.0,0.0,0.0,0.0,0.0,0.0,0.0,0.0,0.0,0.0,0.0,0.0,0.0,0.0,0.0,0.0,0.0,0.0,0.0,0.0,0.0,0.0,0.0,drink
0.628535807132721,0.6315802335739136,1.4503901191176283e-08,0.5888193845748901,0.6231359839439392,-0.008174153044819832,0.5465981960296631,0.5885640978813171,-0.016208356246352196,0.5083456039428711,0.5745920538902283,-0.02421526238322258,0.47316688299179077,0.5663477778434753,-0.03159299120306969,0.5984220504760742,0.48962298035621643,-0.006230943836271763,0.5565663576126099,0.44909507036209106,-0.018476765602827072,0.5214150547981262,0.42831242084503174,-0.030684789642691612,0.490890771150589,0.42110681533813477,-0.03933051601052284,0.5974227786064148,0.4907325506210327,-0.010841519571840763,0.5542738437652588,0.4436286389827728,-0.019885901361703873,0.5188408493995667,0.4236874580383301,-0.029908500611782074,0.48872506618499756,0.41593557596206665,-0.037619467824697495,0.5896337032318115,0.5040717124938965,-0.016752490773797035,0.5489441752433777,0.45290616154670715,-0.025041917338967323,0.5156729221343994,0.43077242374420166,-0.030364777892827988,0.48784592747688293,0.4189503788948059,-0.03385426104068756,0.5746654272079468,0.5291298627853394,-0.023445745930075645,0.5413797497749329,0.4871147572994232,-0.030838854610919952,0.5167869925498962,0.4643363356590271,-0.03295518830418587,0.4958139657974243,0.45110541582107544,-0.033849794417619705,0.6527308821678162,0.6428414583206177,-3.055987178868236e-07,0.5868901014328003,0.6200830936431885,0.010166982188820839,0.5417887568473816,0.5825319886207581,0.0045137591660022736,0.5015581846237183,0.5684202313423157,-0.006006303243339062,0.46726495027542114,0.5670892000198364,-0.017406675964593887,0.5855891108512878,0.4731433093547821,0.006899568717926741,0.5237645506858826,0.443875253200531,-0.01190904900431633,0.4811329245567322,0.45538678765296936,-0.029302306473255157,0.4511772394180298,0.47690582275390625,-0.03941226005554199,0.5898646116256714,0.4757927358150482,-0.009031061083078384,0.5163317322731018,0.4246276915073395,-0.02260342426598072,0.47688770294189453,0.4379391372203827,-0.03372373804450035,0.44856199622154236,0.4630962014198303,-0.04143713414669037,0.5888511538505554,0.4971443712711334,-0.025556135922670364,0.5229882001876831,0.43964043259620667,-0.03655749931931496,0.4845941364765167,0.4467785358428955,-0.03901231288909912,0.4550570845603943,0.46341875195503235,-0.04034586623311043,0.5786485075950623,0.533692479133606,-0.04139566421508789,0.533354640007019,0.489641398191452,-0.04843299463391304,0.505922794342041,0.4757598042488098,-0.04793526977300644,0.48193854093551636,0.47066301107406616,-0.04741566255688667,drink
0.6580896377563477,0.6613348722457886,-3.812217528320616e-07,0.5947444438934326,0.6389222145080566,0.00966279860585928,0.5461204648017883,0.6013764142990112,0.0025568741839379072,0.5042141675949097,0.5882264971733093,-0.009176274761557579,0.4685654044151306,0.5871611833572388,-0.020887287333607674,0.5925030708312988,0.4934024214744568,-0.0025630472227931023,0.524558961391449,0.44896823167800903,-0.023710260167717934,0.47822409868240356,0.46390312910079956,-0.03963819891214371,0.4503900408744812,0.4893539249897003,-0.047808412462472916,0.5950478911399841,0.4984781742095947,-0.018595946952700615,0.5122319459915161,0.4395596385002136,-0.03556347265839577,0.46583980321884155,0.4597315192222595,-0.04630991443991661,0.44322001934051514,0.49105381965637207,-0.05290208384394646,0.5917516946792603,0.5192102193832397,-0.03483089059591293,0.5165506601333618,0.45903173089027405,-0.04746237397193909,0.4717264771461487,0.47531989216804504,-0.05177462473511696,0.44737327098846436,0.5021637678146362,-0.05381854996085167,0.5808994770050049,0.5528830885887146,-0.05024007335305214,0.5259246826171875,0.5035152435302734,-0.05944801867008209,0.490575909614563,0.5008600950241089,-0.06097392365336418,0.4672607481479645,0.511383593082428,-0.061278652399778366,0.0,0.0,0.0,0.0,0.0,0.0,0.0,0.0,0.0,0.0,0.0,0.0,0.0,0.0,0.0,0.0,0.0,0.0,0.0,0.0,0.0,0.0,0.0,0.0,0.0,0.0,0.0,0.0,0.0,0.0,0.0,0.0,0.0,0.0,0.0,0.0,0.0,0.0,0.0,0.0,0.0,0.0,0.0,0.0,0.0,0.0,0.0,0.0,0.0,0.0,0.0,0.0,0.0,0.0,0.0,0.0,0.0,0.0,0.0,0.0,0.0,0.0,0.0,drink
0.6358342170715332,0.64012211561203,-6.568659216554806e-08,0.5945349931716919,0.6420499682426453,-0.009881073608994484,0.5474939942359924,0.613713264465332,-0.018679099157452583,0.5081570148468018,0.6018312573432922,-0.02549811638891697,0.47425979375839233,0.593305230140686,-0.030751099810004234,0.5842231512069702,0.5261434316635132,-0.022966429591178894,0.5258771181106567,0.4845309555530548,-0.0361308827996254,0.48478806018829346,0.49211132526397705,-0.04103947803378105,0.46039801836013794,0.5064587593078613,-0.042400531470775604,0.5942080616950989,0.5119598507881165,-0.025225747376680374,0.525773286819458,0.45595043897628784,-0.03666641190648079,0.48534682393074036,0.4653541147708893,-0.03715478628873825,0.46098214387893677,0.48234522342681885,-0.03570013493299484,0.5960307121276855,0.5163083672523499,-0.028028031811118126,0.5292811393737793,0.46309784054756165,-0.039948124438524246,0.4900924265384674,0.47207164764404297,-0.03816664218902588,0.465731143951416,0.48863616585731506,-0.03458533436059952,0.5901110172271729,0.5355580449104309,-0.031022803857922554,0.535773754119873,0.49570146203041077,-0.043066978454589844,0.50227290391922,0.49505534768104553,-0.04303862527012825,0.4794973134994507,0.5072354078292847,-0.04041167348623276,0.6611309051513672,0.6745799779891968,-3.4193683973171574e-07,0.5970116853713989,0.6459332704544067,0.012594688683748245,0.5473417043685913,0.6081895232200623,0.006571925710886717,0.5049106478691101,0.5944080352783203,-0.004292805679142475,0.4716441035270691,0.5944854021072388,-0.014831543900072575,0.5978812575340271,0.5011470317840576,-0.0022699113469570875,0.5295878052711487,0.45442554354667664,-0.02124376967549324,0.48377418518066406,0.4635625183582306,-0.03466160222887993,0.45390769839286804,0.48465317487716675,-0.04129469767212868,0.5975803732872009,0.5107669234275818,-0.019090622663497925,0.5116798877716064,0.44428521394729614,-0.03634980320930481,0.4675232172012329,0.46114498376846313,-0.04641438275575638,0.44517260789871216,0.4937420189380646,-0.05156516656279564,0.5938133597373962,0.5340778827667236,-0.03519214317202568,0.5188407301902771,0.4724235236644745,-0.04677194729447365,0.47415247559547424,0.4829660952091217,-0.05130521208047867,0.44787681102752686,0.5081218481063843,-0.05307310074567795,0.5820002555847168,0.5685891509056091,-0.0500619038939476,0.5248540043830872,0.5178521871566772,-0.05746011808514595,0.48915669322013855,0.5150464177131653,-0.05850405991077423,0.4643944203853607,0.5265182256698608,-0.05845538154244423,drink
0.6670876741409302,0.6721776723861694,-2.876242035654286e-07,0.5967128872871399,0.651701807975769,0.006964718457311392,0.5444843769073486,0.6119370460510254,-0.0009761109249666333,0.5025339126586914,0.5971547365188599,-0.013129863888025284,0.46914511919021606,0.5947800874710083,-0.025321628898382187,0.5925660729408264,0.49645164608955383,0.00015318900113925338,0.5300209522247314,0.4487595856189728,-0.018897036090493202,0.48648908734321594,0.452475368976593,-0.035147909075021744,0.4546072483062744,0.47119787335395813,-0.04397246241569519,0.5967199802398682,0.5043483376502991,-0.013752627186477184,0.5160505771636963,0.44938230514526367,-0.030566386878490448,0.4713081121444702,0.4637001156806946,-0.04404483735561371,0.4452916979789734,0.4934396743774414,-0.05221814662218094,0.5954483151435852,0.5254841446876526,-0.027980705723166466,0.5256951451301575,0.47119465470314026,-0.0386621318757534,0.48165109753608704,0.47796013951301575,-0.04491959512233734,0.45304185152053833,0.5002008080482483,-0.048335447907447815,0.5873032212257385,0.5587612390518188,-0.04163902997970581,0.5353344678878784,0.5164886116981506,-0.04611968994140625,0.5030711889266968,0.5075013637542725,-0.04663434997200966,0.4784078299999237,0.5126819610595703,-0.04670971259474754,0.0,0.0,0.0,0.0,0.0,0.0,0.0,0.0,0.0,0.0,0.0,0.0,0.0,0.0,0.0,0.0,0.0,0.0,0.0,0.0,0.0,0.0,0.0,0.0,0.0,0.0,0.0,0.0,0.0,0.0,0.0,0.0,0.0,0.0,0.0,0.0,0.0,0.0,0.0,0.0,0.0,0.0,0.0,0.0,0.0,0.0,0.0,0.0,0.0,0.0,0.0,0.0,0.0,0.0,0.0,0.0,0.0,0.0,0.0,0.0,0.0,0.0,0.0,drink
0.6426685452461243,0.6583619117736816,1.3954469579857687e-07,0.5975777506828308,0.6630852818489075,-0.013860633596777916,0.5508158802986145,0.6242630481719971,-0.021661287173628807,0.5127270817756653,0.6038921475410461,-0.028458980843424797,0.47671547532081604,0.5951195955276489,-0.03424346446990967,0.6006173491477966,0.5235654711723328,-0.005661713890731335,0.5661259889602661,0.47468385100364685,-0.012604769319295883,0.537963330745697,0.4465354382991791,-0.02050658129155636,0.5140480399131775,0.43074139952659607,-0.02661784179508686,0.6085936427116394,0.5191378593444824,-0.006207958795130253,0.5681807398796082,0.4723740816116333,-0.010601494461297989,0.5367185473442078,0.448103666305542,-0.01726815477013588,0.5120105147361755,0.4339372515678406,-0.022767746821045876,0.6088684797286987,0.5266194343566895,-0.008550195023417473,0.5681212544441223,0.4783496856689453,-0.012372318655252457,0.5374011397361755,0.4537735879421234,-0.014898329973220825,0.5142657160758972,0.43969255685806274,-0.016806166619062424,0.6006995439529419,0.545009195804596,-0.012585910968482494,0.5664491057395935,0.5026538372039795,-0.016871614381670952,0.5419884920120239,0.4765219986438751,-0.017822185531258583,0.5230120420455933,0.4600869119167328,-0.017970941960811615,0.665144681930542,0.6692352294921875,-2.3078659694419912e-07,0.5972843766212463,0.65073162317276,0.0054485066793859005,0.5484771728515625,0.6141582727432251,-0.003104159841313958,0.5082343220710754,0.5975102782249451,-0.01607661508023739,0.4739267826080322,0.594031572341919,-0.029104994609951973,0.5908578038215637,0.49623048305511475,0.00041004529339261353,0.5310551524162292,0.45396482944488525,-0.018614020198583603,0.4877534806728363,0.45686912536621094,-0.03525601699948311,0.45555928349494934,0.47281190752983093,-0.044917989522218704,0.597377359867096,0.5003461837768555,-0.013814253732562065,0.5210986733436584,0.4492725133895874,-0.03107362799346447,0.47579440474510193,0.45799124240875244,-0.04458475857973099,0.44730693101882935,0.48229119181632996,-0.053437210619449615,0.5977007746696472,0.5208426713943481,-0.02871096506714821,0.5304934978485107,0.4637952446937561,-0.041471123695373535,0.4851887822151184,0.4666230082511902,-0.04708990454673767,0.45500004291534424,0.48611870408058167,-0.05009967461228371,0.5892168283462524,0.5541670322418213,-0.04328776150941849,0.5392506718635559,0.5050987601280212,-0.05064467340707779,0.5071815252304077,0.49080708622932434,-0.051528945565223694,0.4831323027610779,0.4912416934967041,-0.051724325865507126,drink
0.6641426682472229,0.6687503457069397,-2.0835794600770896e-07,0.5977821350097656,0.6515674591064453,0.004870773758739233,0.5487977266311646,0.6144164800643921,-0.004007110372185707,0.5080075263977051,0.5990709066390991,-0.01720551773905754,0.4719547927379608,0.5949233770370483,-0.03073815070092678,0.5891060829162598,0.49392059445381165,-0.0006133024580776691,0.5309196710586548,0.450888454914093,-0.020276669412851334,0.4891146421432495,0.4508611857891083,-0.03727670758962631,0.45712918043136597,0.4660451412200928,-0.04690423980355263,0.5954985618591309,0.4994196891784668,-0.014519763179123402,0.5212147235870361,0.4506430923938751,-0.03285566717386246,0.47639450430870056,0.4579252600669861,-0.04709376022219658,0.44721508026123047,0.4822157621383667,-0.05589686706662178,0.5959715247154236,0.5206136107444763,-0.029186995700001717,0.5298727750778198,0.4679643511772156,-0.04275090992450714,0.4850996732711792,0.46744710206985474,-0.049661487340927124,0.45422446727752686,0.4837651550769806,-0.05322995036840439,0.588456392288208,0.5543695092201233,-0.04349081590771675,0.5407708287239075,0.5077155828475952,-0.05125322565436363,0.5100132822990417,0.4903785288333893,-0.05328238010406494,0.48638930916786194,0.48634180426597595,-0.05418483167886734,0.0,0.0,0.0,0.0,0.0,0.0,0.0,0.0,0.0,0.0,0.0,0.0,0.0,0.0,0.0,0.0,0.0,0.0,0.0,0.0,0.0,0.0,0.0,0.0,0.0,0.0,0.0,0.0,0.0,0.0,0.0,0.0,0.0,0.0,0.0,0.0,0.0,0.0,0.0,0.0,0.0,0.0,0.0,0.0,0.0,0.0,0.0,0.0,0.0,0.0,0.0,0.0,0.0,0.0,0.0,0.0,0.0,0.0,0.0,0.0,0.0,0.0,0.0,drink
0.6241979598999023,0.6365002989768982,-8.996701694741205e-08,0.58597731590271,0.6483904123306274,-0.011298657394945621,0.5390453338623047,0.614528238773346,-0.016056418418884277,0.5009578466415405,0.5955776572227478,-0.022495534271001816,0.4662784934043884,0.589364230632782,-0.027066824957728386,0.5733707547187805,0.5071455240249634,0.007410059217363596,0.5391674041748047,0.4641781449317932,-0.007092870771884918,0.5023220181465149,0.4570773243904114,-0.021526698023080826,0.47455912828445435,0.4682871699333191,-0.0296951774507761,0.5800741910934448,0.4915672540664673,0.0032287375070154667,0.5403288006782532,0.44365182518959045,-0.006746077444404364,0.5006982684135437,0.4365304708480835,-0.015939295291900635,0.47235462069511414,0.4493364691734314,-0.02081182599067688,0.5852428078651428,0.4855985641479492,-0.004942772444337606,0.54482102394104,0.4371882677078247,-0.015030155889689922,0.5052737593650818,0.4303024411201477,-0.01987786404788494,0.47638824582099915,0.44093286991119385,-0.020526090636849403,0.5857418775558472,0.4905964136123657,-0.015331353060901165,0.5507674813270569,0.44725388288497925,-0.02471601776778698,0.5198767781257629,0.4341285228729248,-0.028045056387782097,0.49690115451812744,0.43798208236694336,-0.027980297803878784,0.6517652869224548,0.6498763561248779,-3.0847405696476926e-07,0.5942548513412476,0.6462327837944031,0.004273489583283663,0.544912576675415,0.6107977628707886,0.0017406608676537871,0.5045139789581299,0.5947279334068298,-0.006917554419487715,0.46955692768096924,0.5880522131919861,-0.013475856743752956,0.5769274234771729,0.49077939987182617,0.021451083943247795,0.5338963866233826,0.4368343651294708,0.0051003796979784966,0.4952217638492584,0.4497315287590027,-0.00946861132979393,0.4794314503669739,0.4749671220779419,-0.017078300938010216,0.5849304795265198,0.4785006046295166,0.007432001642882824,0.5278363823890686,0.41720807552337646,-0.004376756027340889,0.4879001975059509,0.43779247999191284,-0.01175897940993309,0.4747893214225769,0.4676867723464966,-0.015119043178856373,0.5876756906509399,0.48054757714271545,-0.010463390499353409,0.5295923352241516,0.41887569427490234,-0.02144778147339821,0.4893004298210144,0.440116286277771,-0.023146312683820724,0.4752223491668701,0.4700964689254761,-0.022166503593325615,0.5828628540039062,0.4953899085521698,-0.029404884204268456,0.535568356513977,0.44141560792922974,-0.03693336620926857,0.5016739964485168,0.445133775472641,-0.03655427321791649,0.4853450059890747,0.4659452438354492,-0.03475373610854149,drink
0.6487956643104553,0.6215634942054749,-2.402991015060252e-07,0.5955836772918701,0.6203761100769043,0.0017421162920072675,0.5433667302131653,0.5880233645439148,0.0018223095685243607,0.5028129816055298,0.5717767477035522,-0.004490192513912916,0.4675159454345703,0.5618281364440918,-0.009810080751776695,0.5489951372146606,0.48240965604782104,0.030615130439400673,0.516754686832428,0.4384748339653015,0.01774645410478115,0.4862002730369568,0.43632814288139343,0.001546081737615168,0.46311718225479126,0.44735363125801086,-0.00874385330826044,0.5557594895362854,0.4642350673675537,0.01826678216457367,0.517541229724884,0.40802210569381714,0.00781492330133915,0.48112258315086365,0.4082927107810974,-0.004497910384088755,0.4537193179130554,0.42659151554107666,-0.011667796410620213,0.5658217072486877,0.45354151725769043,0.0015413358341902494,0.5269489288330078,0.39538127183914185,-0.007707841228693724,0.48885536193847656,0.39727190136909485,-0.013891615904867649,0.46101272106170654,0.41504186391830444,-0.0163869746029377,0.5776078104972839,0.45060107111930847,-0.016888344660401344,0.541756808757782,0.40148311853408813,-0.021904151886701584,0.5100892782211304,0.39465296268463135,-0.02264580689370632,0.4846251904964447,0.4043157696723938,-0.022451026365160942,0.0,0.0,0.0,0.0,0.0,0.0,0.0,0.0,0.0,0.0,0.0,0.0,0.0,0.0,0.0,0.0,0.0,0.0,0.0,0.0,0.0,0.0,0.0,0.0,0.0,0.0,0.0,0.0,0.0,0.0,0.0,0.0,0.0,0.0,0.0,0.0,0.0,0.0,0.0,0.0,0.0,0.0,0.0,0.0,0.0,0.0,0.0,0.0,0.0,0.0,0.0,0.0,0.0,0.0,0.0,0.0,0.0,0.0,0.0,0.0,0.0,0.0,0.0,drink
0.642642080783844,0.5956431031227112,-1.8868155393647612e-07,0.5955907106399536,0.5976460576057434,-0.004310924094170332,0.5428168773651123,0.5685790181159973,-0.006647452246397734,0.5020338892936707,0.5528591871261597,-0.013689545914530754,0.46684929728507996,0.5412153601646423,-0.01906534843146801,0.5434238314628601,0.4655097723007202,0.02009597048163414,0.5094497799873352,0.4151231348514557,0.003846977837383747,0.4789866507053375,0.4145691990852356,-0.013263626955449581,0.4584715962409973,0.4293556809425354,-0.023032203316688538,0.5509438514709473,0.44772252440452576,0.010997259989380836,0.5123904943466187,0.387980192899704,-0.002705200109630823,0.4770333468914032,0.3932923674583435,-0.013965035788714886,0.4546967148780823,0.4172687232494354,-0.0193168967962265,0.5619884729385376,0.436517596244812,-0.002760289702564478,0.5237117409706116,0.37475067377090454,-0.013825342990458012,0.4882776439189911,0.3803582787513733,-0.017895258963108063,0.4663783609867096,0.4020082354545593,-0.018071655184030533,0.5754689574241638,0.4320240616798401,-0.01869368925690651,0.5413357615470886,0.3801998198032379,-0.025114525109529495,0.511838972568512,0.37765535712242126,-0.025371411815285683,0.4916439652442932,0.3931432366371155,-0.02402384579181671,0.0,0.0,0.0,0.0,0.0,0.0,0.0,0.0,0.0,0.0,0.0,0.0,0.0,0.0,0.0,0.0,0.0,0.0,0.0,0.0,0.0,0.0,0.0,0.0,0.0,0.0,0.0,0.0,0.0,0.0,0.0,0.0,0.0,0.0,0.0,0.0,0.0,0.0,0.0,0.0,0.0,0.0,0.0,0.0,0.0,0.0,0.0,0.0,0.0,0.0,0.0,0.0,0.0,0.0,0.0,0.0,0.0,0.0,0.0,0.0,0.0,0.0,0.0,drink
0.6463608145713806,0.5935718417167664,-1.6011918546610104e-07,0.5964416265487671,0.5965628623962402,-0.006347365211695433,0.5455039739608765,0.5711965560913086,-0.011559676378965378,0.5031371712684631,0.5576678514480591,-0.021013375371694565,0.464378297328949,0.5519034266471863,-0.028737137094140053,0.5453705191612244,0.4667970538139343,0.017149873077869415,0.5091896653175354,0.41789087653160095,-0.00012243495439179242,0.47660279273986816,0.4147458076477051,-0.01777399331331253,0.45497962832450867,0.4285072684288025,-0.02783830650150776,0.5519578456878662,0.45001792907714844,0.009235450066626072,0.512653112411499,0.3913504481315613,-0.0053034392185509205,0.4768039584159851,0.3937744200229645,-0.01708516851067543,0.45402058959007263,0.41776424646377563,-0.022784259170293808,0.5623620748519897,0.4388161897659302,-0.0032449786085635424,0.5259037613868713,0.37866172194480896,-0.013952898792922497,0.48930293321609497,0.38018596172332764,-0.01810571737587452,0.4652852714061737,0.40184035897254944,-0.018641740083694458,0.5755184888839722,0.4341018497943878,-0.018105028197169304,0.5460795760154724,0.38279208540916443,-0.024872764945030212,0.5153436064720154,0.373970091342926,-0.026475735008716583,0.49226707220077515,0.38506025075912476,-0.026077255606651306,0.0,0.0,0.0,0.0,0.0,0.0,0.0,0.0,0.0,0.0,0.0,0.0,0.0,0.0,0.0,0.0,0.0,0.0,0.0,0.0,0.0,0.0,0.0,0.0,0.0,0.0,0.0,0.0,0.0,0.0,0.0,0.0,0.0,0.0,0.0,0.0,0.0,0.0,0.0,0.0,0.0,0.0,0.0,0.0,0.0,0.0,0.0,0.0,0.0,0.0,0.0,0.0,0.0,0.0,0.0,0.0,0.0,0.0,0.0,0.0,0.0,0.0,0.0,drink
0.648323118686676,0.5466359257698059,-2.2850863956591638e-07,0.6015660166740417,0.5569131374359131,-0.0028148714918643236,0.5445462465286255,0.5351506471633911,-0.003210148774087429,0.5027229189872742,0.5189354419708252,-0.008234236389398575,0.46820950508117676,0.5135133266448975,-0.011786472983658314,0.5396117568016052,0.4330325126647949,0.024767857044935226,0.5008333921432495,0.4001690447330475,0.010517002083361149,0.4700828194618225,0.40514716506004333,-0.006513264495879412,0.44979149103164673,0.4248546063899994,-0.016518764197826385,0.5450916290283203,0.41145575046539307,0.01606156677007675,0.5035194158554077,0.36590784788131714,0.005413366947323084,0.46840745210647583,0.3737945556640625,-0.006771167740225792,0.44540154933929443,0.4002342224121094,-0.013696723617613316,0.5545617938041687,0.39619508385658264,0.0028021258767694235,0.5148990750312805,0.34447842836380005,-0.006409451365470886,0.4776461124420166,0.3538401424884796,-0.012890035286545753,0.45389264822006226,0.3799251317977905,-0.01533877570182085,0.5667586326599121,0.3867915868759155,-0.01239920686930418,0.5315686464309692,0.34051570296287537,-0.018024107441306114,0.499544233083725,0.3394813537597656,-0.01993228681385517,0.4760136604309082,0.35593557357788086,-0.02028626576066017,0.0,0.0,0.0,0.0,0.0,0.0,0.0,0.0,0.0,0.0,0.0,0.0,0.0,0.0,0.0,0.0,0.0,0.0,0.0,0.0,0.0,0.0,0.0,0.0,0.0,0.0,0.0,0.0,0.0,0.0,0.0,0.0,0.0,0.0,0.0,0.0,0.0,0.0,0.0,0.0,0.0,0.0,0.0,0.0,0.0,0.0,0.0,0.0,0.0,0.0,0.0,0.0,0.0,0.0,0.0,0.0,0.0,0.0,0.0,0.0,0.0,0.0,0.0,drink
0.6417850852012634,0.5271207094192505,-1.999848819878025e-07,0.5958243012428284,0.5412926077842712,-0.005252426955848932,0.5409611463546753,0.5220914483070374,-0.007342927157878876,0.5000013113021851,0.5060619711875916,-0.012976464815437794,0.466317743062973,0.5034309029579163,-0.016852958127856255,0.5325831770896912,0.41888752579689026,0.018673880025744438,0.4945075809955597,0.3820713758468628,0.0041501158848404884,0.46702373027801514,0.3864637613296509,-0.011638976633548737,0.45047464966773987,0.40331313014030457,-0.020545529201626778,0.5377708673477173,0.3967055380344391,0.012119303457438946,0.49601098895072937,0.35154280066490173,-0.00016474731091875583,0.466085821390152,0.3594364523887634,-0.01157623715698719,0.44828298687934875,0.38366660475730896,-0.01704106479883194,0.5477232933044434,0.3798348903656006,0.0014969725161790848,0.5075550079345703,0.3316669166088104,-0.007507720496505499,0.4782394766807556,0.33879855275154114,-0.011256239376962185,0.46087443828582764,0.36046433448791504,-0.011375253088772297,0.562143862247467,0.36849671602249146,-0.011210399679839611,0.5295875668525696,0.324045866727829,-0.015466252341866493,0.5040080547332764,0.3185959458351135,-0.015439342707395554,0.4858330488204956,0.32909274101257324,-0.01399537269026041,0.0,0.0,0.0,0.0,0.0,0.0,0.0,0.0,0.0,0.0,0.0,0.0,0.0,0.0,0.0,0.0,0.0,0.0,0.0,0.0,0.0,0.0,0.0,0.0,0.0,0.0,0.0,0.0,0.0,0.0,0.0,0.0,0.0,0.0,0.0,0.0,0.0,0.0,0.0,0.0,0.0,0.0,0.0,0.0,0.0,0.0,0.0,0.0,0.0,0.0,0.0,0.0,0.0,0.0,0.0,0.0,0.0,0.0,0.0,0.0,0.0,0.0,0.0,drink
0.6389411687850952,0.5045689344406128,-2.1951865392111358e-07,0.5906903147697449,0.5199404954910278,-0.0005708439275622368,0.5364843010902405,0.5055035948753357,0.000963719910942018,0.495562344789505,0.4906971752643585,-0.0022236357908695936,0.45973294973373413,0.48679932951927185,-0.004399887751787901,0.5283551812171936,0.40995165705680847,0.03069515898823738,0.4926220774650574,0.38710176944732666,0.022251127287745476,0.46660274267196655,0.3900342285633087,0.008790216408669949,0.44699937105178833,0.40221816301345825,-8.61025764606893e-05,0.5319662094116211,0.3838544487953186,0.022817134857177734,0.4899616241455078,0.3507189154624939,0.016750628128647804,0.4606497287750244,0.3539476692676544,0.006141176912933588,0.43824243545532227,0.3708445727825165,-0.000859844614751637,0.5416567921638489,0.3630847930908203,0.010803557001054287,0.500625491142273,0.32544389367103577,0.004607938230037689,0.47059330344200134,0.32859084010124207,-0.0009587014792487025,0.44841209053993225,0.3467506766319275,-0.0037146892864257097,0.5562053322792053,0.3464950621128082,-0.0028576403856277466,0.5231302380561829,0.30699312686920166,-0.006308483425527811,0.49598121643066406,0.303680956363678,-0.007458833511918783,0.47350773215293884,0.316707044839859,-0.007875431329011917,0.0,0.0,0.0,0.0,0.0,0.0,0.0,0.0,0.0,0.0,0.0,0.0,0.0,0.0,0.0,0.0,0.0,0.0,0.0,0.0,0.0,0.0,0.0,0.0,0.0,0.0,0.0,0.0,0.0,0.0,0.0,0.0,0.0,0.0,0.0,0.0,0.0,0.0,0.0,0.0,0.0,0.0,0.0,0.0,0.0,0.0,0.0,0.0,0.0,0.0,0.0,0.0,0.0,0.0,0.0,0.0,0.0,0.0,0.0,0.0,0.0,0.0,0.0,drink
0.638430655002594,0.5016638040542603,-2.0102358178064605e-07,0.5925170183181763,0.520578920841217,-0.004416434094309807,0.53731369972229,0.5070280432701111,-0.004865055438131094,0.4952325224876404,0.493097186088562,-0.009066233411431313,0.45869243144989014,0.48500147461891174,-0.01191151887178421,0.5296971797943115,0.40909257531166077,0.023308834061026573,0.49438008666038513,0.38436001539230347,0.012975688092410564,0.4674689471721649,0.386209100484848,-0.0008545236778445542,0.44692519307136536,0.3976779878139496,-0.010090413503348827,0.5337650179862976,0.38364097476005554,0.01688634604215622,0.49229100346565247,0.3501822054386139,0.00784489419311285,0.4632997512817383,0.35358771681785583,-0.0033698659390211105,0.4423542618751526,0.37063735723495483,-0.010514860972762108,0.5428183078765869,0.3628200590610504,0.006374183110892773,0.5013747215270996,0.32403281331062317,-0.0024554322008043528,0.47072023153305054,0.32724395394325256,-0.008379940874874592,0.4495540261268616,0.345578670501709,-0.010944515466690063,0.5563778281211853,0.34591299295425415,-0.005925186909735203,0.521027147769928,0.30646923184394836,-0.011917727999389172,0.4924889802932739,0.3022758364677429,-0.01425940077751875,0.4704303443431854,0.314175009727478,-0.015101494267582893,0.0,0.0,0.0,0.0,0.0,0.0,0.0,0.0,0.0,0.0,0.0,0.0,0.0,0.0,0.0,0.0,0.0,0.0,0.0,0.0,0.0,0.0,0.0,0.0,0.0,0.0,0.0,0.0,0.0,0.0,0.0,0.0,0.0,0.0,0.0,0.0,0.0,0.0,0.0,0.0,0.0,0.0,0.0,0.0,0.0,0.0,0.0,0.0,0.0,0.0,0.0,0.0,0.0,0.0,0.0,0.0,0.0,0.0,0.0,0.0,0.0,0.0,0.0,drink
0.6327832937240601,0.48578941822052,-2.1493133317562751e-07,0.5845360159873962,0.5065524578094482,0.001407818403095007,0.5328739881515503,0.49595072865486145,0.004823033232241869,0.49225208163261414,0.4821555018424988,0.0027283711824566126,0.4557701349258423,0.47467896342277527,0.0016299569979310036,0.5296852588653564,0.39939379692077637,0.038763221353292465,0.4935195744037628,0.3822457194328308,0.034278810024261475,0.4665088355541229,0.3867608308792114,0.022628720849752426,0.44576433300971985,0.39849892258644104,0.014240686781704426,0.5312497019767761,0.37311092019081116,0.03009556047618389,0.48874345421791077,0.34747278690338135,0.027943583205342293,0.45801082253456116,0.3526327610015869,0.017825989052653313,0.43435075879096985,0.3674754202365875,0.010096748359501362,0.5376648306846619,0.350802481174469,0.01708238013088703,0.4955795407295227,0.32025936245918274,0.013677060604095459,0.4632270336151123,0.32513412833213806,0.007727434858679771,0.43925273418426514,0.3412836790084839,0.003780759172514081,0.5481308102607727,0.33070069551467896,0.0024043377488851547,0.5133651494979858,0.2956099510192871,0.0007756025297567248,0.4834751486778259,0.29549771547317505,9.585211046214681e-06,0.4598086178302765,0.30998802185058594,-0.0007776147103868425,0.0,0.0,0.0,0.0,0.0,0.0,0.0,0.0,0.0,0.0,0.0,0.0,0.0,0.0,0.0,0.0,0.0,0.0,0.0,0.0,0.0,0.0,0.0,0.0,0.0,0.0,0.0,0.0,0.0,0.0,0.0,0.0,0.0,0.0,0.0,0.0,0.0,0.0,0.0,0.0,0.0,0.0,0.0,0.0,0.0,0.0,0.0,0.0,0.0,0.0,0.0,0.0,0.0,0.0,0.0,0.0,0.0,0.0,0.0,0.0,0.0,0.0,0.0,drink
0.6267096996307373,0.4801424741744995,-2.45026598122422e-07,0.5831925868988037,0.5049209594726562,-0.0014572575455531478,0.5320560932159424,0.4976787865161896,0.001571135362610221,0.48997581005096436,0.48461052775382996,-7.945671677589417e-05,0.4547428488731384,0.4731336832046509,-0.0008141907746903598,0.5322259068489075,0.4070359170436859,0.03296900913119316,0.49600154161453247,0.39136427640914917,0.027583623304963112,0.4701361358165741,0.3949604630470276,0.016410769894719124,0.45135122537612915,0.404896080493927,0.008348159492015839,0.5326253771781921,0.3786731958389282,0.02614263817667961,0.48975497484207153,0.35394471883773804,0.021943407133221626,0.45910030603408813,0.3588251769542694,0.011399392038583755,0.4366159439086914,0.37326645851135254,0.0036483085714280605,0.5382033586502075,0.35324329137802124,0.015125847421586514,0.4943155348300934,0.32317209243774414,0.008805506862699986,0.461500346660614,0.32879844307899475,0.0015323077095672488,0.43820956349372864,0.3456645905971527,-0.002520277164876461,0.5483386516571045,0.3294258117675781,0.002584637375548482,0.510816752910614,0.2967163622379303,-0.0023804206866770983,0.48047515749931335,0.29807260632514954,-0.0050638411194086075,0.4574090242385864,0.3138975203037262,-0.006538798101246357,0.0,0.0,0.0,0.0,0.0,0.0,0.0,0.0,0.0,0.0,0.0,0.0,0.0,0.0,0.0,0.0,0.0,0.0,0.0,0.0,0.0,0.0,0.0,0.0,0.0,0.0,0.0,0.0,0.0,0.0,0.0,0.0,0.0,0.0,0.0,0.0,0.0,0.0,0.0,0.0,0.0,0.0,0.0,0.0,0.0,0.0,0.0,0.0,0.0,0.0,0.0,0.0,0.0,0.0,0.0,0.0,0.0,0.0,0.0,0.0,0.0,0.0,0.0,drink
0.6245437860488892,0.48233363032341003,-2.456720835652959e-07,0.5835262537002563,0.5054394006729126,-0.004002183675765991,0.5324631333351135,0.4978032112121582,-0.002982448786497116,0.49036386609077454,0.4847404658794403,-0.005919530056416988,0.4549793004989624,0.4725072383880615,-0.0076548513025045395,0.534518837928772,0.4051959216594696,0.027697904035449028,0.49935394525527954,0.39208802580833435,0.01910792477428913,0.4759533405303955,0.4003596603870392,0.005945849698036909,0.4601593017578125,0.4140583276748657,-0.002951102564111352,0.534608006477356,0.37775611877441406,0.02168153040111065,0.4925733208656311,0.3539242744445801,0.01575634628534317,0.4616859257221222,0.35862040519714355,0.004789079539477825,0.4388270080089569,0.37146705389022827,-0.00351532269269228,0.5397482514381409,0.3542647957801819,0.011166207492351532,0.4970870912075043,0.32549405097961426,0.0032326611690223217,0.4645273685455322,0.33049023151397705,-0.004310710821300745,0.44081324338912964,0.3457725942134857,-0.008608812466263771,0.549020528793335,0.33323413133621216,-0.0010510170832276344,0.5130783319473267,0.2988356351852417,-0.007088352460414171,0.48303377628326416,0.29655981063842773,-0.01050522830337286,0.45868369936943054,0.30888721346855164,-0.012665748596191406,0.0,0.0,0.0,0.0,0.0,0.0,0.0,0.0,0.0,0.0,0.0,0.0,0.0,0.0,0.0,0.0,0.0,0.0,0.0,0.0,0.0,0.0,0.0,0.0,0.0,0.0,0.0,0.0,0.0,0.0,0.0,0.0,0.0,0.0,0.0,0.0,0.0,0.0,0.0,0.0,0.0,0.0,0.0,0.0,0.0,0.0,0.0,0.0,0.0,0.0,0.0,0.0,0.0,0.0,0.0,0.0,0.0,0.0,0.0,0.0,0.0,0.0,0.0,drink
0.6236898899078369,0.4823956787586212,-2.1140587591617077e-07,0.5838728547096252,0.5063183307647705,-0.004946274682879448,0.5316952466964722,0.4982862174510956,-0.0043318625539541245,0.4897487759590149,0.484226793050766,-0.007225841283798218,0.4547315835952759,0.47200679779052734,-0.00871922168880701,0.5332695841789246,0.40230685472488403,0.024564212188124657,0.4966088533401489,0.3832450807094574,0.01647804118692875,0.4689878523349762,0.38600441813468933,0.004547281190752983,0.44903987646102905,0.39786624908447266,-0.0035389543045312166,0.5348454713821411,0.37571626901626587,0.01897299848496914,0.49244973063468933,0.3473009765148163,0.01292152889072895,0.4603934586048126,0.3505585193634033,0.003031127154827118,0.43678420782089233,0.3640097379684448,-0.00408264622092247,0.5402538180351257,0.3535308539867401,0.009042905643582344,0.4980051517486572,0.32221660017967224,0.0013392803957685828,0.4646122455596924,0.32582318782806396,-0.005732384044677019,0.44046756625175476,0.34069597721099854,-0.00962081179022789,0.549342691898346,0.3341767191886902,-0.0026611939538270235,0.5148670673370361,0.2982475757598877,-0.008904838003218174,0.48474401235580444,0.29489487409591675,-0.012649161741137505,0.46058011054992676,0.3064458668231964,-0.014907920733094215,0.0,0.0,0.0,0.0,0.0,0.0,0.0,0.0,0.0,0.0,0.0,0.0,0.0,0.0,0.0,0.0,0.0,0.0,0.0,0.0,0.0,0.0,0.0,0.0,0.0,0.0,0.0,0.0,0.0,0.0,0.0,0.0,0.0,0.0,0.0,0.0,0.0,0.0,0.0,0.0,0.0,0.0,0.0,0.0,0.0,0.0,0.0,0.0,0.0,0.0,0.0,0.0,0.0,0.0,0.0,0.0,0.0,0.0,0.0,0.0,0.0,0.0,0.0,drink
0.6251094937324524,0.48632049560546875,-2.1894230428642913e-07,0.5828192234039307,0.5121493935585022,-0.004201860167086124,0.5316396951675415,0.5045195817947388,-0.0032314215786755085,0.48967719078063965,0.4901674687862396,-0.006108068861067295,0.45469480752944946,0.4805155396461487,-0.007709969766438007,0.5322204232215881,0.40798628330230713,0.02887909673154354,0.4953989088535309,0.39257341623306274,0.022892626002430916,0.4684625267982483,0.39544597268104553,0.011735606007277966,0.44865497946739197,0.40377894043922424,0.0035723831970244646,0.5339036583900452,0.38062623143196106,0.02308681420981884,0.49146589636802673,0.3557876944541931,0.018289964646100998,0.4609646797180176,0.35928815603256226,0.00833954755216837,0.43866240978240967,0.3701571226119995,0.001099432585760951,0.539678692817688,0.35755714774131775,0.01292575616389513,0.49697551131248474,0.32647448778152466,0.0060705034993588924,0.46396705508232117,0.3300435245037079,-0.0010851185070350766,0.44090622663497925,0.34419047832489014,-0.005076990462839603,0.5494945645332336,0.337438702583313,0.0009928729850798845,0.5134434700012207,0.30439049005508423,-0.004785201046615839,0.48319897055625916,0.30280765891075134,-0.00830354169011116,0.459565669298172,0.3147861957550049,-0.010324765928089619,0.0,0.0,0.0,0.0,0.0,0.0,0.0,0.0,0.0,0.0,0.0,0.0,0.0,0.0,0.0,0.0,0.0,0.0,0.0,0.0,0.0,0.0,0.0,0.0,0.0,0.0,0.0,0.0,0.0,0.0,0.0,0.0,0.0,0.0,0.0,0.0,0.0,0.0,0.0,0.0,0.0,0.0,0.0,0.0,0.0,0.0,0.0,0.0,0.0,0.0,0.0,0.0,0.0,0.0,0.0,0.0,0.0,0.0,0.0,0.0,0.0,0.0,0.0,drink
0.6284435391426086,0.5030917525291443,-1.564573324230878e-07,0.5859348773956299,0.5225568413734436,-0.008721130900084972,0.5331081748008728,0.507638692855835,-0.011092637665569782,0.49161088466644287,0.49096018075942993,-0.015792567282915115,0.4562499523162842,0.47907182574272156,-0.018792176619172096,0.5317937731742859,0.40532195568084717,0.016145814210176468,0.4944186210632324,0.37718871235847473,0.005550748202949762,0.4661300778388977,0.37686842679977417,-0.007661890704184771,0.44544509053230286,0.3873039186000824,-0.01638021692633629,0.536611020565033,0.383889377117157,0.011866365559399128,0.4951019585132599,0.3483932614326477,0.002812563208863139,0.46401849389076233,0.34772759675979614,-0.008269064128398895,0.441147118806839,0.3612257242202759,-0.01556496974080801,0.5454459190368652,0.3668593764305115,0.0034920929465442896,0.5059982538223267,0.3266335725784302,-0.00546462694182992,0.474234938621521,0.3249964118003845,-0.012674885801970959,0.4504907727241516,0.3384229242801666,-0.016566457226872444,0.5582817196846008,0.35400864481925964,-0.006870962679386139,0.5265803337097168,0.31360965967178345,-0.013934663496911526,0.49926963448524475,0.30359315872192383,-0.018213240429759026,0.4762987196445465,0.30892351269721985,-0.02067350223660469,0.0,0.0,0.0,0.0,0.0,0.0,0.0,0.0,0.0,0.0,0.0,0.0,0.0,0.0,0.0,0.0,0.0,0.0,0.0,0.0,0.0,0.0,0.0,0.0,0.0,0.0,0.0,0.0,0.0,0.0,0.0,0.0,0.0,0.0,0.0,0.0,0.0,0.0,0.0,0.0,0.0,0.0,0.0,0.0,0.0,0.0,0.0,0.0,0.0,0.0,0.0,0.0,0.0,0.0,0.0,0.0,0.0,0.0,0.0,0.0,0.0,0.0,0.0,drink
0.6362249255180359,0.5338017344474792,-2.114524590979272e-07,0.5912042260169983,0.5428503751754761,0.0013257935643196106,0.5379014611244202,0.5120614171028137,0.00047955222544260323,0.4989027678966522,0.4953925907611847,-0.005480752792209387,0.46405476331710815,0.48594236373901367,-0.010339691303670406,0.55184406042099,0.4049479365348816,0.01880379393696785,0.5140447616577148,0.35663682222366333,0.005390520207583904,0.48033085465431213,0.355663537979126,-0.008715848438441753,0.4572037160396576,0.3719668984413147,-0.01716865785419941,0.5601742267608643,0.39078035950660706,0.006231483072042465,0.5150707960128784,0.33811667561531067,-0.007572277449071407,0.47519418597221375,0.3452596068382263,-0.019627220928668976,0.45004838705062866,0.37344229221343994,-0.025805965065956116,0.5693978667259216,0.384398877620697,-0.009518184699118137,0.5227643847465515,0.32963597774505615,-0.021655678749084473,0.4830193817615509,0.33740168809890747,-0.02783476933836937,0.4575461149215698,0.3618907928466797,-0.029676251113414764,0.5772948861122131,0.3855680525302887,-0.026372918859124184,0.5372058153152466,0.3384363353252411,-0.03611290454864502,0.5049198865890503,0.33222660422325134,-0.03980766236782074,0.48187255859375,0.34252166748046875,-0.04078761115670204,0.0,0.0,0.0,0.0,0.0,0.0,0.0,0.0,0.0,0.0,0.0,0.0,0.0,0.0,0.0,0.0,0.0,0.0,0.0,0.0,0.0,0.0,0.0,0.0,0.0,0.0,0.0,0.0,0.0,0.0,0.0,0.0,0.0,0.0,0.0,0.0,0.0,0.0,0.0,0.0,0.0,0.0,0.0,0.0,0.0,0.0,0.0,0.0,0.0,0.0,0.0,0.0,0.0,0.0,0.0,0.0,0.0,0.0,0.0,0.0,0.0,0.0,0.0,drink
0.6444280743598938,0.5473842620849609,-2.484741230546206e-07,0.5924454927444458,0.5503694415092468,-0.003175361081957817,0.5416898727416992,0.5151599645614624,-0.007789215538650751,0.5013725161552429,0.4959728419780731,-0.014982813969254494,0.46768292784690857,0.4900662899017334,-0.020509060472249985,0.5751943588256836,0.4043114483356476,0.006401927210390568,0.5293443202972412,0.3529569208621979,-0.007824040949344635,0.49017977714538574,0.35390782356262207,-0.020616021007299423,0.4663168787956238,0.37208715081214905,-0.027181852608919144,0.5825142860412598,0.396657258272171,-0.0011706043733283877,0.525111973285675,0.347226619720459,-0.011249596253037453,0.48369091749191284,0.35148417949676514,-0.019022861495614052,0.4594672918319702,0.37002620100975037,-0.023504363372921944,0.5867236256599426,0.40037935972213745,-0.01148951519280672,0.5292806029319763,0.3496851325035095,-0.020487915724515915,0.4896002411842346,0.3533189594745636,-0.02256001904606819,0.4666317105293274,0.36965444684028625,-0.022502543404698372,0.585523784160614,0.41296154260635376,-0.022870296612381935,0.5386716723442078,0.36518725752830505,-0.03011784516274929,0.507236897945404,0.3567466735839844,-0.03026508167386055,0.4872763454914093,0.3636227250099182,-0.028820695355534554,0.0,0.0,0.0,0.0,0.0,0.0,0.0,0.0,0.0,0.0,0.0,0.0,0.0,0.0,0.0,0.0,0.0,0.0,0.0,0.0,0.0,0.0,0.0,0.0,0.0,0.0,0.0,0.0,0.0,0.0,0.0,0.0,0.0,0.0,0.0,0.0,0.0,0.0,0.0,0.0,0.0,0.0,0.0,0.0,0.0,0.0,0.0,0.0,0.0,0.0,0.0,0.0,0.0,0.0,0.0,0.0,0.0,0.0,0.0,0.0,0.0,0.0,0.0,drink
0.6438797116279602,0.5422771573066711,-2.1113689285812143e-07,0.591268002986908,0.5452730655670166,-0.004382691811770201,0.5428979396820068,0.5132899880409241,-0.011739220470190048,0.5037949085235596,0.4945816099643707,-0.021371714770793915,0.47031086683273315,0.4877539277076721,-0.0295691080391407,0.5785309672355652,0.3991605043411255,0.0010366480564698577,0.5315527319908142,0.3508317470550537,-0.013585412874817848,0.4927959442138672,0.3496522009372711,-0.02557755820453167,0.4695836901664734,0.362787127494812,-0.032021574676036835,0.5869824290275574,0.3924939036369324,-0.0068541415967047215,0.5286844968795776,0.3401975631713867,-0.018437214195728302,0.4890182614326477,0.3444182276725769,-0.02525888942182064,0.46576783061027527,0.36014145612716675,-0.02877463586628437,0.5897756218910217,0.3989444673061371,-0.01726214960217476,0.5314915180206299,0.34475821256637573,-0.028203671798110008,0.4920755624771118,0.34676939249038696,-0.028944918885827065,0.4690433442592621,0.3587929308414459,-0.027537189424037933,0.5848193764686584,0.41585397720336914,-0.028641151264309883,0.5364817380905151,0.36530163884162903,-0.03759036213159561,0.5057100653648376,0.3548269271850586,-0.03698083013296127,0.48663902282714844,0.3585481643676758,-0.03461984172463417,0.0,0.0,0.0,0.0,0.0,0.0,0.0,0.0,0.0,0.0,0.0,0.0,0.0,0.0,0.0,0.0,0.0,0.0,0.0,0.0,0.0,0.0,0.0,0.0,0.0,0.0,0.0,0.0,0.0,0.0,0.0,0.0,0.0,0.0,0.0,0.0,0.0,0.0,0.0,0.0,0.0,0.0,0.0,0.0,0.0,0.0,0.0,0.0,0.0,0.0,0.0,0.0,0.0,0.0,0.0,0.0,0.0,0.0,0.0,0.0,0.0,0.0,0.0,drink
0.6496612429618835,0.5796382427215576,-3.841232967261021e-07,0.589657723903656,0.5723148584365845,0.005273074377328157,0.5470294952392578,0.5313864350318909,-0.0011559752747416496,0.5086390376091003,0.5148032903671265,-0.011748040094971657,0.4728328585624695,0.5074282884597778,-0.022036954760551453,0.5904594659805298,0.4248904585838318,-0.000883947592228651,0.531060516834259,0.3848186135292053,-0.021618608385324478,0.4868755638599396,0.401396244764328,-0.03788195550441742,0.4642179608345032,0.427484393119812,-0.04659207910299301,0.5927412509918213,0.42465606331825256,-0.014718739315867424,0.5222467184066772,0.37171587347984314,-0.029981562867760658,0.48085087537765503,0.393466979265213,-0.03904498368501663,0.4614640176296234,0.4205940365791321,-0.04449458792805672,0.5889918804168701,0.4410603642463684,-0.02966248244047165,0.522943377494812,0.384271502494812,-0.043714605271816254,0.4827256202697754,0.4031660854816437,-0.04608225077390671,0.4617964029312134,0.42881348729133606,-0.04621336609125137,0.5774334669113159,0.4722955524921417,-0.04434261471033096,0.5282999873161316,0.4276805818080902,-0.055307816714048386,0.4960651397705078,0.42876243591308594,-0.055784985423088074,0.4768705368041992,0.4421517252922058,-0.05479345843195915,0.0,0.0,0.0,0.0,0.0,0.0,0.0,0.0,0.0,0.0,0.0,0.0,0.0,0.0,0.0,0.0,0.0,0.0,0.0,0.0,0.0,0.0,0.0,0.0,0.0,0.0,0.0,0.0,0.0,0.0,0.0,0.0,0.0,0.0,0.0,0.0,0.0,0.0,0.0,0.0,0.0,0.0,0.0,0.0,0.0,0.0,0.0,0.0,0.0,0.0,0.0,0.0,0.0,0.0,0.0,0.0,0.0,0.0,0.0,0.0,0.0,0.0,0.0,drink
0.659404993057251,0.617119550704956,-4.2007175693470344e-07,0.5994265675544739,0.5993453860282898,0.01139556523412466,0.5578617453575134,0.5623866319656372,0.005247768014669418,0.5196559429168701,0.5488811731338501,-0.00576934264972806,0.4844576418399811,0.543285071849823,-0.01712002605199814,0.5996769070625305,0.4555209279060364,-0.005405156407505274,0.537640392780304,0.40195703506469727,-0.0261894091963768,0.4912896156311035,0.4176545739173889,-0.04045157879590988,0.4686632752418518,0.4468858540058136,-0.04681825265288353,0.6024038195610046,0.4625658392906189,-0.020917823538184166,0.5242080688476562,0.40794849395751953,-0.03673991560935974,0.47850027680397034,0.4322099983692169,-0.04472425952553749,0.4596613943576813,0.46250125765800476,-0.04942357912659645,0.5980629324913025,0.48355725407600403,-0.03636574745178223,0.524719774723053,0.42983314394950867,-0.04804839938879013,0.4821028709411621,0.4491453170776367,-0.050147466361522675,0.46195268630981445,0.4768774211406708,-0.05095718055963516,0.5868210196495056,0.5156654715538025,-0.05083628371357918,0.532404899597168,0.4709113836288452,-0.05886329337954521,0.49803775548934937,0.4727381765842438,-0.05867137014865875,0.4776425361633301,0.48719650506973267,-0.05765066668391228,0.0,0.0,0.0,0.0,0.0,0.0,0.0,0.0,0.0,0.0,0.0,0.0,0.0,0.0,0.0,0.0,0.0,0.0,0.0,0.0,0.0,0.0,0.0,0.0,0.0,0.0,0.0,0.0,0.0,0.0,0.0,0.0,0.0,0.0,0.0,0.0,0.0,0.0,0.0,0.0,0.0,0.0,0.0,0.0,0.0,0.0,0.0,0.0,0.0,0.0,0.0,0.0,0.0,0.0,0.0,0.0,0.0,0.0,0.0,0.0,0.0,0.0,0.0,drink
0.6700915098190308,0.6334584951400757,-3.8471645780191466e-07,0.6084248423576355,0.609953761100769,0.011292286217212677,0.5623897314071655,0.5719665288925171,0.005890428554266691,0.5219019651412964,0.5595541000366211,-0.00419134134426713,0.48647820949554443,0.5570982098579407,-0.014462350867688656,0.6017451286315918,0.466881662607193,-0.003713169600814581,0.5375356078147888,0.4180261194705963,-0.02441493608057499,0.49276238679885864,0.4344932734966278,-0.03877658769488335,0.4691256284713745,0.46150273084640503,-0.045495014637708664,0.6017066836357117,0.4769715666770935,-0.019303709268569946,0.5231484174728394,0.42621082067489624,-0.03584899380803108,0.47928544878959656,0.45207253098487854,-0.04425013065338135,0.46006616950035095,0.4829213321208954,-0.04891349375247955,0.5963915586471558,0.5017092823982239,-0.034985534846782684,0.5240150094032288,0.45785999298095703,-0.046511948108673096,0.48431241512298584,0.4780339002609253,-0.04936596378684044,0.4645423889160156,0.5035400390625,-0.050676535815000534,0.5868074297904968,0.5363517999649048,-0.049843680113554,0.5356940627098083,0.49934452772140503,-0.057879749685525894,0.5046957731246948,0.4959680140018463,-0.05942779779434204,0.4855707585811615,0.5018804669380188,-0.05989449471235275,0.0,0.0,0.0,0.0,0.0,0.0,0.0,0.0,0.0,0.0,0.0,0.0,0.0,0.0,0.0,0.0,0.0,0.0,0.0,0.0,0.0,0.0,0.0,0.0,0.0,0.0,0.0,0.0,0.0,0.0,0.0,0.0,0.0,0.0,0.0,0.0,0.0,0.0,0.0,0.0,0.0,0.0,0.0,0.0,0.0,0.0,0.0,0.0,0.0,0.0,0.0,0.0,0.0,0.0,0.0,0.0,0.0,0.0,0.0,0.0,0.0,0.0,0.0,drink
0.6688342690467834,0.6334825158119202,-3.2881149536478915e-07,0.6102429032325745,0.6087892055511475,0.012037728913128376,0.5637653470039368,0.5731678009033203,0.005059505347162485,0.5233651399612427,0.5609256029129028,-0.007014087866991758,0.4877288341522217,0.5574177503585815,-0.01934552565217018,0.6003193259239197,0.4668438136577606,-0.006467352621257305,0.5358217358589172,0.4186927080154419,-0.02790520340204239,0.49332180619239807,0.4378392696380615,-0.04228615388274193,0.4698634445667267,0.46786677837371826,-0.04875817522406578,0.6018670797348022,0.4777361750602722,-0.023062976077198982,0.521790087223053,0.42596563696861267,-0.04056011512875557,0.47862744331359863,0.45008477568626404,-0.049417391419410706,0.45765167474746704,0.48254460096359253,-0.054233551025390625,0.5980384349822998,0.5034900903701782,-0.039377544075250626,0.5237754583358765,0.45658084750175476,-0.05229858681559563,0.4841021001338959,0.47522783279418945,-0.05570147931575775,0.4622466564178467,0.5015537142753601,-0.056884076446294785,0.5889110565185547,0.5384719967842102,-0.05444466695189476,0.5350849032402039,0.49516409635543823,-0.06350132822990417,0.5032260417938232,0.49229976534843445,-0.06444701552391052,0.4819362163543701,0.5012421011924744,-0.06404050439596176,0.0,0.0,0.0,0.0,0.0,0.0,0.0,0.0,0.0,0.0,0.0,0.0,0.0,0.0,0.0,0.0,0.0,0.0,0.0,0.0,0.0,0.0,0.0,0.0,0.0,0.0,0.0,0.0,0.0,0.0,0.0,0.0,0.0,0.0,0.0,0.0,0.0,0.0,0.0,0.0,0.0,0.0,0.0,0.0,0.0,0.0,0.0,0.0,0.0,0.0,0.0,0.0,0.0,0.0,0.0,0.0,0.0,0.0,0.0,0.0,0.0,0.0,0.0,drink
0.6455631852149963,0.6159821152687073,-1.2183383546471305e-07,0.6095656156539917,0.5979263186454773,0.005447532515972853,0.5671846866607666,0.5692092776298523,-0.000593723205383867,0.5304850339889526,0.5646923780441284,-0.008659718558192253,0.4980154037475586,0.5634855031967163,-0.017106404528021812,0.6031164526939392,0.48351162672042847,-0.014562167227268219,0.5421134829521179,0.45347732305526733,-0.031849488615989685,0.49941128492355347,0.46365848183631897,-0.04112771898508072,0.473111629486084,0.48121917247772217,-0.04557302966713905,0.6054243445396423,0.48905572295188904,-0.028412986546754837,0.5361258387565613,0.44059598445892334,-0.04650097340345383,0.4921784996986389,0.4566144049167633,-0.05347644165158272,0.46605217456817627,0.4781578481197357,-0.05563151463866234,0.6022393703460693,0.5120707154273987,-0.041634704917669296,0.534643828868866,0.46831992268562317,-0.05940942466259003,0.4918581545352936,0.4819488823413849,-0.0639520063996315,0.4641592502593994,0.49952879548072815,-0.06388615071773529,0.5927602648735046,0.5483203530311584,-0.053490687161684036,0.5392604470252991,0.515751838684082,-0.07009204477071762,0.5040267705917358,0.5167781114578247,-0.07369229942560196,0.47909826040267944,0.525184690952301,-0.07341679185628891,0.6722206473350525,0.6537024974822998,-3.7160276633585454e-07,0.6096706390380859,0.6245854496955872,0.013145079836249352,0.564330518245697,0.588213324546814,0.007409763988107443,0.524657130241394,0.5730052590370178,-0.0030764727853238583,0.49263903498649597,0.5655593872070312,-0.013874993659555912,0.6093655228614807,0.48202335834503174,-0.0055532376281917095,0.5412176251411438,0.44156187772750854,-0.024484733119606972,0.5002085566520691,0.45410239696502686,-0.03820030763745308,0.4744887351989746,0.47538721561431885,-0.044916339218616486,0.6098900437355042,0.49658793210983276,-0.021847695112228394,0.5272883176803589,0.44815579056739807,-0.040091656148433685,0.4851384162902832,0.4714599847793579,-0.04991345480084419,0.46363329887390137,0.5018603801727295,-0.05497575178742409,0.6045534610748291,0.5243439078330994,-0.03724818304181099,0.5300644636154175,0.48227089643478394,-0.048761941492557526,0.48929858207702637,0.4976206123828888,-0.05220823734998703,0.46622273325920105,0.5203141570091248,-0.05344398692250252,0.5931544899940491,0.5610631108283997,-0.05149364098906517,0.5365795493125916,0.5255812406539917,-0.057479821145534515,0.5035880208015442,0.5259348750114441,-0.057322509586811066,0.48216554522514343,0.5356543064117432,-0.05654880031943321,drink
0.6733521819114685,0.6514738202095032,-3.091134033184062e-07,0.6131361126899719,0.6252259016036987,0.010829131118953228,0.5656955242156982,0.5933667421340942,0.003109821816906333,0.5254678130149841,0.5825819969177246,-0.008998454548418522,0.4936060905456543,0.5793284773826599,-0.02123451791703701,0.6086641550064087,0.48616111278533936,-0.009570966474711895,0.538579523563385,0.44337964057922363,-0.030210647732019424,0.4976356625556946,0.4584815502166748,-0.04439132660627365,0.472922146320343,0.4847946763038635,-0.050931960344314575,0.6082034111022949,0.4997735619544983,-0.024881234392523766,0.5250774621963501,0.4460429251194,-0.042497605085372925,0.4850553870201111,0.468929648399353,-0.05240417271852493,0.4654606580734253,0.5017015337944031,-0.05782923474907875,0.6034982204437256,0.5267838835716248,-0.03929344564676285,0.5298506617546082,0.47760841250419617,-0.05090390518307686,0.4914599061012268,0.49438226222991943,-0.05490940436720848,0.46987640857696533,0.5205038189888,-0.056594837456941605,0.5930792093276978,0.5625341534614563,-0.05246736481785774,0.5382183194160461,0.5207699537277222,-0.06006608158349991,0.5059139728546143,0.5186144709587097,-0.06067866459488869,0.4836465120315552,0.5282174348831177,-0.06012815609574318,0.0,0.0,0.0,0.0,0.0,0.0,0.0,0.0,0.0,0.0,0.0,0.0,0.0,0.0,0.0,0.0,0.0,0.0,0.0,0.0,0.0,0.0,0.0,0.0,0.0,0.0,0.0,0.0,0.0,0.0,0.0,0.0,0.0,0.0,0.0,0.0,0.0,0.0,0.0,0.0,0.0,0.0,0.0,0.0,0.0,0.0,0.0,0.0,0.0,0.0,0.0,0.0,0.0,0.0,0.0,0.0,0.0,0.0,0.0,0.0,0.0,0.0,0.0,drink
0.6491434574127197,0.6186966896057129,-8.812750706965744e-08,0.6130789518356323,0.616767942905426,-0.01604771986603737,0.566044807434082,0.5952720046043396,-0.027161866426467896,0.5235477685928345,0.5873926877975464,-0.03503792732954025,0.4894319176673889,0.5823904275894165,-0.04130153730511665,0.5985366106033325,0.5191559791564941,-0.026027584448456764,0.5449192523956299,0.48430517315864563,-0.04230419546365738,0.5056781768798828,0.488939493894577,-0.05196332931518555,0.4801715612411499,0.5025210976600647,-0.05648774653673172,0.6053563952445984,0.5022753477096558,-0.02466442435979843,0.5443469285964966,0.4572184979915619,-0.038441453129053116,0.5046480894088745,0.4638117849826813,-0.04325109347701073,0.479251503944397,0.4815734624862671,-0.045063566416502,0.605563223361969,0.5020341277122498,-0.024503421038389206,0.5471269488334656,0.457253634929657,-0.03730112314224243,0.5094295144081116,0.4628283977508545,-0.03992099687457085,0.4841582179069519,0.4803442358970642,-0.03961207717657089,0.5991825461387634,0.5161000490188599,-0.02505418471992016,0.5533996224403381,0.48296236991882324,-0.03682912513613701,0.5228675007820129,0.4799822270870209,-0.039499495178461075,0.4994344711303711,0.4901065528392792,-0.03918023034930229,0.6720188856124878,0.6536750197410583,-2.893783346280543e-07,0.6124752759933472,0.632308840751648,0.0053727030754089355,0.5635601878166199,0.5987667441368103,-0.004340944811701775,0.5216999650001526,0.5857287049293518,-0.017813974991440773,0.4872034788131714,0.5839397311210632,-0.030925225466489792,0.6059558987617493,0.4885196089744568,-0.009417125955224037,0.5401102900505066,0.44051820039749146,-0.030689535662531853,0.49645131826400757,0.45360368490219116,-0.04636067524552345,0.46863698959350586,0.47970664501190186,-0.054095495492219925,0.6084597110748291,0.4965623617172241,-0.022657601162791252,0.5269181728363037,0.4410805404186249,-0.04057394340634346,0.4834703207015991,0.45974284410476685,-0.05244586244225502,0.4618905186653137,0.49254053831100464,-0.05959537252783775,0.6057763695716858,0.5180582404136658,-0.03575722500681877,0.5330432653427124,0.4626501202583313,-0.04832649603486061,0.4908626675605774,0.47734177112579346,-0.05418882519006729,0.46740639209747314,0.5062893033027649,-0.057115066796541214,0.5961801409721375,0.5501024723052979,-0.048122137784957886,0.5392516851425171,0.5047605037689209,-0.05608599632978439,0.5054710507392883,0.5045269727706909,-0.05739934742450714,0.4835035800933838,0.5200901031494141,-0.05736297741532326,drink
0.6706864237785339,0.6462302803993225,-2.374168417418332e-07,0.6080678701400757,0.6354103088378906,0.0032069305889308453,0.5594027042388916,0.6026214361190796,-0.004458554554730654,0.5190832614898682,0.5887776017189026,-0.01581558957695961,0.4839057922363281,0.5820415616035461,-0.026991548016667366,0.5992002487182617,0.48335516452789307,-6.297034997260198e-05,0.5479861497879028,0.43600839376449585,-0.015482908114790916,0.5092329978942871,0.43752405047416687,-0.02897925116121769,0.4811326265335083,0.4508412182331085,-0.037072017788887024,0.6062459945678711,0.4847383499145508,-0.011818085797131062,0.535431981086731,0.4380686283111572,-0.02485685795545578,0.49335891008377075,0.446028470993042,-0.03567492216825485,0.46874868869781494,0.46807754039764404,-0.04369504749774933,0.6063818335533142,0.5027469992637634,-0.024572206661105156,0.5395879745483398,0.4515593945980072,-0.036338742822408676,0.4959487020969391,0.4565494656562805,-0.0420546755194664,0.46795570850372314,0.4757649302482605,-0.045624908059835434,0.5981839299201965,0.533086359500885,-0.03695937618613243,0.5459803938865662,0.48693612217903137,-0.04629762843251228,0.5132560729980469,0.4783470928668976,-0.048607032746076584,0.48955586552619934,0.4855903387069702,-0.0495431162416935,0.0,0.0,0.0,0.0,0.0,0.0,0.0,0.0,0.0,0.0,0.0,0.0,0.0,0.0,0.0,0.0,0.0,0.0,0.0,0.0,0.0,0.0,0.0,0.0,0.0,0.0,0.0,0.0,0.0,0.0,0.0,0.0,0.0,0.0,0.0,0.0,0.0,0.0,0.0,0.0,0.0,0.0,0.0,0.0,0.0,0.0,0.0,0.0,0.0,0.0,0.0,0.0,0.0,0.0,0.0,0.0,0.0,0.0,0.0,0.0,0.0,0.0,0.0,drink
0.6537818312644958,0.6276322603225708,1.5022915134110804e-09,0.6124485731124878,0.6405722498893738,-0.01960008218884468,0.5630844831466675,0.6111590266227722,-0.02879481390118599,0.5227966904640198,0.5899226665496826,-0.034870535135269165,0.4873589873313904,0.5808796286582947,-0.03875959664583206,0.6038146018981934,0.5068206787109375,-0.014414540491998196,0.5654382705688477,0.4585529863834381,-0.023038268089294434,0.5296932458877563,0.4470227360725403,-0.030036821961402893,0.5034635066986084,0.4502831995487213,-0.0343179926276207,0.6107451319694519,0.4961026608943939,-0.010038166306912899,0.562915027141571,0.4520827829837799,-0.015448546037077904,0.5242242217063904,0.44677790999412537,-0.01899736188352108,0.496229350566864,0.4525150954723358,-0.021443933248519897,0.6101647019386292,0.49841833114624023,-0.007889346219599247,0.5627539753913879,0.45236441493034363,-0.013134379871189594,0.5268816351890564,0.4451630711555481,-0.014544004574418068,0.5003771781921387,0.44914501905441284,-0.014991354197263718,0.6025821566581726,0.5126520991325378,-0.007633711211383343,0.5638605952262878,0.4733852744102478,-0.014295211993157864,0.5364167094230652,0.45778408646583557,-0.016560198739171028,0.5150259137153625,0.4529610276222229,-0.01675252616405487,0.6689772605895996,0.6448620557785034,-2.2516604758493486e-07,0.6081504225730896,0.6354684233665466,0.002772077452391386,0.559508204460144,0.6025694608688354,-0.0051930127665400505,0.5193616151809692,0.5881003141403198,-0.01645781844854355,0.48448407649993896,0.5814111828804016,-0.027469433844089508,0.6014459133148193,0.4845452904701233,-0.0021443250589072704,0.5498781204223633,0.437528520822525,-0.01782829686999321,0.5097907185554504,0.4372819662094116,-0.031015144661068916,0.48095113039016724,0.4503192901611328,-0.038785114884376526,0.6075246930122375,0.48626086115837097,-0.013891809619963169,0.537213921546936,0.4377548098564148,-0.027014927938580513,0.4946558177471161,0.44466471672058105,-0.037072937935590744,0.4691033661365509,0.4654715955257416,-0.04424969479441643,0.6067031025886536,0.5039281249046326,-0.026511594653129578,0.5401100516319275,0.45117881894111633,-0.03801511973142624,0.4966357946395874,0.4547322392463684,-0.042847294360399246,0.4685547947883606,0.4723316729068756,-0.045717544853687286,0.597518265247345,0.5339353680610657,-0.038826871663331985,0.546129584312439,0.4862625300884247,-0.04812150076031685,0.5140371322631836,0.47599175572395325,-0.05002404749393463,0.4911099970340729,0.4812135398387909,-0.050507813692092896,drink
0.6619114279747009,0.6299318075180054,-2.536880003844999e-07,0.6057684421539307,0.6251636147499084,-8.670850365888327e-05,0.5579366683959961,0.5858354568481445,-0.0065371328964829445,0.5181311368942261,0.5668957233428955,-0.016596179455518723,0.48258259892463684,0.5628147125244141,-0.025529935956001282,0.5913581848144531,0.47060245275497437,0.006551086436957121,0.5425678491592407,0.4269651174545288,-0.012159219942986965,0.5018179416656494,0.4342515766620636,-0.02830163761973381,0.4770611524581909,0.4549609422683716,-0.03701077774167061,0.5985801219940186,0.4650922417640686,-0.004445231053978205,0.534726083278656,0.41699135303497314,-0.019356053322553635,0.4928700923919678,0.4293115735054016,-0.029026154428720474,0.46910572052001953,0.45244288444519043,-0.03407512977719307,0.6010717749595642,0.4754195809364319,-0.018216120079159737,0.5386422276496887,0.4234272539615631,-0.030694128945469856,0.4972016215324402,0.43263134360313416,-0.033225852996110916,0.47222980856895447,0.45118165016174316,-0.03307501971721649,0.5972231030464172,0.497637003660202,-0.032822657376527786,0.5531150102615356,0.44837769865989685,-0.041826024651527405,0.5236176252365112,0.43616002798080444,-0.042763564735651016,0.5028423070907593,0.43520939350128174,-0.041873082518577576,0.0,0.0,0.0,0.0,0.0,0.0,0.0,0.0,0.0,0.0,0.0,0.0,0.0,0.0,0.0,0.0,0.0,0.0,0.0,0.0,0.0,0.0,0.0,0.0,0.0,0.0,0.0,0.0,0.0,0.0,0.0,0.0,0.0,0.0,0.0,0.0,0.0,0.0,0.0,0.0,0.0,0.0,0.0,0.0,0.0,0.0,0.0,0.0,0.0,0.0,0.0,0.0,0.0,0.0,0.0,0.0,0.0,0.0,0.0,0.0,0.0,0.0,0.0,drink
0.6543010473251343,0.617064893245697,-3.285516640971764e-07,0.6038477420806885,0.6129200458526611,-0.0019566360861063004,0.5558403730392456,0.5747391581535339,-0.006464483682066202,0.5163395404815674,0.5544503927230835,-0.015375697985291481,0.48198139667510986,0.5450862050056458,-0.02250264212489128,0.5808570384979248,0.46177446842193604,0.015664637088775635,0.538753092288971,0.42198503017425537,-0.002783446339890361,0.5009050965309143,0.4310922622680664,-0.02010692097246647,0.4807876944541931,0.45283398032188416,-0.02965349145233631,0.5873130559921265,0.4512436091899872,0.005178714636713266,0.5307474732398987,0.4059949517250061,-0.009333502501249313,0.49352824687957764,0.4202742278575897,-0.02031802013516426,0.47417131066322327,0.44582822918891907,-0.025799166411161423,0.591919481754303,0.4529021978378296,-0.009249066933989525,0.5340778827667236,0.4049079418182373,-0.021953856572508812,0.4971909523010254,0.41904014348983765,-0.024892574176192284,0.4771115481853485,0.44240322709083557,-0.02428225800395012,0.5926192998886108,0.46536996960639954,-0.025201253592967987,0.5462979078292847,0.4189206063747406,-0.03404415771365166,0.5152273774147034,0.41188693046569824,-0.0347730852663517,0.49447792768478394,0.41887786984443665,-0.03334398195147514,0.0,0.0,0.0,0.0,0.0,0.0,0.0,0.0,0.0,0.0,0.0,0.0,0.0,0.0,0.0,0.0,0.0,0.0,0.0,0.0,0.0,0.0,0.0,0.0,0.0,0.0,0.0,0.0,0.0,0.0,0.0,0.0,0.0,0.0,0.0,0.0,0.0,0.0,0.0,0.0,0.0,0.0,0.0,0.0,0.0,0.0,0.0,0.0,0.0,0.0,0.0,0.0,0.0,0.0,0.0,0.0,0.0,0.0,0.0,0.0,0.0,0.0,0.0,drink
0.651755154132843,0.5874276161193848,-2.1945012917967688e-07,0.6003896594047546,0.5822321176528931,-0.0028153141029179096,0.5529565215110779,0.5489500164985657,-0.006132510025054216,0.5144791603088379,0.5297846794128418,-0.01398990023881197,0.4810371398925781,0.5137301087379456,-0.020769594237208366,0.5603950023651123,0.45188504457473755,0.021703990176320076,0.5238677263259888,0.41645348072052,0.005374524276703596,0.49034279584884644,0.414157897233963,-0.012096191756427288,0.46632614731788635,0.42461147904396057,-0.022227922454476357,0.5670220851898193,0.436435341835022,0.012584349140524864,0.5245230793952942,0.3940644860267639,0.0002725995145738125,0.49062246084213257,0.39452019333839417,-0.01120419055223465,0.4649347960948944,0.4076068699359894,-0.017287833616137505,0.5765295028686523,0.4291907250881195,-0.0008933041244745255,0.5348777174949646,0.3829646706581116,-0.010802648961544037,0.5010011196136475,0.3801523745059967,-0.013759095221757889,0.4751354455947876,0.38806629180908203,-0.013687078841030598,0.5873419642448425,0.42962443828582764,-0.0163942351937294,0.5556181073188782,0.3833126425743103,-0.022039081901311874,0.5292534232139587,0.36449679732322693,-0.02188800275325775,0.5055263638496399,0.35701361298561096,-0.020403733476996422,0.0,0.0,0.0,0.0,0.0,0.0,0.0,0.0,0.0,0.0,0.0,0.0,0.0,0.0,0.0,0.0,0.0,0.0,0.0,0.0,0.0,0.0,0.0,0.0,0.0,0.0,0.0,0.0,0.0,0.0,0.0,0.0,0.0,0.0,0.0,0.0,0.0,0.0,0.0,0.0,0.0,0.0,0.0,0.0,0.0,0.0,0.0,0.0,0.0,0.0,0.0,0.0,0.0,0.0,0.0,0.0,0.0,0.0,0.0,0.0,0.0,0.0,0.0,drink
0.6508501172065735,0.5812020897865295,-1.6214229958677606e-07,0.6026151776313782,0.5823321342468262,-0.003205426037311554,0.5528658032417297,0.5494823455810547,-0.0042564766481518745,0.5144779682159424,0.5270723700523376,-0.009285343810915947,0.48159873485565186,0.5100984573364258,-0.012817619368433952,0.5595066547393799,0.45342254638671875,0.022353805601596832,0.5269314646720886,0.4129103422164917,0.009855193085968494,0.49649012088775635,0.4055534899234772,-0.004718744195997715,0.47188395261764526,0.4097728729248047,-0.014093214645981789,0.566195011138916,0.43849584460258484,0.014255967922508717,0.5284379124641418,0.3957681655883789,0.004306615795940161,0.4986242949962616,0.3894910216331482,-0.006018357817083597,0.4740866422653198,0.3943747580051422,-0.012200610712170601,0.5752314925193787,0.4298480749130249,0.0020812463480979204,0.5372737050056458,0.38671875,-0.006228380836546421,0.507399320602417,0.3780268430709839,-0.00861009955406189,0.4826310873031616,0.37756896018981934,-0.009051596745848656,0.5851082801818848,0.42725110054016113,-0.012134329415857792,0.5545028448104858,0.38492637872695923,-0.017070895060896873,0.5297358632087708,0.3665468692779541,-0.016647716984152794,0.5077089071273804,0.3576368987560272,-0.015491371974349022,0.0,0.0,0.0,0.0,0.0,0.0,0.0,0.0,0.0,0.0,0.0,0.0,0.0,0.0,0.0,0.0,0.0,0.0,0.0,0.0,0.0,0.0,0.0,0.0,0.0,0.0,0.0,0.0,0.0,0.0,0.0,0.0,0.0,0.0,0.0,0.0,0.0,0.0,0.0,0.0,0.0,0.0,0.0,0.0,0.0,0.0,0.0,0.0,0.0,0.0,0.0,0.0,0.0,0.0,0.0,0.0,0.0,0.0,0.0,0.0,0.0,0.0,0.0,drink
0.6431305408477783,0.5390920042991638,-2.1101872960116452e-07,0.5946710705757141,0.5445554256439209,-0.003105136565864086,0.5441279411315918,0.5229165554046631,-0.00364863034337759,0.5049576163291931,0.5058161616325378,-0.008520230650901794,0.47082316875457764,0.49513062834739685,-0.012112712487578392,0.5442439913749695,0.43834030628204346,0.0253994632512331,0.5073297023773193,0.4131578803062439,0.012969443574547768,0.4807172119617462,0.4173157811164856,-0.002617737976834178,0.4602647125720978,0.43126675486564636,-0.012097662314772606,0.5490531325340271,0.41635453701019287,0.017738383263349533,0.508215606212616,0.3794000744819641,0.007958762347698212,0.47558486461639404,0.3832618296146393,-0.004297927487641573,0.45040977001190186,0.4016791880130768,-0.011696066707372665,0.5583969354629517,0.3999999165534973,0.0057600028812885284,0.5204153060913086,0.3549596667289734,-0.003462474560365081,0.4859119951725006,0.360798180103302,-0.01044680830091238,0.46114587783813477,0.38143593072891235,-0.013287680223584175,0.5714143514633179,0.3885877728462219,-0.007914802059531212,0.5367089509963989,0.3482350707054138,-0.01329957414418459,0.5065918564796448,0.3469773530960083,-0.015117394737899303,0.48275890946388245,0.3604983389377594,-0.015502781607210636,0.0,0.0,0.0,0.0,0.0,0.0,0.0,0.0,0.0,0.0,0.0,0.0,0.0,0.0,0.0,0.0,0.0,0.0,0.0,0.0,0.0,0.0,0.0,0.0,0.0,0.0,0.0,0.0,0.0,0.0,0.0,0.0,0.0,0.0,0.0,0.0,0.0,0.0,0.0,0.0,0.0,0.0,0.0,0.0,0.0,0.0,0.0,0.0,0.0,0.0,0.0,0.0,0.0,0.0,0.0,0.0,0.0,0.0,0.0,0.0,0.0,0.0,0.0,drink
0.6324383020401001,0.5129396915435791,-2.328137043150491e-07,0.5895260572433472,0.5233827829360962,-0.0037879268638789654,0.5394629240036011,0.5091847777366638,-0.002996991155669093,0.49855977296829224,0.49378496408462524,-0.006447966210544109,0.4631483256816864,0.4771997332572937,-0.008571580052375793,0.5366947054862976,0.4221651256084442,0.02843622677028179,0.49868565797805786,0.4045822024345398,0.018747398629784584,0.47193536162376404,0.41155365109443665,0.005048176273703575,0.4517349600791931,0.4260110855102539,-0.003340402850881219,0.539559543132782,0.3972399830818176,0.02270692028105259,0.49753323197364807,0.3683566749095917,0.015038684941828251,0.4673505425453186,0.37805211544036865,0.004021029453724623,0.44557034969329834,0.4005981385707855,-0.002142875222489238,0.5475829243659973,0.3765542507171631,0.012590494006872177,0.5082029700279236,0.33654066920280457,0.005603371653705835,0.47679245471954346,0.34244418144226074,0.00023397199402097613,0.4535978138446808,0.362958163022995,-0.001435495913028717,0.5596873760223389,0.36116576194763184,0.0006197401671670377,0.5284720063209534,0.323574423789978,-0.003723291913047433,0.5010027885437012,0.31806159019470215,-0.0053848521783947945,0.47784876823425293,0.32877838611602783,-0.005282185506075621,0.0,0.0,0.0,0.0,0.0,0.0,0.0,0.0,0.0,0.0,0.0,0.0,0.0,0.0,0.0,0.0,0.0,0.0,0.0,0.0,0.0,0.0,0.0,0.0,0.0,0.0,0.0,0.0,0.0,0.0,0.0,0.0,0.0,0.0,0.0,0.0,0.0,0.0,0.0,0.0,0.0,0.0,0.0,0.0,0.0,0.0,0.0,0.0,0.0,0.0,0.0,0.0,0.0,0.0,0.0,0.0,0.0,0.0,0.0,0.0,0.0,0.0,0.0,drink
0.6333200931549072,0.5070841312408447,-2.5736582642821304e-07,0.5913126468658447,0.5260564088821411,-0.003538835793733597,0.53802490234375,0.5094220638275146,-0.0016645834548398852,0.4966941773891449,0.4905698597431183,-0.0036633433774113655,0.4611089527606964,0.4795033633708954,-0.004357777535915375,0.5339686274528503,0.42348960041999817,0.028269169852137566,0.4985728859901428,0.40554410219192505,0.020459547638893127,0.47315359115600586,0.4112531244754791,0.008078282698988914,0.45326370000839233,0.42405322194099426,-0.00017693526751827449,0.5361732840538025,0.39733076095581055,0.022648241370916367,0.49512022733688354,0.3709973692893982,0.01641763374209404,0.4674701988697052,0.3767402768135071,0.006377051118761301,0.44758233428001404,0.3945980668067932,0.00033860249095596373,0.544780969619751,0.37564224004745483,0.01288404781371355,0.5040811896324158,0.34065505862236023,0.00690103555098176,0.4754273295402527,0.34315502643585205,0.002607346512377262,0.4541027545928955,0.35976383090019226,0.0012057123240083456,0.5589967370033264,0.35709887742996216,0.0012537190923467278,0.5266058444976807,0.3223538100719452,-0.0025980283971875906,0.5006037950515747,0.3155139088630676,-0.003710345830768347,0.47882476449012756,0.32351547479629517,-0.003499434795230627,0.0,0.0,0.0,0.0,0.0,0.0,0.0,0.0,0.0,0.0,0.0,0.0,0.0,0.0,0.0,0.0,0.0,0.0,0.0,0.0,0.0,0.0,0.0,0.0,0.0,0.0,0.0,0.0,0.0,0.0,0.0,0.0,0.0,0.0,0.0,0.0,0.0,0.0,0.0,0.0,0.0,0.0,0.0,0.0,0.0,0.0,0.0,0.0,0.0,0.0,0.0,0.0,0.0,0.0,0.0,0.0,0.0,0.0,0.0,0.0,0.0,0.0,0.0,drink
0.6336812973022461,0.5071669816970825,-2.3944159011080046e-07,0.5913077592849731,0.5262983441352844,-0.004295310936868191,0.5375989675521851,0.5094677805900574,-0.0026977555826306343,0.49619346857070923,0.4904925227165222,-0.004680515266954899,0.4601799249649048,0.4782363176345825,-0.005056512542068958,0.5312063694000244,0.4183579087257385,0.027721291407942772,0.49619945883750916,0.39853113889694214,0.0191863514482975,0.4717950224876404,0.4052775502204895,0.006370076909661293,0.4521368741989136,0.4209205210208893,-0.0019635213539004326,0.5346251130104065,0.39360395073890686,0.02250070683658123,0.49437689781188965,0.3672073185443878,0.01596643403172493,0.46817630529403687,0.37346717715263367,0.00589428236708045,0.44878673553466797,0.39183732867240906,-0.00010028352699009702,0.5442038178443909,0.37361031770706177,0.012947170063853264,0.5038488507270813,0.3389381170272827,0.006636033765971661,0.47613903880119324,0.34168708324432373,0.002442380180582404,0.45462408661842346,0.3581628203392029,0.001050888211466372,0.5591053366661072,0.3573484718799591,0.0014588494086638093,0.5270929932594299,0.3225128650665283,-0.002853050595149398,0.5018303990364075,0.31486180424690247,-0.00438741035759449,0.47975659370422363,0.3210735023021698,-0.004499400034546852,0.0,0.0,0.0,0.0,0.0,0.0,0.0,0.0,0.0,0.0,0.0,0.0,0.0,0.0,0.0,0.0,0.0,0.0,0.0,0.0,0.0,0.0,0.0,0.0,0.0,0.0,0.0,0.0,0.0,0.0,0.0,0.0,0.0,0.0,0.0,0.0,0.0,0.0,0.0,0.0,0.0,0.0,0.0,0.0,0.0,0.0,0.0,0.0,0.0,0.0,0.0,0.0,0.0,0.0,0.0,0.0,0.0,0.0,0.0,0.0,0.0,0.0,0.0,drink
0.6332707405090332,0.5056339502334595,-2.6448236667420133e-07,0.589645504951477,0.5261653065681458,0.0009363646386191249,0.5353281497955322,0.509637713432312,0.007074532099068165,0.4936479926109314,0.49185341596603394,0.008327393792569637,0.4580456614494324,0.480340838432312,0.01072427537292242,0.5366220474243164,0.42514240741729736,0.03841482475399971,0.4996202886104584,0.40688732266426086,0.03544241189956665,0.4722830653190613,0.4122343361377716,0.02639324590563774,0.4508628845214844,0.42478102445602417,0.020192377269268036,0.5388979315757751,0.39909523725509644,0.031704265624284744,0.49754631519317627,0.37380874156951904,0.029954414814710617,0.46793949604034424,0.3807169497013092,0.021322809159755707,0.4466131627559662,0.3982834219932556,0.01586308516561985,0.5455981492996216,0.37631818652153015,0.020874135196208954,0.5039678812026978,0.34431910514831543,0.018043724820017815,0.4742569923400879,0.35089918971061707,0.013869600370526314,0.4532482922077179,0.3702701926231384,0.01228113193064928,0.5556260347366333,0.3556234538555145,0.008510010316967964,0.519589364528656,0.32427871227264404,0.00678081251680851,0.4915047585964203,0.3230057954788208,0.006183560937643051,0.46991485357284546,0.3356183171272278,0.006606617942452431,0.0,0.0,0.0,0.0,0.0,0.0,0.0,0.0,0.0,0.0,0.0,0.0,0.0,0.0,0.0,0.0,0.0,0.0,0.0,0.0,0.0,0.0,0.0,0.0,0.0,0.0,0.0,0.0,0.0,0.0,0.0,0.0,0.0,0.0,0.0,0.0,0.0,0.0,0.0,0.0,0.0,0.0,0.0,0.0,0.0,0.0,0.0,0.0,0.0,0.0,0.0,0.0,0.0,0.0,0.0,0.0,0.0,0.0,0.0,0.0,0.0,0.0,0.0,drink
0.6342085599899292,0.5093413591384888,-2.263484333298038e-07,0.5913420915603638,0.5293554663658142,-0.0028796622063964605,0.5389426946640015,0.5165212154388428,0.0004577288927976042,0.4968807101249695,0.5000064969062805,-0.0006082524196244776,0.4611321687698364,0.4844791889190674,-0.0002653078699950129,0.5379050374031067,0.4304763078689575,0.034962136298418045,0.5011512041091919,0.4151901304721832,0.031014442443847656,0.47446662187576294,0.42002737522125244,0.021455176174640656,0.4536687135696411,0.43048715591430664,0.01462666317820549,0.5402492880821228,0.4039434492588043,0.02913258597254753,0.49841606616973877,0.37983548641204834,0.02659994550049305,0.4688955247402191,0.38567644357681274,0.018140526488423347,0.4473012387752533,0.4013761878013611,0.01245626900345087,0.5466604828834534,0.3815684914588928,0.01872875913977623,0.5055446624755859,0.3500450849533081,0.014021058566868305,0.47517117857933044,0.35559332370758057,0.009725014679133892,0.4535135328769684,0.3741266429424286,0.008063656277954578,0.5563448071479797,0.3623868525028229,0.006447472609579563,0.5208559036254883,0.33177870512008667,0.0024081189185380936,0.4917195737361908,0.33063772320747375,0.0009040012955665588,0.46898168325424194,0.34385251998901367,0.0007129681180231273,0.0,0.0,0.0,0.0,0.0,0.0,0.0,0.0,0.0,0.0,0.0,0.0,0.0,0.0,0.0,0.0,0.0,0.0,0.0,0.0,0.0,0.0,0.0,0.0,0.0,0.0,0.0,0.0,0.0,0.0,0.0,0.0,0.0,0.0,0.0,0.0,0.0,0.0,0.0,0.0,0.0,0.0,0.0,0.0,0.0,0.0,0.0,0.0,0.0,0.0,0.0,0.0,0.0,0.0,0.0,0.0,0.0,0.0,0.0,0.0,0.0,0.0,0.0,drink
0.6393775939941406,0.5239536762237549,-2.465117177052889e-07,0.598839521408081,0.5422114133834839,-0.0031063759233802557,0.5433123707771301,0.5255524516105652,0.0008354858146049082,0.500841498374939,0.5081543326377869,0.0008243898628279567,0.4658011496067047,0.4925616681575775,0.0021948283538222313,0.5442938804626465,0.44138142466545105,0.03169902041554451,0.5082032084465027,0.42574045062065125,0.028159208595752716,0.48092275857925415,0.4289105236530304,0.01943878084421158,0.45929276943206787,0.4372692406177521,0.012760828249156475,0.5465341210365295,0.4155946969985962,0.02599061094224453,0.50522381067276,0.38955220580101013,0.023535799235105515,0.4737648367881775,0.3933979868888855,0.01604888029396534,0.4492758810520172,0.4071841835975647,0.010690988972783089,0.5530728101730347,0.3940248489379883,0.015919910743832588,0.5122130513191223,0.35806235671043396,0.010035984218120575,0.48007091879844666,0.3644934892654419,0.005234170705080032,0.4563681185245514,0.38395196199417114,0.003220408223569393,0.5624077916145325,0.37595194578170776,0.004144227597862482,0.5257676243782043,0.34385719895362854,-0.0017849728465080261,0.49574774503707886,0.34508487582206726,-0.004574722144752741,0.47199514508247375,0.3592625856399536,-0.0057370723225176334,0.0,0.0,0.0,0.0,0.0,0.0,0.0,0.0,0.0,0.0,0.0,0.0,0.0,0.0,0.0,0.0,0.0,0.0,0.0,0.0,0.0,0.0,0.0,0.0,0.0,0.0,0.0,0.0,0.0,0.0,0.0,0.0,0.0,0.0,0.0,0.0,0.0,0.0,0.0,0.0,0.0,0.0,0.0,0.0,0.0,0.0,0.0,0.0,0.0,0.0,0.0,0.0,0.0,0.0,0.0,0.0,0.0,0.0,0.0,0.0,0.0,0.0,0.0,drink
0.6414564251899719,0.5358126163482666,-2.4593208536316524e-07,0.5983591675758362,0.5525182485580444,-0.0024028767365962267,0.5413745641708374,0.5279162526130676,0.00021176435984671116,0.5001960396766663,0.5072324275970459,-0.0014591399813070893,0.46391773223876953,0.4962823987007141,-0.001739298109896481,0.5446941256523132,0.4428759813308716,0.027799447998404503,0.5088794827461243,0.4202641248703003,0.020317651331424713,0.4801095128059387,0.4239664077758789,0.009875004179775715,0.4578966498374939,0.43749430775642395,0.0031013565603643656,0.5497534275054932,0.4189036190509796,0.020134732127189636,0.5101626515388489,0.38118302822113037,0.014560932293534279,0.4769250154495239,0.38732290267944336,0.006956666242331266,0.4512444734573364,0.40626823902130127,0.0024503380991518497,0.5584137439727783,0.40090054273605347,0.008205393329262733,0.5192914605140686,0.35158592462539673,0.00017274678975809366,0.4841644763946533,0.358523428440094,-0.0036106836050748825,0.45938876271247864,0.37956956028938293,-0.004387482535094023,0.5681585669517517,0.38917186856269836,-0.005350052844733,0.5300620198249817,0.35026586055755615,-0.01283822488039732,0.4977310299873352,0.3536991477012634,-0.01479235291481018,0.47378069162368774,0.37007004022598267,-0.01492383610457182,0.0,0.0,0.0,0.0,0.0,0.0,0.0,0.0,0.0,0.0,0.0,0.0,0.0,0.0,0.0,0.0,0.0,0.0,0.0,0.0,0.0,0.0,0.0,0.0,0.0,0.0,0.0,0.0,0.0,0.0,0.0,0.0,0.0,0.0,0.0,0.0,0.0,0.0,0.0,0.0,0.0,0.0,0.0,0.0,0.0,0.0,0.0,0.0,0.0,0.0,0.0,0.0,0.0,0.0,0.0,0.0,0.0,0.0,0.0,0.0,0.0,0.0,0.0,drink
0.6447314023971558,0.536903440952301,-2.5280380100412003e-07,0.598314642906189,0.5517698526382446,-0.0023300403263419867,0.5417037606239319,0.5271873474121094,0.0006505883648060262,0.500262975692749,0.5062596797943115,-0.0008288171957246959,0.4640939235687256,0.4968787133693695,-0.001138287247158587,0.5457236170768738,0.4467989504337311,0.03025425411760807,0.5097011923789978,0.4250890612602234,0.023154456168413162,0.4809812903404236,0.4277230501174927,0.012323780916631222,0.4577004313468933,0.4392107129096985,0.005152619909495115,0.550240159034729,0.4229607880115509,0.02286887727677822,0.5101581811904907,0.38731062412261963,0.017512062564492226,0.4774341285228729,0.3906005918979645,0.00924480240792036,0.45122793316841125,0.4065988063812256,0.004157826770097017,0.5588815808296204,0.4043842852115631,0.01103130541741848,0.5204311609268188,0.3599972724914551,0.0038711370434612036,0.4863377809524536,0.3628080189228058,-0.0003607869439292699,0.46091514825820923,0.3804393410682678,-0.0016700157430022955,0.5692759156227112,0.390586793422699,-0.0025535791646689177,0.5330364108085632,0.3532316982746124,-0.008471842855215073,0.502399206161499,0.35174548625946045,-0.009961577132344246,0.47849732637405396,0.36407965421676636,-0.010066353715956211,0.0,0.0,0.0,0.0,0.0,0.0,0.0,0.0,0.0,0.0,0.0,0.0,0.0,0.0,0.0,0.0,0.0,0.0,0.0,0.0,0.0,0.0,0.0,0.0,0.0,0.0,0.0,0.0,0.0,0.0,0.0,0.0,0.0,0.0,0.0,0.0,0.0,0.0,0.0,0.0,0.0,0.0,0.0,0.0,0.0,0.0,0.0,0.0,0.0,0.0,0.0,0.0,0.0,0.0,0.0,0.0,0.0,0.0,0.0,0.0,0.0,0.0,0.0,drink
0.6471557021141052,0.5706713795661926,-2.255234647918769e-07,0.5958659648895264,0.5768947601318359,0.005466023925691843,0.5422605872154236,0.5365601778030396,0.007946756668388844,0.504696249961853,0.514962375164032,0.0044456301257014275,0.469216525554657,0.5028477311134338,0.0021295095793902874,0.5638912320137024,0.434527724981308,0.027376441285014153,0.5249685645103455,0.39398470520973206,0.016352452337741852,0.4893413782119751,0.3987131118774414,0.0031026850920170546,0.46268755197525024,0.4173094630241394,-0.00503525510430336,0.5736783742904663,0.41958361864089966,0.01334112137556076,0.5282624363899231,0.3711700737476349,0.0033967175986617804,0.48601412773132324,0.38218802213668823,-0.007356063462793827,0.4564829170703888,0.40685075521469116,-0.013744564726948738,0.5819542407989502,0.4153907299041748,-0.003946458920836449,0.5350324511528015,0.36084914207458496,-0.0142117440700531,0.4921833872795105,0.3707105219364166,-0.019120169803500175,0.4632342457771301,0.3923432230949402,-0.020458964630961418,0.5855308771133423,0.4220529794692993,-0.02210385538637638,0.5434033870697021,0.3696743845939636,-0.030192000791430473,0.5089865326881409,0.3676351308822632,-0.03168810158967972,0.4850604236125946,0.38081616163253784,-0.031433019787073135,0.0,0.0,0.0,0.0,0.0,0.0,0.0,0.0,0.0,0.0,0.0,0.0,0.0,0.0,0.0,0.0,0.0,0.0,0.0,0.0,0.0,0.0,0.0,0.0,0.0,0.0,0.0,0.0,0.0,0.0,0.0,0.0,0.0,0.0,0.0,0.0,0.0,0.0,0.0,0.0,0.0,0.0,0.0,0.0,0.0,0.0,0.0,0.0,0.0,0.0,0.0,0.0,0.0,0.0,0.0,0.0,0.0,0.0,0.0,0.0,0.0,0.0,0.0,drink
0.6572359204292297,0.6161279082298279,-1.0406691330899775e-07,0.5928890705108643,0.5919692516326904,0.01170371938496828,0.5521325469017029,0.5451604127883911,0.009075756184756756,0.5148677229881287,0.5229937434196472,0.0009729366865940392,0.48133355379104614,0.5170869827270508,-0.008166491985321045,0.6022338271141052,0.4497452676296234,0.015489824116230011,0.5536695122718811,0.4153025150299072,0.004492186009883881,0.5243740081787109,0.3991929590702057,-0.00863340962678194,0.5003165602684021,0.3892626166343689,-0.018264101818203926,0.6050661206245422,0.45405814051628113,-0.0014092610217630863,0.5508617758750916,0.40725177526474,-0.009596290066838264,0.5191129446029663,0.3868756592273712,-0.020765818655490875,0.48975467681884766,0.3727632761001587,-0.029925331473350525,0.60196453332901,0.4725548028945923,-0.01881352998316288,0.5503458976745605,0.4184039533138275,-0.026290958747267723,0.5200031399726868,0.3930126130580902,-0.02915523387491703,0.49405908584594727,0.37348684668540955,-0.031885143369436264,0.590082585811615,0.5046349167823792,-0.035750191658735275,0.5555197596549988,0.4604322016239166,-0.04015639051795006,0.5349207520484924,0.4290389120578766,-0.038479965180158615,0.5173869729042053,0.4027247428894043,-0.03806177154183388,0.0,0.0,0.0,0.0,0.0,0.0,0.0,0.0,0.0,0.0,0.0,0.0,0.0,0.0,0.0,0.0,0.0,0.0,0.0,0.0,0.0,0.0,0.0,0.0,0.0,0.0,0.0,0.0,0.0,0.0,0.0,0.0,0.0,0.0,0.0,0.0,0.0,0.0,0.0,0.0,0.0,0.0,0.0,0.0,0.0,0.0,0.0,0.0,0.0,0.0,0.0,0.0,0.0,0.0,0.0,0.0,0.0,0.0,0.0,0.0,0.0,0.0,0.0,drink
0.653652548789978,0.6399673223495483,-1.7468228463712876e-07,0.5981320738792419,0.6030299067497253,0.008485407568514347,0.5538272261619568,0.5683981776237488,-2.7758955184253864e-05,0.5123149156570435,0.5558332800865173,-0.013219191692769527,0.4761108160018921,0.549845814704895,-0.027416899800300598,0.6006863117218018,0.4839026927947998,-0.004673116374760866,0.5433216094970703,0.44210284948349,-0.022950513288378716,0.5057058334350586,0.4330974817276001,-0.03660671040415764,0.48116764426231384,0.43389081954956055,-0.045245926827192307,0.597935140132904,0.4949864447116852,-0.020199064165353775,0.5271328687667847,0.4483843147754669,-0.038323283195495605,0.48622041940689087,0.4595906734466553,-0.047857772558927536,0.4610564708709717,0.47792917490005493,-0.05397160351276398,0.5904792547225952,0.5202724933624268,-0.03588945418596268,0.5262072086334229,0.4726351201534271,-0.05128931999206543,0.4897024929523468,0.48529112339019775,-0.05529779568314552,0.4660199284553528,0.5021134614944458,-0.05729122832417488,0.5797019004821777,0.5557942986488342,-0.05071049556136131,0.5433263778686523,0.5226246118545532,-0.06409409642219543,0.5174589157104492,0.5091338753700256,-0.06948918849229813,0.4965440332889557,0.4996117651462555,-0.07270693778991699,0.0,0.0,0.0,0.0,0.0,0.0,0.0,0.0,0.0,0.0,0.0,0.0,0.0,0.0,0.0,0.0,0.0,0.0,0.0,0.0,0.0,0.0,0.0,0.0,0.0,0.0,0.0,0.0,0.0,0.0,0.0,0.0,0.0,0.0,0.0,0.0,0.0,0.0,0.0,0.0,0.0,0.0,0.0,0.0,0.0,0.0,0.0,0.0,0.0,0.0,0.0,0.0,0.0,0.0,0.0,0.0,0.0,0.0,0.0,0.0,0.0,0.0,0.0,drink
0.6594839096069336,0.645821213722229,-3.644242951850174e-07,0.6411166787147522,0.5751880407333374,0.020271601155400276,0.6109820008277893,0.5258610248565674,0.020022695884108543,0.5757566690444946,0.5056995749473572,0.013974156230688095,0.5450109243392944,0.5021787285804749,0.005636755842715502,0.6055415272712708,0.4883058965206146,-0.0004995204508304596,0.5352242588996887,0.4543534517288208,-0.0191911980509758,0.49285557866096497,0.46732598543167114,-0.03144121542572975,0.46958115696907043,0.48652219772338867,-0.03685625270009041,0.5975736975669861,0.508531928062439,-0.018263284116983414,0.5219730138778687,0.4704087972640991,-0.032601140439510345,0.47964051365852356,0.4858857989311218,-0.03813483566045761,0.45534074306488037,0.5039981603622437,-0.04141903296113014,0.5870844125747681,0.5400574803352356,-0.03502765670418739,0.5167655348777771,0.49855029582977295,-0.04528358206152916,0.47872665524482727,0.509441614151001,-0.04587209224700928,0.45725303888320923,0.5236771106719971,-0.04593336582183838,0.575103759765625,0.5774244070053101,-0.049797989428043365,0.522123396396637,0.5430589914321899,-0.05855303257703781,0.49091970920562744,0.5365329384803772,-0.059350721538066864,0.4683753252029419,0.5359671711921692,-0.058949779719114304,0.0,0.0,0.0,0.0,0.0,0.0,0.0,0.0,0.0,0.0,0.0,0.0,0.0,0.0,0.0,0.0,0.0,0.0,0.0,0.0,0.0,0.0,0.0,0.0,0.0,0.0,0.0,0.0,0.0,0.0,0.0,0.0,0.0,0.0,0.0,0.0,0.0,0.0,0.0,0.0,0.0,0.0,0.0,0.0,0.0,0.0,0.0,0.0,0.0,0.0,0.0,0.0,0.0,0.0,0.0,0.0,0.0,0.0,0.0,0.0,0.0,0.0,0.0,drink
0.6637253165245056,0.6562545299530029,-3.1842276371207845e-07,0.6428914070129395,0.5896411538124084,0.01831299066543579,0.6092506051063538,0.5391876697540283,0.01575043611228466,0.5723824501037598,0.5228791236877441,0.008115787990391254,0.5409479141235352,0.5237191915512085,-0.0017914798809215426,0.6058920621871948,0.4991185665130615,-0.010488067753612995,0.533073365688324,0.4627639055252075,-0.030559726059436798,0.48889803886413574,0.47974491119384766,-0.04230142757296562,0.4675444960594177,0.5023105144500732,-0.047024164348840714,0.6000234484672546,0.5213542580604553,-0.02854296751320362,0.5229644775390625,0.47778400778770447,-0.04368602856993675,0.4783492088317871,0.49572354555130005,-0.04796099290251732,0.45626288652420044,0.5169974565505981,-0.050352584570646286,0.5920343995094299,0.5548813343048096,-0.04521901160478592,0.521549642086029,0.5061041712760925,-0.05633069947361946,0.48138025403022766,0.5189804434776306,-0.05631896108388901,0.4617057740688324,0.5378144979476929,-0.055775564163923264,0.5832518935203552,0.5942150950431824,-0.0598173551261425,0.5285629630088806,0.5516992807388306,-0.06847850978374481,0.4967273473739624,0.5477582216262817,-0.06769680231809616,0.47702106833457947,0.5543659329414368,-0.06610549986362457,0.0,0.0,0.0,0.0,0.0,0.0,0.0,0.0,0.0,0.0,0.0,0.0,0.0,0.0,0.0,0.0,0.0,0.0,0.0,0.0,0.0,0.0,0.0,0.0,0.0,0.0,0.0,0.0,0.0,0.0,0.0,0.0,0.0,0.0,0.0,0.0,0.0,0.0,0.0,0.0,0.0,0.0,0.0,0.0,0.0,0.0,0.0,0.0,0.0,0.0,0.0,0.0,0.0,0.0,0.0,0.0,0.0,0.0,0.0,0.0,0.0,0.0,0.0,drink
0.6655265688896179,0.6596379280090332,-3.1681508971814765e-07,0.643040120601654,0.5914863348007202,0.018812933936715126,0.6074873805046082,0.5409994721412659,0.016536328941583633,0.5691937804222107,0.5250178575515747,0.009269954636693,0.537434458732605,0.5278192162513733,-0.00010107564594363794,0.605637788772583,0.4986681044101715,-0.009131000377237797,0.532453715801239,0.4612376093864441,-0.02891452983021736,0.48919349908828735,0.47857433557510376,-0.04062864929437637,0.46721363067626953,0.5018427968025208,-0.04516507312655449,0.6008155345916748,0.5204781293869019,-0.026920564472675323,0.522347092628479,0.4779132008552551,-0.04209624230861664,0.4783903658390045,0.496106892824173,-0.046657830476760864,0.455903023481369,0.5181699395179749,-0.048882339149713516,0.59348064661026,0.553259551525116,-0.04325953871011734,0.5224876403808594,0.5060402154922485,-0.05391034483909607,0.4823675751686096,0.5184529423713684,-0.05407756567001343,0.46138814091682434,0.5367283821105957,-0.05339140072464943,0.5849482417106628,0.5924791693687439,-0.057428669184446335,0.5282108187675476,0.5523302555084229,-0.06508340686559677,0.495997816324234,0.548826277256012,-0.06382449716329575,0.4752556085586548,0.5547283291816711,-0.06174809858202934,0.0,0.0,0.0,0.0,0.0,0.0,0.0,0.0,0.0,0.0,0.0,0.0,0.0,0.0,0.0,0.0,0.0,0.0,0.0,0.0,0.0,0.0,0.0,0.0,0.0,0.0,0.0,0.0,0.0,0.0,0.0,0.0,0.0,0.0,0.0,0.0,0.0,0.0,0.0,0.0,0.0,0.0,0.0,0.0,0.0,0.0,0.0,0.0,0.0,0.0,0.0,0.0,0.0,0.0,0.0,0.0,0.0,0.0,0.0,0.0,0.0,0.0,0.0,drink
0.6590169072151184,0.6541904211044312,3.966403738786539e-08,0.5955723524093628,0.6260337233543396,0.009625589475035667,0.5537673234939575,0.5801330804824829,0.007047697436064482,0.5158289074897766,0.5591885447502136,-0.0006329040043056011,0.4821125268936157,0.5493710041046143,-0.009330399334430695,0.6010878086090088,0.4840216338634491,0.013930815272033215,0.5528295040130615,0.4460531771183014,0.004320603329688311,0.5258736610412598,0.42327946424484253,-0.006930955220013857,0.5024923086166382,0.40589824318885803,-0.015746580436825752,0.6042098999023438,0.4914895296096802,-0.0019899692852050066,0.5491474866867065,0.44314032793045044,-0.010394129902124405,0.5199704170227051,0.41843628883361816,-0.02166040800511837,0.4935845136642456,0.3993104100227356,-0.0307620782405138,0.6018503904342651,0.5132448077201843,-0.018469547852873802,0.5502525568008423,0.46016964316368103,-0.026566600427031517,0.523070752620697,0.43328964710235596,-0.030593888834118843,0.49932730197906494,0.41009289026260376,-0.03404507040977478,0.5920888185501099,0.5474550724029541,-0.03460998460650444,0.5576131343841553,0.5050631761550903,-0.040503546595573425,0.5373744964599609,0.475063681602478,-0.040629658848047256,0.5199116468429565,0.44728052616119385,-0.041274335235357285,0.0,0.0,0.0,0.0,0.0,0.0,0.0,0.0,0.0,0.0,0.0,0.0,0.0,0.0,0.0,0.0,0.0,0.0,0.0,0.0,0.0,0.0,0.0,0.0,0.0,0.0,0.0,0.0,0.0,0.0,0.0,0.0,0.0,0.0,0.0,0.0,0.0,0.0,0.0,0.0,0.0,0.0,0.0,0.0,0.0,0.0,0.0,0.0,0.0,0.0,0.0,0.0,0.0,0.0,0.0,0.0,0.0,0.0,0.0,0.0,0.0,0.0,0.0,drink
0.651140570640564,0.643038272857666,4.63633220704196e-08,0.5878280401229858,0.6247605681419373,0.0030055688694119453,0.5469051599502563,0.580498218536377,4.378552330308594e-05,0.5102984309196472,0.553591251373291,-0.007464988622814417,0.47530439496040344,0.5427903532981873,-0.01482731569558382,0.5934392809867859,0.4692947268486023,0.022739531472325325,0.5560320615768433,0.4340910017490387,0.018880773335695267,0.5324482917785645,0.4115118682384491,0.009508777409791946,0.513226330280304,0.39074572920799255,0.0009743738919496536,0.6011033058166504,0.4696871042251587,0.010883281007409096,0.5539628863334656,0.43029165267944336,0.008004813455045223,0.5264447927474976,0.40629342198371887,-0.00015519364387728274,0.5040730237960815,0.38619545102119446,-0.007287165150046349,0.6025059223175049,0.483252614736557,-0.0032089564483612776,0.5559130311012268,0.4402132034301758,-0.006209622602909803,0.5281718969345093,0.4133071303367615,-0.00636118883267045,0.507442831993103,0.389692097902298,-0.007335889618843794,0.5948090553283691,0.5079575777053833,-0.018526475876569748,0.5605958700180054,0.4648902416229248,-0.020176053047180176,0.5415576100349426,0.4339906573295593,-0.01756362058222294,0.5283707976341248,0.4055461287498474,-0.016013698652386665,0.0,0.0,0.0,0.0,0.0,0.0,0.0,0.0,0.0,0.0,0.0,0.0,0.0,0.0,0.0,0.0,0.0,0.0,0.0,0.0,0.0,0.0,0.0,0.0,0.0,0.0,0.0,0.0,0.0,0.0,0.0,0.0,0.0,0.0,0.0,0.0,0.0,0.0,0.0,0.0,0.0,0.0,0.0,0.0,0.0,0.0,0.0,0.0,0.0,0.0,0.0,0.0,0.0,0.0,0.0,0.0,0.0,0.0,0.0,0.0,0.0,0.0,0.0,drink
0.6348469257354736,0.6020761728286743,-1.4343549992190674e-07,0.5815198421478271,0.5896062254905701,-0.0006761375116184354,0.5371368527412415,0.5541766285896301,-0.001696340274065733,0.501193106174469,0.5298457145690918,-0.00825874786823988,0.467973530292511,0.5146955251693726,-0.013696364127099514,0.5483279824256897,0.4708079993724823,0.03160283714532852,0.5213015079498291,0.42795416712760925,0.017658408731222153,0.49239739775657654,0.4214717745780945,0.0006204556557349861,0.4688635766506195,0.4305967092514038,-0.009225516580045223,0.5562291741371155,0.45614302158355713,0.021946297958493233,0.5245904326438904,0.40707331895828247,0.011452619917690754,0.4938419461250305,0.4019709527492523,-0.0015030718641355634,0.46776124835014343,0.41316062211990356,-0.008641012944281101,0.5667771100997925,0.44531115889549255,0.007583291735500097,0.5349961519241333,0.3953108787536621,-0.001405010581947863,0.5031346082687378,0.3918174207210541,-0.006937698926776648,0.47712817788124084,0.4034947454929352,-0.008324633352458477,0.5807024240493774,0.4389602243900299,-0.008570556528866291,0.5514742136001587,0.39298921823501587,-0.012116103433072567,0.5250520706176758,0.382221519947052,-0.011465605348348618,0.5020057559013367,0.38474079966545105,-0.009939645417034626,0.0,0.0,0.0,0.0,0.0,0.0,0.0,0.0,0.0,0.0,0.0,0.0,0.0,0.0,0.0,0.0,0.0,0.0,0.0,0.0,0.0,0.0,0.0,0.0,0.0,0.0,0.0,0.0,0.0,0.0,0.0,0.0,0.0,0.0,0.0,0.0,0.0,0.0,0.0,0.0,0.0,0.0,0.0,0.0,0.0,0.0,0.0,0.0,0.0,0.0,0.0,0.0,0.0,0.0,0.0,0.0,0.0,0.0,0.0,0.0,0.0,0.0,0.0,drink
0.6350569725036621,0.5947107076644897,-1.6161813221060584e-07,0.5857090353965759,0.592007040977478,-0.003530289512127638,0.5385907292366028,0.5546338558197021,-0.004077367950230837,0.5030727386474609,0.5261058807373047,-0.008986351080238819,0.47016504406929016,0.5120013356208801,-0.012581310234963894,0.5479286909103394,0.471420019865036,0.025031592696905136,0.5224189162254333,0.4235166013240814,0.011044868268072605,0.4963149428367615,0.41853025555610657,-0.0047493488527834415,0.4727427661418915,0.4287017583847046,-0.013951435685157776,0.5567155480384827,0.4565925896167755,0.017516765743494034,0.5268016457557678,0.4055306911468506,0.006126046180725098,0.49813467264175415,0.40168285369873047,-0.005707702599465847,0.47335490584373474,0.4128994941711426,-0.012121093459427357,0.5681658983230591,0.44683098793029785,0.005620848853141069,0.5371348857879639,0.39499175548553467,-0.0041986554861068726,0.5081823468208313,0.3904498219490051,-0.008432349190115929,0.48425787687301636,0.39956891536712646,-0.009009487926959991,0.5816150903701782,0.44129449129104614,-0.008147974498569965,0.5544771552085876,0.3925905227661133,-0.013506066054105759,0.5304705500602722,0.3792811334133148,-0.013395502232015133,0.5099174976348877,0.38005128502845764,-0.01196009386330843,0.0,0.0,0.0,0.0,0.0,0.0,0.0,0.0,0.0,0.0,0.0,0.0,0.0,0.0,0.0,0.0,0.0,0.0,0.0,0.0,0.0,0.0,0.0,0.0,0.0,0.0,0.0,0.0,0.0,0.0,0.0,0.0,0.0,0.0,0.0,0.0,0.0,0.0,0.0,0.0,0.0,0.0,0.0,0.0,0.0,0.0,0.0,0.0,0.0,0.0,0.0,0.0,0.0,0.0,0.0,0.0,0.0,0.0,0.0,0.0,0.0,0.0,0.0,drink
0.636845052242279,0.5373698472976685,-1.0920133775016438e-07,0.5852319598197937,0.5420300960540771,-0.002337135374546051,0.5342260599136353,0.5180871486663818,-0.0023820826318114996,0.4970618188381195,0.4997313320636749,-0.006493901833891869,0.46491241455078125,0.4848233759403229,-0.008954077959060669,0.5394382476806641,0.42670363187789917,0.026414236053824425,0.5068171620368958,0.3885614275932312,0.01531396247446537,0.4797365963459015,0.3850899338722229,0.0004478505870793015,0.4575945734977722,0.39710545539855957,-0.0085752559825778,0.5489922165870667,0.4088827669620514,0.018641427159309387,0.5163338780403137,0.3641324043273926,0.010465188883244991,0.48622721433639526,0.3608666956424713,-0.001081274007447064,0.4612957537174225,0.3767998218536377,-0.00803215242922306,0.5599920749664307,0.39555126428604126,0.006698868703097105,0.5284526348114014,0.3491949439048767,-0.0005119915585964918,0.497894287109375,0.34731900691986084,-0.005835354793816805,0.4733857214450836,0.36247631907463074,-0.007943825796246529,0.5725754499435425,0.38713693618774414,-0.007034411653876305,0.5422652959823608,0.3473914563655853,-0.01118023693561554,0.5152796506881714,0.3412323594093323,-0.01163574866950512,0.4928184747695923,0.34959957003593445,-0.011014053598046303,0.0,0.0,0.0,0.0,0.0,0.0,0.0,0.0,0.0,0.0,0.0,0.0,0.0,0.0,0.0,0.0,0.0,0.0,0.0,0.0,0.0,0.0,0.0,0.0,0.0,0.0,0.0,0.0,0.0,0.0,0.0,0.0,0.0,0.0,0.0,0.0,0.0,0.0,0.0,0.0,0.0,0.0,0.0,0.0,0.0,0.0,0.0,0.0,0.0,0.0,0.0,0.0,0.0,0.0,0.0,0.0,0.0,0.0,0.0,0.0,0.0,0.0,0.0,drink
0.6296287178993225,0.5152598023414612,-1.2445865138488443e-07,0.5812608003616333,0.5225515365600586,-0.005725817754864693,0.5300029516220093,0.5048345327377319,-0.005912112537771463,0.4910544157028198,0.4877186715602875,-0.00930546410381794,0.4582267105579376,0.47100314497947693,-0.010817022994160652,0.5350098609924316,0.4184304475784302,0.0252336747944355,0.5013083219528198,0.3880292475223541,0.015368339605629444,0.47551393508911133,0.3847126364707947,0.0020702751353383064,0.4553672671318054,0.3929404318332672,-0.00617028446868062,0.5421146154403687,0.3969593942165375,0.020392073318362236,0.5079513788223267,0.3608430325984955,0.012783393263816833,0.47989505529403687,0.3554650843143463,0.0018884155433624983,0.4565439522266388,0.3645738363265991,-0.004862947855144739,0.5517508387565613,0.3791528046131134,0.011095485650002956,0.5191085934638977,0.33792462944984436,0.004154778551310301,0.49220696091651917,0.33134546875953674,-0.0009107046644203365,0.4699961543083191,0.34067922830581665,-0.002915779361501336,0.5641913414001465,0.3643331527709961,-0.0002186657366110012,0.5364168286323547,0.3292025327682495,-0.004680781625211239,0.5126913785934448,0.3196233808994293,-0.005794724449515343,0.4909419119358063,0.3244062066078186,-0.005542789585888386,0.0,0.0,0.0,0.0,0.0,0.0,0.0,0.0,0.0,0.0,0.0,0.0,0.0,0.0,0.0,0.0,0.0,0.0,0.0,0.0,0.0,0.0,0.0,0.0,0.0,0.0,0.0,0.0,0.0,0.0,0.0,0.0,0.0,0.0,0.0,0.0,0.0,0.0,0.0,0.0,0.0,0.0,0.0,0.0,0.0,0.0,0.0,0.0,0.0,0.0,0.0,0.0,0.0,0.0,0.0,0.0,0.0,0.0,0.0,0.0,0.0,0.0,0.0,drink
0.6193389892578125,0.49140065908432007,-1.3959659383999679e-07,0.5732787251472473,0.5054780840873718,-0.004933794029057026,0.5246081352233887,0.4946309030056,-0.001873258501291275,0.48465773463249207,0.4773598313331604,-0.002947272267192602,0.4520663917064667,0.4582280218601227,-0.0026048030704259872,0.5343488454818726,0.4196505546569824,0.03946961462497711,0.5019005537033081,0.39941084384918213,0.0373745858669281,0.47697699069976807,0.39687594771385193,0.028377829119563103,0.45781847834587097,0.4012417495250702,0.02179671637713909,0.5379305481910706,0.3934013545513153,0.03591008111834526,0.5037792921066284,0.36703601479530334,0.036000922322273254,0.47572803497314453,0.3637804687023163,0.027418721467256546,0.45254531502723694,0.3698546290397644,0.021037133410573006,0.5440990924835205,0.36865293979644775,0.027220701798796654,0.5099515318870544,0.33576273918151855,0.025555893778800964,0.48153942823410034,0.33092188835144043,0.02170366421341896,0.4584001898765564,0.3392575979232788,0.019673729315400124,0.5537381768226624,0.34468504786491394,0.016305042430758476,0.5226991176605225,0.31711137294769287,0.015523375943303108,0.49714094400405884,0.3115410804748535,0.015928752720355988,0.47494399547576904,0.31912320852279663,0.01663944125175476,0.0,0.0,0.0,0.0,0.0,0.0,0.0,0.0,0.0,0.0,0.0,0.0,0.0,0.0,0.0,0.0,0.0,0.0,0.0,0.0,0.0,0.0,0.0,0.0,0.0,0.0,0.0,0.0,0.0,0.0,0.0,0.0,0.0,0.0,0.0,0.0,0.0,0.0,0.0,0.0,0.0,0.0,0.0,0.0,0.0,0.0,0.0,0.0,0.0,0.0,0.0,0.0,0.0,0.0,0.0,0.0,0.0,0.0,0.0,0.0,0.0,0.0,0.0,drink
0.6145567893981934,0.48618394136428833,-1.3014253852361435e-07,0.5706095099449158,0.5058682560920715,-0.006599865388125181,0.5222485661506653,0.4981115162372589,-0.0042176214046776295,0.48240241408348083,0.4797722399234772,-0.005433204583823681,0.449827641248703,0.4604029953479767,-0.005307255778461695,0.5336266160011292,0.4218178391456604,0.036450788378715515,0.5033965110778809,0.40388023853302,0.0347762256860733,0.47978824377059937,0.4011712074279785,0.026332596316933632,0.4608061611652374,0.403411865234375,0.019492115825414658,0.5370150804519653,0.39348530769348145,0.0333925224840641,0.5040093660354614,0.3709632158279419,0.03278770297765732,0.47541293501853943,0.3691793382167816,0.023094775155186653,0.4512171745300293,0.37364381551742554,0.015537405386567116,0.5429680347442627,0.3677772879600525,0.025458771735429764,0.5091307759284973,0.33945125341415405,0.022032445296645164,0.48008090257644653,0.33678922057151794,0.016334591433405876,0.4568232297897339,0.34501931071281433,0.013116303831338882,0.5522069931030273,0.3431463837623596,0.015472390688955784,0.5210762023925781,0.316148042678833,0.012535637244582176,0.49451273679733276,0.31073659658432007,0.011254219338297844,0.47224774956703186,0.3180423378944397,0.010854708962142467,0.0,0.0,0.0,0.0,0.0,0.0,0.0,0.0,0.0,0.0,0.0,0.0,0.0,0.0,0.0,0.0,0.0,0.0,0.0,0.0,0.0,0.0,0.0,0.0,0.0,0.0,0.0,0.0,0.0,0.0,0.0,0.0,0.0,0.0,0.0,0.0,0.0,0.0,0.0,0.0,0.0,0.0,0.0,0.0,0.0,0.0,0.0,0.0,0.0,0.0,0.0,0.0,0.0,0.0,0.0,0.0,0.0,0.0,0.0,0.0,0.0,0.0,0.0,drink
0.6095973253250122,0.4796998202800751,-9.219731111898e-08,0.5647084712982178,0.5004243850708008,-0.005486374255269766,0.5176665186882019,0.4945988953113556,-0.0021281749941408634,0.47940805554389954,0.4771024286746979,-0.0024390900507569313,0.44798460602760315,0.45558467507362366,-0.0014177245320752263,0.5295013189315796,0.41122597455978394,0.04091630503535271,0.49750563502311707,0.3916427195072174,0.042236633598804474,0.4724922776222229,0.38867896795272827,0.03471711650490761,0.45164087414741516,0.391757071018219,0.028101926669478416,0.5340869426727295,0.38571202754974365,0.03821783512830734,0.5018219947814941,0.3631466329097748,0.04069524258375168,0.4732345938682556,0.36160385608673096,0.03084634616971016,0.4495260715484619,0.3668042719364166,0.022762814536690712,0.5401639342308044,0.36214226484298706,0.030739007517695427,0.5080420970916748,0.3344658315181732,0.030983904376626015,0.4803054928779602,0.33124491572380066,0.025174129754304886,0.45747247338294983,0.33828702569007874,0.02096131071448326,0.5496042966842651,0.3390606939792633,0.021121416240930557,0.5207309722900391,0.31344226002693176,0.02096276544034481,0.4954468309879303,0.30874475836753845,0.019788600504398346,0.474041223526001,0.31527096033096313,0.018906500190496445,0.0,0.0,0.0,0.0,0.0,0.0,0.0,0.0,0.0,0.0,0.0,0.0,0.0,0.0,0.0,0.0,0.0,0.0,0.0,0.0,0.0,0.0,0.0,0.0,0.0,0.0,0.0,0.0,0.0,0.0,0.0,0.0,0.0,0.0,0.0,0.0,0.0,0.0,0.0,0.0,0.0,0.0,0.0,0.0,0.0,0.0,0.0,0.0,0.0,0.0,0.0,0.0,0.0,0.0,0.0,0.0,0.0,0.0,0.0,0.0,0.0,0.0,0.0,drink
0.6096089482307434,0.4846188426017761,-1.2433275742296246e-07,0.5664899945259094,0.5051060914993286,-0.008561124093830585,0.517824113368988,0.49703294038772583,-0.006705313455313444,0.47983065247535706,0.4773736894130707,-0.007504569832235575,0.44912561774253845,0.45823240280151367,-0.0066577414982020855,0.5322520136833191,0.41542479395866394,0.03075469471514225,0.5000762939453125,0.39467206597328186,0.02908816747367382,0.47417211532592773,0.3901367485523224,0.02173764258623123,0.45282912254333496,0.3923177123069763,0.015790969133377075,0.53709876537323,0.3901934027671814,0.029041867703199387,0.5058062076568604,0.36574772000312805,0.0287600327283144,0.47668763995170593,0.36384209990501404,0.02062026597559452,0.45200982689857483,0.3672308921813965,0.01416723057627678,0.5429074168205261,0.3666655719280243,0.022610381245613098,0.5118244290351868,0.33880332112312317,0.019562512636184692,0.48321354389190674,0.33655768632888794,0.014442711137235165,0.4601860046386719,0.3426395654678345,0.011417380534112453,0.5506099462509155,0.3440608084201813,0.013974408619105816,0.5219072699546814,0.3182627558708191,0.010963808745145798,0.49621784687042236,0.31361329555511475,0.00925368256866932,0.4752483665943146,0.31895774602890015,0.008497307077050209,0.0,0.0,0.0,0.0,0.0,0.0,0.0,0.0,0.0,0.0,0.0,0.0,0.0,0.0,0.0,0.0,0.0,0.0,0.0,0.0,0.0,0.0,0.0,0.0,0.0,0.0,0.0,0.0,0.0,0.0,0.0,0.0,0.0,0.0,0.0,0.0,0.0,0.0,0.0,0.0,0.0,0.0,0.0,0.0,0.0,0.0,0.0,0.0,0.0,0.0,0.0,0.0,0.0,0.0,0.0,0.0,0.0,0.0,0.0,0.0,0.0,0.0,0.0,drink
0.6056047081947327,0.5004059076309204,-1.5508051376400545e-07,0.5682194232940674,0.5191531181335449,-0.005148972850292921,0.5174092650413513,0.5057162642478943,-0.002080808160826564,0.47939056158065796,0.4876207113265991,-0.002450132044032216,0.44873568415641785,0.46866926550865173,-0.0013458637986332178,0.5273256897926331,0.41734233498573303,0.03199845179915428,0.49701815843582153,0.398479700088501,0.031005242839455605,0.4715803563594818,0.39693188667297363,0.024293800815939903,0.45181095600128174,0.40258750319480896,0.018801305443048477,0.5320537686347961,0.39281901717185974,0.027823638170957565,0.4995327293872833,0.36639708280563354,0.02762957289814949,0.47122645378112793,0.3661783039569855,0.021144403144717216,0.44880226254463196,0.37332841753959656,0.016202950850129128,0.5385728478431702,0.37147289514541626,0.019095903262495995,0.5052869319915771,0.3384445607662201,0.01463992241770029,0.47599464654922485,0.3395949602127075,0.009780347347259521,0.45476290583610535,0.35099518299102783,0.007416911888867617,0.546440601348877,0.3529236912727356,0.008490853942930698,0.5144111514091492,0.32401660084724426,0.0032373215071856976,0.4866850674152374,0.32319802045822144,0.0005434860941022635,0.46534064412117004,0.3331139385700226,-0.0006602737121284008,0.0,0.0,0.0,0.0,0.0,0.0,0.0,0.0,0.0,0.0,0.0,0.0,0.0,0.0,0.0,0.0,0.0,0.0,0.0,0.0,0.0,0.0,0.0,0.0,0.0,0.0,0.0,0.0,0.0,0.0,0.0,0.0,0.0,0.0,0.0,0.0,0.0,0.0,0.0,0.0,0.0,0.0,0.0,0.0,0.0,0.0,0.0,0.0,0.0,0.0,0.0,0.0,0.0,0.0,0.0,0.0,0.0,0.0,0.0,0.0,0.0,0.0,0.0,drink
0.6084651947021484,0.5416867733001709,-1.790842105720003e-07,0.56279456615448,0.5451568365097046,0.0014435362536460161,0.5171436071395874,0.5108919739723206,0.0020020960364490747,0.48111623525619507,0.4882594048976898,-0.0014916176442056894,0.4485146999359131,0.4742191731929779,-0.0033622910268604755,0.5485617518424988,0.410521537065506,0.021037906408309937,0.5132242441177368,0.3651985824108124,0.01303090900182724,0.4778648316860199,0.36243799328804016,0.0029968114104121923,0.45168623328208923,0.37627822160720825,-0.0026813261210918427,0.5584976077079773,0.3968604803085327,0.011517212726175785,0.5156747102737427,0.34824466705322266,0.004505930468440056,0.4756508767604828,0.3497656285762787,-0.00421482976526022,0.44858571887016296,0.3686685562133789,-0.009262616746127605,0.5645979642868042,0.39201176166534424,-0.0007605440332554281,0.5214439034461975,0.3398653268814087,-0.008221868425607681,0.4820482134819031,0.3398972451686859,-0.012940294109284878,0.45606058835983276,0.35635852813720703,-0.014371064491569996,0.5647009015083313,0.395474374294281,-0.013876485638320446,0.527355968952179,0.3474215865135193,-0.020320426672697067,0.49592235684394836,0.33936795592308044,-0.022128475829958916,0.47438114881515503,0.34793388843536377,-0.022021211683750153,0.0,0.0,0.0,0.0,0.0,0.0,0.0,0.0,0.0,0.0,0.0,0.0,0.0,0.0,0.0,0.0,0.0,0.0,0.0,0.0,0.0,0.0,0.0,0.0,0.0,0.0,0.0,0.0,0.0,0.0,0.0,0.0,0.0,0.0,0.0,0.0,0.0,0.0,0.0,0.0,0.0,0.0,0.0,0.0,0.0,0.0,0.0,0.0,0.0,0.0,0.0,0.0,0.0,0.0,0.0,0.0,0.0,0.0,0.0,0.0,0.0,0.0,0.0,drink
0.6135241985321045,0.5415979027748108,-3.098079730534664e-07,0.56093829870224,0.5431081056594849,0.010202428326010704,0.5191041231155396,0.5081385374069214,0.010933775454759598,0.482623815536499,0.48778432607650757,0.00461067957803607,0.44873765110969543,0.4750111699104309,-0.0009105759672820568,0.5489116311073303,0.40467557311058044,0.02943730726838112,0.5099030137062073,0.35286229848861694,0.019828276708722115,0.47491130232810974,0.35951942205429077,0.009157014079391956,0.45453765988349915,0.38188374042510986,0.0037147568073123693,0.5599523186683655,0.39027833938598633,0.013849874027073383,0.5088238716125488,0.3358893394470215,0.00727890944108367,0.4682486653327942,0.3457774519920349,-0.0002439991949358955,0.44672173261642456,0.3727065324783325,-0.004213446751236916,0.5659996867179871,0.38887882232666016,-0.004657918121665716,0.5130913257598877,0.3338967561721802,-0.01186901330947876,0.47219908237457275,0.3459619879722595,-0.014905046671628952,0.4495559632778168,0.37137144804000854,-0.01558076124638319,0.5646839737892151,0.39750760793685913,-0.02346043288707733,0.5204519629478455,0.3479614555835724,-0.02922123298048973,0.48734769225120544,0.3484640419483185,-0.0292914267629385,0.4659004807472229,0.3655604124069214,-0.028238030150532722,0.0,0.0,0.0,0.0,0.0,0.0,0.0,0.0,0.0,0.0,0.0,0.0,0.0,0.0,0.0,0.0,0.0,0.0,0.0,0.0,0.0,0.0,0.0,0.0,0.0,0.0,0.0,0.0,0.0,0.0,0.0,0.0,0.0,0.0,0.0,0.0,0.0,0.0,0.0,0.0,0.0,0.0,0.0,0.0,0.0,0.0,0.0,0.0,0.0,0.0,0.0,0.0,0.0,0.0,0.0,0.0,0.0,0.0,0.0,0.0,0.0,0.0,0.0,drink
0.627044677734375,0.5853532552719116,1.2732590093378349e-08,0.5647631287574768,0.5684618949890137,0.005303525365889072,0.5271788239479065,0.5253203511238098,0.0010572172468528152,0.49229317903518677,0.502228319644928,-0.007661867421120405,0.4586472809314728,0.49229830503463745,-0.017604682594537735,0.5682938098907471,0.4339575171470642,0.012464224360883236,0.5236150026321411,0.3922120928764343,0.004282700829207897,0.5006951689720154,0.3645791709423065,-0.007222602143883705,0.480804443359375,0.3398459553718567,-0.01696367748081684,0.5729767084121704,0.43479636311531067,-0.0016901240451261401,0.5234200358390808,0.3858586549758911,-0.008793417364358902,0.4954880475997925,0.35498154163360596,-0.02049027942121029,0.47216251492500305,0.3276200294494629,-0.030590860173106194,0.5712881088256836,0.44975703954696655,-0.016868818551301956,0.5256090760231018,0.3947407305240631,-0.023998994380235672,0.4992116391658783,0.3644854724407196,-0.028130851686000824,0.4789106845855713,0.3372810184955597,-0.032099269330501556,0.5613338947296143,0.47682321071624756,-0.032329101115465164,0.530701220035553,0.43097326159477234,-0.038116149604320526,0.5135551691055298,0.39898860454559326,-0.03815054893493652,0.5004956126213074,0.36969971656799316,-0.03894375264644623,0.0,0.0,0.0,0.0,0.0,0.0,0.0,0.0,0.0,0.0,0.0,0.0,0.0,0.0,0.0,0.0,0.0,0.0,0.0,0.0,0.0,0.0,0.0,0.0,0.0,0.0,0.0,0.0,0.0,0.0,0.0,0.0,0.0,0.0,0.0,0.0,0.0,0.0,0.0,0.0,0.0,0.0,0.0,0.0,0.0,0.0,0.0,0.0,0.0,0.0,0.0,0.0,0.0,0.0,0.0,0.0,0.0,0.0,0.0,0.0,0.0,0.0,0.0,drink
0.6286554932594299,0.622062087059021,-1.210793953987377e-07,0.577896773815155,0.5878331065177917,0.011706246063113213,0.5374851226806641,0.5548895597457886,0.004940060433000326,0.4979148805141449,0.544367790222168,-0.0068610007874667645,0.4606678783893585,0.5400860905647278,-0.02032134123146534,0.5777942538261414,0.4706626236438751,-0.0028719136025756598,0.5246565341949463,0.42096513509750366,-0.01687411218881607,0.49197807908058167,0.40033453702926636,-0.026953579857945442,0.4663059711456299,0.38650891184806824,-0.03411842882633209,0.5768959522247314,0.48200657963752747,-0.019401265308260918,0.5084171295166016,0.43351954221725464,-0.03379945456981659,0.47058039903640747,0.43958404660224915,-0.041482456028461456,0.4443981349468231,0.44964084029197693,-0.0467982292175293,0.5703818798065186,0.5065613985061646,-0.035216107964515686,0.5079131126403809,0.45778369903564453,-0.046764224767684937,0.47203391790390015,0.46414458751678467,-0.048257019370794296,0.44608044624328613,0.47366324067115784,-0.049102723598480225,0.559090256690979,0.540299654006958,-0.05001818388700485,0.5201907157897949,0.5016598701477051,-0.06017697975039482,0.49297571182250977,0.4883594214916229,-0.06236770376563072,0.4697059988975525,0.47944945096969604,-0.06344299763441086,0.0,0.0,0.0,0.0,0.0,0.0,0.0,0.0,0.0,0.0,0.0,0.0,0.0,0.0,0.0,0.0,0.0,0.0,0.0,0.0,0.0,0.0,0.0,0.0,0.0,0.0,0.0,0.0,0.0,0.0,0.0,0.0,0.0,0.0,0.0,0.0,0.0,0.0,0.0,0.0,0.0,0.0,0.0,0.0,0.0,0.0,0.0,0.0,0.0,0.0,0.0,0.0,0.0,0.0,0.0,0.0,0.0,0.0,0.0,0.0,0.0,0.0,0.0,drink
0.6423386335372925,0.6485344767570496,-4.319138042774284e-07,0.6153329610824585,0.5856583118438721,0.03009188547730446,0.579527735710144,0.543816089630127,0.032894741743803024,0.543384313583374,0.5288243293762207,0.02793937735259533,0.5130676627159119,0.5272648334503174,0.020056232810020447,0.5895899534225464,0.49625933170318604,0.0011969965416938066,0.5180698037147522,0.4544374942779541,-0.01596510224044323,0.4759933650493622,0.4693838953971863,-0.024302059784531593,0.45609673857688904,0.49012213945388794,-0.02685604616999626,0.586737334728241,0.5134918093681335,-0.02275765873491764,0.5087695121765137,0.45982497930526733,-0.0380098931491375,0.46618685126304626,0.47846469283103943,-0.040333524346351624,0.4456561803817749,0.5003042221069336,-0.04030287638306618,0.5788715481758118,0.5433703064918518,-0.04470151662826538,0.5073937177658081,0.4851172864437103,-0.05660027265548706,0.4661249816417694,0.4993245601654053,-0.05530846491456032,0.44440096616744995,0.5162463188171387,-0.053160328418016434,0.5690184831619263,0.5805067420005798,-0.06353842467069626,0.5121443271636963,0.532827615737915,-0.07473517209291458,0.47774481773376465,0.5287536978721619,-0.07488033920526505,0.4544326364994049,0.5325278639793396,-0.07338415831327438,0.0,0.0,0.0,0.0,0.0,0.0,0.0,0.0,0.0,0.0,0.0,0.0,0.0,0.0,0.0,0.0,0.0,0.0,0.0,0.0,0.0,0.0,0.0,0.0,0.0,0.0,0.0,0.0,0.0,0.0,0.0,0.0,0.0,0.0,0.0,0.0,0.0,0.0,0.0,0.0,0.0,0.0,0.0,0.0,0.0,0.0,0.0,0.0,0.0,0.0,0.0,0.0,0.0,0.0,0.0,0.0,0.0,0.0,0.0,0.0,0.0,0.0,0.0,drink
0.6520688533782959,0.6554396152496338,-3.3391188480891287e-07,0.627422034740448,0.5856069922447205,0.026820775121450424,0.5969882607460022,0.5398390889167786,0.0277720857411623,0.5676905512809753,0.5247230529785156,0.022384202107787132,0.5412828922271729,0.5273631811141968,0.014380891807377338,0.5942305326461792,0.4993573725223541,-0.00506187928840518,0.5233345031738281,0.45694810152053833,-0.02283664420247078,0.4811494052410126,0.4712378978729248,-0.030909283086657524,0.45877617597579956,0.49193140864372253,-0.03307132422924042,0.5866944193840027,0.5198923349380493,-0.027367735281586647,0.5087441205978394,0.46324867010116577,-0.043341681361198425,0.4669373631477356,0.48111724853515625,-0.04561496526002884,0.4456489086151123,0.5046758651733398,-0.04495883360505104,0.5778139233589172,0.552101194858551,-0.047400783747434616,0.5090592503547668,0.49427834153175354,-0.057806141674518585,0.4688812494277954,0.5044568777084351,-0.056441690772771835,0.44610482454299927,0.5195475220680237,-0.054311592131853104,0.5689989924430847,0.5908585786819458,-0.0645485520362854,0.5137167572975159,0.5445699095726013,-0.07348065078258514,0.48066937923431396,0.5372764468193054,-0.0725354254245758,0.4574371576309204,0.5388638377189636,-0.07030722498893738,0.0,0.0,0.0,0.0,0.0,0.0,0.0,0.0,0.0,0.0,0.0,0.0,0.0,0.0,0.0,0.0,0.0,0.0,0.0,0.0,0.0,0.0,0.0,0.0,0.0,0.0,0.0,0.0,0.0,0.0,0.0,0.0,0.0,0.0,0.0,0.0,0.0,0.0,0.0,0.0,0.0,0.0,0.0,0.0,0.0,0.0,0.0,0.0,0.0,0.0,0.0,0.0,0.0,0.0,0.0,0.0,0.0,0.0,0.0,0.0,0.0,0.0,0.0,drink
0.6502697467803955,0.6594426035881042,-3.2076806633085653e-07,0.6243839859962463,0.5881465077400208,0.028709862381219864,0.5939703583717346,0.5413107872009277,0.03046616166830063,0.5630107522010803,0.522925078868866,0.0254342220723629,0.5347724556922913,0.523539662361145,0.017857158556580544,0.5921373963356018,0.4983273148536682,-0.0013310257345438004,0.5214914083480835,0.4562775194644928,-0.016661066561937332,0.48166024684906006,0.4709368050098419,-0.02313808538019657,0.4611206650733948,0.4901790916919708,-0.024489184841513634,0.5864070057868958,0.5170549750328064,-0.024079885333776474,0.5088032484054565,0.46279048919677734,-0.036978572607040405,0.4684301018714905,0.4803473651409149,-0.03804681822657585,0.44818899035453796,0.5020573735237122,-0.037234820425510406,0.5785598158836365,0.5488010048866272,-0.04447922110557556,0.5088739395141602,0.4921974837779999,-0.05262541398406029,0.4704574942588806,0.5033756494522095,-0.05044792219996452,0.4490355849266052,0.5181742906570435,-0.04843248799443245,0.5696621537208557,0.587993860244751,-0.061856918036937714,0.5143275856971741,0.5439627766609192,-0.06878270953893661,0.4828489422798157,0.5378280282020569,-0.06683650612831116,0.4604741334915161,0.5388513207435608,-0.06434705853462219,0.0,0.0,0.0,0.0,0.0,0.0,0.0,0.0,0.0,0.0,0.0,0.0,0.0,0.0,0.0,0.0,0.0,0.0,0.0,0.0,0.0,0.0,0.0,0.0,0.0,0.0,0.0,0.0,0.0,0.0,0.0,0.0,0.0,0.0,0.0,0.0,0.0,0.0,0.0,0.0,0.0,0.0,0.0,0.0,0.0,0.0,0.0,0.0,0.0,0.0,0.0,0.0,0.0,0.0,0.0,0.0,0.0,0.0,0.0,0.0,0.0,0.0,0.0,drink
0.6485024094581604,0.6626079678535461,-2.4900094786062255e-07,0.5906361937522888,0.6325355172157288,0.01535820309072733,0.5436693429946899,0.5925865769386292,0.010777954943478107,0.502909779548645,0.5773133039474487,0.0008616285631433129,0.468747615814209,0.57030189037323,-0.009405703283846378,0.58881014585495,0.5028095841407776,-0.002641992410644889,0.525006115436554,0.4547434151172638,-0.020531030371785164,0.48495224118232727,0.46455350518226624,-0.0319649875164032,0.4590498208999634,0.4838707149028778,-0.037579745054244995,0.5888727903366089,0.5149998664855957,-0.02091575413942337,0.5144535303115845,0.45565831661224365,-0.036780793219804764,0.47338056564331055,0.47291791439056396,-0.04398601874709129,0.44965416193008423,0.4986354112625122,-0.047874581068754196,0.5827011466026306,0.540294885635376,-0.038578469306230545,0.5157403349876404,0.48413944244384766,-0.049430880695581436,0.4765893518924713,0.49561816453933716,-0.051503609865903854,0.45148882269859314,0.5140984654426575,-0.052441757172346115,0.5703349113464355,0.5743033289909363,-0.05484147369861603,0.5225082039833069,0.5308906435966492,-0.06287584453821182,0.4908866286277771,0.5223872065544128,-0.06436625868082047,0.4672556519508362,0.523127555847168,-0.06507225334644318,0.0,0.0,0.0,0.0,0.0,0.0,0.0,0.0,0.0,0.0,0.0,0.0,0.0,0.0,0.0,0.0,0.0,0.0,0.0,0.0,0.0,0.0,0.0,0.0,0.0,0.0,0.0,0.0,0.0,0.0,0.0,0.0,0.0,0.0,0.0,0.0,0.0,0.0,0.0,0.0,0.0,0.0,0.0,0.0,0.0,0.0,0.0,0.0,0.0,0.0,0.0,0.0,0.0,0.0,0.0,0.0,0.0,0.0,0.0,0.0,0.0,0.0,0.0,drink
0.6391252875328064,0.6606544256210327,-2.1723774068505008e-07,0.576681911945343,0.6379585266113281,0.011618680320680141,0.5340152978897095,0.5968947410583496,0.00683400547131896,0.49622082710266113,0.576399564743042,-0.0039868783205747604,0.46160203218460083,0.5678145885467529,-0.015231181867420673,0.5771043300628662,0.4935469329357147,0.013128268532454967,0.5230819582939148,0.45275044441223145,-0.003641194198280573,0.48542094230651855,0.45805659890174866,-0.01942411996424198,0.45736998319625854,0.47623109817504883,-0.028721533715724945,0.5841858983039856,0.4959609806537628,-0.004329527262598276,0.518440842628479,0.4439815580844879,-0.019509298726916313,0.47990602254867554,0.45101767778396606,-0.03176342323422432,0.45137500762939453,0.4711134433746338,-0.039482127875089645,0.5848780870437622,0.5145518183708191,-0.022813407704234123,0.5256592631340027,0.4514220654964447,-0.03328927606344223,0.4899301826953888,0.4499218463897705,-0.034876253455877304,0.46263283491134644,0.4590417146682739,-0.03547830507159233,0.5766071081161499,0.5461428761482239,-0.04094686359167099,0.5389885902404785,0.4961788058280945,-0.04741375148296356,0.515243649482727,0.47258061170578003,-0.04716887325048447,0.4946260452270508,0.4555661976337433,-0.04685627296566963,0.0,0.0,0.0,0.0,0.0,0.0,0.0,0.0,0.0,0.0,0.0,0.0,0.0,0.0,0.0,0.0,0.0,0.0,0.0,0.0,0.0,0.0,0.0,0.0,0.0,0.0,0.0,0.0,0.0,0.0,0.0,0.0,0.0,0.0,0.0,0.0,0.0,0.0,0.0,0.0,0.0,0.0,0.0,0.0,0.0,0.0,0.0,0.0,0.0,0.0,0.0,0.0,0.0,0.0,0.0,0.0,0.0,0.0,0.0,0.0,0.0,0.0,0.0,drink
0.6326854228973389,0.6500382423400879,-2.430683707643766e-07,0.5751060843467712,0.6314693689346313,0.0020760896150022745,0.5309178233146667,0.5914872884750366,-0.00412202812731266,0.4927748441696167,0.5685544013977051,-0.014956649392843246,0.45853960514068604,0.5595840811729431,-0.024912068620324135,0.5700568556785583,0.4893631041049957,0.011658208444714546,0.5259590744972229,0.44226694107055664,-0.007936290465295315,0.48938095569610596,0.4446951746940613,-0.02544243074953556,0.46477222442626953,0.46281570196151733,-0.03488871082663536,0.5788544416427612,0.4852129817008972,-0.0006867811316624284,0.5220685005187988,0.43263480067253113,-0.01690641976892948,0.48494380712509155,0.43726998567581177,-0.029189620167016983,0.46024852991104126,0.45741361379623413,-0.035985562950372696,0.5830901265144348,0.49392789602279663,-0.01590830087661743,0.5293552875518799,0.43753448128700256,-0.028644077479839325,0.49158796668052673,0.4385666251182556,-0.03216151148080826,0.46518322825431824,0.45178282260894775,-0.03264499455690384,0.5798171162605286,0.513493001461029,-0.03189382702112198,0.5424104928970337,0.46407651901245117,-0.040343862026929855,0.5174501538276672,0.4442164897918701,-0.04183119162917137,0.4978826940059662,0.4339473843574524,-0.0414745919406414,0.0,0.0,0.0,0.0,0.0,0.0,0.0,0.0,0.0,0.0,0.0,0.0,0.0,0.0,0.0,0.0,0.0,0.0,0.0,0.0,0.0,0.0,0.0,0.0,0.0,0.0,0.0,0.0,0.0,0.0,0.0,0.0,0.0,0.0,0.0,0.0,0.0,0.0,0.0,0.0,0.0,0.0,0.0,0.0,0.0,0.0,0.0,0.0,0.0,0.0,0.0,0.0,0.0,0.0,0.0,0.0,0.0,0.0,0.0,0.0,0.0,0.0,0.0,drink
0.6309364438056946,0.6066251993179321,-1.93775548495978e-07,0.5801061391830444,0.6029608845710754,-0.0032868951093405485,0.5315980911254883,0.5683216452598572,-0.0056251417845487595,0.4929143786430359,0.5473499894142151,-0.013023830018937588,0.4592830538749695,0.5322686433792114,-0.01881653629243374,0.5427778363227844,0.4689289927482605,0.025112833827733994,0.5123937129974365,0.42204445600509644,0.009204638190567493,0.48076122999191284,0.41880369186401367,-0.008169436827301979,0.4572173058986664,0.4304145872592926,-0.018046772107481956,0.5500184893608093,0.4551554322242737,0.01594739966094494,0.5157167315483093,0.4026089310646057,0.004528166726231575,0.4804666042327881,0.40160730481147766,-0.007393209263682365,0.4531717896461487,0.41589516401290894,-0.013882026076316833,0.5599585175514221,0.4469662308692932,0.0019081663340330124,0.5250807404518127,0.39327847957611084,-0.008806286379694939,0.4883968234062195,0.39478954672813416,-0.014162389561533928,0.4610251188278198,0.40942007303237915,-0.01529722474515438,0.5714297294616699,0.44432470202445984,-0.014101913198828697,0.5378888249397278,0.39685314893722534,-0.02014181576669216,0.5071096420288086,0.3912355899810791,-0.020562928169965744,0.48249781131744385,0.40011143684387207,-0.019378459081053734,0.0,0.0,0.0,0.0,0.0,0.0,0.0,0.0,0.0,0.0,0.0,0.0,0.0,0.0,0.0,0.0,0.0,0.0,0.0,0.0,0.0,0.0,0.0,0.0,0.0,0.0,0.0,0.0,0.0,0.0,0.0,0.0,0.0,0.0,0.0,0.0,0.0,0.0,0.0,0.0,0.0,0.0,0.0,0.0,0.0,0.0,0.0,0.0,0.0,0.0,0.0,0.0,0.0,0.0,0.0,0.0,0.0,0.0,0.0,0.0,0.0,0.0,0.0,drink
0.6304662227630615,0.6047597527503967,-2.2932358945126907e-07,0.581049919128418,0.6021904349327087,-0.0017750123515725136,0.5332227945327759,0.5678802728652954,-0.002300900174304843,0.4951934516429901,0.545609176158905,-0.007998879998922348,0.46076521277427673,0.5298767685890198,-0.012091792188584805,0.5413617491722107,0.47544121742248535,0.028763798996806145,0.5110836029052734,0.43200209736824036,0.01487668976187706,0.4811694025993347,0.431287556886673,-0.0014486353611573577,0.45718228816986084,0.4434390366077423,-0.01117546483874321,0.5488941669464111,0.46019241213798523,0.019444933161139488,0.5133387446403503,0.4121004045009613,0.008446525782346725,0.48106127977371216,0.41282859444618225,-0.0036384176928550005,0.45614370703697205,0.4273964762687683,-0.010490098968148232,0.5594578385353088,0.4501252770423889,0.0055734748020768166,0.5234125256538391,0.40030136704444885,-0.004329748451709747,0.4904101490974426,0.3996105194091797,-0.008613703772425652,0.4656751751899719,0.41220301389694214,-0.009344150312244892,0.5717005133628845,0.4455280005931854,-0.010198082774877548,0.5397447347640991,0.398156076669693,-0.016144638881087303,0.5105020403862,0.3892761468887329,-0.016318226233124733,0.4868328273296356,0.3953939378261566,-0.015081917867064476,0.0,0.0,0.0,0.0,0.0,0.0,0.0,0.0,0.0,0.0,0.0,0.0,0.0,0.0,0.0,0.0,0.0,0.0,0.0,0.0,0.0,0.0,0.0,0.0,0.0,0.0,0.0,0.0,0.0,0.0,0.0,0.0,0.0,0.0,0.0,0.0,0.0,0.0,0.0,0.0,0.0,0.0,0.0,0.0,0.0,0.0,0.0,0.0,0.0,0.0,0.0,0.0,0.0,0.0,0.0,0.0,0.0,0.0,0.0,0.0,0.0,0.0,0.0,drink
0.6283996105194092,0.5610203742980957,-1.1986777792571957e-07,0.5796643495559692,0.5650197267532349,-0.006461283657699823,0.5298205614089966,0.5397104024887085,-0.00880995113402605,0.4903950095176697,0.518053412437439,-0.014695491641759872,0.4554441571235657,0.5021020174026489,-0.01887112855911255,0.5286113023757935,0.4476194381713867,0.02354053407907486,0.49555516242980957,0.40987810492515564,0.010696177370846272,0.4693067669868469,0.405678391456604,-0.005420987028628588,0.44782754778862,0.41563767194747925,-0.015471938997507095,0.5361530780792236,0.4298677444458008,0.017492329701781273,0.5011392831802368,0.3875333070755005,0.007174920290708542,0.4717634320259094,0.38275986909866333,-0.0057433899492025375,0.4462796151638031,0.3949328660964966,-0.013723551295697689,0.5472027659416199,0.41682013869285583,0.0068402402102947235,0.5138047337532043,0.3707456588745117,-0.002289596712216735,0.4839022755622864,0.36629360914230347,-0.008428678847849369,0.45806393027305603,0.37840569019317627,-0.011083206161856651,0.5624633431434631,0.4072524607181549,-0.00590941309928894,0.533521294593811,0.3649562895298004,-0.011706278659403324,0.5080422163009644,0.3547331690788269,-0.013235590420663357,0.4846591353416443,0.3593332767486572,-0.013341836631298065,0.0,0.0,0.0,0.0,0.0,0.0,0.0,0.0,0.0,0.0,0.0,0.0,0.0,0.0,0.0,0.0,0.0,0.0,0.0,0.0,0.0,0.0,0.0,0.0,0.0,0.0,0.0,0.0,0.0,0.0,0.0,0.0,0.0,0.0,0.0,0.0,0.0,0.0,0.0,0.0,0.0,0.0,0.0,0.0,0.0,0.0,0.0,0.0,0.0,0.0,0.0,0.0,0.0,0.0,0.0,0.0,0.0,0.0,0.0,0.0,0.0,0.0,0.0,drink
0.6281918287277222,0.5180863738059998,-1.025116844743934e-07,0.5752101540565491,0.5299127101898193,-0.006580141372978687,0.5218185186386108,0.5142064690589905,-0.006672110874205828,0.4816488027572632,0.49448296427726746,-0.01011910755187273,0.44729194045066833,0.4731115400791168,-0.011721610091626644,0.5244319438934326,0.4273955821990967,0.02810763381421566,0.4924195408821106,0.39549750089645386,0.02018945850431919,0.46866750717163086,0.38796931505203247,0.007187605369836092,0.44647520780563354,0.3890211582183838,-0.0021973238326609135,0.5325019955635071,0.40402334928512573,0.02314797043800354,0.4988139867782593,0.3689694106578827,0.016050705686211586,0.4708271622657776,0.3618066608905792,0.0036388803273439407,0.4446210265159607,0.3668386936187744,-0.0050785234197974205,0.542314350605011,0.38436800241470337,0.013600294478237629,0.5083357691764832,0.34441477060317993,0.0060992492362856865,0.48043516278266907,0.3388891816139221,-0.0006681585800834,0.4556626081466675,0.3472899794578552,-0.004356667399406433,0.5557349920272827,0.36689844727516174,0.0019838709849864244,0.5230798125267029,0.33334797620773315,-0.003505924018099904,0.4964364469051361,0.3278810977935791,-0.005506329704076052,0.4721664488315582,0.3351118564605713,-0.006291453260928392,0.0,0.0,0.0,0.0,0.0,0.0,0.0,0.0,0.0,0.0,0.0,0.0,0.0,0.0,0.0,0.0,0.0,0.0,0.0,0.0,0.0,0.0,0.0,0.0,0.0,0.0,0.0,0.0,0.0,0.0,0.0,0.0,0.0,0.0,0.0,0.0,0.0,0.0,0.0,0.0,0.0,0.0,0.0,0.0,0.0,0.0,0.0,0.0,0.0,0.0,0.0,0.0,0.0,0.0,0.0,0.0,0.0,0.0,0.0,0.0,0.0,0.0,0.0,drink
0.6176780462265015,0.5019204020500183,-9.815440193960967e-08,0.5691695809364319,0.5161119699478149,-0.006638912484049797,0.5175371766090393,0.5004761815071106,-0.003920001909136772,0.4767221212387085,0.4787851870059967,-0.004426776897162199,0.4428941607475281,0.457881897687912,-0.003296616952866316,0.5263428092002869,0.4218972623348236,0.03327328711748123,0.49331533908843994,0.3945915699005127,0.027858154848217964,0.4680279493331909,0.3896580636501312,0.016877153888344765,0.4472846984863281,0.39255237579345703,0.009281410835683346,0.5312865376472473,0.39610281586647034,0.03010343387722969,0.49665501713752747,0.36309489607810974,0.02625279128551483,0.4672638177871704,0.3551892638206482,0.015520499087870121,0.44178032875061035,0.3580699563026428,0.008131550624966621,0.5385394096374512,0.373053640127182,0.022043045610189438,0.5036954283714294,0.3374699354171753,0.017246916890144348,0.4753659963607788,0.32861438393592834,0.011601931415498257,0.45063817501068115,0.33180540800094604,0.008888875134289265,0.5491639375686646,0.35047340393066406,0.011791931465268135,0.5183700323104858,0.3181803524494171,0.008690955117344856,0.49300888180732727,0.3077208399772644,0.007437082007527351,0.46982717514038086,0.3094989061355591,0.0072594983503222466,0.0,0.0,0.0,0.0,0.0,0.0,0.0,0.0,0.0,0.0,0.0,0.0,0.0,0.0,0.0,0.0,0.0,0.0,0.0,0.0,0.0,0.0,0.0,0.0,0.0,0.0,0.0,0.0,0.0,0.0,0.0,0.0,0.0,0.0,0.0,0.0,0.0,0.0,0.0,0.0,0.0,0.0,0.0,0.0,0.0,0.0,0.0,0.0,0.0,0.0,0.0,0.0,0.0,0.0,0.0,0.0,0.0,0.0,0.0,0.0,0.0,0.0,0.0,drink
0.6104432940483093,0.498471200466156,-1.1245506925661175e-07,0.5653294920921326,0.5153883695602417,-0.008350969292223454,0.5144196152687073,0.5017038583755493,-0.006684955675154924,0.47400787472724915,0.4794103503227234,-0.007766259368509054,0.4414536952972412,0.4571783244609833,-0.007120476569980383,0.5254452228546143,0.4181382954120636,0.02938658371567726,0.4918065369129181,0.3922829329967499,0.025620870292186737,0.46512824296951294,0.38585394620895386,0.016543349251151085,0.44260090589523315,0.3866792917251587,0.009613754227757454,0.5312140583992004,0.39259329438209534,0.0269121453166008,0.49675118923187256,0.3616071343421936,0.024443794041872025,0.46665477752685547,0.35513558983802795,0.015435575507581234,0.44138896465301514,0.3581300973892212,0.008829173631966114,0.5384786128997803,0.3696213364601135,0.019747033715248108,0.504723072052002,0.334977388381958,0.015689553692936897,0.4756768047809601,0.32686612010002136,0.010909903794527054,0.4513912796974182,0.3310145139694214,0.008422031067311764,0.5486319065093994,0.3480398654937744,0.010279576294124126,0.5186386108398438,0.31756794452667236,0.006518371403217316,0.4920308589935303,0.308383047580719,0.004931421484798193,0.46868735551834106,0.31226086616516113,0.0044830190017819405,0.0,0.0,0.0,0.0,0.0,0.0,0.0,0.0,0.0,0.0,0.0,0.0,0.0,0.0,0.0,0.0,0.0,0.0,0.0,0.0,0.0,0.0,0.0,0.0,0.0,0.0,0.0,0.0,0.0,0.0,0.0,0.0,0.0,0.0,0.0,0.0,0.0,0.0,0.0,0.0,0.0,0.0,0.0,0.0,0.0,0.0,0.0,0.0,0.0,0.0,0.0,0.0,0.0,0.0,0.0,0.0,0.0,0.0,0.0,0.0,0.0,0.0,0.0,drink
0.6041627526283264,0.4925283193588257,-9.524296729068737e-08,0.560689389705658,0.5136509537696838,-0.009155918844044209,0.5094130039215088,0.5010334253311157,-0.006599328014999628,0.4682505428791046,0.4762548506259918,-0.006728102918714285,0.43421250581741333,0.4544532001018524,-0.005217000376433134,0.5221292972564697,0.4150231182575226,0.03374107927083969,0.48817282915115356,0.3915616571903229,0.03314010426402092,0.4610210955142975,0.3839872479438782,0.02546495571732521,0.43797141313552856,0.382482647895813,0.01873461902141571,0.52726811170578,0.3873696029186249,0.03199660778045654,0.4918156862258911,0.3593105375766754,0.032008737325668335,0.46053001284599304,0.35003966093063354,0.022729089483618736,0.4335138201713562,0.3491639196872711,0.015111523680388927,0.5334694385528564,0.3627302944660187,0.025256454944610596,0.49860650300979614,0.3299369215965271,0.021742457523941994,0.46773189306259155,0.32077789306640625,0.014978133141994476,0.44185885787010193,0.32444334030151367,0.010773499496281147,0.5420243144035339,0.33844637870788574,0.016234321519732475,0.5087109208106995,0.3096526861190796,0.012062342837452888,0.48009300231933594,0.30259987711906433,0.009008529596030712,0.4555279016494751,0.3081836700439453,0.007181947119534016,0.0,0.0,0.0,0.0,0.0,0.0,0.0,0.0,0.0,0.0,0.0,0.0,0.0,0.0,0.0,0.0,0.0,0.0,0.0,0.0,0.0,0.0,0.0,0.0,0.0,0.0,0.0,0.0,0.0,0.0,0.0,0.0,0.0,0.0,0.0,0.0,0.0,0.0,0.0,0.0,0.0,0.0,0.0,0.0,0.0,0.0,0.0,0.0,0.0,0.0,0.0,0.0,0.0,0.0,0.0,0.0,0.0,0.0,0.0,0.0,0.0,0.0,0.0,drink
0.6034720540046692,0.5259885191917419,-1.6034974237300048e-07,0.557895839214325,0.5375953316688538,-0.0070060845464468,0.5073617696762085,0.5187996625900269,-0.007133137434720993,0.46685004234313965,0.4991288483142853,-0.010412681847810745,0.43282729387283325,0.4825184643268585,-0.011965429410338402,0.5180642604827881,0.4315834641456604,0.025558002293109894,0.4829554259777069,0.40322229266166687,0.018389994278550148,0.45526307821273804,0.3995811641216278,0.007069454528391361,0.43369054794311523,0.40560826659202576,-0.0008199161966331303,0.5245593786239624,0.40763550996780396,0.02126419171690941,0.4871634244918823,0.37522414326667786,0.015643583610653877,0.4560689628124237,0.3703247308731079,0.00487290695309639,0.4313191771507263,0.37687838077545166,-0.003082065610215068,0.5325161814689636,0.3877016007900238,0.012441973201930523,0.49603360891342163,0.3502686619758606,0.0050178770907223225,0.46438005566596985,0.3460075557231903,-0.0026850386057049036,0.43964117765426636,0.3563861548900604,-0.007034385111182928,0.5422482490539551,0.3710244297981262,0.0017020911909639835,0.5096900463104248,0.33537545800209045,-0.004845635499805212,0.48127391934394836,0.32827138900756836,-0.008963883854448795,0.45716363191604614,0.33616527915000916,-0.011342217214405537,0.0,0.0,0.0,0.0,0.0,0.0,0.0,0.0,0.0,0.0,0.0,0.0,0.0,0.0,0.0,0.0,0.0,0.0,0.0,0.0,0.0,0.0,0.0,0.0,0.0,0.0,0.0,0.0,0.0,0.0,0.0,0.0,0.0,0.0,0.0,0.0,0.0,0.0,0.0,0.0,0.0,0.0,0.0,0.0,0.0,0.0,0.0,0.0,0.0,0.0,0.0,0.0,0.0,0.0,0.0,0.0,0.0,0.0,0.0,0.0,0.0,0.0,0.0,drink
0.5930517315864563,0.5983666181564331,-1.0331893918191781e-07,0.5549165606498718,0.5984382629394531,-0.008253614418208599,0.5065134167671204,0.559153139591217,-0.011138074100017548,0.4670313000679016,0.5311233997344971,-0.016458962112665176,0.4321531057357788,0.5146726965904236,-0.02036414109170437,0.5253875255584717,0.46027687191963196,0.011261921375989914,0.49539682269096375,0.4115762710571289,0.00013442127965390682,0.46288156509399414,0.3986186385154724,-0.011861804872751236,0.43657606840133667,0.4010385274887085,-0.01980394497513771,0.5360211730003357,0.44444915652275085,0.00576389255002141,0.5015106201171875,0.3900039792060852,-0.003765189554542303,0.46437132358551025,0.3794800341129303,-0.013146448880434036,0.4335072338581085,0.38518309593200684,-0.019145309925079346,0.5465701818466187,0.43544113636016846,-0.0032545675057917833,0.511561930179596,0.3769438862800598,-0.013486962765455246,0.4747541844844818,0.3653705418109894,-0.01784290187060833,0.44512903690338135,0.3702687621116638,-0.019198467954993248,0.5553401112556458,0.434115469455719,-0.014117011800408363,0.525132417678833,0.38060176372528076,-0.023478327319025993,0.49567538499832153,0.36434581875801086,-0.026027275249361992,0.47117486596107483,0.3649149537086487,-0.026314549148082733,0.0,0.0,0.0,0.0,0.0,0.0,0.0,0.0,0.0,0.0,0.0,0.0,0.0,0.0,0.0,0.0,0.0,0.0,0.0,0.0,0.0,0.0,0.0,0.0,0.0,0.0,0.0,0.0,0.0,0.0,0.0,0.0,0.0,0.0,0.0,0.0,0.0,0.0,0.0,0.0,0.0,0.0,0.0,0.0,0.0,0.0,0.0,0.0,0.0,0.0,0.0,0.0,0.0,0.0,0.0,0.0,0.0,0.0,0.0,0.0,0.0,0.0,0.0,drink
0.6058736443519592,0.6314428448677063,-1.7090474102587905e-07,0.5537081956863403,0.6234924793243408,-9.20642851269804e-05,0.5083491206169128,0.5844042301177979,-0.005770170595496893,0.469934344291687,0.5572749376296997,-0.01579596847295761,0.43446213006973267,0.5346173644065857,-0.024843500927090645,0.5505223274230957,0.47240570187568665,0.014724173583090305,0.5091396570205688,0.42168575525283813,0.0019186680437996984,0.4699538052082062,0.40633711218833923,-0.012174131348729134,0.4377443790435791,0.4069756865501404,-0.020936811342835426,0.5607885122299194,0.461811900138855,0.0031793517991900444,0.5088915228843689,0.40964511036872864,-0.007536532357335091,0.46687862277030945,0.3962051570415497,-0.019587500020861626,0.43373754620552063,0.399730384349823,-0.027157392352819443,0.5663152933120728,0.46064847707748413,-0.0110347094014287,0.5165708065032959,0.4063873887062073,-0.01995113119482994,0.4746158719062805,0.39054644107818604,-0.024574605748057365,0.4420197308063507,0.38906243443489075,-0.026648104190826416,0.564871072769165,0.4682651460170746,-0.026339249685406685,0.5321004390716553,0.4130479693412781,-0.03306989744305611,0.5062974691390991,0.38437139987945557,-0.03446204215288162,0.48559045791625977,0.3683764338493347,-0.0342632532119751,0.0,0.0,0.0,0.0,0.0,0.0,0.0,0.0,0.0,0.0,0.0,0.0,0.0,0.0,0.0,0.0,0.0,0.0,0.0,0.0,0.0,0.0,0.0,0.0,0.0,0.0,0.0,0.0,0.0,0.0,0.0,0.0,0.0,0.0,0.0,0.0,0.0,0.0,0.0,0.0,0.0,0.0,0.0,0.0,0.0,0.0,0.0,0.0,0.0,0.0,0.0,0.0,0.0,0.0,0.0,0.0,0.0,0.0,0.0,0.0,0.0,0.0,0.0,drink
0.6117736101150513,0.642097532749176,-1.0345478784756779e-07,0.5555559992790222,0.6272277235984802,-0.0013339552097022533,0.5103923082351685,0.5826566815376282,-0.005949803628027439,0.4715575873851776,0.5538814663887024,-0.014587732031941414,0.4364243745803833,0.5379720330238342,-0.022471506148576736,0.5570747256278992,0.47800999879837036,0.01847155950963497,0.522163450717926,0.428081214427948,0.008127753622829914,0.48980218172073364,0.40322503447532654,-0.0053335027769207954,0.4610153138637543,0.3915492296218872,-0.015059735625982285,0.5669540762901306,0.4694996476173401,0.007431891281157732,0.5218145251274109,0.4169965982437134,-0.0012023958843201399,0.4866120517253876,0.3933935761451721,-0.012093614786863327,0.4558171033859253,0.38217324018478394,-0.01962248980998993,0.5721849203109741,0.47033461928367615,-0.006771640852093697,0.5276727080345154,0.4142983555793762,-0.015231368131935596,0.4932243227958679,0.38782691955566406,-0.018570829182863235,0.46574708819389343,0.37135106325149536,-0.01998545415699482,0.5692451000213623,0.47956112027168274,-0.02247631922364235,0.5383668541908264,0.4245384931564331,-0.02840922772884369,0.5163365602493286,0.39178895950317383,-0.0282884631305933,0.49841952323913574,0.3680019676685333,-0.027448374778032303,0.0,0.0,0.0,0.0,0.0,0.0,0.0,0.0,0.0,0.0,0.0,0.0,0.0,0.0,0.0,0.0,0.0,0.0,0.0,0.0,0.0,0.0,0.0,0.0,0.0,0.0,0.0,0.0,0.0,0.0,0.0,0.0,0.0,0.0,0.0,0.0,0.0,0.0,0.0,0.0,0.0,0.0,0.0,0.0,0.0,0.0,0.0,0.0,0.0,0.0,0.0,0.0,0.0,0.0,0.0,0.0,0.0,0.0,0.0,0.0,0.0,0.0,0.0,drink
0.6093305349349976,0.7026904821395874,-1.6690059112534072e-07,0.5501719117164612,0.68144291639328,0.003314559580758214,0.5113585591316223,0.630866527557373,-0.0024223632644861937,0.47508206963539124,0.6029394865036011,-0.011614573188126087,0.43996477127075195,0.5857807397842407,-0.021140022203326225,0.5732688903808594,0.529560387134552,0.006161767523735762,0.5275379419326782,0.4829522967338562,-0.00741684902459383,0.4946291744709015,0.46520307660102844,-0.022156264632940292,0.4664793014526367,0.4600529670715332,-0.031925179064273834,0.5757521390914917,0.5300690531730652,-0.006298864725977182,0.5284642577171326,0.46657663583755493,-0.017244229093194008,0.4934445321559906,0.44455939531326294,-0.029092146083712578,0.4626825749874115,0.4370482563972473,-0.03772110119462013,0.5702706575393677,0.543391764163971,-0.019942322745919228,0.5296420454978943,0.46932151913642883,-0.028334731236100197,0.499134361743927,0.4416950047016144,-0.03269198536872864,0.4755340814590454,0.4266132712364197,-0.0357777401804924,0.553034782409668,0.5681285858154297,-0.03377094864845276,0.5283458232879639,0.5072618126869202,-0.038817498832941055,0.5117120146751404,0.47155120968818665,-0.03919369727373123,0.4991171061992645,0.44370266795158386,-0.03972691670060158,0.0,0.0,0.0,0.0,0.0,0.0,0.0,0.0,0.0,0.0,0.0,0.0,0.0,0.0,0.0,0.0,0.0,0.0,0.0,0.0,0.0,0.0,0.0,0.0,0.0,0.0,0.0,0.0,0.0,0.0,0.0,0.0,0.0,0.0,0.0,0.0,0.0,0.0,0.0,0.0,0.0,0.0,0.0,0.0,0.0,0.0,0.0,0.0,0.0,0.0,0.0,0.0,0.0,0.0,0.0,0.0,0.0,0.0,0.0,0.0,0.0,0.0,0.0,drink
0.6230264902114868,0.7455768585205078,-2.3574619945065933e-07,0.5738856196403503,0.7040280699729919,0.011661665514111519,0.5289818644523621,0.6543711423873901,0.004606340546160936,0.48452240228652954,0.6299479007720947,-0.007119112182408571,0.44726812839508057,0.6095677018165588,-0.02045867033302784,0.5797238349914551,0.5737645626068115,-0.0067558144219219685,0.5245799422264099,0.5152885317802429,-0.02473985217511654,0.48451951146125793,0.4958151578903198,-0.03874876722693443,0.455295205116272,0.4914917051792145,-0.047823477536439896,0.5775668621063232,0.583773672580719,-0.024773981422185898,0.5126035213470459,0.5082066059112549,-0.043775808066129684,0.46878618001937866,0.5030282735824585,-0.055409010499715805,0.43735045194625854,0.516882061958313,-0.0622250996530056,0.5695930123329163,0.6098277568817139,-0.04196753725409508,0.5094695091247559,0.5340284109115601,-0.05693017691373825,0.46712684631347656,0.5263054966926575,-0.06358368694782257,0.43565869331359863,0.5315548777580261,-0.06755214184522629,0.5556330680847168,0.647430956363678,-0.05767356976866722,0.523021936416626,0.5935384631156921,-0.07178807258605957,0.4958210289478302,0.5655015707015991,-0.07868530601263046,0.472029447555542,0.5451233386993408,-0.08290436118841171,0.0,0.0,0.0,0.0,0.0,0.0,0.0,0.0,0.0,0.0,0.0,0.0,0.0,0.0,0.0,0.0,0.0,0.0,0.0,0.0,0.0,0.0,0.0,0.0,0.0,0.0,0.0,0.0,0.0,0.0,0.0,0.0,0.0,0.0,0.0,0.0,0.0,0.0,0.0,0.0,0.0,0.0,0.0,0.0,0.0,0.0,0.0,0.0,0.0,0.0,0.0,0.0,0.0,0.0,0.0,0.0,0.0,0.0,0.0,0.0,0.0,0.0,0.0,drink
0.6238309144973755,0.7546529769897461,-3.117662004115118e-07,0.5903631448745728,0.6966226100921631,0.01831749640405178,0.5483440160751343,0.6471976041793823,0.011239280924201012,0.49877944588661194,0.6296079754829407,-0.002226798562332988,0.4568882882595062,0.6214041113853455,-0.01640952192246914,0.5772674083709717,0.5780706405639648,-0.010777140036225319,0.5097337365150452,0.5090236067771912,-0.03286092355847359,0.462311327457428,0.5194491147994995,-0.0443396121263504,0.437875360250473,0.5437752604484558,-0.04921668395400047,0.5737341642379761,0.5931031703948975,-0.0321430079638958,0.497041255235672,0.5113412141799927,-0.050892557948827744,0.45171862840652466,0.528904378414154,-0.054796528071165085,0.4316616356372833,0.5565646886825562,-0.05620816722512245,0.5636417269706726,0.6226935386657715,-0.05247269943356514,0.49616295099258423,0.5430436730384827,-0.06479553878307343,0.4540043771266937,0.5551174283027649,-0.06359934061765671,0.43240004777908325,0.5769184231758118,-0.06279212981462479,0.5474918484687805,0.6594797968864441,-0.07110656052827835,0.5054722428321838,0.6018482446670532,-0.0830421969294548,0.4719086289405823,0.5871599912643433,-0.08574115484952927,0.44811058044433594,0.5854675769805908,-0.08692848682403564,0.0,0.0,0.0,0.0,0.0,0.0,0.0,0.0,0.0,0.0,0.0,0.0,0.0,0.0,0.0,0.0,0.0,0.0,0.0,0.0,0.0,0.0,0.0,0.0,0.0,0.0,0.0,0.0,0.0,0.0,0.0,0.0,0.0,0.0,0.0,0.0,0.0,0.0,0.0,0.0,0.0,0.0,0.0,0.0,0.0,0.0,0.0,0.0,0.0,0.0,0.0,0.0,0.0,0.0,0.0,0.0,0.0,0.0,0.0,0.0,0.0,0.0,0.0,drink
0.6304324269294739,0.7672016620635986,-4.450581911896734e-07,0.6120411157608032,0.6925137042999268,0.023526249453425407,0.5879546999931335,0.6311068534851074,0.022766083478927612,0.5578795671463013,0.592818021774292,0.015857676044106483,0.5297442674636841,0.5714493989944458,0.007079955656081438,0.5882896184921265,0.5861509442329407,-0.014351235702633858,0.5174787044525146,0.5145692825317383,-0.03883761167526245,0.470721036195755,0.5283986330032349,-0.050094109028577805,0.44877079129219055,0.5541543364524841,-0.05301520600914955,0.5825074911117554,0.6064214706420898,-0.03546968474984169,0.5038608312606812,0.5260576009750366,-0.05672183632850647,0.4543435871601105,0.5443784594535828,-0.05882428213953972,0.43340983986854553,0.570332944393158,-0.0576409250497818,0.570946455001831,0.6387786865234375,-0.05495385453104973,0.5007477402687073,0.5625039339065552,-0.07056332379579544,0.45501279830932617,0.5735490322113037,-0.06908654421567917,0.4335964620113373,0.5936770439147949,-0.06613316386938095,0.5570132732391357,0.6767303347587585,-0.07190696150064468,0.5060198307037354,0.6131486892700195,-0.08512945473194122,0.4704824984073639,0.6037126183509827,-0.08603613078594208,0.446477472782135,0.6084553599357605,-0.08463084697723389,0.0,0.0,0.0,0.0,0.0,0.0,0.0,0.0,0.0,0.0,0.0,0.0,0.0,0.0,0.0,0.0,0.0,0.0,0.0,0.0,0.0,0.0,0.0,0.0,0.0,0.0,0.0,0.0,0.0,0.0,0.0,0.0,0.0,0.0,0.0,0.0,0.0,0.0,0.0,0.0,0.0,0.0,0.0,0.0,0.0,0.0,0.0,0.0,0.0,0.0,0.0,0.0,0.0,0.0,0.0,0.0,0.0,0.0,0.0,0.0,0.0,0.0,0.0,drink
0.6328255534172058,0.7723257541656494,-3.8581737271670136e-07,0.6158323287963867,0.694858729839325,0.024672340601682663,0.5902730822563171,0.6337211728096008,0.02407267689704895,0.5608583092689514,0.5972781181335449,0.01724810153245926,0.5317856073379517,0.5785794258117676,0.008283514529466629,0.5887697339057922,0.5885692238807678,-0.01188721414655447,0.5180848240852356,0.5178932547569275,-0.03349184989929199,0.4715423583984375,0.5263912677764893,-0.0443585142493248,0.44801193475723267,0.5470438599586487,-0.04759616777300835,0.5815292596817017,0.6115176677703857,-0.033088356256484985,0.5030989050865173,0.5353249907493591,-0.05033480376005173,0.45389819145202637,0.5481383800506592,-0.052902065217494965,0.4311046600341797,0.5689575672149658,-0.053379036486148834,0.569076657295227,0.6450573205947876,-0.0522991307079792,0.5009416937828064,0.5705800652503967,-0.06325361132621765,0.45671093463897705,0.578090488910675,-0.06135540083050728,0.4353616237640381,0.5957279205322266,-0.05946608632802963,0.5549265146255493,0.6832168102264404,-0.06904222816228867,0.5043457746505737,0.6208317875862122,-0.07678873836994171,0.4705578088760376,0.6112819910049438,-0.07510232925415039,0.44828158617019653,0.6163000464439392,-0.07286904007196426,0.0,0.0,0.0,0.0,0.0,0.0,0.0,0.0,0.0,0.0,0.0,0.0,0.0,0.0,0.0,0.0,0.0,0.0,0.0,0.0,0.0,0.0,0.0,0.0,0.0,0.0,0.0,0.0,0.0,0.0,0.0,0.0,0.0,0.0,0.0,0.0,0.0,0.0,0.0,0.0,0.0,0.0,0.0,0.0,0.0,0.0,0.0,0.0,0.0,0.0,0.0,0.0,0.0,0.0,0.0,0.0,0.0,0.0,0.0,0.0,0.0,0.0,0.0,drink
0.6312963366508484,0.745175302028656,-3.159272807806701e-07,0.5747355818748474,0.705070972442627,0.015742721036076546,0.5300559401512146,0.6567215919494629,0.008557289838790894,0.489512175321579,0.6324498653411865,-0.004456670954823494,0.4551839828491211,0.6160134077072144,-0.01686723157763481,0.5861660242080688,0.5620906352996826,-0.0020987973548471928,0.5242998600006104,0.49200451374053955,-0.022493110969662666,0.4767787456512451,0.5044196844100952,-0.03567690774798393,0.45025134086608887,0.5303165316581726,-0.0414326973259449,0.5872540473937988,0.5727795362472534,-0.02080686204135418,0.5109696388244629,0.4942481815814972,-0.037736836820840836,0.46351009607315063,0.5140762329101562,-0.044920701533555984,0.4423038959503174,0.5469759106636047,-0.048396725207567215,0.579719603061676,0.5949987173080444,-0.03909928724169731,0.5121709704399109,0.5206949710845947,-0.04816820099949837,0.46716517210006714,0.5339340567588806,-0.04798763245344162,0.44221287965774536,0.5606857538223267,-0.04766922816634178,0.5664742588996887,0.6238347887992859,-0.056267693638801575,0.5189571380615234,0.5683104991912842,-0.06075907126069069,0.48389920592308044,0.5599804520606995,-0.05960177630186081,0.458184152841568,0.5657193660736084,-0.05848927050828934,0.0,0.0,0.0,0.0,0.0,0.0,0.0,0.0,0.0,0.0,0.0,0.0,0.0,0.0,0.0,0.0,0.0,0.0,0.0,0.0,0.0,0.0,0.0,0.0,0.0,0.0,0.0,0.0,0.0,0.0,0.0,0.0,0.0,0.0,0.0,0.0,0.0,0.0,0.0,0.0,0.0,0.0,0.0,0.0,0.0,0.0,0.0,0.0,0.0,0.0,0.0,0.0,0.0,0.0,0.0,0.0,0.0,0.0,0.0,0.0,0.0,0.0,0.0,drink
0.6089143753051758,0.7114288806915283,1.0369482339456226e-07,0.5581860542297363,0.6967453956604004,-0.00807452667504549,0.5172469615936279,0.6490166187286377,-0.011114727705717087,0.48257535696029663,0.6180288195610046,-0.01469300128519535,0.4519227147102356,0.5961660146713257,-0.017170296981930733,0.5847362279891968,0.5633460879325867,0.010293290950357914,0.558890700340271,0.5114603042602539,0.008873675018548965,0.5392147898674011,0.4759587347507477,0.00269519817084074,0.5216125845909119,0.4507185220718384,-0.002824684837833047,0.5931361317634583,0.5567668080329895,0.00804217904806137,0.5648687481880188,0.5012979507446289,0.009450864046812057,0.5415821075439453,0.46681058406829834,0.004227419849485159,0.5231755375862122,0.4413694143295288,-0.0012127218069508672,0.5925743579864502,0.5580906271934509,0.0034104082733392715,0.5658813118934631,0.500751256942749,0.004339404404163361,0.5426598787307739,0.4665139615535736,0.002563808811828494,0.525388777256012,0.44304901361465454,0.0003474898694548756,0.5820204019546509,0.5670263171195984,-0.0028875393327325583,0.5587670207023621,0.5155045390129089,-0.002132134512066841,0.5414004921913147,0.48209846019744873,-0.0013069004053249955,0.528340756893158,0.45849037170410156,-0.0013274304801598191,0.6325331330299377,0.7288812398910522,-5.244526946057704e-08,0.563576340675354,0.6956278085708618,0.006478431634604931,0.5230697393417358,0.6418431997299194,0.003288265550509095,0.48583370447158813,0.6094462871551514,-0.00485154427587986,0.45180606842041016,0.59364253282547,-0.013086852617561817,0.5836540460586548,0.535335898399353,0.019475707784295082,0.5420922636985779,0.48329517245292664,0.011172163300216198,0.5131649374961853,0.46128350496292114,-0.00044101415551267564,0.4906975328922272,0.4476051330566406,-0.009353362955152988,0.5915265679359436,0.5376982688903809,0.005681197624653578,0.5394837856292725,0.47880831360816956,-0.0008610311197116971,0.5077158212661743,0.4566878080368042,-0.010730349458754063,0.48186594247817993,0.44485265016555786,-0.018865762278437614,0.5916482210159302,0.5542390942573547,-0.009928815998136997,0.5431225895881653,0.490325391292572,-0.015096256509423256,0.5123317837715149,0.46479564905166626,-0.0157394390553236,0.48930734395980835,0.4468907117843628,-0.01703290082514286,0.5802910923957825,0.5826287269592285,-0.026141280308365822,0.5488626956939697,0.5259735584259033,-0.02851986326277256,0.5301949977874756,0.49167704582214355,-0.026119353249669075,0.5159221887588501,0.4629204273223877,-0.02494155988097191,drink
0.6241248250007629,0.6796624064445496,-1.2473533672618942e-07,0.5614163875579834,0.6614495515823364,-0.0003649870050139725,0.5141074657440186,0.6123003363609314,-0.0029235922265797853,0.4760624170303345,0.582028329372406,-0.010214890353381634,0.44236111640930176,0.5628426671028137,-0.015947788953781128,0.564666211605072,0.5000172257423401,0.02569713443517685,0.5291498899459839,0.45377910137176514,0.014040865935385227,0.4913431704044342,0.4386024475097656,-0.00030034076189622283,0.46293455362319946,0.43790221214294434,-0.009401636198163033,0.5744668245315552,0.49125605821609497,0.014402639120817184,0.5283079147338867,0.43484795093536377,0.006199134048074484,0.4876614212989807,0.4238964319229126,-0.002731912536546588,0.4558221995830536,0.4275388717651367,-0.007754193153232336,0.5781812071800232,0.4944310784339905,-0.0011403285898268223,0.5312477946281433,0.43504929542541504,-0.009921985678374767,0.48996609449386597,0.42167016863822937,-0.011469131335616112,0.45856672525405884,0.42200079560279846,-0.010424907319247723,0.5729314684867859,0.5087554454803467,-0.0184096060693264,0.5355020761489868,0.45243313908576965,-0.02396896667778492,0.5059561729431152,0.4274117350578308,-0.02260516956448555,0.48201805353164673,0.4159138798713684,-0.019900644198060036,0.0,0.0,0.0,0.0,0.0,0.0,0.0,0.0,0.0,0.0,0.0,0.0,0.0,0.0,0.0,0.0,0.0,0.0,0.0,0.0,0.0,0.0,0.0,0.0,0.0,0.0,0.0,0.0,0.0,0.0,0.0,0.0,0.0,0.0,0.0,0.0,0.0,0.0,0.0,0.0,0.0,0.0,0.0,0.0,0.0,0.0,0.0,0.0,0.0,0.0,0.0,0.0,0.0,0.0,0.0,0.0,0.0,0.0,0.0,0.0,0.0,0.0,0.0,drink
0.6175358295440674,0.651620090007782,-1.7746995695233636e-07,0.5641221404075623,0.6414011120796204,0.0021044472232460976,0.5149247050285339,0.5952479243278503,0.004109520465135574,0.4760560691356659,0.5700011253356934,0.0002532409271225333,0.443143367767334,0.5511772632598877,-0.0021903025917708874,0.5467031598091125,0.493824303150177,0.03255883976817131,0.5170400142669678,0.44776809215545654,0.02403617464005947,0.4834272265434265,0.42999720573425293,0.012449597008526325,0.4577311873435974,0.42708820104599,0.004794710781425238,0.5551481246948242,0.4788224995136261,0.02062208019196987,0.5190305113792419,0.42106345295906067,0.016352953389286995,0.48240241408348083,0.4077655076980591,0.010860740207135677,0.45424172282218933,0.41238078474998474,0.007559518795460463,0.5620740056037903,0.4723667502403259,0.0040514725260436535,0.5240428447723389,0.4122058153152466,-0.00321334321051836,0.48477911949157715,0.400993287563324,-0.003930539824068546,0.45634374022483826,0.4059288501739502,-0.0025658681988716125,0.5644928216934204,0.47456252574920654,-0.014367862604558468,0.5303764939308167,0.4189026355743408,-0.020581187680363655,0.497705340385437,0.40218544006347656,-0.01948363520205021,0.4712410271167755,0.40416958928108215,-0.017124827951192856,0.0,0.0,0.0,0.0,0.0,0.0,0.0,0.0,0.0,0.0,0.0,0.0,0.0,0.0,0.0,0.0,0.0,0.0,0.0,0.0,0.0,0.0,0.0,0.0,0.0,0.0,0.0,0.0,0.0,0.0,0.0,0.0,0.0,0.0,0.0,0.0,0.0,0.0,0.0,0.0,0.0,0.0,0.0,0.0,0.0,0.0,0.0,0.0,0.0,0.0,0.0,0.0,0.0,0.0,0.0,0.0,0.0,0.0,0.0,0.0,0.0,0.0,0.0,drink
0.6160624027252197,0.6477127075195312,-1.83105356654778e-07,0.5640497803688049,0.6391936540603638,0.00255737011320889,0.5140290856361389,0.596430778503418,0.004187693819403648,0.4752463400363922,0.5695325136184692,-0.00013261419371701777,0.44181638956069946,0.5485053658485413,-0.00276521616615355,0.5487140417098999,0.4886060953140259,0.0353248156607151,0.5173826217651367,0.44589003920555115,0.030033808201551437,0.4849252998828888,0.428438276052475,0.020501593127846718,0.4590133726596832,0.42382633686065674,0.013383408077061176,0.5577713847160339,0.47490671277046204,0.023053236305713654,0.519451379776001,0.42408475279808044,0.02050444483757019,0.48541396856307983,0.4111922085285187,0.015383915975689888,0.45750248432159424,0.41271787881851196,0.011816462501883507,0.5638904571533203,0.46933311223983765,0.006342689506709576,0.5235956311225891,0.41606491804122925,-0.00031618154025636613,0.4880751371383667,0.40385186672210693,-0.00010675486555555835,0.46133580803871155,0.4068228006362915,0.0016579453367739916,0.5633835792541504,0.4734782576560974,-0.012127193622291088,0.5273092985153198,0.4215189218521118,-0.018480461090803146,0.49696311354637146,0.40271279215812683,-0.016967127099633217,0.4719225764274597,0.4014531672000885,-0.014394176192581654,0.0,0.0,0.0,0.0,0.0,0.0,0.0,0.0,0.0,0.0,0.0,0.0,0.0,0.0,0.0,0.0,0.0,0.0,0.0,0.0,0.0,0.0,0.0,0.0,0.0,0.0,0.0,0.0,0.0,0.0,0.0,0.0,0.0,0.0,0.0,0.0,0.0,0.0,0.0,0.0,0.0,0.0,0.0,0.0,0.0,0.0,0.0,0.0,0.0,0.0,0.0,0.0,0.0,0.0,0.0,0.0,0.0,0.0,0.0,0.0,0.0,0.0,0.0,drink
0.6135318279266357,0.6092370748519897,-2.1983598230690404e-07,0.5606693625450134,0.6071412563323975,-0.0034042077604681253,0.5079620480537415,0.5689719319343567,-0.004268543794751167,0.46703267097473145,0.5436326265335083,-0.010370366275310516,0.43117401003837585,0.5249752402305603,-0.014972391538321972,0.5210829973220825,0.47398442029953003,0.029132923111319542,0.4898934066295624,0.4310545027256012,0.014195072464644909,0.45833998918533325,0.4278528094291687,-0.003458096645772457,0.43379902839660645,0.44132936000823975,-0.013610557653009892,0.5293052196502686,0.4558815658092499,0.020107388496398926,0.4961453974246979,0.40079718828201294,0.008566568605601788,0.46008291840553284,0.4004841446876526,-0.0041357954032719135,0.43229082226753235,0.42092910408973694,-0.010666838847100735,0.5413779616355896,0.4445212483406067,0.005956987384706736,0.5085470080375671,0.3851786255836487,-0.005457853898406029,0.4706498086452484,0.3869723677635193,-0.011771936900913715,0.4432505965232849,0.40754058957099915,-0.012897307984530926,0.5556463599205017,0.4389088451862335,-0.010159874334931374,0.523942768573761,0.3873695433139801,-0.017271796241402626,0.49137112498283386,0.381864070892334,-0.018435386940836906,0.4660477638244629,0.3948090672492981,-0.01738273724913597,0.0,0.0,0.0,0.0,0.0,0.0,0.0,0.0,0.0,0.0,0.0,0.0,0.0,0.0,0.0,0.0,0.0,0.0,0.0,0.0,0.0,0.0,0.0,0.0,0.0,0.0,0.0,0.0,0.0,0.0,0.0,0.0,0.0,0.0,0.0,0.0,0.0,0.0,0.0,0.0,0.0,0.0,0.0,0.0,0.0,0.0,0.0,0.0,0.0,0.0,0.0,0.0,0.0,0.0,0.0,0.0,0.0,0.0,0.0,0.0,0.0,0.0,0.0,drink
0.6064476370811462,0.5708860158920288,-2.0968266767340538e-07,0.5554509162902832,0.574878454208374,-0.0037648158613592386,0.5055873990058899,0.5450117588043213,-0.0024772724136710167,0.4664715528488159,0.5195171236991882,-0.006033408921211958,0.43202754855155945,0.5006924867630005,-0.007731913588941097,0.5160025358200073,0.44886523485183716,0.035390980541706085,0.4826604425907135,0.41361498832702637,0.024502115324139595,0.4533229172229767,0.41511696577072144,0.008684834465384483,0.43223121762275696,0.43093812465667725,-0.0006752469926141202,0.5224854350090027,0.42888954281806946,0.028188638389110565,0.488131582736969,0.3809071183204651,0.02079012431204319,0.45386967062950134,0.3833386301994324,0.00911001581698656,0.4300454258918762,0.40529119968414307,0.002376861870288849,0.5316429138183594,0.41463369131088257,0.015598893165588379,0.4983566105365753,0.36319631338119507,0.007872505113482475,0.46380603313446045,0.36752796173095703,0.0024872159119695425,0.441352903842926,0.389204204082489,0.0011157254921272397,0.5427873730659485,0.4043695628643036,0.0008000320522114635,0.5118981003761292,0.36018767952919006,-0.003820455865934491,0.48130813241004944,0.36065202951431274,-0.004144135396927595,0.4589717388153076,0.37852853536605835,-0.0029961830005049706,0.0,0.0,0.0,0.0,0.0,0.0,0.0,0.0,0.0,0.0,0.0,0.0,0.0,0.0,0.0,0.0,0.0,0.0,0.0,0.0,0.0,0.0,0.0,0.0,0.0,0.0,0.0,0.0,0.0,0.0,0.0,0.0,0.0,0.0,0.0,0.0,0.0,0.0,0.0,0.0,0.0,0.0,0.0,0.0,0.0,0.0,0.0,0.0,0.0,0.0,0.0,0.0,0.0,0.0,0.0,0.0,0.0,0.0,0.0,0.0,0.0,0.0,0.0,drink
0.6007938981056213,0.5574027895927429,-2.407430486073281e-07,0.5519407987594604,0.5640263557434082,0.0019231714541092515,0.4995867908000946,0.535724401473999,0.008398467674851418,0.4604291021823883,0.5122500658035278,0.008895233273506165,0.426596999168396,0.49329471588134766,0.010771903209388256,0.5142801403999329,0.44412392377853394,0.04698285460472107,0.4807978570461273,0.4177073538303375,0.043985869735479355,0.45235711336135864,0.41829913854599,0.033653248101472855,0.43062683939933777,0.43004941940307617,0.027025340124964714,0.5196731686592102,0.421535849571228,0.03858445584774017,0.4850163459777832,0.3825404644012451,0.038917090743780136,0.4535057842731476,0.38389211893081665,0.03110940009355545,0.4293430745601654,0.40083542466163635,0.026034142822027206,0.5277867317199707,0.40333449840545654,0.025193357840180397,0.49401482939720154,0.35934996604919434,0.0228668712079525,0.4626735746860504,0.3623540997505188,0.02032407559454441,0.44105881452560425,0.38161998987197876,0.02007308043539524,0.5364904999732971,0.3888162076473236,0.009929868392646313,0.5037180781364441,0.35106366872787476,0.009021244011819363,0.4744842052459717,0.35221073031425476,0.011076298542320728,0.4532306492328644,0.3687405586242676,0.013517380692064762,0.0,0.0,0.0,0.0,0.0,0.0,0.0,0.0,0.0,0.0,0.0,0.0,0.0,0.0,0.0,0.0,0.0,0.0,0.0,0.0,0.0,0.0,0.0,0.0,0.0,0.0,0.0,0.0,0.0,0.0,0.0,0.0,0.0,0.0,0.0,0.0,0.0,0.0,0.0,0.0,0.0,0.0,0.0,0.0,0.0,0.0,0.0,0.0,0.0,0.0,0.0,0.0,0.0,0.0,0.0,0.0,0.0,0.0,0.0,0.0,0.0,0.0,0.0,drink
0.596920907497406,0.5430576205253601,-2.764120665688097e-07,0.5507097244262695,0.552386462688446,-0.0010370516683906317,0.49845245480537415,0.5305735468864441,0.0038037793710827827,0.45913559198379517,0.5074946880340576,0.003787771100178361,0.4262601137161255,0.4873961806297302,0.005033574532717466,0.5166358351707458,0.4443286061286926,0.03907742723822594,0.4813207983970642,0.4217650592327118,0.03598674014210701,0.45192956924438477,0.420315682888031,0.026129504665732384,0.4290712773799896,0.42770516872406006,0.019203025847673416,0.5208309888839722,0.4191827178001404,0.0327155776321888,0.4847950041294098,0.3871154189109802,0.033088166266679764,0.45188525319099426,0.3871619999408722,0.024855177849531174,0.42668092250823975,0.40020695328712463,0.018414145335555077,0.5271152853965759,0.39707279205322266,0.021831786260008812,0.49283623695373535,0.358431875705719,0.019862530753016472,0.460453599691391,0.3600255250930786,0.016088450327515602,0.43713274598121643,0.37641701102256775,0.013987352140247822,0.5349954962730408,0.3780348598957062,0.00905465055257082,0.5028758645057678,0.34410983324050903,0.007294825278222561,0.47264373302459717,0.34477365016937256,0.007903464138507843,0.4494894742965698,0.3609308898448944,0.008807172067463398,0.0,0.0,0.0,0.0,0.0,0.0,0.0,0.0,0.0,0.0,0.0,0.0,0.0,0.0,0.0,0.0,0.0,0.0,0.0,0.0,0.0,0.0,0.0,0.0,0.0,0.0,0.0,0.0,0.0,0.0,0.0,0.0,0.0,0.0,0.0,0.0,0.0,0.0,0.0,0.0,0.0,0.0,0.0,0.0,0.0,0.0,0.0,0.0,0.0,0.0,0.0,0.0,0.0,0.0,0.0,0.0,0.0,0.0,0.0,0.0,0.0,0.0,0.0,drink
0.5970526337623596,0.536575973033905,-2.7750181175179023e-07,0.551619291305542,0.5507734417915344,-0.0016971845179796219,0.499725878238678,0.5322261452674866,0.002752576721832156,0.459653377532959,0.5095386505126953,0.0024157066363841295,0.4272063672542572,0.48815780878067017,0.0035477124620229006,0.5131306052207947,0.4456407427787781,0.04094260185956955,0.48074859380722046,0.4293823838233948,0.03736170753836632,0.45792853832244873,0.433179646730423,0.026621533557772636,0.4417133331298828,0.4440874457359314,0.01943894661962986,0.5172634720802307,0.41857996582984924,0.03499889746308327,0.48205235600471497,0.3926246762275696,0.035010576248168945,0.45220160484313965,0.3938687741756439,0.026427527889609337,0.42989566922187805,0.4066173732280731,0.02002015896141529,0.5241155624389648,0.39600032567977905,0.02412460744380951,0.4889012575149536,0.3621963858604431,0.020704982802271843,0.4579150974750519,0.36455780267715454,0.01633320562541485,0.436303973197937,0.3811342120170593,0.014496474526822567,0.5330719351768494,0.3766474723815918,0.011383199132978916,0.49968221783638,0.34561431407928467,0.00810830108821392,0.4697485864162445,0.34574463963508606,0.007688472978770733,0.4466869533061981,0.360385000705719,0.008326929993927479,0.0,0.0,0.0,0.0,0.0,0.0,0.0,0.0,0.0,0.0,0.0,0.0,0.0,0.0,0.0,0.0,0.0,0.0,0.0,0.0,0.0,0.0,0.0,0.0,0.0,0.0,0.0,0.0,0.0,0.0,0.0,0.0,0.0,0.0,0.0,0.0,0.0,0.0,0.0,0.0,0.0,0.0,0.0,0.0,0.0,0.0,0.0,0.0,0.0,0.0,0.0,0.0,0.0,0.0,0.0,0.0,0.0,0.0,0.0,0.0,0.0,0.0,0.0,drink
0.598642885684967,0.534990668296814,-2.1940654448826535e-07,0.5524923801422119,0.547923743724823,-0.005257945973426104,0.5012491941452026,0.5290608406066895,-0.0020106087904423475,0.4611034393310547,0.5052438974380493,-0.002763256663456559,0.4271143972873688,0.4831545352935791,-0.0019950636196881533,0.5180889964103699,0.44150522351264954,0.035767290741205215,0.4836474061012268,0.42270350456237793,0.03368232026696205,0.45523080229759216,0.41972002387046814,0.025295739993453026,0.43174365162849426,0.4233842194080353,0.01866270788013935,0.5228383541107178,0.4159277677536011,0.030935563147068024,0.48814985156059265,0.3878004848957062,0.030549390241503716,0.4558323621749878,0.38664114475250244,0.022656237706542015,0.4292834401130676,0.39499637484550476,0.01649845764040947,0.5294380784034729,0.3939740061759949,0.02125963568687439,0.4951243996620178,0.3586786985397339,0.01679147779941559,0.4634026885032654,0.35841235518455505,0.012100717052817345,0.43939676880836487,0.37142762541770935,0.009863407351076603,0.5373836159706116,0.3746296465396881,0.009481282904744148,0.5056535601615906,0.34068113565444946,0.004798428155481815,0.4756574034690857,0.33784279227256775,0.0034036864526569843,0.4516809582710266,0.34945929050445557,0.0032148442696779966,0.0,0.0,0.0,0.0,0.0,0.0,0.0,0.0,0.0,0.0,0.0,0.0,0.0,0.0,0.0,0.0,0.0,0.0,0.0,0.0,0.0,0.0,0.0,0.0,0.0,0.0,0.0,0.0,0.0,0.0,0.0,0.0,0.0,0.0,0.0,0.0,0.0,0.0,0.0,0.0,0.0,0.0,0.0,0.0,0.0,0.0,0.0,0.0,0.0,0.0,0.0,0.0,0.0,0.0,0.0,0.0,0.0,0.0,0.0,0.0,0.0,0.0,0.0,drink
0.599499523639679,0.5427554249763489,-1.906954594232957e-07,0.5549605488777161,0.5549860000610352,-0.004937149118632078,0.5046855211257935,0.5316309332847595,-0.00284999655559659,0.46541932225227356,0.5094674229621887,-0.004663392901420593,0.4319399893283844,0.48698732256889343,-0.004376472905278206,0.5162611603736877,0.4329588711261749,0.0333268828690052,0.48081114888191223,0.4086710512638092,0.02761448733508587,0.4517843425273895,0.4071018695831299,0.016747096553444862,0.43084317445755005,0.4166868329048157,0.009792113676667213,0.5218285322189331,0.41070079803466797,0.027814628556370735,0.4861801266670227,0.3756921887397766,0.02534245327115059,0.45458585023880005,0.37488701939582825,0.017540249973535538,0.4320403039455414,0.3896064758300781,0.012576847337186337,0.5295078754425049,0.3933361768722534,0.017332805320620537,0.4946635365486145,0.3536524772644043,0.012767182663083076,0.4636909067630768,0.3542879521846771,0.009673045948147774,0.4430275559425354,0.37064969539642334,0.009199151769280434,0.538612425327301,0.37990880012512207,0.004570593126118183,0.5078140497207642,0.3421783745288849,0.0008464317070320249,0.4788839817047119,0.3390636146068573,0.0005427026189863682,0.4575376510620117,0.35238030552864075,0.0016463234787806869,0.0,0.0,0.0,0.0,0.0,0.0,0.0,0.0,0.0,0.0,0.0,0.0,0.0,0.0,0.0,0.0,0.0,0.0,0.0,0.0,0.0,0.0,0.0,0.0,0.0,0.0,0.0,0.0,0.0,0.0,0.0,0.0,0.0,0.0,0.0,0.0,0.0,0.0,0.0,0.0,0.0,0.0,0.0,0.0,0.0,0.0,0.0,0.0,0.0,0.0,0.0,0.0,0.0,0.0,0.0,0.0,0.0,0.0,0.0,0.0,0.0,0.0,0.0,drink
0.5969483256340027,0.5579295754432678,-2.1252314752473467e-07,0.551228404045105,0.5659264922142029,0.00021115937852300704,0.5028267502784729,0.530224621295929,0.0024807045701891184,0.4665401577949524,0.5079448223114014,-0.0008397835190407932,0.4328439235687256,0.4907006323337555,-0.0023768518585711718,0.51649010181427,0.42265790700912476,0.03095000609755516,0.48672613501548767,0.3799022436141968,0.02124110609292984,0.45758840441703796,0.3813972473144531,0.008154690265655518,0.43785640597343445,0.39799079298973083,0.0003218110359739512,0.5254587531089783,0.40793314576148987,0.019878314808011055,0.4911487400531769,0.3520420789718628,0.011201012879610062,0.4557614326477051,0.3569694757461548,0.000664620369207114,0.43434277176856995,0.38307303190231323,-0.00461379112675786,0.536789059638977,0.4003579616546631,0.004451010841876268,0.501228928565979,0.33977940678596497,-0.0056166755966842175,0.463509738445282,0.3466978371143341,-0.011528044939041138,0.4416296184062958,0.3724592328071594,-0.01250615157186985,0.5472543239593506,0.3999774158000946,-0.012615086510777473,0.5126768350601196,0.34814170002937317,-0.021431881934404373,0.47902873158454895,0.34700754284858704,-0.024568185210227966,0.4570939838886261,0.36609330773353577,-0.024678096175193787,0.0,0.0,0.0,0.0,0.0,0.0,0.0,0.0,0.0,0.0,0.0,0.0,0.0,0.0,0.0,0.0,0.0,0.0,0.0,0.0,0.0,0.0,0.0,0.0,0.0,0.0,0.0,0.0,0.0,0.0,0.0,0.0,0.0,0.0,0.0,0.0,0.0,0.0,0.0,0.0,0.0,0.0,0.0,0.0,0.0,0.0,0.0,0.0,0.0,0.0,0.0,0.0,0.0,0.0,0.0,0.0,0.0,0.0,0.0,0.0,0.0,0.0,0.0,drink
0.603224515914917,0.5636294484138489,-2.575881694610871e-07,0.551963746547699,0.5684443116188049,0.00012916642299387604,0.5024597644805908,0.5319046378135681,0.001015625661239028,0.4643528163433075,0.5103246569633484,-0.0041835424490273,0.4294110834598541,0.49296027421951294,-0.007710274308919907,0.518561065196991,0.4249616861343384,0.03278568014502525,0.48996493220329285,0.3811241090297699,0.02291046269237995,0.46091824769973755,0.38062721490859985,0.009542758576571941,0.44059985876083374,0.39467447996139526,0.0011683654738590121,0.5280717015266418,0.41032058000564575,0.02118733897805214,0.49456173181533813,0.3541705012321472,0.012628220953047276,0.4598056674003601,0.3598023056983948,0.002503311960026622,0.43713369965553284,0.38376784324645996,-0.0028382614254951477,0.5397863388061523,0.40317851305007935,0.004875240381807089,0.5046031475067139,0.3428843915462494,-0.00488116592168808,0.46722662448883057,0.349979966878891,-0.01003960333764553,0.44396162033081055,0.37404167652130127,-0.011154945008456707,0.5509896278381348,0.4024718105792999,-0.01322947721928358,0.5164751410484314,0.3516080975532532,-0.02122245728969574,0.48201441764831543,0.35026299953460693,-0.023857252672314644,0.4575890898704529,0.36741015315055847,-0.024250924587249756,0.0,0.0,0.0,0.0,0.0,0.0,0.0,0.0,0.0,0.0,0.0,0.0,0.0,0.0,0.0,0.0,0.0,0.0,0.0,0.0,0.0,0.0,0.0,0.0,0.0,0.0,0.0,0.0,0.0,0.0,0.0,0.0,0.0,0.0,0.0,0.0,0.0,0.0,0.0,0.0,0.0,0.0,0.0,0.0,0.0,0.0,0.0,0.0,0.0,0.0,0.0,0.0,0.0,0.0,0.0,0.0,0.0,0.0,0.0,0.0,0.0,0.0,0.0,drink
0.6095487475395203,0.5997301340103149,-2.6368380190433527e-07,0.5544595718383789,0.5853866338729858,0.006855028681457043,0.51094651222229,0.5424389839172363,0.0021105394698679447,0.47323018312454224,0.5236756801605225,-0.007433293852955103,0.43968796730041504,0.5155179500579834,-0.01651833765208721,0.558538019657135,0.4299721419811249,0.008787722326815128,0.5054447650909424,0.38397395610809326,-0.009925506077706814,0.46457651257514954,0.3913421332836151,-0.026236215606331825,0.43851226568222046,0.415561705827713,-0.03546871617436409,0.5636246204376221,0.42638006806373596,-0.006621276028454304,0.501444399356842,0.3690118193626404,-0.023794246837496758,0.45928284525871277,0.37886279821395874,-0.03626886010169983,0.4300033748149872,0.4070349931716919,-0.043076857924461365,0.5625867247581482,0.4385893940925598,-0.023615198209881783,0.5048364996910095,0.3730296492576599,-0.036668386310338974,0.46660661697387695,0.37726426124572754,-0.04004232957959175,0.43911027908325195,0.39467620849609375,-0.040872056037187576,0.5525210499763489,0.46580830216407776,-0.04065094143152237,0.5206750631332397,0.4128754734992981,-0.049893688410520554,0.49993231892585754,0.3865066468715668,-0.05240166559815407,0.4831543564796448,0.36727118492126465,-0.053459253162145615,0.0,0.0,0.0,0.0,0.0,0.0,0.0,0.0,0.0,0.0,0.0,0.0,0.0,0.0,0.0,0.0,0.0,0.0,0.0,0.0,0.0,0.0,0.0,0.0,0.0,0.0,0.0,0.0,0.0,0.0,0.0,0.0,0.0,0.0,0.0,0.0,0.0,0.0,0.0,0.0,0.0,0.0,0.0,0.0,0.0,0.0,0.0,0.0,0.0,0.0,0.0,0.0,0.0,0.0,0.0,0.0,0.0,0.0,0.0,0.0,0.0,0.0,0.0,drink
0.5933449268341064,0.6059076189994812,1.7511119665414299e-07,0.5482050180435181,0.5982937812805176,-0.004669431131333113,0.5058715343475342,0.5649539828300476,-0.009249787777662277,0.4720660150051117,0.5498835444450378,-0.014925405383110046,0.4421245753765106,0.5404642820358276,-0.02013966627418995,0.5511296391487122,0.4837702512741089,0.004623179789632559,0.5224170088768005,0.4383469521999359,0.0013935997849330306,0.5061512589454651,0.4086347222328186,-0.003131950506940484,0.493202805519104,0.3869944214820862,-0.006738149560987949,0.5628364086151123,0.4777947962284088,0.00035775225842371583,0.5307469367980957,0.43071532249450684,-0.0007559509831480682,0.5105592608451843,0.40474390983581543,-0.004633915610611439,0.49552199244499207,0.3852202892303467,-0.008230208419263363,0.5663335919380188,0.4804600477218628,-0.005322159267961979,0.5335012078285217,0.43448683619499207,-0.00632599089294672,0.5124753713607788,0.408925861120224,-0.0060478500090539455,0.497462660074234,0.39000827074050903,-0.0062255715020000935,0.5614685416221619,0.49203506112098694,-0.011994216591119766,0.53192538022995,0.4518108069896698,-0.012463015504181385,0.5132061243057251,0.42700910568237305,-0.010333317331969738,0.49908700585365295,0.410510390996933,-0.00894236471503973,0.6211475729942322,0.6362265348434448,8.941383811134074e-08,0.5510269999504089,0.6083735227584839,0.007079338189214468,0.5107282996177673,0.5684683918952942,0.0013767726486548781,0.47342705726623535,0.5530276298522949,-0.008950692601501942,0.4404931664466858,0.5455983281135559,-0.021197644993662834,0.560743510723114,0.47323569655418396,0.007870068773627281,0.5238115191459656,0.41927656531333923,0.000174482207512483,0.5063973665237427,0.3883698582649231,-0.010012911632657051,0.4905599355697632,0.35996782779693604,-0.019008971750736237,0.565413236618042,0.4769718050956726,-0.007199576124548912,0.5186010003089905,0.41153931617736816,-0.012799862772226334,0.49708840250968933,0.3794803023338318,-0.02125590667128563,0.48312562704086304,0.3524273633956909,-0.029507679864764214,0.5620481371879578,0.49771207571029663,-0.022837651893496513,0.5179601907730103,0.42891383171081543,-0.02853349782526493,0.4962373375892639,0.3963884115219116,-0.0312541238963604,0.481582373380661,0.36946895718574524,-0.03492574393749237,0.5497400164604187,0.5333878993988037,-0.03836667537689209,0.5210856199264526,0.4850672781467438,-0.04289725422859192,0.5039623379707336,0.4552084505558014,-0.04205937683582306,0.48949235677719116,0.4290013909339905,-0.04275895282626152,drink
0.6200904846191406,0.6522749662399292,-1.7212822456258436e-07,0.5876180529594421,0.5934628844261169,0.020628098398447037,0.5432568788528442,0.5611544251441956,0.014495978131890297,0.495386004447937,0.5618910789489746,0.0016956849722191691,0.4545643627643585,0.5679547786712646,-0.013400537893176079,0.5644968748092651,0.4968312978744507,-0.007614281494170427,0.5051161646842957,0.43922996520996094,-0.026696931570768356,0.4633544385433197,0.4288327693939209,-0.03750588372349739,0.4378296732902527,0.43139520287513733,-0.042828481644392014,0.5601402521133423,0.5121747255325317,-0.029537348076701164,0.4885566532611847,0.4465641677379608,-0.04617367684841156,0.44706451892852783,0.4529132544994354,-0.0509585402905941,0.4253750443458557,0.4693160057067871,-0.05333855748176575,0.5518190860748291,0.5411885976791382,-0.04998132959008217,0.4830338656902313,0.4782610535621643,-0.06175357103347778,0.44314655661582947,0.48590630292892456,-0.0616188608109951,0.42133185267448425,0.501683235168457,-0.06134393811225891,0.5393980145454407,0.5789141058921814,-0.06832664459943771,0.49380001425743103,0.5313562750816345,-0.079737588763237,0.4619275629520416,0.5172646045684814,-0.08191234618425369,0.43975144624710083,0.5132303833961487,-0.08252479881048203,0.0,0.0,0.0,0.0,0.0,0.0,0.0,0.0,0.0,0.0,0.0,0.0,0.0,0.0,0.0,0.0,0.0,0.0,0.0,0.0,0.0,0.0,0.0,0.0,0.0,0.0,0.0,0.0,0.0,0.0,0.0,0.0,0.0,0.0,0.0,0.0,0.0,0.0,0.0,0.0,0.0,0.0,0.0,0.0,0.0,0.0,0.0,0.0,0.0,0.0,0.0,0.0,0.0,0.0,0.0,0.0,0.0,0.0,0.0,0.0,0.0,0.0,0.0,drink
0.6260469555854797,0.6694542169570923,-2.4595445324848697e-07,0.5950363278388977,0.6119870543479919,0.01785885915160179,0.5477855205535889,0.5736416578292847,0.011671707965433598,0.4990248680114746,0.5738434195518494,-0.00010447939712321386,0.4597291946411133,0.5788246989250183,-0.013107008300721645,0.5635144114494324,0.511694073677063,-0.013952955603599548,0.4993709921836853,0.4517633616924286,-0.037007179111242294,0.4554862678050995,0.46170806884765625,-0.049342118203639984,0.4331953525543213,0.4843961000442505,-0.0541251003742218,0.5589842200279236,0.5326735973358154,-0.03395944833755493,0.4851280748844147,0.4688866138458252,-0.05393356457352638,0.44005876779556274,0.48481401801109314,-0.05949884653091431,0.4190633296966553,0.5083668231964111,-0.06158091127872467,0.5521580576896667,0.5655806064605713,-0.05276796594262123,0.483694463968277,0.508575439453125,-0.06572247296571732,0.4413106441497803,0.5179851651191711,-0.06645339727401733,0.419388085603714,0.5342255234718323,-0.06627462804317474,0.5437212586402893,0.6034552454948425,-0.06966221332550049,0.49437737464904785,0.5593794584274292,-0.07908716797828674,0.4614548683166504,0.5495672225952148,-0.08020924776792526,0.4405589997768402,0.54962158203125,-0.08015137910842896,0.0,0.0,0.0,0.0,0.0,0.0,0.0,0.0,0.0,0.0,0.0,0.0,0.0,0.0,0.0,0.0,0.0,0.0,0.0,0.0,0.0,0.0,0.0,0.0,0.0,0.0,0.0,0.0,0.0,0.0,0.0,0.0,0.0,0.0,0.0,0.0,0.0,0.0,0.0,0.0,0.0,0.0,0.0,0.0,0.0,0.0,0.0,0.0,0.0,0.0,0.0,0.0,0.0,0.0,0.0,0.0,0.0,0.0,0.0,0.0,0.0,0.0,0.0,drink
0.6283538937568665,0.6735330820083618,-2.8755223979715083e-07,0.5932232141494751,0.6181190609931946,0.024660976603627205,0.546511173248291,0.5794206261634827,0.02151200734078884,0.499595582485199,0.5766664743423462,0.0114735784009099,0.46144533157348633,0.5818959474563599,0.00010517865302972496,0.562747061252594,0.510648250579834,-0.008239769376814365,0.4935878813266754,0.45528095960617065,-0.02904631569981575,0.44799989461898804,0.46794605255126953,-0.03862593322992325,0.4228180944919586,0.4936067461967468,-0.041493985801935196,0.5610882639884949,0.5279726386070251,-0.03177393972873688,0.4818713963031769,0.46322888135910034,-0.05037795379757881,0.4372900128364563,0.48358795046806335,-0.05347799137234688,0.41724973917007446,0.5140145421028137,-0.053390808403491974,0.5551261305809021,0.5593845844268799,-0.053569767624139786,0.48455744981765747,0.4983671009540558,-0.06566958874464035,0.4422781467437744,0.5124177932739258,-0.06450443714857101,0.4202859103679657,0.5360069274902344,-0.06275957822799683,0.5452195405960083,0.5984997749328613,-0.07289417088031769,0.4942697286605835,0.5467275977134705,-0.0827600508928299,0.46091803908348083,0.5401402115821838,-0.08312105387449265,0.4391326606273651,0.5471963882446289,-0.08219119161367416,0.0,0.0,0.0,0.0,0.0,0.0,0.0,0.0,0.0,0.0,0.0,0.0,0.0,0.0,0.0,0.0,0.0,0.0,0.0,0.0,0.0,0.0,0.0,0.0,0.0,0.0,0.0,0.0,0.0,0.0,0.0,0.0,0.0,0.0,0.0,0.0,0.0,0.0,0.0,0.0,0.0,0.0,0.0,0.0,0.0,0.0,0.0,0.0,0.0,0.0,0.0,0.0,0.0,0.0,0.0,0.0,0.0,0.0,0.0,0.0,0.0,0.0,0.0,drink
0.6352789402008057,0.7038326859474182,-3.4612617128004786e-07,0.5754283666610718,0.6666060090065002,0.026798201724886894,0.5271174311637878,0.6279335618019104,0.022959087044000626,0.4838407039642334,0.6196385622024536,0.011137195862829685,0.4498254358768463,0.6155064105987549,-0.0015876332763582468,0.5701619982719421,0.5356310606002808,-0.0013132173335179687,0.4988178014755249,0.4777495265007019,-0.022509364411234856,0.45172035694122314,0.49417707324028015,-0.03392890840768814,0.42567014694213867,0.518834114074707,-0.03854365274310112,0.5702028274536133,0.5515424609184265,-0.02786269783973694,0.4863395690917969,0.47508180141448975,-0.048392415046691895,0.4388221502304077,0.4978621006011963,-0.05468616634607315,0.4179898798465729,0.5284712314605713,-0.0564533993601799,0.5647094249725342,0.5809839367866516,-0.05279697850346565,0.4903571903705597,0.5075036883354187,-0.06492730230093002,0.44434916973114014,0.5212892293930054,-0.06401588022708893,0.418887197971344,0.5411126613616943,-0.062279101461172104,0.5533968210220337,0.6190630793571472,-0.07541803270578384,0.49791812896728516,0.5605840682983398,-0.08327102661132812,0.4611206352710724,0.5540209412574768,-0.08202093839645386,0.43572482466697693,0.5567245483398438,-0.08040931820869446,0.0,0.0,0.0,0.0,0.0,0.0,0.0,0.0,0.0,0.0,0.0,0.0,0.0,0.0,0.0,0.0,0.0,0.0,0.0,0.0,0.0,0.0,0.0,0.0,0.0,0.0,0.0,0.0,0.0,0.0,0.0,0.0,0.0,0.0,0.0,0.0,0.0,0.0,0.0,0.0,0.0,0.0,0.0,0.0,0.0,0.0,0.0,0.0,0.0,0.0,0.0,0.0,0.0,0.0,0.0,0.0,0.0,0.0,0.0,0.0,0.0,0.0,0.0,drink
0.6456909775733948,0.7093424797058105,-2.749412715274957e-07,0.595700740814209,0.6626999974250793,0.020086249336600304,0.5462394952774048,0.6247817277908325,0.013952111825346947,0.49782615900039673,0.6183544397354126,0.0024641507770866156,0.4599672257900238,0.6147817373275757,-0.00969006773084402,0.570671558380127,0.5376208424568176,-0.015251326374709606,0.5015375018119812,0.4765450358390808,-0.03850528970360756,0.4554152488708496,0.4843316972255707,-0.05082583799958229,0.43017104268074036,0.5056304931640625,-0.05548550561070442,0.5698944330215454,0.5560330748558044,-0.03684106469154358,0.48934462666511536,0.4821600317955017,-0.05819352716207504,0.44175636768341064,0.49861395359039307,-0.06374853104352951,0.419916570186615,0.5256842970848083,-0.06488907337188721,0.5645041465759277,0.5884985327720642,-0.056756775826215744,0.4903460741043091,0.526324450969696,-0.0703260600566864,0.4448991119861603,0.5341977477073669,-0.07154581695795059,0.42145925760269165,0.5501324534416199,-0.07115689665079117,0.5550106763839722,0.6284760236740112,-0.07444959133863449,0.4994412064552307,0.5823607444763184,-0.08381269127130508,0.46394917368888855,0.5731940269470215,-0.08449845761060715,0.44146764278411865,0.5734305381774902,-0.08387817442417145,0.0,0.0,0.0,0.0,0.0,0.0,0.0,0.0,0.0,0.0,0.0,0.0,0.0,0.0,0.0,0.0,0.0,0.0,0.0,0.0,0.0,0.0,0.0,0.0,0.0,0.0,0.0,0.0,0.0,0.0,0.0,0.0,0.0,0.0,0.0,0.0,0.0,0.0,0.0,0.0,0.0,0.0,0.0,0.0,0.0,0.0,0.0,0.0,0.0,0.0,0.0,0.0,0.0,0.0,0.0,0.0,0.0,0.0,0.0,0.0,0.0,0.0,0.0,drink
0.612928569316864,0.6730226278305054,6.771586669174212e-08,0.5668479800224304,0.6739419102668762,-0.00832762848585844,0.5215192437171936,0.6419941782951355,-0.017151664942502975,0.4824422299861908,0.627610981464386,-0.025873985141515732,0.4462487995624542,0.6190628409385681,-0.03403317928314209,0.5688716769218445,0.5410410761833191,-0.011436067521572113,0.5307471752166748,0.4895484149456024,-0.02601349726319313,0.49492037296295166,0.471182644367218,-0.03848406672477722,0.46566298604011536,0.47023624181747437,-0.046368181705474854,0.5722759962081909,0.5370720624923706,-0.016707060858607292,0.5274410247802734,0.47957780957221985,-0.0263277068734169,0.4880944490432739,0.46455585956573486,-0.034951429814100266,0.45878690481185913,0.46552184224128723,-0.041132744401693344,0.5720326900482178,0.549701988697052,-0.023054322227835655,0.5259844660758972,0.49579721689224243,-0.03240593895316124,0.48885729908943176,0.4837248623371124,-0.038040000945329666,0.4607800245285034,0.48463016748428345,-0.04171791300177574,0.5660936236381531,0.5774636268615723,-0.029980456456542015,0.5333757996559143,0.5411512851715088,-0.039884574711322784,0.5079603791236877,0.5241192579269409,-0.04358655586838722,0.4872179329395294,0.5169895887374878,-0.04521675407886505,0.6357333660125732,0.6932152509689331,-2.45230182827072e-07,0.567613959312439,0.6732320785522461,0.015988122671842575,0.519757866859436,0.6365708708763123,0.01055624894797802,0.47865211963653564,0.6237542629241943,-0.0009540634928271174,0.44312629103660583,0.6198472380638123,-0.012895193882286549,0.5674888491630554,0.5187000036239624,0.004060481674969196,0.5066595673561096,0.4584605097770691,-0.014166314154863358,0.4629695415496826,0.4671134948730469,-0.027990613132715225,0.43343785405158997,0.49039426445961,-0.034800585359334946,0.57359379529953,0.5251337885856628,-0.014538455754518509,0.4965741038322449,0.46037131547927856,-0.030310139060020447,0.4503163695335388,0.4764087498188019,-0.04018159583210945,0.4262274503707886,0.5071304440498352,-0.046267375349998474,0.571338415145874,0.546841561794281,-0.03294134885072708,0.5021886825561523,0.4844093322753906,-0.04218665137887001,0.4565771520137787,0.49224400520324707,-0.04572328180074692,0.4295549988746643,0.5155676007270813,-0.048327598720788956,0.5602544546127319,0.5782867670059204,-0.05010838061571121,0.5104142427444458,0.5318514704704285,-0.05483146756887436,0.4763977825641632,0.5223461985588074,-0.05540650710463524,0.4522625803947449,0.5267477631568909,-0.056070126593112946,drink
0.6360191106796265,0.6730633974075317,8.752677871370906e-08,0.5749003887176514,0.662091076374054,0.00023628975031897426,0.5226562023162842,0.6242058873176575,-0.0007824262138456106,0.4828561246395111,0.6046181321144104,-0.006379303056746721,0.44836318492889404,0.6001541614532471,-0.01135637890547514,0.5460085868835449,0.5074664950370789,0.026554998010396957,0.5198988318443298,0.45029693841934204,0.022803466767072678,0.49961239099502563,0.4207058548927307,0.014015165157616138,0.4837428629398346,0.3992016315460205,0.006767624523490667,0.5564752817153931,0.4997318983078003,0.016686035320162773,0.5216125249862671,0.4419323205947876,0.015590878203511238,0.49840646982192993,0.4173727035522461,0.010045606642961502,0.480837345123291,0.4006795883178711,0.005453769583255053,0.5655456185340881,0.5007609128952026,0.0032729976810514927,0.5294740796089172,0.4444725215435028,0.0013139231596142054,0.5044808387756348,0.4224984347820282,0.0019352221861481667,0.48740628361701965,0.4072209894657135,0.0021071017254143953,0.5708680748939514,0.5112194418907166,-0.012011773884296417,0.542127788066864,0.4625139832496643,-0.011734102852642536,0.5235886573791504,0.4369990825653076,-0.007500817999243736,0.5095646381378174,0.4188346266746521,-0.00450369855388999,0.0,0.0,0.0,0.0,0.0,0.0,0.0,0.0,0.0,0.0,0.0,0.0,0.0,0.0,0.0,0.0,0.0,0.0,0.0,0.0,0.0,0.0,0.0,0.0,0.0,0.0,0.0,0.0,0.0,0.0,0.0,0.0,0.0,0.0,0.0,0.0,0.0,0.0,0.0,0.0,0.0,0.0,0.0,0.0,0.0,0.0,0.0,0.0,0.0,0.0,0.0,0.0,0.0,0.0,0.0,0.0,0.0,0.0,0.0,0.0,0.0,0.0,0.0,drink
0.6317116022109985,0.6745396852493286,6.569500499153946e-08,0.5733850598335266,0.664323091506958,-0.003118616994470358,0.5232542753219604,0.6280482411384583,-0.006398674566298723,0.4837234914302826,0.6080160737037659,-0.013731059618294239,0.4496099352836609,0.6006504893302917,-0.020303653553128242,0.5505360960960388,0.5128138065338135,0.0196877159178257,0.5229172110557556,0.46182096004486084,0.01031204592436552,0.4984646737575531,0.4340222477912903,-0.0022719285916537046,0.47862714529037476,0.4144893288612366,-0.011877442710101604,0.5603089928627014,0.5055585503578186,0.009663321077823639,0.5248406529426575,0.4504101276397705,0.0020166130270808935,0.4972229301929474,0.4254695177078247,-0.006793512497097254,0.475890576839447,0.409756064414978,-0.013115758076310158,0.5683785676956177,0.5080069899559021,-0.004113525152206421,0.5314357876777649,0.4530196785926819,-0.012202181853353977,0.5037274956703186,0.4287925064563751,-0.014060071669518948,0.48480910062789917,0.41195955872535706,-0.014473064802587032,0.5711565017700195,0.521935760974884,-0.01992555521428585,0.5425754189491272,0.4705604314804077,-0.025125494226813316,0.5223959684371948,0.4409879744052887,-0.023946421220898628,0.5075271129608154,0.4182766079902649,-0.022483285516500473,0.0,0.0,0.0,0.0,0.0,0.0,0.0,0.0,0.0,0.0,0.0,0.0,0.0,0.0,0.0,0.0,0.0,0.0,0.0,0.0,0.0,0.0,0.0,0.0,0.0,0.0,0.0,0.0,0.0,0.0,0.0,0.0,0.0,0.0,0.0,0.0,0.0,0.0,0.0,0.0,0.0,0.0,0.0,0.0,0.0,0.0,0.0,0.0,0.0,0.0,0.0,0.0,0.0,0.0,0.0,0.0,0.0,0.0,0.0,0.0,0.0,0.0,0.0,drink
0.6253432631492615,0.6221258640289307,2.4105297313781193e-08,0.5716966390609741,0.6154460906982422,-0.0039351582527160645,0.5218110084533691,0.5832514762878418,-0.007948670536279678,0.4817117154598236,0.5682955384254456,-0.01654580980539322,0.4459870457649231,0.5611188411712646,-0.023741465061903,0.5340019464492798,0.47049248218536377,0.021883411332964897,0.5129168033599854,0.41162368655204773,0.00689005758613348,0.48161792755126953,0.39468684792518616,-0.010353450663387775,0.45294249057769775,0.39525270462036133,-0.020985081791877747,0.5437675714492798,0.45993751287460327,0.012035071849822998,0.5181621313095093,0.3924298882484436,0.0007182932458817959,0.48307693004608154,0.3781260550022125,-0.011192631907761097,0.4538664221763611,0.3834214210510254,-0.018037594854831696,0.5539653897285461,0.4543822705745697,-0.002315614838153124,0.5301039218902588,0.38769447803497314,-0.011997568421065807,0.49167364835739136,0.37285369634628296,-0.018099414184689522,0.45969465374946594,0.3751729726791382,-0.020534351468086243,0.5652631521224976,0.45658719539642334,-0.01885998621582985,0.5412210822105408,0.40185976028442383,-0.02491171844303608,0.5106241703033447,0.3825603723526001,-0.026231152936816216,0.4820762574672699,0.3787602186203003,-0.026020381599664688,0.0,0.0,0.0,0.0,0.0,0.0,0.0,0.0,0.0,0.0,0.0,0.0,0.0,0.0,0.0,0.0,0.0,0.0,0.0,0.0,0.0,0.0,0.0,0.0,0.0,0.0,0.0,0.0,0.0,0.0,0.0,0.0,0.0,0.0,0.0,0.0,0.0,0.0,0.0,0.0,0.0,0.0,0.0,0.0,0.0,0.0,0.0,0.0,0.0,0.0,0.0,0.0,0.0,0.0,0.0,0.0,0.0,0.0,0.0,0.0,0.0,0.0,0.0,drink
0.6239462494850159,0.5831809043884277,-5.2225090030333376e-08,0.5734344124794006,0.58576899766922,-0.007575612980872393,0.5190873742103577,0.5583410859107971,-0.010415301658213139,0.47612011432647705,0.5446455478668213,-0.01730312593281269,0.43965205550193787,0.5316449403762817,-0.022315865382552147,0.5234301090240479,0.4467494487762451,0.02393067069351673,0.49560147523880005,0.3972398638725281,0.012021002359688282,0.4671820104122162,0.38416770100593567,-0.003276403993368149,0.44190850853919983,0.38630127906799316,-0.013331897556781769,0.5322533845901489,0.43031126260757446,0.01638627052307129,0.5016379356384277,0.3732656240463257,0.006816675886511803,0.46812939643859863,0.36442840099334717,-0.004509248770773411,0.4406224191188812,0.3754960298538208,-0.0113009512424469,0.5433810353279114,0.42008981108665466,0.0037239561788737774,0.5113179087638855,0.3604932129383087,-0.006408343091607094,0.4750509560108185,0.3537195324897766,-0.012705576606094837,0.44654491543769836,0.3652140200138092,-0.014877057634294033,0.5556141138076782,0.41587430238723755,-0.011372251436114311,0.5242238640785217,0.36384403705596924,-0.019230550155043602,0.4925796389579773,0.352725625038147,-0.0220180694013834,0.4654935598373413,0.3594962954521179,-0.022558556869626045,0.0,0.0,0.0,0.0,0.0,0.0,0.0,0.0,0.0,0.0,0.0,0.0,0.0,0.0,0.0,0.0,0.0,0.0,0.0,0.0,0.0,0.0,0.0,0.0,0.0,0.0,0.0,0.0,0.0,0.0,0.0,0.0,0.0,0.0,0.0,0.0,0.0,0.0,0.0,0.0,0.0,0.0,0.0,0.0,0.0,0.0,0.0,0.0,0.0,0.0,0.0,0.0,0.0,0.0,0.0,0.0,0.0,0.0,0.0,0.0,0.0,0.0,0.0,drink
0.6210697889328003,0.5806737542152405,-1.4523371305585897e-07,0.5741543173789978,0.5865551233291626,-0.0058394805528223515,0.522487223148346,0.5593330264091492,-0.008142243139445782,0.4806148111820221,0.5450941324234009,-0.014723751693964005,0.44362831115722656,0.5327677726745605,-0.019580090418457985,0.5258625745773315,0.44492965936660767,0.02198127470910549,0.49788814783096313,0.39241358637809753,0.009056487120687962,0.4685209393501282,0.384566068649292,-0.006156713701784611,0.4436282515525818,0.39432334899902344,-0.015740081667900085,0.5340369343757629,0.42652010917663574,0.013831697404384613,0.5028133392333984,0.36593833565711975,0.0035778593737632036,0.4686095714569092,0.3629513382911682,-0.007253778632730246,0.44218316674232483,0.381685733795166,-0.013707832433283329,0.5439369678497314,0.4143926799297333,0.0009262076928280294,0.5118854641914368,0.35322582721710205,-0.009454750455915928,0.4763643741607666,0.3534013628959656,-0.01564042456448078,0.44941475987434387,0.37235790491104126,-0.017981145530939102,0.5541183948516846,0.40903180837631226,-0.01412900723516941,0.5233045816421509,0.35928013920783997,-0.02215670421719551,0.49198117852211,0.35382533073425293,-0.02543504536151886,0.46624240279197693,0.3664799928665161,-0.02657896652817726,0.0,0.0,0.0,0.0,0.0,0.0,0.0,0.0,0.0,0.0,0.0,0.0,0.0,0.0,0.0,0.0,0.0,0.0,0.0,0.0,0.0,0.0,0.0,0.0,0.0,0.0,0.0,0.0,0.0,0.0,0.0,0.0,0.0,0.0,0.0,0.0,0.0,0.0,0.0,0.0,0.0,0.0,0.0,0.0,0.0,0.0,0.0,0.0,0.0,0.0,0.0,0.0,0.0,0.0,0.0,0.0,0.0,0.0,0.0,0.0,0.0,0.0,0.0,drink
0.6306077837944031,0.5242835283279419,-8.189730493768366e-08,0.5766000747680664,0.5395371317863464,-0.006625374313443899,0.5187260508537292,0.5164644718170166,-0.00743626756593585,0.47464829683303833,0.4947056472301483,-0.011731935665011406,0.4364628493785858,0.4866854250431061,-0.01488184928894043,0.5186469554901123,0.4107745885848999,0.025478720664978027,0.4842867851257324,0.37341752648353577,0.018696483224630356,0.4576079249382019,0.36015668511390686,0.006024912465363741,0.4326702356338501,0.355487585067749,-0.0041376156732439995,0.5269092321395874,0.3899221420288086,0.01933705061674118,0.48988965153694153,0.34929466247558594,0.012627724558115005,0.45787471532821655,0.337304949760437,0.00041647639591246843,0.4286905825138092,0.33917009830474854,-0.008679106831550598,0.5383321642875671,0.3745041489601135,0.008922267705202103,0.5015502572059631,0.3295115828514099,0.0017005099216476083,0.47001075744628906,0.31934022903442383,-0.005459662526845932,0.4424345791339874,0.3237687945365906,-0.010066359303891659,0.554035484790802,0.3629602789878845,-0.0037031364627182484,0.5213518738746643,0.3230592608451843,-0.008998801000416279,0.4929687976837158,0.3090449571609497,-0.011728656478226185,0.4674173593521118,0.3071070909500122,-0.013652202673256397,0.0,0.0,0.0,0.0,0.0,0.0,0.0,0.0,0.0,0.0,0.0,0.0,0.0,0.0,0.0,0.0,0.0,0.0,0.0,0.0,0.0,0.0,0.0,0.0,0.0,0.0,0.0,0.0,0.0,0.0,0.0,0.0,0.0,0.0,0.0,0.0,0.0,0.0,0.0,0.0,0.0,0.0,0.0,0.0,0.0,0.0,0.0,0.0,0.0,0.0,0.0,0.0,0.0,0.0,0.0,0.0,0.0,0.0,0.0,0.0,0.0,0.0,0.0,drink
0.6196050643920898,0.49342361092567444,-1.0045150844462114e-07,0.5699948072433472,0.5088157057762146,-0.0071844616904854774,0.5153490900993347,0.4964334964752197,-0.006180417723953724,0.4723200500011444,0.48198142647743225,-0.008550643920898438,0.4366547167301178,0.4634108543395996,-0.009074925445020199,0.5202122926712036,0.3951203227043152,0.031007161363959312,0.4846413731575012,0.3648725748062134,0.027597665786743164,0.45717352628707886,0.35698795318603516,0.01746363192796707,0.4318696856498718,0.3548501431941986,0.008865412324666977,0.526172399520874,0.37095147371292114,0.026420630514621735,0.48942655324935913,0.3371068835258484,0.02329610474407673,0.4574475586414337,0.329031765460968,0.01228923536837101,0.4286024570465088,0.33116915822029114,0.0033733276650309563,0.5336438417434692,0.349514365196228,0.0170881450176239,0.4966057240962982,0.31081438064575195,0.012429323047399521,0.4649249017238617,0.30384841561317444,0.005756191909313202,0.43715009093284607,0.3092687129974365,0.0011280194157734513,0.544192910194397,0.32879841327667236,0.005410668905824423,0.5094581842422485,0.29445987939834595,0.001504136249423027,0.47999149560928345,0.2877315878868103,-0.0006131924455985427,0.45309802889823914,0.2938306927680969,-0.0021446298342198133,0.0,0.0,0.0,0.0,0.0,0.0,0.0,0.0,0.0,0.0,0.0,0.0,0.0,0.0,0.0,0.0,0.0,0.0,0.0,0.0,0.0,0.0,0.0,0.0,0.0,0.0,0.0,0.0,0.0,0.0,0.0,0.0,0.0,0.0,0.0,0.0,0.0,0.0,0.0,0.0,0.0,0.0,0.0,0.0,0.0,0.0,0.0,0.0,0.0,0.0,0.0,0.0,0.0,0.0,0.0,0.0,0.0,0.0,0.0,0.0,0.0,0.0,0.0,drink
0.6133773326873779,0.4844241142272949,-1.328148186985345e-07,0.5649247765541077,0.5029162168502808,-0.00728724105283618,0.5117400288581848,0.49367260932922363,-0.006831609643995762,0.4688545763492584,0.4764046370983124,-0.010035508312284946,0.4323887228965759,0.4602150321006775,-0.011717550456523895,0.5183415412902832,0.3991321623325348,0.03244716674089432,0.4833162724971771,0.3754177391529083,0.027902357280254364,0.4542505145072937,0.3707684576511383,0.016959788277745247,0.42974695563316345,0.37244436144828796,0.008242728188633919,0.5230515599250793,0.37180042266845703,0.027755672112107277,0.4857684373855591,0.3401128649711609,0.02446804754436016,0.4533524513244629,0.3343600332736969,0.01367859449237585,0.4249144196510315,0.33688345551490784,0.005007621832191944,0.5306286811828613,0.3479517698287964,0.01805734820663929,0.4931742548942566,0.311126172542572,0.012127077206969261,0.45995041728019714,0.30416736006736755,0.004861160181462765,0.4324237108230591,0.3095846474170685,0.0002538937551435083,0.541710615158081,0.32604941725730896,0.006140754092484713,0.5084882378578186,0.29132771492004395,0.0010878778994083405,0.47816041111946106,0.2840765714645386,-0.0016626022988930345,0.4520092010498047,0.2905994951725006,-0.003492537885904312,0.0,0.0,0.0,0.0,0.0,0.0,0.0,0.0,0.0,0.0,0.0,0.0,0.0,0.0,0.0,0.0,0.0,0.0,0.0,0.0,0.0,0.0,0.0,0.0,0.0,0.0,0.0,0.0,0.0,0.0,0.0,0.0,0.0,0.0,0.0,0.0,0.0,0.0,0.0,0.0,0.0,0.0,0.0,0.0,0.0,0.0,0.0,0.0,0.0,0.0,0.0,0.0,0.0,0.0,0.0,0.0,0.0,0.0,0.0,0.0,0.0,0.0,0.0,drink
0.6102302074432373,0.4817075729370117,-1.1050681791857642e-07,0.565075159072876,0.5032190084457397,-0.009907791391015053,0.5121390223503113,0.49569040536880493,-0.010392465628683567,0.46900320053100586,0.47896629571914673,-0.013626884669065475,0.4338231086730957,0.4610522985458374,-0.015110372565686703,0.5174504518508911,0.3953722417354584,0.02803892269730568,0.48298490047454834,0.3731350004673004,0.02299313247203827,0.45438671112060547,0.3681827485561371,0.011945285834372044,0.4302819073200226,0.3687092363834381,0.00289913616143167,0.522261381149292,0.3678901791572571,0.02478077821433544,0.48602333664894104,0.3378273844718933,0.02100536972284317,0.45498597621917725,0.3305647075176239,0.010617142543196678,0.42748722434043884,0.33010098338127136,0.002133012982085347,0.5300552248954773,0.3446621894836426,0.01646706834435463,0.49359920620918274,0.31098246574401855,0.00993123184889555,0.46160370111465454,0.302703857421875,0.002942973282188177,0.4343820810317993,0.3046843707561493,-0.0015410111518576741,0.5414249300956726,0.3234100639820099,0.005733666475862265,0.5096433758735657,0.29081201553344727,-0.0002872848999686539,0.4806848168373108,0.2828177809715271,-0.003661114489659667,0.45512232184410095,0.28713011741638184,-0.0058583966456353664,0.0,0.0,0.0,0.0,0.0,0.0,0.0,0.0,0.0,0.0,0.0,0.0,0.0,0.0,0.0,0.0,0.0,0.0,0.0,0.0,0.0,0.0,0.0,0.0,0.0,0.0,0.0,0.0,0.0,0.0,0.0,0.0,0.0,0.0,0.0,0.0,0.0,0.0,0.0,0.0,0.0,0.0,0.0,0.0,0.0,0.0,0.0,0.0,0.0,0.0,0.0,0.0,0.0,0.0,0.0,0.0,0.0,0.0,0.0,0.0,0.0,0.0,0.0,drink
0.6078231334686279,0.4797811210155487,-1.9443359633442014e-07,0.5636175274848938,0.5020007491111755,-0.007023235782980919,0.5106481909751892,0.4925311207771301,-0.00638688774779439,0.46804386377334595,0.47496700286865234,-0.009348634630441666,0.43305477499961853,0.45768222212791443,-0.010842245072126389,0.5165966749191284,0.40458768606185913,0.032027535140514374,0.4838293194770813,0.3903578519821167,0.022618431597948074,0.46039676666259766,0.3980274796485901,0.00782887451350689,0.4419515132904053,0.4101569354534149,-0.0021310336887836456,0.5191028714179993,0.3741376996040344,0.027693960815668106,0.48312678933143616,0.35001611709594727,0.023240061476826668,0.45257630944252014,0.3435489535331726,0.011583266779780388,0.4245148003101349,0.3408817648887634,0.0021076463162899017,0.5271613001823425,0.3473317325115204,0.01791379787027836,0.4900801181793213,0.3184856176376343,0.010669018141925335,0.45827290415763855,0.31104588508605957,0.002843013033270836,0.43014559149742126,0.3111991882324219,-0.001998822670429945,0.539617657661438,0.32142382860183716,0.006018001586198807,0.5069038271903992,0.2921685576438904,0.0006786877638660371,0.47937265038490295,0.28425702452659607,-0.0019446354126557708,0.45384880900382996,0.2868621349334717,-0.0036456759553402662,0.0,0.0,0.0,0.0,0.0,0.0,0.0,0.0,0.0,0.0,0.0,0.0,0.0,0.0,0.0,0.0,0.0,0.0,0.0,0.0,0.0,0.0,0.0,0.0,0.0,0.0,0.0,0.0,0.0,0.0,0.0,0.0,0.0,0.0,0.0,0.0,0.0,0.0,0.0,0.0,0.0,0.0,0.0,0.0,0.0,0.0,0.0,0.0,0.0,0.0,0.0,0.0,0.0,0.0,0.0,0.0,0.0,0.0,0.0,0.0,0.0,0.0,0.0,drink
0.6104448437690735,0.48111778497695923,-2.0399146194449713e-07,0.5641297101974487,0.5063461661338806,-0.005934859625995159,0.512520968914032,0.4973057806491852,-0.004998475778847933,0.4696531593799591,0.47920459508895874,-0.008251996710896492,0.4348795413970947,0.4580157995223999,-0.009066262282431126,0.5188000202178955,0.403931587934494,0.03705897554755211,0.4861658215522766,0.3855676054954529,0.026595409959554672,0.47810912132263184,0.4059479534626007,0.010186107829213142,0.4779626727104187,0.4288189709186554,0.0005651708343066275,0.5225638151168823,0.3744458556175232,0.03280451521277428,0.4858357012271881,0.3453630208969116,0.030665326863527298,0.4556363821029663,0.3406051993370056,0.019232148304581642,0.43009302020072937,0.3403036594390869,0.009692591615021229,0.531272292137146,0.3500344455242157,0.02242986671626568,0.49398720264434814,0.31686931848526,0.017909763380885124,0.46145954728126526,0.3105178475379944,0.010498397052288055,0.4347904622554779,0.3133869767189026,0.00569909019395709,0.5434987545013428,0.32720834016799927,0.009906605817377567,0.5106381773948669,0.29553425312042236,0.007204878143966198,0.48181581497192383,0.2884972095489502,0.005706277675926685,0.45594391226768494,0.2929725646972656,0.004656690638512373,0.0,0.0,0.0,0.0,0.0,0.0,0.0,0.0,0.0,0.0,0.0,0.0,0.0,0.0,0.0,0.0,0.0,0.0,0.0,0.0,0.0,0.0,0.0,0.0,0.0,0.0,0.0,0.0,0.0,0.0,0.0,0.0,0.0,0.0,0.0,0.0,0.0,0.0,0.0,0.0,0.0,0.0,0.0,0.0,0.0,0.0,0.0,0.0,0.0,0.0,0.0,0.0,0.0,0.0,0.0,0.0,0.0,0.0,0.0,0.0,0.0,0.0,0.0,drink
0.6138926148414612,0.5189363360404968,-3.2398329352645305e-08,0.5693691968917847,0.5319522619247437,-0.010301671922206879,0.5153381824493408,0.5074045658111572,-0.011814472265541553,0.472909152507782,0.4864085018634796,-0.015617496334016323,0.43774837255477905,0.4642367362976074,-0.017687847837805748,0.5241752862930298,0.39751550555229187,0.018038254231214523,0.4947666525840759,0.35172829031944275,0.009805223904550076,0.4667584300041199,0.3372410535812378,-0.0019210230093449354,0.44133785367012024,0.33618777990341187,-0.01068779919296503,0.5338624715805054,0.3805827498435974,0.01330192107707262,0.5017204284667969,0.332234650850296,0.006050781812518835,0.4688289165496826,0.32005804777145386,-0.004346685018390417,0.43984097242355347,0.3227904438972473,-0.011944855563342571,0.5447520017623901,0.3685978055000305,0.004096721298992634,0.511860191822052,0.3191179037094116,-0.004653949290513992,0.4780779778957367,0.3068458139896393,-0.01136227510869503,0.4488305449485779,0.30930978059768677,-0.015175905078649521,0.5562874674797058,0.361581027507782,-0.007481260225176811,0.5253686904907227,0.316445529460907,-0.016268251463770866,0.49607816338539124,0.30191147327423096,-0.020945560187101364,0.46988439559936523,0.30150559544563293,-0.023462245240807533,0.0,0.0,0.0,0.0,0.0,0.0,0.0,0.0,0.0,0.0,0.0,0.0,0.0,0.0,0.0,0.0,0.0,0.0,0.0,0.0,0.0,0.0,0.0,0.0,0.0,0.0,0.0,0.0,0.0,0.0,0.0,0.0,0.0,0.0,0.0,0.0,0.0,0.0,0.0,0.0,0.0,0.0,0.0,0.0,0.0,0.0,0.0,0.0,0.0,0.0,0.0,0.0,0.0,0.0,0.0,0.0,0.0,0.0,0.0,0.0,0.0,0.0,0.0,drink
0.6140719652175903,0.5386257171630859,-1.410761143461059e-07,0.5683057904243469,0.5487607717514038,-0.004286876413971186,0.5162307620048523,0.5118704438209534,-0.006135454401373863,0.4758511781692505,0.4898304343223572,-0.012155750766396523,0.44024354219436646,0.46994447708129883,-0.01571478880941868,0.5372393727302551,0.39430639147758484,0.019631506875157356,0.5067715644836426,0.334613174200058,0.005652506370097399,0.4707793891429901,0.33098459243774414,-0.008072156459093094,0.4442811608314514,0.34736764430999756,-0.015084023587405682,0.5473755598068237,0.38244500756263733,0.01035380456596613,0.5092921853065491,0.3168982267379761,-0.000781178125180304,0.4678269326686859,0.31691545248031616,-0.009686247445642948,0.440496027469635,0.3351183533668518,-0.01342061348259449,0.5570070147514343,0.3774563670158386,-0.003403570270165801,0.5170459747314453,0.31142503023147583,-0.014894966967403889,0.47510093450546265,0.3106338083744049,-0.019081344828009605,0.4478907287120819,0.325941801071167,-0.018661916255950928,0.5638779997825623,0.37986499071121216,-0.019007483497262,0.5271503329277039,0.32268598675727844,-0.028143776580691338,0.49258506298065186,0.31369075179100037,-0.030070073902606964,0.469125360250473,0.32375943660736084,-0.02897132746875286,0.0,0.0,0.0,0.0,0.0,0.0,0.0,0.0,0.0,0.0,0.0,0.0,0.0,0.0,0.0,0.0,0.0,0.0,0.0,0.0,0.0,0.0,0.0,0.0,0.0,0.0,0.0,0.0,0.0,0.0,0.0,0.0,0.0,0.0,0.0,0.0,0.0,0.0,0.0,0.0,0.0,0.0,0.0,0.0,0.0,0.0,0.0,0.0,0.0,0.0,0.0,0.0,0.0,0.0,0.0,0.0,0.0,0.0,0.0,0.0,0.0,0.0,0.0,drink
0.6184058785438538,0.5387897491455078,-2.126335658658718e-07,0.5663166046142578,0.5443926453590393,-0.001549941604025662,0.5173677206039429,0.5079222321510315,-0.004702389240264893,0.4769541323184967,0.48791685700416565,-0.012553513050079346,0.44011828303337097,0.47382670640945435,-0.01840968243777752,0.5383283495903015,0.3892218768596649,0.018926985561847687,0.5051843523979187,0.32939374446868896,0.004041776061058044,0.4691268503665924,0.3272126615047455,-0.011043323203921318,0.4437204599380493,0.3439573049545288,-0.01914275251328945,0.5482314229011536,0.37671568989753723,0.00846760906279087,0.5076373219490051,0.3108768165111542,-0.0022740724962204695,0.4652073085308075,0.31308940052986145,-0.01176304928958416,0.43787193298339844,0.3340001702308655,-0.01650228351354599,0.5573923587799072,0.37519487738609314,-0.005996947176754475,0.5155623555183411,0.30910244584083557,-0.01590118743479252,0.4740428030490875,0.3109748959541321,-0.019749833270907402,0.4481527805328369,0.3297954201698303,-0.020143263041973114,0.5626558661460876,0.3831585645675659,-0.02209533378481865,0.5267235636711121,0.3250100314617157,-0.029497232288122177,0.49227988719940186,0.31643912196159363,-0.030690502375364304,0.4679374098777771,0.32804179191589355,-0.02978985197842121,0.0,0.0,0.0,0.0,0.0,0.0,0.0,0.0,0.0,0.0,0.0,0.0,0.0,0.0,0.0,0.0,0.0,0.0,0.0,0.0,0.0,0.0,0.0,0.0,0.0,0.0,0.0,0.0,0.0,0.0,0.0,0.0,0.0,0.0,0.0,0.0,0.0,0.0,0.0,0.0,0.0,0.0,0.0,0.0,0.0,0.0,0.0,0.0,0.0,0.0,0.0,0.0,0.0,0.0,0.0,0.0,0.0,0.0,0.0,0.0,0.0,0.0,0.0,drink
0.6281769275665283,0.5846779346466064,-1.367047985922909e-07,0.5669224262237549,0.5704494118690491,0.0011133558582514524,0.5239923000335693,0.5280798673629761,-0.0054098074324429035,0.48592668771743774,0.5034381747245789,-0.01541317068040371,0.45168039202690125,0.4903852641582489,-0.02560783550143242,0.5657505989074707,0.42004045844078064,0.004690033383667469,0.516277015209198,0.36956870555877686,-0.009452341124415398,0.48070433735847473,0.3518308997154236,-0.02424984984099865,0.45249053835868835,0.3480761647224426,-0.034053001552820206,0.5731174349784851,0.4177629053592682,-0.007508592214435339,0.5174896717071533,0.3618938624858856,-0.019071882590651512,0.4798300862312317,0.3471373915672302,-0.031224612146615982,0.4480038583278656,0.3466462194919586,-0.03982524201273918,0.5739368796348572,0.4291490614414215,-0.021209046244621277,0.5233364701271057,0.36674290895462036,-0.031075097620487213,0.48751068115234375,0.35077810287475586,-0.03502370044589043,0.4580872654914856,0.3460691273212433,-0.03737648203969002,0.5661855936050415,0.4527633488178253,-0.035369325429201126,0.5307343602180481,0.4019142687320709,-0.042311541736125946,0.5081624984741211,0.37420710921287537,-0.04230479896068573,0.48900243639945984,0.35563522577285767,-0.04182511940598488,0.0,0.0,0.0,0.0,0.0,0.0,0.0,0.0,0.0,0.0,0.0,0.0,0.0,0.0,0.0,0.0,0.0,0.0,0.0,0.0,0.0,0.0,0.0,0.0,0.0,0.0,0.0,0.0,0.0,0.0,0.0,0.0,0.0,0.0,0.0,0.0,0.0,0.0,0.0,0.0,0.0,0.0,0.0,0.0,0.0,0.0,0.0,0.0,0.0,0.0,0.0,0.0,0.0,0.0,0.0,0.0,0.0,0.0,0.0,0.0,0.0,0.0,0.0,drink
0.6377350091934204,0.6318918466567993,-1.4257679481488594e-07,0.5807132720947266,0.6062319874763489,0.01258876919746399,0.5364670753479004,0.5680251121520996,0.006275059189647436,0.49242332577705383,0.5575721859931946,-0.005043085664510727,0.45205938816070557,0.5536470413208008,-0.017794130370020866,0.579113781452179,0.47309380769729614,-0.0012861521681770682,0.5270788669586182,0.40987294912338257,-0.017618346959352493,0.4886353313922882,0.3895655870437622,-0.029591260477900505,0.46031707525253296,0.3860945403575897,-0.0362786129117012,0.5787132978439331,0.47828593850135803,-0.01827499456703663,0.5128905177116394,0.4070489704608917,-0.028794607147574425,0.47356539964675903,0.3971403241157532,-0.03458994999527931,0.44794297218322754,0.3993765413761139,-0.03905181214213371,0.5708675384521484,0.49865350127220154,-0.03500165417790413,0.5081074833869934,0.4259897470474243,-0.04373417794704437,0.470649778842926,0.4148220121860504,-0.04422098025679588,0.44495686888694763,0.41497668623924255,-0.04488339647650719,0.5552776455879211,0.5325179696083069,-0.050583336502313614,0.5120941996574402,0.4787444472312927,-0.05828997865319252,0.4839344024658203,0.45897749066352844,-0.057547979056835175,0.4618215560913086,0.45044374465942383,-0.0565684549510479,0.0,0.0,0.0,0.0,0.0,0.0,0.0,0.0,0.0,0.0,0.0,0.0,0.0,0.0,0.0,0.0,0.0,0.0,0.0,0.0,0.0,0.0,0.0,0.0,0.0,0.0,0.0,0.0,0.0,0.0,0.0,0.0,0.0,0.0,0.0,0.0,0.0,0.0,0.0,0.0,0.0,0.0,0.0,0.0,0.0,0.0,0.0,0.0,0.0,0.0,0.0,0.0,0.0,0.0,0.0,0.0,0.0,0.0,0.0,0.0,0.0,0.0,0.0,drink
0.6484166979789734,0.6725952625274658,-3.994383916960942e-07,0.5909863710403442,0.6405555009841919,0.02589244768023491,0.541938841342926,0.6042841076850891,0.02362196333706379,0.49728429317474365,0.5948122143745422,0.013511395081877708,0.4582408368587494,0.5928154587745667,0.0026441942900419235,0.5820626020431519,0.5077611207962036,0.0029546574223786592,0.5163549184799194,0.44231489300727844,-0.0155953299254179,0.46952980756759644,0.4534814953804016,-0.025005226954817772,0.44283562898635864,0.4776928126811981,-0.02811962366104126,0.5839388370513916,0.5158860087394714,-0.021421803161501884,0.5030184388160706,0.44028815627098083,-0.03750210255384445,0.4570244550704956,0.4596201181411743,-0.04098929837346077,0.43633708357810974,0.48720669746398926,-0.04144180566072464,0.5789428353309631,0.5389232635498047,-0.04461026191711426,0.5033453702926636,0.4617956578731537,-0.05539490655064583,0.45944181084632874,0.4775463342666626,-0.05235933139920235,0.436126708984375,0.5005415678024292,-0.04915793985128403,0.5673479437828064,0.5735036134719849,-0.06552848219871521,0.5097951292991638,0.5127242803573608,-0.07449163496494293,0.4733666479587555,0.5072230100631714,-0.07281464338302612,0.45077112317085266,0.5138612389564514,-0.07015645503997803,0.0,0.0,0.0,0.0,0.0,0.0,0.0,0.0,0.0,0.0,0.0,0.0,0.0,0.0,0.0,0.0,0.0,0.0,0.0,0.0,0.0,0.0,0.0,0.0,0.0,0.0,0.0,0.0,0.0,0.0,0.0,0.0,0.0,0.0,0.0,0.0,0.0,0.0,0.0,0.0,0.0,0.0,0.0,0.0,0.0,0.0,0.0,0.0,0.0,0.0,0.0,0.0,0.0,0.0,0.0,0.0,0.0,0.0,0.0,0.0,0.0,0.0,0.0,drink
0.627708911895752,0.6532031893730164,-3.85072311814838e-08,0.5960652828216553,0.6336098313331604,0.00031351071083918214,0.5457336902618408,0.6041626334190369,-0.0075084068812429905,0.4996834397315979,0.5985127091407776,-0.015991782769560814,0.46258386969566345,0.5888867378234863,-0.023295961320400238,0.5873751640319824,0.5207729339599609,-0.01730046048760414,0.5297510027885437,0.4683222770690918,-0.031394895166158676,0.4840981960296631,0.46960240602493286,-0.036068860441446304,0.4546351432800293,0.4805111885070801,-0.03731411322951317,0.59128737449646,0.5203089714050293,-0.0271607618778944,0.5193179249763489,0.45330148935317993,-0.0411941222846508,0.4728929102420807,0.46340951323509216,-0.04239555820822716,0.4457229673862457,0.4817441999912262,-0.04078025743365288,0.5864391922950745,0.5365045070648193,-0.03692493587732315,0.5168182253837585,0.46871092915534973,-0.050421472638845444,0.471799373626709,0.4763208329677582,-0.04980107396841049,0.4445120096206665,0.4937564730644226,-0.04654601216316223,0.5735754370689392,0.5668589472770691,-0.045930858701467514,0.5178927183151245,0.5152966380119324,-0.059502068907022476,0.48170939087867737,0.5105050802230835,-0.061013363301754,0.4570104479789734,0.5201154947280884,-0.059325579553842545,0.6596645712852478,0.6911067962646484,-3.3422924161641276e-07,0.5970153212547302,0.6553038358688354,0.026181263849139214,0.5473271012306213,0.6200598478317261,0.023152610287070274,0.5015273094177246,0.6068271398544312,0.01240012887865305,0.46287989616394043,0.6004040837287903,0.001365687814541161,0.5906446576118469,0.5215871334075928,0.001501613762229681,0.5265159606933594,0.45548516511917114,-0.015288837254047394,0.4826512634754181,0.46012625098228455,-0.02364555187523365,0.45868802070617676,0.47641992568969727,-0.027130337432026863,0.5921425223350525,0.5308130979537964,-0.023857498541474342,0.5074412822723389,0.4511415958404541,-0.039471838623285294,0.4616509974002838,0.46865224838256836,-0.042326420545578,0.44339820742607117,0.49709704518318176,-0.042899828404188156,0.5870152115821838,0.5552761554718018,-0.04784417524933815,0.5069641470909119,0.4809005558490753,-0.05816646292805672,0.4610941410064697,0.4952618181705475,-0.055590078234672546,0.43893733620643616,0.5189069509506226,-0.05346766859292984,0.5749716758728027,0.5906625986099243,-0.06964414566755295,0.51751708984375,0.5284416675567627,-0.07845530658960342,0.47991275787353516,0.5215260982513428,-0.07785861939191818,0.4561397135257721,0.5291292667388916,-0.07681822031736374,drink
0.6626911163330078,0.6852895021438599,-2.668825516138895e-07,0.5918112993240356,0.6605745553970337,0.008369697257876396,0.5401092171669006,0.6173646450042725,-0.0007542654639109969,0.49678269028663635,0.5989383459091187,-0.013997391797602177,0.4587104618549347,0.5961899161338806,-0.026645679026842117,0.5912458896636963,0.5063623189926147,-0.005177387502044439,0.5301100015640259,0.44153374433517456,-0.028410200029611588,0.4813263416290283,0.4495903253555298,-0.0450025238096714,0.4482105076313019,0.4746905565261841,-0.05272389203310013,0.5954261422157288,0.5151921510696411,-0.020409727469086647,0.5159590840339661,0.4407878518104553,-0.04030602052807808,0.46663546562194824,0.4563811719417572,-0.05103236436843872,0.44063207507133484,0.48909950256347656,-0.056265950202941895,0.5916039347648621,0.5370259284973145,-0.03599564731121063,0.520527720451355,0.46818068623542786,-0.04838171973824501,0.4722752571105957,0.4744841754436493,-0.0518324077129364,0.4434100389480591,0.49861934781074524,-0.052772264927625656,0.5792131423950195,0.5694846510887146,-0.05091224983334541,0.5268598198890686,0.5170950889587402,-0.05600573867559433,0.4921724200248718,0.5040625333786011,-0.055787522345781326,0.4679301679134369,0.5066276788711548,-0.05523480847477913,0.0,0.0,0.0,0.0,0.0,0.0,0.0,0.0,0.0,0.0,0.0,0.0,0.0,0.0,0.0,0.0,0.0,0.0,0.0,0.0,0.0,0.0,0.0,0.0,0.0,0.0,0.0,0.0,0.0,0.0,0.0,0.0,0.0,0.0,0.0,0.0,0.0,0.0,0.0,0.0,0.0,0.0,0.0,0.0,0.0,0.0,0.0,0.0,0.0,0.0,0.0,0.0,0.0,0.0,0.0,0.0,0.0,0.0,0.0,0.0,0.0,0.0,0.0,drink
0.6356322765350342,0.6616685390472412,-5.4606555721647965e-08,0.5945371389389038,0.6566864848136902,-0.006673153024166822,0.5459724068641663,0.6200560331344604,-0.014985387213528156,0.5053507089614868,0.6041896343231201,-0.023654501885175705,0.46824103593826294,0.5924001336097717,-0.031142158433794975,0.5956366658210754,0.5261924266815186,-0.00988136325031519,0.5493296980857849,0.4742751717567444,-0.027416853234171867,0.5062050819396973,0.4657098650932312,-0.040939267724752426,0.474041610956192,0.4751156270503998,-0.04826430603861809,0.5977419018745422,0.5228433012962341,-0.015842553228139877,0.5438756346702576,0.4631883502006531,-0.03031335398554802,0.49693310260772705,0.46028459072113037,-0.03983914852142334,0.463986337184906,0.4733888804912567,-0.0449363999068737,0.592500627040863,0.5325534343719482,-0.02315930277109146,0.5398143529891968,0.47118234634399414,-0.03493870794773102,0.49581122398376465,0.4649156630039215,-0.03962782025337219,0.46449142694473267,0.47319939732551575,-0.04097232222557068,0.580308198928833,0.5549144744873047,-0.03098973073065281,0.5388182997703552,0.5049315094947815,-0.04095873236656189,0.5063038468360901,0.4875500500202179,-0.043864279985427856,0.4812723994255066,0.48503804206848145,-0.04410366714000702,0.662127673625946,0.6858488321304321,-3.2822464390847017e-07,0.592545211315155,0.6622467041015625,0.010284371674060822,0.5409971475601196,0.6186428070068359,0.0030163684859871864,0.49739786982536316,0.6003445386886597,-0.008984318934381008,0.45874980092048645,0.5949931144714355,-0.020743506029248238,0.5897836685180664,0.503722071647644,-0.002655105898156762,0.5255305767059326,0.4386848211288452,-0.024690423160791397,0.4782811999320984,0.4466431736946106,-0.040515705943107605,0.44747042655944824,0.4721136689186096,-0.047682613134384155,0.5949081182479858,0.5125818252563477,-0.018103986978530884,0.5128387212753296,0.4441862404346466,-0.03677835315465927,0.464546263217926,0.46099990606307983,-0.04807234928011894,0.4396408796310425,0.4938540458679199,-0.05412934347987175,0.591946005821228,0.5337528586387634,-0.03378249332308769,0.5166972279548645,0.46561914682388306,-0.04706474393606186,0.46983975172042847,0.4760787785053253,-0.05201416835188866,0.4428076446056366,0.5029518604278564,-0.05368596315383911,0.5803820490837097,0.5648652911186218,-0.04834276810288429,0.5234618782997131,0.5107815265655518,-0.05623519420623779,0.4882158041000366,0.5020487308502197,-0.05760545656085014,0.4640800356864929,0.5108656883239746,-0.05741054192185402,drink
0.6621475219726562,0.6746059656143188,-6.934759966270576e-08,0.591264545917511,0.6555932760238647,0.006171741988509893,0.5433869957923889,0.612120509147644,0.002617043675854802,0.5019361972808838,0.5886598229408264,-0.006168590858578682,0.4655303955078125,0.5773193836212158,-0.015169569291174412,0.5839565992355347,0.4936502277851105,0.02033419720828533,0.5357013940811157,0.451302707195282,0.010458486154675484,0.5021269917488098,0.4336979389190674,-0.0024636874441057444,0.47641128301620483,0.4244709610939026,-0.01182558573782444,0.5920005440711975,0.4883425831794739,0.006043870467692614,0.5330799221992493,0.43705254793167114,-0.0005445302813313901,0.4991608262062073,0.4160654544830322,-0.009560265578329563,0.4740598499774933,0.40671056509017944,-0.01721794903278351,0.5946895480155945,0.49953487515449524,-0.01044722180813551,0.539806067943573,0.4417639374732971,-0.015224632807075977,0.50770503282547,0.4170870780944824,-0.014931298792362213,0.4855169355869293,0.40057384967803955,-0.015787625685334206,0.5878872871398926,0.524516224861145,-0.02779429405927658,0.5499790906906128,0.47077611088752747,-0.02939028851687908,0.5281703472137451,0.437213659286499,-0.025842253118753433,0.5117024183273315,0.41005009412765503,-0.024031082168221474,0.0,0.0,0.0,0.0,0.0,0.0,0.0,0.0,0.0,0.0,0.0,0.0,0.0,0.0,0.0,0.0,0.0,0.0,0.0,0.0,0.0,0.0,0.0,0.0,0.0,0.0,0.0,0.0,0.0,0.0,0.0,0.0,0.0,0.0,0.0,0.0,0.0,0.0,0.0,0.0,0.0,0.0,0.0,0.0,0.0,0.0,0.0,0.0,0.0,0.0,0.0,0.0,0.0,0.0,0.0,0.0,0.0,0.0,0.0,0.0,0.0,0.0,0.0,drink
0.6509812474250793,0.6530841588973999,4.8774147387575795e-08,0.5891039371490479,0.6400240063667297,-0.0031880566384643316,0.5382649302482605,0.6000077128410339,-0.0065879859030246735,0.4963834285736084,0.5772453546524048,-0.014071168377995491,0.46066921949386597,0.564046323299408,-0.020656824111938477,0.5705933570861816,0.4895586669445038,0.01993691734969616,0.5420149564743042,0.43638724088668823,0.009869773872196674,0.516673743724823,0.40726906061172485,-0.002447059378027916,0.4952886998653412,0.3869858980178833,-0.011637615039944649,0.5789526700973511,0.47996920347213745,0.01012919656932354,0.5417101979255676,0.4204474985599518,0.0014431299641728401,0.5130165219306946,0.3951277732849121,-0.007086635567247868,0.4900808334350586,0.3794865608215332,-0.012854891829192638,0.5843473672866821,0.4808182120323181,-0.0036469565238803625,0.5454711318016052,0.421091228723526,-0.011990206316113472,0.5156282782554626,0.39496809244155884,-0.014182230457663536,0.49334850907325745,0.3773369789123535,-0.014980205334722996,0.5840544104576111,0.492361843585968,-0.01940370351076126,0.5542147755622864,0.4383542537689209,-0.024385375902056694,0.5329409837722778,0.40540793538093567,-0.024004315957427025,0.5157866477966309,0.37874823808670044,-0.023458613082766533,0.0,0.0,0.0,0.0,0.0,0.0,0.0,0.0,0.0,0.0,0.0,0.0,0.0,0.0,0.0,0.0,0.0,0.0,0.0,0.0,0.0,0.0,0.0,0.0,0.0,0.0,0.0,0.0,0.0,0.0,0.0,0.0,0.0,0.0,0.0,0.0,0.0,0.0,0.0,0.0,0.0,0.0,0.0,0.0,0.0,0.0,0.0,0.0,0.0,0.0,0.0,0.0,0.0,0.0,0.0,0.0,0.0,0.0,0.0,0.0,0.0,0.0,0.0,drink
0.6409885883331299,0.603550136089325,-9.391453659191029e-08,0.5863484740257263,0.6020572185516357,-0.004655992612242699,0.5329936742782593,0.5632419586181641,-0.007364646997302771,0.4925173223018646,0.5406646728515625,-0.015115893445909023,0.45508652925491333,0.5271111130714417,-0.021389245986938477,0.5405063033103943,0.4582776725292206,0.023445172235369682,0.512355387210846,0.4043145775794983,0.006982704624533653,0.4790482521057129,0.39324885606765747,-0.0111628957092762,0.45069417357444763,0.4009859561920166,-0.022053182125091553,0.5493761897087097,0.44332200288772583,0.013278515078127384,0.5169275999069214,0.38125723600387573,0.00028194524929858744,0.47768422961235046,0.3749570846557617,-0.012226426042616367,0.44554778933525085,0.3896560072898865,-0.018901344388723373,0.561014711856842,0.43504661321640015,-0.001951040467247367,0.5274130702018738,0.369814395904541,-0.013927098363637924,0.4873400330543518,0.36580896377563477,-0.019940076395869255,0.4563809037208557,0.3809993267059326,-0.021492496132850647,0.5739660263061523,0.4339996874332428,-0.01944991759955883,0.539961040019989,0.37869739532470703,-0.027224119752645493,0.5069828033447266,0.36939311027526855,-0.02873113937675953,0.480214387178421,0.37821322679519653,-0.028240978717803955,0.0,0.0,0.0,0.0,0.0,0.0,0.0,0.0,0.0,0.0,0.0,0.0,0.0,0.0,0.0,0.0,0.0,0.0,0.0,0.0,0.0,0.0,0.0,0.0,0.0,0.0,0.0,0.0,0.0,0.0,0.0,0.0,0.0,0.0,0.0,0.0,0.0,0.0,0.0,0.0,0.0,0.0,0.0,0.0,0.0,0.0,0.0,0.0,0.0,0.0,0.0,0.0,0.0,0.0,0.0,0.0,0.0,0.0,0.0,0.0,0.0,0.0,0.0,drink
0.6417510509490967,0.5971911549568176,-1.7891100867473142e-07,0.588947594165802,0.600562334060669,-0.0045741256326437,0.5347419381141663,0.5635150671005249,-0.00601581484079361,0.4930024743080139,0.5396252274513245,-0.012333501130342484,0.45589974522590637,0.523639976978302,-0.017247019335627556,0.5416741967201233,0.46057775616645813,0.02328168787062168,0.5098409652709961,0.4069051742553711,0.007421878166496754,0.47787219285964966,0.40057235956192017,-0.0105426711961627,0.4512757658958435,0.4115784168243408,-0.02160976268351078,0.5492627024650574,0.4443359971046448,0.01404399424791336,0.5121034383773804,0.3842650353908539,0.0002885230933316052,0.4739181101322174,0.3819401264190674,-0.013534139841794968,0.44361284375190735,0.3988187313079834,-0.02156860940158367,0.5603370666503906,0.4349677860736847,7.191026088548824e-05,0.5226712822914124,0.3723415732383728,-0.012872155755758286,0.4842835068702698,0.37059447169303894,-0.020059147849678993,0.4550131857395172,0.3870374262332916,-0.02262154035270214,0.5730715394020081,0.4327702522277832,-0.015932906419038773,0.5394629836082458,0.3777611553668976,-0.025185374543070793,0.5074871182441711,0.3686651587486267,-0.02798292227089405,0.4816124737262726,0.3793972432613373,-0.028499186038970947,0.0,0.0,0.0,0.0,0.0,0.0,0.0,0.0,0.0,0.0,0.0,0.0,0.0,0.0,0.0,0.0,0.0,0.0,0.0,0.0,0.0,0.0,0.0,0.0,0.0,0.0,0.0,0.0,0.0,0.0,0.0,0.0,0.0,0.0,0.0,0.0,0.0,0.0,0.0,0.0,0.0,0.0,0.0,0.0,0.0,0.0,0.0,0.0,0.0,0.0,0.0,0.0,0.0,0.0,0.0,0.0,0.0,0.0,0.0,0.0,0.0,0.0,0.0,drink
0.6349169611930847,0.5409491062164307,-1.2789502079613158e-07,0.5813181400299072,0.5504854917526245,-0.002844075206667185,0.5285186767578125,0.5274142622947693,-0.002888183109462261,0.4884217083454132,0.5077140927314758,-0.0077822040766477585,0.45265135169029236,0.49108898639678955,-0.011028649285435677,0.5274955034255981,0.42296114563941956,0.031623899936676025,0.49568113684654236,0.37908339500427246,0.02100110426545143,0.4680716097354889,0.3737100064754486,0.005751185584813356,0.4458514451980591,0.3841566741466522,-0.00373898446559906,0.5343965291976929,0.40407857298851013,0.02336284890770912,0.500622034072876,0.35648423433303833,0.015079469420015812,0.46907180547714233,0.35603922605514526,0.0027745889965444803,0.4439978003501892,0.3747676610946655,-0.004638149868696928,0.5436631441116333,0.3901436924934387,0.010339071974158287,0.5094158053398132,0.3395593762397766,0.002701176330447197,0.4778110980987549,0.34146857261657715,-0.002877557883039117,0.4537767171859741,0.3603389859199524,-0.005023784935474396,0.5559463500976562,0.38050416111946106,-0.004718635696917772,0.5232751965522766,0.33838480710983276,-0.00900147296488285,0.49553319811820984,0.33371737599372864,-0.009397466666996479,0.47233647108078003,0.3441084027290344,-0.008665929548442364,0.0,0.0,0.0,0.0,0.0,0.0,0.0,0.0,0.0,0.0,0.0,0.0,0.0,0.0,0.0,0.0,0.0,0.0,0.0,0.0,0.0,0.0,0.0,0.0,0.0,0.0,0.0,0.0,0.0,0.0,0.0,0.0,0.0,0.0,0.0,0.0,0.0,0.0,0.0,0.0,0.0,0.0,0.0,0.0,0.0,0.0,0.0,0.0,0.0,0.0,0.0,0.0,0.0,0.0,0.0,0.0,0.0,0.0,0.0,0.0,0.0,0.0,0.0,drink
0.6265503168106079,0.5134296417236328,-1.6888371590084716e-07,0.5767585635185242,0.5241024494171143,-0.0037473735865205526,0.5216609835624695,0.5053150653839111,-0.0023803398944437504,0.4805297255516052,0.48624929785728455,-0.004921233747154474,0.4455464482307434,0.4679807722568512,-0.005750128533691168,0.5216347575187683,0.4098552465438843,0.030090920627117157,0.487494558095932,0.375244677066803,0.02224065363407135,0.4613993465900421,0.37217703461647034,0.009368347004055977,0.4391433000564575,0.3814370334148407,0.0007008368265815079,0.5278794169425964,0.387289434671402,0.02401825226843357,0.4921995997428894,0.3476715683937073,0.01721230521798134,0.4624900817871094,0.34514832496643066,0.004903011489659548,0.4372127056121826,0.36001822352409363,-0.0032289894297719,0.536666214466095,0.36832475662231445,0.013604589737951756,0.5016800761222839,0.32304346561431885,0.0072934296913445,0.47300517559051514,0.3194848299026489,0.0006796293309889734,0.44925957918167114,0.33414196968078613,-0.002861244138330221,0.5487744212150574,0.35212674736976624,0.0013287934707477689,0.5171241760253906,0.31414473056793213,-0.0028731850907206535,0.4905043840408325,0.3070549964904785,-0.0048134829849004745,0.46645066142082214,0.3161592483520508,-0.00556231988593936,0.0,0.0,0.0,0.0,0.0,0.0,0.0,0.0,0.0,0.0,0.0,0.0,0.0,0.0,0.0,0.0,0.0,0.0,0.0,0.0,0.0,0.0,0.0,0.0,0.0,0.0,0.0,0.0,0.0,0.0,0.0,0.0,0.0,0.0,0.0,0.0,0.0,0.0,0.0,0.0,0.0,0.0,0.0,0.0,0.0,0.0,0.0,0.0,0.0,0.0,0.0,0.0,0.0,0.0,0.0,0.0,0.0,0.0,0.0,0.0,0.0,0.0,0.0,drink
0.6200856566429138,0.49982234835624695,-2.101772054174944e-07,0.5714024901390076,0.5163463950157166,-0.001145369722507894,0.5175148248672485,0.49808835983276367,0.0023274922277778387,0.47711634635925293,0.4785391092300415,0.0008828457212075591,0.4416397213935852,0.46243560314178467,0.0005986243486404419,0.5191450119018555,0.4052082598209381,0.03861322999000549,0.48598772287368774,0.38514405488967896,0.03237570449709892,0.4591597318649292,0.3887070417404175,0.01918029971420765,0.4373633563518524,0.40057429671287537,0.009962284937500954,0.5227492451667786,0.3812507688999176,0.031097697094082832,0.48694851994514465,0.3525107502937317,0.02842884324491024,0.4567927122116089,0.3512416183948517,0.017735205590724945,0.430575430393219,0.3602597117424011,0.009405764751136303,0.5310878157615662,0.36139824986457825,0.018735576421022415,0.4956353008747101,0.32673460245132446,0.014875409193336964,0.4669904410839081,0.32326769828796387,0.0098802475258708,0.4431363344192505,0.3321443498134613,0.0065482547506690025,0.5432755947113037,0.3440015912055969,0.0043364050798118114,0.5120181441307068,0.3096189498901367,0.002356132259592414,0.48542407155036926,0.30363941192626953,0.002379296813160181,0.46145114302635193,0.311124324798584,0.0022835603449493647,0.0,0.0,0.0,0.0,0.0,0.0,0.0,0.0,0.0,0.0,0.0,0.0,0.0,0.0,0.0,0.0,0.0,0.0,0.0,0.0,0.0,0.0,0.0,0.0,0.0,0.0,0.0,0.0,0.0,0.0,0.0,0.0,0.0,0.0,0.0,0.0,0.0,0.0,0.0,0.0,0.0,0.0,0.0,0.0,0.0,0.0,0.0,0.0,0.0,0.0,0.0,0.0,0.0,0.0,0.0,0.0,0.0,0.0,0.0,0.0,0.0,0.0,0.0,drink
0.6154634356498718,0.49778831005096436,-1.9898041614396789e-07,0.5711854696273804,0.5165923237800598,-0.005577712319791317,0.5179266333580017,0.5011085867881775,-0.004556774161756039,0.4773620367050171,0.4809950590133667,-0.007094177417457104,0.44276994466781616,0.461762934923172,-0.008004836738109589,0.5183061361312866,0.405462384223938,0.03003544919192791,0.48465996980667114,0.3873201608657837,0.021680599078536034,0.4583372473716736,0.3913367986679077,0.0081761060282588,0.4375208616256714,0.40243303775787354,-0.001026743557304144,0.5225210785865784,0.38073045015335083,0.02454448863863945,0.4856395423412323,0.35388123989105225,0.01965268701314926,0.45604556798934937,0.3521196246147156,0.00912200752645731,0.4309861660003662,0.3593827188014984,0.001133232144638896,0.5312191247940063,0.3606804609298706,0.014150903560221195,0.4946298897266388,0.32821983098983765,0.007237598299980164,0.4657115340232849,0.3246668577194214,0.001420281478203833,0.4422402083873749,0.3320881128311157,-0.0018631446873769164,0.5436232686042786,0.34346073865890503,0.0016742140287533402,0.5116123557090759,0.3086608052253723,-0.003279364900663495,0.4844968318939209,0.3018743097782135,-0.004916565492749214,0.46033820509910583,0.307898610830307,-0.005800414364784956,0.0,0.0,0.0,0.0,0.0,0.0,0.0,0.0,0.0,0.0,0.0,0.0,0.0,0.0,0.0,0.0,0.0,0.0,0.0,0.0,0.0,0.0,0.0,0.0,0.0,0.0,0.0,0.0,0.0,0.0,0.0,0.0,0.0,0.0,0.0,0.0,0.0,0.0,0.0,0.0,0.0,0.0,0.0,0.0,0.0,0.0,0.0,0.0,0.0,0.0,0.0,0.0,0.0,0.0,0.0,0.0,0.0,0.0,0.0,0.0,0.0,0.0,0.0,drink
0.6121636033058167,0.4821653962135315,-1.6804106905965455e-07,0.5657146573066711,0.49837616086006165,-0.004801818169653416,0.5154756307601929,0.4881006181240082,-0.003102606628090143,0.4749288260936737,0.47184085845947266,-0.00532245310023427,0.4404621720314026,0.4539186358451843,-0.005938223097473383,0.519060492515564,0.3994552493095398,0.033975113183259964,0.48471328616142273,0.376839280128479,0.028871333226561546,0.45752936601638794,0.37748152017593384,0.01740211807191372,0.4354252517223358,0.38645923137664795,0.009061554446816444,0.5227804780006409,0.37577444314956665,0.028980113565921783,0.48649880290031433,0.34889090061187744,0.02558700181543827,0.45650744438171387,0.3487570881843567,0.014008603058755398,0.4316974878311157,0.3589443564414978,0.005214698612689972,0.5291431546211243,0.3538089394569397,0.019323576241731644,0.49239736795425415,0.3217184245586395,0.014042636379599571,0.46093353629112244,0.3195722699165344,0.0064055281691253185,0.4359196424484253,0.32998883724212646,0.0016488289693370461,0.5387998223304749,0.33220064640045166,0.0077519491314888,0.5062963962554932,0.3006446063518524,0.00372846657410264,0.4776376485824585,0.29695332050323486,0.0011988983023911715,0.4539969563484192,0.3068367540836334,-0.0003922727482859045,0.0,0.0,0.0,0.0,0.0,0.0,0.0,0.0,0.0,0.0,0.0,0.0,0.0,0.0,0.0,0.0,0.0,0.0,0.0,0.0,0.0,0.0,0.0,0.0,0.0,0.0,0.0,0.0,0.0,0.0,0.0,0.0,0.0,0.0,0.0,0.0,0.0,0.0,0.0,0.0,0.0,0.0,0.0,0.0,0.0,0.0,0.0,0.0,0.0,0.0,0.0,0.0,0.0,0.0,0.0,0.0,0.0,0.0,0.0,0.0,0.0,0.0,0.0,drink
0.6100244522094727,0.4716584384441376,-1.168329291090231e-07,0.5647623538970947,0.4910324811935425,-0.005276134703308344,0.5153989791870117,0.4808863401412964,-0.002776895649731159,0.47526976466178894,0.46352943778038025,-0.004055492114275694,0.4412146508693695,0.4450336694717407,-0.0038704662583768368,0.517742395401001,0.39058050513267517,0.03665252774953842,0.48514336347579956,0.36973837018013,0.03520899638533592,0.459280788898468,0.366642028093338,0.025996265932917595,0.4378729462623596,0.36879733204841614,0.01813223958015442,0.5220101475715637,0.3664257824420929,0.032249532639980316,0.4879831373691559,0.34102821350097656,0.031795188784599304,0.4590987265110016,0.33732670545578003,0.021372869610786438,0.4335251748561859,0.3398476243019104,0.012607350014150143,0.5286527872085571,0.3440212905406952,0.02312343381345272,0.49410781264305115,0.3126913011074066,0.019827617332339287,0.4647311866283417,0.3079798221588135,0.01281569991260767,0.4403363764286041,0.3139086365699768,0.007813908159732819,0.5388100743293762,0.32152894139289856,0.011934539303183556,0.5072280764579773,0.29348817467689514,0.008834709413349628,0.4794746935367584,0.28959113359451294,0.006465313956141472,0.4553050696849823,0.2976388931274414,0.004577730782330036,0.0,0.0,0.0,0.0,0.0,0.0,0.0,0.0,0.0,0.0,0.0,0.0,0.0,0.0,0.0,0.0,0.0,0.0,0.0,0.0,0.0,0.0,0.0,0.0,0.0,0.0,0.0,0.0,0.0,0.0,0.0,0.0,0.0,0.0,0.0,0.0,0.0,0.0,0.0,0.0,0.0,0.0,0.0,0.0,0.0,0.0,0.0,0.0,0.0,0.0,0.0,0.0,0.0,0.0,0.0,0.0,0.0,0.0,0.0,0.0,0.0,0.0,0.0,drink
0.6061787009239197,0.4700661897659302,-1.5132317798816075e-07,0.5644183158874512,0.49102962017059326,-0.006274677813053131,0.5143919587135315,0.4815770983695984,-0.004226343240588903,0.47457602620124817,0.4630783498287201,-0.005284339655190706,0.4421486556529999,0.4424910247325897,-0.0047020516358315945,0.5191852450370789,0.3899520933628082,0.03025742620229721,0.4853854775428772,0.367972731590271,0.027784248813986778,0.4583227038383484,0.36577293276786804,0.019216543063521385,0.4354349970817566,0.370062917470932,0.012159899808466434,0.5228849053382874,0.36613261699676514,0.026604456827044487,0.48747891187667847,0.34155577421188354,0.025173675268888474,0.4571826457977295,0.33991748094558716,0.01587054505944252,0.4316830635070801,0.34615403413772583,0.008335213176906109,0.5287222862243652,0.3440993130207062,0.018579473719000816,0.49268031120300293,0.315593957901001,0.014411832205951214,0.461877703666687,0.31353193521499634,0.008161420933902264,0.43689867854118347,0.3220931887626648,0.004151010885834694,0.537654459476471,0.3216218948364258,0.00859685055911541,0.5050216913223267,0.29348519444465637,0.0042196642607450485,0.4767725467681885,0.2898081839084625,0.0014963771682232618,0.4533718228340149,0.29800528287887573,-9.008334745885804e-05,0.0,0.0,0.0,0.0,0.0,0.0,0.0,0.0,0.0,0.0,0.0,0.0,0.0,0.0,0.0,0.0,0.0,0.0,0.0,0.0,0.0,0.0,0.0,0.0,0.0,0.0,0.0,0.0,0.0,0.0,0.0,0.0,0.0,0.0,0.0,0.0,0.0,0.0,0.0,0.0,0.0,0.0,0.0,0.0,0.0,0.0,0.0,0.0,0.0,0.0,0.0,0.0,0.0,0.0,0.0,0.0,0.0,0.0,0.0,0.0,0.0,0.0,0.0,drink
0.6034749746322632,0.4856996238231659,-1.5088501470472693e-07,0.5623907446861267,0.5020323991775513,-0.0054611810483038425,0.5135519504547119,0.487715482711792,-0.004762892611324787,0.4752034544944763,0.47141554951667786,-0.00738900201395154,0.4423075020313263,0.4530879557132721,-0.008473124355077744,0.5151610374450684,0.39209333062171936,0.02723981998860836,0.4824679493904114,0.37030765414237976,0.022297771647572517,0.4554452896118164,0.3683834373950958,0.012613887898623943,0.4341605603694916,0.37423911690711975,0.005404580384492874,0.5210667848587036,0.3708193898200989,0.022022372111678123,0.488018274307251,0.3403520882129669,0.018853195011615753,0.4587652385234833,0.3374194800853729,0.010601057671010494,0.43387115001678467,0.34269726276397705,0.00424156291410327,0.5293734073638916,0.35297051072120667,0.012367439456284046,0.4965125024318695,0.3182355463504791,0.0064826300367712975,0.4670177102088928,0.3135245144367218,0.0012429665075615048,0.44256511330604553,0.3197663426399231,-0.0018318023066967726,0.5395562648773193,0.3382546603679657,0.0007603070116601884,0.5092743039131165,0.3042866885662079,-0.005242940038442612,0.48279863595962524,0.29875504970550537,-0.007897167466580868,0.45994478464126587,0.3058392405509949,-0.009261081926524639,0.0,0.0,0.0,0.0,0.0,0.0,0.0,0.0,0.0,0.0,0.0,0.0,0.0,0.0,0.0,0.0,0.0,0.0,0.0,0.0,0.0,0.0,0.0,0.0,0.0,0.0,0.0,0.0,0.0,0.0,0.0,0.0,0.0,0.0,0.0,0.0,0.0,0.0,0.0,0.0,0.0,0.0,0.0,0.0,0.0,0.0,0.0,0.0,0.0,0.0,0.0,0.0,0.0,0.0,0.0,0.0,0.0,0.0,0.0,0.0,0.0,0.0,0.0,drink
0.6062343120574951,0.48371344804763794,-1.6869017827048083e-07,0.5639147758483887,0.5015760064125061,-0.00489380257204175,0.5146298408508301,0.48969778418540955,-0.004152398090809584,0.47632622718811035,0.4721728265285492,-0.006891459692269564,0.4433402419090271,0.4529290199279785,-0.008150238543748856,0.5176326036453247,0.3972156047821045,0.02804895117878914,0.48483553528785706,0.3767208456993103,0.023914538323879242,0.4578954577445984,0.3739451766014099,0.014308242127299309,0.4355775713920593,0.37773674726486206,0.006648060400038958,0.5223616361618042,0.37368243932724,0.022506507113575935,0.4880133271217346,0.3472791612148285,0.020418228581547737,0.45781630277633667,0.34403133392333984,0.012159197591245174,0.4318965971469879,0.34863027930259705,0.005115807987749577,0.5298129320144653,0.3539313077926636,0.012669616378843784,0.4956044852733612,0.32155320048332214,0.007674586493521929,0.46546000242233276,0.31701529026031494,0.0025793970562517643,0.44027531147003174,0.32347574830055237,-0.0008921654662117362,0.5402191877365112,0.33673229813575745,0.0009116607252508402,0.5096762776374817,0.30453091859817505,-0.004230135586112738,0.4825921356678009,0.2981736660003662,-0.006292091216892004,0.4589739739894867,0.30453816056251526,-0.007560185622423887,0.0,0.0,0.0,0.0,0.0,0.0,0.0,0.0,0.0,0.0,0.0,0.0,0.0,0.0,0.0,0.0,0.0,0.0,0.0,0.0,0.0,0.0,0.0,0.0,0.0,0.0,0.0,0.0,0.0,0.0,0.0,0.0,0.0,0.0,0.0,0.0,0.0,0.0,0.0,0.0,0.0,0.0,0.0,0.0,0.0,0.0,0.0,0.0,0.0,0.0,0.0,0.0,0.0,0.0,0.0,0.0,0.0,0.0,0.0,0.0,0.0,0.0,0.0,drink
0.6096678376197815,0.5188983082771301,-8.45257304149527e-08,0.5670764446258545,0.5297500491142273,-0.008763596415519714,0.517241895198822,0.5038017630577087,-0.011032664217054844,0.4786478877067566,0.48409751057624817,-0.01585814170539379,0.4442531168460846,0.46917107701301575,-0.01924963854253292,0.5251571536064148,0.4039650857448578,0.01669255644083023,0.4922569692134857,0.36494916677474976,0.006048551294952631,0.46315374970436096,0.35633665323257446,-0.0070547079667449,0.4393558204174042,0.36187151074409485,-0.015795355662703514,0.5332738161087036,0.3881673812866211,0.011425112374126911,0.4983910024166107,0.3424551486968994,0.0014046869473531842,0.4656500816345215,0.33510255813598633,-0.010951336473226547,0.4383096992969513,0.34466034173965454,-0.018854083493351936,0.5432892441749573,0.37737518548965454,0.0021335564088076353,0.5087987780570984,0.3291340470314026,-0.007760286796838045,0.476032555103302,0.31955212354660034,-0.0158890001475811,0.448641836643219,0.32557299733161926,-0.020149260759353638,0.5540224313735962,0.3717457056045532,-0.009149789810180664,0.5246778726577759,0.32650214433670044,-0.01769249513745308,0.4973699152469635,0.310820609331131,-0.022779041901230812,0.47318899631500244,0.30953288078308105,-0.02554880827665329,0.0,0.0,0.0,0.0,0.0,0.0,0.0,0.0,0.0,0.0,0.0,0.0,0.0,0.0,0.0,0.0,0.0,0.0,0.0,0.0,0.0,0.0,0.0,0.0,0.0,0.0,0.0,0.0,0.0,0.0,0.0,0.0,0.0,0.0,0.0,0.0,0.0,0.0,0.0,0.0,0.0,0.0,0.0,0.0,0.0,0.0,0.0,0.0,0.0,0.0,0.0,0.0,0.0,0.0,0.0,0.0,0.0,0.0,0.0,0.0,0.0,0.0,0.0,drink
0.6109870076179504,0.5373115539550781,-1.9979209753273608e-07,0.5670759677886963,0.5476169586181641,-0.0018954765982925892,0.5182236433029175,0.5156221389770508,-0.0028557456098496914,0.4816894829273224,0.4957841634750366,-0.008259598165750504,0.44998234510421753,0.4815121293067932,-0.011952687054872513,0.5312519669532776,0.4094751179218292,0.019204113632440567,0.4968320429325104,0.3586723208427429,0.004304574802517891,0.4647136330604553,0.3592366576194763,-0.010817913338541985,0.4446330666542053,0.37929093837738037,-0.018715715035796165,0.5407794713973999,0.3947449326515198,0.009688971564173698,0.4991927742958069,0.33970803022384644,-0.003335799090564251,0.4614318907260895,0.344943106174469,-0.016022484749555588,0.43904542922973633,0.37218981981277466,-0.022245246917009354,0.5506566762924194,0.3871878385543823,-0.003520392347127199,0.508593738079071,0.32995155453681946,-0.015548168681561947,0.4695304334163666,0.33696648478507996,-0.02281910926103592,0.44581180810928345,0.36250925064086914,-0.024644603952765465,0.5590307712554932,0.38739991188049316,-0.018068896606564522,0.5231980085372925,0.33683305978775024,-0.02840816043317318,0.49041393399238586,0.3288385272026062,-0.03294030576944351,0.46764570474624634,0.3409822881221771,-0.033721525222063065,0.0,0.0,0.0,0.0,0.0,0.0,0.0,0.0,0.0,0.0,0.0,0.0,0.0,0.0,0.0,0.0,0.0,0.0,0.0,0.0,0.0,0.0,0.0,0.0,0.0,0.0,0.0,0.0,0.0,0.0,0.0,0.0,0.0,0.0,0.0,0.0,0.0,0.0,0.0,0.0,0.0,0.0,0.0,0.0,0.0,0.0,0.0,0.0,0.0,0.0,0.0,0.0,0.0,0.0,0.0,0.0,0.0,0.0,0.0,0.0,0.0,0.0,0.0,drink
0.6305882334709167,0.5752652883529663,-1.5531198016560666e-07,0.5735204219818115,0.5762166976928711,-0.005408708471804857,0.5262402892112732,0.5352840423583984,-0.01303163357079029,0.4868078827857971,0.5122126340866089,-0.02208828739821911,0.45060253143310547,0.5029178261756897,-0.030157582834362984,0.564717710018158,0.4312489926815033,-0.004699048586189747,0.5246286392211914,0.37007322907447815,-0.0208752378821373,0.4871841073036194,0.3593713641166687,-0.033507879823446274,0.4614720642566681,0.3677945137023926,-0.03994789347052574,0.5747190117835999,0.4221464991569519,-0.011736281216144562,0.5194332003593445,0.3619491457939148,-0.025470348075032234,0.47723305225372314,0.3590603768825531,-0.03392774611711502,0.45002543926239014,0.3751053810119629,-0.03801994025707245,0.5790637731552124,0.42879942059516907,-0.020509975031018257,0.5241614580154419,0.36911410093307495,-0.03222362697124481,0.4848255515098572,0.36341798305511475,-0.03490743041038513,0.45833033323287964,0.3730812668800354,-0.03483632206916809,0.5751723051071167,0.44893085956573486,-0.029896482825279236,0.5363121628761292,0.3975486755371094,-0.038587212562561035,0.5102598667144775,0.3752874732017517,-0.039466697722673416,0.4913882315158844,0.3660205602645874,-0.03845343738794327,0.0,0.0,0.0,0.0,0.0,0.0,0.0,0.0,0.0,0.0,0.0,0.0,0.0,0.0,0.0,0.0,0.0,0.0,0.0,0.0,0.0,0.0,0.0,0.0,0.0,0.0,0.0,0.0,0.0,0.0,0.0,0.0,0.0,0.0,0.0,0.0,0.0,0.0,0.0,0.0,0.0,0.0,0.0,0.0,0.0,0.0,0.0,0.0,0.0,0.0,0.0,0.0,0.0,0.0,0.0,0.0,0.0,0.0,0.0,0.0,0.0,0.0,0.0,drink
0.6345023512840271,0.5767568349838257,-1.7045611855337484e-07,0.5749775767326355,0.5741641521453857,-0.001788003952242434,0.5265817046165466,0.5316581130027771,-0.007801928091794252,0.48689597845077515,0.509424090385437,-0.01566433720290661,0.4520692527294159,0.5008535981178284,-0.02299478091299534,0.5662338137626648,0.42426106333732605,-0.004295913968235254,0.5234285593032837,0.3606516718864441,-0.021422138437628746,0.4853160083293915,0.34948715567588806,-0.03458886221051216,0.4597705006599426,0.3570173680782318,-0.041531480848789215,0.5764204859733582,0.41970619559288025,-0.01319145504385233,0.5184023380279541,0.35774433612823486,-0.029216699302196503,0.47585391998291016,0.3566909432411194,-0.03877286612987518,0.449622243642807,0.373657763004303,-0.04313728213310242,0.5807617902755737,0.43054884672164917,-0.02347521111369133,0.524478554725647,0.367563396692276,-0.036555610597133636,0.48388147354125977,0.3604854643344879,-0.039637286216020584,0.4577709436416626,0.36657118797302246,-0.03966021165251732,0.5771461129188538,0.45407024025917053,-0.03399127349257469,0.538078784942627,0.4039124548435211,-0.044703803956508636,0.5116552710533142,0.3798035979270935,-0.04701831191778183,0.4934529960155487,0.3656676709651947,-0.046837225556373596,0.0,0.0,0.0,0.0,0.0,0.0,0.0,0.0,0.0,0.0,0.0,0.0,0.0,0.0,0.0,0.0,0.0,0.0,0.0,0.0,0.0,0.0,0.0,0.0,0.0,0.0,0.0,0.0,0.0,0.0,0.0,0.0,0.0,0.0,0.0,0.0,0.0,0.0,0.0,0.0,0.0,0.0,0.0,0.0,0.0,0.0,0.0,0.0,0.0,0.0,0.0,0.0,0.0,0.0,0.0,0.0,0.0,0.0,0.0,0.0,0.0,0.0,0.0,drink
0.6176450252532959,0.5953167080879211,1.9103221404748183e-07,0.57706618309021,0.5874735713005066,-0.01215266901999712,0.5355193614959717,0.5540182590484619,-0.02115654945373535,0.5000261068344116,0.5362313389778137,-0.029642155393958092,0.4674566388130188,0.524930477142334,-0.03772355988621712,0.582970142364502,0.4778781831264496,-0.009525876492261887,0.5532886981964111,0.4287738502025604,-0.021637508645653725,0.5317267179489136,0.3932417035102844,-0.03263787552714348,0.5115734934806824,0.36747172474861145,-0.040697675198316574,0.5887770652770996,0.47735264897346497,-0.012619579210877419,0.5568910837173462,0.4255642592906952,-0.022380154579877853,0.5329846739768982,0.39214450120925903,-0.03225156292319298,0.5117495059967041,0.3636976480484009,-0.04006701707839966,0.5866284370422363,0.48651984333992004,-0.017393114045262337,0.5541546940803528,0.435739129781723,-0.026122109964489937,0.5300147533416748,0.4031831920146942,-0.031249454244971275,0.5100675225257874,0.37505048513412476,-0.03460671752691269,0.5757899284362793,0.5042038559913635,-0.023358602076768875,0.5481500625610352,0.4636663496494293,-0.029914677143096924,0.5306437611579895,0.4362885653972626,-0.03171022608876228,0.516741931438446,0.41305863857269287,-0.03306933864951134,0.6430566906929016,0.6272236108779907,-1.2751373290598167e-08,0.581942617893219,0.6002062559127808,0.0084832813590765,0.5387148261070251,0.5543516874313354,0.002530129160732031,0.49648648500442505,0.534222424030304,-0.008207719773054123,0.4582762122154236,0.5255502462387085,-0.020271772518754005,0.5896770358085632,0.46089065074920654,0.008687468245625496,0.5425449013710022,0.41162046790122986,-0.0012303622206673026,0.5155117511749268,0.38377633690834045,-0.01296688336879015,0.4906276762485504,0.3632087707519531,-0.022415397688746452,0.5910239815711975,0.46502697467803955,-0.007722462993115187,0.5383685827255249,0.40328356623649597,-0.014426961541175842,0.5087831020355225,0.3767434358596802,-0.02396111935377121,0.4832414984703064,0.35580310225486755,-0.03265991061925888,0.58413165807724,0.4841907322406769,-0.02448800764977932,0.5358456373214722,0.4140382409095764,-0.030137458816170692,0.5075376629829407,0.38531187176704407,-0.03186515346169472,0.484031617641449,0.36281684041023254,-0.03472570329904556,0.5673313736915588,0.5194528698921204,-0.04097561910748482,0.5352292060852051,0.46733495593070984,-0.04457193985581398,0.5170033574104309,0.4327683746814728,-0.04245225712656975,0.5017061233520508,0.40338876843452454,-0.04221198335289955,drink
0.6458470821380615,0.678510308265686,2.849322910947194e-08,0.5958075523376465,0.6346806287765503,0.006995128933340311,0.552439272403717,0.594953179359436,0.0016515722963958979,0.506736695766449,0.5817970037460327,-0.007832403294742107,0.46687790751457214,0.5792962908744812,-0.019220832735300064,0.6012008190155029,0.5236666798591614,0.004174339585006237,0.559489369392395,0.465514212846756,-0.0067641884088516235,0.5330422520637512,0.4332936704158783,-0.017633184790611267,0.5106310248374939,0.40749242901802063,-0.026777541264891624,0.5990906953811646,0.5313137769699097,-0.009950780309736729,0.5496872067451477,0.46667715907096863,-0.018969275057315826,0.5202805399894714,0.43743082880973816,-0.028535688295960426,0.49782314896583557,0.4110844135284424,-0.037574876099824905,0.5895205140113831,0.5536060333251953,-0.02448190748691559,0.5427048802375793,0.486307829618454,-0.03368571400642395,0.5158528089523315,0.45820754766464233,-0.03871656209230423,0.495504766702652,0.43318602442741394,-0.043744854629039764,0.5723692774772644,0.5905183553695679,-0.03837991878390312,0.5452205538749695,0.5478444695472717,-0.046224936842918396,0.5274869203567505,0.5198002457618713,-0.04823845624923706,0.5115085244178772,0.4924192726612091,-0.05086451396346092,0.0,0.0,0.0,0.0,0.0,0.0,0.0,0.0,0.0,0.0,0.0,0.0,0.0,0.0,0.0,0.0,0.0,0.0,0.0,0.0,0.0,0.0,0.0,0.0,0.0,0.0,0.0,0.0,0.0,0.0,0.0,0.0,0.0,0.0,0.0,0.0,0.0,0.0,0.0,0.0,0.0,0.0,0.0,0.0,0.0,0.0,0.0,0.0,0.0,0.0,0.0,0.0,0.0,0.0,0.0,0.0,0.0,0.0,0.0,0.0,0.0,0.0,0.0,drink
0.6596729755401611,0.7017413377761841,-2.762656947652431e-08,0.6371051073074341,0.6477164030075073,0.010878306813538074,0.5969127416610718,0.5979769825935364,0.007975966669619083,0.554390013217926,0.573085606098175,0.001477129990234971,0.51896071434021,0.5550769567489624,-0.00712065352126956,0.6042429208755493,0.5445430278778076,-0.01168238278478384,0.5554175972938538,0.48406630754470825,-0.028006570413708687,0.5163368582725525,0.4530179500579834,-0.03879474475979805,0.4852745532989502,0.434447705745697,-0.04548555612564087,0.5971359014511108,0.5594029426574707,-0.025918681174516678,0.5310057401657104,0.4957571029663086,-0.04105544462800026,0.4880789816379547,0.4798746705055237,-0.04836856946349144,0.4568815231323242,0.47527292370796204,-0.05280211940407753,0.5864236354827881,0.5876678228378296,-0.03862033411860466,0.5207647681236267,0.5251274108886719,-0.051367804408073425,0.4788167178630829,0.5152190327644348,-0.054111190140247345,0.44819486141204834,0.5158396363258362,-0.05478928983211517,0.5729063749313354,0.6269144415855408,-0.049817051738500595,0.5328081846237183,0.571903645992279,-0.062424447387456894,0.5026928186416626,0.5485079288482666,-0.06567540764808655,0.47663789987564087,0.5348460674285889,-0.06610750406980515,0.0,0.0,0.0,0.0,0.0,0.0,0.0,0.0,0.0,0.0,0.0,0.0,0.0,0.0,0.0,0.0,0.0,0.0,0.0,0.0,0.0,0.0,0.0,0.0,0.0,0.0,0.0,0.0,0.0,0.0,0.0,0.0,0.0,0.0,0.0,0.0,0.0,0.0,0.0,0.0,0.0,0.0,0.0,0.0,0.0,0.0,0.0,0.0,0.0,0.0,0.0,0.0,0.0,0.0,0.0,0.0,0.0,0.0,0.0,0.0,0.0,0.0,0.0,drink
0.6599525213241577,0.7119299173355103,2.3839790586066556e-08,0.6205602884292603,0.6642873883247375,0.010643736459314823,0.5698848962783813,0.6176789999008179,0.006099774967879057,0.5206657648086548,0.6053601503372192,-0.002727142535150051,0.4799119830131531,0.5959786176681519,-0.012179573997855186,0.6030838489532471,0.5417765378952026,-0.003976637031883001,0.5483893156051636,0.4796489477157593,-0.020362991839647293,0.507209062576294,0.45357000827789307,-0.03160388395190239,0.47516870498657227,0.44084325432777405,-0.038665711879730225,0.5981569290161133,0.5558818578720093,-0.01962302252650261,0.5269720554351807,0.48980405926704407,-0.03648459166288376,0.4809361398220062,0.48575451970100403,-0.0456368513405323,0.4490668475627899,0.49423518776893616,-0.050720155239105225,0.5881492495536804,0.5831710696220398,-0.03451189771294594,0.5205915570259094,0.519882321357727,-0.04821861907839775,0.47672492265701294,0.5179480314254761,-0.05213300883769989,0.44542747735977173,0.5268555879592896,-0.053141821175813675,0.5733861327171326,0.6216881275177002,-0.04812685027718544,0.5325367450714111,0.5654407739639282,-0.059571947902441025,0.5013402104377747,0.5443763732910156,-0.0631353110074997,0.47447121143341064,0.5353772640228271,-0.0642627477645874,0.0,0.0,0.0,0.0,0.0,0.0,0.0,0.0,0.0,0.0,0.0,0.0,0.0,0.0,0.0,0.0,0.0,0.0,0.0,0.0,0.0,0.0,0.0,0.0,0.0,0.0,0.0,0.0,0.0,0.0,0.0,0.0,0.0,0.0,0.0,0.0,0.0,0.0,0.0,0.0,0.0,0.0,0.0,0.0,0.0,0.0,0.0,0.0,0.0,0.0,0.0,0.0,0.0,0.0,0.0,0.0,0.0,0.0,0.0,0.0,0.0,0.0,0.0,drink
0.6719069480895996,0.7531359195709229,-3.6270634495849663e-07,0.6362475752830505,0.6923503279685974,0.030029207468032837,0.5887067317962646,0.6444401144981384,0.029409736394882202,0.5420236587524414,0.6308790445327759,0.020552853122353554,0.505552351474762,0.6174071431159973,0.00979740172624588,0.6099359393119812,0.5731003880500793,-0.0031875884160399437,0.5318828225135803,0.5098468065261841,-0.024234848096966743,0.48347747325897217,0.5212158560752869,-0.0351736880838871,0.456734836101532,0.5424373149871826,-0.03878806531429291,0.6061230301856995,0.5941889882087708,-0.02966228313744068,0.5176768898963928,0.5209491848945618,-0.04809529334306717,0.4656643867492676,0.5387234687805176,-0.05282920226454735,0.43998152017593384,0.5638824701309204,-0.053995586931705475,0.596288800239563,0.6287869215011597,-0.05405090004205704,0.5160024762153625,0.5517095923423767,-0.06492287665605545,0.4680492877960205,0.5645280480384827,-0.06277943402528763,0.44308269023895264,0.5841458439826965,-0.06001590937376022,0.5835072994232178,0.6716762781143188,-0.07564771175384521,0.5252983570098877,0.606492280960083,-0.08303481340408325,0.48704051971435547,0.5937374234199524,-0.08098497986793518,0.46193596720695496,0.5939816236495972,-0.0781378373503685,0.0,0.0,0.0,0.0,0.0,0.0,0.0,0.0,0.0,0.0,0.0,0.0,0.0,0.0,0.0,0.0,0.0,0.0,0.0,0.0,0.0,0.0,0.0,0.0,0.0,0.0,0.0,0.0,0.0,0.0,0.0,0.0,0.0,0.0,0.0,0.0,0.0,0.0,0.0,0.0,0.0,0.0,0.0,0.0,0.0,0.0,0.0,0.0,0.0,0.0,0.0,0.0,0.0,0.0,0.0,0.0,0.0,0.0,0.0,0.0,0.0,0.0,0.0,drink
0.6746898889541626,0.7674275040626526,-3.2741507993705454e-07,0.6159674525260925,0.7179563045501709,0.02812628634274006,0.5657952427864075,0.666782021522522,0.02593167871236801,0.519384503364563,0.6525481939315796,0.015752168372273445,0.47986260056495667,0.6424044966697693,0.004591349046677351,0.6124077439308167,0.5713769793510437,-0.0011742326896637678,0.5352489352226257,0.5091428160667419,-0.02271689847111702,0.48506322503089905,0.5205790996551514,-0.034361302852630615,0.4551140069961548,0.5431206822395325,-0.03873126953840256,0.6116995215415955,0.5868355631828308,-0.028164038434624672,0.5216692090034485,0.506210207939148,-0.04908490553498268,0.46899497509002686,0.5266937613487244,-0.05614304170012474,0.44195014238357544,0.558821976184845,-0.057848669588565826,0.6029043793678284,0.6180020570755005,-0.053248073905706406,0.5236771702766418,0.5387157797813416,-0.06722496449947357,0.4737699627876282,0.5519953966140747,-0.06821995973587036,0.44461947679519653,0.574553370475769,-0.06664592027664185,0.5865989327430725,0.6594676375389099,-0.07553929090499878,0.5303180813789368,0.5939003229141235,-0.08532970398664474,0.49104541540145874,0.5815384387969971,-0.08541632443666458,0.46237310767173767,0.5832985043525696,-0.08389695733785629,0.0,0.0,0.0,0.0,0.0,0.0,0.0,0.0,0.0,0.0,0.0,0.0,0.0,0.0,0.0,0.0,0.0,0.0,0.0,0.0,0.0,0.0,0.0,0.0,0.0,0.0,0.0,0.0,0.0,0.0,0.0,0.0,0.0,0.0,0.0,0.0,0.0,0.0,0.0,0.0,0.0,0.0,0.0,0.0,0.0,0.0,0.0,0.0,0.0,0.0,0.0,0.0,0.0,0.0,0.0,0.0,0.0,0.0,0.0,0.0,0.0,0.0,0.0,drink
0.6453036665916443,0.7212038636207581,8.545901408751888e-08,0.5913989543914795,0.7168982625007629,-0.01356985978782177,0.5435000658035278,0.672913134098053,-0.020550981163978577,0.5040311813354492,0.6441609263420105,-0.02571237087249756,0.46792101860046387,0.6265291571617126,-0.030071107670664787,0.5910869240760803,0.5953770875930786,-0.011522175744175911,0.5574899315834045,0.5394712090492249,-0.021318962797522545,0.5292887687683105,0.5100455284118652,-0.029867082834243774,0.504468560218811,0.49372923374176025,-0.0356154665350914,0.6081522703170776,0.5822716951370239,-0.011214183643460274,0.5735926628112793,0.5229619741439819,-0.017571359872817993,0.5451345443725586,0.4915677607059479,-0.023931369185447693,0.5213496685028076,0.4712595045566559,-0.029415471479296684,0.6156730651855469,0.5820141434669495,-0.012450741603970528,0.5819740891456604,0.5240240693092346,-0.019249863922595978,0.5542428493499756,0.4910351634025574,-0.02307024411857128,0.5317268371582031,0.4685473144054413,-0.025526877492666245,0.613401472568512,0.5931634306907654,-0.014721624553203583,0.5862842798233032,0.544308602809906,-0.020570233464241028,0.56388920545578,0.511185884475708,-0.022580759599804878,0.5448960661888123,0.488145112991333,-0.023717666044831276,0.6600740551948547,0.7396860122680664,-2.5843112894108344e-07,0.5924655199050903,0.7067086696624756,0.014876777306199074,0.5431613922119141,0.6604219079017639,0.005754414480179548,0.5001943707466125,0.6389908790588379,-0.010162688791751862,0.46110647916793823,0.6268550753593445,-0.026591094210743904,0.5972890257835388,0.5469388961791992,-0.002335192635655403,0.5326058864593506,0.47557032108306885,-0.02693517878651619,0.4824928939342499,0.4838235676288605,-0.044897451996803284,0.45433881878852844,0.510129988193512,-0.05362433195114136,0.6019309759140015,0.5550273060798645,-0.023656243458390236,0.5207306146621704,0.4761875867843628,-0.04226969927549362,0.46854180097579956,0.4927598237991333,-0.05237726494669914,0.44508224725723267,0.5264264345169067,-0.05877402424812317,0.5984222292900085,0.5793223977088928,-0.04525940492749214,0.523293137550354,0.5039337277412415,-0.057308416813611984,0.4743969142436981,0.5201737284660339,-0.05866061523556709,0.44868385791778564,0.5501121282577515,-0.05977066978812218,0.5880005359649658,0.6146907210350037,-0.06596224755048752,0.5353795886039734,0.5568677186965942,-0.07501497119665146,0.4995514452457428,0.5499013662338257,-0.07519489526748657,0.4758238196372986,0.5582290887832642,-0.07478869706392288,drink
0.6489428281784058,0.725597620010376,1.619597611579593e-07,0.5887227654457092,0.7050872445106506,-0.0012856711400672793,0.5401670336723328,0.6563824415206909,-0.005560282617807388,0.500598669052124,0.6312138438224792,-0.011831370182335377,0.4664730727672577,0.6156728267669678,-0.018032502382993698,0.6034533977508545,0.5764577388763428,0.003741650143638253,0.5764394402503967,0.5226011872291565,-0.0059787314385175705,0.5561674237251282,0.4817703664302826,-0.017194053158164024,0.5359765887260437,0.44986045360565186,-0.025773344561457634,0.6106188297271729,0.5773346424102783,-0.005128938239067793,0.5802912712097168,0.5164768099784851,-0.012012484483420849,0.5559377670288086,0.4753590226173401,-0.020483216270804405,0.5355046391487122,0.44345349073410034,-0.027613399550318718,0.6083275079727173,0.5885852575302124,-0.015235473401844501,0.5769306421279907,0.5267194509506226,-0.021395044401288033,0.5520017743110657,0.4862109422683716,-0.024784639477729797,0.533139705657959,0.45644959807395935,-0.02740398608148098,0.5950872302055359,0.6103588342666626,-0.026003751903772354,0.5681494474411011,0.559149444103241,-0.029796933755278587,0.5490171909332275,0.5218973755836487,-0.029764043167233467,0.5350249409675598,0.49234384298324585,-0.030243514105677605,0.6650294065475464,0.7326608896255493,7.893022058169663e-08,0.5861636400222778,0.6995009183883667,0.012517484836280346,0.5416440367698669,0.6490026712417603,0.008948559872806072,0.5002080798149109,0.6213734149932861,-0.0010987069690600038,0.4620490074157715,0.6114007234573364,-0.013401738367974758,0.5964429974555969,0.5399054884910583,0.022319285199046135,0.552505373954773,0.48775792121887207,0.016320468857884407,0.5285457968711853,0.46011584997177124,0.0047686900943517685,0.505915105342865,0.4373288154602051,-0.00538532854989171,0.6047899723052979,0.5431200265884399,0.004192561376839876,0.5533612966537476,0.47253507375717163,-0.00027166082873009145,0.5267735123634338,0.440371036529541,-0.01074776891618967,0.5054157972335815,0.416762113571167,-0.020912669599056244,0.6037940979003906,0.5649881958961487,-0.01466298010200262,0.5573513507843018,0.48821592330932617,-0.016487788408994675,0.5327231884002686,0.4529953598976135,-0.015591627918183804,0.5145605206489563,0.42414864897727966,-0.017727261409163475,0.5898116827011108,0.6016268134117126,-0.0336492620408535,0.5587311387062073,0.5404375791549683,-0.03206688538193703,0.5414996147155762,0.5002048015594482,-0.026687582954764366,0.5270024538040161,0.4647861123085022,-0.025300420820713043,drink
0.6461277008056641,0.6813791990280151,8.809538343257373e-08,0.5816071033477783,0.6627698540687561,-0.0015366235747933388,0.5311594605445862,0.6164085865020752,-0.006069766357541084,0.4894614815711975,0.5898919701576233,-0.015323701314628124,0.452896386384964,0.5781028866767883,-0.024150120094418526,0.5709651112556458,0.5054987072944641,0.020208725705742836,0.5376505851745605,0.4526311457157135,0.009061956778168678,0.506794810295105,0.42217618227005005,-0.004119052551686764,0.4823935031890869,0.40281081199645996,-0.013717025518417358,0.5805532336235046,0.4975903630256653,0.008176088333129883,0.5375799536705017,0.43692463636398315,-0.0013004810316488147,0.5036572813987732,0.41010022163391113,-0.010299580171704292,0.4753248393535614,0.3932534158229828,-0.016273552551865578,0.5863215327262878,0.4997866451740265,-0.007728932425379753,0.5436253547668457,0.4346957802772522,-0.016509167850017548,0.5099302530288696,0.4049406051635742,-0.01826475001871586,0.4835774302482605,0.38303887844085693,-0.018855437636375427,0.5850807428359985,0.5124770998954773,-0.02556990087032318,0.5537204146385193,0.4544522166252136,-0.030603796243667603,0.5317195653915405,0.4165852665901184,-0.029507700353860855,0.5137268900871277,0.3841913342475891,-0.028428396210074425,0.0,0.0,0.0,0.0,0.0,0.0,0.0,0.0,0.0,0.0,0.0,0.0,0.0,0.0,0.0,0.0,0.0,0.0,0.0,0.0,0.0,0.0,0.0,0.0,0.0,0.0,0.0,0.0,0.0,0.0,0.0,0.0,0.0,0.0,0.0,0.0,0.0,0.0,0.0,0.0,0.0,0.0,0.0,0.0,0.0,0.0,0.0,0.0,0.0,0.0,0.0,0.0,0.0,0.0,0.0,0.0,0.0,0.0,0.0,0.0,0.0,0.0,0.0,drink
0.6400899887084961,0.6759366989135742,-1.0083687662643115e-08,0.5810533761978149,0.6632251143455505,-5.5191765568451956e-05,0.5300952792167664,0.6162955164909363,-0.0026082538533955812,0.49038806557655334,0.5879073143005371,-0.009700565598905087,0.4553448259830475,0.5761299133300781,-0.01632293313741684,0.5686849355697632,0.5089522004127502,0.018208060413599014,0.5379889011383057,0.4549139440059662,0.007916506379842758,0.5102380514144897,0.42607593536376953,-0.004296329338103533,0.4871414303779602,0.40706199407577515,-0.01352174673229456,0.5784884691238403,0.5007150173187256,0.006114182062447071,0.5355740189552307,0.44344690442085266,-0.003121243556961417,0.502112627029419,0.4187612533569336,-0.012082403525710106,0.4738003611564636,0.4052441418170929,-0.01828388124704361,0.5857077240943909,0.5021993517875671,-0.00921140518039465,0.5413140058517456,0.44067972898483276,-0.018405262380838394,0.5078586339950562,0.41489356756210327,-0.02002616599202156,0.48172029852867126,0.39708906412124634,-0.020442334935069084,0.5864797830581665,0.513519823551178,-0.02611849270761013,0.5555250644683838,0.45590364933013916,-0.03281489387154579,0.5344559550285339,0.4180779457092285,-0.0326508991420269,0.5175946354866028,0.3863528072834015,-0.03202492371201515,0.0,0.0,0.0,0.0,0.0,0.0,0.0,0.0,0.0,0.0,0.0,0.0,0.0,0.0,0.0,0.0,0.0,0.0,0.0,0.0,0.0,0.0,0.0,0.0,0.0,0.0,0.0,0.0,0.0,0.0,0.0,0.0,0.0,0.0,0.0,0.0,0.0,0.0,0.0,0.0,0.0,0.0,0.0,0.0,0.0,0.0,0.0,0.0,0.0,0.0,0.0,0.0,0.0,0.0,0.0,0.0,0.0,0.0,0.0,0.0,0.0,0.0,0.0,drink
0.6297606825828552,0.620686411857605,-4.393172048366978e-09,0.57208651304245,0.6101610660552979,0.0012071810197085142,0.5224606394767761,0.571279764175415,0.002061591250821948,0.48267677426338196,0.5513988137245178,-0.0034392105881124735,0.445705384016037,0.537112832069397,-0.007266838103532791,0.5351431369781494,0.46651726961135864,0.03875352442264557,0.5098031759262085,0.41068142652511597,0.02907714620232582,0.47982358932495117,0.3966706097126007,0.014625824987888336,0.45453736186027527,0.398212194442749,0.005403783638030291,0.5443501472473145,0.45395782589912415,0.026805637404322624,0.5165690779685974,0.3893921673297882,0.020190399140119553,0.4825224280357361,0.38037002086639404,0.009329278022050858,0.4555412828922272,0.3897886574268341,0.0029083702247589827,0.5539319515228271,0.44568896293640137,0.009796337224543095,0.5253019332885742,0.38207805156707764,0.003074624575674534,0.487801194190979,0.3750981390476227,-0.0015092402463778853,0.45940303802490234,0.3856402039527893,-0.0029109776951372623,0.5627298951148987,0.44403505325317383,-0.009319462813436985,0.5311602354049683,0.3916345536708832,-0.01211915910243988,0.49845704436302185,0.38098105788230896,-0.011525495909154415,0.4717490077018738,0.38592690229415894,-0.010398623533546925,0.0,0.0,0.0,0.0,0.0,0.0,0.0,0.0,0.0,0.0,0.0,0.0,0.0,0.0,0.0,0.0,0.0,0.0,0.0,0.0,0.0,0.0,0.0,0.0,0.0,0.0,0.0,0.0,0.0,0.0,0.0,0.0,0.0,0.0,0.0,0.0,0.0,0.0,0.0,0.0,0.0,0.0,0.0,0.0,0.0,0.0,0.0,0.0,0.0,0.0,0.0,0.0,0.0,0.0,0.0,0.0,0.0,0.0,0.0,0.0,0.0,0.0,0.0,drink
0.6241855025291443,0.5810708403587341,-1.096731523375638e-07,0.5723972320556641,0.5825551748275757,-0.005994926206767559,0.521678626537323,0.5487444996833801,-0.00806528888642788,0.48235276341438293,0.5275632739067078,-0.014263399876654148,0.44688889384269714,0.5182015895843506,-0.018799984827637672,0.5249795317649841,0.4450058937072754,0.023042166605591774,0.4956793189048767,0.3916386067867279,0.008984859101474285,0.4648105800151825,0.38297539949417114,-0.007278942968696356,0.4406343102455139,0.39143800735473633,-0.01689336448907852,0.5328792929649353,0.42906251549720764,0.01566403917968273,0.5010586977005005,0.3699599802494049,0.005974974483251572,0.4667488634586334,0.3651777505874634,-0.00434501189738512,0.440888375043869,0.37872010469436646,-0.010183741338551044,0.5429425239562988,0.4188733398914337,0.0033047667238861322,0.5094010233879089,0.35829293727874756,-0.005911251530051231,0.4729864001274109,0.3549911081790924,-0.010644921101629734,0.44607871770858765,0.3679175078868866,-0.011973131448030472,0.5547600388526917,0.41476768255233765,-0.01138863991945982,0.5207599401473999,0.3651941418647766,-0.01750759407877922,0.48856472969055176,0.3580547273159027,-0.018532734364271164,0.46249157190322876,0.3665638267993927,-0.01804591529071331,0.0,0.0,0.0,0.0,0.0,0.0,0.0,0.0,0.0,0.0,0.0,0.0,0.0,0.0,0.0,0.0,0.0,0.0,0.0,0.0,0.0,0.0,0.0,0.0,0.0,0.0,0.0,0.0,0.0,0.0,0.0,0.0,0.0,0.0,0.0,0.0,0.0,0.0,0.0,0.0,0.0,0.0,0.0,0.0,0.0,0.0,0.0,0.0,0.0,0.0,0.0,0.0,0.0,0.0,0.0,0.0,0.0,0.0,0.0,0.0,0.0,0.0,0.0,drink
0.6221514344215393,0.5747135877609253,-1.3849687263700616e-07,0.5731270909309387,0.5843465924263,-0.0038144737482070923,0.5212130546569824,0.5482473373413086,-0.004323818255215883,0.4818495213985443,0.5256438255310059,-0.009295526891946793,0.447457492351532,0.5182492136955261,-0.012254973873496056,0.5236924886703491,0.44301512837409973,0.02300679124891758,0.49407023191452026,0.3827888071537018,0.006955038756132126,0.4621925950050354,0.38003453612327576,-0.009240604005753994,0.4407586455345154,0.3976064622402191,-0.017761079594492912,0.5319125652313232,0.42539989948272705,0.014294304884970188,0.5024740099906921,0.3501383662223816,0.0011689255479723215,0.46721121668815613,0.3508155941963196,-0.009791680611670017,0.4449480175971985,0.3740314245223999,-0.014492291025817394,0.5420624613761902,0.4151172637939453,0.000873928947839886,0.509619414806366,0.34484970569610596,-0.010166424326598644,0.4730704426765442,0.34856748580932617,-0.01618518866598606,0.4497441351413727,0.3707604706287384,-0.017346912994980812,0.5529747009277344,0.4126512110233307,-0.014482389204204082,0.5190581679344177,0.36134326457977295,-0.02115834876894951,0.48670247197151184,0.357888400554657,-0.023380253463983536,0.46283525228500366,0.3719870448112488,-0.023415271192789078,0.0,0.0,0.0,0.0,0.0,0.0,0.0,0.0,0.0,0.0,0.0,0.0,0.0,0.0,0.0,0.0,0.0,0.0,0.0,0.0,0.0,0.0,0.0,0.0,0.0,0.0,0.0,0.0,0.0,0.0,0.0,0.0,0.0,0.0,0.0,0.0,0.0,0.0,0.0,0.0,0.0,0.0,0.0,0.0,0.0,0.0,0.0,0.0,0.0,0.0,0.0,0.0,0.0,0.0,0.0,0.0,0.0,0.0,0.0,0.0,0.0,0.0,0.0,drink
0.6177266240119934,0.5279418230056763,-1.2579329222717206e-07,0.5663851499557495,0.5358597040176392,-0.004815277643501759,0.5127533674240112,0.5135980844497681,-0.00649851793423295,0.4723670482635498,0.49663951992988586,-0.012504277750849724,0.4368702173233032,0.4800419807434082,-0.016643395647406578,0.5093995332717896,0.4023270905017853,0.026082227006554604,0.47497907280921936,0.35971349477767944,0.013376116752624512,0.44742798805236816,0.35654759407043457,-0.0031344580929726362,0.4264160990715027,0.36904746294021606,-0.013121562078595161,0.5164905190467834,0.3839634656906128,0.018225401639938354,0.480785608291626,0.33204126358032227,0.00858511682599783,0.44954371452331543,0.3311346769332886,-0.004032974597066641,0.42657238245010376,0.35120874643325806,-0.011494211852550507,0.5268798470497131,0.371212899684906,0.0056113433092832565,0.49160462617874146,0.314792662858963,-0.002859757049009204,0.45883387327194214,0.31419509649276733,-0.00960659608244896,0.4350963234901428,0.3324402868747711,-0.012626939453184605,0.5405309796333313,0.3645078241825104,-0.009119019843637943,0.5084583759307861,0.3181185722351074,-0.014248593710362911,0.48020902276039124,0.31167271733283997,-0.01589067094027996,0.4573764204978943,0.3222147226333618,-0.016089290380477905,0.0,0.0,0.0,0.0,0.0,0.0,0.0,0.0,0.0,0.0,0.0,0.0,0.0,0.0,0.0,0.0,0.0,0.0,0.0,0.0,0.0,0.0,0.0,0.0,0.0,0.0,0.0,0.0,0.0,0.0,0.0,0.0,0.0,0.0,0.0,0.0,0.0,0.0,0.0,0.0,0.0,0.0,0.0,0.0,0.0,0.0,0.0,0.0,0.0,0.0,0.0,0.0,0.0,0.0,0.0,0.0,0.0,0.0,0.0,0.0,0.0,0.0,0.0,drink
0.6102746725082397,0.49879947304725647,-1.2911577584873157e-07,0.5588499307632446,0.5106218457221985,-0.006950253155082464,0.5050809383392334,0.49148067831993103,-0.008343284018337727,0.4641638696193695,0.4722703695297241,-0.013308851048350334,0.4292149841785431,0.4560234248638153,-0.016596486791968346,0.5039591789245605,0.39092960953712463,0.022675206884741783,0.4718959331512451,0.35036301612854004,0.011917914263904095,0.4459823966026306,0.3434182405471802,-0.002455794485285878,0.4241400361061096,0.3482452929019928,-0.012092294171452522,0.5109795331954956,0.3702179193496704,0.016896096989512444,0.47485601902008057,0.3247779607772827,0.007395637221634388,0.4432508945465088,0.3222438395023346,-0.004883010406047106,0.41796088218688965,0.33483901619911194,-0.012978161685168743,0.5213929414749146,0.354200541973114,0.006638776510953903,0.48493844270706177,0.30519846081733704,-0.002751897322013974,0.4531235098838806,0.3038646876811981,-0.00975424237549305,0.4291391670703888,0.31786006689071655,-0.013173599727451801,0.5358332991600037,0.341732919216156,-0.00568748265504837,0.5039121508598328,0.2978799641132355,-0.012539585120975971,0.47431859374046326,0.29050564765930176,-0.01551359798759222,0.449685662984848,0.29863154888153076,-0.016753334552049637,0.0,0.0,0.0,0.0,0.0,0.0,0.0,0.0,0.0,0.0,0.0,0.0,0.0,0.0,0.0,0.0,0.0,0.0,0.0,0.0,0.0,0.0,0.0,0.0,0.0,0.0,0.0,0.0,0.0,0.0,0.0,0.0,0.0,0.0,0.0,0.0,0.0,0.0,0.0,0.0,0.0,0.0,0.0,0.0,0.0,0.0,0.0,0.0,0.0,0.0,0.0,0.0,0.0,0.0,0.0,0.0,0.0,0.0,0.0,0.0,0.0,0.0,0.0,drink
0.6023925542831421,0.48593732714653015,-1.401998446226571e-07,0.5532878041267395,0.5005573034286499,-0.004805779084563255,0.5015301704406738,0.4843237102031708,-0.0038461610674858093,0.4606906473636627,0.4656851887702942,-0.007067432161420584,0.42507660388946533,0.4503529965877533,-0.008727985434234142,0.5040085911750793,0.3857510983943939,0.03187277540564537,0.4715469479560852,0.35673290491104126,0.025338642299175262,0.4436856210231781,0.35375112295150757,0.013278349302709103,0.4202972948551178,0.3598661422729492,0.004552710335701704,0.5089028477668762,0.36292433738708496,0.02559795416891575,0.4733559489250183,0.32420429587364197,0.020959187299013138,0.4409141540527344,0.32087987661361694,0.010828240774571896,0.4133846163749695,0.32892605662345886,0.00314582628197968,0.5168361663818359,0.34472134709358215,0.014433293603360653,0.4820590317249298,0.30164292454719543,0.0081936689093709,0.45011088252067566,0.2989831566810608,0.001959393499419093,0.4248960614204407,0.3100547790527344,-0.0017679552547633648,0.5278784036636353,0.32892775535583496,0.001097500091418624,0.4970873296260834,0.28963321447372437,-0.003448779694736004,0.4680047333240509,0.2846839427947998,-0.005617729853838682,0.4430966079235077,0.29427486658096313,-0.007036228198558092,0.0,0.0,0.0,0.0,0.0,0.0,0.0,0.0,0.0,0.0,0.0,0.0,0.0,0.0,0.0,0.0,0.0,0.0,0.0,0.0,0.0,0.0,0.0,0.0,0.0,0.0,0.0,0.0,0.0,0.0,0.0,0.0,0.0,0.0,0.0,0.0,0.0,0.0,0.0,0.0,0.0,0.0,0.0,0.0,0.0,0.0,0.0,0.0,0.0,0.0,0.0,0.0,0.0,0.0,0.0,0.0,0.0,0.0,0.0,0.0,0.0,0.0,0.0,drink
0.5983288288116455,0.4830267131328583,-1.2070607624536933e-07,0.553223729133606,0.5007123947143555,-0.007566493470221758,0.5021782517433167,0.48639556765556335,-0.00840291939675808,0.46210694313049316,0.4666334390640259,-0.012413028627634048,0.4268942177295685,0.448808491230011,-0.014712370000779629,0.49896177649497986,0.382180392742157,0.02632531337440014,0.4674253463745117,0.35489320755004883,0.02005762979388237,0.4413054585456848,0.3509017825126648,0.00854519009590149,0.4185701608657837,0.35482072830200195,-0.00019052185234613717,0.5050874352455139,0.3599233627319336,0.021540576592087746,0.4715949296951294,0.32366275787353516,0.016770122572779655,0.4430049955844879,0.3196091055870056,0.007238528225570917,0.41811463236808777,0.3264632821083069,-2.7786774808191694e-05,0.5146380066871643,0.3425041139125824,0.012009086087346077,0.4814912676811218,0.3024148941040039,0.005634899716824293,0.4525977075099945,0.2979126274585724,-0.00011984256707364693,0.42873579263687134,0.30626118183135986,-0.0036490666680037975,0.5276120901107788,0.3281289041042328,0.00019705230079125613,0.4973890483379364,0.2902378439903259,-0.0050013139843940735,0.4707537889480591,0.28364241123199463,-0.0075487857684493065,0.44744712114334106,0.29015013575553894,-0.009164547547698021,0.0,0.0,0.0,0.0,0.0,0.0,0.0,0.0,0.0,0.0,0.0,0.0,0.0,0.0,0.0,0.0,0.0,0.0,0.0,0.0,0.0,0.0,0.0,0.0,0.0,0.0,0.0,0.0,0.0,0.0,0.0,0.0,0.0,0.0,0.0,0.0,0.0,0.0,0.0,0.0,0.0,0.0,0.0,0.0,0.0,0.0,0.0,0.0,0.0,0.0,0.0,0.0,0.0,0.0,0.0,0.0,0.0,0.0,0.0,0.0,0.0,0.0,0.0,drink
0.5969605445861816,0.48225533962249756,-1.2238231761330098e-07,0.5533892512321472,0.5015342831611633,-0.008434547111392021,0.5018153786659241,0.4872647225856781,-0.008966985158622265,0.4615241587162018,0.4668238162994385,-0.012304975651204586,0.42678767442703247,0.44804713129997253,-0.013950319029390812,0.5004031658172607,0.3840717077255249,0.024861840531229973,0.46809375286102295,0.35820913314819336,0.018987692892551422,0.4407411813735962,0.35411667823791504,0.008102260529994965,0.41684895753860474,0.35779869556427,-0.00035197302349843085,0.5063151717185974,0.36119797825813293,0.020707113668322563,0.4726756513118744,0.3262738585472107,0.01635037176311016,0.44292595982551575,0.32080575823783875,0.0073401606641709805,0.4163109362125397,0.32503649592399597,0.00020892279280815274,0.5153942704200745,0.34334036707878113,0.011782466433942318,0.48222461342811584,0.3047409951686859,0.005210057366639376,0.45265835523605347,0.29903119802474976,-0.0008415245683863759,0.42727556824684143,0.3051275312900543,-0.00467996671795845,0.5275900363922119,0.3285263478755951,0.0005468736635521054,0.4979211986064911,0.2912914752960205,-0.005193222779780626,0.47160863876342773,0.284000962972641,-0.008373771794140339,0.4479694962501526,0.2890886068344116,-0.010526541620492935,0.0,0.0,0.0,0.0,0.0,0.0,0.0,0.0,0.0,0.0,0.0,0.0,0.0,0.0,0.0,0.0,0.0,0.0,0.0,0.0,0.0,0.0,0.0,0.0,0.0,0.0,0.0,0.0,0.0,0.0,0.0,0.0,0.0,0.0,0.0,0.0,0.0,0.0,0.0,0.0,0.0,0.0,0.0,0.0,0.0,0.0,0.0,0.0,0.0,0.0,0.0,0.0,0.0,0.0,0.0,0.0,0.0,0.0,0.0,0.0,0.0,0.0,0.0,drink
0.6016215682029724,0.5021772384643555,-1.3812751831210335e-07,0.5581799149513245,0.5178195238113403,-0.0075805699452757835,0.5039926767349243,0.4963569641113281,-0.007203551009297371,0.4631677269935608,0.4782940745353699,-0.009864125400781631,0.4280235171318054,0.4624285101890564,-0.010906856507062912,0.5084943175315857,0.39338022470474243,0.02257431671023369,0.47449547052383423,0.3615514039993286,0.01626097410917282,0.44573283195495605,0.3525315523147583,0.005642963573336601,0.42174604535102844,0.35408860445022583,-0.002446862170472741,0.5153931975364685,0.37370359897613525,0.01742798089981079,0.47977858781814575,0.33312004804611206,0.01164926029741764,0.44786185026168823,0.32692670822143555,0.0020797650795429945,0.4212263524532318,0.33339717984199524,-0.004785665776580572,0.5244300365447998,0.3581458628177643,0.007953645661473274,0.489671915769577,0.31466320157051086,0.000587375950999558,0.45758506655693054,0.30868637561798096,-0.005842025391757488,0.43143945932388306,0.31654229760169983,-0.00950715783983469,0.5351800322532654,0.3464454412460327,-0.0036963182501494884,0.5041635632514954,0.3054821193218231,-0.010483663529157639,0.47544199228286743,0.2975136339664459,-0.014094860292971134,0.4513043761253357,0.304341197013855,-0.016180679202079773,0.0,0.0,0.0,0.0,0.0,0.0,0.0,0.0,0.0,0.0,0.0,0.0,0.0,0.0,0.0,0.0,0.0,0.0,0.0,0.0,0.0,0.0,0.0,0.0,0.0,0.0,0.0,0.0,0.0,0.0,0.0,0.0,0.0,0.0,0.0,0.0,0.0,0.0,0.0,0.0,0.0,0.0,0.0,0.0,0.0,0.0,0.0,0.0,0.0,0.0,0.0,0.0,0.0,0.0,0.0,0.0,0.0,0.0,0.0,0.0,0.0,0.0,0.0,drink
0.6034849882125854,0.5446999669075012,-1.2401218896229693e-07,0.5599241256713867,0.5545216798782349,-0.007315825670957565,0.5078611373901367,0.5236470699310303,-0.00891685951501131,0.4681766629219055,0.5038145780563354,-0.013591131195425987,0.4330172538757324,0.49096807837486267,-0.016475552693009377,0.5165480971336365,0.4183197319507599,0.017290983349084854,0.4854887127876282,0.3709157109260559,0.004775003530085087,0.45456746220588684,0.36139532923698425,-0.009536056779325008,0.4297042787075043,0.36788713932037354,-0.018301939591765404,0.524673581123352,0.4018726050853729,0.010676231235265732,0.48928871750831604,0.34873896837234497,0.0011677078437060118,0.4551003575325012,0.34117743372917175,-0.009203147143125534,0.4291244447231293,0.35067594051361084,-0.015482510440051556,0.5345696806907654,0.39218011498451233,-0.00014971877681091428,0.4997744858264923,0.3382940888404846,-0.009367880411446095,0.4663099944591522,0.32929229736328125,-0.014154302887618542,0.44067803025245667,0.33444368839263916,-0.015748772770166397,0.544965922832489,0.3899867534637451,-0.013151921331882477,0.5148831009864807,0.3374389111995697,-0.020700329914689064,0.48652124404907227,0.3220328390598297,-0.022668734192848206,0.4629468321800232,0.32263943552970886,-0.022773848846554756,0.0,0.0,0.0,0.0,0.0,0.0,0.0,0.0,0.0,0.0,0.0,0.0,0.0,0.0,0.0,0.0,0.0,0.0,0.0,0.0,0.0,0.0,0.0,0.0,0.0,0.0,0.0,0.0,0.0,0.0,0.0,0.0,0.0,0.0,0.0,0.0,0.0,0.0,0.0,0.0,0.0,0.0,0.0,0.0,0.0,0.0,0.0,0.0,0.0,0.0,0.0,0.0,0.0,0.0,0.0,0.0,0.0,0.0,0.0,0.0,0.0,0.0,0.0,drink
0.6129693388938904,0.5703744292259216,-1.234316471254715e-07,0.562016487121582,0.5767570734024048,-0.007406570948660374,0.5117990970611572,0.5424247980117798,-0.012071243487298489,0.47227513790130615,0.5175607800483704,-0.018811769783496857,0.4366128444671631,0.5016227960586548,-0.023460159078240395,0.5379025936126709,0.4334929585456848,0.008796557784080505,0.500998318195343,0.37554144859313965,-0.004997347481548786,0.46550875902175903,0.36568284034729004,-0.01804203912615776,0.44125866889953613,0.3744916319847107,-0.024723414331674576,0.5492961406707764,0.41886380314826965,0.0029408896807581186,0.5065077543258667,0.35773661732673645,-0.0062512801960110664,0.46781596541404724,0.3496469557285309,-0.01394135132431984,0.4427643418312073,0.3604419529438019,-0.018069859594106674,0.5569777488708496,0.4148741066455841,-0.006536036729812622,0.5132885575294495,0.3543536365032196,-0.015631044283509254,0.47512778639793396,0.34526851773262024,-0.018389713019132614,0.4510323405265808,0.3512209951877594,-0.01836165226995945,0.5590968132019043,0.4210023283958435,-0.01759924739599228,0.5201644897460938,0.36882779002189636,-0.02554464340209961,0.4883621335029602,0.35163232684135437,-0.02658890001475811,0.4663757085800171,0.34989500045776367,-0.025441767647862434,0.0,0.0,0.0,0.0,0.0,0.0,0.0,0.0,0.0,0.0,0.0,0.0,0.0,0.0,0.0,0.0,0.0,0.0,0.0,0.0,0.0,0.0,0.0,0.0,0.0,0.0,0.0,0.0,0.0,0.0,0.0,0.0,0.0,0.0,0.0,0.0,0.0,0.0,0.0,0.0,0.0,0.0,0.0,0.0,0.0,0.0,0.0,0.0,0.0,0.0,0.0,0.0,0.0,0.0,0.0,0.0,0.0,0.0,0.0,0.0,0.0,0.0,0.0,drink
0.6076310276985168,0.5687292218208313,-1.7875173341508344e-07,0.5556206107139587,0.5736635327339172,-0.0009416514076292515,0.5086116194725037,0.5365029573440552,-0.0032701538875699043,0.47080180048942566,0.5124719142913818,-0.010072044096887112,0.4354809522628784,0.5020620822906494,-0.014961138367652893,0.5328590273857117,0.42781028151512146,0.020080476999282837,0.49837908148765564,0.3693854510784149,0.006898278836160898,0.4622343182563782,0.36604800820350647,-0.005745071452111006,0.44036927819252014,0.3794695734977722,-0.01221246924251318,0.5437816381454468,0.4135129749774933,0.010059615597128868,0.5024548172950745,0.3472369611263275,0.0005681959446519613,0.46237868070602417,0.3481636047363281,-0.00683372188359499,0.4389539957046509,0.3673666715621948,-0.00997034553438425,0.5514495968818665,0.4098165035247803,-0.003888710169121623,0.5071389079093933,0.345077246427536,-0.013491897843778133,0.46582555770874023,0.34722012281417847,-0.016251834109425545,0.4417188763618469,0.36436551809310913,-0.015613038092851639,0.5533822178840637,0.41664308309555054,-0.01923351362347603,0.5129688382148743,0.36252909898757935,-0.026763608679175377,0.4786061644554138,0.35503193736076355,-0.027770068496465683,0.456047385931015,0.36597591638565063,-0.02664819546043873,0.0,0.0,0.0,0.0,0.0,0.0,0.0,0.0,0.0,0.0,0.0,0.0,0.0,0.0,0.0,0.0,0.0,0.0,0.0,0.0,0.0,0.0,0.0,0.0,0.0,0.0,0.0,0.0,0.0,0.0,0.0,0.0,0.0,0.0,0.0,0.0,0.0,0.0,0.0,0.0,0.0,0.0,0.0,0.0,0.0,0.0,0.0,0.0,0.0,0.0,0.0,0.0,0.0,0.0,0.0,0.0,0.0,0.0,0.0,0.0,0.0,0.0,0.0,drink
0.623817503452301,0.6579551100730896,1.4443997997659608e-07,0.6080998778343201,0.6088087558746338,0.0019208905287086964,0.5701461434364319,0.5674155950546265,-0.001798798912204802,0.5302789211273193,0.5524953007698059,-0.0069086565636098385,0.49847936630249023,0.5433746576309204,-0.01299080066382885,0.584445059299469,0.5306156873703003,-0.008715391159057617,0.5502739548683167,0.48570945858955383,-0.0198855921626091,0.5240961909294128,0.4601632356643677,-0.027446933090686798,0.5017452836036682,0.44318845868110657,-0.03278472647070885,0.5769606828689575,0.5451523065567017,-0.016769610345363617,0.5366190075874329,0.49712473154067993,-0.02697071060538292,0.5095523595809937,0.4748673141002655,-0.032767403870821,0.4863361120223999,0.4582664668560028,-0.03709947690367699,0.5657308101654053,0.5707262754440308,-0.024689899757504463,0.5232006907463074,0.5260761976242065,-0.034728992730379105,0.49368080496788025,0.5068577527999878,-0.038858797401189804,0.46866974234580994,0.49185723066329956,-0.04139088839292526,0.5504405498504639,0.6062982678413391,-0.03180235996842384,0.5201998949050903,0.5716376304626465,-0.04127300903201103,0.49861302971839905,0.551214873790741,-0.04476219788193703,0.4783468246459961,0.5344203114509583,-0.04667246341705322,0.0,0.0,0.0,0.0,0.0,0.0,0.0,0.0,0.0,0.0,0.0,0.0,0.0,0.0,0.0,0.0,0.0,0.0,0.0,0.0,0.0,0.0,0.0,0.0,0.0,0.0,0.0,0.0,0.0,0.0,0.0,0.0,0.0,0.0,0.0,0.0,0.0,0.0,0.0,0.0,0.0,0.0,0.0,0.0,0.0,0.0,0.0,0.0,0.0,0.0,0.0,0.0,0.0,0.0,0.0,0.0,0.0,0.0,0.0,0.0,0.0,0.0,0.0,drink
0.6237493753433228,0.6617835164070129,-1.0477088352445207e-07,0.6137696504592896,0.605509340763092,0.010095570236444473,0.5768200159072876,0.5623331665992737,0.008078881539404392,0.5347995758056641,0.545952320098877,0.004434213507920504,0.5022557377815247,0.5431638956069946,-0.001465079840272665,0.585357129573822,0.5316982865333557,-0.022941822186112404,0.5279622077941895,0.48436439037323,-0.04060536250472069,0.4864862561225891,0.4791467785835266,-0.04833932965993881,0.45945316553115845,0.4858858585357666,-0.051461830735206604,0.5798245668411255,0.5519299507141113,-0.0370229110121727,0.510760486125946,0.4967702329158783,-0.05625058710575104,0.4647531509399414,0.5080945491790771,-0.0606173612177372,0.43883347511291504,0.5271577835083008,-0.060506269335746765,0.5698966979980469,0.5871469378471375,-0.04930080473423004,0.5042641162872314,0.5384620428085327,-0.06738671660423279,0.4587670564651489,0.5459954142570496,-0.0711507499217987,0.4317173957824707,0.5582501292228699,-0.07069484144449234,0.555928647518158,0.6321520805358887,-0.05917510390281677,0.5039128065109253,0.5995886921882629,-0.07862154394388199,0.46858862042427063,0.5966170430183411,-0.08442467451095581,0.44358405470848083,0.6001989841461182,-0.08526952564716339,0.0,0.0,0.0,0.0,0.0,0.0,0.0,0.0,0.0,0.0,0.0,0.0,0.0,0.0,0.0,0.0,0.0,0.0,0.0,0.0,0.0,0.0,0.0,0.0,0.0,0.0,0.0,0.0,0.0,0.0,0.0,0.0,0.0,0.0,0.0,0.0,0.0,0.0,0.0,0.0,0.0,0.0,0.0,0.0,0.0,0.0,0.0,0.0,0.0,0.0,0.0,0.0,0.0,0.0,0.0,0.0,0.0,0.0,0.0,0.0,0.0,0.0,0.0,drink
0.6349256038665771,0.6650251150131226,-2.0554949742290773e-07,0.6189156174659729,0.6051047444343567,0.010420356877148151,0.5803858041763306,0.5598623752593994,0.005904380697757006,0.5381273627281189,0.5426018238067627,-0.0009221880463883281,0.5058333277702332,0.5362263321876526,-0.009523202665150166,0.5854140520095825,0.5286253690719604,-0.028147220611572266,0.5208514332771301,0.47740650177001953,-0.04959778115153313,0.4786989092826843,0.4871481657028198,-0.059400156140327454,0.4559400677680969,0.5084559321403503,-0.06257665157318115,0.5798613429069519,0.5519191026687622,-0.04229246452450752,0.5101667046546936,0.4967515468597412,-0.061733394861221313,0.46350738406181335,0.5110589861869812,-0.0648418590426445,0.43923765420913696,0.5357290506362915,-0.06434702128171921,0.5713450908660889,0.588283121585846,-0.0547022745013237,0.506043553352356,0.5402584075927734,-0.06974703073501587,0.4630661606788635,0.5479903221130371,-0.0701238214969635,0.44008418917655945,0.5624462366104126,-0.06822805851697922,0.5612750053405762,0.6314753293991089,-0.06515442579984665,0.5063580274581909,0.6024014949798584,-0.07928194105625153,0.4702190160751343,0.5981219410896301,-0.08146610856056213,0.4461662769317627,0.599845826625824,-0.08041411638259888,0.0,0.0,0.0,0.0,0.0,0.0,0.0,0.0,0.0,0.0,0.0,0.0,0.0,0.0,0.0,0.0,0.0,0.0,0.0,0.0,0.0,0.0,0.0,0.0,0.0,0.0,0.0,0.0,0.0,0.0,0.0,0.0,0.0,0.0,0.0,0.0,0.0,0.0,0.0,0.0,0.0,0.0,0.0,0.0,0.0,0.0,0.0,0.0,0.0,0.0,0.0,0.0,0.0,0.0,0.0,0.0,0.0,0.0,0.0,0.0,0.0,0.0,0.0,drink
0.6423383951187134,0.6842937469482422,-2.1400532546067552e-07,0.6247643828392029,0.6165135502815247,0.020016362890601158,0.5892556309700012,0.5711266994476318,0.01994258165359497,0.5514788031578064,0.5550420880317688,0.014962902292609215,0.5209334492683411,0.5476926565170288,0.008205750025808811,0.5892481207847595,0.5367833971977234,-0.011567354202270508,0.5262613892555237,0.4810501039028168,-0.029606962576508522,0.4862610101699829,0.4839562177658081,-0.03767275810241699,0.4617065191268921,0.497511625289917,-0.04003778472542763,0.5816317200660706,0.5566563606262207,-0.030110614374279976,0.5106275081634521,0.4963885545730591,-0.047571536153554916,0.46623390913009644,0.5093869566917419,-0.050615161657333374,0.44314318895339966,0.5327303409576416,-0.04975840449333191,0.5710102319717407,0.5889025926589966,-0.04682100936770439,0.5046390295028687,0.5355692505836487,-0.0585504025220871,0.46281006932258606,0.5431604981422424,-0.058792710304260254,0.4401087760925293,0.5571363568305969,-0.057199280709028244,0.5596413016319275,0.6282232403755188,-0.06125970557332039,0.5075843930244446,0.5913074612617493,-0.07230405509471893,0.47249338030815125,0.5836805105209351,-0.07445462793111801,0.44843441247940063,0.5830168724060059,-0.07382043451070786,0.0,0.0,0.0,0.0,0.0,0.0,0.0,0.0,0.0,0.0,0.0,0.0,0.0,0.0,0.0,0.0,0.0,0.0,0.0,0.0,0.0,0.0,0.0,0.0,0.0,0.0,0.0,0.0,0.0,0.0,0.0,0.0,0.0,0.0,0.0,0.0,0.0,0.0,0.0,0.0,0.0,0.0,0.0,0.0,0.0,0.0,0.0,0.0,0.0,0.0,0.0,0.0,0.0,0.0,0.0,0.0,0.0,0.0,0.0,0.0,0.0,0.0,0.0,drink
0.6448426842689514,0.7146074771881104,2.9723938865799937e-09,0.5842746496200562,0.6884111166000366,0.005921408534049988,0.5374161601066589,0.6392358541488647,-0.0004128289583604783,0.49782076478004456,0.6159356236457825,-0.010464299470186234,0.46213072538375854,0.6031550765037537,-0.02103254571557045,0.5963320136070251,0.5433692932128906,-0.0006281381356529891,0.5602000951766968,0.4821892976760864,-0.01787378080189228,0.5260306000709534,0.45469990372657776,-0.03316176310181618,0.4987013638019562,0.44689083099365234,-0.04274323210120201,0.6007176637649536,0.5481063723564148,-0.015085418708622456,0.5501745939254761,0.48248979449272156,-0.028641991317272186,0.5094618797302246,0.46358078718185425,-0.03925247862935066,0.478982537984848,0.46572110056877136,-0.04660192131996155,0.597987174987793,0.5681504011154175,-0.02988642454147339,0.5461922883987427,0.504783570766449,-0.039689868688583374,0.5072670578956604,0.4845865070819855,-0.04293518140912056,0.4777694344520569,0.4813656508922577,-0.04523560032248497,0.5871068835258484,0.603834331035614,-0.0444028340280056,0.5503149628639221,0.5550814867019653,-0.05090004578232765,0.523252546787262,0.525948703289032,-0.051395222544670105,0.5006480813026428,0.5070225596427917,-0.05181537941098213,0.0,0.0,0.0,0.0,0.0,0.0,0.0,0.0,0.0,0.0,0.0,0.0,0.0,0.0,0.0,0.0,0.0,0.0,0.0,0.0,0.0,0.0,0.0,0.0,0.0,0.0,0.0,0.0,0.0,0.0,0.0,0.0,0.0,0.0,0.0,0.0,0.0,0.0,0.0,0.0,0.0,0.0,0.0,0.0,0.0,0.0,0.0,0.0,0.0,0.0,0.0,0.0,0.0,0.0,0.0,0.0,0.0,0.0,0.0,0.0,0.0,0.0,0.0,drink
0.6399399638175964,0.6794057488441467,8.454596667206715e-08,0.5786038637161255,0.6709259748458862,-0.005290935281664133,0.526911199092865,0.6213772892951965,-0.008569009602069855,0.48662006855010986,0.5928999781608582,-0.015162007883191109,0.45053502917289734,0.5766883492469788,-0.02070440910756588,0.5676806569099426,0.5155328512191772,0.016545144841074944,0.5396061539649963,0.4662916362285614,0.0074883271008729935,0.5142247080802917,0.433093398809433,-0.004718499723821878,0.4916831851005554,0.40710264444351196,-0.01468671765178442,0.5776026844978333,0.5048131346702576,0.006846078205853701,0.5430434346199036,0.44783079624176025,-0.0014417460188269615,0.5140534043312073,0.41508930921554565,-0.01060053426772356,0.48883870244026184,0.3902820944786072,-0.01709512434899807,0.5848138332366943,0.5061704516410828,-0.006627187132835388,0.547704815864563,0.4463313817977905,-0.01581704244017601,0.518136203289032,0.4123569130897522,-0.020266637206077576,0.4944519102573395,0.38579392433166504,-0.02269403077661991,0.5850236415863037,0.5195432305335999,-0.022152692079544067,0.554518461227417,0.4650512933731079,-0.028783202171325684,0.5315579771995544,0.43014389276504517,-0.030118519440293312,0.513416588306427,0.4016760289669037,-0.03074714168906212,0.0,0.0,0.0,0.0,0.0,0.0,0.0,0.0,0.0,0.0,0.0,0.0,0.0,0.0,0.0,0.0,0.0,0.0,0.0,0.0,0.0,0.0,0.0,0.0,0.0,0.0,0.0,0.0,0.0,0.0,0.0,0.0,0.0,0.0,0.0,0.0,0.0,0.0,0.0,0.0,0.0,0.0,0.0,0.0,0.0,0.0,0.0,0.0,0.0,0.0,0.0,0.0,0.0,0.0,0.0,0.0,0.0,0.0,0.0,0.0,0.0,0.0,0.0,drink
0.6312366127967834,0.6502630710601807,-8.003723905858351e-08,0.5783758163452148,0.6470815539360046,-0.004951360635459423,0.5260617733001709,0.6019944548606873,-0.0060752504505217075,0.4857664406299591,0.5752573609352112,-0.011298100464046001,0.45060625672340393,0.5588335990905762,-0.01475721225142479,0.5468776822090149,0.49833032488822937,0.023423505946993828,0.5205827355384827,0.44602179527282715,0.011246872134506702,0.48825377225875854,0.42776915431022644,-0.003190030809491873,0.4593096673488617,0.4246254563331604,-0.01257837750017643,0.5563090443611145,0.48447906970977783,0.01483054831624031,0.5248423218727112,0.4274533987045288,0.006401250138878822,0.48895949125289917,0.4116871953010559,-0.002401691395789385,0.4576706886291504,0.4112609028816223,-0.007717966567724943,0.5661553144454956,0.4777178466320038,0.0014963397989049554,0.5323722958564758,0.4200601279735565,-0.007063898257911205,0.49559739232063293,0.4037070870399475,-0.009955663233995438,0.46460163593292236,0.4002864360809326,-0.010442000813782215,0.5748012661933899,0.47901469469070435,-0.014219050295650959,0.5431433320045471,0.42676201462745667,-0.02019510604441166,0.5130735635757446,0.4053501486778259,-0.02016899362206459,0.4861069619655609,0.3971406817436218,-0.01903841271996498,0.0,0.0,0.0,0.0,0.0,0.0,0.0,0.0,0.0,0.0,0.0,0.0,0.0,0.0,0.0,0.0,0.0,0.0,0.0,0.0,0.0,0.0,0.0,0.0,0.0,0.0,0.0,0.0,0.0,0.0,0.0,0.0,0.0,0.0,0.0,0.0,0.0,0.0,0.0,0.0,0.0,0.0,0.0,0.0,0.0,0.0,0.0,0.0,0.0,0.0,0.0,0.0,0.0,0.0,0.0,0.0,0.0,0.0,0.0,0.0,0.0,0.0,0.0,drink
0.6286078691482544,0.5976598262786865,9.289127689271481e-09,0.5746906995773315,0.5996761322021484,-0.002925281412899494,0.5215499997138977,0.5610164403915405,-0.0012183779617771506,0.4816513657569885,0.5389608144760132,-0.004406101070344448,0.44516077637672424,0.5239731073379517,-0.005259322002530098,0.5307750701904297,0.4561448097229004,0.0348525308072567,0.5062668919563293,0.40185850858688354,0.026079976931214333,0.4773969054222107,0.38807442784309387,0.013043033890426159,0.4518062472343445,0.3932243585586548,0.005066936835646629,0.5397982001304626,0.4408215880393982,0.026149582117795944,0.5166332721710205,0.3781738579273224,0.02104119025170803,0.48427826166152954,0.36556804180145264,0.012392356991767883,0.45674341917037964,0.3734394907951355,0.007422609720379114,0.5502632260322571,0.4315607249736786,0.012056805193424225,0.522963285446167,0.369930624961853,0.004871070850640535,0.4868068993091583,0.36545848846435547,-1.0608431693981402e-05,0.45826664566993713,0.3791949152946472,-0.0012305746786296368,0.560632050037384,0.42783936858177185,-0.004248015582561493,0.5303605794906616,0.3781241476535797,-0.008390258997678757,0.49927836656570435,0.37144935131073,-0.008885443210601807,0.47408121824264526,0.38042062520980835,-0.00819992646574974,0.0,0.0,0.0,0.0,0.0,0.0,0.0,0.0,0.0,0.0,0.0,0.0,0.0,0.0,0.0,0.0,0.0,0.0,0.0,0.0,0.0,0.0,0.0,0.0,0.0,0.0,0.0,0.0,0.0,0.0,0.0,0.0,0.0,0.0,0.0,0.0,0.0,0.0,0.0,0.0,0.0,0.0,0.0,0.0,0.0,0.0,0.0,0.0,0.0,0.0,0.0,0.0,0.0,0.0,0.0,0.0,0.0,0.0,0.0,0.0,0.0,0.0,0.0,drink
0.6219136714935303,0.5930570363998413,-1.1854994141913267e-07,0.5752416849136353,0.6011097431182861,-0.008270778693258762,0.5217006206512451,0.5611410737037659,-0.009774402715265751,0.48119816184043884,0.5352456569671631,-0.014619143679738045,0.4454405903816223,0.522278368473053,-0.016941839829087257,0.5288052558898926,0.45743870735168457,0.018070055171847343,0.5031671524047852,0.3911987543106079,0.0009416307439096272,0.47163087129592896,0.3865088224411011,-0.01496689859777689,0.44895556569099426,0.4033966064453125,-0.02302665263414383,0.5385943651199341,0.4396344721317291,0.011806588619947433,0.5144021511077881,0.3603116273880005,-0.0011449904413893819,0.4807671308517456,0.35943472385406494,-0.010796509683132172,0.45952367782592773,0.38062119483947754,-0.014809493906795979,0.5497416853904724,0.4291996955871582,0.0004293253005016595,0.5222079157829285,0.3537817597389221,-0.011787034571170807,0.4862755835056305,0.3576059341430664,-0.017191985622048378,0.4630873203277588,0.37875786423683167,-0.017699474468827248,0.5613093972206116,0.426259845495224,-0.013060808181762695,0.5286842584609985,0.37202900648117065,-0.021176381036639214,0.49622297286987305,0.3694978952407837,-0.023550115525722504,0.47317931056022644,0.38373231887817383,-0.023379594087600708,0.0,0.0,0.0,0.0,0.0,0.0,0.0,0.0,0.0,0.0,0.0,0.0,0.0,0.0,0.0,0.0,0.0,0.0,0.0,0.0,0.0,0.0,0.0,0.0,0.0,0.0,0.0,0.0,0.0,0.0,0.0,0.0,0.0,0.0,0.0,0.0,0.0,0.0,0.0,0.0,0.0,0.0,0.0,0.0,0.0,0.0,0.0,0.0,0.0,0.0,0.0,0.0,0.0,0.0,0.0,0.0,0.0,0.0,0.0,0.0,0.0,0.0,0.0,drink
0.6246592998504639,0.5543635487556458,-1.7437960764254967e-07,0.5715648531913757,0.5602976083755493,-0.005109163001179695,0.5163806676864624,0.5349225997924805,-0.005042520351707935,0.47403210401535034,0.5159330368041992,-0.009029998444020748,0.43983009457588196,0.49543461203575134,-0.010887481272220612,0.523324191570282,0.43570688366889954,0.029198773205280304,0.4867766797542572,0.3968961834907532,0.017928501591086388,0.4568004310131073,0.3931347727775574,0.002592157106846571,0.435264527797699,0.40481990575790405,-0.006506573874503374,0.528465211391449,0.415377676486969,0.02284829132258892,0.49075189232826233,0.3680705428123474,0.014815817587077618,0.4571637809276581,0.36580950021743774,0.002861104207113385,0.4325377345085144,0.38394075632095337,-0.004131263587623835,0.5370723009109497,0.3993717432022095,0.011658796109259129,0.5006604194641113,0.3480875492095947,0.004749405197799206,0.46757951378822327,0.3449479341506958,-0.0004213422944303602,0.44416549801826477,0.3604496717453003,-0.0020714851561933756,0.5491581559181213,0.3877740502357483,-0.001766821602359414,0.5173811316490173,0.3432600498199463,-0.005681682378053665,0.48840102553367615,0.33316949009895325,-0.0059241014532744884,0.465530127286911,0.3402256369590759,-0.004728425294160843,0.0,0.0,0.0,0.0,0.0,0.0,0.0,0.0,0.0,0.0,0.0,0.0,0.0,0.0,0.0,0.0,0.0,0.0,0.0,0.0,0.0,0.0,0.0,0.0,0.0,0.0,0.0,0.0,0.0,0.0,0.0,0.0,0.0,0.0,0.0,0.0,0.0,0.0,0.0,0.0,0.0,0.0,0.0,0.0,0.0,0.0,0.0,0.0,0.0,0.0,0.0,0.0,0.0,0.0,0.0,0.0,0.0,0.0,0.0,0.0,0.0,0.0,0.0,drink
0.6189533472061157,0.5294592380523682,-1.5000738073922548e-07,0.5694750547409058,0.5443693995475769,-0.003559265285730362,0.5118577480316162,0.5233591794967651,-0.0004179234092589468,0.46945515275001526,0.5031790733337402,-0.0017150668427348137,0.43361103534698486,0.4848044812679291,-0.0011633506510406733,0.5145823359489441,0.421077698469162,0.03579752519726753,0.4781721532344818,0.39070793986320496,0.029755746945738792,0.4496486186981201,0.38796907663345337,0.017600907012820244,0.42819392681121826,0.39629605412483215,0.009409158490598202,0.5202515721321106,0.3967970013618469,0.02906230464577675,0.48314380645751953,0.3545577824115753,0.025067366659641266,0.4499083161354065,0.35189545154571533,0.01412180345505476,0.4253268837928772,0.36727628111839294,0.006758356932550669,0.529479444026947,0.37763193249702454,0.0174232367426157,0.49402615427970886,0.3286517262458801,0.012013556435704231,0.46108755469322205,0.3262900114059448,0.005196698475629091,0.43827658891677856,0.3430236577987671,0.0017419285140931606,0.5411093235015869,0.36285603046417236,0.0036994542460888624,0.5095474720001221,0.32202017307281494,-0.0004619886167347431,0.47983601689338684,0.31638485193252563,-0.0026595734525471926,0.4567059874534607,0.3282206356525421,-0.0033819798845797777,0.0,0.0,0.0,0.0,0.0,0.0,0.0,0.0,0.0,0.0,0.0,0.0,0.0,0.0,0.0,0.0,0.0,0.0,0.0,0.0,0.0,0.0,0.0,0.0,0.0,0.0,0.0,0.0,0.0,0.0,0.0,0.0,0.0,0.0,0.0,0.0,0.0,0.0,0.0,0.0,0.0,0.0,0.0,0.0,0.0,0.0,0.0,0.0,0.0,0.0,0.0,0.0,0.0,0.0,0.0,0.0,0.0,0.0,0.0,0.0,0.0,0.0,0.0,drink
0.615700364112854,0.5180979371070862,-2.366607816384203e-07,0.5678231120109558,0.5380051732063293,-0.0015862557338550687,0.5114127397537231,0.5190944671630859,0.002900670748203993,0.4695635139942169,0.4984184503555298,0.0024769839365035295,0.4343589246273041,0.4807809889316559,0.0037022246979177,0.51607346534729,0.422897070646286,0.03930804133415222,0.47899100184440613,0.4021156430244446,0.03378400579094887,0.4497765004634857,0.4062962234020233,0.022055696696043015,0.4287768602371216,0.4192204773426056,0.01468745432794094,0.5193572640419006,0.3958069980144501,0.032463666051626205,0.4805639088153839,0.3614707589149475,0.030145997181534767,0.4479126036167145,0.3626807928085327,0.020543159916996956,0.42430323362350464,0.37915873527526855,0.01428535208106041,0.5270790457725525,0.37318554520606995,0.020739128813147545,0.48933422565460205,0.3315151333808899,0.016498850658535957,0.4570547938346863,0.3317154049873352,0.011280377395451069,0.4356885552406311,0.3488351106643677,0.009346780367195606,0.5373626947402954,0.35363948345184326,0.0071117449551820755,0.5038943290710449,0.31472331285476685,0.004498939495533705,0.4745832681655884,0.3118789792060852,0.00431455671787262,0.45326200127601624,0.3262261748313904,0.005306597333401442,0.0,0.0,0.0,0.0,0.0,0.0,0.0,0.0,0.0,0.0,0.0,0.0,0.0,0.0,0.0,0.0,0.0,0.0,0.0,0.0,0.0,0.0,0.0,0.0,0.0,0.0,0.0,0.0,0.0,0.0,0.0,0.0,0.0,0.0,0.0,0.0,0.0,0.0,0.0,0.0,0.0,0.0,0.0,0.0,0.0,0.0,0.0,0.0,0.0,0.0,0.0,0.0,0.0,0.0,0.0,0.0,0.0,0.0,0.0,0.0,0.0,0.0,0.0,drink
0.616557776927948,0.5133636593818665,-1.942878071758969e-07,0.5690441727638245,0.5320833921432495,-0.007601400371640921,0.5137437582015991,0.5186036229133606,-0.006823125761002302,0.4708935022354126,0.49743911623954773,-0.009432111866772175,0.4353402853012085,0.47582367062568665,-0.01008210051804781,0.5173677802085876,0.42416101694107056,0.030779186636209488,0.482214093208313,0.4030735194683075,0.022998636588454247,0.45337677001953125,0.40463918447494507,0.01027399580925703,0.43040958046913147,0.41403234004974365,0.0016528737032786012,0.5217211246490479,0.3962753415107727,0.026284756138920784,0.4844256639480591,0.3647820055484772,0.02123226597905159,0.4525311589241028,0.3611952066421509,0.01094850618392229,0.42685163021087646,0.37030845880508423,0.003691341495141387,0.5297892093658447,0.3740016222000122,0.016590550541877747,0.49292176961898804,0.3367244601249695,0.009003521874547005,0.4618462026119232,0.3321927785873413,0.0030142872128635645,0.43824541568756104,0.3431236147880554,0.0005262196063995361,0.5406507849693298,0.3547068238258362,0.004667206201702356,0.5076366066932678,0.3173549175262451,-0.0013978236820548773,0.47917425632476807,0.3106610178947449,-0.003453281242400408,0.45589911937713623,0.31928300857543945,-0.0037794054951518774,0.0,0.0,0.0,0.0,0.0,0.0,0.0,0.0,0.0,0.0,0.0,0.0,0.0,0.0,0.0,0.0,0.0,0.0,0.0,0.0,0.0,0.0,0.0,0.0,0.0,0.0,0.0,0.0,0.0,0.0,0.0,0.0,0.0,0.0,0.0,0.0,0.0,0.0,0.0,0.0,0.0,0.0,0.0,0.0,0.0,0.0,0.0,0.0,0.0,0.0,0.0,0.0,0.0,0.0,0.0,0.0,0.0,0.0,0.0,0.0,0.0,0.0,0.0,drink
0.6146386861801147,0.5116070508956909,-1.2763490531142452e-07,0.5679763555526733,0.5324252843856812,-0.00883851945400238,0.5133225321769714,0.5205048322677612,-0.008594861254096031,0.47016504406929016,0.4992462992668152,-0.01127598900347948,0.43474918603897095,0.4763104319572449,-0.01207520067691803,0.5177353024482727,0.4237622916698456,0.02890968695282936,0.48391562700271606,0.40064218640327454,0.023464376106858253,0.45538443326950073,0.3983977437019348,0.012700093910098076,0.4310031533241272,0.40298691391944885,0.004462214186787605,0.5232160091400146,0.3965182602405548,0.025015298277139664,0.4867294728755951,0.3640509843826294,0.020918648689985275,0.45501601696014404,0.3575364649295807,0.011363214813172817,0.4277398884296417,0.3608744740486145,0.003954434767365456,0.5314793586730957,0.37498939037323,0.016026318073272705,0.4955184757709503,0.33726879954338074,0.008678915910422802,0.46432793140411377,0.33050668239593506,0.0023144532460719347,0.43897679448127747,0.3373989760875702,-0.0010752840898931026,0.5424154996871948,0.3564765453338623,0.0047618793323636055,0.5110487341880798,0.3180745244026184,-0.001899436116218567,0.4829932749271393,0.31004154682159424,-0.005051257088780403,0.45897364616394043,0.31697797775268555,-0.006655174773186445,0.0,0.0,0.0,0.0,0.0,0.0,0.0,0.0,0.0,0.0,0.0,0.0,0.0,0.0,0.0,0.0,0.0,0.0,0.0,0.0,0.0,0.0,0.0,0.0,0.0,0.0,0.0,0.0,0.0,0.0,0.0,0.0,0.0,0.0,0.0,0.0,0.0,0.0,0.0,0.0,0.0,0.0,0.0,0.0,0.0,0.0,0.0,0.0,0.0,0.0,0.0,0.0,0.0,0.0,0.0,0.0,0.0,0.0,0.0,0.0,0.0,0.0,0.0,drink
0.6162428855895996,0.5179681181907654,-1.5131908526200277e-07,0.5742707848548889,0.5423358082771301,-0.00945566687732935,0.5172539949417114,0.5251408815383911,-0.007216760888695717,0.4742269515991211,0.5019205212593079,-0.007612230721861124,0.4391528367996216,0.48054733872413635,-0.005718790926039219,0.5214123725891113,0.4248828589916229,0.029851140454411507,0.4864237904548645,0.4001910984516144,0.02410106733441353,0.4573492109775543,0.39998504519462585,0.01345284003764391,0.4345923662185669,0.4097706079483032,0.006253337021917105,0.5270822048187256,0.3968440890312195,0.02658454328775406,0.49183759093284607,0.36063992977142334,0.023391932249069214,0.4589419960975647,0.35462015867233276,0.014905032701790333,0.4329019784927368,0.3635432720184326,0.008936058729887009,0.5351815223693848,0.37510114908218384,0.017885448411107063,0.5007862448692322,0.33402150869369507,0.010560673661530018,0.46849000453948975,0.3286796808242798,0.0047606960870325565,0.44452595710754395,0.3408922851085663,0.0026039995718747377,0.5445986986160278,0.35670626163482666,0.006819345522671938,0.5125685334205627,0.3175579011440277,-0.00023012082965578884,0.48385560512542725,0.310313880443573,-0.003200559178367257,0.4609890282154083,0.3200523257255554,-0.003970338497310877,0.0,0.0,0.0,0.0,0.0,0.0,0.0,0.0,0.0,0.0,0.0,0.0,0.0,0.0,0.0,0.0,0.0,0.0,0.0,0.0,0.0,0.0,0.0,0.0,0.0,0.0,0.0,0.0,0.0,0.0,0.0,0.0,0.0,0.0,0.0,0.0,0.0,0.0,0.0,0.0,0.0,0.0,0.0,0.0,0.0,0.0,0.0,0.0,0.0,0.0,0.0,0.0,0.0,0.0,0.0,0.0,0.0,0.0,0.0,0.0,0.0,0.0,0.0,drink
0.6161828637123108,0.5397054553031921,-2.0755281582296448e-07,0.5733107328414917,0.5589027404785156,-0.008064227178692818,0.5177707672119141,0.5360115766525269,-0.00801114272326231,0.4756772518157959,0.5134096741676331,-0.011200825683772564,0.4407159686088562,0.4929143190383911,-0.011808779090642929,0.5261768102645874,0.43255048990249634,0.0244942344725132,0.4883075952529907,0.4035819172859192,0.012703664600849152,0.45684999227523804,0.4048025608062744,-0.0009795804508030415,0.4394066631793976,0.42128121852874756,-0.008267148397862911,0.5316206216812134,0.4088570475578308,0.019161218777298927,0.4949764013290405,0.3638231158256531,0.012386367656290531,0.45951977372169495,0.36350589990615845,0.004715568386018276,0.43723228573799133,0.38341671228408813,0.0005657803849317133,0.5397078990936279,0.3917155861854553,0.00842351745814085,0.5046486258506775,0.34092655777931213,-0.000513172650244087,0.46801328659057617,0.3404894471168518,-0.0043424516916275024,0.445136696100235,0.36032888293266296,-0.004542892333120108,0.5483885407447815,0.38173556327819824,-0.00470946729183197,0.5150527358055115,0.33998584747314453,-0.013048751279711723,0.482621967792511,0.3344527781009674,-0.0156953614205122,0.4588450491428375,0.3468078374862671,-0.01558378804475069,0.0,0.0,0.0,0.0,0.0,0.0,0.0,0.0,0.0,0.0,0.0,0.0,0.0,0.0,0.0,0.0,0.0,0.0,0.0,0.0,0.0,0.0,0.0,0.0,0.0,0.0,0.0,0.0,0.0,0.0,0.0,0.0,0.0,0.0,0.0,0.0,0.0,0.0,0.0,0.0,0.0,0.0,0.0,0.0,0.0,0.0,0.0,0.0,0.0,0.0,0.0,0.0,0.0,0.0,0.0,0.0,0.0,0.0,0.0,0.0,0.0,0.0,0.0,drink
0.6186418533325195,0.5573813915252686,-1.7875603930406214e-07,0.5735435485839844,0.5728113651275635,-0.0058378432877361774,0.5195886492729187,0.543826699256897,-0.0049112215638160706,0.4792855679988861,0.5193414688110352,-0.007908451370894909,0.4446890652179718,0.5009562373161316,-0.008666399866342545,0.527458131313324,0.43882691860198975,0.02746724896132946,0.4945582151412964,0.3968503177165985,0.018394136801362038,0.4635128974914551,0.39035338163375854,0.005832191091030836,0.4400339722633362,0.3988769054412842,-0.0022598514333367348,0.5349793434143066,0.41854211688041687,0.020392566919326782,0.5024256110191345,0.36372286081314087,0.013936749659478664,0.46745020151138306,0.3599966764450073,0.004722933284938335,0.4407855272293091,0.37463536858558655,-0.0010572804603725672,0.5435337424278259,0.4036467671394348,0.00846393033862114,0.5106663703918457,0.3453710377216339,2.8820197712775553e-06,0.47454383969306946,0.3437686562538147,-0.005186715628951788,0.44817960262298584,0.36031895875930786,-0.00710833678022027,0.5519049167633057,0.3951197564601898,-0.005683101713657379,0.5184944272041321,0.3506374657154083,-0.013659913092851639,0.4854164719581604,0.34647655487060547,-0.016530321910977364,0.4593685269355774,0.3582202196121216,-0.01734384521842003,0.0,0.0,0.0,0.0,0.0,0.0,0.0,0.0,0.0,0.0,0.0,0.0,0.0,0.0,0.0,0.0,0.0,0.0,0.0,0.0,0.0,0.0,0.0,0.0,0.0,0.0,0.0,0.0,0.0,0.0,0.0,0.0,0.0,0.0,0.0,0.0,0.0,0.0,0.0,0.0,0.0,0.0,0.0,0.0,0.0,0.0,0.0,0.0,0.0,0.0,0.0,0.0,0.0,0.0,0.0,0.0,0.0,0.0,0.0,0.0,0.0,0.0,0.0,drink
0.6193084120750427,0.5956971049308777,-1.951049171111663e-07,0.5698586702346802,0.6036995649337769,-0.004668924491852522,0.5169585347175598,0.5677305459976196,-0.005286064930260181,0.47675275802612305,0.54352867603302,-0.010460454039275646,0.4416504204273224,0.5254421234130859,-0.01355030108243227,0.5336002111434937,0.4610733687877655,0.024466708302497864,0.5046645402908325,0.4120256304740906,0.011983547359704971,0.4712006449699402,0.40414243936538696,-0.0027163405902683735,0.44461342692375183,0.4134419858455658,-0.01186259463429451,0.5419126152992249,0.4435628354549408,0.015827665105462074,0.5069462060928345,0.38684189319610596,0.006193653214722872,0.46749359369277954,0.38562577962875366,-0.003734189085662365,0.4381629228591919,0.4005696773529053,-0.009767182171344757,0.5508286356925964,0.43337762355804443,0.0025016218423843384,0.514963686466217,0.37213289737701416,-0.007680427748709917,0.47475260496139526,0.373421311378479,-0.011960037052631378,0.4464798867702484,0.39113613963127136,-0.012956160120666027,0.5589175224304199,0.43181875348091125,-0.013016951270401478,0.525810718536377,0.37638333439826965,-0.021317506209015846,0.4911263883113861,0.36947986483573914,-0.02323281392455101,0.46454155445098877,0.38026532530784607,-0.02320381999015808,0.0,0.0,0.0,0.0,0.0,0.0,0.0,0.0,0.0,0.0,0.0,0.0,0.0,0.0,0.0,0.0,0.0,0.0,0.0,0.0,0.0,0.0,0.0,0.0,0.0,0.0,0.0,0.0,0.0,0.0,0.0,0.0,0.0,0.0,0.0,0.0,0.0,0.0,0.0,0.0,0.0,0.0,0.0,0.0,0.0,0.0,0.0,0.0,0.0,0.0,0.0,0.0,0.0,0.0,0.0,0.0,0.0,0.0,0.0,0.0,0.0,0.0,0.0,drink
0.6194058060646057,0.5939077734947205,-2.022307228344289e-07,0.5696695446968079,0.6023716926574707,-0.003327305195853114,0.5173671245574951,0.5657232403755188,-0.0023640894796699286,0.47726139426231384,0.5411164164543152,-0.006424166727811098,0.4418428838253021,0.5253834128379822,-0.008762319572269917,0.5300933122634888,0.46001100540161133,0.02918616496026516,0.5012604594230652,0.41210633516311646,0.018713392317295074,0.46966683864593506,0.405773401260376,0.005027038045227528,0.4450853765010834,0.41490694880485535,-0.00368615728802979,0.5392200946807861,0.4424988031387329,0.019998308271169662,0.5064989924430847,0.381905734539032,0.012090020813047886,0.46963754296302795,0.38071125745773315,0.002792309271171689,0.4429357349872589,0.3984838128089905,-0.0025620372034609318,0.5500770211219788,0.4329928159713745,0.005876787472516298,0.5160475969314575,0.36927056312561035,-0.0037763214204460382,0.4771704375743866,0.3691596984863281,-0.008526704274117947,0.45063212513923645,0.3876541554927826,-0.00964397843927145,0.5595676302909851,0.4315766394138336,-0.010334033519029617,0.5256014466285706,0.3779526650905609,-0.018697483465075493,0.49039268493652344,0.37088093161582947,-0.021065447479486465,0.4642287492752075,0.38339415192604065,-0.02132187969982624,0.0,0.0,0.0,0.0,0.0,0.0,0.0,0.0,0.0,0.0,0.0,0.0,0.0,0.0,0.0,0.0,0.0,0.0,0.0,0.0,0.0,0.0,0.0,0.0,0.0,0.0,0.0,0.0,0.0,0.0,0.0,0.0,0.0,0.0,0.0,0.0,0.0,0.0,0.0,0.0,0.0,0.0,0.0,0.0,0.0,0.0,0.0,0.0,0.0,0.0,0.0,0.0,0.0,0.0,0.0,0.0,0.0,0.0,0.0,0.0,0.0,0.0,0.0,drink
0.6249901056289673,0.6295632719993591,-2.534136172016588e-07,0.5720836520195007,0.630098283290863,0.0033347606658935547,0.5190939903259277,0.5896891355514526,0.0025652339681982994,0.47837889194488525,0.5688933730125427,-0.004157633520662785,0.44174322485923767,0.5514001846313477,-0.009193084202706814,0.5550374984741211,0.4736005961894989,0.02496885135769844,0.5163518190383911,0.4255000650882721,0.012938403524458408,0.4753800928592682,0.4220121204853058,7.124891271814704e-05,0.44633153080940247,0.43250685930252075,-0.007558424957096577,0.5631148815155029,0.4591452479362488,0.011059657670557499,0.5122044682502747,0.4006541967391968,0.0010026905220001936,0.4651673436164856,0.40519973635673523,-0.007589440327137709,0.4350544214248657,0.42477601766586304,-0.012107702903449535,0.5672321915626526,0.4556009769439697,-0.006551368627697229,0.5142372846603394,0.39322197437286377,-0.017400380223989487,0.4666740894317627,0.40045952796936035,-0.0210755355656147,0.43722572922706604,0.4215582013130188,-0.021207761019468307,0.5645853877067566,0.46503129601478577,-0.025305012241005898,0.52033931016922,0.408361554145813,-0.03354158625006676,0.4835098385810852,0.4007803797721863,-0.03481778874993324,0.45872294902801514,0.40959984064102173,-0.034124601632356644,0.0,0.0,0.0,0.0,0.0,0.0,0.0,0.0,0.0,0.0,0.0,0.0,0.0,0.0,0.0,0.0,0.0,0.0,0.0,0.0,0.0,0.0,0.0,0.0,0.0,0.0,0.0,0.0,0.0,0.0,0.0,0.0,0.0,0.0,0.0,0.0,0.0,0.0,0.0,0.0,0.0,0.0,0.0,0.0,0.0,0.0,0.0,0.0,0.0,0.0,0.0,0.0,0.0,0.0,0.0,0.0,0.0,0.0,0.0,0.0,0.0,0.0,0.0,drink
0.6307858824729919,0.6501175165176392,-2.0578949033733807e-07,0.5726858377456665,0.6423968076705933,-0.001851121080107987,0.5229198336601257,0.5983142256736755,-0.005426047369837761,0.48197799921035767,0.5702245235443115,-0.012969505041837692,0.4459502100944519,0.5544003844261169,-0.01932181790471077,0.5602115392684937,0.4860781729221344,0.017092369496822357,0.5191813707351685,0.4405432641506195,0.005164378322660923,0.4812566041946411,0.42411068081855774,-0.007931533269584179,0.4536433815956116,0.42056894302368164,-0.01661699265241623,0.5681090950965881,0.4739861786365509,0.006375196855515242,0.517245352268219,0.41838809847831726,-0.0020793061703443527,0.47729653120040894,0.4040001630783081,-0.0094148563221097,0.4481038451194763,0.4033832550048828,-0.01437582541257143,0.5724987387657166,0.4762299656867981,-0.007985205389559269,0.5223691463470459,0.41601282358169556,-0.017430376261472702,0.48299580812454224,0.4000186622142792,-0.01848623715341091,0.4558875560760498,0.3963305652141571,-0.01800139993429184,0.5692633390426636,0.49222663044929504,-0.023874379694461823,0.530718982219696,0.43358880281448364,-0.031611062586307526,0.5007691979408264,0.40410688519477844,-0.03161732107400894,0.47815436124801636,0.387001097202301,-0.03041011467576027,0.0,0.0,0.0,0.0,0.0,0.0,0.0,0.0,0.0,0.0,0.0,0.0,0.0,0.0,0.0,0.0,0.0,0.0,0.0,0.0,0.0,0.0,0.0,0.0,0.0,0.0,0.0,0.0,0.0,0.0,0.0,0.0,0.0,0.0,0.0,0.0,0.0,0.0,0.0,0.0,0.0,0.0,0.0,0.0,0.0,0.0,0.0,0.0,0.0,0.0,0.0,0.0,0.0,0.0,0.0,0.0,0.0,0.0,0.0,0.0,0.0,0.0,0.0,drink
0.6481714844703674,0.6855523586273193,2.3492483514075957e-09,0.5832563638687134,0.67044997215271,0.0009212084696628153,0.535286009311676,0.6196406483650208,-0.004212790168821812,0.49489328265190125,0.5921286344528198,-0.013209450989961624,0.4574098289012909,0.5792074203491211,-0.022051282227039337,0.5855742692947388,0.5082712769508362,0.009928635321557522,0.5493638515472412,0.44376158714294434,0.0002723458455875516,0.5194393396377563,0.4093324840068817,-0.010095437988638878,0.49529582262039185,0.390239953994751,-0.017448175698518753,0.5922099351882935,0.505995512008667,-0.0019373625982552767,0.5434872508049011,0.43627259135246277,-0.008131250739097595,0.5080118179321289,0.40891194343566895,-0.014833061024546623,0.4828147888183594,0.3963327407836914,-0.020061632618308067,0.5916048288345337,0.5199170112609863,-0.015678320080041885,0.5418352484703064,0.4512633681297302,-0.02126324735581875,0.5062671303749084,0.4252234399318695,-0.02243121713399887,0.4821700155735016,0.41373664140701294,-0.023531688377261162,0.580924928188324,0.5486480593681335,-0.030298035591840744,0.5426009893417358,0.49093201756477356,-0.034293074160814285,0.5164384841918945,0.4606948494911194,-0.032789528369903564,0.4974070191383362,0.44292327761650085,-0.031511109322309494,0.0,0.0,0.0,0.0,0.0,0.0,0.0,0.0,0.0,0.0,0.0,0.0,0.0,0.0,0.0,0.0,0.0,0.0,0.0,0.0,0.0,0.0,0.0,0.0,0.0,0.0,0.0,0.0,0.0,0.0,0.0,0.0,0.0,0.0,0.0,0.0,0.0,0.0,0.0,0.0,0.0,0.0,0.0,0.0,0.0,0.0,0.0,0.0,0.0,0.0,0.0,0.0,0.0,0.0,0.0,0.0,0.0,0.0,0.0,0.0,0.0,0.0,0.0,drink
0.6266795992851257,0.669861376285553,1.698467002597681e-07,0.5796130299568176,0.6647600531578064,-0.007563641294836998,0.5333392024040222,0.6189036965370178,-0.013773158192634583,0.4950616955757141,0.5932753086090088,-0.02099079079926014,0.4601089358329773,0.5757691860198975,-0.027647055685520172,0.5941113829612732,0.5199832916259766,0.004040217492729425,0.5632843971252441,0.4675227403640747,-0.0007597670773975551,0.5391502380371094,0.4330408275127411,-0.007785008288919926,0.5184004306793213,0.4107919931411743,-0.013817652128636837,0.5998755693435669,0.5168726444244385,-0.0014358910266309977,0.564772367477417,0.4598320722579956,-0.002972859889268875,0.5359326004981995,0.42807531356811523,-0.007866276428103447,0.5147793889045715,0.40772971510887146,-0.01290034968405962,0.5967901945114136,0.5263380408287048,-0.009067975915968418,0.5614798069000244,0.4651331603527069,-0.009786971844732761,0.5320173501968384,0.43171045184135437,-0.010944396257400513,0.5112784504890442,0.41049671173095703,-0.013192736543715,0.584074854850769,0.5474535226821899,-0.018314769491553307,0.5521765947341919,0.49756526947021484,-0.019982581958174706,0.5289711952209473,0.4644472301006317,-0.019919440150260925,0.511746883392334,0.4417458176612854,-0.020592330023646355,0.6528852581977844,0.6792051196098328,1.9710466148126216e-08,0.5832492709159851,0.6639342308044434,0.003899896517395973,0.5355515480041504,0.6148489117622375,-0.000499075511470437,0.4945616126060486,0.5898231863975525,-0.009091416373848915,0.4566623270511627,0.5775146484375,-0.017926586791872978,0.5837540626525879,0.49873653054237366,0.010502463206648827,0.544782280921936,0.43920448422431946,0.0025264318101108074,0.516438364982605,0.41217702627182007,-0.005906758829951286,0.4930441379547119,0.39648470282554626,-0.012145343236625195,0.5900173187255859,0.49980491399765015,-0.0020163110457360744,0.5347805619239807,0.43642616271972656,-0.007598125841468573,0.5002309679985046,0.4160767197608948,-0.01332014985382557,0.4748307168483734,0.4096609950065613,-0.01786358281970024,0.5892054438591003,0.5174691677093506,-0.015924064442515373,0.5336938500404358,0.44802695512771606,-0.022083455696702003,0.4982745349407196,0.4271414577960968,-0.021631628274917603,0.4729800224304199,0.4206843078136444,-0.02111786976456642,0.5782591104507446,0.548975944519043,-0.030190812423825264,0.5365092158317566,0.49161359667778015,-0.03575332090258598,0.5127431750297546,0.46104440093040466,-0.033916302025318146,0.4961916208267212,0.4422641396522522,-0.031746964901685715,drink
0.6613242626190186,0.6951237916946411,-3.227629292723577e-07,0.5969328284263611,0.6722270250320435,0.007839097641408443,0.5431907773017883,0.624814510345459,0.0003535847645252943,0.4995059370994568,0.604282796382904,-0.010774843394756317,0.4636208415031433,0.5922191739082336,-0.020399661734700203,0.6019614934921265,0.515175998210907,-0.0033662482164800167,0.5429445505142212,0.45416030287742615,-0.02352973073720932,0.49363815784454346,0.45942631363868713,-0.03726827725768089,0.46196141839027405,0.48084425926208496,-0.04380210116505623,0.6037816405296326,0.5225467681884766,-0.018693706020712852,0.521882176399231,0.44610148668289185,-0.0359920896589756,0.4738251566886902,0.4606233835220337,-0.04476374387741089,0.4508630037307739,0.4923338294029236,-0.04891187697649002,0.598871648311615,0.5426964163780212,-0.03450726345181465,0.5260915160179138,0.46676182746887207,-0.04732035845518112,0.4777618944644928,0.4730846583843231,-0.05149225518107414,0.4492890238761902,0.4965774118900299,-0.052776116877794266,0.5845104455947876,0.5743323564529419,-0.04946594312787056,0.531166672706604,0.5114898681640625,-0.058118611574172974,0.49515843391418457,0.5005452036857605,-0.05952593684196472,0.4697358012199402,0.5079113841056824,-0.059435997158288956,0.0,0.0,0.0,0.0,0.0,0.0,0.0,0.0,0.0,0.0,0.0,0.0,0.0,0.0,0.0,0.0,0.0,0.0,0.0,0.0,0.0,0.0,0.0,0.0,0.0,0.0,0.0,0.0,0.0,0.0,0.0,0.0,0.0,0.0,0.0,0.0,0.0,0.0,0.0,0.0,0.0,0.0,0.0,0.0,0.0,0.0,0.0,0.0,0.0,0.0,0.0,0.0,0.0,0.0,0.0,0.0,0.0,0.0,0.0,0.0,0.0,0.0,0.0,drink
0.6690766215324402,0.6934662461280823,-2.6933392405226186e-07,0.5988437533378601,0.6747416257858276,0.00026934605557471514,0.544804573059082,0.6269808411598206,-0.010028848424553871,0.502178966999054,0.6020714044570923,-0.02299230359494686,0.4658748209476471,0.5912374258041382,-0.03452594578266144,0.5999880433082581,0.5103782415390015,-0.008656883612275124,0.5452746152877808,0.4416052997112274,-0.03156163543462753,0.49579161405563354,0.4439575672149658,-0.048422232270240784,0.4630204141139984,0.4644146263599396,-0.0568963885307312,0.6042203307151794,0.517120361328125,-0.02010328695178032,0.526709794998169,0.44340580701828003,-0.03906119987368584,0.47700566053390503,0.4551873803138733,-0.05008750036358833,0.4523286819458008,0.48549631237983704,-0.05624473839998245,0.6017953753471375,0.5376280546188354,-0.032884880900382996,0.5309814810752869,0.4663350582122803,-0.04659087210893631,0.482290118932724,0.47118061780929565,-0.051642730832099915,0.45396068692207336,0.4945204257965088,-0.05382508412003517,0.5918568968772888,0.5699939727783203,-0.045725662261247635,0.5395275950431824,0.5141446590423584,-0.05443688854575157,0.5050366520881653,0.5025067329406738,-0.056697778403759,0.4813891649246216,0.5079681873321533,-0.05739864706993103,0.0,0.0,0.0,0.0,0.0,0.0,0.0,0.0,0.0,0.0,0.0,0.0,0.0,0.0,0.0,0.0,0.0,0.0,0.0,0.0,0.0,0.0,0.0,0.0,0.0,0.0,0.0,0.0,0.0,0.0,0.0,0.0,0.0,0.0,0.0,0.0,0.0,0.0,0.0,0.0,0.0,0.0,0.0,0.0,0.0,0.0,0.0,0.0,0.0,0.0,0.0,0.0,0.0,0.0,0.0,0.0,0.0,0.0,0.0,0.0,0.0,0.0,0.0,drink
0.6335443258285522,0.6600757837295532,8.560818542946436e-08,0.5888855457305908,0.661364734172821,-0.009836658835411072,0.5417340993881226,0.614833652973175,-0.012388763017952442,0.5037224292755127,0.5857686996459961,-0.01646156795322895,0.46993139386177063,0.5741791725158691,-0.019486049190163612,0.5823416113853455,0.5138106346130371,0.011510517448186874,0.5576663017272949,0.465511292219162,0.00514387059956789,0.535838782787323,0.4315490126609802,-0.00431077228859067,0.517173171043396,0.40708088874816895,-0.012106910347938538,0.5929102301597595,0.5011081099510193,0.006705945823341608,0.565132200717926,0.44810572266578674,0.00213442905806005,0.5411815047264099,0.4149611294269562,-0.004949010442942381,0.5208473205566406,0.3909502923488617,-0.010327409952878952,0.5995242595672607,0.4976060092449188,-0.0015114564448595047,0.5705087780952454,0.44430023431777954,-0.007231671828776598,0.5461785793304443,0.41199833154678345,-0.009178020060062408,0.5274931192398071,0.38926464319229126,-0.00980079174041748,0.5985750555992126,0.5050703883171082,-0.01210591197013855,0.5709629654884338,0.45678308606147766,-0.016874754801392555,0.5507879853248596,0.4256095290184021,-0.0168975330889225,0.5362697839736938,0.4029969871044159,-0.016426358371973038,0.6636052131652832,0.675112247467041,1.2450706776689913e-07,0.5957078337669373,0.6578777432441711,0.0006373043870553374,0.544471025466919,0.6097347736358643,-0.0007265578606165946,0.5041930675506592,0.5822426080703735,-0.0069573973305523396,0.4686811864376068,0.5666840672492981,-0.012657281011343002,0.5809326767921448,0.49917250871658325,0.02486504800617695,0.5496119260787964,0.44097381830215454,0.019037192687392235,0.5275232195854187,0.4059133529663086,0.009230883792042732,0.5102236866950989,0.37706005573272705,0.0010940904030576348,0.5929189324378967,0.4879990220069885,0.013055592775344849,0.5524813532829285,0.42211151123046875,0.008913317695260048,0.526869535446167,0.3890974819660187,0.002033775672316551,0.5085148215293884,0.36426499485969543,-0.003470528870820999,0.5991666913032532,0.48992761969566345,-0.002296295715495944,0.5567955374717712,0.4249497950077057,-0.006712624803185463,0.5303958654403687,0.3936696946620941,-0.006577755324542522,0.5126250982284546,0.3681877851486206,-0.00685266125947237,0.5958343148231506,0.5052672028541565,-0.019496560096740723,0.5628823637962341,0.4496217668056488,-0.02102034166455269,0.543931245803833,0.4145514965057373,-0.017676224932074547,0.5302767157554626,0.38487571477890015,-0.01577875018119812,drink
0.6529155373573303,0.6280907392501831,-1.6328556284861406e-07,0.5940470099449158,0.6229634881019592,-0.002923665102571249,0.5425169467926025,0.583484947681427,-0.00578057486563921,0.502130925655365,0.5580530166625977,-0.014652591198682785,0.4655255377292633,0.539884090423584,-0.021705301478505135,0.5579888224601746,0.47413063049316406,0.02837032824754715,0.5287790894508362,0.41674062609672546,0.01015749666839838,0.4928469657897949,0.410659521818161,-0.009240716695785522,0.46514156460762024,0.42486000061035156,-0.019918324425816536,0.5667412877082825,0.4596218168735504,0.017445765435695648,0.532561719417572,0.3945906460285187,0.003767521819099784,0.4910929501056671,0.39412057399749756,-0.008881401270627975,0.46020713448524475,0.41303378343582153,-0.01515165064483881,0.5760403871536255,0.45281195640563965,0.0009541132603771985,0.5391655564308167,0.38638922572135925,-0.012152113951742649,0.4972289800643921,0.3890165686607361,-0.01773732900619507,0.467754065990448,0.40949296951293945,-0.018133074045181274,0.5845314860343933,0.4534481465816498,-0.017662474885582924,0.5476652979850769,0.39691510796546936,-0.025009721517562866,0.5134923458099365,0.3903365135192871,-0.0253565963357687,0.48728588223457336,0.40307486057281494,-0.02363184280693531,0.0,0.0,0.0,0.0,0.0,0.0,0.0,0.0,0.0,0.0,0.0,0.0,0.0,0.0,0.0,0.0,0.0,0.0,0.0,0.0,0.0,0.0,0.0,0.0,0.0,0.0,0.0,0.0,0.0,0.0,0.0,0.0,0.0,0.0,0.0,0.0,0.0,0.0,0.0,0.0,0.0,0.0,0.0,0.0,0.0,0.0,0.0,0.0,0.0,0.0,0.0,0.0,0.0,0.0,0.0,0.0,0.0,0.0,0.0,0.0,0.0,0.0,0.0,drink
0.6527974009513855,0.6253117918968201,-1.9692687658334762e-07,0.5978830456733704,0.6248559355735779,-0.0020768805406987667,0.5443320274353027,0.5831909775733948,-0.002168480306863785,0.5027999877929688,0.5551002621650696,-0.00783443357795477,0.46525251865386963,0.5389941930770874,-0.011792805977165699,0.5574787855148315,0.48027390241622925,0.03065248765051365,0.5279340744018555,0.42335978150367737,0.015969038009643555,0.4940798282623291,0.4158138334751129,-0.0012696011690422893,0.46692895889282227,0.4275102913379669,-0.011527551338076591,0.5660136342048645,0.4652438461780548,0.020564645528793335,0.5315252542495728,0.40290066599845886,0.008914862759411335,0.49341318011283875,0.4001648724079132,-0.0033494592644274235,0.4643288552761078,0.4171801805496216,-0.01033270824700594,0.5759311318397522,0.45719069242477417,0.005391140468418598,0.5398216843605042,0.3946468234062195,-0.005316321272403002,0.5005528926849365,0.39214974641799927,-0.010311250574886799,0.4718451499938965,0.40819859504699707,-0.011537241749465466,0.5853351354598999,0.4556660056114197,-0.011885605752468109,0.5522294044494629,0.4000033438205719,-0.018661679700016975,0.519721269607544,0.38780057430267334,-0.01971307210624218,0.49428677558898926,0.3950130045413971,-0.01921480894088745,0.0,0.0,0.0,0.0,0.0,0.0,0.0,0.0,0.0,0.0,0.0,0.0,0.0,0.0,0.0,0.0,0.0,0.0,0.0,0.0,0.0,0.0,0.0,0.0,0.0,0.0,0.0,0.0,0.0,0.0,0.0,0.0,0.0,0.0,0.0,0.0,0.0,0.0,0.0,0.0,0.0,0.0,0.0,0.0,0.0,0.0,0.0,0.0,0.0,0.0,0.0,0.0,0.0,0.0,0.0,0.0,0.0,0.0,0.0,0.0,0.0,0.0,0.0,drink
0.6423159837722778,0.5734865069389343,-8.682938812398788e-08,0.5858153700828552,0.5747502446174622,-0.003116111271083355,0.5325515270233154,0.541532039642334,-0.0037182001397013664,0.4925101101398468,0.5196758508682251,-0.009116637520492077,0.4561692476272583,0.5013399124145508,-0.012820938602089882,0.5368359684944153,0.44177934527397156,0.027375053614377975,0.5069069266319275,0.3888018727302551,0.013681315816938877,0.47619152069091797,0.3792353868484497,-0.0030990608502179384,0.4508637487888336,0.3889869153499603,-0.013127077370882034,0.5455721616744995,0.4255416691303253,0.018393829464912415,0.5130877494812012,0.3674544095993042,0.00785914622247219,0.4779776930809021,0.36190834641456604,-0.004620681516826153,0.449432909488678,0.37692534923553467,-0.011795649304986,0.5571185946464539,0.4147607088088989,0.004688397515565157,0.5231603384017944,0.3544658422470093,-0.0045374189503490925,0.4879465699195862,0.3517109751701355,-0.010148094035685062,0.4607042968273163,0.3674856424331665,-0.012049582786858082,0.5711380839347839,0.4095158874988556,-0.011088632978498936,0.5374109148979187,0.3596121668815613,-0.016866004094481468,0.506838858127594,0.3532683849334717,-0.01762939803302288,0.4819217920303345,0.36406221985816956,-0.016903281211853027,0.0,0.0,0.0,0.0,0.0,0.0,0.0,0.0,0.0,0.0,0.0,0.0,0.0,0.0,0.0,0.0,0.0,0.0,0.0,0.0,0.0,0.0,0.0,0.0,0.0,0.0,0.0,0.0,0.0,0.0,0.0,0.0,0.0,0.0,0.0,0.0,0.0,0.0,0.0,0.0,0.0,0.0,0.0,0.0,0.0,0.0,0.0,0.0,0.0,0.0,0.0,0.0,0.0,0.0,0.0,0.0,0.0,0.0,0.0,0.0,0.0,0.0,0.0,drink
0.6363261938095093,0.5379232168197632,-1.0718191845171532e-07,0.5874230265617371,0.5475345849990845,-0.0064668189734220505,0.530820906162262,0.5209610462188721,-0.007572246715426445,0.48843318223953247,0.4985371530056,-0.011905573308467865,0.4520338177680969,0.48518481850624084,-0.014428436756134033,0.5269660353660583,0.42024949193000793,0.021007172763347626,0.4932849109172821,0.3716309368610382,0.008109746500849724,0.465646892786026,0.3653098940849304,-0.007305386010557413,0.444285124540329,0.3773462176322937,-0.01637190766632557,0.5340754389762878,0.4023650288581848,0.015226929448544979,0.5001064538955688,0.3509076237678528,0.005597073584794998,0.4703775644302368,0.3470553159713745,-0.005828563589602709,0.4473385512828827,0.36370864510536194,-0.012438541278243065,0.5450648069381714,0.38950100541114807,0.0050000580959022045,0.5108309984207153,0.3360176682472229,-0.00306327803991735,0.4812694191932678,0.33032917976379395,-0.00806649960577488,0.45804691314697266,0.34230101108551025,-0.010023863986134529,0.5591623187065125,0.38187074661254883,-0.007359096314758062,0.5278189778327942,0.3363792896270752,-0.012453438714146614,0.502019464969635,0.3231949806213379,-0.013422884978353977,0.47991612553596497,0.32512301206588745,-0.013028253801167011,0.0,0.0,0.0,0.0,0.0,0.0,0.0,0.0,0.0,0.0,0.0,0.0,0.0,0.0,0.0,0.0,0.0,0.0,0.0,0.0,0.0,0.0,0.0,0.0,0.0,0.0,0.0,0.0,0.0,0.0,0.0,0.0,0.0,0.0,0.0,0.0,0.0,0.0,0.0,0.0,0.0,0.0,0.0,0.0,0.0,0.0,0.0,0.0,0.0,0.0,0.0,0.0,0.0,0.0,0.0,0.0,0.0,0.0,0.0,0.0,0.0,0.0,0.0,drink
0.6318851709365845,0.534281849861145,-1.5801663266756805e-07,0.5849079489707947,0.5487152338027954,-0.006712121888995171,0.5254285335540771,0.5224025845527649,-0.006843807641416788,0.4825645387172699,0.4999816417694092,-0.010129583068192005,0.4466722309589386,0.48399433493614197,-0.011218784376978874,0.5244596600532532,0.41891440749168396,0.02111312560737133,0.48859918117523193,0.37601417303085327,0.0068225618451833725,0.4607461988925934,0.37618452310562134,-0.008807468228042126,0.4426739513874054,0.39309561252593994,-0.017380693927407265,0.53155118227005,0.39857324957847595,0.015405690297484398,0.4958221912384033,0.3480587601661682,0.004614266566932201,0.46673303842544556,0.3476221263408661,-0.006178821437060833,0.44844919443130493,0.3681687116622925,-0.0114839943125844,0.5433220863342285,0.3846582770347595,0.0049747382290661335,0.5083464980125427,0.3332088589668274,-0.003585623111575842,0.47945886850357056,0.33021050691604614,-0.007325911894440651,0.46025413274765015,0.34525614976882935,-0.0076790452003479,0.5580068826675415,0.3774969279766083,-0.007721703499555588,0.5275734066963196,0.3333565592765808,-0.01326331403106451,0.5010233521461487,0.3214568495750427,-0.014470960944890976,0.48030737042427063,0.32551413774490356,-0.013745858334004879,0.0,0.0,0.0,0.0,0.0,0.0,0.0,0.0,0.0,0.0,0.0,0.0,0.0,0.0,0.0,0.0,0.0,0.0,0.0,0.0,0.0,0.0,0.0,0.0,0.0,0.0,0.0,0.0,0.0,0.0,0.0,0.0,0.0,0.0,0.0,0.0,0.0,0.0,0.0,0.0,0.0,0.0,0.0,0.0,0.0,0.0,0.0,0.0,0.0,0.0,0.0,0.0,0.0,0.0,0.0,0.0,0.0,0.0,0.0,0.0,0.0,0.0,0.0,drink
0.6204001903533936,0.49901923537254333,-1.27039896824499e-07,0.5704383850097656,0.5132944583892822,-0.004568090662360191,0.516642153263092,0.49668800830841064,-0.0029591494239866734,0.4760841727256775,0.4780046343803406,-0.00522624421864748,0.44068366289138794,0.45869871973991394,-0.0055597396567463875,0.5143992304801941,0.3970843255519867,0.03230303153395653,0.4794268012046814,0.36634352803230286,0.025809045881032944,0.45250755548477173,0.3631969094276428,0.013230477459728718,0.4291074573993683,0.3702069818973541,0.004374551586806774,0.5199335813522339,0.37516096234321594,0.026403291150927544,0.4830890893936157,0.3393431603908539,0.021632114425301552,0.4518267512321472,0.335862398147583,0.01021550502628088,0.4254519045352936,0.3476512134075165,0.002088894136250019,0.5281062126159668,0.3565793037414551,0.015798116102814674,0.49125155806541443,0.31521517038345337,0.01014832966029644,0.4605034589767456,0.31243446469306946,0.0038179177790880203,0.43577951192855835,0.32606998085975647,0.0002955163945443928,0.5397934317588806,0.33910617232322693,0.003098877379670739,0.5061792135238647,0.3014267683029175,-0.0008830107399262488,0.4782111644744873,0.2958584427833557,-0.002444017678499222,0.45425301790237427,0.30534476041793823,-0.0029591575730592012,0.0,0.0,0.0,0.0,0.0,0.0,0.0,0.0,0.0,0.0,0.0,0.0,0.0,0.0,0.0,0.0,0.0,0.0,0.0,0.0,0.0,0.0,0.0,0.0,0.0,0.0,0.0,0.0,0.0,0.0,0.0,0.0,0.0,0.0,0.0,0.0,0.0,0.0,0.0,0.0,0.0,0.0,0.0,0.0,0.0,0.0,0.0,0.0,0.0,0.0,0.0,0.0,0.0,0.0,0.0,0.0,0.0,0.0,0.0,0.0,0.0,0.0,0.0,drink
0.6112896800041199,0.48206478357315063,-2.1410967576684925e-07,0.5646389126777649,0.5013695955276489,-0.0005170725053176284,0.5124676823616028,0.48788511753082275,0.004613081458956003,0.47085705399513245,0.4693264365196228,0.004676345270127058,0.43608319759368896,0.4493442475795746,0.006121808663010597,0.5162138342857361,0.3983212411403656,0.044422149658203125,0.4825652539730072,0.38142940402030945,0.042116474360227585,0.45534956455230713,0.3864491879940033,0.031752899289131165,0.43419134616851807,0.3975241780281067,0.024142079055309296,0.5181916952133179,0.3727753758430481,0.03763735666871071,0.48167699575424194,0.3485621511936188,0.038752730935811996,0.4487849175930023,0.3492748737335205,0.02937152236700058,0.4206244647502899,0.3576345443725586,0.021350201219320297,0.5240979194641113,0.34989339113235474,0.025811048224568367,0.48703041672706604,0.31840991973876953,0.023371877148747444,0.45334213972091675,0.31774193048477173,0.01744529977440834,0.42610618472099304,0.3284274637699127,0.013385491445660591,0.5328858494758606,0.32681161165237427,0.01214988250285387,0.49984169006347656,0.294074684381485,0.010359952226281166,0.47053152322769165,0.2911745011806488,0.009992786683142185,0.44567760825157166,0.3015730679035187,0.009663556702435017,0.0,0.0,0.0,0.0,0.0,0.0,0.0,0.0,0.0,0.0,0.0,0.0,0.0,0.0,0.0,0.0,0.0,0.0,0.0,0.0,0.0,0.0,0.0,0.0,0.0,0.0,0.0,0.0,0.0,0.0,0.0,0.0,0.0,0.0,0.0,0.0,0.0,0.0,0.0,0.0,0.0,0.0,0.0,0.0,0.0,0.0,0.0,0.0,0.0,0.0,0.0,0.0,0.0,0.0,0.0,0.0,0.0,0.0,0.0,0.0,0.0,0.0,0.0,drink
0.6098224520683289,0.48249685764312744,-1.6389257950777392e-07,0.5666072964668274,0.5053691864013672,-0.006701481994241476,0.513217031955719,0.4922112226486206,-0.004613437689840794,0.4712737202644348,0.4694376587867737,-0.005749374162405729,0.43639206886291504,0.4474065899848938,-0.005075341090559959,0.5163052082061768,0.39670905470848083,0.031618691980838776,0.4832454323768616,0.3740817606449127,0.028408557176589966,0.4555304944515228,0.37299779057502747,0.019559677690267563,0.4328746199607849,0.3786236047744751,0.012627643533051014,0.5215199589729309,0.37082576751708984,0.02728869579732418,0.4859888553619385,0.34148532152175903,0.02615261822938919,0.4539564549922943,0.3385341763496399,0.018518615514039993,0.42692404985427856,0.3443928062915802,0.012099924497306347,0.5287767648696899,0.34960320591926575,0.01797913759946823,0.49300459027290344,0.3153010308742523,0.013025832362473011,0.4600449502468109,0.3112933039665222,0.007922043092548847,0.4329901933670044,0.31908705830574036,0.004800873342901468,0.538078248500824,0.32971370220184326,0.006518546491861343,0.5057538747787476,0.2946649193763733,0.0010897609172388911,0.47671109437942505,0.28840696811676025,-0.0014401861699298024,0.45181140303611755,0.2951692044734955,-0.002856643171980977,0.0,0.0,0.0,0.0,0.0,0.0,0.0,0.0,0.0,0.0,0.0,0.0,0.0,0.0,0.0,0.0,0.0,0.0,0.0,0.0,0.0,0.0,0.0,0.0,0.0,0.0,0.0,0.0,0.0,0.0,0.0,0.0,0.0,0.0,0.0,0.0,0.0,0.0,0.0,0.0,0.0,0.0,0.0,0.0,0.0,0.0,0.0,0.0,0.0,0.0,0.0,0.0,0.0,0.0,0.0,0.0,0.0,0.0,0.0,0.0,0.0,0.0,0.0,drink
0.6085858941078186,0.4826567769050598,-1.2892458300939325e-07,0.5665944814682007,0.5046557188034058,-0.008764572441577911,0.5134639143943787,0.49253231287002563,-0.008147611282765865,0.47182247042655945,0.47087806463241577,-0.010289532132446766,0.4370490312576294,0.44748419523239136,-0.01052545290440321,0.5171316862106323,0.3964747488498688,0.027328772470355034,0.48401960730552673,0.3732391595840454,0.02392481453716755,0.455755352973938,0.3693566918373108,0.015528198331594467,0.4313204288482666,0.371061235666275,0.00866304524242878,0.5226271748542786,0.3711620271205902,0.023684127256274223,0.48752284049987793,0.34076711535453796,0.022091545164585114,0.45521217584609985,0.3352266550064087,0.015371895395219326,0.42725300788879395,0.3364436626434326,0.009684139862656593,0.5299410223960876,0.35067853331565857,0.015085133723914623,0.49496912956237793,0.3142319917678833,0.009222814813256264,0.461329847574234,0.307548850774765,0.004361177794635296,0.4333297908306122,0.3111576735973358,0.0016307741170749068,0.5394375324249268,0.3318830132484436,0.004226726479828358,0.5073208808898926,0.2958959937095642,-0.0024379827082157135,0.4777609705924988,0.2902284264564514,-0.005149600561708212,0.4527331292629242,0.2970888614654541,-0.006415263749659061,0.0,0.0,0.0,0.0,0.0,0.0,0.0,0.0,0.0,0.0,0.0,0.0,0.0,0.0,0.0,0.0,0.0,0.0,0.0,0.0,0.0,0.0,0.0,0.0,0.0,0.0,0.0,0.0,0.0,0.0,0.0,0.0,0.0,0.0,0.0,0.0,0.0,0.0,0.0,0.0,0.0,0.0,0.0,0.0,0.0,0.0,0.0,0.0,0.0,0.0,0.0,0.0,0.0,0.0,0.0,0.0,0.0,0.0,0.0,0.0,0.0,0.0,0.0,drink
0.6140234470367432,0.4850662350654602,-2.3510968105711072e-07,0.5728141665458679,0.5084939002990723,-0.0040565431118011475,0.5188172459602356,0.4933394193649292,-0.000591274700127542,0.4766635000705719,0.47381487488746643,-0.0007741583976894617,0.44352635741233826,0.4531373977661133,0.0009340177639387548,0.5232545137405396,0.39802032709121704,0.03428652510046959,0.48917415738105774,0.38009411096572876,0.02999497763812542,0.4626159369945526,0.38450661301612854,0.01937946304678917,0.44463440775871277,0.39658913016319275,0.011935594491660595,0.5259193181991577,0.37332257628440857,0.02906777709722519,0.4884191155433655,0.34975695610046387,0.0267088133841753,0.45691871643066406,0.35155194997787476,0.01651625521481037,0.4331582486629486,0.3632839024066925,0.008910860866308212,0.5325060486793518,0.3516877293586731,0.019220922142267227,0.4933658838272095,0.3221902549266815,0.01340921688824892,0.46031051874160767,0.3230453133583069,0.005937831476330757,0.4356215298175812,0.33518001437187195,0.0018588444218039513,0.5421715378761292,0.3308285176753998,0.007680600043386221,0.5078328251838684,0.29659906029701233,0.0026269240770488977,0.47870081663131714,0.29319560527801514,-0.00015453169180545956,0.4556111991405487,0.3039471507072449,-0.001502519240602851,0.0,0.0,0.0,0.0,0.0,0.0,0.0,0.0,0.0,0.0,0.0,0.0,0.0,0.0,0.0,0.0,0.0,0.0,0.0,0.0,0.0,0.0,0.0,0.0,0.0,0.0,0.0,0.0,0.0,0.0,0.0,0.0,0.0,0.0,0.0,0.0,0.0,0.0,0.0,0.0,0.0,0.0,0.0,0.0,0.0,0.0,0.0,0.0,0.0,0.0,0.0,0.0,0.0,0.0,0.0,0.0,0.0,0.0,0.0,0.0,0.0,0.0,0.0,drink
0.6392444968223572,0.521395742893219,-6.258326123997904e-08,0.5992096066474915,0.5399001836776733,-0.03215918689966202,0.5463708639144897,0.5193967223167419,-0.04508432373404503,0.5019960999488831,0.4959605038166046,-0.05178432539105415,0.46568939089775085,0.47668343782424927,-0.05525268241763115,0.5685958862304688,0.39974385499954224,-0.028925945982336998,0.5223973393440247,0.34117138385772705,-0.042588453739881516,0.4834269881248474,0.3319106698036194,-0.05293562635779381,0.4573385715484619,0.3398360013961792,-0.057616084814071655,0.5762439966201782,0.3807617127895355,-0.016430018469691277,0.5252505540847778,0.3289417028427124,-0.024598553776741028,0.48494753241539,0.32834094762802124,-0.02930373325943947,0.4593374729156494,0.3425281047821045,-0.03119116649031639,0.5801029801368713,0.3735264837741852,-0.007079737726598978,0.5282546281814575,0.32950443029403687,-0.016004377976059914,0.49131593108177185,0.33140695095062256,-0.020192475989460945,0.46621447801589966,0.34431788325309753,-0.020831916481256485,0.5810034871101379,0.37415871024131775,-7.464587542926893e-05,0.5368220806121826,0.34261611104011536,-0.008804090321063995,0.5076876878738403,0.3399334251880646,-0.01162121444940567,0.48697179555892944,0.34820669889450073,-0.01111691165715456,0.0,0.0,0.0,0.0,0.0,0.0,0.0,0.0,0.0,0.0,0.0,0.0,0.0,0.0,0.0,0.0,0.0,0.0,0.0,0.0,0.0,0.0,0.0,0.0,0.0,0.0,0.0,0.0,0.0,0.0,0.0,0.0,0.0,0.0,0.0,0.0,0.0,0.0,0.0,0.0,0.0,0.0,0.0,0.0,0.0,0.0,0.0,0.0,0.0,0.0,0.0,0.0,0.0,0.0,0.0,0.0,0.0,0.0,0.0,0.0,0.0,0.0,0.0,drink
0.3349650204181671,0.7178266048431396,4.790389311892795e-07,0.3956752121448517,0.6928232908248901,0.0001723098539514467,0.4268524944782257,0.6374455690383911,-0.006698516197502613,0.45905208587646484,0.6038933992385864,-0.01786940172314644,0.48909276723861694,0.5778282880783081,-0.027340129017829895,0.34831205010414124,0.5466769933700562,-0.0026018829084932804,0.3953937590122223,0.4868888258934021,-0.023644063621759415,0.44038084149360657,0.4840620756149292,-0.03918454423546791,0.4657575786113739,0.4990466833114624,-0.04699219763278961,0.3380756676197052,0.5522854924201965,-0.014321357943117619,0.3965846002101898,0.48521044850349426,-0.03660426661372185,0.44437694549560547,0.48659229278564453,-0.04769425466656685,0.4704887866973877,0.5032688975334167,-0.05109935998916626,0.3435164988040924,0.571704089641571,-0.027446139603853226,0.3983032703399658,0.5024091601371765,-0.04689633101224899,0.4460732936859131,0.5007809996604919,-0.04880431666970253,0.4718319773674011,0.5153780579566956,-0.04553254693746567,0.36213427782058716,0.6022946238517761,-0.04117932170629501,0.41334035992622375,0.554756224155426,-0.05568987503647804,0.44997739791870117,0.5462216734886169,-0.05564024671912193,0.4728863537311554,0.550697922706604,-0.05188995972275734,0.0,0.0,0.0,0.0,0.0,0.0,0.0,0.0,0.0,0.0,0.0,0.0,0.0,0.0,0.0,0.0,0.0,0.0,0.0,0.0,0.0,0.0,0.0,0.0,0.0,0.0,0.0,0.0,0.0,0.0,0.0,0.0,0.0,0.0,0.0,0.0,0.0,0.0,0.0,0.0,0.0,0.0,0.0,0.0,0.0,0.0,0.0,0.0,0.0,0.0,0.0,0.0,0.0,0.0,0.0,0.0,0.0,0.0,0.0,0.0,0.0,0.0,0.0,drink
0.32446998357772827,0.7197263240814209,3.486682942366315e-07,0.39329031109809875,0.6827880144119263,0.0056081656366586685,0.4271942675113678,0.6315591931343079,-0.0013852472184225917,0.45799338817596436,0.6021501421928406,-0.013248388655483723,0.49041610956192017,0.5837423205375671,-0.02482270635664463,0.34730392694473267,0.5403615236282349,-0.003214885713532567,0.39781662821769714,0.4856409728527069,-0.021850204095244408,0.4418542683124542,0.486013263463974,-0.03751537576317787,0.4690749943256378,0.5007901191711426,-0.04738490656018257,0.33937206864356995,0.5492098331451416,-0.01799537055194378,0.4043382406234741,0.48371589183807373,-0.0360504612326622,0.44929420948028564,0.4857502579689026,-0.047803301364183426,0.4746427536010742,0.5023373961448669,-0.054364703595638275,0.3452925980091095,0.5720174908638,-0.03296423703432083,0.40354856848716736,0.5037568807601929,-0.048449285328388214,0.4494340419769287,0.5009419322013855,-0.05229654908180237,0.475690633058548,0.5129311680793762,-0.05309472233057022,0.3633156418800354,0.6056115031242371,-0.04775714501738548,0.413705050945282,0.5599498152732849,-0.0593767911195755,0.44774165749549866,0.5458343625068665,-0.06059261038899422,0.4708434045314789,0.5436892509460449,-0.060012925416231155,0.0,0.0,0.0,0.0,0.0,0.0,0.0,0.0,0.0,0.0,0.0,0.0,0.0,0.0,0.0,0.0,0.0,0.0,0.0,0.0,0.0,0.0,0.0,0.0,0.0,0.0,0.0,0.0,0.0,0.0,0.0,0.0,0.0,0.0,0.0,0.0,0.0,0.0,0.0,0.0,0.0,0.0,0.0,0.0,0.0,0.0,0.0,0.0,0.0,0.0,0.0,0.0,0.0,0.0,0.0,0.0,0.0,0.0,0.0,0.0,0.0,0.0,0.0,drink
0.3432972729206085,0.705198347568512,4.2528159838184365e-07,0.4137170910835266,0.6708107590675354,0.005331260617822409,0.4547871947288513,0.6180460453033447,-0.0021147325169295073,0.48869678378105164,0.5891706943511963,-0.014747329987585545,0.5185707807540894,0.5764881372451782,-0.026498006656765938,0.37477362155914307,0.511276364326477,-0.001459278748370707,0.4375762939453125,0.4578644037246704,-0.02272401563823223,0.48450174927711487,0.46352142095565796,-0.0410645492374897,0.5189774036407471,0.479787141084671,-0.05246996879577637,0.3689488470554352,0.5178139805793762,-0.017483746632933617,0.4460750222206116,0.4501244127750397,-0.041135482490062714,0.4947095513343811,0.4650123119354248,-0.05625977739691734,0.5236273407936096,0.49097955226898193,-0.06313955783843994,0.37598687410354614,0.5384692549705505,-0.03360217437148094,0.4400216341018677,0.47384488582611084,-0.052209507673978806,0.49063611030578613,0.48109355568885803,-0.057461850345134735,0.5217694044113159,0.5017887353897095,-0.05783936753869057,0.3959658443927765,0.5709018111228943,-0.049751147627830505,0.4482158422470093,0.5238292217254639,-0.060711853206157684,0.4865112006664276,0.5180155038833618,-0.05992726609110832,0.5140590667724609,0.5232495069503784,-0.057394351810216904,0.0,0.0,0.0,0.0,0.0,0.0,0.0,0.0,0.0,0.0,0.0,0.0,0.0,0.0,0.0,0.0,0.0,0.0,0.0,0.0,0.0,0.0,0.0,0.0,0.0,0.0,0.0,0.0,0.0,0.0,0.0,0.0,0.0,0.0,0.0,0.0,0.0,0.0,0.0,0.0,0.0,0.0,0.0,0.0,0.0,0.0,0.0,0.0,0.0,0.0,0.0,0.0,0.0,0.0,0.0,0.0,0.0,0.0,0.0,0.0,0.0,0.0,0.0,drink
0.353754460811615,0.706964373588562,3.038185809600691e-07,0.42189985513687134,0.6666688919067383,0.01709876023232937,0.4656328856945038,0.6117499470710754,0.016521356999874115,0.503841757774353,0.5827393531799316,0.007918868213891983,0.5355410575866699,0.5669204592704773,-9.443847375223413e-05,0.3856823146343231,0.49906620383262634,0.025900671258568764,0.442489892244339,0.44433483481407166,0.011679227463901043,0.4922773241996765,0.44319844245910645,-0.005917351692914963,0.5266481637954712,0.46035444736480713,-0.017045246437191963,0.3816290497779846,0.5007147789001465,0.005169179290533066,0.4587065577507019,0.43286949396133423,-0.010705233551561832,0.5065097212791443,0.4476184546947479,-0.027027742937207222,0.5293117761611938,0.4793204665184021,-0.03517419472336769,0.3881347179412842,0.515230119228363,-0.01546065229922533,0.4495633542537689,0.4479840397834778,-0.02468845061957836,0.49809253215789795,0.45494014024734497,-0.02731120027601719,0.5238894820213318,0.48279985785484314,-0.026860304176807404,0.40825143456459045,0.5444154143333435,-0.03595098853111267,0.45667073130607605,0.4840105175971985,-0.03866707533597946,0.4949432611465454,0.47876253724098206,-0.03320559486746788,0.5203268527984619,0.49017250537872314,-0.027721310034394264,0.0,0.0,0.0,0.0,0.0,0.0,0.0,0.0,0.0,0.0,0.0,0.0,0.0,0.0,0.0,0.0,0.0,0.0,0.0,0.0,0.0,0.0,0.0,0.0,0.0,0.0,0.0,0.0,0.0,0.0,0.0,0.0,0.0,0.0,0.0,0.0,0.0,0.0,0.0,0.0,0.0,0.0,0.0,0.0,0.0,0.0,0.0,0.0,0.0,0.0,0.0,0.0,0.0,0.0,0.0,0.0,0.0,0.0,0.0,0.0,0.0,0.0,0.0,drink
0.35594040155410767,0.6973585486412048,2.499412232737086e-07,0.42260074615478516,0.6620591282844543,0.016487738117575645,0.46570998430252075,0.6072406768798828,0.015261960215866566,0.5047634243965149,0.5792691707611084,0.0057557206600904465,0.5417760610580444,0.5586661696434021,-0.0032087555155158043,0.3979843258857727,0.48794496059417725,0.024437017738819122,0.4520876407623291,0.4346352815628052,0.010684416629374027,0.49905750155448914,0.4348863959312439,-0.005099101923406124,0.530701220035553,0.45201200246810913,-0.014716197736561298,0.38992416858673096,0.4859558045864105,0.004364719148725271,0.46138355135917664,0.4241955876350403,-0.008569929748773575,0.5085148811340332,0.4346233010292053,-0.020867429673671722,0.5342819690704346,0.46444380283355713,-0.026999399065971375,0.392721951007843,0.4984124004840851,-0.0161849744617939,0.45496881008148193,0.43434280157089233,-0.024428457021713257,0.5027936697006226,0.43944084644317627,-0.026263313367962837,0.5312016010284424,0.46417751908302307,-0.025662077590823174,0.40755772590637207,0.5226894617080688,-0.03676620498299599,0.4591134488582611,0.4688887894153595,-0.04061327874660492,0.4973931610584259,0.46263885498046875,-0.03675024211406708,0.52496737241745,0.47155970335006714,-0.0321633405983448,0.0,0.0,0.0,0.0,0.0,0.0,0.0,0.0,0.0,0.0,0.0,0.0,0.0,0.0,0.0,0.0,0.0,0.0,0.0,0.0,0.0,0.0,0.0,0.0,0.0,0.0,0.0,0.0,0.0,0.0,0.0,0.0,0.0,0.0,0.0,0.0,0.0,0.0,0.0,0.0,0.0,0.0,0.0,0.0,0.0,0.0,0.0,0.0,0.0,0.0,0.0,0.0,0.0,0.0,0.0,0.0,0.0,0.0,0.0,0.0,0.0,0.0,0.0,drink
0.36555373668670654,0.6647147536277771,2.0120690180647216e-07,0.4281907379627228,0.6322234869003296,0.024246368557214737,0.47027748823165894,0.5858476161956787,0.027507051825523376,0.5071029663085938,0.5584156513214111,0.019301706925034523,0.5435040593147278,0.5322701930999756,0.010953952558338642,0.41950729489326477,0.4738391637802124,0.050361912697553635,0.4619198739528656,0.41882890462875366,0.0433788001537323,0.5017440915107727,0.4211789667606354,0.02944978140294552,0.5255687236785889,0.442963570356369,0.02077975682914257,0.4094177186489105,0.4673193693161011,0.02744431048631668,0.4592512845993042,0.40103277564048767,0.022261619567871094,0.5039243698120117,0.4075172543525696,0.0084034763276577,0.5284969806671143,0.4364680349826813,-0.0009590049739927053,0.4060031771659851,0.4686172902584076,0.003044476266950369,0.458075612783432,0.4029156267642975,0.0003002944285981357,0.5035181045532227,0.41123443841934204,-0.004411201924085617,0.5276626348495483,0.43845945596694946,-0.007470102049410343,0.41181063652038574,0.47774404287338257,-0.020975081250071526,0.457770437002182,0.42092323303222656,-0.01991172879934311,0.49337226152420044,0.4170360565185547,-0.01596940867602825,0.5157818794250488,0.42849212884902954,-0.013005305081605911,0.0,0.0,0.0,0.0,0.0,0.0,0.0,0.0,0.0,0.0,0.0,0.0,0.0,0.0,0.0,0.0,0.0,0.0,0.0,0.0,0.0,0.0,0.0,0.0,0.0,0.0,0.0,0.0,0.0,0.0,0.0,0.0,0.0,0.0,0.0,0.0,0.0,0.0,0.0,0.0,0.0,0.0,0.0,0.0,0.0,0.0,0.0,0.0,0.0,0.0,0.0,0.0,0.0,0.0,0.0,0.0,0.0,0.0,0.0,0.0,0.0,0.0,0.0,drink
0.36979806423187256,0.6601659059524536,1.1459503213018252e-07,0.43176400661468506,0.6302871704101562,0.020591355860233307,0.4733135998249054,0.5837775468826294,0.023238377645611763,0.5107376575469971,0.5579167604446411,0.015169601887464523,0.5484016537666321,0.5333822965621948,0.0069980258122086525,0.4245574474334717,0.4725618362426758,0.04674052447080612,0.4673349857330322,0.4212356209754944,0.03915318846702576,0.505776047706604,0.4289345145225525,0.02543051354587078,0.5270003080368042,0.45112353563308716,0.016768358647823334,0.4136127531528473,0.4642767608165741,0.02494838461279869,0.46410492062568665,0.4012496769428253,0.017376143485307693,0.5070493817329407,0.4164234399795532,0.003956668544560671,0.5277085304260254,0.4503299593925476,-0.004152454435825348,0.40838298201560974,0.4648192226886749,0.0013307537883520126,0.4589424729347229,0.39806288480758667,-0.003803812898695469,0.5030383467674255,0.41076305508613586,-0.007822795771062374,0.5252302289009094,0.4411577582359314,-0.009640686213970184,0.41144850850105286,0.47366923093795776,-0.022246938198804855,0.45434707403182983,0.4129403233528137,-0.023772716522216797,0.4903656542301178,0.4114029109477997,-0.020098771899938583,0.5130841732025146,0.4273291826248169,-0.01677081361413002,0.0,0.0,0.0,0.0,0.0,0.0,0.0,0.0,0.0,0.0,0.0,0.0,0.0,0.0,0.0,0.0,0.0,0.0,0.0,0.0,0.0,0.0,0.0,0.0,0.0,0.0,0.0,0.0,0.0,0.0,0.0,0.0,0.0,0.0,0.0,0.0,0.0,0.0,0.0,0.0,0.0,0.0,0.0,0.0,0.0,0.0,0.0,0.0,0.0,0.0,0.0,0.0,0.0,0.0,0.0,0.0,0.0,0.0,0.0,0.0,0.0,0.0,0.0,drink
0.3681945204734802,0.6134127974510193,2.1504448000086995e-07,0.4266309142112732,0.5839966535568237,0.01281116995960474,0.46660158038139343,0.5451666116714478,0.015484374016523361,0.5023314952850342,0.5170905590057373,0.008838032372295856,0.5365840196609497,0.49373137950897217,0.0016088258707895875,0.4401441216468811,0.4571271538734436,0.04789946973323822,0.4754849970340729,0.4205928444862366,0.04128735139966011,0.5075604319572449,0.4248463213443756,0.02739901840686798,0.5286087989807129,0.43898048996925354,0.018382485955953598,0.4322691261768341,0.4430324137210846,0.030860356986522675,0.4651860296726227,0.37590935826301575,0.024419957771897316,0.5024356245994568,0.3753550946712494,0.010099734179675579,0.5271242260932922,0.39646732807159424,0.0011763727525249124,0.42143183946609497,0.4346839189529419,0.01047338917851448,0.44957947731018066,0.35858920216560364,0.0030508737545460463,0.4900785982608795,0.35945120453834534,-0.006232079584151506,0.5182218551635742,0.3817523121833801,-0.010690161027014256,0.41153860092163086,0.4311014711856842,-0.010256387293338776,0.43806636333465576,0.3673527240753174,-0.015300089493393898,0.47375646233558655,0.36097490787506104,-0.016239959746599197,0.502510130405426,0.37481576204299927,-0.015579656697809696,0.0,0.0,0.0,0.0,0.0,0.0,0.0,0.0,0.0,0.0,0.0,0.0,0.0,0.0,0.0,0.0,0.0,0.0,0.0,0.0,0.0,0.0,0.0,0.0,0.0,0.0,0.0,0.0,0.0,0.0,0.0,0.0,0.0,0.0,0.0,0.0,0.0,0.0,0.0,0.0,0.0,0.0,0.0,0.0,0.0,0.0,0.0,0.0,0.0,0.0,0.0,0.0,0.0,0.0,0.0,0.0,0.0,0.0,0.0,0.0,0.0,0.0,0.0,drink
0.361440509557724,0.5843812227249146,2.1789918491776916e-07,0.4217197299003601,0.5673774480819702,0.01162424124777317,0.4643494188785553,0.5311133861541748,0.01629781909286976,0.5010871887207031,0.5029190182685852,0.012184618972241879,0.5347724556922913,0.4770530164241791,0.00791133288294077,0.4386053681373596,0.4449315667152405,0.05172012001276016,0.46641698479652405,0.4063704311847687,0.04696843400597572,0.498428076505661,0.40397655963897705,0.03431813046336174,0.5206820368766785,0.41192826628685,0.025749828666448593,0.4308849275112152,0.42914053797721863,0.035909295082092285,0.4612998068332672,0.3656576871871948,0.02921879291534424,0.49831321835517883,0.36569201946258545,0.013968132436275482,0.5223411321640015,0.3877907395362854,0.004672656301409006,0.42052584886550903,0.4165818989276886,0.016512932255864143,0.4488205015659332,0.34683355689048767,0.009061411023139954,0.4887945055961609,0.3514123558998108,-0.001350309932604432,0.5166686773300171,0.37673673033714294,-0.006670892704278231,0.4111363887786865,0.4087168276309967,-0.0034507140517234802,0.4392072260379791,0.3514072597026825,-0.009027859196066856,0.47396358847618103,0.35087156295776367,-0.011703556403517723,0.5021820664405823,0.3695438504219055,-0.0124911954626441,0.0,0.0,0.0,0.0,0.0,0.0,0.0,0.0,0.0,0.0,0.0,0.0,0.0,0.0,0.0,0.0,0.0,0.0,0.0,0.0,0.0,0.0,0.0,0.0,0.0,0.0,0.0,0.0,0.0,0.0,0.0,0.0,0.0,0.0,0.0,0.0,0.0,0.0,0.0,0.0,0.0,0.0,0.0,0.0,0.0,0.0,0.0,0.0,0.0,0.0,0.0,0.0,0.0,0.0,0.0,0.0,0.0,0.0,0.0,0.0,0.0,0.0,0.0,drink
0.3574974238872528,0.5501756072044373,2.820040663209511e-07,0.4142809808254242,0.5391830801963806,0.009156052954494953,0.4577774405479431,0.5098750591278076,0.01576271839439869,0.49422693252563477,0.4839490056037903,0.014606486074626446,0.5244768857955933,0.45562711358070374,0.013263307511806488,0.4346937835216522,0.4261322319507599,0.055726561695337296,0.46461865305900574,0.394466757774353,0.05408402159810066,0.49502459168434143,0.39332079887390137,0.042665623128414154,0.5156068205833435,0.39981797337532043,0.034843143075704575,0.4278841018676758,0.4061548113822937,0.043072354048490524,0.4612365663051605,0.3551992177963257,0.04127020761370659,0.4951603412628174,0.35261526703834534,0.027109548449516296,0.5176339745521545,0.3700380027294159,0.017597617581486702,0.4168987274169922,0.3888908624649048,0.02640383131802082,0.44829994440078735,0.3294086456298828,0.022571129724383354,0.48353490233421326,0.3321501612663269,0.013641374185681343,0.5077386498451233,0.35315823554992676,0.008713288232684135,0.40573984384536743,0.3767118453979492,0.008923478424549103,0.43558183312416077,0.32476237416267395,0.00554260378703475,0.466653972864151,0.32405370473861694,0.004595692735165358,0.49123844504356384,0.3413851857185364,0.005113583989441395,0.0,0.0,0.0,0.0,0.0,0.0,0.0,0.0,0.0,0.0,0.0,0.0,0.0,0.0,0.0,0.0,0.0,0.0,0.0,0.0,0.0,0.0,0.0,0.0,0.0,0.0,0.0,0.0,0.0,0.0,0.0,0.0,0.0,0.0,0.0,0.0,0.0,0.0,0.0,0.0,0.0,0.0,0.0,0.0,0.0,0.0,0.0,0.0,0.0,0.0,0.0,0.0,0.0,0.0,0.0,0.0,0.0,0.0,0.0,0.0,0.0,0.0,0.0,drink
0.360784649848938,0.5490482449531555,3.190316704149154e-07,0.41686010360717773,0.5395744442939758,0.0008430047892034054,0.4588557183742523,0.5090464353561401,0.0018288841238245368,0.4968493580818176,0.4851321578025818,-0.003398267552256584,0.5305819511413574,0.4582245945930481,-0.008285638876259327,0.4370982050895691,0.42439281940460205,0.044071927666664124,0.46464961767196655,0.39409422874450684,0.03767355531454086,0.49593305587768555,0.3924180567264557,0.023582423105835915,0.5179618000984192,0.39747723937034607,0.014326531440019608,0.42980343103408813,0.4044257402420044,0.034212637692689896,0.4618900716304779,0.3579164743423462,0.028404392302036285,0.495912104845047,0.3550611734390259,0.013318597339093685,0.5207317471504211,0.37003645300865173,0.003516091499477625,0.4186379611492157,0.3877236843109131,0.019807761535048485,0.4489280581474304,0.332600474357605,0.014250986278057098,0.4839578866958618,0.3321484923362732,0.00577649287879467,0.5105119943618774,0.34931105375289917,0.0011767406249418855,0.40616366267204285,0.37725040316581726,0.0037010314408689737,0.43268367648124695,0.326439768075943,-0.00015615134907420725,0.46274009346961975,0.3215653896331787,-0.0010892918799072504,0.48827287554740906,0.33550798892974854,-0.0007434022263623774,0.0,0.0,0.0,0.0,0.0,0.0,0.0,0.0,0.0,0.0,0.0,0.0,0.0,0.0,0.0,0.0,0.0,0.0,0.0,0.0,0.0,0.0,0.0,0.0,0.0,0.0,0.0,0.0,0.0,0.0,0.0,0.0,0.0,0.0,0.0,0.0,0.0,0.0,0.0,0.0,0.0,0.0,0.0,0.0,0.0,0.0,0.0,0.0,0.0,0.0,0.0,0.0,0.0,0.0,0.0,0.0,0.0,0.0,0.0,0.0,0.0,0.0,0.0,drink
0.3533064126968384,0.5305299758911133,3.1863496019468585e-07,0.40685850381851196,0.5267739295959473,0.0034662846010178328,0.4499039649963379,0.49636250734329224,0.0070856353268027306,0.48579105734825134,0.47100162506103516,0.003928023390471935,0.5194243788719177,0.4441543519496918,0.000642364495433867,0.42818599939346313,0.40806347131729126,0.048403818160295486,0.45811355113983154,0.37539973855018616,0.043679896742105484,0.48944228887557983,0.37381938099861145,0.030971311032772064,0.5103452205657959,0.3813383877277374,0.022723471745848656,0.42056429386138916,0.38852745294570923,0.037463363260030746,0.45570042729377747,0.34237462282180786,0.03211722522974014,0.49011513590812683,0.3432188034057617,0.01638452149927616,0.5130123496055603,0.3630765974521637,0.006605839356780052,0.40892985463142395,0.3712427616119385,0.022178832441568375,0.44238731265068054,0.3173518776893616,0.016649087890982628,0.4780319929122925,0.3195965588092804,0.007016284391283989,0.5032626390457153,0.3388281464576721,0.001985382055863738,0.395796537399292,0.3590969443321228,0.00547007517889142,0.42198315262794495,0.30602094531059265,0.0008104929002001882,0.45288509130477905,0.3034377694129944,-0.001511318958364427,0.47918152809143066,0.32131773233413696,-0.001748084556311369,0.0,0.0,0.0,0.0,0.0,0.0,0.0,0.0,0.0,0.0,0.0,0.0,0.0,0.0,0.0,0.0,0.0,0.0,0.0,0.0,0.0,0.0,0.0,0.0,0.0,0.0,0.0,0.0,0.0,0.0,0.0,0.0,0.0,0.0,0.0,0.0,0.0,0.0,0.0,0.0,0.0,0.0,0.0,0.0,0.0,0.0,0.0,0.0,0.0,0.0,0.0,0.0,0.0,0.0,0.0,0.0,0.0,0.0,0.0,0.0,0.0,0.0,0.0,drink
0.34867793321609497,0.5281085968017578,3.5668691111823136e-07,0.4031020998954773,0.5226407647132874,-0.0010374478297308087,0.44520998001098633,0.4907064139842987,0.0002633406256791204,0.48316943645477295,0.4651263356208801,-0.004473010543733835,0.5195369720458984,0.43690916895866394,-0.008938615210354328,0.4249347448348999,0.4047817587852478,0.04679320752620697,0.45513787865638733,0.37405750155448914,0.041530705988407135,0.48652195930480957,0.37357842922210693,0.02765808440744877,0.509005069732666,0.3801087737083435,0.018302112817764282,0.41678303480148315,0.3838192820549011,0.03806248679757118,0.45116063952445984,0.3418816328048706,0.03320831060409546,0.4845207631587982,0.34017133712768555,0.016532650217413902,0.5087819695472717,0.35638925433158875,0.005378393456339836,0.4035692811012268,0.3655779957771301,0.02446150779724121,0.4366854429244995,0.3171427249908447,0.020054757595062256,0.47043874859809875,0.3175276815891266,0.009838737547397614,0.4952564239501953,0.33487236499786377,0.0037612176965922117,0.38838624954223633,0.35298365354537964,0.00889025628566742,0.4141775071620941,0.3030146360397339,0.005753965582698584,0.4438572824001312,0.2979430854320526,0.0035215069074183702,0.47007694840431213,0.313003271818161,0.002775058848783374,0.0,0.0,0.0,0.0,0.0,0.0,0.0,0.0,0.0,0.0,0.0,0.0,0.0,0.0,0.0,0.0,0.0,0.0,0.0,0.0,0.0,0.0,0.0,0.0,0.0,0.0,0.0,0.0,0.0,0.0,0.0,0.0,0.0,0.0,0.0,0.0,0.0,0.0,0.0,0.0,0.0,0.0,0.0,0.0,0.0,0.0,0.0,0.0,0.0,0.0,0.0,0.0,0.0,0.0,0.0,0.0,0.0,0.0,0.0,0.0,0.0,0.0,0.0,drink
0.34740149974823,0.5366323590278625,3.406279063256079e-07,0.401297390460968,0.528989851474762,0.002875854028388858,0.4426584839820862,0.5003451108932495,0.004609809257090092,0.4784933924674988,0.474081814289093,-0.0006539879250340164,0.5128080248832703,0.44531694054603577,-0.005545003339648247,0.4179021418094635,0.40788522362709045,0.04964602738618851,0.4474226236343384,0.37073153257369995,0.04623284190893173,0.478365957736969,0.3703892230987549,0.034558799117803574,0.49919039011001587,0.38040047883987427,0.026972882449626923,0.41063398122787476,0.3895638883113861,0.0389004610478878,0.443220317363739,0.3432997465133667,0.03474504128098488,0.4771289527416229,0.3450995087623596,0.01893261820077896,0.5004180669784546,0.36567214131355286,0.009106364101171494,0.39946219325065613,0.3727538287639618,0.02383975312113762,0.4301673173904419,0.3200635015964508,0.02141125686466694,0.46485447883605957,0.32407069206237793,0.012695283629000187,0.489747017621994,0.3454752266407013,0.007650070823729038,0.3866064250469208,0.3613361120223999,0.007048215251415968,0.40973472595214844,0.31003808975219727,0.006265975069254637,0.43976664543151855,0.3046858310699463,0.005263200961053371,0.4667337238788605,0.3191477060317993,0.005302647594362497,0.0,0.0,0.0,0.0,0.0,0.0,0.0,0.0,0.0,0.0,0.0,0.0,0.0,0.0,0.0,0.0,0.0,0.0,0.0,0.0,0.0,0.0,0.0,0.0,0.0,0.0,0.0,0.0,0.0,0.0,0.0,0.0,0.0,0.0,0.0,0.0,0.0,0.0,0.0,0.0,0.0,0.0,0.0,0.0,0.0,0.0,0.0,0.0,0.0,0.0,0.0,0.0,0.0,0.0,0.0,0.0,0.0,0.0,0.0,0.0,0.0,0.0,0.0,drink
0.34329503774642944,0.5518355369567871,3.0999402156339784e-07,0.40100935101509094,0.5416618585586548,0.009069528430700302,0.44186607003211975,0.5081987380981445,0.014879177324473858,0.47695162892341614,0.483569473028183,0.012459702789783478,0.5092730522155762,0.45808616280555725,0.010123470798134804,0.4164609909057617,0.41487982869148254,0.055876828730106354,0.445633202791214,0.3756345808506012,0.055355627089738846,0.4765205383300781,0.37338241934776306,0.045496758073568344,0.4987427890300751,0.38098403811454773,0.03864319249987602,0.40810373425483704,0.39807432889938354,0.041726939380168915,0.4382163882255554,0.3464389443397522,0.040838465094566345,0.47301581501960754,0.3419663906097412,0.027566567063331604,0.4980669617652893,0.35882607102394104,0.019031887874007225,0.3963698148727417,0.3845983147621155,0.02348221279680729,0.42459380626678467,0.32412171363830566,0.021880121901631355,0.4606555700302124,0.3222162425518036,0.014567004516720772,0.48806682229042053,0.3395136296749115,0.010519719682633877,0.3846389949321747,0.37742161750793457,0.003961642738431692,0.41028955578804016,0.3218923807144165,0.002255997620522976,0.44109952449798584,0.31340789794921875,0.0017678820295259356,0.4689212441444397,0.3242478370666504,0.0024664117954671383,0.0,0.0,0.0,0.0,0.0,0.0,0.0,0.0,0.0,0.0,0.0,0.0,0.0,0.0,0.0,0.0,0.0,0.0,0.0,0.0,0.0,0.0,0.0,0.0,0.0,0.0,0.0,0.0,0.0,0.0,0.0,0.0,0.0,0.0,0.0,0.0,0.0,0.0,0.0,0.0,0.0,0.0,0.0,0.0,0.0,0.0,0.0,0.0,0.0,0.0,0.0,0.0,0.0,0.0,0.0,0.0,0.0,0.0,0.0,0.0,0.0,0.0,0.0,drink
0.34207457304000854,0.5529112815856934,3.0546752327609283e-07,0.4002612233161926,0.543738603591919,0.009668609127402306,0.44060492515563965,0.5102865099906921,0.014515168964862823,0.4775641858577728,0.48503047227859497,0.010519004426896572,0.5105941295623779,0.45809561014175415,0.006196032743901014,0.4165477752685547,0.41637393832206726,0.056823160499334335,0.44153687357902527,0.37301743030548096,0.05577307939529419,0.47080880403518677,0.36401647329330444,0.04549231007695198,0.49148720502853394,0.367091566324234,0.03819243609905243,0.4074443280696869,0.39921873807907104,0.0415031798183918,0.43482139706611633,0.34199532866477966,0.038831792771816254,0.46926814317703247,0.3373722732067108,0.0245133675634861,0.49325451254844666,0.35485604405403137,0.015532247722148895,0.3953987956047058,0.38562536239624023,0.022021742537617683,0.42181912064552307,0.32042136788368225,0.018398495391011238,0.4588924050331116,0.3198487162590027,0.00949167087674141,0.48609697818756104,0.33875980973243713,0.004582353867590427,0.38387227058410645,0.37893253564834595,0.0014652175595983863,0.4094747304916382,0.3206891417503357,-0.0016693421639502048,0.4413715898990631,0.31515413522720337,-0.003185288282111287,0.4691787660121918,0.32932573556900024,-0.003299436066299677,0.0,0.0,0.0,0.0,0.0,0.0,0.0,0.0,0.0,0.0,0.0,0.0,0.0,0.0,0.0,0.0,0.0,0.0,0.0,0.0,0.0,0.0,0.0,0.0,0.0,0.0,0.0,0.0,0.0,0.0,0.0,0.0,0.0,0.0,0.0,0.0,0.0,0.0,0.0,0.0,0.0,0.0,0.0,0.0,0.0,0.0,0.0,0.0,0.0,0.0,0.0,0.0,0.0,0.0,0.0,0.0,0.0,0.0,0.0,0.0,0.0,0.0,0.0,drink
0.339491605758667,0.5913118124008179,3.319347854358057e-07,0.40188971161842346,0.5701276659965515,0.023755300790071487,0.43898725509643555,0.529380738735199,0.03148799017071724,0.47494131326675415,0.506766140460968,0.02769399806857109,0.5108304619789124,0.48608484864234924,0.023462625220417976,0.3911885619163513,0.42006173729896545,0.06203371658921242,0.42448890209198,0.36170315742492676,0.061531707644462585,0.4654659032821655,0.35745376348495483,0.05220630392432213,0.49260374903678894,0.37191271781921387,0.045857518911361694,0.38175496459007263,0.4097222089767456,0.03939782828092575,0.41944003105163574,0.3348403573036194,0.03550615906715393,0.4668850600719452,0.3378216028213501,0.021679017692804337,0.49576428532600403,0.3684316873550415,0.013948128558695316,0.37683776021003723,0.4069785177707672,0.014335580170154572,0.41482654213905334,0.32534730434417725,0.011672334745526314,0.46409961581230164,0.32982364296913147,0.003349059261381626,0.4954029321670532,0.3583363890647888,-0.0010540930088609457,0.3796982765197754,0.41475653648376465,-0.010473480448126793,0.41783615946769714,0.3487350344657898,-0.012593266554176807,0.45633235573768616,0.34442138671875,-0.013668378815054893,0.48459526896476746,0.3605819642543793,-0.013318553566932678,0.0,0.0,0.0,0.0,0.0,0.0,0.0,0.0,0.0,0.0,0.0,0.0,0.0,0.0,0.0,0.0,0.0,0.0,0.0,0.0,0.0,0.0,0.0,0.0,0.0,0.0,0.0,0.0,0.0,0.0,0.0,0.0,0.0,0.0,0.0,0.0,0.0,0.0,0.0,0.0,0.0,0.0,0.0,0.0,0.0,0.0,0.0,0.0,0.0,0.0,0.0,0.0,0.0,0.0,0.0,0.0,0.0,0.0,0.0,0.0,0.0,0.0,0.0,drink
0.33032864332199097,0.6377789974212646,1.48962840285094e-07,0.39726755023002625,0.6146669983863831,0.02194914035499096,0.4357220530509949,0.5715975165367126,0.023526905104517937,0.47159022092819214,0.5513556599617004,0.01478490885347128,0.5109351873397827,0.5376039743423462,0.005017670337110758,0.378926545381546,0.45126286149024963,0.032720793038606644,0.4207584261894226,0.39434292912483215,0.023018760606646538,0.46338194608688354,0.3910159468650818,0.010255690664052963,0.4922694265842438,0.4033110439777374,0.0018473126692697406,0.3713414967060089,0.44591644406318665,0.009710942395031452,0.42658472061157227,0.3773578405380249,0.00046066215145401657,0.47489190101623535,0.3793143928050995,-0.011658251285552979,0.5055074691772461,0.40351852774620056,-0.019569911062717438,0.37370944023132324,0.4536949694156647,-0.013898808509111404,0.42769238352775574,0.38268783688545227,-0.019257420673966408,0.47517186403274536,0.38192230463027954,-0.024232568219304085,0.505398154258728,0.4006282687187195,-0.02759210765361786,0.3863881826400757,0.47392114996910095,-0.03706890717148781,0.42947322130203247,0.410677433013916,-0.03883248567581177,0.46453428268432617,0.3953109085559845,-0.03712872043251991,0.49082863330841064,0.3978921175003052,-0.035881947726011276,0.0,0.0,0.0,0.0,0.0,0.0,0.0,0.0,0.0,0.0,0.0,0.0,0.0,0.0,0.0,0.0,0.0,0.0,0.0,0.0,0.0,0.0,0.0,0.0,0.0,0.0,0.0,0.0,0.0,0.0,0.0,0.0,0.0,0.0,0.0,0.0,0.0,0.0,0.0,0.0,0.0,0.0,0.0,0.0,0.0,0.0,0.0,0.0,0.0,0.0,0.0,0.0,0.0,0.0,0.0,0.0,0.0,0.0,0.0,0.0,0.0,0.0,0.0,drink
0.3304852545261383,0.6576412916183472,2.1533405458740162e-07,0.3934062123298645,0.64183109998703,0.007903359830379486,0.43446019291877747,0.5915044546127319,0.003897791961207986,0.47076237201690674,0.5671405792236328,-0.00679804990068078,0.5076740980148315,0.5528048872947693,-0.016639458015561104,0.38273653388023376,0.4695926308631897,0.01448556873947382,0.42484766244888306,0.4013289511203766,-0.002190534258261323,0.47042226791381836,0.40541356801986694,-0.018493134528398514,0.4987558126449585,0.4303670823574066,-0.027514511719346046,0.372482031583786,0.46794772148132324,-0.0007830453105270863,0.42488646507263184,0.3952071964740753,-0.015519578009843826,0.4747927486896515,0.40210697054862976,-0.028165463358163834,0.5019692182540894,0.43069398403167725,-0.034931473433971405,0.37451693415641785,0.4785595238208771,-0.017376655712723732,0.4259994924068451,0.4021807909011841,-0.0283531341701746,0.4745781421661377,0.40733543038368225,-0.031617894768714905,0.5009193420410156,0.43062812089920044,-0.03166339173913002,0.3889007866382599,0.5012449622154236,-0.0344095341861248,0.4367234706878662,0.4395994246006012,-0.03976082801818848,0.4731962978839874,0.43621769547462463,-0.03612535074353218,0.49425894021987915,0.4499923586845398,-0.03172541782259941,0.0,0.0,0.0,0.0,0.0,0.0,0.0,0.0,0.0,0.0,0.0,0.0,0.0,0.0,0.0,0.0,0.0,0.0,0.0,0.0,0.0,0.0,0.0,0.0,0.0,0.0,0.0,0.0,0.0,0.0,0.0,0.0,0.0,0.0,0.0,0.0,0.0,0.0,0.0,0.0,0.0,0.0,0.0,0.0,0.0,0.0,0.0,0.0,0.0,0.0,0.0,0.0,0.0,0.0,0.0,0.0,0.0,0.0,0.0,0.0,0.0,0.0,0.0,drink
0.3337753713130951,0.7074118852615356,1.6918338019422663e-07,0.4041341543197632,0.682798445224762,0.011444221250712872,0.44221726059913635,0.6349198222160339,0.005840908735990524,0.4753040075302124,0.614949643611908,-0.007569817826151848,0.5083709955215454,0.6050225496292114,-0.021471336483955383,0.3918505012989044,0.5188392400741577,0.001080696121789515,0.445096880197525,0.45095446705818176,-0.02228262461721897,0.4917427897453308,0.45996490120887756,-0.04173704981803894,0.5207412838935852,0.4812113046646118,-0.05396641045808792,0.3837624192237854,0.52559494972229,-0.019622087478637695,0.4483761787414551,0.4498465359210968,-0.043016377836465836,0.498587429523468,0.4594482481479645,-0.05959046259522438,0.5265492796897888,0.48413532972335815,-0.06909334659576416,0.38615158200263977,0.5472655892372131,-0.040643952786922455,0.4449697434902191,0.4744707942008972,-0.05805571749806404,0.4929904341697693,0.4775313436985016,-0.06433314085006714,0.5197868943214417,0.4944571256637573,-0.06685281544923782,0.39882999658584595,0.5810920596122742,-0.061472419649362564,0.4460304081439972,0.5307260155677795,-0.07171717286109924,0.4802224338054657,0.511610746383667,-0.07330335676670074,0.5038526058197021,0.5056285262107849,-0.07396429032087326,0.0,0.0,0.0,0.0,0.0,0.0,0.0,0.0,0.0,0.0,0.0,0.0,0.0,0.0,0.0,0.0,0.0,0.0,0.0,0.0,0.0,0.0,0.0,0.0,0.0,0.0,0.0,0.0,0.0,0.0,0.0,0.0,0.0,0.0,0.0,0.0,0.0,0.0,0.0,0.0,0.0,0.0,0.0,0.0,0.0,0.0,0.0,0.0,0.0,0.0,0.0,0.0,0.0,0.0,0.0,0.0,0.0,0.0,0.0,0.0,0.0,0.0,0.0,drink
0.3267032206058502,0.7133798599243164,2.3587475084241305e-07,0.39922285079956055,0.690041184425354,0.014299212954938412,0.43890485167503357,0.6345735192298889,0.01155964843928814,0.4712071120738983,0.6110535860061646,0.0006196108879521489,0.5052450895309448,0.6024389266967773,-0.010360321030020714,0.3880864977836609,0.5195193886756897,0.005634587723761797,0.4423747956752777,0.4498404264450073,-0.016538238152861595,0.4897480010986328,0.4630028307437897,-0.0345660038292408,0.5185105800628662,0.489769846200943,-0.0450943261384964,0.3816063702106476,0.5259836316108704,-0.015475066378712654,0.4486018419265747,0.44804680347442627,-0.03681577369570732,0.499345064163208,0.46254926919937134,-0.05128726363182068,0.5259624123573303,0.4908973276615143,-0.05899377912282944,0.3862212300300598,0.5472354888916016,-0.036979325115680695,0.44776424765586853,0.4703827500343323,-0.052435051649808884,0.4966922402381897,0.4786902368068695,-0.057240284979343414,0.5229876637458801,0.500455915927887,-0.05863731727004051,0.40197914838790894,0.5807672739028931,-0.058260805904865265,0.4518037736415863,0.5256620645523071,-0.06686285883188248,0.48916110396385193,0.5088082551956177,-0.0676533505320549,0.5145164728164673,0.5054702758789062,-0.06767596304416656,0.0,0.0,0.0,0.0,0.0,0.0,0.0,0.0,0.0,0.0,0.0,0.0,0.0,0.0,0.0,0.0,0.0,0.0,0.0,0.0,0.0,0.0,0.0,0.0,0.0,0.0,0.0,0.0,0.0,0.0,0.0,0.0,0.0,0.0,0.0,0.0,0.0,0.0,0.0,0.0,0.0,0.0,0.0,0.0,0.0,0.0,0.0,0.0,0.0,0.0,0.0,0.0,0.0,0.0,0.0,0.0,0.0,0.0,0.0,0.0,0.0,0.0,0.0,drink
0.3286423683166504,0.7655818462371826,2.502029587958532e-07,0.38131454586982727,0.7231975793838501,0.014497732743620872,0.4263664484024048,0.6734544038772583,0.009456069208681583,0.4722288250923157,0.6542297601699829,-0.0030756937339901924,0.5074024796485901,0.6482852697372437,-0.016203749924898148,0.3848561644554138,0.5738149881362915,-0.00035804579965770245,0.4513605833053589,0.505766749382019,-0.018960818648338318,0.5008626580238342,0.5114227533340454,-0.033234693109989166,0.5349282026290894,0.5303243398666382,-0.042081937193870544,0.38756993412971497,0.5847802758216858,-0.0216950923204422,0.4609599709510803,0.5058099031448364,-0.03949423134326935,0.5123934745788574,0.5152194499969482,-0.05124640837311745,0.5445955991744995,0.5384040474891663,-0.057818714529275894,0.39937078952789307,0.613770067691803,-0.04223938286304474,0.4654279947280884,0.5374197363853455,-0.05439778417348862,0.5149175524711609,0.5428223609924316,-0.05644235759973526,0.5452766418457031,0.5598813891410828,-0.05717477574944496,0.41942575573921204,0.6560449600219727,-0.062372706830501556,0.46770423650741577,0.5974711775779724,-0.06755752861499786,0.49960556626319885,0.5812128782272339,-0.06419461965560913,0.5229553580284119,0.5772501230239868,-0.0617554746568203,0.0,0.0,0.0,0.0,0.0,0.0,0.0,0.0,0.0,0.0,0.0,0.0,0.0,0.0,0.0,0.0,0.0,0.0,0.0,0.0,0.0,0.0,0.0,0.0,0.0,0.0,0.0,0.0,0.0,0.0,0.0,0.0,0.0,0.0,0.0,0.0,0.0,0.0,0.0,0.0,0.0,0.0,0.0,0.0,0.0,0.0,0.0,0.0,0.0,0.0,0.0,0.0,0.0,0.0,0.0,0.0,0.0,0.0,0.0,0.0,0.0,0.0,0.0,drink
0.32351070642471313,0.7851076722145081,3.4418130212543474e-07,0.3804292380809784,0.7428663969039917,0.02183493785560131,0.42583832144737244,0.6898089647293091,0.01928630657494068,0.47430288791656494,0.6658737063407898,0.009150928817689419,0.5143916606903076,0.6532852053642273,-0.0015590975526720285,0.37833091616630554,0.584006130695343,-0.0018590083345770836,0.45641469955444336,0.5223350524902344,-0.019344042986631393,0.5050777792930603,0.5292451977729797,-0.031108973547816277,0.540173351764679,0.5460461378097534,-0.03894994407892227,0.3800389766693115,0.5969407558441162,-0.026815667748451233,0.4647940993309021,0.5149239301681519,-0.045112136751413345,0.5169512629508972,0.5254732966423035,-0.05456806719303131,0.5507749319076538,0.547160267829895,-0.059566617012023926,0.39079421758651733,0.6293556094169617,-0.049916476011276245,0.46755674481391907,0.5520240664482117,-0.06268899142742157,0.5170949101448059,0.5593157410621643,-0.06168635934591293,0.5481009483337402,0.5725576281547546,-0.060609668493270874,0.4111965000629425,0.6751240491867065,-0.07160007208585739,0.4683758616447449,0.6173194646835327,-0.07768583297729492,0.5029748678207397,0.6031991243362427,-0.07307349145412445,0.5285714864730835,0.595651388168335,-0.06973570585250854,0.0,0.0,0.0,0.0,0.0,0.0,0.0,0.0,0.0,0.0,0.0,0.0,0.0,0.0,0.0,0.0,0.0,0.0,0.0,0.0,0.0,0.0,0.0,0.0,0.0,0.0,0.0,0.0,0.0,0.0,0.0,0.0,0.0,0.0,0.0,0.0,0.0,0.0,0.0,0.0,0.0,0.0,0.0,0.0,0.0,0.0,0.0,0.0,0.0,0.0,0.0,0.0,0.0,0.0,0.0,0.0,0.0,0.0,0.0,0.0,0.0,0.0,0.0,drink
0.35358667373657227,0.7305669784545898,4.222277425469656e-07,0.38314735889434814,0.7038283348083496,0.0035191725473850965,0.4231966435909271,0.6632357835769653,-0.004916021134704351,0.4710574150085449,0.6494468450546265,-0.017466742545366287,0.5095021724700928,0.6404159069061279,-0.030711930245161057,0.38243719935417175,0.5751821994781494,-0.01731393113732338,0.44729602336883545,0.5150098204612732,-0.03938370198011398,0.496975839138031,0.5176882743835449,-0.05415824428200722,0.5348647236824036,0.5322455763816833,-0.06289925426244736,0.3884928524494171,0.5836648941040039,-0.03225402161478996,0.4573734998703003,0.5123926401138306,-0.05536316707730293,0.5090446472167969,0.5205949544906616,-0.0690261498093605,0.5423317551612854,0.5456768274307251,-0.07571634650230408,0.4021768271923065,0.6104570031166077,-0.046525366604328156,0.4595564901828766,0.5381132364273071,-0.06475019454956055,0.5078978538513184,0.5383188128471375,-0.07043619453907013,0.5404542088508606,0.5541579723358154,-0.0721481516957283,0.42291536927223206,0.6506516933441162,-0.060552164912223816,0.46486085653305054,0.5954994559288025,-0.07351822406053543,0.4963284432888031,0.5775273442268372,-0.07508718967437744,0.521001398563385,0.57236647605896,-0.07467711716890335,0.32854971289634705,0.778475821018219,3.264491965637717e-07,0.3989628255367279,0.7349572777748108,0.021613793447613716,0.43923476338386536,0.6867138743400574,0.019015833735466003,0.47819387912750244,0.6623244881629944,0.00719416793435812,0.5146666765213013,0.6466971635818481,-0.005023021250963211,0.38010162115097046,0.5777117013931274,0.008216828107833862,0.4482519328594208,0.5138861536979675,-0.009960474446415901,0.4971008896827698,0.5216563940048218,-0.025194279849529266,0.5328074097633362,0.537343442440033,-0.03609606623649597,0.3800762891769409,0.58669513463974,-0.017288101837038994,0.46029698848724365,0.5090962648391724,-0.03588241711258888,0.5103862285614014,0.5211971402168274,-0.04820668697357178,0.5419638752937317,0.5426480174064636,-0.056227318942546844,0.3905033767223358,0.6135876178741455,-0.04194246605038643,0.4625585079193115,0.537467896938324,-0.054514080286026,0.5092504620552063,0.5459646582603455,-0.05472836270928383,0.5387375354766846,0.5618659257888794,-0.0551118440926075,0.4104065001010895,0.6539115905761719,-0.06595480442047119,0.4636225998401642,0.602074146270752,-0.07224306464195251,0.4992212653160095,0.5869866609573364,-0.06918607652187347,0.5263268351554871,0.5800703763961792,-0.06756129860877991,drink
0.32806912064552307,0.7758694291114807,3.146728602132498e-07,0.39776811003685,0.7374358773231506,0.020377134904265404,0.43947136402130127,0.6876117587089539,0.01699886843562126,0.47803279757499695,0.6645024418830872,0.00467367097735405,0.5129700303077698,0.6513501405715942,-0.008172200992703438,0.38241323828697205,0.5778534412384033,0.0033919329289346933,0.44985267519950867,0.511466920375824,-0.016298001632094383,0.49972644448280334,0.5175036787986755,-0.03173249214887619,0.5355457663536072,0.5346494317054749,-0.04220575839281082,0.380466490983963,0.5863602161407471,-0.021738220006227493,0.4612366259098053,0.5076473355293274,-0.042221181094646454,0.5128172039985657,0.5219910740852356,-0.054733723402023315,0.5439292788505554,0.5458183884620667,-0.06229805946350098,0.3896459937095642,0.61210036277771,-0.04589639976620674,0.46244120597839355,0.5348146557807922,-0.06076599285006523,0.5114645957946777,0.5468477010726929,-0.061984993517398834,0.5405970811843872,0.5672982335090637,-0.062316056340932846,0.40881502628326416,0.6514179110527039,-0.06924989819526672,0.4636821150779724,0.5965974926948547,-0.07736272364854813,0.5002996325492859,0.5827116966247559,-0.07543331384658813,0.5264169573783875,0.5779333710670471,-0.07431310415267944,0.0,0.0,0.0,0.0,0.0,0.0,0.0,0.0,0.0,0.0,0.0,0.0,0.0,0.0,0.0,0.0,0.0,0.0,0.0,0.0,0.0,0.0,0.0,0.0,0.0,0.0,0.0,0.0,0.0,0.0,0.0,0.0,0.0,0.0,0.0,0.0,0.0,0.0,0.0,0.0,0.0,0.0,0.0,0.0,0.0,0.0,0.0,0.0,0.0,0.0,0.0,0.0,0.0,0.0,0.0,0.0,0.0,0.0,0.0,0.0,0.0,0.0,0.0,drink
0.3650268316268921,0.7156313061714172,3.9258719652934815e-07,0.4226822555065155,0.70289146900177,0.0012127334484830499,0.4537186026573181,0.6571637988090515,-0.005622067954391241,0.48653995990753174,0.6319016218185425,-0.017522556707262993,0.5184302926063538,0.6138051748275757,-0.028579719364643097,0.3874761462211609,0.5450607538223267,0.0014066672883927822,0.4334034025669098,0.4836747944355011,-0.018851451575756073,0.4789346754550934,0.4819450080394745,-0.03591349720954895,0.5108740329742432,0.4971879720687866,-0.04580335319042206,0.3792848587036133,0.54470294713974,-0.0114458492025733,0.4335986375808716,0.47671714425086975,-0.03272080793976784,0.48425817489624023,0.4815633296966553,-0.04701848328113556,0.519153356552124,0.5021479725837708,-0.05381776764988899,0.3850870430469513,0.5583307147026062,-0.025705890730023384,0.43673622608184814,0.48874321579933167,-0.042639266699552536,0.48604488372802734,0.48888447880744934,-0.04856692627072334,0.5194293260574341,0.5052208304405212,-0.049739301204681396,0.4038303792476654,0.5851680636405945,-0.040687523782253265,0.4480077624320984,0.5318844318389893,-0.05111166089773178,0.48329809308052063,0.5179223418235779,-0.051508545875549316,0.5094853639602661,0.5177459120750427,-0.04993806034326553,0.33647724986076355,0.7467646598815918,2.5194333375111455e-07,0.4125731587409973,0.7104832530021667,0.02263326570391655,0.44938451051712036,0.6555777192115784,0.024483563378453255,0.48302218317985535,0.6303242444992065,0.01646965742111206,0.5173524022102356,0.6132873892784119,0.0083059873431921,0.3894106447696686,0.5446687340736389,0.02371373400092125,0.4411482512950897,0.479975163936615,0.008133913390338421,0.4870521128177643,0.487013041973114,-0.00683026434853673,0.5142751336097717,0.5083215236663818,-0.015689875930547714,0.37979698181152344,0.5445255041122437,-0.0001874519366538152,0.44611212611198425,0.4667356014251709,-0.015751512721180916,0.49580731987953186,0.48088228702545166,-0.028745854273438454,0.5207565426826477,0.5086687207221985,-0.03590606525540352,0.3825484812259674,0.5589313507080078,-0.024364013224840164,0.44163405895233154,0.47761738300323486,-0.03598750755190849,0.49138832092285156,0.48849785327911377,-0.041112303733825684,0.5181194543838501,0.5126098990440369,-0.043374381959438324,0.39657190442085266,0.5843493938446045,-0.04765623062849045,0.4446463882923126,0.5226823687553406,-0.05531349033117294,0.48172155022621155,0.5135483145713806,-0.05543143302202225,0.5063284635543823,0.5174137353897095,-0.054727703332901,drink
0.3434307873249054,0.7100900411605835,2.2716696435054473e-07,0.4100322425365448,0.6738332509994507,0.020211631432175636,0.44809073209762573,0.6248103976249695,0.0233773160725832,0.48343533277511597,0.5958017706871033,0.015926120802760124,0.519736647605896,0.5739890933036804,0.008262998424470425,0.396353542804718,0.513887345790863,0.045152656733989716,0.4331514537334442,0.45013487339019775,0.03661167994141579,0.47270238399505615,0.44967415928840637,0.023037267848849297,0.49726516008377075,0.4688089191913605,0.01459408737719059,0.3854677081108093,0.5085150003433228,0.02344428189098835,0.4319983124732971,0.43394631147384644,0.014933254569768906,0.4753172993659973,0.44049715995788574,0.0010411333059892058,0.5005576014518738,0.46857306361198425,-0.007510760799050331,0.3812844455242157,0.510117769241333,-0.00027517281705513597,0.4293678104877472,0.43690940737724304,-0.006464740727096796,0.47380632162094116,0.44370734691619873,-0.012505117803812027,0.5007796883583069,0.4691448211669922,-0.015917649492621422,0.3858705759048462,0.5193706750869751,-0.023945294320583344,0.42664840817451477,0.4583737850189209,-0.026742083951830864,0.46190980076789856,0.4522523581981659,-0.02530490607023239,0.4866494834423065,0.4628620743751526,-0.0237494595348835,0.0,0.0,0.0,0.0,0.0,0.0,0.0,0.0,0.0,0.0,0.0,0.0,0.0,0.0,0.0,0.0,0.0,0.0,0.0,0.0,0.0,0.0,0.0,0.0,0.0,0.0,0.0,0.0,0.0,0.0,0.0,0.0,0.0,0.0,0.0,0.0,0.0,0.0,0.0,0.0,0.0,0.0,0.0,0.0,0.0,0.0,0.0,0.0,0.0,0.0,0.0,0.0,0.0,0.0,0.0,0.0,0.0,0.0,0.0,0.0,0.0,0.0,0.0,drink
0.3414536416530609,0.6841965913772583,2.2107403196969244e-07,0.40493518114089966,0.6470695734024048,0.017721151933073997,0.44551700353622437,0.6029202938079834,0.021739033982157707,0.48259472846984863,0.573246955871582,0.015563319437205791,0.514613926410675,0.5436878800392151,0.008862301707267761,0.40711095929145813,0.5065178871154785,0.04835838824510574,0.4392762780189514,0.45564138889312744,0.040343377739191055,0.4753948748111725,0.45005136728286743,0.026090705767273903,0.5023302435874939,0.4574659466743469,0.016160232946276665,0.3973987102508545,0.4947955906391144,0.027467718347907066,0.43388602137565613,0.4240614175796509,0.01688455417752266,0.47534531354904175,0.4196603000164032,0.000520499364938587,0.5057328939437866,0.4378594160079956,-0.009628377854824066,0.38775330781936646,0.49001288414001465,0.0038056946359574795,0.4230175018310547,0.41496071219444275,-0.006874187383800745,0.467081755399704,0.4123004674911499,-0.016827987506985664,0.500803530216217,0.4302179515361786,-0.022052215412259102,0.38266289234161377,0.49249470233917236,-0.01986166462302208,0.4180813729763031,0.4330519139766693,-0.028257353231310844,0.4549616575241089,0.42176908254623413,-0.0315089076757431,0.48695066571235657,0.42680445313453674,-0.03275242820382118,0.0,0.0,0.0,0.0,0.0,0.0,0.0,0.0,0.0,0.0,0.0,0.0,0.0,0.0,0.0,0.0,0.0,0.0,0.0,0.0,0.0,0.0,0.0,0.0,0.0,0.0,0.0,0.0,0.0,0.0,0.0,0.0,0.0,0.0,0.0,0.0,0.0,0.0,0.0,0.0,0.0,0.0,0.0,0.0,0.0,0.0,0.0,0.0,0.0,0.0,0.0,0.0,0.0,0.0,0.0,0.0,0.0,0.0,0.0,0.0,0.0,0.0,0.0,drink
0.34294062852859497,0.6826978921890259,2.460390930991707e-07,0.4060364365577698,0.648231565952301,0.018943488597869873,0.4456598162651062,0.6040518879890442,0.024402596056461334,0.48337259888648987,0.5732716917991638,0.01949210651218891,0.5173656344413757,0.544193685054779,0.01429398451000452,0.4047161638736725,0.5071231722831726,0.054885298013687134,0.4384916424751282,0.4554864764213562,0.049348317086696625,0.4764063358306885,0.4506082534790039,0.03601868078112602,0.5030366778373718,0.45830661058425903,0.026770291849970818,0.39460235834121704,0.49499818682670593,0.03423847258090973,0.4315200448036194,0.424137145280838,0.026700228452682495,0.4738747477531433,0.41929900646209717,0.011537794955074787,0.5031346082687378,0.437195748090744,0.00204447191208601,0.38560718297958374,0.4901188910007477,0.010601881891489029,0.42109766602516174,0.4142753481864929,0.003648825455456972,0.46569961309432983,0.4116368293762207,-0.004558352753520012,0.4980817437171936,0.4306967258453369,-0.009081644006073475,0.382171094417572,0.4930261969566345,-0.013248428702354431,0.4174840748310089,0.4321904480457306,-0.018967634066939354,0.4544013440608978,0.4219147264957428,-0.020787661895155907,0.4852225184440613,0.4289502203464508,-0.021148376166820526,0.0,0.0,0.0,0.0,0.0,0.0,0.0,0.0,0.0,0.0,0.0,0.0,0.0,0.0,0.0,0.0,0.0,0.0,0.0,0.0,0.0,0.0,0.0,0.0,0.0,0.0,0.0,0.0,0.0,0.0,0.0,0.0,0.0,0.0,0.0,0.0,0.0,0.0,0.0,0.0,0.0,0.0,0.0,0.0,0.0,0.0,0.0,0.0,0.0,0.0,0.0,0.0,0.0,0.0,0.0,0.0,0.0,0.0,0.0,0.0,0.0,0.0,0.0,drink
0.33742111921310425,0.6240819692611694,2.409730939234578e-07,0.40023285150527954,0.5964331030845642,0.011779178865253925,0.4396779537200928,0.5604143738746643,0.01543014869093895,0.4749562740325928,0.5328370332717896,0.009620441123843193,0.5070895552635193,0.5041832327842712,0.0030042773578315973,0.41900578141212463,0.4701552987098694,0.049724727869033813,0.4498601257801056,0.42472711205482483,0.043528083711862564,0.47929131984710693,0.42350882291793823,0.029822785407304764,0.4981337785720825,0.4328911304473877,0.020992841571569443,0.4102143347263336,0.4551689922809601,0.03288697451353073,0.44341787695884705,0.3892136812210083,0.025211384519934654,0.47859448194503784,0.39013659954071045,0.008648885414004326,0.4999449849128723,0.41390952467918396,-0.001118350075557828,0.39743173122406006,0.4455414414405823,0.01256786659359932,0.427627831697464,0.370114803314209,0.00408707931637764,0.46599283814430237,0.37337666749954224,-0.005939056631177664,0.4907092750072479,0.39796212315559387,-0.010191000066697598,0.38417893648147583,0.44229987263679504,-0.008202040567994118,0.41234391927719116,0.37527406215667725,-0.014778395183384418,0.4466412663459778,0.3696455955505371,-0.01626885123550892,0.4735819697380066,0.38634783029556274,-0.015289361588656902,0.0,0.0,0.0,0.0,0.0,0.0,0.0,0.0,0.0,0.0,0.0,0.0,0.0,0.0,0.0,0.0,0.0,0.0,0.0,0.0,0.0,0.0,0.0,0.0,0.0,0.0,0.0,0.0,0.0,0.0,0.0,0.0,0.0,0.0,0.0,0.0,0.0,0.0,0.0,0.0,0.0,0.0,0.0,0.0,0.0,0.0,0.0,0.0,0.0,0.0,0.0,0.0,0.0,0.0,0.0,0.0,0.0,0.0,0.0,0.0,0.0,0.0,0.0,drink
0.3307081162929535,0.5672522783279419,2.2273964361829712e-07,0.3925563097000122,0.5529695153236389,0.010903018526732922,0.4346761107444763,0.5260822772979736,0.014824025332927704,0.4700127840042114,0.5043211579322815,0.010006849654018879,0.4980746805667877,0.47317418456077576,0.004574473015964031,0.4179842174053192,0.43439042568206787,0.04744935408234596,0.447529673576355,0.3900436758995056,0.040391284972429276,0.47706544399261475,0.3901670575141907,0.026653070002794266,0.493150919675827,0.4047831594944,0.01852542720735073,0.4098811447620392,0.4180079400539398,0.0314674973487854,0.44290706515312195,0.35806241631507874,0.02392343431711197,0.47708532214164734,0.36037296056747437,0.0074936384335160255,0.49348804354667664,0.38825440406799316,-0.0023467387072741985,0.39677202701568604,0.404097318649292,0.012047464959323406,0.4278910458087921,0.3382951021194458,0.005160945001989603,0.463728666305542,0.34378036856651306,-0.004067368805408478,0.4837495684623718,0.37047863006591797,-0.00843437947332859,0.3830197751522064,0.39666634798049927,-0.008004559203982353,0.41193491220474243,0.337402880191803,-0.013683096505701542,0.44460225105285645,0.3352992534637451,-0.015006056986749172,0.46775320172309875,0.35577887296676636,-0.014097373001277447,0.0,0.0,0.0,0.0,0.0,0.0,0.0,0.0,0.0,0.0,0.0,0.0,0.0,0.0,0.0,0.0,0.0,0.0,0.0,0.0,0.0,0.0,0.0,0.0,0.0,0.0,0.0,0.0,0.0,0.0,0.0,0.0,0.0,0.0,0.0,0.0,0.0,0.0,0.0,0.0,0.0,0.0,0.0,0.0,0.0,0.0,0.0,0.0,0.0,0.0,0.0,0.0,0.0,0.0,0.0,0.0,0.0,0.0,0.0,0.0,0.0,0.0,0.0,drink
0.3291861414909363,0.5304358005523682,2.823364866344491e-07,0.38590168952941895,0.5261898636817932,0.0030817873775959015,0.43060818314552307,0.5027545094490051,0.006422600243240595,0.46763622760772705,0.48063725233078003,0.0031826901249587536,0.4997723698616028,0.4531005918979645,0.0003665501717478037,0.4168959856033325,0.41411516070365906,0.0467909500002861,0.4474063217639923,0.37858933210372925,0.041391462087631226,0.47609639167785645,0.37882232666015625,0.028340477496385574,0.4947021007537842,0.3886604607105255,0.019908178597688675,0.4104527235031128,0.3946753144264221,0.036408115178346634,0.44676926732063293,0.3477327823638916,0.030686678364872932,0.4791698157787323,0.35089629888534546,0.014841563068330288,0.49958300590515137,0.37217336893081665,0.004507244098931551,0.3994450569152832,0.37601444125175476,0.021715067327022552,0.4338105022907257,0.32508575916290283,0.01607452519237995,0.467139333486557,0.33028319478034973,0.006113192532211542,0.48946183919906616,0.351848840713501,0.0004598330124281347,0.38654613494873047,0.36093658208847046,0.005612439010292292,0.41623786091804504,0.3147330582141876,0.0014736667508259416,0.4464678466320038,0.3137943148612976,-0.0006963022751733661,0.4710976779460907,0.33073246479034424,-0.0011773735750466585,0.0,0.0,0.0,0.0,0.0,0.0,0.0,0.0,0.0,0.0,0.0,0.0,0.0,0.0,0.0,0.0,0.0,0.0,0.0,0.0,0.0,0.0,0.0,0.0,0.0,0.0,0.0,0.0,0.0,0.0,0.0,0.0,0.0,0.0,0.0,0.0,0.0,0.0,0.0,0.0,0.0,0.0,0.0,0.0,0.0,0.0,0.0,0.0,0.0,0.0,0.0,0.0,0.0,0.0,0.0,0.0,0.0,0.0,0.0,0.0,0.0,0.0,0.0,drink
0.33241987228393555,0.5125337243080139,2.7019095227842627e-07,0.38836079835891724,0.5131056904792786,-0.0020709389355033636,0.4320632815361023,0.49013954401016235,-0.0010481131030246615,0.4680427312850952,0.4685734212398529,-0.005175372119992971,0.501762866973877,0.4434908926486969,-0.008814393542706966,0.42184361815452576,0.4028235077857971,0.03792758658528328,0.4512536823749542,0.36780476570129395,0.03105216845870018,0.4773470461368561,0.36646080017089844,0.018071385100483894,0.49403661489486694,0.37438860535621643,0.009841572493314743,0.41467687487602234,0.3833043873310089,0.030186763033270836,0.4514427185058594,0.3395579755306244,0.021691007539629936,0.48070770502090454,0.343632310628891,0.005055521614849567,0.4981250762939453,0.3654162883758545,-0.005047019105404615,0.40241238474845886,0.36498862504959106,0.018218645825982094,0.4373527467250824,0.32020360231399536,0.010999097488820553,0.46830064058303833,0.3258340358734131,0.0003633769229054451,0.4888594448566437,0.34720247983932495,-0.005307062063366175,0.38659510016441345,0.35095471143722534,0.004589254967868328,0.4124075174331665,0.3049068748950958,-0.0005938700051046908,0.4415225386619568,0.301893949508667,-0.00410110130906105,0.4663635492324829,0.31847935914993286,-0.005427489522844553,0.0,0.0,0.0,0.0,0.0,0.0,0.0,0.0,0.0,0.0,0.0,0.0,0.0,0.0,0.0,0.0,0.0,0.0,0.0,0.0,0.0,0.0,0.0,0.0,0.0,0.0,0.0,0.0,0.0,0.0,0.0,0.0,0.0,0.0,0.0,0.0,0.0,0.0,0.0,0.0,0.0,0.0,0.0,0.0,0.0,0.0,0.0,0.0,0.0,0.0,0.0,0.0,0.0,0.0,0.0,0.0,0.0,0.0,0.0,0.0,0.0,0.0,0.0,drink
0.3306189477443695,0.49288317561149597,3.2970532970466593e-07,0.38460078835487366,0.4997289776802063,-0.0017881450476124883,0.4303028881549835,0.47792014479637146,0.0014993082731962204,0.46626168489456177,0.4547904431819916,-0.0003753950586542487,0.4999169707298279,0.42924386262893677,-0.0017743043135851622,0.4198184013366699,0.38920387625694275,0.045531149953603745,0.4503309428691864,0.36010992527008057,0.04230737313628197,0.4770301282405853,0.3595712184906006,0.030721595510840416,0.49526146054267883,0.36639025807380676,0.02281562238931656,0.4121606647968292,0.3683691620826721,0.03845110908150673,0.44740810990333557,0.33111268281936646,0.033771149814128876,0.477011501789093,0.3341628313064575,0.017866967245936394,0.4970189929008484,0.3539287745952606,0.007551748771220446,0.3999740481376648,0.3488980233669281,0.026736939325928688,0.4343307912349701,0.30779051780700684,0.02129247970879078,0.46551740169525146,0.3135947585105896,0.011022880673408508,0.48737478256225586,0.3344869613647461,0.005264018662273884,0.38466528058052063,0.33336710929870605,0.013268603011965752,0.4129118025302887,0.2920026481151581,0.008540239185094833,0.44091200828552246,0.2912532687187195,0.005360330920666456,0.4646297097206116,0.30821406841278076,0.0042441487312316895,0.0,0.0,0.0,0.0,0.0,0.0,0.0,0.0,0.0,0.0,0.0,0.0,0.0,0.0,0.0,0.0,0.0,0.0,0.0,0.0,0.0,0.0,0.0,0.0,0.0,0.0,0.0,0.0,0.0,0.0,0.0,0.0,0.0,0.0,0.0,0.0,0.0,0.0,0.0,0.0,0.0,0.0,0.0,0.0,0.0,0.0,0.0,0.0,0.0,0.0,0.0,0.0,0.0,0.0,0.0,0.0,0.0,0.0,0.0,0.0,0.0,0.0,0.0,drink
0.3315197825431824,0.4911983609199524,3.328764250909444e-07,0.3851206600666046,0.498284250497818,-0.0035996793303638697,0.4290921688079834,0.47837159037590027,-0.001926614553667605,0.4659488797187805,0.4590511620044708,-0.004915011115372181,0.4988122880458832,0.4321647882461548,-0.007310704328119755,0.41919729113578796,0.3865046799182892,0.04002942144870758,0.44984349608421326,0.3558960258960724,0.034709732979536057,0.47685593366622925,0.35541266202926636,0.021954046562314034,0.49522244930267334,0.3633367121219635,0.013534175232052803,0.4117523431777954,0.3661111891269684,0.033605773001909256,0.4484088718891144,0.3290950059890747,0.026461517438292503,0.47783946990966797,0.33357274532318115,0.00888726208359003,0.4966655373573303,0.35558032989501953,-0.0021902788430452347,0.39974889159202576,0.34742626547813416,0.022759949788451195,0.4353151023387909,0.307514488697052,0.01681678555905819,0.4657004475593567,0.3142516314983368,0.005320676602423191,0.4860396683216095,0.3366130292415619,-0.0012984275817871094,0.38440486788749695,0.33301451802253723,0.010060472413897514,0.4115578830242157,0.2915387749671936,0.005458506755530834,0.43969428539276123,0.28912562131881714,0.0013309359783306718,0.46385037899017334,0.3048977851867676,-0.0006259181536734104,0.0,0.0,0.0,0.0,0.0,0.0,0.0,0.0,0.0,0.0,0.0,0.0,0.0,0.0,0.0,0.0,0.0,0.0,0.0,0.0,0.0,0.0,0.0,0.0,0.0,0.0,0.0,0.0,0.0,0.0,0.0,0.0,0.0,0.0,0.0,0.0,0.0,0.0,0.0,0.0,0.0,0.0,0.0,0.0,0.0,0.0,0.0,0.0,0.0,0.0,0.0,0.0,0.0,0.0,0.0,0.0,0.0,0.0,0.0,0.0,0.0,0.0,0.0,drink
0.33138081431388855,0.4900059998035431,3.519214146763261e-07,0.38593149185180664,0.4974345564842224,-0.0017415740294381976,0.42993032932281494,0.4785357117652893,0.0015707749407738447,0.46601706743240356,0.45898592472076416,-0.00017320885672234,0.49937745928764343,0.4326818585395813,-0.0012822197750210762,0.420016348361969,0.39032241702079773,0.04705638438463211,0.449301153421402,0.3636837303638458,0.04530144855380058,0.4758091866970062,0.3622759282588959,0.034261349588632584,0.49542558193206787,0.36636170744895935,0.026534751057624817,0.41238030791282654,0.3677700161933899,0.04041682928800583,0.44624847173690796,0.3359575867652893,0.038382019847631454,0.4752084016799927,0.3363855481147766,0.02313985861837864,0.4968158006668091,0.35241684317588806,0.012608080171048641,0.4001413881778717,0.3469080924987793,0.029090771451592445,0.43444162607192993,0.3111308813095093,0.026735953986644745,0.4634976387023926,0.31473061442375183,0.017240269109606743,0.4847603440284729,0.33254504203796387,0.011218911036849022,0.3848040699958801,0.33035802841186523,0.015817638486623764,0.4121454954147339,0.2903527319431305,0.013837371952831745,0.43921902775764465,0.28735703229904175,0.01167123019695282,0.46308186650276184,0.30170851945877075,0.01077356282621622,0.0,0.0,0.0,0.0,0.0,0.0,0.0,0.0,0.0,0.0,0.0,0.0,0.0,0.0,0.0,0.0,0.0,0.0,0.0,0.0,0.0,0.0,0.0,0.0,0.0,0.0,0.0,0.0,0.0,0.0,0.0,0.0,0.0,0.0,0.0,0.0,0.0,0.0,0.0,0.0,0.0,0.0,0.0,0.0,0.0,0.0,0.0,0.0,0.0,0.0,0.0,0.0,0.0,0.0,0.0,0.0,0.0,0.0,0.0,0.0,0.0,0.0,0.0,drink
0.3338135778903961,0.4953690469264984,3.5307314760757436e-07,0.38740238547325134,0.5017919540405273,-0.004487057216465473,0.43171313405036926,0.4826729893684387,-0.003190916031599045,0.46815478801727295,0.46395143866539,-0.0063373795710504055,0.4983493387699127,0.4356113076210022,-0.008966657333076,0.42192342877388,0.3914812505245209,0.037621479481458664,0.45285993814468384,0.36154428124427795,0.031619906425476074,0.480164498090744,0.3602256178855896,0.01869785040616989,0.499222993850708,0.36688145995140076,0.010256793349981308,0.41389966011047363,0.3710188865661621,0.031396448612213135,0.4484664797782898,0.33437448740005493,0.024039767682552338,0.4781848192214966,0.33620843291282654,0.006923818960785866,0.4983261823654175,0.3558998703956604,-0.003991353791207075,0.4008727967739105,0.35191482305526733,0.020698389038443565,0.43439069390296936,0.31157276034355164,0.013962126336991787,0.46528124809265137,0.3155910074710846,0.002317186677828431,0.4872858226299286,0.3364073634147644,-0.004324212670326233,0.3844465911388397,0.3367958068847656,0.008109117858111858,0.4108094274997711,0.2949979305267334,0.002584299072623253,0.4391186535358429,0.2908562123775482,-0.001832402078434825,0.46376022696495056,0.3057989478111267,-0.0038740523159503937,0.0,0.0,0.0,0.0,0.0,0.0,0.0,0.0,0.0,0.0,0.0,0.0,0.0,0.0,0.0,0.0,0.0,0.0,0.0,0.0,0.0,0.0,0.0,0.0,0.0,0.0,0.0,0.0,0.0,0.0,0.0,0.0,0.0,0.0,0.0,0.0,0.0,0.0,0.0,0.0,0.0,0.0,0.0,0.0,0.0,0.0,0.0,0.0,0.0,0.0,0.0,0.0,0.0,0.0,0.0,0.0,0.0,0.0,0.0,0.0,0.0,0.0,0.0,drink
0.3390158414840698,0.528987467288971,3.7015382758909254e-07,0.39385902881622314,0.5323762893676758,0.00118253193795681,0.4370450973510742,0.5033143162727356,0.005249575711786747,0.47150108218193054,0.47817856073379517,0.0035051004961133003,0.5047597289085388,0.4541490972042084,0.002398683922365308,0.41400575637817383,0.40894293785095215,0.04573897272348404,0.4426480829715729,0.37136998772621155,0.042601633816957474,0.4757004380226135,0.36498966813087463,0.03210807591676712,0.4989970326423645,0.3695347011089325,0.025042615830898285,0.40611720085144043,0.39115872979164124,0.03652144968509674,0.43873095512390137,0.34308406710624695,0.0320148803293705,0.4755549430847168,0.3421793282032013,0.01705256476998329,0.5015897750854492,0.35957449674606323,0.0073858643881976604,0.3955601155757904,0.3751647472381592,0.023013176396489143,0.42780253291130066,0.322722464799881,0.01783827506005764,0.4665389060974121,0.32527536153793335,0.006747715640813112,0.4948905110359192,0.3455166816711426,0.0003675216867122799,0.38476723432540894,0.36302217841148376,0.008037776686251163,0.4141896665096283,0.3153468370437622,0.003652829909697175,0.4473361670970917,0.3121616244316101,-0.0006058858125470579,0.47542840242385864,0.3275495171546936,-0.002720585325732827,0.0,0.0,0.0,0.0,0.0,0.0,0.0,0.0,0.0,0.0,0.0,0.0,0.0,0.0,0.0,0.0,0.0,0.0,0.0,0.0,0.0,0.0,0.0,0.0,0.0,0.0,0.0,0.0,0.0,0.0,0.0,0.0,0.0,0.0,0.0,0.0,0.0,0.0,0.0,0.0,0.0,0.0,0.0,0.0,0.0,0.0,0.0,0.0,0.0,0.0,0.0,0.0,0.0,0.0,0.0,0.0,0.0,0.0,0.0,0.0,0.0,0.0,0.0,drink
0.3373089134693146,0.5307649374008179,3.5340360682312166e-07,0.39455679059028625,0.5310868620872498,0.010550979524850845,0.43669968843460083,0.5064759850502014,0.016625508666038513,0.47197574377059937,0.483933687210083,0.01396612823009491,0.5044083595275879,0.45845934748649597,0.011320334859192371,0.41276678442955017,0.4104582965373993,0.06202572211623192,0.441928505897522,0.3741726279258728,0.06341101229190826,0.4732467830181122,0.37095052003860474,0.05387626588344574,0.49398350715637207,0.3796558678150177,0.046901002526283264,0.4056905508041382,0.3927798569202423,0.04756869375705719,0.43911609053611755,0.3443722724914551,0.04809626564383507,0.4747069180011749,0.34315747022628784,0.03322829306125641,0.4989147484302521,0.36140114068984985,0.022830011323094368,0.39594846963882446,0.3757345676422119,0.029013898223638535,0.42773252725601196,0.321512371301651,0.028811533004045486,0.466218501329422,0.32506754994392395,0.01901283860206604,0.4932135343551636,0.34609711170196533,0.012365351431071758,0.38579079508781433,0.36366692185401917,0.009366667829453945,0.4151597321033478,0.3161672353744507,0.009292838163673878,0.4476521611213684,0.3151535987854004,0.00791788101196289,0.4745051860809326,0.33197563886642456,0.007072236388921738,0.0,0.0,0.0,0.0,0.0,0.0,0.0,0.0,0.0,0.0,0.0,0.0,0.0,0.0,0.0,0.0,0.0,0.0,0.0,0.0,0.0,0.0,0.0,0.0,0.0,0.0,0.0,0.0,0.0,0.0,0.0,0.0,0.0,0.0,0.0,0.0,0.0,0.0,0.0,0.0,0.0,0.0,0.0,0.0,0.0,0.0,0.0,0.0,0.0,0.0,0.0,0.0,0.0,0.0,0.0,0.0,0.0,0.0,0.0,0.0,0.0,0.0,0.0,drink
0.3459068834781647,0.5987457036972046,3.883323245190695e-07,0.40750932693481445,0.5806909203529358,0.03105423040688038,0.4425794184207916,0.5407418608665466,0.04400734603404999,0.4760112166404724,0.5179799199104309,0.044005364179611206,0.5129351615905762,0.49560829997062683,0.042892057448625565,0.39905139803886414,0.4375968873500824,0.08056614547967911,0.4339512884616852,0.3888413906097412,0.08913080394268036,0.4737372398376465,0.3802908658981323,0.08393894135951996,0.5024198293685913,0.38358548283576965,0.07869310677051544,0.39163944125175476,0.42386960983276367,0.054954200983047485,0.43100041151046753,0.3567344844341278,0.060078151524066925,0.47675052285194397,0.35178840160369873,0.04805542528629303,0.5076025724411011,0.37224772572517395,0.039414770901203156,0.38462236523628235,0.41661036014556885,0.026784326881170273,0.4233521521091461,0.34456637501716614,0.031054556369781494,0.4708527624607086,0.3460152745246887,0.02302945964038372,0.5031009316444397,0.3675081431865692,0.016681134700775146,0.3824916481971741,0.420316606760025,-0.0008546062163077295,0.4219333827495575,0.35541054606437683,0.00254877214320004,0.46055614948272705,0.35235151648521423,0.0030499568674713373,0.48965373635292053,0.36837345361709595,0.0027312154415994883,0.0,0.0,0.0,0.0,0.0,0.0,0.0,0.0,0.0,0.0,0.0,0.0,0.0,0.0,0.0,0.0,0.0,0.0,0.0,0.0,0.0,0.0,0.0,0.0,0.0,0.0,0.0,0.0,0.0,0.0,0.0,0.0,0.0,0.0,0.0,0.0,0.0,0.0,0.0,0.0,0.0,0.0,0.0,0.0,0.0,0.0,0.0,0.0,0.0,0.0,0.0,0.0,0.0,0.0,0.0,0.0,0.0,0.0,0.0,0.0,0.0,0.0,0.0,drink
0.34603995084762573,0.6491587162017822,2.037709094793172e-07,0.40888285636901855,0.6280984878540039,0.01275716908276081,0.44377410411834717,0.5801896452903748,0.010041505098342896,0.47592300176620483,0.5554289817810059,-0.000523745606187731,0.5114058256149292,0.5391572713851929,-0.010471435263752937,0.39061546325683594,0.4591115713119507,0.014424560591578484,0.43862414360046387,0.39208048582077026,-0.005819522310048342,0.4880569279193878,0.4031163156032562,-0.02283453196287155,0.520014226436615,0.43085822463035583,-0.0317763090133667,0.3820192813873291,0.4576461911201477,-0.004109612200409174,0.44136878848075867,0.3830205798149109,-0.024107836186885834,0.49578189849853516,0.400754451751709,-0.03697013482451439,0.5267149806022644,0.4348142445087433,-0.04222944751381874,0.38560009002685547,0.46967196464538574,-0.02380012348294258,0.441338449716568,0.39583778381347656,-0.03841884806752205,0.49428829550743103,0.4072023034095764,-0.04184820130467415,0.524631917476654,0.43461519479751587,-0.04089725390076637,0.4006887376308441,0.4953135550022125,-0.0435272753238678,0.44746169447898865,0.43445858359336853,-0.052632465958595276,0.48725175857543945,0.42817461490631104,-0.051767367869615555,0.5141071081161499,0.43893012404441833,-0.04873773455619812,0.0,0.0,0.0,0.0,0.0,0.0,0.0,0.0,0.0,0.0,0.0,0.0,0.0,0.0,0.0,0.0,0.0,0.0,0.0,0.0,0.0,0.0,0.0,0.0,0.0,0.0,0.0,0.0,0.0,0.0,0.0,0.0,0.0,0.0,0.0,0.0,0.0,0.0,0.0,0.0,0.0,0.0,0.0,0.0,0.0,0.0,0.0,0.0,0.0,0.0,0.0,0.0,0.0,0.0,0.0,0.0,0.0,0.0,0.0,0.0,0.0,0.0,0.0,drink
0.33655259013175964,0.6746348142623901,1.5578669376736798e-07,0.4049026668071747,0.6452195048332214,0.014269526116549969,0.4423261880874634,0.5958972573280334,0.011214600875973701,0.47506028413772583,0.5739095211029053,4.998205986339599e-05,0.5095569491386414,0.5613894462585449,-0.010954832658171654,0.393655925989151,0.48082563281059265,0.011279283091425896,0.4466765224933624,0.42026591300964355,-0.008071916177868843,0.49351125955581665,0.4285983741283417,-0.02505793608725071,0.5225309133529663,0.4487406611442566,-0.035635557025671005,0.3890048861503601,0.4861193597316742,-0.009067380800843239,0.45313599705696106,0.42006754875183105,-0.026857323944568634,0.5013522505760193,0.43296563625335693,-0.03899820148944855,0.5281357169151306,0.45822522044181824,-0.04571865499019623,0.3951389193534851,0.5077919960021973,-0.030102550983428955,0.45734766125679016,0.44548285007476807,-0.04500657692551613,0.5032033324241638,0.456714928150177,-0.047473274171352386,0.5284162163734436,0.47730258107185364,-0.047252949327230453,0.41209346055984497,0.5429473519325256,-0.05082506313920021,0.4638330936431885,0.5009600520133972,-0.05920080095529556,0.49766334891319275,0.4924272894859314,-0.05721701309084892,0.5194865465164185,0.49272820353507996,-0.05487436056137085,0.0,0.0,0.0,0.0,0.0,0.0,0.0,0.0,0.0,0.0,0.0,0.0,0.0,0.0,0.0,0.0,0.0,0.0,0.0,0.0,0.0,0.0,0.0,0.0,0.0,0.0,0.0,0.0,0.0,0.0,0.0,0.0,0.0,0.0,0.0,0.0,0.0,0.0,0.0,0.0,0.0,0.0,0.0,0.0,0.0,0.0,0.0,0.0,0.0,0.0,0.0,0.0,0.0,0.0,0.0,0.0,0.0,0.0,0.0,0.0,0.0,0.0,0.0,drink
0.36010587215423584,0.6345611214637756,5.133083504915703e-07,0.3777933120727539,0.6011940836906433,-0.0061914268881082535,0.41462552547454834,0.5562427043914795,-0.017405200749635696,0.46211493015289307,0.5419080257415771,-0.030196871608495712,0.5028069019317627,0.5334177017211914,-0.04236230626702309,0.38730424642562866,0.4754866361618042,-0.016915228217840195,0.43690916895866394,0.42769843339920044,-0.04071405529975891,0.4811249375343323,0.4145853519439697,-0.058276351541280746,0.5170160531997681,0.415377676486969,-0.06857435405254364,0.39085614681243896,0.48786139488220215,-0.02638128399848938,0.44503116607666016,0.4361521005630493,-0.04762778803706169,0.4902913272380829,0.4231015741825104,-0.061245840042829514,0.5283322930335999,0.4266061782836914,-0.06913413852453232,0.40295279026031494,0.5157952308654785,-0.03690731152892113,0.4568193256855011,0.46754568815231323,-0.0548405759036541,0.4991004467010498,0.45467036962509155,-0.061091113835573196,0.5335178971290588,0.45550400018692017,-0.06342265754938126,0.4212436079978943,0.5556928515434265,-0.04822350665926933,0.463321715593338,0.5173371434211731,-0.06075073033571243,0.49222472310066223,0.4980223774909973,-0.06246214359998703,0.5180689096450806,0.4876212477684021,-0.061969511210918427,0.3373594284057617,0.6755185723304749,2.320386585097367e-07,0.4030422270298004,0.6447904706001282,0.014668402262032032,0.44149476289749146,0.5944793224334717,0.011289484798908234,0.47495710849761963,0.5721068978309631,-0.0001861258497228846,0.5100926160812378,0.5587064027786255,-0.010384976863861084,0.39215677976608276,0.4820028841495514,0.012862566858530045,0.44779375195503235,0.42088624835014343,-0.007434086408466101,0.49365612864494324,0.43699267506599426,-0.02515527419745922,0.5199518203735352,0.4653867185115814,-0.03547127917408943,0.38806113600730896,0.48611295223236084,-0.00752680841833353,0.45487329363822937,0.4212456941604614,-0.02407793328166008,0.5021819472312927,0.4375118613243103,-0.0357590988278389,0.5274722576141357,0.46467018127441406,-0.042700134217739105,0.3943083584308624,0.505814790725708,-0.02880728617310524,0.4590572118759155,0.44331228733062744,-0.040978509932756424,0.5053431987762451,0.45592260360717773,-0.042064204812049866,0.5307561755180359,0.47874191403388977,-0.0418693982064724,0.4120912551879883,0.5400798916816711,-0.0500805601477623,0.4668385684490204,0.4992638826370239,-0.05570986494421959,0.5025910139083862,0.4947640895843506,-0.05191938206553459,0.5248374342918396,0.5001262426376343,-0.04867769777774811,drink
0.3357449769973755,0.712733268737793,2.3102506929717492e-07,0.3735930025577545,0.6593039035797119,0.01747213304042816,0.4181008040904999,0.6072131395339966,0.012852340936660767,0.468165785074234,0.589504599571228,0.0012809691252186894,0.5082830190658569,0.5835639238357544,-0.010305742733180523,0.3890095353126526,0.5187931656837463,-0.002664506435394287,0.458293616771698,0.4599422216415405,-0.019672419875860214,0.5029438734054565,0.47442948818206787,-0.030162954702973366,0.5298607349395752,0.50141441822052,-0.03506883978843689,0.3945028483867645,0.530964195728302,-0.02314124070107937,0.47344067692756653,0.4596492648124695,-0.03641575574874878,0.5193737149238586,0.47752344608306885,-0.041664693504571915,0.5419377088546753,0.506679892539978,-0.043396126478910446,0.4078822135925293,0.5625810027122498,-0.04224125295877457,0.4808899760246277,0.49587565660476685,-0.05108574405312538,0.526271402835846,0.5102481245994568,-0.04804055020213127,0.5482182502746582,0.5343202352523804,-0.044807206839323044,0.4283457398414612,0.6065536141395569,-0.06029196456074715,0.4857996106147766,0.5561557412147522,-0.061848510056734085,0.5167654752731323,0.5534241795539856,-0.05397729575634003,0.5347852110862732,0.5603523254394531,-0.0476188026368618,0.0,0.0,0.0,0.0,0.0,0.0,0.0,0.0,0.0,0.0,0.0,0.0,0.0,0.0,0.0,0.0,0.0,0.0,0.0,0.0,0.0,0.0,0.0,0.0,0.0,0.0,0.0,0.0,0.0,0.0,0.0,0.0,0.0,0.0,0.0,0.0,0.0,0.0,0.0,0.0,0.0,0.0,0.0,0.0,0.0,0.0,0.0,0.0,0.0,0.0,0.0,0.0,0.0,0.0,0.0,0.0,0.0,0.0,0.0,0.0,0.0,0.0,0.0,drink
0.3691021502017975,0.6827707886695862,3.699570925164153e-07,0.39907389879226685,0.6559711694717407,0.011576267890632153,0.4365116357803345,0.6147364377975464,0.005082655698060989,0.48246291279792786,0.5984506011009216,-0.007044647354632616,0.5192394256591797,0.5861793756484985,-0.019109252840280533,0.3909170925617218,0.5264041423797607,-0.01133732683956623,0.45839664340019226,0.4676573872566223,-0.030991286039352417,0.5030587911605835,0.47722578048706055,-0.040400974452495575,0.5310300588607788,0.49991321563720703,-0.04376307502388954,0.39515745639801025,0.5361088514328003,-0.029587814584374428,0.46893131732940674,0.4621577560901642,-0.05266055837273598,0.5162633061408997,0.4800393581390381,-0.05978895351290703,0.5412524938583374,0.5116708874702454,-0.05933713540434837,0.4079355299472809,0.5611100196838379,-0.04676433280110359,0.4726824164390564,0.49076810479164124,-0.06375939399003983,0.5193071961402893,0.5035262703895569,-0.06218859180808067,0.5443575382232666,0.5273706912994385,-0.05688529834151268,0.4283088743686676,0.599543035030365,-0.06312622129917145,0.481084406375885,0.5464644432067871,-0.07296723127365112,0.5151753425598145,0.5420958995819092,-0.06911811977624893,0.5357985496520996,0.5491359233856201,-0.06363319605588913,0.33795085549354553,0.72468501329422,2.3366725088180829e-07,0.4036726653575897,0.6930863857269287,0.019508928060531616,0.44470059871673584,0.6399909257888794,0.01768237166106701,0.4850383698940277,0.6146876215934753,0.007154521532356739,0.5195730924606323,0.593877375125885,-0.0028840911109000444,0.38966113328933716,0.5237278938293457,0.005249073728919029,0.46137669682502747,0.4616864323616028,-0.012032688595354557,0.5090224742889404,0.4770961403846741,-0.02386414259672165,0.5365504026412964,0.5045620203018188,-0.030217591673135757,0.3889804482460022,0.5271153450012207,-0.017705531790852547,0.47312143445014954,0.457230806350708,-0.03244423493742943,0.522926390171051,0.4843934178352356,-0.03992987796664238,0.5461021661758423,0.5190789103507996,-0.04321663826704025,0.39979591965675354,0.5522670149803162,-0.03984325751662254,0.47562190890312195,0.48202836513519287,-0.05048876255750656,0.524458646774292,0.5073504447937012,-0.04789965599775314,0.5472038984298706,0.5394635200500488,-0.04484502971172333,0.42021870613098145,0.5930270552635193,-0.06123454123735428,0.4782107174396515,0.5394042134284973,-0.06672772020101547,0.515437126159668,0.5372089743614197,-0.06154727563261986,0.5375054478645325,0.5460739731788635,-0.05682232603430748,drink
0.34360674023628235,0.7228569984436035,2.223060704409363e-07,0.41696399450302124,0.6858584880828857,0.02115844190120697,0.4578865170478821,0.629541277885437,0.02206329256296158,0.49527499079704285,0.6024510860443115,0.012993499636650085,0.5317554473876953,0.5859033465385437,0.0045548779889941216,0.3898271322250366,0.5141450762748718,0.021087581291794777,0.44916367530822754,0.4492093324661255,0.002067896770313382,0.49968671798706055,0.4636368155479431,-0.015081162564456463,0.5316888689994812,0.4937632083892822,-0.024706661701202393,0.3815869390964508,0.5141223669052124,-0.003098889486864209,0.4601397216320038,0.4395931363105774,-0.021105164662003517,0.5136373043060303,0.465911328792572,-0.03434283286333084,0.537656307220459,0.5048359036445618,-0.04040411114692688,0.3878491222858429,0.5298659205436707,-0.027441944926977158,0.4552294909954071,0.4509040415287018,-0.04007021710276604,0.5071158409118652,0.47367361187934875,-0.0409553088247776,0.530635416507721,0.5103397369384766,-0.038782306015491486,0.4062323272228241,0.5572910308837891,-0.05142617225646973,0.458754301071167,0.4937551021575928,-0.0587175115942955,0.49890294671058655,0.49687477946281433,-0.054726891219615936,0.5228809714317322,0.516064465045929,-0.04963036626577377,0.0,0.0,0.0,0.0,0.0,0.0,0.0,0.0,0.0,0.0,0.0,0.0,0.0,0.0,0.0,0.0,0.0,0.0,0.0,0.0,0.0,0.0,0.0,0.0,0.0,0.0,0.0,0.0,0.0,0.0,0.0,0.0,0.0,0.0,0.0,0.0,0.0,0.0,0.0,0.0,0.0,0.0,0.0,0.0,0.0,0.0,0.0,0.0,0.0,0.0,0.0,0.0,0.0,0.0,0.0,0.0,0.0,0.0,0.0,0.0,0.0,0.0,0.0,drink
0.34629061818122864,0.7188827991485596,5.18077669653394e-08,0.41746729612350464,0.6789295673370361,0.025455577298998833,0.45821046829223633,0.6204713582992554,0.028735898435115814,0.4951882064342499,0.5939943194389343,0.02065923996269703,0.532663106918335,0.5724441409111023,0.012537926435470581,0.39547720551490784,0.5066751837730408,0.0329330638051033,0.44644713401794434,0.44110193848609924,0.019285796210169792,0.49243229627609253,0.46027445793151855,0.0037937937304377556,0.5175190567970276,0.4913730323314667,-0.005394503008574247,0.38469499349594116,0.5033973455429077,0.007262154016643763,0.4506971538066864,0.4301455318927765,-0.003081113798543811,0.5003682374954224,0.4577309489250183,-0.015088731423020363,0.5191569328308105,0.4950365722179413,-0.022429244592785835,0.38443541526794434,0.5140417814254761,-0.018770063295960426,0.446720153093338,0.43769487738609314,-0.02613883465528488,0.49574968218803406,0.4603453576564789,-0.02732427790760994,0.5149808526039124,0.4965854585170746,-0.027116073295474052,0.39594945311546326,0.5361421704292297,-0.04415848106145859,0.44857245683670044,0.4726538062095642,-0.04869161546230316,0.4886105954647064,0.47879305481910706,-0.04448813199996948,0.5086060762405396,0.5003902316093445,-0.040327999740839005,0.0,0.0,0.0,0.0,0.0,0.0,0.0,0.0,0.0,0.0,0.0,0.0,0.0,0.0,0.0,0.0,0.0,0.0,0.0,0.0,0.0,0.0,0.0,0.0,0.0,0.0,0.0,0.0,0.0,0.0,0.0,0.0,0.0,0.0,0.0,0.0,0.0,0.0,0.0,0.0,0.0,0.0,0.0,0.0,0.0,0.0,0.0,0.0,0.0,0.0,0.0,0.0,0.0,0.0,0.0,0.0,0.0,0.0,0.0,0.0,0.0,0.0,0.0,drink
0.3470025658607483,0.7196100950241089,3.921658997541044e-09,0.4165828227996826,0.6782407164573669,0.02823636122047901,0.45795440673828125,0.6201303601264954,0.032221488654613495,0.4941890835762024,0.5930810570716858,0.024391168728470802,0.5317696928977966,0.5730397701263428,0.016310028731822968,0.39773765206336975,0.5067178010940552,0.03538433834910393,0.4462735652923584,0.4417186975479126,0.021834496408700943,0.49175527691841125,0.4596784710884094,0.006352684460580349,0.5165425539016724,0.491912305355072,-0.002639954211190343,0.38618823885917664,0.5030629634857178,0.008183584548532963,0.45193105936050415,0.4326162338256836,-0.003337806323543191,0.5002930760383606,0.46159645915031433,-0.015746179968118668,0.5175356268882751,0.5017781257629395,-0.022671930491924286,0.3851638734340668,0.513350248336792,-0.01915893889963627,0.44686904549598694,0.44062912464141846,-0.027064248919487,0.4946461021900177,0.4648793637752533,-0.028206057846546173,0.5135385394096375,0.5017940402030945,-0.02755093201994896,0.3953855037689209,0.5345139503479004,-0.045600149780511856,0.44637608528137207,0.47266077995300293,-0.05020851269364357,0.48538610339164734,0.478663831949234,-0.045835673809051514,0.5054516792297363,0.49947524070739746,-0.041309699416160583,0.0,0.0,0.0,0.0,0.0,0.0,0.0,0.0,0.0,0.0,0.0,0.0,0.0,0.0,0.0,0.0,0.0,0.0,0.0,0.0,0.0,0.0,0.0,0.0,0.0,0.0,0.0,0.0,0.0,0.0,0.0,0.0,0.0,0.0,0.0,0.0,0.0,0.0,0.0,0.0,0.0,0.0,0.0,0.0,0.0,0.0,0.0,0.0,0.0,0.0,0.0,0.0,0.0,0.0,0.0,0.0,0.0,0.0,0.0,0.0,0.0,0.0,0.0,drink
0.35240113735198975,0.6881553530693054,1.0578917652992459e-07,0.41615888476371765,0.6503736972808838,0.02193085476756096,0.4575759172439575,0.6039087772369385,0.02577364444732666,0.4944993853569031,0.5726197957992554,0.017626341432332993,0.5284073352813721,0.5425118803977966,0.009273247793316841,0.4138006269931793,0.4990403354167938,0.053643979132175446,0.447368323802948,0.44006168842315674,0.045815203338861465,0.4848714768886566,0.45219483971595764,0.03084435686469078,0.5064079761505127,0.47746899724006653,0.02099931240081787,0.40224456787109375,0.4882158041000366,0.029950397089123726,0.4389115571975708,0.4131428003311157,0.020309943705797195,0.48304399847984314,0.4281890094280243,0.003351405030116439,0.5050764083862305,0.46477124094963074,-0.007007910404354334,0.392971396446228,0.48420435190200806,0.0037917750887572765,0.4297347962856293,0.40455687046051025,-0.00549415685236454,0.47684934735298157,0.4221031963825226,-0.013346053659915924,0.5018528699874878,0.45715853571891785,-0.01700613647699356,0.39159730076789856,0.48803800344467163,-0.021997306495904922,0.4292706847190857,0.42325201630592346,-0.027835072949528694,0.46783751249313354,0.4288365840911865,-0.026851102709770203,0.4923924207687378,0.4523635804653168,-0.025050703436136246,0.0,0.0,0.0,0.0,0.0,0.0,0.0,0.0,0.0,0.0,0.0,0.0,0.0,0.0,0.0,0.0,0.0,0.0,0.0,0.0,0.0,0.0,0.0,0.0,0.0,0.0,0.0,0.0,0.0,0.0,0.0,0.0,0.0,0.0,0.0,0.0,0.0,0.0,0.0,0.0,0.0,0.0,0.0,0.0,0.0,0.0,0.0,0.0,0.0,0.0,0.0,0.0,0.0,0.0,0.0,0.0,0.0,0.0,0.0,0.0,0.0,0.0,0.0,drink
0.35404837131500244,0.664588212966919,9.048408600165203e-08,0.4152112603187561,0.6319996118545532,0.01936548762023449,0.45534974336624146,0.589349091053009,0.024851182475686073,0.49138686060905457,0.5549190640449524,0.0193218644708395,0.5232744812965393,0.5205824971199036,0.013341291807591915,0.4199788570404053,0.4949782192707062,0.05798249691724777,0.45059362053871155,0.4444851875305176,0.05223778262734413,0.48286765813827515,0.45378679037094116,0.03814723715186119,0.5005316138267517,0.4738304316997528,0.029344219714403152,0.40911298990249634,0.4807203710079193,0.03706790506839752,0.4393037259578705,0.4080207347869873,0.029622046276926994,0.47788846492767334,0.41891518235206604,0.013097439892590046,0.4971858561038971,0.4513552188873291,0.0033767991699278355,0.39693039655685425,0.47207745909690857,0.01304386742413044,0.4257902204990387,0.3943571448326111,0.005530590657144785,0.4674137830734253,0.40701985359191895,-0.0032984819263219833,0.49045389890670776,0.43845757842063904,-0.007313047535717487,0.38920262455940247,0.4701682925224304,-0.010877790860831738,0.41939911246299744,0.40216976404190063,-0.015435327775776386,0.45440253615379333,0.40242236852645874,-0.01528424583375454,0.47861215472221375,0.42128777503967285,-0.014058570377528667,0.0,0.0,0.0,0.0,0.0,0.0,0.0,0.0,0.0,0.0,0.0,0.0,0.0,0.0,0.0,0.0,0.0,0.0,0.0,0.0,0.0,0.0,0.0,0.0,0.0,0.0,0.0,0.0,0.0,0.0,0.0,0.0,0.0,0.0,0.0,0.0,0.0,0.0,0.0,0.0,0.0,0.0,0.0,0.0,0.0,0.0,0.0,0.0,0.0,0.0,0.0,0.0,0.0,0.0,0.0,0.0,0.0,0.0,0.0,0.0,0.0,0.0,0.0,drink
0.34936317801475525,0.6164161562919617,1.7963847653845733e-07,0.4119976758956909,0.5918141007423401,0.013266242109239101,0.45368772745132446,0.5570423603057861,0.01916254125535488,0.48780104517936707,0.5289722084999084,0.015632901340723038,0.5169447064399719,0.49642881751060486,0.011548823677003384,0.4265511631965637,0.46935632824897766,0.05621859431266785,0.4567616879940033,0.4356210231781006,0.05468524992465973,0.4851255714893341,0.43859320878982544,0.04381221532821655,0.5009179711341858,0.4489000737667084,0.03626358136534691,0.41727519035339355,0.45227885246276855,0.03930428624153137,0.4477781057357788,0.39001601934432983,0.03523238003253937,0.48114895820617676,0.3919796347618103,0.019649000838398933,0.49945423007011414,0.4162743389606476,0.009982636198401451,0.40361320972442627,0.43911081552505493,0.01894274912774563,0.4316108822822571,0.3683113753795624,0.012912986800074577,0.46831637620925903,0.37504464387893677,0.0030880351550877094,0.4904056787490845,0.40126946568489075,-0.0016485624946653843,0.39059942960739136,0.43248385190963745,-0.0017552011413499713,0.416556179523468,0.3679988980293274,-0.006502493750303984,0.4497815668582916,0.3665867745876312,-0.007342753000557423,0.4752245843410492,0.3870701789855957,-0.00653111794963479,0.0,0.0,0.0,0.0,0.0,0.0,0.0,0.0,0.0,0.0,0.0,0.0,0.0,0.0,0.0,0.0,0.0,0.0,0.0,0.0,0.0,0.0,0.0,0.0,0.0,0.0,0.0,0.0,0.0,0.0,0.0,0.0,0.0,0.0,0.0,0.0,0.0,0.0,0.0,0.0,0.0,0.0,0.0,0.0,0.0,0.0,0.0,0.0,0.0,0.0,0.0,0.0,0.0,0.0,0.0,0.0,0.0,0.0,0.0,0.0,0.0,0.0,0.0,drink
0.3444482684135437,0.5779111385345459,2.8786496386601357e-07,0.402963787317276,0.5675384998321533,0.007194829639047384,0.44705134630203247,0.5387284159660339,0.012346804141998291,0.48241937160491943,0.5107459425926208,0.009819364175200462,0.5122588276863098,0.47708675265312195,0.007289405912160873,0.4201381206512451,0.44724833965301514,0.05362222343683243,0.45027458667755127,0.4084952175617218,0.05039440840482712,0.4812721610069275,0.4046862721443176,0.03819052875041962,0.4999554455280304,0.4123741090297699,0.030411945655941963,0.411336213350296,0.42846179008483887,0.04086689278483391,0.44475454092025757,0.3718734383583069,0.03685838356614113,0.4797583818435669,0.36954551935195923,0.02141302451491356,0.5000906586647034,0.390652060508728,0.011644360609352589,0.3983382284641266,0.4125586152076721,0.023882398381829262,0.4301755428314209,0.35022643208503723,0.017990857362747192,0.4672413170337677,0.35255569219589233,0.007967253215610981,0.49002447724342346,0.37511277198791504,0.0029612339567393064,0.3855585753917694,0.4019905626773834,0.005967675242573023,0.41631707549095154,0.3451753854751587,0.000659078941680491,0.4491980969905853,0.3435055613517761,-0.001204711850732565,0.4736860990524292,0.3633615970611572,-0.0008217380382120609,0.0,0.0,0.0,0.0,0.0,0.0,0.0,0.0,0.0,0.0,0.0,0.0,0.0,0.0,0.0,0.0,0.0,0.0,0.0,0.0,0.0,0.0,0.0,0.0,0.0,0.0,0.0,0.0,0.0,0.0,0.0,0.0,0.0,0.0,0.0,0.0,0.0,0.0,0.0,0.0,0.0,0.0,0.0,0.0,0.0,0.0,0.0,0.0,0.0,0.0,0.0,0.0,0.0,0.0,0.0,0.0,0.0,0.0,0.0,0.0,0.0,0.0,0.0,drink
0.34966352581977844,0.5748150944709778,3.249771509672428e-07,0.40824222564697266,0.5644757747650146,0.004139096010476351,0.4486903250217438,0.5361367464065552,0.006720945704728365,0.48573359847068787,0.5096254944801331,0.0019171839812770486,0.51776522397995,0.47504985332489014,-0.0027448900509625673,0.42071059346199036,0.4463627338409424,0.053217411041259766,0.45000460743904114,0.412808358669281,0.050343431532382965,0.48063039779663086,0.41282084584236145,0.037635449320077896,0.4997765123844147,0.4206755757331848,0.029053980484604836,0.41254857182502747,0.4262479245662689,0.04214329272508621,0.4445115029811859,0.3760260343551636,0.03775250166654587,0.479004442691803,0.37702372670173645,0.020953265950083733,0.5013584494590759,0.3961260914802551,0.010145342908799648,0.4005325138568878,0.40972819924354553,0.026628762483596802,0.430899053812027,0.35087573528289795,0.022097816690802574,0.46793943643569946,0.3569842278957367,0.011534983292222023,0.49257802963256836,0.3804495632648468,0.005640243645757437,0.38843026757240295,0.39959657192230225,0.009817947633564472,0.4183346629142761,0.3446779251098633,0.00678730895742774,0.45046859979629517,0.34485679864883423,0.0053225294686853886,0.47547975182533264,0.36485081911087036,0.005242632236331701,0.0,0.0,0.0,0.0,0.0,0.0,0.0,0.0,0.0,0.0,0.0,0.0,0.0,0.0,0.0,0.0,0.0,0.0,0.0,0.0,0.0,0.0,0.0,0.0,0.0,0.0,0.0,0.0,0.0,0.0,0.0,0.0,0.0,0.0,0.0,0.0,0.0,0.0,0.0,0.0,0.0,0.0,0.0,0.0,0.0,0.0,0.0,0.0,0.0,0.0,0.0,0.0,0.0,0.0,0.0,0.0,0.0,0.0,0.0,0.0,0.0,0.0,0.0,drink
0.34711480140686035,0.5498712658882141,3.3140034361167636e-07,0.40255555510520935,0.5466335415840149,0.003224040847271681,0.44630566239356995,0.5198144316673279,0.008715705014765263,0.4826418459415436,0.49162623286247253,0.007533067371696234,0.5147478580474854,0.4608025848865509,0.006781448144465685,0.41916313767433167,0.4302598237991333,0.056794174015522,0.44819411635398865,0.39557015895843506,0.05635678023099899,0.4781420826911926,0.3910490870475769,0.04558597505092621,0.49687907099723816,0.39688217639923096,0.03855761140584946,0.41085582971572876,0.41043758392333984,0.047730691730976105,0.4435873031616211,0.36142247915267944,0.04696644842624664,0.47674453258514404,0.3595636487007141,0.03224430978298187,0.49796926975250244,0.37825968861579895,0.022616563364863396,0.39909064769744873,0.39303848147392273,0.03396712243556976,0.43097975850105286,0.33814072608947754,0.031073037534952164,0.46535253524780273,0.3398923873901367,0.021586086601018906,0.48708927631378174,0.36057567596435547,0.016583284363150597,0.3871282637119293,0.37987107038497925,0.018769852817058563,0.41714906692504883,0.32767367362976074,0.01619025319814682,0.4468935430049896,0.32677751779556274,0.015282541513442993,0.468548983335495,0.34655335545539856,0.016131578013300896,0.0,0.0,0.0,0.0,0.0,0.0,0.0,0.0,0.0,0.0,0.0,0.0,0.0,0.0,0.0,0.0,0.0,0.0,0.0,0.0,0.0,0.0,0.0,0.0,0.0,0.0,0.0,0.0,0.0,0.0,0.0,0.0,0.0,0.0,0.0,0.0,0.0,0.0,0.0,0.0,0.0,0.0,0.0,0.0,0.0,0.0,0.0,0.0,0.0,0.0,0.0,0.0,0.0,0.0,0.0,0.0,0.0,0.0,0.0,0.0,0.0,0.0,0.0,drink
0.3498176634311676,0.5387870669364929,3.4984441299457103e-07,0.40477219223976135,0.5392565131187439,0.000350899004843086,0.4480555057525635,0.5101180076599121,0.004240370821207762,0.4851182997226715,0.4861772358417511,0.0021488789934664965,0.5172002911567688,0.456241250038147,0.0004436096060089767,0.4267747402191162,0.41970545053482056,0.049801234155893326,0.4546818137168884,0.3873146176338196,0.04900664836168289,0.48324042558670044,0.3830646574497223,0.038240037858486176,0.5012761354446411,0.38656988739967346,0.030612824484705925,0.41785928606987,0.3988596796989441,0.04174254462122917,0.44862645864486694,0.35514503717422485,0.03938041999936104,0.48041507601737976,0.3541955351829529,0.023563219234347343,0.5012015104293823,0.3715474009513855,0.013081979937851429,0.40473100543022156,0.38096144795417786,0.029253052547574043,0.43525609374046326,0.33222296833992004,0.025725219398736954,0.46850383281707764,0.33648309111595154,0.015236103907227516,0.490291565656662,0.3572050929069519,0.009260205551981926,0.3907310366630554,0.36801815032958984,0.015193378552794456,0.41927361488342285,0.32034769654273987,0.01235648337751627,0.44797569513320923,0.3200037479400635,0.010594278573989868,0.46981000900268555,0.3396226763725281,0.010416511446237564,0.0,0.0,0.0,0.0,0.0,0.0,0.0,0.0,0.0,0.0,0.0,0.0,0.0,0.0,0.0,0.0,0.0,0.0,0.0,0.0,0.0,0.0,0.0,0.0,0.0,0.0,0.0,0.0,0.0,0.0,0.0,0.0,0.0,0.0,0.0,0.0,0.0,0.0,0.0,0.0,0.0,0.0,0.0,0.0,0.0,0.0,0.0,0.0,0.0,0.0,0.0,0.0,0.0,0.0,0.0,0.0,0.0,0.0,0.0,0.0,0.0,0.0,0.0,drink
0.35126209259033203,0.5371379256248474,3.702928665916261e-07,0.4070848822593689,0.5357675552368164,0.0012411222560331225,0.44792649149894714,0.5100739002227783,0.0044114491902291775,0.48301467299461365,0.4853679835796356,0.0015514650149270892,0.5160690546035767,0.45455077290534973,-0.0008592301164753735,0.4233996570110321,0.4194135069847107,0.05020832270383835,0.45195335149765015,0.38826966285705566,0.04833153262734413,0.482404887676239,0.38492271304130554,0.036869827657938004,0.5041887164115906,0.3879033327102661,0.02884634956717491,0.4156439006328583,0.39925849437713623,0.04157489910721779,0.4493526220321655,0.3587876558303833,0.03903321549296379,0.4824250042438507,0.3586081862449646,0.023516880348324776,0.5063827633857727,0.37453070282936096,0.01298436988145113,0.4037688970565796,0.38142359256744385,0.028393922373652458,0.43720608949661255,0.33612027764320374,0.02524346113204956,0.47128552198410034,0.3404070734977722,0.015059536322951317,0.4955914616584778,0.3594854772090912,0.008871604688465595,0.39067310094833374,0.3689092993736267,0.013613807037472725,0.419718474149704,0.32205986976623535,0.011309709399938583,0.45003169775009155,0.32205772399902344,0.009492137469351292,0.47519156336784363,0.34082213044166565,0.008974837139248848,0.0,0.0,0.0,0.0,0.0,0.0,0.0,0.0,0.0,0.0,0.0,0.0,0.0,0.0,0.0,0.0,0.0,0.0,0.0,0.0,0.0,0.0,0.0,0.0,0.0,0.0,0.0,0.0,0.0,0.0,0.0,0.0,0.0,0.0,0.0,0.0,0.0,0.0,0.0,0.0,0.0,0.0,0.0,0.0,0.0,0.0,0.0,0.0,0.0,0.0,0.0,0.0,0.0,0.0,0.0,0.0,0.0,0.0,0.0,0.0,0.0,0.0,0.0,drink
0.353000283241272,0.5372697710990906,3.658177263332618e-07,0.40692052245140076,0.53635174036026,3.7952549973852e-06,0.4478985071182251,0.5107333660125732,0.0028577635530382395,0.48252394795417786,0.48569342494010925,0.00023006249102763832,0.5144533514976501,0.45447513461112976,-0.0018147141672670841,0.4220990836620331,0.41920143365859985,0.04661913216114044,0.4495029151439667,0.3860972225666046,0.04398729279637337,0.4794686734676361,0.38123008608818054,0.032675329595804214,0.501583456993103,0.38341832160949707,0.02495042234659195,0.4140704870223999,0.3997216820716858,0.03887619450688362,0.44715937972068787,0.3579626679420471,0.0359935536980629,0.4799177050590515,0.3565845787525177,0.021242110058665276,0.5045071244239807,0.37146881222724915,0.011317620985209942,0.402323842048645,0.3826351463794708,0.026653947308659554,0.43499207496643066,0.33697277307510376,0.023376425728201866,0.4688531458377838,0.33935216069221497,0.01389569416642189,0.4937048554420471,0.35665658116340637,0.008255884051322937,0.38941696286201477,0.37035155296325684,0.012746457941830158,0.41724884510040283,0.32321009039878845,0.010418133810162544,0.44710487127304077,0.3215675354003906,0.00880519114434719,0.4726036787033081,0.3382282853126526,0.008502845652401447,0.0,0.0,0.0,0.0,0.0,0.0,0.0,0.0,0.0,0.0,0.0,0.0,0.0,0.0,0.0,0.0,0.0,0.0,0.0,0.0,0.0,0.0,0.0,0.0,0.0,0.0,0.0,0.0,0.0,0.0,0.0,0.0,0.0,0.0,0.0,0.0,0.0,0.0,0.0,0.0,0.0,0.0,0.0,0.0,0.0,0.0,0.0,0.0,0.0,0.0,0.0,0.0,0.0,0.0,0.0,0.0,0.0,0.0,0.0,0.0,0.0,0.0,0.0,drink
0.35712212324142456,0.5586432814598083,3.3423046374991827e-07,0.41218534111976624,0.5544824004173279,0.0016359207220375538,0.4531189203262329,0.5220308899879456,0.0058509171940386295,0.4880306124687195,0.49474719166755676,0.0040796855464577675,0.5193756222724915,0.4668561816215515,0.002473169704899192,0.42973417043685913,0.4363751709461212,0.046338167041540146,0.4599292278289795,0.4030543565750122,0.04282012954354286,0.49119773507118225,0.39631885290145874,0.030908189713954926,0.515480101108551,0.3974533975124359,0.022466449066996574,0.42151278257369995,0.417316198348999,0.036782968789339066,0.45442914962768555,0.37369292974472046,0.03239790350198746,0.4881371557712555,0.3648744821548462,0.016821864992380142,0.516751229763031,0.37195321917533875,0.0062449611723423,0.4085182249546051,0.40068936347961426,0.02280050329864025,0.44165799021720886,0.3493231534957886,0.016556797549128532,0.478181391954422,0.3454626500606537,0.005078228656202555,0.508831799030304,0.356732577085495,-0.001677479944191873,0.39328768849372864,0.3892914354801178,0.00748798344284296,0.4254831373691559,0.34152185916900635,0.0019598836079239845,0.4571574926376343,0.33411121368408203,-0.0018087727949023247,0.4862878620624542,0.34324923157691956,-0.0036656251177191734,0.0,0.0,0.0,0.0,0.0,0.0,0.0,0.0,0.0,0.0,0.0,0.0,0.0,0.0,0.0,0.0,0.0,0.0,0.0,0.0,0.0,0.0,0.0,0.0,0.0,0.0,0.0,0.0,0.0,0.0,0.0,0.0,0.0,0.0,0.0,0.0,0.0,0.0,0.0,0.0,0.0,0.0,0.0,0.0,0.0,0.0,0.0,0.0,0.0,0.0,0.0,0.0,0.0,0.0,0.0,0.0,0.0,0.0,0.0,0.0,0.0,0.0,0.0,drink
0.35922545194625854,0.6241881847381592,4.229036107972206e-07,0.4150650203227997,0.6057313680648804,0.011306420899927616,0.4453371465206146,0.5597719550132751,0.014796251431107521,0.47811371088027954,0.5308617353439331,0.010467290878295898,0.5141203999519348,0.5038567185401917,0.006745230872184038,0.39079803228378296,0.45053309202194214,0.04678264632821083,0.42685118317604065,0.3976547122001648,0.041637860238552094,0.47056493163108826,0.38295650482177734,0.029267199337482452,0.5043191313743591,0.3817446827888489,0.02087983302772045,0.38252490758895874,0.4391096830368042,0.03143763542175293,0.425986111164093,0.3760668635368347,0.02686084248125553,0.47406333684921265,0.36546939611434937,0.013861807063221931,0.5116105079650879,0.37544959783554077,0.0050077796913683414,0.3806689977645874,0.4373098909854889,0.012857894413173199,0.425780326128006,0.3721562922000885,0.009719244204461575,0.4740939736366272,0.36176609992980957,0.0016547549748793244,0.5101777911186218,0.37306004762649536,-0.0035679268185049295,0.386658638715744,0.44600173830986023,-0.006556298583745956,0.42732003331184387,0.3881983160972595,-0.008115008473396301,0.46547427773475647,0.37578868865966797,-0.009320086799561977,0.4965917766094208,0.3807533383369446,-0.009784828871488571,0.0,0.0,0.0,0.0,0.0,0.0,0.0,0.0,0.0,0.0,0.0,0.0,0.0,0.0,0.0,0.0,0.0,0.0,0.0,0.0,0.0,0.0,0.0,0.0,0.0,0.0,0.0,0.0,0.0,0.0,0.0,0.0,0.0,0.0,0.0,0.0,0.0,0.0,0.0,0.0,0.0,0.0,0.0,0.0,0.0,0.0,0.0,0.0,0.0,0.0,0.0,0.0,0.0,0.0,0.0,0.0,0.0,0.0,0.0,0.0,0.0,0.0,0.0,drink
0.34539660811424255,0.6630109548568726,2.565381009844714e-07,0.41033968329429626,0.6344276666641235,0.010622654110193253,0.440554141998291,0.5862288475036621,0.00451231561601162,0.4721415936946869,0.5595868825912476,-0.00920950435101986,0.5055036544799805,0.537697434425354,-0.02243095450103283,0.3735290765762329,0.47297704219818115,0.009583355858922005,0.42791417241096497,0.40735924243927,-0.008189385756850243,0.4785394072532654,0.41420307755470276,-0.02287229895591736,0.5106348395347595,0.43865129351615906,-0.03069409169256687,0.3674619495868683,0.47273603081703186,-0.008312522433698177,0.43534234166145325,0.39746829867362976,-0.02356482483446598,0.48849135637283325,0.41224223375320435,-0.03135893493890762,0.5167160034179688,0.43889322876930237,-0.03402205556631088,0.37606367468833923,0.48595282435417175,-0.02712034434080124,0.438804566860199,0.40602076053619385,-0.03899877518415451,0.4906994700431824,0.4143275022506714,-0.0362284854054451,0.5171879529953003,0.4400698244571686,-0.031690992414951324,0.3978049159049988,0.5139073133468628,-0.046216849237680435,0.44840434193611145,0.44840073585510254,-0.053391460329294205,0.4876851439476013,0.44069308042526245,-0.04759486764669418,0.5113537311553955,0.4501677453517914,-0.04100009799003601,0.0,0.0,0.0,0.0,0.0,0.0,0.0,0.0,0.0,0.0,0.0,0.0,0.0,0.0,0.0,0.0,0.0,0.0,0.0,0.0,0.0,0.0,0.0,0.0,0.0,0.0,0.0,0.0,0.0,0.0,0.0,0.0,0.0,0.0,0.0,0.0,0.0,0.0,0.0,0.0,0.0,0.0,0.0,0.0,0.0,0.0,0.0,0.0,0.0,0.0,0.0,0.0,0.0,0.0,0.0,0.0,0.0,0.0,0.0,0.0,0.0,0.0,0.0,drink
0.3322213590145111,0.6881621479988098,2.4152495825546794e-07,0.3943423628807068,0.6529286503791809,0.013087976723909378,0.4301701486110687,0.600767970085144,0.008362602442502975,0.4673882722854614,0.5733019709587097,-0.0040443832986056805,0.5008725523948669,0.5534167289733887,-0.016328278928995132,0.37365710735321045,0.4935483932495117,0.006996297277510166,0.43406084179878235,0.43004536628723145,-0.010222099721431732,0.48254504799842834,0.4338069260120392,-0.024097662419080734,0.5142486095428467,0.45311248302459717,-0.032275836914777756,0.3738275170326233,0.4982217252254486,-0.012391654774546623,0.44356924295425415,0.4203324019908905,-0.027030857279896736,0.49396952986717224,0.42870089411735535,-0.0353974848985672,0.5240666270256042,0.4500943124294281,-0.03948334977030754,0.385924756526947,0.5181981325149536,-0.03207810968160629,0.45032817125320435,0.439931720495224,-0.04440714418888092,0.499999076128006,0.4457438290119171,-0.0431530736386776,0.5282353162765503,0.4654504060745239,-0.040735457092523575,0.4087386727333069,0.5523219704627991,-0.05158466473221779,0.4601300358772278,0.49488145112991333,-0.058718129992485046,0.495216429233551,0.4811114966869354,-0.05483194440603256,0.5187100172042847,0.4801975190639496,-0.05097049102187157,0.0,0.0,0.0,0.0,0.0,0.0,0.0,0.0,0.0,0.0,0.0,0.0,0.0,0.0,0.0,0.0,0.0,0.0,0.0,0.0,0.0,0.0,0.0,0.0,0.0,0.0,0.0,0.0,0.0,0.0,0.0,0.0,0.0,0.0,0.0,0.0,0.0,0.0,0.0,0.0,0.0,0.0,0.0,0.0,0.0,0.0,0.0,0.0,0.0,0.0,0.0,0.0,0.0,0.0,0.0,0.0,0.0,0.0,0.0,0.0,0.0,0.0,0.0,drink
0.3326428532600403,0.6944005489349365,2.8734856982737256e-07,0.39673057198524475,0.6562166810035706,0.012794312089681625,0.4319303035736084,0.6017336845397949,0.008383002132177353,0.4678548574447632,0.5723311305046082,-0.003463814267888665,0.5021688938140869,0.5522810816764832,-0.014295639470219612,0.37053513526916504,0.49406567215919495,0.005108725745230913,0.4328612685203552,0.43133482336997986,-0.013346000574529171,0.4795907735824585,0.4397391080856323,-0.027295369654893875,0.5096986889839172,0.4615771770477295,-0.03530871868133545,0.37062543630599976,0.4993137717247009,-0.014533553272485733,0.4451192319393158,0.42493438720703125,-0.03021141141653061,0.49339595437049866,0.43314701318740845,-0.037977565079927444,0.5217862725257874,0.45468586683273315,-0.041698943823575974,0.38255712389945984,0.5209091901779175,-0.03470136970281601,0.4523525834083557,0.4480183720588684,-0.046324729919433594,0.5006178021430969,0.451080322265625,-0.043682489544153214,0.5289119482040405,0.46771854162216187,-0.04052107408642769,0.4057137370109558,0.5571710467338562,-0.05498936399817467,0.46237799525260925,0.5009066462516785,-0.060267601162195206,0.4978354573249817,0.48470771312713623,-0.05506649985909462,0.5214971303939819,0.48088499903678894,-0.05049603059887886,0.0,0.0,0.0,0.0,0.0,0.0,0.0,0.0,0.0,0.0,0.0,0.0,0.0,0.0,0.0,0.0,0.0,0.0,0.0,0.0,0.0,0.0,0.0,0.0,0.0,0.0,0.0,0.0,0.0,0.0,0.0,0.0,0.0,0.0,0.0,0.0,0.0,0.0,0.0,0.0,0.0,0.0,0.0,0.0,0.0,0.0,0.0,0.0,0.0,0.0,0.0,0.0,0.0,0.0,0.0,0.0,0.0,0.0,0.0,0.0,0.0,0.0,0.0,drink
0.32928985357284546,0.7131805419921875,2.5080223053919326e-07,0.3873854875564575,0.6644895076751709,0.02701956406235695,0.4269843101501465,0.6131918430328369,0.025453392416238785,0.4682266116142273,0.5837913155555725,0.014732547104358673,0.504114031791687,0.5667021870613098,0.003026911523193121,0.3697427809238434,0.5083386898040771,0.006464336067438126,0.4416305720806122,0.4504234194755554,-0.008025678806006908,0.49007585644721985,0.46076104044914246,-0.01986617036163807,0.5241943001747131,0.4799971580505371,-0.02800244465470314,0.3717244565486908,0.517951488494873,-0.02067767269909382,0.45823079347610474,0.4431125819683075,-0.03377506509423256,0.5086275339126587,0.4551149606704712,-0.04159277305006981,0.539289653301239,0.4786475896835327,-0.046399351209402084,0.38436922430992126,0.5464420318603516,-0.04560884088277817,0.461633563041687,0.47150373458862305,-0.05322626233100891,0.5113579034805298,0.47909465432167053,-0.04996393248438835,0.5409636497497559,0.49674421548843384,-0.048525650054216385,0.4070991575717926,0.5885685682296753,-0.06904935091733932,0.4646347165107727,0.5315366387367249,-0.07157936692237854,0.5009317994117737,0.5216072797775269,-0.06425776332616806,0.5266115665435791,0.520928680896759,-0.0593218132853508,0.0,0.0,0.0,0.0,0.0,0.0,0.0,0.0,0.0,0.0,0.0,0.0,0.0,0.0,0.0,0.0,0.0,0.0,0.0,0.0,0.0,0.0,0.0,0.0,0.0,0.0,0.0,0.0,0.0,0.0,0.0,0.0,0.0,0.0,0.0,0.0,0.0,0.0,0.0,0.0,0.0,0.0,0.0,0.0,0.0,0.0,0.0,0.0,0.0,0.0,0.0,0.0,0.0,0.0,0.0,0.0,0.0,0.0,0.0,0.0,0.0,0.0,0.0,drink
0.3313879370689392,0.7058285474777222,2.89466669300964e-07,0.40230557322502136,0.6665093898773193,0.021860945969820023,0.4396178424358368,0.6163514256477356,0.01964840479195118,0.47500064969062805,0.5903809666633606,0.00833884347230196,0.5083522796630859,0.5724735856056213,-0.0031296948436647654,0.37424424290657043,0.5064710378646851,0.0066422363743186,0.4407668709754944,0.4443086087703705,-0.01138325035572052,0.48922181129455566,0.449857234954834,-0.025957219302654266,0.522585928440094,0.46811994910240173,-0.03550722077488899,0.3697953224182129,0.5139224529266357,-0.018348870798945427,0.45361000299453735,0.43884265422821045,-0.03672303631901741,0.5046318769454956,0.4545469880104065,-0.047296516597270966,0.5334493517875671,0.4808143377304077,-0.05298066884279251,0.3793754577636719,0.537959098815918,-0.04222341626882553,0.45538049936294556,0.4628298282623291,-0.05478985980153084,0.5060124397277832,0.47494563460350037,-0.05375060811638832,0.5332323312759399,0.49609100818634033,-0.05233192816376686,0.40007293224334717,0.5746493339538574,-0.06523194164037704,0.4583190083503723,0.5183918476104736,-0.07142535597085953,0.49503621459007263,0.5081762075424194,-0.06679646670818329,0.5189027786254883,0.5072722434997559,-0.06319189816713333,0.0,0.0,0.0,0.0,0.0,0.0,0.0,0.0,0.0,0.0,0.0,0.0,0.0,0.0,0.0,0.0,0.0,0.0,0.0,0.0,0.0,0.0,0.0,0.0,0.0,0.0,0.0,0.0,0.0,0.0,0.0,0.0,0.0,0.0,0.0,0.0,0.0,0.0,0.0,0.0,0.0,0.0,0.0,0.0,0.0,0.0,0.0,0.0,0.0,0.0,0.0,0.0,0.0,0.0,0.0,0.0,0.0,0.0,0.0,0.0,0.0,0.0,0.0,drink
0.33327651023864746,0.7040125727653503,3.6051665119885e-07,0.4091325104236603,0.6598334908485413,0.01561982836574316,0.4470784366130829,0.6086933016777039,0.01191948726773262,0.4823789894580841,0.5839179754257202,-7.50930339563638e-05,0.5180362462997437,0.566348135471344,-0.01146971620619297,0.3753451108932495,0.4972058832645416,0.01188583578914404,0.44069206714630127,0.43976056575775146,-0.007384138181805611,0.4909394383430481,0.44691309332847595,-0.02543025277554989,0.5261322259902954,0.46488288044929504,-0.03725432604551315,0.36933714151382446,0.5000029802322388,-0.010380233637988567,0.4499499499797821,0.4312649071216583,-0.030859502032399178,0.5022990107536316,0.4450387954711914,-0.04618871957063675,0.534035861492157,0.47111058235168457,-0.05430302768945694,0.376926988363266,0.5193071365356445,-0.032582033425569534,0.44815927743911743,0.44879722595214844,-0.04709664732217789,0.5000261664390564,0.4575873613357544,-0.04995862394571304,0.5314446091651917,0.47848376631736755,-0.0498969703912735,0.3970681130886078,0.5532878637313843,-0.05467113479971886,0.45295998454093933,0.49845367670059204,-0.06264171004295349,0.49141865968704224,0.4864180088043213,-0.060104772448539734,0.5192152261734009,0.48467326164245605,-0.05690272897481918,0.0,0.0,0.0,0.0,0.0,0.0,0.0,0.0,0.0,0.0,0.0,0.0,0.0,0.0,0.0,0.0,0.0,0.0,0.0,0.0,0.0,0.0,0.0,0.0,0.0,0.0,0.0,0.0,0.0,0.0,0.0,0.0,0.0,0.0,0.0,0.0,0.0,0.0,0.0,0.0,0.0,0.0,0.0,0.0,0.0,0.0,0.0,0.0,0.0,0.0,0.0,0.0,0.0,0.0,0.0,0.0,0.0,0.0,0.0,0.0,0.0,0.0,0.0,drink
0.3338138461112976,0.7030762434005737,3.1730323257761484e-07,0.409900963306427,0.6602221727371216,0.014693823643028736,0.4474638104438782,0.6067305207252502,0.01067317370325327,0.48163145780563354,0.5810672044754028,-0.0015010203933343291,0.5189468264579773,0.5637999773025513,-0.012987224385142326,0.3770253360271454,0.49633678793907166,0.009982543997466564,0.4399518668651581,0.436474084854126,-0.00987703911960125,0.489995539188385,0.44611865282058716,-0.027671558782458305,0.5235286355018616,0.46689844131469727,-0.03898722305893898,0.37006649374961853,0.4998112916946411,-0.011612031608819962,0.4486672282218933,0.4306237995624542,-0.03127444162964821,0.5016467571258545,0.44496819376945496,-0.04518947750329971,0.5326476693153381,0.4708282947540283,-0.05273021012544632,0.376849889755249,0.5196003317832947,-0.033326126635074615,0.4488900303840637,0.4495365023612976,-0.04796786606311798,0.5010415315628052,0.45893362164497375,-0.050148192793130875,0.530910849571228,0.48018500208854675,-0.04968005418777466,0.3958272635936737,0.5529799461364746,-0.05496734380722046,0.4537208676338196,0.49863532185554504,-0.06324241310358047,0.4927595853805542,0.48727142810821533,-0.060635603964328766,0.519217312335968,0.48633861541748047,-0.05740668252110481,0.0,0.0,0.0,0.0,0.0,0.0,0.0,0.0,0.0,0.0,0.0,0.0,0.0,0.0,0.0,0.0,0.0,0.0,0.0,0.0,0.0,0.0,0.0,0.0,0.0,0.0,0.0,0.0,0.0,0.0,0.0,0.0,0.0,0.0,0.0,0.0,0.0,0.0,0.0,0.0,0.0,0.0,0.0,0.0,0.0,0.0,0.0,0.0,0.0,0.0,0.0,0.0,0.0,0.0,0.0,0.0,0.0,0.0,0.0,0.0,0.0,0.0,0.0,drink
0.34298965334892273,0.680784285068512,2.360535233947303e-07,0.40813472867012024,0.646551251411438,0.018481062725186348,0.44965705275535583,0.5875830054283142,0.01855102740228176,0.488530695438385,0.5615805387496948,0.009892415255308151,0.5218101143836975,0.5416491031646729,0.0024555078707635403,0.3797532320022583,0.4701969623565674,0.02470509521663189,0.42970535159111023,0.403831422328949,0.00980321690440178,0.4769592583179474,0.4106234908103943,-0.004640539176762104,0.5049505233764648,0.4388023018836975,-0.011545213870704174,0.3728821873664856,0.46889156103134155,0.003860443364828825,0.44142478704452515,0.39363378286361694,-0.008378066122531891,0.489976167678833,0.41057658195495605,-0.017787383869290352,0.5098349452018738,0.4476314187049866,-0.02064376510679722,0.3777819275856018,0.48086127638816833,-0.01748715527355671,0.4377537667751312,0.4060624837875366,-0.025153083726763725,0.4865526854991913,0.416010320186615,-0.023039186373353004,0.5093360543251038,0.4483944773674011,-0.01865517348051071,0.3962272107601166,0.5058228373527527,-0.03867055103182793,0.4439430832862854,0.443164587020874,-0.04163932427763939,0.48076117038726807,0.4391755759716034,-0.03449949994683266,0.502421498298645,0.45387881994247437,-0.026560315862298012,0.0,0.0,0.0,0.0,0.0,0.0,0.0,0.0,0.0,0.0,0.0,0.0,0.0,0.0,0.0,0.0,0.0,0.0,0.0,0.0,0.0,0.0,0.0,0.0,0.0,0.0,0.0,0.0,0.0,0.0,0.0,0.0,0.0,0.0,0.0,0.0,0.0,0.0,0.0,0.0,0.0,0.0,0.0,0.0,0.0,0.0,0.0,0.0,0.0,0.0,0.0,0.0,0.0,0.0,0.0,0.0,0.0,0.0,0.0,0.0,0.0,0.0,0.0,drink
0.3431968092918396,0.6383641958236694,1.3130227216606727e-07,0.4083487093448639,0.5981010794639587,0.021807720884680748,0.4491463303565979,0.5567226409912109,0.02306484989821911,0.4857301115989685,0.529692530632019,0.012474716641008854,0.5173135995864868,0.5008671879768372,0.0008224267512559891,0.4124614894390106,0.45719537138938904,0.04635950177907944,0.44915488362312317,0.4034470319747925,0.03728841617703438,0.4854757487773895,0.40756213665008545,0.02233278937637806,0.5080776810646057,0.4269478917121887,0.012496162205934525,0.40091845393180847,0.44787782430648804,0.022764643654227257,0.44159257411956787,0.3735884130001068,0.013256692327558994,0.4826747477054596,0.3810027241706848,-0.0022544371895492077,0.5061487555503845,0.41045480966567993,-0.012151004746556282,0.391399621963501,0.4458743929862976,-0.0027621218468993902,0.43073371052742004,0.36900484561920166,-0.010805307887494564,0.47557324171066284,0.3766968846321106,-0.01794121041893959,0.5027323961257935,0.4043145775794983,-0.021826373413205147,0.38802120089530945,0.45174849033355713,-0.02796609327197075,0.42345908284187317,0.3880199193954468,-0.03304440528154373,0.4612964689731598,0.3832705318927765,-0.032889656722545624,0.4894463121891022,0.39674437046051025,-0.03218943998217583,0.0,0.0,0.0,0.0,0.0,0.0,0.0,0.0,0.0,0.0,0.0,0.0,0.0,0.0,0.0,0.0,0.0,0.0,0.0,0.0,0.0,0.0,0.0,0.0,0.0,0.0,0.0,0.0,0.0,0.0,0.0,0.0,0.0,0.0,0.0,0.0,0.0,0.0,0.0,0.0,0.0,0.0,0.0,0.0,0.0,0.0,0.0,0.0,0.0,0.0,0.0,0.0,0.0,0.0,0.0,0.0,0.0,0.0,0.0,0.0,0.0,0.0,0.0,drink
0.34642595052719116,0.5810063481330872,2.330697270735982e-07,0.41173461079597473,0.5507308840751648,0.016102101653814316,0.4486232399940491,0.5159897208213806,0.021386144682765007,0.4822811782360077,0.4888426661491394,0.01639828458428383,0.5131360292434692,0.4612802565097809,0.010435209609568119,0.4243265688419342,0.4255092740058899,0.052202437072992325,0.4551739990711212,0.3757432699203491,0.044724419713020325,0.4866741895675659,0.3741792142391205,0.03017476759850979,0.5082067251205444,0.38728663325309753,0.021052855998277664,0.41592901945114136,0.41089099645614624,0.03331923857331276,0.4503507912158966,0.34137049317359924,0.02569359727203846,0.48713594675064087,0.3399946391582489,0.009571232832968235,0.5119900703430176,0.3628535568714142,-0.0005207153153605759,0.40385258197784424,0.4021933972835541,0.010946926660835743,0.4354672133922577,0.32685744762420654,0.002287657931447029,0.4753992557525635,0.3275021016597748,-0.008902722038328648,0.5036364197731018,0.35022175312042236,-0.014694361947476864,0.3921387195587158,0.3990800380706787,-0.011502684094011784,0.4216896593570709,0.33482426404953003,-0.018771085888147354,0.4565950632095337,0.33083245158195496,-0.021476328372955322,0.48521894216537476,0.34813809394836426,-0.02182679809629917,0.0,0.0,0.0,0.0,0.0,0.0,0.0,0.0,0.0,0.0,0.0,0.0,0.0,0.0,0.0,0.0,0.0,0.0,0.0,0.0,0.0,0.0,0.0,0.0,0.0,0.0,0.0,0.0,0.0,0.0,0.0,0.0,0.0,0.0,0.0,0.0,0.0,0.0,0.0,0.0,0.0,0.0,0.0,0.0,0.0,0.0,0.0,0.0,0.0,0.0,0.0,0.0,0.0,0.0,0.0,0.0,0.0,0.0,0.0,0.0,0.0,0.0,0.0,drink
0.3470264971256256,0.5528672337532043,2.2502425167658657e-07,0.4078651964664459,0.5406376719474792,0.011020105332136154,0.44935816526412964,0.5064476132392883,0.01730380766093731,0.4852824807167053,0.4764489233493805,0.015033416450023651,0.5160373449325562,0.4461694061756134,0.012640568427741528,0.4261315166950226,0.41526275873184204,0.05442270636558533,0.45534974336624146,0.37540119886398315,0.0512433797121048,0.48680925369262695,0.37391430139541626,0.0392337366938591,0.5064829587936401,0.3838890492916107,0.0311519056558609,0.41734760999679565,0.3970335125923157,0.03974205628037453,0.44919440150260925,0.33499908447265625,0.033824071288108826,0.48518651723861694,0.3370197117328644,0.017732586711645126,0.5064142942428589,0.3614659607410431,0.007883400656282902,0.4051680564880371,0.38256585597991943,0.021356917917728424,0.4343110918998718,0.31241416931152344,0.013788142241537571,0.47365689277648926,0.31925100088119507,0.00225898833014071,0.4994659125804901,0.34654319286346436,-0.0035893952008336782,0.3936437964439392,0.3740988075733185,0.0025701026897877455,0.4252338111400604,0.31669628620147705,-0.0037656771019101143,0.4593799412250519,0.31820112466812134,-0.006857958622276783,0.48564720153808594,0.33898282051086426,-0.007642420474439859,0.0,0.0,0.0,0.0,0.0,0.0,0.0,0.0,0.0,0.0,0.0,0.0,0.0,0.0,0.0,0.0,0.0,0.0,0.0,0.0,0.0,0.0,0.0,0.0,0.0,0.0,0.0,0.0,0.0,0.0,0.0,0.0,0.0,0.0,0.0,0.0,0.0,0.0,0.0,0.0,0.0,0.0,0.0,0.0,0.0,0.0,0.0,0.0,0.0,0.0,0.0,0.0,0.0,0.0,0.0,0.0,0.0,0.0,0.0,0.0,0.0,0.0,0.0,drink
0.3522588610649109,0.550707995891571,2.907998748469254e-07,0.4117530584335327,0.5391004085540771,0.00728036742657423,0.45182111859321594,0.5049865245819092,0.011044125072658062,0.48759353160858154,0.4752219021320343,0.006895069498568773,0.5180936455726624,0.44518738985061646,0.0028470985125750303,0.4254991412162781,0.4144309163093567,0.0511673204600811,0.45615270733833313,0.3733850121498108,0.047644637525081635,0.4880913496017456,0.37057486176490784,0.0355873666703701,0.5081442594528198,0.37878918647766113,0.027448663488030434,0.4163898527622223,0.3968667984008789,0.038029175251722336,0.44958776235580444,0.3393404483795166,0.03295459598302841,0.4861467182636261,0.33998575806617737,0.017650945112109184,0.5096607208251953,0.3608933687210083,0.007817895151674747,0.404596209526062,0.38233762979507446,0.020868053659796715,0.43631306290626526,0.317197322845459,0.014894789084792137,0.47569945454597473,0.322786808013916,0.00489633996039629,0.5025354027748108,0.34720611572265625,-0.000640587997622788,0.39356446266174316,0.3740776777267456,0.0027901718858629465,0.42589080333709717,0.31865790486335754,-0.0016097455518320203,0.45938238501548767,0.3184266686439514,-0.003292276058346033,0.4854167699813843,0.3376208543777466,-0.003585115307942033,0.0,0.0,0.0,0.0,0.0,0.0,0.0,0.0,0.0,0.0,0.0,0.0,0.0,0.0,0.0,0.0,0.0,0.0,0.0,0.0,0.0,0.0,0.0,0.0,0.0,0.0,0.0,0.0,0.0,0.0,0.0,0.0,0.0,0.0,0.0,0.0,0.0,0.0,0.0,0.0,0.0,0.0,0.0,0.0,0.0,0.0,0.0,0.0,0.0,0.0,0.0,0.0,0.0,0.0,0.0,0.0,0.0,0.0,0.0,0.0,0.0,0.0,0.0,drink
0.35081395506858826,0.5121134519577026,3.2634827107358433e-07,0.4071998596191406,0.5078308582305908,0.0035505082923918962,0.45014864206314087,0.4849756956100464,0.006738873198628426,0.48486465215682983,0.45585593581199646,0.0029589540790766478,0.5167636871337891,0.4221215844154358,-0.0006558087188750505,0.42589855194091797,0.39017021656036377,0.05355128273367882,0.4557226598262787,0.3548058867454529,0.05159846320748329,0.4841666519641876,0.3520703911781311,0.039737358689308167,0.5020723938941956,0.3598979115486145,0.031636688858270645,0.41678380966186523,0.3700617253780365,0.04335055127739906,0.4500879645347595,0.3200407028198242,0.04009440541267395,0.48204880952835083,0.3211396336555481,0.0234815776348114,0.5024322867393494,0.34299883246421814,0.012379392981529236,0.4043465256690979,0.35266950726509094,0.02884063869714737,0.4354517459869385,0.2974209189414978,0.023845504969358444,0.46985095739364624,0.3036295771598816,0.012968427501618862,0.4919142723083496,0.32795795798301697,0.0068656764924526215,0.39164143800735474,0.34029847383499146,0.013146527111530304,0.42201632261276245,0.2899693548679352,0.009083508513867855,0.45244163274765015,0.2915197014808655,0.007043018005788326,0.47545284032821655,0.3116670250892639,0.006836789660155773,0.0,0.0,0.0,0.0,0.0,0.0,0.0,0.0,0.0,0.0,0.0,0.0,0.0,0.0,0.0,0.0,0.0,0.0,0.0,0.0,0.0,0.0,0.0,0.0,0.0,0.0,0.0,0.0,0.0,0.0,0.0,0.0,0.0,0.0,0.0,0.0,0.0,0.0,0.0,0.0,0.0,0.0,0.0,0.0,0.0,0.0,0.0,0.0,0.0,0.0,0.0,0.0,0.0,0.0,0.0,0.0,0.0,0.0,0.0,0.0,0.0,0.0,0.0,drink
0.353552907705307,0.4957883358001709,4.054110149809276e-07,0.4082146883010864,0.49669694900512695,0.0017801335779950023,0.4506223797798157,0.471940815448761,0.00679486058652401,0.48686936497688293,0.44237256050109863,0.0053498269990086555,0.52083420753479,0.4105238616466522,0.004253813996911049,0.42721647024154663,0.3856502175331116,0.060302168130874634,0.4555012285709381,0.3584860861301422,0.062447622418403625,0.48364800214767456,0.3546098470687866,0.05261018127202988,0.5040736794471741,0.35621175169944763,0.04537031427025795,0.4175046682357788,0.36121898889541626,0.0525510236620903,0.44999679923057556,0.3240016996860504,0.0562911331653595,0.4797736406326294,0.3186545968055725,0.043010178953409195,0.5044496655464172,0.3280532956123352,0.03292355313897133,0.40441834926605225,0.33958277106285095,0.039691440761089325,0.43686938285827637,0.29633063077926636,0.04094424098730087,0.46811407804489136,0.2942482531070709,0.0334569551050663,0.4923466145992279,0.30638036131858826,0.02830946259200573,0.3904869854450226,0.3233017027378082,0.02497037872672081,0.42049822211265564,0.2806403934955597,0.02599177323281765,0.4480312764644623,0.2780798077583313,0.027011103928089142,0.47115734219551086,0.29212474822998047,0.02825107052922249,0.0,0.0,0.0,0.0,0.0,0.0,0.0,0.0,0.0,0.0,0.0,0.0,0.0,0.0,0.0,0.0,0.0,0.0,0.0,0.0,0.0,0.0,0.0,0.0,0.0,0.0,0.0,0.0,0.0,0.0,0.0,0.0,0.0,0.0,0.0,0.0,0.0,0.0,0.0,0.0,0.0,0.0,0.0,0.0,0.0,0.0,0.0,0.0,0.0,0.0,0.0,0.0,0.0,0.0,0.0,0.0,0.0,0.0,0.0,0.0,0.0,0.0,0.0,drink
0.3549861013889313,0.489769846200943,3.917332946912211e-07,0.40904074907302856,0.49179965257644653,0.0006607926916331053,0.45030269026756287,0.46956002712249756,0.004323351662606001,0.486076682806015,0.44293224811553955,0.001843534642830491,0.5176068544387817,0.4086686372756958,-0.00015987396182026714,0.42614057660102844,0.3829666078090668,0.05528257414698601,0.45419934391975403,0.35669654607772827,0.05559510737657547,0.4822976291179657,0.35563790798187256,0.044986121356487274,0.5024744868278503,0.36009570956230164,0.03755747526884079,0.41769522428512573,0.35910564661026,0.0478326678276062,0.4506101608276367,0.32389429211616516,0.049584198743104935,0.48095670342445374,0.32272207736968994,0.035563696175813675,0.5051543712615967,0.33574527502059937,0.025343818590044975,0.4055584967136383,0.33736130595207214,0.03545248880982399,0.43903520703315735,0.2960634231567383,0.035928912460803986,0.4706076979637146,0.29791587591171265,0.027655338868498802,0.4943726062774658,0.3139553368091583,0.022061485797166824,0.39182040095329285,0.3209669291973114,0.02117816172540188,0.4226095676422119,0.27956724166870117,0.02184707298874855,0.4515506327152252,0.2791332006454468,0.021929679438471794,0.47581642866134644,0.2956046462059021,0.022422319278120995,0.0,0.0,0.0,0.0,0.0,0.0,0.0,0.0,0.0,0.0,0.0,0.0,0.0,0.0,0.0,0.0,0.0,0.0,0.0,0.0,0.0,0.0,0.0,0.0,0.0,0.0,0.0,0.0,0.0,0.0,0.0,0.0,0.0,0.0,0.0,0.0,0.0,0.0,0.0,0.0,0.0,0.0,0.0,0.0,0.0,0.0,0.0,0.0,0.0,0.0,0.0,0.0,0.0,0.0,0.0,0.0,0.0,0.0,0.0,0.0,0.0,0.0,0.0,drink
0.3540828824043274,0.4973916709423065,4.09365412679108e-07,0.41071948409080505,0.4990169107913971,0.00406227633357048,0.45209598541259766,0.47593557834625244,0.008765456266701221,0.4877347946166992,0.4493144154548645,0.0064201331697404385,0.5180280804634094,0.41190069913864136,0.004622254054993391,0.42548003792762756,0.3830288052558899,0.062308169901371,0.45190948247909546,0.3530734181404114,0.06697721779346466,0.47940999269485474,0.34831851720809937,0.05970044061541557,0.498277485370636,0.35193416476249695,0.05423064902424812,0.41653719544410706,0.36164480447769165,0.05287241190671921,0.44651660323143005,0.3217766582965851,0.05873097851872444,0.4775545001029968,0.3176041841506958,0.047258131206035614,0.5021919012069702,0.3287658095359802,0.038485169410705566,0.4048425853252411,0.3419483006000519,0.038442373275756836,0.43652835488319397,0.2959299683570862,0.04128275811672211,0.46984991431236267,0.29940086603164673,0.03350801020860672,0.4943711757659912,0.3172403872013092,0.027863766998052597,0.39275333285331726,0.3273856043815613,0.022351866587996483,0.42474669218063354,0.28538429737091064,0.02405041642487049,0.4545956552028656,0.2875814735889435,0.023988429456949234,0.4788411855697632,0.3058996796607971,0.024062255397439003,0.0,0.0,0.0,0.0,0.0,0.0,0.0,0.0,0.0,0.0,0.0,0.0,0.0,0.0,0.0,0.0,0.0,0.0,0.0,0.0,0.0,0.0,0.0,0.0,0.0,0.0,0.0,0.0,0.0,0.0,0.0,0.0,0.0,0.0,0.0,0.0,0.0,0.0,0.0,0.0,0.0,0.0,0.0,0.0,0.0,0.0,0.0,0.0,0.0,0.0,0.0,0.0,0.0,0.0,0.0,0.0,0.0,0.0,0.0,0.0,0.0,0.0,0.0,drink
0.3555918335914612,0.4992125332355499,3.8639134913864837e-07,0.4112435281276703,0.49937787652015686,0.0008913787896744907,0.45317792892456055,0.47816383838653564,0.0033258036710321903,0.4881037175655365,0.4518778324127197,-0.0004970366135239601,0.5195237398147583,0.4154339134693146,-0.0037480327300727367,0.42885294556617737,0.3817998468875885,0.05419540032744408,0.4564633071422577,0.35096389055252075,0.05537855625152588,0.48379406332969666,0.35001611709594727,0.04607142135500908,0.5018459558486938,0.3573278784751892,0.03940766304731369,0.419564425945282,0.3607681691646576,0.04584614187479019,0.44994667172431946,0.31910431385040283,0.0474027656018734,0.48054778575897217,0.3180012106895447,0.03416161984205246,0.5026530027389526,0.3332120180130005,0.0247530285269022,0.40674930810928345,0.34216028451919556,0.03269417956471443,0.43770551681518555,0.29448407888412476,0.031946152448654175,0.47053903341293335,0.2999899387359619,0.02367088384926319,0.4933764934539795,0.3202492594718933,0.01856064423918724,0.3933146595954895,0.3290872275829315,0.017839016392827034,0.42390814423561096,0.28387895226478577,0.016990387812256813,0.4528299570083618,0.2861458361148834,0.016609854996204376,0.475413978099823,0.30560845136642456,0.0170674379914999,0.0,0.0,0.0,0.0,0.0,0.0,0.0,0.0,0.0,0.0,0.0,0.0,0.0,0.0,0.0,0.0,0.0,0.0,0.0,0.0,0.0,0.0,0.0,0.0,0.0,0.0,0.0,0.0,0.0,0.0,0.0,0.0,0.0,0.0,0.0,0.0,0.0,0.0,0.0,0.0,0.0,0.0,0.0,0.0,0.0,0.0,0.0,0.0,0.0,0.0,0.0,0.0,0.0,0.0,0.0,0.0,0.0,0.0,0.0,0.0,0.0,0.0,0.0,drink
0.35759037733078003,0.5368542075157166,3.3902765039783844e-07,0.41359448432922363,0.5330411195755005,0.0014940358232706785,0.4524010121822357,0.5040051341056824,0.00508388876914978,0.48541200160980225,0.4745473861694336,0.002419734839349985,0.5156571269035339,0.4429212212562561,-0.00023142974532674998,0.42992305755615234,0.41567063331604004,0.05047937110066414,0.4652480483055115,0.393548846244812,0.04825720563530922,0.4979383051395416,0.39702606201171875,0.035461243242025375,0.5206020474433899,0.40487775206565857,0.025984987616539,0.42145195603370667,0.3926890790462494,0.04125688970088959,0.45901307463645935,0.3522498607635498,0.03654397279024124,0.49470365047454834,0.3529454469680786,0.018410976976156235,0.5214065313339233,0.37010693550109863,0.006067840848118067,0.4078110456466675,0.37338754534721375,0.02762151136994362,0.4432447850704193,0.32108163833618164,0.021645762026309967,0.4820842146873474,0.32651564478874207,0.007861866615712643,0.5114859938621521,0.3491138517856598,-0.00042259282781742513,0.39290305972099304,0.3606734275817871,0.01274862140417099,0.42824336886405945,0.31284549832344055,0.007388391997665167,0.4625137150287628,0.3128121495246887,0.002562923589721322,0.491130530834198,0.33139288425445557,-0.00012897011765744537,0.0,0.0,0.0,0.0,0.0,0.0,0.0,0.0,0.0,0.0,0.0,0.0,0.0,0.0,0.0,0.0,0.0,0.0,0.0,0.0,0.0,0.0,0.0,0.0,0.0,0.0,0.0,0.0,0.0,0.0,0.0,0.0,0.0,0.0,0.0,0.0,0.0,0.0,0.0,0.0,0.0,0.0,0.0,0.0,0.0,0.0,0.0,0.0,0.0,0.0,0.0,0.0,0.0,0.0,0.0,0.0,0.0,0.0,0.0,0.0,0.0,0.0,0.0,drink
0.3568376898765564,0.5999122262001038,3.1893156915430154e-07,0.4137474000453949,0.5794104337692261,0.017416559159755707,0.4466661512851715,0.532821536064148,0.02533542923629284,0.47858500480651855,0.5024337768554688,0.024632705375552177,0.5125876069068909,0.47561103105545044,0.024340959265828133,0.39622965455055237,0.4307193160057068,0.05300360545516014,0.4405839741230011,0.3959291875362396,0.05114304646849632,0.4830138087272644,0.4016461670398712,0.04076436907052994,0.511981189250946,0.41558384895324707,0.03371620923280716,0.3877241909503937,0.41437193751335144,0.036024078726768494,0.43537455797195435,0.35231685638427734,0.03192903846502304,0.48309075832366943,0.3535614013671875,0.01954299584031105,0.5161714553833008,0.3749571442604065,0.012167032808065414,0.38186419010162354,0.40882548689842224,0.016436779871582985,0.42724210023880005,0.33951905369758606,0.012641974724829197,0.4768822193145752,0.3433510959148407,0.0035458251368254423,0.5113353133201599,0.3673979341983795,-0.001395217259414494,0.38308027386665344,0.41462844610214233,-0.003000774187967181,0.4260540306568146,0.3528818190097809,-0.005585850682109594,0.46746793389320374,0.3500921428203583,-0.007133479695767164,0.5000975131988525,0.36716800928115845,-0.0073661599308252335,0.0,0.0,0.0,0.0,0.0,0.0,0.0,0.0,0.0,0.0,0.0,0.0,0.0,0.0,0.0,0.0,0.0,0.0,0.0,0.0,0.0,0.0,0.0,0.0,0.0,0.0,0.0,0.0,0.0,0.0,0.0,0.0,0.0,0.0,0.0,0.0,0.0,0.0,0.0,0.0,0.0,0.0,0.0,0.0,0.0,0.0,0.0,0.0,0.0,0.0,0.0,0.0,0.0,0.0,0.0,0.0,0.0,0.0,0.0,0.0,0.0,0.0,0.0,drink
0.34224414825439453,0.6290573477745056,1.2028226592519786e-07,0.40658771991729736,0.5976935625076294,0.020211271941661835,0.43923133611679077,0.544392466545105,0.021381910890340805,0.4728368818759918,0.5155490636825562,0.011876825243234634,0.5075060725212097,0.4923768639564514,0.0022140261717140675,0.3757461905479431,0.4326269328594208,0.033965568989515305,0.42866408824920654,0.36908259987831116,0.020340947434306145,0.4761510491371155,0.383314847946167,0.0038732418324798346,0.5027424693107605,0.4138014018535614,-0.005452752113342285,0.3673819899559021,0.42941752076148987,0.011428462341427803,0.4312617778778076,0.35805562138557434,0.0007810243405401707,0.483853280544281,0.3775773048400879,-0.012598035857081413,0.5086533427238464,0.4114980399608612,-0.02069425955414772,0.3709794878959656,0.43667328357696533,-0.01238150056451559,0.4294995069503784,0.35890522599220276,-0.01927323080599308,0.48104459047317505,0.37269333004951477,-0.02343360148370266,0.5055758953094482,0.40437304973602295,-0.025122834369540215,0.387255996465683,0.4545888602733612,-0.0360124297440052,0.435967355966568,0.38259291648864746,-0.03912009671330452,0.4761125445365906,0.38399359583854675,-0.035839490592479706,0.4983518421649933,0.4052613079547882,-0.032598305493593216,0.0,0.0,0.0,0.0,0.0,0.0,0.0,0.0,0.0,0.0,0.0,0.0,0.0,0.0,0.0,0.0,0.0,0.0,0.0,0.0,0.0,0.0,0.0,0.0,0.0,0.0,0.0,0.0,0.0,0.0,0.0,0.0,0.0,0.0,0.0,0.0,0.0,0.0,0.0,0.0,0.0,0.0,0.0,0.0,0.0,0.0,0.0,0.0,0.0,0.0,0.0,0.0,0.0,0.0,0.0,0.0,0.0,0.0,0.0,0.0,0.0,0.0,0.0,drink
0.3398502469062805,0.6359778642654419,1.0893838009451429e-07,0.4039395749568939,0.6016889810562134,0.02055458165705204,0.4383752644062042,0.5451878309249878,0.02069813385605812,0.47161218523979187,0.5157676339149475,0.010100598447024822,0.5082703828811646,0.49242255091667175,-0.0005864946288056672,0.37819069623947144,0.4328431189060211,0.03201594203710556,0.4299779236316681,0.3688547909259796,0.017991527915000916,0.4762192666530609,0.381520539522171,0.0010172991314902902,0.5023579001426697,0.4102567136287689,-0.008970857597887516,0.36922746896743774,0.42996442317962646,0.008839632384479046,0.4324240982532501,0.35938623547554016,-0.0007059808704070747,0.48435884714126587,0.3769379258155823,-0.01370628084987402,0.508856475353241,0.41082262992858887,-0.022551974281668663,0.3719278872013092,0.43921780586242676,-0.015412895940244198,0.4313504099845886,0.36109742522239685,-0.021604176610708237,0.4831264019012451,0.37561294436454773,-0.024843262508511543,0.5072969794273376,0.40868476033210754,-0.02684551477432251,0.3872038722038269,0.4586743116378784,-0.03948082774877548,0.4378329813480377,0.388590931892395,-0.0420398972928524,0.47802141308784485,0.39080989360809326,-0.03787880763411522,0.4997608959674835,0.41253191232681274,-0.034591708332300186,0.0,0.0,0.0,0.0,0.0,0.0,0.0,0.0,0.0,0.0,0.0,0.0,0.0,0.0,0.0,0.0,0.0,0.0,0.0,0.0,0.0,0.0,0.0,0.0,0.0,0.0,0.0,0.0,0.0,0.0,0.0,0.0,0.0,0.0,0.0,0.0,0.0,0.0,0.0,0.0,0.0,0.0,0.0,0.0,0.0,0.0,0.0,0.0,0.0,0.0,0.0,0.0,0.0,0.0,0.0,0.0,0.0,0.0,0.0,0.0,0.0,0.0,0.0,drink
0.3357138931751251,0.6748474836349487,1.4918875024250156e-08,0.4034793972969055,0.6444196105003357,0.01522331964224577,0.4393017292022705,0.5940626263618469,0.01206002477556467,0.47248804569244385,0.568919837474823,3.712064426508732e-05,0.5073314905166626,0.5542763471603394,-0.011154506355524063,0.3795478343963623,0.4816821217536926,0.011927875690162182,0.42854297161102295,0.4100370705127716,-0.008770450949668884,0.47599899768829346,0.4295657277107239,-0.02546985074877739,0.49954479932785034,0.4655488431453705,-0.03383278101682663,0.3724258542060852,0.4830164611339569,-0.008596597239375114,0.43393394351005554,0.4030534625053406,-0.024530354887247086,0.4849780797958374,0.4254678189754486,-0.03314613550901413,0.5050630569458008,0.45808905363082886,-0.03707779943943024,0.37815234065055847,0.49819090962409973,-0.030067650601267815,0.43604329228401184,0.4137001633644104,-0.044395022094249725,0.4855222702026367,0.43079856038093567,-0.042674463242292404,0.5050424337387085,0.4624772369861603,-0.0387834869325161,0.39567235112190247,0.5258124470710754,-0.051215991377830505,0.4469163119792938,0.4615887701511383,-0.06075134500861168,0.4858114719390869,0.46065834164619446,-0.056469086557626724,0.5056123733520508,0.4760701358318329,-0.051264721900224686,0.0,0.0,0.0,0.0,0.0,0.0,0.0,0.0,0.0,0.0,0.0,0.0,0.0,0.0,0.0,0.0,0.0,0.0,0.0,0.0,0.0,0.0,0.0,0.0,0.0,0.0,0.0,0.0,0.0,0.0,0.0,0.0,0.0,0.0,0.0,0.0,0.0,0.0,0.0,0.0,0.0,0.0,0.0,0.0,0.0,0.0,0.0,0.0,0.0,0.0,0.0,0.0,0.0,0.0,0.0,0.0,0.0,0.0,0.0,0.0,0.0,0.0,0.0,drink
0.3311874270439148,0.7190162539482117,1.9257015537732514e-07,0.40163132548332214,0.6871620416641235,0.015189580619335175,0.44002124667167664,0.6345391273498535,0.012021355330944061,0.47505414485931396,0.6068456172943115,0.0005694978171959519,0.5099876523017883,0.593048095703125,-0.010840588249266148,0.37797823548316956,0.5227839350700378,0.005891615524888039,0.43487584590911865,0.4518142342567444,-0.012682695873081684,0.4848342835903168,0.45962417125701904,-0.02648942731320858,0.5187273621559143,0.4822998344898224,-0.03456640988588333,0.37409481406211853,0.5271455645561218,-0.015443988144397736,0.44543543457984924,0.4425245523452759,-0.035404592752456665,0.49875593185424805,0.45962902903556824,-0.045977745205163956,0.5284878611564636,0.48754191398620605,-0.050150543451309204,0.38339874148368835,0.5469048619270325,-0.036610327661037445,0.44810909032821655,0.46504509449005127,-0.05238306149840355,0.5010725259780884,0.47739842534065247,-0.05327490717172623,0.5295282602310181,0.5024501085281372,-0.05105845257639885,0.40366244316101074,0.5808736085891724,-0.05730031430721283,0.45562052726745605,0.5160746574401855,-0.06556172668933868,0.4943016767501831,0.5105112791061401,-0.06199333816766739,0.5190695524215698,0.519008994102478,-0.05791255459189415,0.0,0.0,0.0,0.0,0.0,0.0,0.0,0.0,0.0,0.0,0.0,0.0,0.0,0.0,0.0,0.0,0.0,0.0,0.0,0.0,0.0,0.0,0.0,0.0,0.0,0.0,0.0,0.0,0.0,0.0,0.0,0.0,0.0,0.0,0.0,0.0,0.0,0.0,0.0,0.0,0.0,0.0,0.0,0.0,0.0,0.0,0.0,0.0,0.0,0.0,0.0,0.0,0.0,0.0,0.0,0.0,0.0,0.0,0.0,0.0,0.0,0.0,0.0,drink
0.3279864192008972,0.7336743474006653,3.038891804862942e-07,0.40056395530700684,0.6977545022964478,0.015419966541230679,0.4417855739593506,0.6451096534729004,0.010630694217979908,0.47777634859085083,0.6159019470214844,-0.0022658109664916992,0.5121430158615112,0.6024411916732788,-0.015321156941354275,0.3746861517429352,0.5289282202720642,0.002926932880654931,0.43659907579421997,0.4601449966430664,-0.018091607838869095,0.4893609881401062,0.46657249331474304,-0.03538711369037628,0.5266575813293457,0.48702746629714966,-0.04615214094519615,0.37144365906715393,0.5340143442153931,-0.019698388874530792,0.45128345489501953,0.4471924304962158,-0.04235183820128441,0.5031137466430664,0.46623528003692627,-0.05709607154130936,0.5308272838592529,0.4979490041732788,-0.06412331014871597,0.3799188733100891,0.55596524477005,-0.041372328996658325,0.4463772475719452,0.47542476654052734,-0.05744152143597603,0.49717462062835693,0.4874076843261719,-0.058455370366573334,0.5250081419944763,0.5148543119430542,-0.05677472800016403,0.401364266872406,0.5953720211982727,-0.06260955333709717,0.45474404096603394,0.532244861125946,-0.07020188122987747,0.4933391213417053,0.5212559103965759,-0.06552809476852417,0.5191725492477417,0.5238666534423828,-0.060996416956186295,0.0,0.0,0.0,0.0,0.0,0.0,0.0,0.0,0.0,0.0,0.0,0.0,0.0,0.0,0.0,0.0,0.0,0.0,0.0,0.0,0.0,0.0,0.0,0.0,0.0,0.0,0.0,0.0,0.0,0.0,0.0,0.0,0.0,0.0,0.0,0.0,0.0,0.0,0.0,0.0,0.0,0.0,0.0,0.0,0.0,0.0,0.0,0.0,0.0,0.0,0.0,0.0,0.0,0.0,0.0,0.0,0.0,0.0,0.0,0.0,0.0,0.0,0.0,drink
0.3549642562866211,0.6963834762573242,5.697572191820655e-07,0.4015347957611084,0.6812193393707275,0.002257283078506589,0.43774357438087463,0.6382609605789185,-0.009271879680454731,0.4804130792617798,0.6163969039916992,-0.025979986414313316,0.5187132358551025,0.5952773690223694,-0.0415961779654026,0.3761376142501831,0.5277794003486633,-0.01362302154302597,0.43998825550079346,0.45900973677635193,-0.03630922734737396,0.4881492853164673,0.46332991123199463,-0.05029364675283432,0.5197913646697998,0.48250895738601685,-0.0572393573820591,0.3737277090549469,0.5319307446479797,-0.029279092326760292,0.44503843784332275,0.4501643478870392,-0.0550723671913147,0.4968414306640625,0.46485522389411926,-0.0654507428407669,0.5260265469551086,0.49718257784843445,-0.06756170094013214,0.38394251465797424,0.55338454246521,-0.04506176337599754,0.4478742480278015,0.47777259349823,-0.06272096931934357,0.49934595823287964,0.48738938570022583,-0.06093808263540268,0.5283470153808594,0.5105283260345459,-0.056076399981975555,0.4064532518386841,0.5920316576957703,-0.06141731142997742,0.45892253518104553,0.5317944288253784,-0.07086078077554703,0.4954809248447418,0.5239622592926025,-0.06554842740297318,0.5176297426223755,0.5281470417976379,-0.05927199125289917,0.32774487137794495,0.7362472414970398,3.1689668844592234e-07,0.39992618560791016,0.6988533139228821,0.013493462465703487,0.4416073262691498,0.6442496180534363,0.007071641273796558,0.4783024489879608,0.6147480010986328,-0.007033944595605135,0.511534571647644,0.6045395731925964,-0.021163662895560265,0.37341853976249695,0.5286328196525574,-0.0013659556861966848,0.4360158443450928,0.4600096344947815,-0.024356575682759285,0.4895447790622711,0.4651709794998169,-0.04370839521288872,0.5288559198379517,0.48455917835235596,-0.05625931918621063,0.3695192337036133,0.5354828834533691,-0.023690879344940186,0.452544629573822,0.44742071628570557,-0.04910801723599434,0.5051610469818115,0.46691542863845825,-0.06636752188205719,0.5340300798416138,0.4986272156238556,-0.07542473822832108,0.3786660432815552,0.557938277721405,-0.04497799277305603,0.44649508595466614,0.4756326675415039,-0.06271561235189438,0.49923717975616455,0.4875293970108032,-0.06712590157985687,0.5288719534873962,0.5154129266738892,-0.068206787109375,0.4005366563796997,0.5965626835823059,-0.06595167517662048,0.4540705680847168,0.5333371162414551,-0.07412391155958176,0.4927666485309601,0.5217105150222778,-0.07179397344589233,0.519616425037384,0.5239467024803162,-0.06975790113210678,drink
0.32993656396865845,0.7444089651107788,2.9904060738772387e-07,0.4032248258590698,0.707037091255188,0.012480713427066803,0.4485360383987427,0.6508655548095703,0.00642173457890749,0.48490333557128906,0.6211649179458618,-0.007037942297756672,0.5181228518486023,0.6119539141654968,-0.020225610584020615,0.3745095431804657,0.5312378406524658,0.003063545562326908,0.43307843804359436,0.4602833092212677,-0.019797025248408318,0.4876970648765564,0.46556955575942993,-0.04089473560452461,0.5271431803703308,0.4875609278678894,-0.05446643754839897,0.370355486869812,0.5377121567726135,-0.018649158999323845,0.45179346203804016,0.44765034317970276,-0.044565580785274506,0.5046924948692322,0.46363675594329834,-0.064372718334198,0.5329079627990723,0.4956120252609253,-0.07480334490537643,0.37807875871658325,0.5580577254295349,-0.039561595767736435,0.44288915395736694,0.47433608770370483,-0.05708341300487518,0.4960862100124359,0.48067253828048706,-0.06283655762672424,0.5272722244262695,0.5090659856796265,-0.06443605571985245,0.4000662863254547,0.5962941646575928,-0.06039276719093323,0.4495198428630829,0.5298103094100952,-0.06805814802646637,0.48959243297576904,0.5155934691429138,-0.06592700630426407,0.5188559293746948,0.5188494324684143,-0.06372326612472534,0.0,0.0,0.0,0.0,0.0,0.0,0.0,0.0,0.0,0.0,0.0,0.0,0.0,0.0,0.0,0.0,0.0,0.0,0.0,0.0,0.0,0.0,0.0,0.0,0.0,0.0,0.0,0.0,0.0,0.0,0.0,0.0,0.0,0.0,0.0,0.0,0.0,0.0,0.0,0.0,0.0,0.0,0.0,0.0,0.0,0.0,0.0,0.0,0.0,0.0,0.0,0.0,0.0,0.0,0.0,0.0,0.0,0.0,0.0,0.0,0.0,0.0,0.0,drink
0.3668721914291382,0.7117438912391663,4.995131348550785e-07,0.42064008116722107,0.700821042060852,0.0072635444812476635,0.4577556252479553,0.6569212675094604,0.0018791652983054519,0.4962819218635559,0.630266547203064,-0.009932061657309532,0.5331730842590332,0.6071633100509644,-0.020063577219843864,0.3884729743003845,0.530070424079895,0.016411423683166504,0.434109628200531,0.4604001045227051,0.005017442163079977,0.482127845287323,0.45916253328323364,-0.004371940158307552,0.5162311792373657,0.4774589240550995,-0.008630964905023575,0.3798385560512543,0.5234606266021729,0.0025093371514230967,0.4335099458694458,0.44453829526901245,-0.008651738986372948,0.4880504012107849,0.45039767026901245,-0.013645198196172714,0.5239869356155396,0.47593310475349426,-0.01364979986101389,0.3832264542579651,0.5305005311965942,-0.01297803781926632,0.4360244572162628,0.45056861639022827,-0.02041572332382202,0.48815804719924927,0.45109254121780396,-0.017910653725266457,0.5213948488235474,0.47399258613586426,-0.013548030517995358,0.4015219807624817,0.5522150993347168,-0.02929801307618618,0.44623059034347534,0.48769286274909973,-0.03262355923652649,0.4845900237560272,0.4769430458545685,-0.027675408869981766,0.5114562511444092,0.48431023955345154,-0.02169136516749859,0.34157681465148926,0.7446871995925903,1.8922571598523064e-07,0.4137014150619507,0.7090429067611694,0.022781072184443474,0.45622196793556213,0.6536584496498108,0.024225957691669464,0.49387693405151367,0.6242875456809998,0.015522891655564308,0.533530056476593,0.6050541400909424,0.007065829820930958,0.39676135778427124,0.5280935168266296,0.030302932485938072,0.44136878848075867,0.4588170051574707,0.018669618293642998,0.48707935214042664,0.4611740708351135,0.005768589209765196,0.5171967148780823,0.4791792035102844,-0.0021144577767699957,0.38409167528152466,0.5254946947097778,0.006603159476071596,0.441817045211792,0.4386805295944214,-0.0036017175298184156,0.4922633171081543,0.4459414482116699,-0.013148299418389797,0.5209972262382507,0.4734821319580078,-0.018682165071368217,0.38199642300605774,0.5354596376419067,-0.017727389931678772,0.44034695625305176,0.4497358202934265,-0.0248858779668808,0.491227388381958,0.4557114541530609,-0.026819156482815742,0.5209702253341675,0.4811944365501404,-0.027698904275894165,0.39271190762519836,0.5567386746406555,-0.04157252609729767,0.44412553310394287,0.4927843511104584,-0.045005835592746735,0.4849288761615753,0.4850703477859497,-0.04183580353856087,0.5126070380210876,0.49359431862831116,-0.03904254361987114,drink
0.345703661441803,0.7049871683120728,1.7990312528581853e-07,0.4127301573753357,0.6728163957595825,0.025407960638403893,0.4550681412220001,0.6232803463935852,0.028517013415694237,0.4935198426246643,0.5965282320976257,0.019765572622418404,0.5311626195907593,0.5767639875411987,0.010417257435619831,0.4061843752861023,0.5009250044822693,0.041831839829683304,0.4463236927986145,0.4338935613632202,0.03198997303843498,0.49095287919044495,0.4378330111503601,0.018261555582284927,0.5190925002098083,0.4612785875797272,0.009854711592197418,0.39445415139198303,0.49454158544540405,0.016443492844700813,0.4439742863178253,0.4117777347564697,0.007302864920347929,0.4941110610961914,0.4214620590209961,-0.005305532831698656,0.5202884674072266,0.45452967286109924,-0.012945190072059631,0.3904263973236084,0.49686476588249207,-0.010115616023540497,0.43887659907341003,0.4127867519855499,-0.01733371987938881,0.49049192667007446,0.42432641983032227,-0.02243349328637123,0.5184155702590942,0.4554036855697632,-0.02506319247186184,0.3971794545650482,0.507699728012085,-0.03598963841795921,0.44020262360572815,0.43868303298950195,-0.04011040925979614,0.4809476435184479,0.4385013282299042,-0.037931084632873535,0.5072737336158752,0.4577843248844147,-0.035550571978092194,0.0,0.0,0.0,0.0,0.0,0.0,0.0,0.0,0.0,0.0,0.0,0.0,0.0,0.0,0.0,0.0,0.0,0.0,0.0,0.0,0.0,0.0,0.0,0.0,0.0,0.0,0.0,0.0,0.0,0.0,0.0,0.0,0.0,0.0,0.0,0.0,0.0,0.0,0.0,0.0,0.0,0.0,0.0,0.0,0.0,0.0,0.0,0.0,0.0,0.0,0.0,0.0,0.0,0.0,0.0,0.0,0.0,0.0,0.0,0.0,0.0,0.0,0.0,drink
0.3440033793449402,0.682094931602478,2.631016400300723e-07,0.41124120354652405,0.6502084732055664,0.02168099582195282,0.4557170569896698,0.606809139251709,0.02411828562617302,0.49609750509262085,0.5826292037963867,0.015059072524309158,0.5331862568855286,0.5595314502716064,0.005543906707316637,0.4017818868160248,0.48452243208885193,0.05175821855664253,0.44238969683647156,0.4235489070415497,0.04575536400079727,0.48383066058158875,0.42283564805984497,0.032519299536943436,0.5104808807373047,0.44025030732154846,0.023774132132530212,0.3897789716720581,0.4755842387676239,0.028933914378285408,0.4394493103027344,0.3995591402053833,0.02233024314045906,0.48587116599082947,0.40736234188079834,0.007645110134035349,0.5138094425201416,0.43839842081069946,-0.0015973019180819392,0.38571232557296753,0.47400787472724915,0.004233307670801878,0.43480008840560913,0.396090030670166,0.00013208547898102552,0.4831571877002716,0.40514856576919556,-0.005421001464128494,0.5125855803489685,0.4345627725124359,-0.00874383095651865,0.3923937976360321,0.4808498024940491,-0.020464815199375153,0.43616852164268494,0.4153028726577759,-0.020991239696741104,0.47492510080337524,0.4127119183540344,-0.017708320170640945,0.5020791888237,0.4287635087966919,-0.014998969621956348,0.0,0.0,0.0,0.0,0.0,0.0,0.0,0.0,0.0,0.0,0.0,0.0,0.0,0.0,0.0,0.0,0.0,0.0,0.0,0.0,0.0,0.0,0.0,0.0,0.0,0.0,0.0,0.0,0.0,0.0,0.0,0.0,0.0,0.0,0.0,0.0,0.0,0.0,0.0,0.0,0.0,0.0,0.0,0.0,0.0,0.0,0.0,0.0,0.0,0.0,0.0,0.0,0.0,0.0,0.0,0.0,0.0,0.0,0.0,0.0,0.0,0.0,0.0,drink
0.34971269965171814,0.6797550916671753,1.975814996058034e-07,0.4150131940841675,0.6493191123008728,0.01909119077026844,0.45804575085639954,0.6065823435783386,0.021055491641163826,0.4962066411972046,0.5793891549110413,0.012192727997899055,0.5343823432922363,0.5544915199279785,0.0031072001438587904,0.40850090980529785,0.49018701910972595,0.050467438995838165,0.4470330476760864,0.4314546585083008,0.04448654502630234,0.48553454875946045,0.43032073974609375,0.031159570440649986,0.5107541680335999,0.44599688053131104,0.022241484373807907,0.39629673957824707,0.48002713918685913,0.02916911616921425,0.4399472177028656,0.4078792333602905,0.02289545349776745,0.4842987060546875,0.4116976857185364,0.008807671256363392,0.5118770003318787,0.4393959641456604,-0.00019573721510823816,0.3899683654308319,0.477326363325119,0.005579745396971703,0.43216606974601746,0.40048444271087646,0.001667217817157507,0.47808805108070374,0.40331774950027466,-0.003530653426423669,0.507588267326355,0.4283828139305115,-0.006709545385092497,0.3923916816711426,0.4823588728904724,-0.018300911411643028,0.42954280972480774,0.4168693721294403,-0.019429681822657585,0.46637558937072754,0.4091145992279053,-0.016784172505140305,0.49414050579071045,0.42117854952812195,-0.014390163123607635,0.0,0.0,0.0,0.0,0.0,0.0,0.0,0.0,0.0,0.0,0.0,0.0,0.0,0.0,0.0,0.0,0.0,0.0,0.0,0.0,0.0,0.0,0.0,0.0,0.0,0.0,0.0,0.0,0.0,0.0,0.0,0.0,0.0,0.0,0.0,0.0,0.0,0.0,0.0,0.0,0.0,0.0,0.0,0.0,0.0,0.0,0.0,0.0,0.0,0.0,0.0,0.0,0.0,0.0,0.0,0.0,0.0,0.0,0.0,0.0,0.0,0.0,0.0,drink
0.3493908643722534,0.6253315210342407,2.353701091806215e-07,0.41361913084983826,0.594948947429657,0.013621930032968521,0.45337817072868347,0.5599222779273987,0.015559043735265732,0.4894208014011383,0.5347830057144165,0.0077565861865878105,0.5229912996292114,0.5077731013298035,-0.0008265954675152898,0.4285062253475189,0.46692267060279846,0.0462927483022213,0.46632301807403564,0.4301720857620239,0.03782063350081444,0.4987099766731262,0.4348044693470001,0.022342674434185028,0.520446240901947,0.44765788316726685,0.012185405008494854,0.41822078824043274,0.4515065848827362,0.02812792919576168,0.4559140205383301,0.3849033713340759,0.01968359760940075,0.49387264251708984,0.3819277584552765,0.0035790354013442993,0.5209727883338928,0.40057045221328735,-0.00672617694362998,0.4059392213821411,0.44341209530830383,0.006710237357765436,0.43848010897636414,0.36715948581695557,-0.0028813513927161694,0.48081696033477783,0.3649405241012573,-0.013923317193984985,0.5125371217727661,0.38393932580947876,-0.01958480291068554,0.39614492654800415,0.44166600704193115,-0.014866500161588192,0.42735302448272705,0.37753939628601074,-0.021956732496619225,0.46421992778778076,0.36961764097213745,-0.023980921134352684,0.4955381751060486,0.3813563883304596,-0.024045122787356377,0.0,0.0,0.0,0.0,0.0,0.0,0.0,0.0,0.0,0.0,0.0,0.0,0.0,0.0,0.0,0.0,0.0,0.0,0.0,0.0,0.0,0.0,0.0,0.0,0.0,0.0,0.0,0.0,0.0,0.0,0.0,0.0,0.0,0.0,0.0,0.0,0.0,0.0,0.0,0.0,0.0,0.0,0.0,0.0,0.0,0.0,0.0,0.0,0.0,0.0,0.0,0.0,0.0,0.0,0.0,0.0,0.0,0.0,0.0,0.0,0.0,0.0,0.0,drink
0.3461076021194458,0.5725395679473877,1.9856999244893814e-07,0.4101598858833313,0.5590022206306458,0.011916632764041424,0.4517735242843628,0.5289134383201599,0.017717460170388222,0.4855404496192932,0.5037235021591187,0.014600938186049461,0.5152552723884583,0.4742885231971741,0.01084743533283472,0.4344918429851532,0.4413849711418152,0.051969218999147415,0.46765342354774475,0.4098624885082245,0.04728951305150986,0.4969285726547241,0.41336768865585327,0.03450779989361763,0.5132624506950378,0.42667195200920105,0.026462728157639503,0.4262605309486389,0.42128509283065796,0.03647666424512863,0.4633355438709259,0.36659079790115356,0.029813911765813828,0.496859073638916,0.3718055486679077,0.013428153470158577,0.5135314464569092,0.40031591057777405,0.0038398769684135914,0.4127404987812042,0.4049696922302246,0.017552081495523453,0.44820162653923035,0.3420215845108032,0.010380138643085957,0.4841172695159912,0.3510497808456421,-9.573219722369686e-05,0.5040122270584106,0.37956979870796204,-0.004950095433741808,0.39853334426879883,0.3951036036014557,-0.001733074546791613,0.4325141906738281,0.3397035002708435,-0.007452039979398251,0.4656568765640259,0.3415543735027313,-0.00919823907315731,0.4889243245124817,0.36375200748443604,-0.008586560375988483,0.0,0.0,0.0,0.0,0.0,0.0,0.0,0.0,0.0,0.0,0.0,0.0,0.0,0.0,0.0,0.0,0.0,0.0,0.0,0.0,0.0,0.0,0.0,0.0,0.0,0.0,0.0,0.0,0.0,0.0,0.0,0.0,0.0,0.0,0.0,0.0,0.0,0.0,0.0,0.0,0.0,0.0,0.0,0.0,0.0,0.0,0.0,0.0,0.0,0.0,0.0,0.0,0.0,0.0,0.0,0.0,0.0,0.0,0.0,0.0,0.0,0.0,0.0,drink
0.3469989597797394,0.5483653545379639,2.486778498678177e-07,0.4088827967643738,0.5397608876228333,0.007476661819964647,0.44913095235824585,0.5126162171363831,0.012786145322024822,0.4863988161087036,0.4877435266971588,0.010369428433477879,0.5174808502197266,0.4585871994495392,0.007741348817944527,0.42812222242355347,0.4265105724334717,0.05313289165496826,0.4621768295764923,0.396496444940567,0.049057163298130035,0.49340906739234924,0.40363413095474243,0.03572026640176773,0.5101157426834106,0.4189942479133606,0.02731499634683132,0.42203599214553833,0.40557217597961426,0.0409560389816761,0.46286284923553467,0.36035090684890747,0.03375793620944023,0.4959256052970886,0.3715827763080597,0.01470681931823492,0.5114749073982239,0.4016399383544922,0.003368689212948084,0.41109976172447205,0.38798272609710693,0.024978185072541237,0.4493337869644165,0.3340175449848175,0.018958725035190582,0.48454660177230835,0.3462129831314087,0.006827997509390116,0.5032964944839478,0.37502557039260864,0.0005368948914110661,0.39806675910949707,0.3767942786216736,0.008152631111443043,0.43208903074264526,0.32392430305480957,0.0037953234277665615,0.46355706453323364,0.32680708169937134,0.001158539205789566,0.4855005443096161,0.34986498951911926,0.0006871091318316758,0.0,0.0,0.0,0.0,0.0,0.0,0.0,0.0,0.0,0.0,0.0,0.0,0.0,0.0,0.0,0.0,0.0,0.0,0.0,0.0,0.0,0.0,0.0,0.0,0.0,0.0,0.0,0.0,0.0,0.0,0.0,0.0,0.0,0.0,0.0,0.0,0.0,0.0,0.0,0.0,0.0,0.0,0.0,0.0,0.0,0.0,0.0,0.0,0.0,0.0,0.0,0.0,0.0,0.0,0.0,0.0,0.0,0.0,0.0,0.0,0.0,0.0,0.0,drink
0.3515797257423401,0.5456956624984741,2.649644272878504e-07,0.4125744104385376,0.5389902591705322,0.006761802360415459,0.45208173990249634,0.512239933013916,0.011975620873272419,0.4889574646949768,0.48752743005752563,0.009745484218001366,0.5202547311782837,0.45812204480171204,0.00746853556483984,0.429237425327301,0.4276253581047058,0.056139398366212845,0.46184855699539185,0.3993150293827057,0.05443314462900162,0.4914196729660034,0.4046688675880432,0.04181629791855812,0.5080020427703857,0.41648098826408386,0.03338180109858513,0.42234930396080017,0.4048951268196106,0.045443981885910034,0.4602763056755066,0.36396464705467224,0.04155770316720009,0.49207693338394165,0.3727642595767975,0.023540595546364784,0.5090306997299194,0.3981536626815796,0.01206973660737276,0.4116778075695038,0.38610410690307617,0.030756250023841858,0.44746991991996765,0.33559709787368774,0.027857275679707527,0.48191821575164795,0.3462156057357788,0.016252130270004272,0.5023758411407471,0.37232500314712524,0.009420424699783325,0.39916154742240906,0.37425947189331055,0.015140636824071407,0.4322964549064636,0.32460546493530273,0.013579011894762516,0.46261006593704224,0.3271758556365967,0.011844099499285221,0.48459142446517944,0.3488759398460388,0.011398226954042912,0.0,0.0,0.0,0.0,0.0,0.0,0.0,0.0,0.0,0.0,0.0,0.0,0.0,0.0,0.0,0.0,0.0,0.0,0.0,0.0,0.0,0.0,0.0,0.0,0.0,0.0,0.0,0.0,0.0,0.0,0.0,0.0,0.0,0.0,0.0,0.0,0.0,0.0,0.0,0.0,0.0,0.0,0.0,0.0,0.0,0.0,0.0,0.0,0.0,0.0,0.0,0.0,0.0,0.0,0.0,0.0,0.0,0.0,0.0,0.0,0.0,0.0,0.0,drink
0.34702107310295105,0.5198533535003662,3.6215425325281103e-07,0.4079272150993347,0.5184527635574341,0.008022328838706017,0.4496169984340668,0.49664801359176636,0.016184186562895775,0.4856508672237396,0.46720263361930847,0.016351554542779922,0.5188828110694885,0.43535497784614563,0.016261475160717964,0.42119622230529785,0.40750035643577576,0.06881634891033173,0.4534887969493866,0.37752920389175415,0.07233592867851257,0.4841454029083252,0.37855762243270874,0.06252679973840714,0.5033491253852844,0.38701683282852173,0.055447593331336975,0.41435596346855164,0.38475868105888367,0.058006033301353455,0.4500506818294525,0.3417752981185913,0.05995604023337364,0.4836560785770416,0.34501251578330994,0.043671656399965286,0.5061958432197571,0.3645158112049103,0.03254832699894905,0.4047391414642334,0.36584243178367615,0.042553894221782684,0.4396701455116272,0.3145662546157837,0.042193930596113205,0.474994421005249,0.32271093130111694,0.03153008967638016,0.4979006350040436,0.3443995416164398,0.02505677193403244,0.39459317922592163,0.3531450629234314,0.026051748543977737,0.43005305528640747,0.30170512199401855,0.02528713084757328,0.4614674746990204,0.3068101704120636,0.02453896775841713,0.4841523766517639,0.32849669456481934,0.02499922178685665,0.0,0.0,0.0,0.0,0.0,0.0,0.0,0.0,0.0,0.0,0.0,0.0,0.0,0.0,0.0,0.0,0.0,0.0,0.0,0.0,0.0,0.0,0.0,0.0,0.0,0.0,0.0,0.0,0.0,0.0,0.0,0.0,0.0,0.0,0.0,0.0,0.0,0.0,0.0,0.0,0.0,0.0,0.0,0.0,0.0,0.0,0.0,0.0,0.0,0.0,0.0,0.0,0.0,0.0,0.0,0.0,0.0,0.0,0.0,0.0,0.0,0.0,0.0,drink
0.35302281379699707,0.5167388319969177,3.217189430415601e-07,0.41321298480033875,0.5145511627197266,0.006723376456648111,0.4524886906147003,0.4949930012226105,0.011739872395992279,0.4874533414840698,0.4687618315219879,0.0095792505890131,0.520419180393219,0.43724554777145386,0.007491548079997301,0.426891565322876,0.4021123945713043,0.058233071118593216,0.45994049310684204,0.3749246597290039,0.059358514845371246,0.4904259741306305,0.37982046604156494,0.049168553203344345,0.5105091333389282,0.3901107907295227,0.04196282476186752,0.42063087224960327,0.3808813989162445,0.04790656268596649,0.4594111442565918,0.3424559235572815,0.04802846163511276,0.49268290400505066,0.35000723600387573,0.033135391771793365,0.5145789384841919,0.3722417950630188,0.0230997446924448,0.4110524356365204,0.3631388545036316,0.03344687819480896,0.4484747648239136,0.31520551443099976,0.033758047968149185,0.4833751320838928,0.3254602253437042,0.02489730902016163,0.5070000290870667,0.348491907119751,0.01909935474395752,0.4000612199306488,0.3505488932132721,0.01785350777208805,0.433165043592453,0.30276069045066833,0.01862398162484169,0.46393075585365295,0.3073658347129822,0.01865321770310402,0.48798051476478577,0.32853618264198303,0.019158873707056046,0.0,0.0,0.0,0.0,0.0,0.0,0.0,0.0,0.0,0.0,0.0,0.0,0.0,0.0,0.0,0.0,0.0,0.0,0.0,0.0,0.0,0.0,0.0,0.0,0.0,0.0,0.0,0.0,0.0,0.0,0.0,0.0,0.0,0.0,0.0,0.0,0.0,0.0,0.0,0.0,0.0,0.0,0.0,0.0,0.0,0.0,0.0,0.0,0.0,0.0,0.0,0.0,0.0,0.0,0.0,0.0,0.0,0.0,0.0,0.0,0.0,0.0,0.0,drink
0.35928887128829956,0.5336337685585022,2.8337640856079815e-07,0.41711997985839844,0.529010534286499,0.004743468016386032,0.45640185475349426,0.504192590713501,0.011464319191873074,0.48943954706192017,0.4759773313999176,0.012241443619132042,0.5183830261230469,0.4478587508201599,0.013315880671143532,0.4331824779510498,0.4237120747566223,0.05349378660321236,0.46730583906173706,0.40004169940948486,0.054535117000341415,0.49827924370765686,0.4052097201347351,0.04472895711660385,0.5190691947937012,0.4126978814601898,0.037509575486183167,0.4268019199371338,0.3996138572692871,0.045584022998809814,0.46497660875320435,0.3679279685020447,0.04645489528775215,0.4970991611480713,0.3719411790370941,0.0325353778898716,0.5215425491333008,0.38709136843681335,0.0222890917211771,0.4169411063194275,0.37860938906669617,0.033650998026132584,0.4530710279941559,0.33556944131851196,0.033538345247507095,0.485998272895813,0.3421201705932617,0.023862674832344055,0.511437177658081,0.36024734377861023,0.01708977483212948,0.4046071469783783,0.36245474219322205,0.020648181438446045,0.43850886821746826,0.3196622133255005,0.02084195427596569,0.4683712124824524,0.3218725919723511,0.019864290952682495,0.4937252998352051,0.3390231728553772,0.019248053431510925,0.0,0.0,0.0,0.0,0.0,0.0,0.0,0.0,0.0,0.0,0.0,0.0,0.0,0.0,0.0,0.0,0.0,0.0,0.0,0.0,0.0,0.0,0.0,0.0,0.0,0.0,0.0,0.0,0.0,0.0,0.0,0.0,0.0,0.0,0.0,0.0,0.0,0.0,0.0,0.0,0.0,0.0,0.0,0.0,0.0,0.0,0.0,0.0,0.0,0.0,0.0,0.0,0.0,0.0,0.0,0.0,0.0,0.0,0.0,0.0,0.0,0.0,0.0,drink
0.36831724643707275,0.5955142974853516,3.1578167636325816e-07,0.42594823241233826,0.5800200700759888,0.016787542030215263,0.4577459394931793,0.5358944535255432,0.026759009808301926,0.4863547384738922,0.5056694149971008,0.028080379590392113,0.517749547958374,0.4820820689201355,0.02940942719578743,0.41314706206321716,0.44533243775367737,0.058767419308423996,0.44821828603744507,0.410567045211792,0.05972112715244293,0.4872092604637146,0.4058980345726013,0.05059392750263214,0.516726016998291,0.4085075259208679,0.04372100532054901,0.4051133692264557,0.4271071255207062,0.042842429131269455,0.44650211930274963,0.3727095127105713,0.04192447289824486,0.4890212118625641,0.37026557326316833,0.03001977689564228,0.5215137600898743,0.38405272364616394,0.022130798548460007,0.3986501693725586,0.4165768623352051,0.023800605908036232,0.43917471170425415,0.3530312776565552,0.021220613270998,0.4847640097141266,0.3549957871437073,0.011948187835514545,0.5187431573867798,0.37423980236053467,0.006547663360834122,0.397147536277771,0.4154767692089081,0.004755213391035795,0.4385412037372589,0.35800400376319885,0.002520982874557376,0.4775819778442383,0.3580203950405121,0.0008471934706903994,0.5085185170173645,0.3755725026130676,0.00021699717035517097,0.0,0.0,0.0,0.0,0.0,0.0,0.0,0.0,0.0,0.0,0.0,0.0,0.0,0.0,0.0,0.0,0.0,0.0,0.0,0.0,0.0,0.0,0.0,0.0,0.0,0.0,0.0,0.0,0.0,0.0,0.0,0.0,0.0,0.0,0.0,0.0,0.0,0.0,0.0,0.0,0.0,0.0,0.0,0.0,0.0,0.0,0.0,0.0,0.0,0.0,0.0,0.0,0.0,0.0,0.0,0.0,0.0,0.0,0.0,0.0,0.0,0.0,0.0,drink
0.3589093089103699,0.5998252630233765,1.3899989426136017e-07,0.4217473864555359,0.5770673155784607,0.022961938753724098,0.45586103200912476,0.5345582365989685,0.03318207338452339,0.48497694730758667,0.5059524774551392,0.03214479610323906,0.5162321925163269,0.48211878538131714,0.03059014119207859,0.41348692774772644,0.44584569334983826,0.06554832309484482,0.45404067635536194,0.41567906737327576,0.06606771051883698,0.49081796407699585,0.4239848554134369,0.05478133261203766,0.515264630317688,0.4375426471233368,0.04631539806723595,0.40417951345443726,0.4298061430454254,0.04522734135389328,0.4494803547859192,0.37935617566108704,0.04382564499974251,0.49063751101493835,0.383127361536026,0.029460618272423744,0.5185275077819824,0.40196943283081055,0.019600989297032356,0.3971260190010071,0.41984909772872925,0.02203136496245861,0.4429725408554077,0.3564649522304535,0.018581029027700424,0.4881989359855652,0.36147719621658325,0.007626209408044815,0.518344521522522,0.3837698996067047,0.0010377134894952178,0.39608100056648254,0.4165668487548828,-0.0007479014457203448,0.43896061182022095,0.357652485370636,-0.003510153153911233,0.4786560535430908,0.35875236988067627,-0.005350309889763594,0.5091689229011536,0.37827223539352417,-0.006241010036319494,0.0,0.0,0.0,0.0,0.0,0.0,0.0,0.0,0.0,0.0,0.0,0.0,0.0,0.0,0.0,0.0,0.0,0.0,0.0,0.0,0.0,0.0,0.0,0.0,0.0,0.0,0.0,0.0,0.0,0.0,0.0,0.0,0.0,0.0,0.0,0.0,0.0,0.0,0.0,0.0,0.0,0.0,0.0,0.0,0.0,0.0,0.0,0.0,0.0,0.0,0.0,0.0,0.0,0.0,0.0,0.0,0.0,0.0,0.0,0.0,0.0,0.0,0.0,drink
0.36653590202331543,0.6515243053436279,1.516000196488676e-07,0.4242822229862213,0.6291016340255737,0.00918627344071865,0.45611006021499634,0.5698732733726501,0.008294522762298584,0.4860802888870239,0.5369387865066528,0.000589679810218513,0.5174472332000732,0.5179901719093323,-0.005216243676841259,0.3969506025314331,0.45603981614112854,0.017301352694630623,0.4510861933231354,0.39955446124076843,0.00039642787305638194,0.4970332086086273,0.41187411546707153,-0.015038342215120792,0.5247960686683655,0.43800199031829834,-0.023570021614432335,0.38961976766586304,0.4555264115333557,0.0023899890948086977,0.45381247997283936,0.39235812425613403,-0.0126580148935318,0.5017181634902954,0.41179025173187256,-0.022898314520716667,0.5295611619949341,0.43977850675582886,-0.027733026072382927,0.39679422974586487,0.4668172001838684,-0.014298580586910248,0.45637795329093933,0.40168946981430054,-0.026935875415802002,0.5039757490158081,0.4183570146560669,-0.030076123774051666,0.5307323336601257,0.4479271471500397,-0.02968679554760456,0.41678497195243835,0.48870959877967834,-0.03149348497390747,0.4671483337879181,0.43574801087379456,-0.039581187069416046,0.5043484568595886,0.44160187244415283,-0.03876740112900734,0.5282188057899475,0.4613761603832245,-0.03642168268561363,0.0,0.0,0.0,0.0,0.0,0.0,0.0,0.0,0.0,0.0,0.0,0.0,0.0,0.0,0.0,0.0,0.0,0.0,0.0,0.0,0.0,0.0,0.0,0.0,0.0,0.0,0.0,0.0,0.0,0.0,0.0,0.0,0.0,0.0,0.0,0.0,0.0,0.0,0.0,0.0,0.0,0.0,0.0,0.0,0.0,0.0,0.0,0.0,0.0,0.0,0.0,0.0,0.0,0.0,0.0,0.0,0.0,0.0,0.0,0.0,0.0,0.0,0.0,drink
0.3662034869194031,0.700760006904602,7.748150920861008e-08,0.42666810750961304,0.6628642082214355,0.017665114253759384,0.46258896589279175,0.6097362041473389,0.01573662832379341,0.49695828557014465,0.5810375213623047,0.005367088131606579,0.5235787034034729,0.5605238676071167,-0.004458416253328323,0.3966423571109772,0.5049925446510315,0.01070523913949728,0.46232256293296814,0.44455984234809875,-0.005901536904275417,0.5089728236198425,0.46185174584388733,-0.019819846376776695,0.5346011519432068,0.48904767632484436,-0.027671469375491142,0.3940576910972595,0.5077648758888245,-0.01032557338476181,0.46960484981536865,0.4386058449745178,-0.02323978766798973,0.5188321471214294,0.462903767824173,-0.031078331172466278,0.540630042552948,0.4950651228427887,-0.03544679284095764,0.4050481617450714,0.5260860919952393,-0.03120318241417408,0.4723781943321228,0.45212411880493164,-0.04238329082727432,0.5200996994972229,0.4740615785121918,-0.04079447686672211,0.5406572222709656,0.5063047409057617,-0.03842078149318695,0.42763152718544006,0.5566551089286804,-0.051368601620197296,0.48437005281448364,0.5010684132575989,-0.057193804532289505,0.5196541547775269,0.5049017667770386,-0.05132490396499634,0.5374170541763306,0.5218707323074341,-0.04628771170973778,0.0,0.0,0.0,0.0,0.0,0.0,0.0,0.0,0.0,0.0,0.0,0.0,0.0,0.0,0.0,0.0,0.0,0.0,0.0,0.0,0.0,0.0,0.0,0.0,0.0,0.0,0.0,0.0,0.0,0.0,0.0,0.0,0.0,0.0,0.0,0.0,0.0,0.0,0.0,0.0,0.0,0.0,0.0,0.0,0.0,0.0,0.0,0.0,0.0,0.0,0.0,0.0,0.0,0.0,0.0,0.0,0.0,0.0,0.0,0.0,0.0,0.0,0.0,drink
0.3595450520515442,0.725313127040863,1.9582769539283618e-07,0.41697609424591064,0.6824085712432861,0.015322159044444561,0.45426756143569946,0.6284138560295105,0.0121198371052742,0.49117493629455566,0.598289966583252,0.0009625424281693995,0.5218958258628845,0.576027512550354,-0.009803412482142448,0.39237210154533386,0.5245561003684998,0.007002437021583319,0.4588850438594818,0.4636957347393036,-0.008260520175099373,0.5047180652618408,0.4745972752571106,-0.020060095936059952,0.533992350101471,0.4966674745082855,-0.02704627625644207,0.3930715024471283,0.5309234857559204,-0.01310085691511631,0.4697101414203644,0.4585850238800049,-0.02553177811205387,0.5156914591789246,0.4758985936641693,-0.032639872282743454,0.5417643189430237,0.5028238296508789,-0.036647696048021317,0.4072801470756531,0.5529780387878418,-0.032896947115659714,0.47603246569633484,0.480105459690094,-0.04298419877886772,0.5213783979415894,0.49993205070495605,-0.04013538360595703,0.5448249578475952,0.5295013785362244,-0.03716970980167389,0.4323377013206482,0.5890672206878662,-0.05233925208449364,0.48529136180877686,0.5305243730545044,-0.05652274191379547,0.5188487768173218,0.5303344130516052,-0.04984654113650322,0.5397858619689941,0.5431228280067444,-0.04451210796833038,0.0,0.0,0.0,0.0,0.0,0.0,0.0,0.0,0.0,0.0,0.0,0.0,0.0,0.0,0.0,0.0,0.0,0.0,0.0,0.0,0.0,0.0,0.0,0.0,0.0,0.0,0.0,0.0,0.0,0.0,0.0,0.0,0.0,0.0,0.0,0.0,0.0,0.0,0.0,0.0,0.0,0.0,0.0,0.0,0.0,0.0,0.0,0.0,0.0,0.0,0.0,0.0,0.0,0.0,0.0,0.0,0.0,0.0,0.0,0.0,0.0,0.0,0.0,drink
0.3521292209625244,0.764032781124115,1.9616157942436985e-07,0.3980010449886322,0.709081768989563,0.017508545890450478,0.4381076693534851,0.6513625383377075,0.013396531343460083,0.4875953495502472,0.6237136125564575,0.0012770062312483788,0.5257078409194946,0.6071258783340454,-0.010959777049720287,0.3868589401245117,0.5623968243598938,0.0018968511139973998,0.4582343101501465,0.49560120701789856,-0.013244605623185635,0.5030632019042969,0.5100377798080444,-0.023098425939679146,0.5299327373504639,0.5357834696769714,-0.028343016281723976,0.39217060804367065,0.5716179609298706,-0.018990056589245796,0.47230881452560425,0.4957609474658966,-0.03043685294687748,0.5167735815048218,0.5135790705680847,-0.03516538068652153,0.5402141213417053,0.5418480038642883,-0.037429407238960266,0.408454567193985,0.5984411239624023,-0.039030272513628006,0.4805997610092163,0.522586464881897,-0.046698275953531265,0.5260049104690552,0.5379773378372192,-0.04318292438983917,0.5492818355560303,0.5633229613304138,-0.040452584624290466,0.43270784616470337,0.6375933885574341,-0.05832386016845703,0.48790714144706726,0.578484296798706,-0.06036888062953949,0.5205174684524536,0.5741709470748901,-0.05319232866168022,0.5407283306121826,0.5814385414123535,-0.047839514911174774,0.0,0.0,0.0,0.0,0.0,0.0,0.0,0.0,0.0,0.0,0.0,0.0,0.0,0.0,0.0,0.0,0.0,0.0,0.0,0.0,0.0,0.0,0.0,0.0,0.0,0.0,0.0,0.0,0.0,0.0,0.0,0.0,0.0,0.0,0.0,0.0,0.0,0.0,0.0,0.0,0.0,0.0,0.0,0.0,0.0,0.0,0.0,0.0,0.0,0.0,0.0,0.0,0.0,0.0,0.0,0.0,0.0,0.0,0.0,0.0,0.0,0.0,0.0,drink
0.3475029170513153,0.770464301109314,2.761366886261385e-07,0.3948504328727722,0.7133839726448059,0.02223581075668335,0.4353310167789459,0.65301114320755,0.019744396209716797,0.486480712890625,0.6227080225944519,0.008232546970248222,0.5266754031181335,0.6007454991340637,-0.0035043531097471714,0.3844771087169647,0.5607392191886902,0.004443937912583351,0.46117040514945984,0.49583929777145386,-0.01021530944854021,0.5084174871444702,0.5085225105285645,-0.01911034807562828,0.5374940633773804,0.5320202112197876,-0.02349579520523548,0.3888638913631439,0.5692369341850281,-0.019117258489131927,0.47295984625816345,0.49485570192337036,-0.03000306896865368,0.5211413502693176,0.5136276483535767,-0.034031596034765244,0.5473595261573792,0.5436384081840515,-0.03540550917387009,0.4045330584049225,0.5972868800163269,-0.04131152108311653,0.48023268580436707,0.5241793394088745,-0.048017654567956924,0.527529239654541,0.541596531867981,-0.04302477464079857,0.551601231098175,0.5669675469398499,-0.03901851922273636,0.42898109555244446,0.6385366320610046,-0.06237334758043289,0.48777610063552856,0.5775992274284363,-0.06346824765205383,0.5220277905464172,0.5758216381072998,-0.05451376736164093,0.5418519377708435,0.5845601558685303,-0.04732117801904678,0.0,0.0,0.0,0.0,0.0,0.0,0.0,0.0,0.0,0.0,0.0,0.0,0.0,0.0,0.0,0.0,0.0,0.0,0.0,0.0,0.0,0.0,0.0,0.0,0.0,0.0,0.0,0.0,0.0,0.0,0.0,0.0,0.0,0.0,0.0,0.0,0.0,0.0,0.0,0.0,0.0,0.0,0.0,0.0,0.0,0.0,0.0,0.0,0.0,0.0,0.0,0.0,0.0,0.0,0.0,0.0,0.0,0.0,0.0,0.0,0.0,0.0,0.0,drink
0.34877610206604004,0.7916164398193359,2.2735102334081603e-07,0.40891632437705994,0.7308715581893921,0.02845103107392788,0.44661763310432434,0.6728131175041199,0.026875335723161697,0.4920853078365326,0.6400856971740723,0.01448157336562872,0.5332861542701721,0.6184380650520325,0.00157487066462636,0.38406485319137573,0.5789819359779358,0.009680927731096745,0.46158623695373535,0.5171382427215576,-0.006008479744195938,0.5082104206085205,0.5319733619689941,-0.016238367184996605,0.5363941788673401,0.5565569996833801,-0.021809348836541176,0.38302528858184814,0.5868226289749146,-0.018959147855639458,0.47115448117256165,0.509964108467102,-0.03328736126422882,0.5208653211593628,0.5342056155204773,-0.03824412822723389,0.5449649691581726,0.5706603527069092,-0.03886398300528526,0.3972702622413635,0.6164646744728088,-0.045807771384716034,0.4772642254829407,0.5356014966964722,-0.055228106677532196,0.5267152190208435,0.5591495633125305,-0.04798879101872444,0.5487911105155945,0.5889000296592712,-0.04112471267580986,0.4216417968273163,0.6578792929649353,-0.07107599079608917,0.4828330874443054,0.5958789587020874,-0.07466576993465424,0.5189255475997925,0.5925822854042053,-0.06482308357954025,0.5392948389053345,0.5985904335975647,-0.05602804571390152,0.0,0.0,0.0,0.0,0.0,0.0,0.0,0.0,0.0,0.0,0.0,0.0,0.0,0.0,0.0,0.0,0.0,0.0,0.0,0.0,0.0,0.0,0.0,0.0,0.0,0.0,0.0,0.0,0.0,0.0,0.0,0.0,0.0,0.0,0.0,0.0,0.0,0.0,0.0,0.0,0.0,0.0,0.0,0.0,0.0,0.0,0.0,0.0,0.0,0.0,0.0,0.0,0.0,0.0,0.0,0.0,0.0,0.0,0.0,0.0,0.0,0.0,0.0,drink
0.3505842685699463,0.7929309606552124,1.930700648244965e-07,0.4212602376937866,0.7394548654556274,0.027647333219647408,0.4582599699497223,0.6794564127922058,0.02885289303958416,0.49688979983329773,0.6430798172950745,0.01892559416592121,0.5311276316642761,0.6144323348999023,0.008906902745366096,0.38617444038391113,0.5783871412277222,0.015987135469913483,0.45904719829559326,0.5120203495025635,0.001626122510060668,0.507148027420044,0.5216867923736572,-0.008600660599768162,0.5368022322654724,0.5411356687545776,-0.014646634459495544,0.383530855178833,0.5835287570953369,-0.011872607283294201,0.4704858064651489,0.5057875514030457,-0.025360239669680595,0.5216304063796997,0.5288760662078857,-0.030920425429940224,0.545008659362793,0.5607392191886902,-0.032696355134248734,0.3959205448627472,0.6070650219917297,-0.03863537684082985,0.4740697741508484,0.5274723768234253,-0.04895094409584999,0.5235195755958557,0.5503033399581909,-0.043186161667108536,0.5440781712532043,0.5805678367614746,-0.037466514855623245,0.41904282569885254,0.6425719857215881,-0.06419043987989426,0.4775167405605316,0.5755584239959717,-0.06979759782552719,0.5150637626647949,0.5722595453262329,-0.06224701926112175,0.5353842973709106,0.5813273191452026,-0.05531395226716995,0.0,0.0,0.0,0.0,0.0,0.0,0.0,0.0,0.0,0.0,0.0,0.0,0.0,0.0,0.0,0.0,0.0,0.0,0.0,0.0,0.0,0.0,0.0,0.0,0.0,0.0,0.0,0.0,0.0,0.0,0.0,0.0,0.0,0.0,0.0,0.0,0.0,0.0,0.0,0.0,0.0,0.0,0.0,0.0,0.0,0.0,0.0,0.0,0.0,0.0,0.0,0.0,0.0,0.0,0.0,0.0,0.0,0.0,0.0,0.0,0.0,0.0,0.0,drink
0.3553216755390167,0.7863050103187561,2.1549644202423224e-07,0.4320582151412964,0.7309151291847229,0.02220257930457592,0.4638652205467224,0.671199381351471,0.02210301160812378,0.49867066740989685,0.6331155300140381,0.011765759438276291,0.5331147313117981,0.6038699150085449,0.0018102212343364954,0.3897087275981903,0.5680035352706909,0.016875537112355232,0.4598686099052429,0.5058162212371826,-0.0002761147916316986,0.509053647518158,0.5175914764404297,-0.014988251030445099,0.5398561954498291,0.5381625294685364,-0.024168843403458595,0.3835751414299011,0.5714260339736938,-0.007843760773539543,0.4705514907836914,0.4967518746852875,-0.02508169412612915,0.5218242406845093,0.522242546081543,-0.035178232938051224,0.5450003147125244,0.555107831954956,-0.039758261293172836,0.39410319924354553,0.5934224724769592,-0.03224937617778778,0.47090551257133484,0.5139496326446533,-0.04628681018948555,0.5209043622016907,0.5387260913848877,-0.04479086771607399,0.5416512489318848,0.5729852318763733,-0.041068267077207565,0.41701868176460266,0.6276791095733643,-0.055902149528265,0.4781230390071869,0.5645778775215149,-0.06448601186275482,0.5179004669189453,0.5644122958183289,-0.05980450659990311,0.539641797542572,0.5772755146026611,-0.05462614446878433,0.0,0.0,0.0,0.0,0.0,0.0,0.0,0.0,0.0,0.0,0.0,0.0,0.0,0.0,0.0,0.0,0.0,0.0,0.0,0.0,0.0,0.0,0.0,0.0,0.0,0.0,0.0,0.0,0.0,0.0,0.0,0.0,0.0,0.0,0.0,0.0,0.0,0.0,0.0,0.0,0.0,0.0,0.0,0.0,0.0,0.0,0.0,0.0,0.0,0.0,0.0,0.0,0.0,0.0,0.0,0.0,0.0,0.0,0.0,0.0,0.0,0.0,0.0,drink
0.363097608089447,0.7717574238777161,1.8068803342430328e-07,0.43710556626319885,0.7188031673431396,0.03062157705426216,0.4698253571987152,0.6559608578681946,0.03875652328133583,0.5019294619560242,0.6208509206771851,0.03469014912843704,0.5324980616569519,0.5926519632339478,0.03083985112607479,0.3929992914199829,0.5457178950309753,0.04418133944272995,0.45298999547958374,0.4840441346168518,0.03083488717675209,0.5050105452537537,0.4929955005645752,0.01372996624559164,0.5377941727638245,0.5221360921859741,0.003743578912690282,0.38524261116981506,0.545910120010376,0.017549345269799232,0.46108224987983704,0.47498446702957153,0.005614615511149168,0.5141937732696533,0.49443379044532776,-0.009137410670518875,0.5389605164527893,0.5308996438980103,-0.017314104363322258,0.39233723282814026,0.5597290992736816,-0.00933113880455494,0.46054962277412415,0.48238077759742737,-0.017834637314081192,0.5122723579406738,0.5009963512420654,-0.020759642124176025,0.5353986620903015,0.5374627113342285,-0.020537467673420906,0.4122433066368103,0.5820654630661011,-0.03512383624911308,0.4670428931713104,0.5149716734886169,-0.038399334996938705,0.5067967176437378,0.5186956524848938,-0.03333267569541931,0.529663622379303,0.5398657917976379,-0.02796189859509468,0.0,0.0,0.0,0.0,0.0,0.0,0.0,0.0,0.0,0.0,0.0,0.0,0.0,0.0,0.0,0.0,0.0,0.0,0.0,0.0,0.0,0.0,0.0,0.0,0.0,0.0,0.0,0.0,0.0,0.0,0.0,0.0,0.0,0.0,0.0,0.0,0.0,0.0,0.0,0.0,0.0,0.0,0.0,0.0,0.0,0.0,0.0,0.0,0.0,0.0,0.0,0.0,0.0,0.0,0.0,0.0,0.0,0.0,0.0,0.0,0.0,0.0,0.0,drink
0.3627457916736603,0.7712971568107605,1.2044924346810149e-07,0.4377712905406952,0.7146497964859009,0.02705507166683674,0.4708840548992157,0.6535400748252869,0.031410668045282364,0.5020433664321899,0.6200273036956787,0.02397909015417099,0.5355693697929382,0.5920396447181702,0.016784530133008957,0.3930100202560425,0.5468675494194031,0.037806298583745956,0.4568648338317871,0.4847913086414337,0.020867472514510155,0.5085620284080505,0.49924859404563904,0.0011171362129971385,0.5399289131164551,0.5320841073989868,-0.010342556051909924,0.3842563331127167,0.5454564690589905,0.011262912303209305,0.4636131823062897,0.4735648036003113,-0.0029169528279453516,0.5182536840438843,0.4956369698047638,-0.019371680915355682,0.5437631011009216,0.5328959226608276,-0.02883528359234333,0.39140424132347107,0.5584494471549988,-0.0156771931797266,0.4627473056316376,0.4796680510044098,-0.02517351321876049,0.5154491662979126,0.4993543028831482,-0.02821178175508976,0.5386073589324951,0.5353887677192688,-0.02821851149201393,0.41081804037094116,0.5810467004776001,-0.04193965718150139,0.4653845429420471,0.5112876892089844,-0.04525555297732353,0.5064033269882202,0.5139482617378235,-0.03963702172040939,0.5300465822219849,0.5345940589904785,-0.03413035348057747,0.0,0.0,0.0,0.0,0.0,0.0,0.0,0.0,0.0,0.0,0.0,0.0,0.0,0.0,0.0,0.0,0.0,0.0,0.0,0.0,0.0,0.0,0.0,0.0,0.0,0.0,0.0,0.0,0.0,0.0,0.0,0.0,0.0,0.0,0.0,0.0,0.0,0.0,0.0,0.0,0.0,0.0,0.0,0.0,0.0,0.0,0.0,0.0,0.0,0.0,0.0,0.0,0.0,0.0,0.0,0.0,0.0,0.0,0.0,0.0,0.0,0.0,0.0,drink
0.37022340297698975,0.7368487119674683,9.915374477031946e-08,0.43892911076545715,0.6876059174537659,0.026436176151037216,0.47214475274086,0.628484845161438,0.03218129277229309,0.5023468136787415,0.594179630279541,0.026233874261379242,0.5332102179527283,0.5619246363639832,0.020649481564760208,0.4030326306819916,0.5214752554893494,0.04585117846727371,0.4588107466697693,0.46822988986968994,0.03548905625939369,0.5044144988059998,0.47970902919769287,0.020089542493224144,0.5334463119506836,0.5069648027420044,0.011099602095782757,0.39154478907585144,0.5172451734542847,0.02163703925907612,0.4601310193538666,0.4548272490501404,0.01297764666378498,0.5093763470649719,0.472429096698761,-0.0005221019964665174,0.5368120074272156,0.505122721195221,-0.008646989241242409,0.39357587695121765,0.5236678123474121,-0.0036990053486078978,0.45925742387771606,0.45170605182647705,-0.009776799008250237,0.5088171362876892,0.4684125483036041,-0.0137958824634552,0.5355904698371887,0.5028619170188904,-0.015130992978811264,0.4090192914009094,0.5359262824058533,-0.028456443920731544,0.4598357081413269,0.4692493975162506,-0.02957083471119404,0.49998125433921814,0.4703606963157654,-0.02504374459385872,0.5268023014068604,0.4888255000114441,-0.020865298807621002,0.0,0.0,0.0,0.0,0.0,0.0,0.0,0.0,0.0,0.0,0.0,0.0,0.0,0.0,0.0,0.0,0.0,0.0,0.0,0.0,0.0,0.0,0.0,0.0,0.0,0.0,0.0,0.0,0.0,0.0,0.0,0.0,0.0,0.0,0.0,0.0,0.0,0.0,0.0,0.0,0.0,0.0,0.0,0.0,0.0,0.0,0.0,0.0,0.0,0.0,0.0,0.0,0.0,0.0,0.0,0.0,0.0,0.0,0.0,0.0,0.0,0.0,0.0,drink
0.3721694052219391,0.6878368258476257,1.5113678841771616e-07,0.4388217628002167,0.6502788066864014,0.028739210218191147,0.4741632044315338,0.6006845235824585,0.03994601592421532,0.5042261481285095,0.5668445825576782,0.03925740718841553,0.5353386998176575,0.5371546149253845,0.03809671103954315,0.41196319460868835,0.4980267286300659,0.06493610143661499,0.46001335978507996,0.4540458023548126,0.0651039183139801,0.5006697773933411,0.4579797387123108,0.05398552864789963,0.5284457802772522,0.47622743248939514,0.04655660316348076,0.4020528495311737,0.48687201738357544,0.043043676763772964,0.45938289165496826,0.4300319254398346,0.04284589737653732,0.5042892694473267,0.43951672315597534,0.028589684516191483,0.5336554646492004,0.4676980674266815,0.019110828638076782,0.40293633937835693,0.4851025640964508,0.019852614030241966,0.4589290916919708,0.418071448802948,0.020510029047727585,0.5043632388114929,0.42760080099105835,0.013873547315597534,0.5325692892074585,0.45620256662368774,0.009888739325106144,0.41413259506225586,0.48892584443092346,-0.0025259715039283037,0.46022340655326843,0.4272336959838867,0.0017912638140842319,0.49599847197532654,0.42128655314445496,0.005968145560473204,0.5210475921630859,0.4329625070095062,0.009152865968644619,0.0,0.0,0.0,0.0,0.0,0.0,0.0,0.0,0.0,0.0,0.0,0.0,0.0,0.0,0.0,0.0,0.0,0.0,0.0,0.0,0.0,0.0,0.0,0.0,0.0,0.0,0.0,0.0,0.0,0.0,0.0,0.0,0.0,0.0,0.0,0.0,0.0,0.0,0.0,0.0,0.0,0.0,0.0,0.0,0.0,0.0,0.0,0.0,0.0,0.0,0.0,0.0,0.0,0.0,0.0,0.0,0.0,0.0,0.0,0.0,0.0,0.0,0.0,drink
0.37534046173095703,0.6636922955513,1.1220731011007956e-07,0.4369474947452545,0.6354236006736755,0.02623223327100277,0.4715419411659241,0.5907413959503174,0.03642437607049942,0.5037904381752014,0.5603829026222229,0.03506956622004509,0.5357280969619751,0.5293402671813965,0.03333897516131401,0.42362940311431885,0.49919790029525757,0.06659436970949173,0.4715498089790344,0.47292378544807434,0.06695395708084106,0.5115219950675964,0.4809191823005676,0.05532306060194969,0.5373626351356506,0.49636217951774597,0.04714977741241455,0.4148605763912201,0.4818083345890045,0.04623231291770935,0.46412423253059387,0.43309974670410156,0.04734465852379799,0.5075467824935913,0.4386579990386963,0.034345339983701706,0.5382839441299438,0.4602898955345154,0.024818209931254387,0.4113347828388214,0.47240641713142395,0.023633800446987152,0.4583878517150879,0.4084395170211792,0.024277066811919212,0.5032656788825989,0.41174712777137756,0.01634819619357586,0.5344651937484741,0.43478426337242126,0.010770082473754883,0.41586390137672424,0.4690485894680023,0.0015393520006909966,0.4573289453983307,0.4107133448123932,0.004027307964861393,0.4944455921649933,0.40430471301078796,0.005526547320187092,0.5237892270088196,0.41533416509628296,0.006316340994089842,0.0,0.0,0.0,0.0,0.0,0.0,0.0,0.0,0.0,0.0,0.0,0.0,0.0,0.0,0.0,0.0,0.0,0.0,0.0,0.0,0.0,0.0,0.0,0.0,0.0,0.0,0.0,0.0,0.0,0.0,0.0,0.0,0.0,0.0,0.0,0.0,0.0,0.0,0.0,0.0,0.0,0.0,0.0,0.0,0.0,0.0,0.0,0.0,0.0,0.0,0.0,0.0,0.0,0.0,0.0,0.0,0.0,0.0,0.0,0.0,0.0,0.0,0.0,drink
0.3788263201713562,0.6590527296066284,1.421268223111838e-07,0.44017529487609863,0.632034957408905,0.024772459641098976,0.4743279814720154,0.5872290730476379,0.03480837121605873,0.5065978169441223,0.5586164593696594,0.03365253657102585,0.5399224758148193,0.52872234582901,0.032195206731557846,0.41982588171958923,0.49760034680366516,0.06504958868026733,0.47000500559806824,0.4758841395378113,0.0637630969285965,0.510532557964325,0.48574838042259216,0.051351822912693024,0.5370173454284668,0.5004620552062988,0.042954474687576294,0.41194620728492737,0.47969409823417664,0.044569231569767,0.46403756737709045,0.43028539419174194,0.04331802576780319,0.5087408423423767,0.43649473786354065,0.030167685821652412,0.5402511954307556,0.4576221704483032,0.021540332585573196,0.409225732088089,0.4707525968551636,0.021517453715205193,0.4590386748313904,0.4062565267086029,0.019824953749775887,0.5055481195449829,0.411397784948349,0.012130379676818848,0.5373179316520691,0.4343968629837036,0.0076790135353803635,0.4150853157043457,0.46815234422683716,-0.001187589718028903,0.45598194003105164,0.40694794058799744,-0.000978209194727242,0.49420446157455444,0.4033820629119873,0.0005464371643029153,0.524014413356781,0.4182584285736084,0.0020715673454105854,0.0,0.0,0.0,0.0,0.0,0.0,0.0,0.0,0.0,0.0,0.0,0.0,0.0,0.0,0.0,0.0,0.0,0.0,0.0,0.0,0.0,0.0,0.0,0.0,0.0,0.0,0.0,0.0,0.0,0.0,0.0,0.0,0.0,0.0,0.0,0.0,0.0,0.0,0.0,0.0,0.0,0.0,0.0,0.0,0.0,0.0,0.0,0.0,0.0,0.0,0.0,0.0,0.0,0.0,0.0,0.0,0.0,0.0,0.0,0.0,0.0,0.0,0.0,drink
0.378348708152771,0.6207625865936279,1.651793155588166e-07,0.43581724166870117,0.5998578667640686,0.018526878207921982,0.4732953906059265,0.5630201101303101,0.026548175141215324,0.5072143077850342,0.5321062207221985,0.02445928193628788,0.5369199514389038,0.500959038734436,0.021958105266094208,0.4359019100666046,0.47734442353248596,0.0625615045428276,0.476364403963089,0.454504132270813,0.06286229938268661,0.5094287991523743,0.4613412916660309,0.051326651126146317,0.5306471586227417,0.4722011685371399,0.04310137778520584,0.4268556833267212,0.45827195048332214,0.045667871832847595,0.46639400720596313,0.40996819734573364,0.04536132887005806,0.503799319267273,0.41328850388526917,0.03153111785650253,0.5303208827972412,0.4330170452594757,0.022288482636213303,0.4186450242996216,0.4459863007068634,0.025780746713280678,0.4552241265773773,0.3842332363128662,0.02302815020084381,0.4970645606517792,0.3871757984161377,0.013896211981773376,0.5267085433006287,0.4083370268344879,0.008960808627307415,0.41532713174819946,0.4398466646671295,0.00600073765963316,0.45218542218208313,0.3829743266105652,0.004976710304617882,0.4879586100578308,0.38055551052093506,0.005823004059493542,0.5161717534065247,0.3959829807281494,0.007266453932970762,0.0,0.0,0.0,0.0,0.0,0.0,0.0,0.0,0.0,0.0,0.0,0.0,0.0,0.0,0.0,0.0,0.0,0.0,0.0,0.0,0.0,0.0,0.0,0.0,0.0,0.0,0.0,0.0,0.0,0.0,0.0,0.0,0.0,0.0,0.0,0.0,0.0,0.0,0.0,0.0,0.0,0.0,0.0,0.0,0.0,0.0,0.0,0.0,0.0,0.0,0.0,0.0,0.0,0.0,0.0,0.0,0.0,0.0,0.0,0.0,0.0,0.0,0.0,drink
0.3748055100440979,0.5956354141235352,3.001999004936806e-07,0.43075037002563477,0.5835766196250916,0.014280502684414387,0.47021785378456116,0.5480000972747803,0.024549409747123718,0.5052574872970581,0.5172204375267029,0.025779955089092255,0.5359655022621155,0.48493894934654236,0.02760903164744377,0.4313241243362427,0.4667486548423767,0.07022770494222641,0.46827003359794617,0.44567808508872986,0.07359068095684052,0.5018975138664246,0.44821035861968994,0.06411215662956238,0.5247939229011536,0.4559461772441864,0.05776045843958855,0.4246138334274292,0.4436042904853821,0.05698607861995697,0.4637579619884491,0.3983428478240967,0.0616624616086483,0.5008919835090637,0.3964656889438629,0.05047120898962021,0.5301845073699951,0.4093986749649048,0.04276171699166298,0.41730931401252747,0.4266185164451599,0.03932485356926918,0.4561684727668762,0.36945557594299316,0.040453504770994186,0.4961088001728058,0.3711388111114502,0.03291625529527664,0.5261286497116089,0.38868314027786255,0.028553159907460213,0.4129805266857147,0.41469842195510864,0.02101176604628563,0.45117348432540894,0.3648867905139923,0.022786613553762436,0.4855964481830597,0.3668591380119324,0.02462664432823658,0.5129813551902771,0.38429152965545654,0.026707135140895844,0.0,0.0,0.0,0.0,0.0,0.0,0.0,0.0,0.0,0.0,0.0,0.0,0.0,0.0,0.0,0.0,0.0,0.0,0.0,0.0,0.0,0.0,0.0,0.0,0.0,0.0,0.0,0.0,0.0,0.0,0.0,0.0,0.0,0.0,0.0,0.0,0.0,0.0,0.0,0.0,0.0,0.0,0.0,0.0,0.0,0.0,0.0,0.0,0.0,0.0,0.0,0.0,0.0,0.0,0.0,0.0,0.0,0.0,0.0,0.0,0.0,0.0,0.0,drink
0.3757520616054535,0.588258683681488,2.6270197395206196e-07,0.43337303400039673,0.5815309882164001,0.015632499009370804,0.4712904691696167,0.5453006029129028,0.027541620656847954,0.5047297477722168,0.5154556035995483,0.030069876462221146,0.5371782779693604,0.4871339797973633,0.032429423183202744,0.4338642954826355,0.4629824757575989,0.07190932333469391,0.46940383315086365,0.44061511754989624,0.07776490598917007,0.5037230849266052,0.4439600706100464,0.06955910474061966,0.5270649790763855,0.4508759379386902,0.06303863227367401,0.4275342524051666,0.4396621286869049,0.057945169508457184,0.46694859862327576,0.4027917683124542,0.06427638232707977,0.5042832493782043,0.4033474624156952,0.05245666950941086,0.5330014228820801,0.41550636291503906,0.043456271290779114,0.4200461208820343,0.4216972589492798,0.039934344589710236,0.4590381383895874,0.3714889883995056,0.0436406247317791,0.49820369482040405,0.373678594827652,0.03593720123171806,0.5275396108627319,0.3888747990131378,0.030259210616350174,0.4139425754547119,0.40928196907043457,0.021224064752459526,0.4506084620952606,0.3604836165904999,0.024367794394493103,0.48513659834861755,0.36049970984458923,0.025898244231939316,0.5134930610656738,0.3756336569786072,0.02696794830262661,0.0,0.0,0.0,0.0,0.0,0.0,0.0,0.0,0.0,0.0,0.0,0.0,0.0,0.0,0.0,0.0,0.0,0.0,0.0,0.0,0.0,0.0,0.0,0.0,0.0,0.0,0.0,0.0,0.0,0.0,0.0,0.0,0.0,0.0,0.0,0.0,0.0,0.0,0.0,0.0,0.0,0.0,0.0,0.0,0.0,0.0,0.0,0.0,0.0,0.0,0.0,0.0,0.0,0.0,0.0,0.0,0.0,0.0,0.0,0.0,0.0,0.0,0.0,drink
0.38240134716033936,0.5952908992767334,2.9177635951782577e-07,0.4387686550617218,0.5844712257385254,0.012764218263328075,0.4737689197063446,0.5475115776062012,0.022014325484633446,0.5050873756408691,0.5178946256637573,0.022795971482992172,0.5348408818244934,0.4899628758430481,0.024057915434241295,0.4283934533596039,0.4640488922595978,0.06200271472334862,0.4662698209285736,0.4439936876296997,0.06373218446969986,0.5030907392501831,0.44919779896736145,0.05377677455544472,0.5282281041145325,0.4576816260814667,0.046437133103609085,0.4210328757762909,0.4415479004383087,0.048844385892152786,0.4609362781047821,0.4009324312210083,0.050007522106170654,0.501618504524231,0.4020092785358429,0.03772282600402832,0.5330791473388672,0.41405391693115234,0.02912694774568081,0.414887011051178,0.42529550194740295,0.03186081349849701,0.4544605016708374,0.369692862033844,0.029803020879626274,0.49780702590942383,0.3728671371936798,0.020395848900079727,0.5300226211547852,0.3905165493488312,0.014831081964075565,0.4134524166584015,0.41530680656433105,0.014407453127205372,0.4529106914997101,0.365316778421402,0.012930495664477348,0.4898252487182617,0.3658445179462433,0.012525788508355618,0.519625186920166,0.382718950510025,0.012896697036921978,0.0,0.0,0.0,0.0,0.0,0.0,0.0,0.0,0.0,0.0,0.0,0.0,0.0,0.0,0.0,0.0,0.0,0.0,0.0,0.0,0.0,0.0,0.0,0.0,0.0,0.0,0.0,0.0,0.0,0.0,0.0,0.0,0.0,0.0,0.0,0.0,0.0,0.0,0.0,0.0,0.0,0.0,0.0,0.0,0.0,0.0,0.0,0.0,0.0,0.0,0.0,0.0,0.0,0.0,0.0,0.0,0.0,0.0,0.0,0.0,0.0,0.0,0.0,drink
0.381473183631897,0.5944767594337463,2.446464293370809e-07,0.4351828694343567,0.5838025808334351,0.012490815483033657,0.4711495637893677,0.5473477840423584,0.021066879853606224,0.5042835474014282,0.5177428722381592,0.0210360549390316,0.5358344912528992,0.4898901581764221,0.02134898118674755,0.4260875880718231,0.46418413519859314,0.06278526037931442,0.46784183382987976,0.4477631449699402,0.06552711129188538,0.5042997002601624,0.4548685550689697,0.055671628564596176,0.5289113521575928,0.46402475237846375,0.048279013484716415,0.4189777970314026,0.4414268732070923,0.04995804280042648,0.46378326416015625,0.4034408628940582,0.052320655435323715,0.5037346482276917,0.4057110548019409,0.039901480078697205,0.5335103869438171,0.418352872133255,0.030963238328695297,0.41365423798561096,0.4248499870300293,0.033349450677633286,0.45803549885749817,0.3711296021938324,0.03203964978456497,0.5009857416152954,0.37517887353897095,0.021890845149755478,0.5312244892120361,0.3942401707172394,0.015754718333482742,0.4128907024860382,0.412945955991745,0.016294565051794052,0.45468366146087646,0.3633337914943695,0.015429428778588772,0.4921850264072418,0.36488932371139526,0.014794846065342426,0.5214185118675232,0.3823885917663574,0.01491821650415659,0.0,0.0,0.0,0.0,0.0,0.0,0.0,0.0,0.0,0.0,0.0,0.0,0.0,0.0,0.0,0.0,0.0,0.0,0.0,0.0,0.0,0.0,0.0,0.0,0.0,0.0,0.0,0.0,0.0,0.0,0.0,0.0,0.0,0.0,0.0,0.0,0.0,0.0,0.0,0.0,0.0,0.0,0.0,0.0,0.0,0.0,0.0,0.0,0.0,0.0,0.0,0.0,0.0,0.0,0.0,0.0,0.0,0.0,0.0,0.0,0.0,0.0,0.0,drink
0.38571909070014954,0.6383119821548462,2.1051370424629567e-07,0.44368770718574524,0.6196395754814148,0.019877193495631218,0.4738331437110901,0.5673363208770752,0.028687430545687675,0.5035963654518127,0.5382822155952454,0.02796049602329731,0.5354896783828735,0.5129864811897278,0.027792146429419518,0.4193366467952728,0.46201592683792114,0.05675646290183067,0.46373897790908813,0.43063104152679443,0.05499807000160217,0.5075885057449341,0.43657392263412476,0.04307275637984276,0.5371862053871155,0.4509202837944031,0.034554630517959595,0.41266652941703796,0.4493252635002136,0.038330137729644775,0.46330326795578003,0.398208349943161,0.03682854399085045,0.5105360746383667,0.40381836891174316,0.025201834738254547,0.5427449941635132,0.42536982893943787,0.01701752282679081,0.4122928977012634,0.44593384861946106,0.0172478836029768,0.46314898133277893,0.3872357904911041,0.015555359423160553,0.5108200311660767,0.39399707317352295,0.008422636426985264,0.5417153835296631,0.41756919026374817,0.0037855093833059072,0.4214641749858856,0.4515872001647949,-0.003954372834414244,0.4678478240966797,0.3970426023006439,-0.004684162326157093,0.5067013502120972,0.39564651250839233,-0.004328341688960791,0.535388708114624,0.40942221879959106,-0.003863433375954628,0.0,0.0,0.0,0.0,0.0,0.0,0.0,0.0,0.0,0.0,0.0,0.0,0.0,0.0,0.0,0.0,0.0,0.0,0.0,0.0,0.0,0.0,0.0,0.0,0.0,0.0,0.0,0.0,0.0,0.0,0.0,0.0,0.0,0.0,0.0,0.0,0.0,0.0,0.0,0.0,0.0,0.0,0.0,0.0,0.0,0.0,0.0,0.0,0.0,0.0,0.0,0.0,0.0,0.0,0.0,0.0,0.0,0.0,0.0,0.0,0.0,0.0,0.0,drink
0.3791455328464508,0.6802477836608887,5.761182109154106e-08,0.436869740486145,0.6632683277130127,0.006294015794992447,0.47322776913642883,0.6098954677581787,0.0016989007126539946,0.506727397441864,0.5804054141044617,-0.009223265573382378,0.540640652179718,0.5636584758758545,-0.019268877804279327,0.4219503402709961,0.4846985936164856,0.010413953103125095,0.47902071475982666,0.4319756329059601,-0.007182937581092119,0.5226491093635559,0.448636531829834,-0.02300652116537094,0.5466151833534241,0.4785589873790741,-0.0315401665866375,0.4162279963493347,0.4852330982685089,-0.003945382311940193,0.48150888085365295,0.42399781942367554,-0.018125304952263832,0.5285094976425171,0.4427131116390228,-0.028240203857421875,0.5533316135406494,0.47295278310775757,-0.03347485139966011,0.4229413866996765,0.49825727939605713,-0.01987411454319954,0.4824081361293793,0.43106651306152344,-0.03189542517066002,0.528093159198761,0.44485563039779663,-0.034248653799295425,0.5516416430473328,0.4724486172199249,-0.03378177434206009,0.4395398497581482,0.5228347778320312,-0.03613710030913353,0.4859673082828522,0.4625707268714905,-0.04287423565983772,0.5205953121185303,0.45918944478034973,-0.04037902131676674,0.5417139530181885,0.4718230068683624,-0.037130434066057205,0.0,0.0,0.0,0.0,0.0,0.0,0.0,0.0,0.0,0.0,0.0,0.0,0.0,0.0,0.0,0.0,0.0,0.0,0.0,0.0,0.0,0.0,0.0,0.0,0.0,0.0,0.0,0.0,0.0,0.0,0.0,0.0,0.0,0.0,0.0,0.0,0.0,0.0,0.0,0.0,0.0,0.0,0.0,0.0,0.0,0.0,0.0,0.0,0.0,0.0,0.0,0.0,0.0,0.0,0.0,0.0,0.0,0.0,0.0,0.0,0.0,0.0,0.0,drink
0.3749224543571472,0.7030713558197021,1.616146363403459e-07,0.43992528319358826,0.6743199825286865,0.01538634579628706,0.47653836011886597,0.6212281584739685,0.014780638739466667,0.5086389780044556,0.5946800708770752,0.006154100876301527,0.5404130816459656,0.5816031694412231,-0.0020293924026191235,0.4166124761104584,0.5058806538581848,0.014023019932210445,0.47581133246421814,0.4458920359611511,-0.003261995268985629,0.5224930047988892,0.45737361907958984,-0.0181195717304945,0.5523667931556702,0.4853260815143585,-0.026474112644791603,0.41199976205825806,0.5095142722129822,-0.005761862266808748,0.48136284947395325,0.43553510308265686,-0.02149840258061886,0.5309690237045288,0.45284855365753174,-0.03228997811675072,0.5607448816299438,0.4819703698158264,-0.03754085302352905,0.4225572347640991,0.5266566872596741,-0.02605096995830536,0.484599769115448,0.4468161165714264,-0.03890717774629593,0.5335131883621216,0.4592140018939972,-0.04168109595775604,0.5622173547744751,0.48440513014793396,-0.0416855588555336,0.44472578167915344,0.5558821558952332,-0.04597512632608414,0.493945837020874,0.49479177594184875,-0.054664500057697296,0.5302339792251587,0.4904175400733948,-0.05338161811232567,0.5553871393203735,0.49992161989212036,-0.05099644511938095,0.0,0.0,0.0,0.0,0.0,0.0,0.0,0.0,0.0,0.0,0.0,0.0,0.0,0.0,0.0,0.0,0.0,0.0,0.0,0.0,0.0,0.0,0.0,0.0,0.0,0.0,0.0,0.0,0.0,0.0,0.0,0.0,0.0,0.0,0.0,0.0,0.0,0.0,0.0,0.0,0.0,0.0,0.0,0.0,0.0,0.0,0.0,0.0,0.0,0.0,0.0,0.0,0.0,0.0,0.0,0.0,0.0,0.0,0.0,0.0,0.0,0.0,0.0,drink
0.37397828698158264,0.7073822021484375,1.7510890870653384e-07,0.43651852011680603,0.6746941208839417,0.017165355384349823,0.47491347789764404,0.6191535592079163,0.015068658627569675,0.5092519521713257,0.5916447043418884,0.004027234856039286,0.5411822199821472,0.583878219127655,-0.007028025574982166,0.41531693935394287,0.5058961510658264,0.012358088046312332,0.4792234003543854,0.4418468773365021,-0.006258051376789808,0.5257354974746704,0.45842263102531433,-0.02203523926436901,0.5533146858215332,0.4914482831954956,-0.030714573338627815,0.41057926416397095,0.5102109909057617,-0.009573793970048428,0.48688992857933044,0.43438759446144104,-0.026747971773147583,0.5362120270729065,0.4592488706111908,-0.03896951302886009,0.5609736442565918,0.4956178367137909,-0.04487970843911171,0.4214782416820526,0.527831494808197,-0.03146568685770035,0.48504364490509033,0.4444677233695984,-0.04419291764497757,0.5344812273979187,0.46303093433380127,-0.04636221006512642,0.5596513748168945,0.4952695369720459,-0.0457400381565094,0.443579763174057,0.5575111508369446,-0.05287406966090202,0.49357470870018005,0.49111947417259216,-0.05981460586190224,0.5299239754676819,0.48785489797592163,-0.05672459304332733,0.5524146556854248,0.5003259181976318,-0.05326157808303833,0.0,0.0,0.0,0.0,0.0,0.0,0.0,0.0,0.0,0.0,0.0,0.0,0.0,0.0,0.0,0.0,0.0,0.0,0.0,0.0,0.0,0.0,0.0,0.0,0.0,0.0,0.0,0.0,0.0,0.0,0.0,0.0,0.0,0.0,0.0,0.0,0.0,0.0,0.0,0.0,0.0,0.0,0.0,0.0,0.0,0.0,0.0,0.0,0.0,0.0,0.0,0.0,0.0,0.0,0.0,0.0,0.0,0.0,0.0,0.0,0.0,0.0,0.0,drink
0.3660416603088379,0.7317115068435669,1.1352323525670727e-07,0.4231153726577759,0.6858963966369629,0.03130369633436203,0.4629840552806854,0.6379206776618958,0.03426370769739151,0.5034788846969604,0.6171016693115234,0.02603740617632866,0.5375869870185852,0.6066421866416931,0.017067337408661842,0.4107383191585541,0.5340172052383423,0.02121102251112461,0.47964030504226685,0.4677499532699585,0.010168670676648617,0.5243239402770996,0.4803828299045563,0.0015658390475437045,0.5530816316604614,0.5063753128051758,-0.0032400672789663076,0.4151935279369354,0.5397468209266663,-0.006668559275567532,0.49385499954223633,0.46104976534843445,-0.0160311721265316,0.5401750802993774,0.4812398850917816,-0.0210128091275692,0.5645356178283691,0.513508141040802,-0.022811735048890114,0.43093305826187134,0.5627433061599731,-0.0330452136695385,0.50065678358078,0.47791361808776855,-0.03904220461845398,0.5460171103477478,0.49717599153518677,-0.034282147884368896,0.569102942943573,0.5263440012931824,-0.03033062443137169,0.4557296931743622,0.5971664190292358,-0.05783972144126892,0.5071992874145508,0.533518373966217,-0.06083717942237854,0.541000485420227,0.5283276438713074,-0.05413554608821869,0.5630373954772949,0.5353584289550781,-0.04838095232844353,0.0,0.0,0.0,0.0,0.0,0.0,0.0,0.0,0.0,0.0,0.0,0.0,0.0,0.0,0.0,0.0,0.0,0.0,0.0,0.0,0.0,0.0,0.0,0.0,0.0,0.0,0.0,0.0,0.0,0.0,0.0,0.0,0.0,0.0,0.0,0.0,0.0,0.0,0.0,0.0,0.0,0.0,0.0,0.0,0.0,0.0,0.0,0.0,0.0,0.0,0.0,0.0,0.0,0.0,0.0,0.0,0.0,0.0,0.0,0.0,0.0,0.0,0.0,drink
0.3644237220287323,0.7336425185203552,1.9434713749433286e-07,0.4201163649559021,0.6861335039138794,0.030012832954525948,0.46183279156684875,0.6363255977630615,0.03226598724722862,0.5049778819084167,0.6130384206771851,0.02469434216618538,0.5387808680534363,0.602012038230896,0.016878832131624222,0.4078613519668579,0.5315841436386108,0.016568908467888832,0.48085346817970276,0.4683510959148407,0.00381261995062232,0.5277620553970337,0.4831032156944275,-0.00828857533633709,0.5577260255813599,0.51369708776474,-0.015683654695749283,0.412639856338501,0.5390791893005371,-0.009841891005635262,0.49922311305999756,0.46524864435195923,-0.020476803183555603,0.5456684827804565,0.48776090145111084,-0.029941022396087646,0.5678176283836365,0.5238158702850342,-0.03550439700484276,0.42814841866493225,0.5638992786407471,-0.033929623663425446,0.501670777797699,0.4838356375694275,-0.0383245013654232,0.5464800000190735,0.5047965049743652,-0.03481249511241913,0.5683349967002869,0.535033106803894,-0.032794687896966934,0.452036589384079,0.6019834280014038,-0.056357722729444504,0.5090534687042236,0.5408743023872375,-0.05497802048921585,0.5418888330459595,0.5392011404037476,-0.04546022415161133,0.5609937310218811,0.5478957295417786,-0.03870121389627457,0.0,0.0,0.0,0.0,0.0,0.0,0.0,0.0,0.0,0.0,0.0,0.0,0.0,0.0,0.0,0.0,0.0,0.0,0.0,0.0,0.0,0.0,0.0,0.0,0.0,0.0,0.0,0.0,0.0,0.0,0.0,0.0,0.0,0.0,0.0,0.0,0.0,0.0,0.0,0.0,0.0,0.0,0.0,0.0,0.0,0.0,0.0,0.0,0.0,0.0,0.0,0.0,0.0,0.0,0.0,0.0,0.0,0.0,0.0,0.0,0.0,0.0,0.0,drink
0.3912942111492157,0.6734489798545837,3.5668475106831465e-07,0.4141971170902252,0.6504077911376953,-0.0008820320945233107,0.4540533423423767,0.6156306862831116,-0.011600426398217678,0.4999968409538269,0.6023073196411133,-0.024776186794042587,0.5372520089149475,0.5913549661636353,-0.03717147558927536,0.41917601227760315,0.5340032577514648,-0.019651034846901894,0.48183199763298035,0.47496646642684937,-0.0402207188308239,0.5236279964447021,0.4887266457080841,-0.05093339830636978,0.5503717660903931,0.5132332444190979,-0.05479782447218895,0.4214353859424591,0.534056544303894,-0.029925938695669174,0.4880746603012085,0.4608442783355713,-0.05152428150177002,0.5344369411468506,0.47714993357658386,-0.05920381844043732,0.5597508549690247,0.5087161660194397,-0.060015659779310226,0.4315265715122223,0.5469310879707336,-0.0401325449347496,0.4901006817817688,0.47213104367256165,-0.056496839970350266,0.5336776971817017,0.4822990596294403,-0.05688396468758583,0.5579445958137512,0.5087463855743408,-0.053335871547460556,0.44803521037101746,0.569158136844635,-0.050438862293958664,0.490933895111084,0.5142969489097595,-0.061822310090065,0.5212613940238953,0.5061067938804626,-0.06110338866710663,0.5418869853019714,0.5123066306114197,-0.057463645935058594,0.36365094780921936,0.726747453212738,2.0059796668192575e-07,0.43309417366981506,0.6832939982414246,0.033314481377601624,0.4723648726940155,0.6320149302482605,0.037689585238695145,0.5107316374778748,0.6096265912055969,0.029825445264577866,0.5446062684059143,0.5976253747940063,0.02132475934922695,0.41267651319503784,0.5251336097717285,0.03059551492333412,0.48204725980758667,0.4659726023674011,0.018331047147512436,0.5293824672698975,0.48102372884750366,0.0061447820626199245,0.5574359893798828,0.5104501247406006,-0.001504860701970756,0.41022932529449463,0.5278698801994324,0.000689713517203927,0.4909878969192505,0.45257940888404846,-0.010409167036414146,0.5407953858375549,0.4752453565597534,-0.01992282085120678,0.5651276111602783,0.509880006313324,-0.024915214627981186,0.42073291540145874,0.5475662350654602,-0.028149258345365524,0.49161550402641296,0.4639248549938202,-0.035241905599832535,0.5398837327957153,0.4847855269908905,-0.03217444568872452,0.562736451625824,0.5134257674217224,-0.029401058331131935,0.4425199329853058,0.5817166566848755,-0.055387482047080994,0.49977901577949524,0.5199127197265625,-0.058720510452985764,0.5354398488998413,0.5163724422454834,-0.051734138280153275,0.5559210777282715,0.5230876207351685,-0.04592828452587128,drink
0.3664027154445648,0.7087835669517517,1.5217160864722246e-07,0.4347897469997406,0.6788552403450012,0.023127730935811996,0.4742283523082733,0.620463490486145,0.026834283024072647,0.5091192126274109,0.5934786200523376,0.020215511322021484,0.545844554901123,0.5756078958511353,0.014155321754515171,0.4182829260826111,0.4946598410606384,0.032805800437927246,0.474365770816803,0.43650269508361816,0.01979333907365799,0.5208494663238525,0.45145541429519653,0.005592523142695427,0.5471155047416687,0.4844733476638794,-0.0018797529628500342,0.4116505980491638,0.49397531151771545,0.0101852435618639,0.479040265083313,0.42684853076934814,0.0008867788128554821,0.5285952091217041,0.4472162127494812,-0.008456040173768997,0.5510813593864441,0.48299944400787354,-0.013299589976668358,0.41812705993652344,0.5076932907104492,-0.013198066502809525,0.48126816749572754,0.4347435235977173,-0.019234659150242805,0.5295108556747437,0.45331302285194397,-0.019195860251784325,0.5512875914573669,0.48698535561561584,-0.017802255228161812,0.43625396490097046,0.5310079455375671,-0.036176469177007675,0.4871896207332611,0.4686448574066162,-0.038204893469810486,0.5242931842803955,0.4731578528881073,-0.03244682028889656,0.5451573133468628,0.4932713508605957,-0.026867879554629326,0.0,0.0,0.0,0.0,0.0,0.0,0.0,0.0,0.0,0.0,0.0,0.0,0.0,0.0,0.0,0.0,0.0,0.0,0.0,0.0,0.0,0.0,0.0,0.0,0.0,0.0,0.0,0.0,0.0,0.0,0.0,0.0,0.0,0.0,0.0,0.0,0.0,0.0,0.0,0.0,0.0,0.0,0.0,0.0,0.0,0.0,0.0,0.0,0.0,0.0,0.0,0.0,0.0,0.0,0.0,0.0,0.0,0.0,0.0,0.0,0.0,0.0,0.0,drink
0.39574456214904785,0.6705269813537598,3.9580143607054197e-07,0.43932464718818665,0.6683051586151123,-0.0028615682385861874,0.47515490651130676,0.6249549388885498,-0.012014508247375488,0.5112006068229675,0.5965783596038818,-0.025516275316476822,0.5462613105773926,0.5726367235183716,-0.037698205560445786,0.42069151997566223,0.5011643171310425,0.006439452525228262,0.4691838026046753,0.44700902700424194,-0.00987918023020029,0.5138559937477112,0.45129120349884033,-0.024358320981264114,0.542434573173523,0.4722834825515747,-0.03212469071149826,0.41332244873046875,0.4972432255744934,-0.0029686461202800274,0.46775102615356445,0.4383946359157562,-0.016894597560167313,0.5171047449111938,0.4495711028575897,-0.0263975840061903,0.5491148829460144,0.4740656018257141,-0.03115874156355858,0.41756683588027954,0.5044587254524231,-0.014733351767063141,0.4734298884868622,0.44186973571777344,-0.02490101009607315,0.5218557715415955,0.4500868320465088,-0.026782890781760216,0.5512225031852722,0.47432422637939453,-0.026575172320008278,0.4333857595920563,0.5242390632629395,-0.027946054935455322,0.4810200333595276,0.46972522139549255,-0.034445520490407944,0.5178955793380737,0.4689579904079437,-0.03230207785964012,0.5410223603248596,0.48320698738098145,-0.02909490093588829,0.3677365779876709,0.7095922231674194,1.128884861145707e-07,0.4377061724662781,0.6791698932647705,0.021402863785624504,0.4773416221141815,0.6203436255455017,0.024343928322196007,0.5113566517829895,0.591231644153595,0.017134172841906548,0.5495736002922058,0.5731122493743896,0.010643510147929192,0.4192696213722229,0.49846938252449036,0.031925980001688004,0.47298720479011536,0.4362374544143677,0.0179600827395916,0.5194787383079529,0.44907623529434204,0.0024923004675656557,0.5467670559883118,0.4795004725456238,-0.006395064294338226,0.4105208218097687,0.4955807030200958,0.00946437381207943,0.47661614418029785,0.4225027561187744,-0.0013901893980801105,0.5250834226608276,0.441967248916626,-0.012156140059232712,0.5475204586982727,0.476615309715271,-0.018286561593413353,0.41526636481285095,0.5066618919372559,-0.01396121270954609,0.476422518491745,0.42786434292793274,-0.021262336522340775,0.5245416760444641,0.4452196955680847,-0.021893570199608803,0.5474262237548828,0.477764368057251,-0.021152475848793983,0.4325147271156311,0.5293311476707458,-0.03720466420054436,0.4843915104866028,0.4655250310897827,-0.04009433090686798,0.5234325528144836,0.4690476655960083,-0.03506133332848549,0.5462953448295593,0.4882742166519165,-0.030460238456726074,drink
0.3752806782722473,0.6759306192398071,1.4912234291841742e-07,0.4414924085140228,0.6441447734832764,0.03455493971705437,0.4767495095729828,0.5984006524085999,0.04495524987578392,0.5095197558403015,0.5687741041183472,0.04120839387178421,0.5426390171051025,0.5385947823524475,0.03639695793390274,0.4232946038246155,0.48679518699645996,0.07193174958229065,0.46966567635536194,0.437241792678833,0.07450079917907715,0.5107247233390808,0.44486868381500244,0.0649527981877327,0.5344587564468384,0.465146005153656,0.05787883698940277,0.4138435423374176,0.4756118059158325,0.04576566815376282,0.4685010015964508,0.41545340418815613,0.048774830996990204,0.5128436088562012,0.4321709871292114,0.03636755794286728,0.536400318145752,0.4651912748813629,0.026762766763567924,0.4118829667568207,0.47239619493484497,0.018391640856862068,0.4673115909099579,0.4074828624725342,0.02283988520503044,0.5126087069511414,0.4241214096546173,0.01792813651263714,0.535662055015564,0.45656275749206543,0.01299663633108139,0.42013880610466003,0.47583863139152527,-0.008006013929843903,0.468618780374527,0.41846537590026855,-0.0008586563053540885,0.5058006644248962,0.4229714572429657,0.0046998909674584866,0.5285271406173706,0.4436284303665161,0.0073167020455002785,0.0,0.0,0.0,0.0,0.0,0.0,0.0,0.0,0.0,0.0,0.0,0.0,0.0,0.0,0.0,0.0,0.0,0.0,0.0,0.0,0.0,0.0,0.0,0.0,0.0,0.0,0.0,0.0,0.0,0.0,0.0,0.0,0.0,0.0,0.0,0.0,0.0,0.0,0.0,0.0,0.0,0.0,0.0,0.0,0.0,0.0,0.0,0.0,0.0,0.0,0.0,0.0,0.0,0.0,0.0,0.0,0.0,0.0,0.0,0.0,0.0,0.0,0.0,drink
0.3820422291755676,0.6453890800476074,1.4369736334174377e-07,0.4421008229255676,0.6212819814682007,0.028407583013176918,0.4789119362831116,0.5826398134231567,0.037982404232025146,0.5130265355110168,0.5500820875167847,0.034241534769535065,0.5434637665748596,0.5165002942085266,0.02948812209069729,0.43452420830726624,0.4878612160682678,0.07523903995752335,0.47376748919487,0.45065563917160034,0.07829775661230087,0.5113540887832642,0.455753892660141,0.0685337707400322,0.5351381301879883,0.46971333026885986,0.061199337244033813,0.4260689616203308,0.4711523652076721,0.05212767422199249,0.46840110421180725,0.41158944368362427,0.054822634905576706,0.5109729766845703,0.42012104392051697,0.04166659712791443,0.5376675724983215,0.44555428624153137,0.03219195082783699,0.42128264904022217,0.46007341146469116,0.026476694270968437,0.46292170882225037,0.39233526587486267,0.027764558792114258,0.508586585521698,0.4033428430557251,0.020172154530882835,0.5358132123947144,0.4323418140411377,0.014957687817513943,0.42377543449401855,0.45398247241973877,0.0013681426644325256,0.4615413546562195,0.3918364644050598,0.004114880692213774,0.5002332329750061,0.3959161937236786,0.006732933688908815,0.5277442932128906,0.41931504011154175,0.008389499969780445,0.0,0.0,0.0,0.0,0.0,0.0,0.0,0.0,0.0,0.0,0.0,0.0,0.0,0.0,0.0,0.0,0.0,0.0,0.0,0.0,0.0,0.0,0.0,0.0,0.0,0.0,0.0,0.0,0.0,0.0,0.0,0.0,0.0,0.0,0.0,0.0,0.0,0.0,0.0,0.0,0.0,0.0,0.0,0.0,0.0,0.0,0.0,0.0,0.0,0.0,0.0,0.0,0.0,0.0,0.0,0.0,0.0,0.0,0.0,0.0,0.0,0.0,0.0,drink
0.3786054253578186,0.6017728447914124,2.3282534300506086e-07,0.43545734882354736,0.5887553691864014,0.016868799924850464,0.47596627473831177,0.5571308732032776,0.026222841814160347,0.5099050402641296,0.5263479351997375,0.02577834017574787,0.5383565425872803,0.4949774444103241,0.025283997878432274,0.44279593229293823,0.47215351462364197,0.0682186409831047,0.4766601622104645,0.4428901970386505,0.07168352603912354,0.5082755088806152,0.44337666034698486,0.06283167749643326,0.5283862352371216,0.4506627321243286,0.056643735617399216,0.4348735213279724,0.45117825269699097,0.05274937301874161,0.4695449471473694,0.39964061975479126,0.05606633052229881,0.5069167613983154,0.39980819821357727,0.04351000115275383,0.5335216522216797,0.41713038086891174,0.034792300313711166,0.42603951692581177,0.43486255407333374,0.033624641597270966,0.45895278453826904,0.37372320890426636,0.03354943171143532,0.4998989999294281,0.37843334674835205,0.024454426020383835,0.5279237627983093,0.40075305104255676,0.01907174475491047,0.4199180006980896,0.4229119122028351,0.014304914511740208,0.4542909264564514,0.3683475852012634,0.01561171654611826,0.4892127513885498,0.37145698070526123,0.01680932752788067,0.5156213045120239,0.3918069005012512,0.018173642456531525,0.0,0.0,0.0,0.0,0.0,0.0,0.0,0.0,0.0,0.0,0.0,0.0,0.0,0.0,0.0,0.0,0.0,0.0,0.0,0.0,0.0,0.0,0.0,0.0,0.0,0.0,0.0,0.0,0.0,0.0,0.0,0.0,0.0,0.0,0.0,0.0,0.0,0.0,0.0,0.0,0.0,0.0,0.0,0.0,0.0,0.0,0.0,0.0,0.0,0.0,0.0,0.0,0.0,0.0,0.0,0.0,0.0,0.0,0.0,0.0,0.0,0.0,0.0,drink
0.3840687870979309,0.5964961647987366,3.1321619076152274e-07,0.44160759449005127,0.5875427722930908,0.016431020572781563,0.47808632254600525,0.554408848285675,0.02562994882464409,0.5126791000366211,0.5249992609024048,0.024662047624588013,0.5448735952377319,0.4965071976184845,0.023813992738723755,0.4356885850429535,0.4680711030960083,0.07244612276554108,0.4662783145904541,0.44049715995788574,0.07809792459011078,0.5010095238685608,0.4395405948162079,0.07055593281984329,0.523752748966217,0.4448869228363037,0.06470739096403122,0.4290493130683899,0.44808781147003174,0.056586749851703644,0.4619847536087036,0.40140584111213684,0.06144602596759796,0.5028076171875,0.4027726352214813,0.04962166026234627,0.5331401228904724,0.41800710558891296,0.04110601916909218,0.4230518043041229,0.43091636896133423,0.036664798855781555,0.4568248987197876,0.375291109085083,0.03843395784497261,0.5002704858779907,0.3807371258735657,0.029606575146317482,0.531004011631012,0.4014856815338135,0.023656506091356277,0.4209820330142975,0.41890910267829895,0.01620596833527088,0.4562508463859558,0.3674829602241516,0.018162952736020088,0.4922684133052826,0.3713395297527313,0.01908634603023529,0.5204141736030579,0.39216455817222595,0.019840605556964874,0.0,0.0,0.0,0.0,0.0,0.0,0.0,0.0,0.0,0.0,0.0,0.0,0.0,0.0,0.0,0.0,0.0,0.0,0.0,0.0,0.0,0.0,0.0,0.0,0.0,0.0,0.0,0.0,0.0,0.0,0.0,0.0,0.0,0.0,0.0,0.0,0.0,0.0,0.0,0.0,0.0,0.0,0.0,0.0,0.0,0.0,0.0,0.0,0.0,0.0,0.0,0.0,0.0,0.0,0.0,0.0,0.0,0.0,0.0,0.0,0.0,0.0,0.0,drink
0.37694889307022095,0.5727967023849487,3.046891663416318e-07,0.4310714602470398,0.5702282190322876,0.011847625486552715,0.4712474048137665,0.5417108535766602,0.022238411009311676,0.5056604743003845,0.5131162405014038,0.023734018206596375,0.5374070405960083,0.4856225550174713,0.025403302162885666,0.4380185306072235,0.4674840271472931,0.0722067654132843,0.47263339161872864,0.44641008973121643,0.07796432077884674,0.505625307559967,0.4473763704299927,0.06978616118431091,0.5281674861907959,0.45198285579681396,0.06350995600223541,0.4315713346004486,0.44035378098487854,0.060502707958221436,0.46928274631500244,0.4097176790237427,0.06818197667598724,0.5050014853477478,0.40712639689445496,0.05619268864393234,0.5336209535598755,0.4154176115989685,0.04658234119415283,0.4242352247238159,0.41699424386024475,0.0443018339574337,0.461456835269928,0.3740258514881134,0.048731543123722076,0.4983089566230774,0.3751859664916992,0.0411684587597847,0.5256785154342651,0.38855087757110596,0.035574719309806824,0.4179011583328247,0.39792487025260925,0.027002498507499695,0.4545774459838867,0.3562045395374298,0.0317244715988636,0.48669981956481934,0.3590140640735626,0.03453025221824646,0.5116127729415894,0.37549665570259094,0.036491818726062775,0.0,0.0,0.0,0.0,0.0,0.0,0.0,0.0,0.0,0.0,0.0,0.0,0.0,0.0,0.0,0.0,0.0,0.0,0.0,0.0,0.0,0.0,0.0,0.0,0.0,0.0,0.0,0.0,0.0,0.0,0.0,0.0,0.0,0.0,0.0,0.0,0.0,0.0,0.0,0.0,0.0,0.0,0.0,0.0,0.0,0.0,0.0,0.0,0.0,0.0,0.0,0.0,0.0,0.0,0.0,0.0,0.0,0.0,0.0,0.0,0.0,0.0,0.0,drink
0.375194787979126,0.5684404373168945,2.839113619756972e-07,0.434471994638443,0.5663350820541382,0.008798102848231792,0.47338584065437317,0.5404854416847229,0.01852051168680191,0.5063839554786682,0.5121759176254272,0.020974785089492798,0.5368411540985107,0.4854789972305298,0.02369784750044346,0.4396069347858429,0.45965299010276794,0.06343896687030792,0.47197750210762024,0.43720194697380066,0.06843431293964386,0.5037434101104736,0.43913665413856506,0.060807157307863235,0.5256600975990295,0.4436679482460022,0.05477626994252205,0.43300309777259827,0.435300350189209,0.05367037281394005,0.47067001461982727,0.40260744094848633,0.05920400843024254,0.5047013163566589,0.40418732166290283,0.04716423526406288,0.5322570204734802,0.4143185615539551,0.03761880099773407,0.4246830344200134,0.4151979386806488,0.03966598957777023,0.46200236678123474,0.37334275245666504,0.04165690019726753,0.49771058559417725,0.3783263862133026,0.03236197307705879,0.5249534845352173,0.39202508330345154,0.02555445395410061,0.4156742990016937,0.40082797408103943,0.02476261928677559,0.4520733654499054,0.3561447858810425,0.026129359379410744,0.48418688774108887,0.3603392243385315,0.026220252737402916,0.5110752582550049,0.3773421049118042,0.026252858340740204,0.0,0.0,0.0,0.0,0.0,0.0,0.0,0.0,0.0,0.0,0.0,0.0,0.0,0.0,0.0,0.0,0.0,0.0,0.0,0.0,0.0,0.0,0.0,0.0,0.0,0.0,0.0,0.0,0.0,0.0,0.0,0.0,0.0,0.0,0.0,0.0,0.0,0.0,0.0,0.0,0.0,0.0,0.0,0.0,0.0,0.0,0.0,0.0,0.0,0.0,0.0,0.0,0.0,0.0,0.0,0.0,0.0,0.0,0.0,0.0,0.0,0.0,0.0,drink
0.37888190150260925,0.5777699947357178,3.162483892538148e-07,0.4369707703590393,0.5731853246688843,0.009617193602025509,0.4737444818019867,0.545566976070404,0.0183324683457613,0.5066111087799072,0.5172920227050781,0.019729338586330414,0.5360068678855896,0.4895227253437042,0.021565722301602364,0.43398457765579224,0.4642617702484131,0.06307131052017212,0.46928343176841736,0.4437089264392853,0.06866537779569626,0.5016658306121826,0.44960299134254456,0.061594340950250626,0.5219665169715881,0.45709359645843506,0.056054577231407166,0.4276764690876007,0.4402139484882355,0.05311349779367447,0.4665397107601166,0.40479612350463867,0.058583907783031464,0.5017452836036682,0.40816637873649597,0.04710670933127403,0.5282260179519653,0.41982313990592957,0.038315385580062866,0.42084479331970215,0.4215177595615387,0.039208777248859406,0.4577278196811676,0.3740893602371216,0.041686199605464935,0.4958721399307251,0.3814811706542969,0.0328240767121315,0.5232025384902954,0.39767584204673767,0.026462340727448463,0.4149024486541748,0.40831300616264343,0.024665161967277527,0.4522196650505066,0.3601072430610657,0.026806505396962166,0.4854709506034851,0.36523234844207764,0.027490515261888504,0.5116932392120361,0.38397467136383057,0.027894366532564163,0.0,0.0,0.0,0.0,0.0,0.0,0.0,0.0,0.0,0.0,0.0,0.0,0.0,0.0,0.0,0.0,0.0,0.0,0.0,0.0,0.0,0.0,0.0,0.0,0.0,0.0,0.0,0.0,0.0,0.0,0.0,0.0,0.0,0.0,0.0,0.0,0.0,0.0,0.0,0.0,0.0,0.0,0.0,0.0,0.0,0.0,0.0,0.0,0.0,0.0,0.0,0.0,0.0,0.0,0.0,0.0,0.0,0.0,0.0,0.0,0.0,0.0,0.0,drink
0.3815087080001831,0.5799849033355713,2.785234300972661e-07,0.43642494082450867,0.5761303305625916,0.009314995259046555,0.47364094853401184,0.5470952391624451,0.01751430332660675,0.5052647590637207,0.519077479839325,0.01782490871846676,0.5346094369888306,0.4918212890625,0.018492180854082108,0.438008576631546,0.46363356709480286,0.06291471421718597,0.47031670808792114,0.43892812728881836,0.06699971854686737,0.501783013343811,0.4409939646720886,0.058702707290649414,0.5220662355422974,0.4472675919532776,0.05240515246987343,0.43065145611763,0.4414622485637665,0.05198948457837105,0.4658825397491455,0.40298759937286377,0.05591448023915291,0.5008867979049683,0.40464210510253906,0.043221380561590195,0.5270324349403381,0.4165954887866974,0.03368084505200386,0.4225892126560211,0.4226750433444977,0.036978740245103836,0.4573810398578644,0.3738688826560974,0.03769232705235481,0.4956991374492645,0.3798105716705322,0.027904892340302467,0.5226441621780396,0.3980911374092102,0.02140898071229458,0.4161236882209778,0.4088907837867737,0.021187493577599525,0.4517330527305603,0.36128944158554077,0.022714655846357346,0.48489072918891907,0.3651041090488434,0.023148518055677414,0.5106548070907593,0.38385847210884094,0.02348710224032402,0.0,0.0,0.0,0.0,0.0,0.0,0.0,0.0,0.0,0.0,0.0,0.0,0.0,0.0,0.0,0.0,0.0,0.0,0.0,0.0,0.0,0.0,0.0,0.0,0.0,0.0,0.0,0.0,0.0,0.0,0.0,0.0,0.0,0.0,0.0,0.0,0.0,0.0,0.0,0.0,0.0,0.0,0.0,0.0,0.0,0.0,0.0,0.0,0.0,0.0,0.0,0.0,0.0,0.0,0.0,0.0,0.0,0.0,0.0,0.0,0.0,0.0,0.0,drink
0.3881556987762451,0.6116025447845459,2.90373066036409e-07,0.4455656111240387,0.6022660136222839,0.024507954716682434,0.4752117097377777,0.5645407438278198,0.03911519795656204,0.5069365501403809,0.5357306003570557,0.042598918080329895,0.5408327579498291,0.5113325715065002,0.046712975949048996,0.4151499569416046,0.47088825702667236,0.08458849787712097,0.45879504084587097,0.4529382586479187,0.09525889158248901,0.4974190294742584,0.46393755078315735,0.08920768648386002,0.522486686706543,0.476736456155777,0.08372533321380615,0.4105892479419708,0.4491279125213623,0.06720684468746185,0.4584743082523346,0.4085065722465515,0.07765618711709976,0.5011011958122253,0.41337236762046814,0.06762923300266266,0.5335744619369507,0.4297630190849304,0.05915740877389908,0.41111475229263306,0.4346669912338257,0.04622038081288338,0.45739540457725525,0.38337719440460205,0.05373946204781532,0.5031986236572266,0.3912162482738495,0.04511484131217003,0.5356685519218445,0.41352057456970215,0.037933994084596634,0.4201885759830475,0.4265972971916199,0.025225307792425156,0.46129289269447327,0.3781690001487732,0.031268373131752014,0.4993985593318939,0.38304170966148376,0.03171748295426369,0.5298527479171753,0.40297552943229675,0.031085291877388954,0.0,0.0,0.0,0.0,0.0,0.0,0.0,0.0,0.0,0.0,0.0,0.0,0.0,0.0,0.0,0.0,0.0,0.0,0.0,0.0,0.0,0.0,0.0,0.0,0.0,0.0,0.0,0.0,0.0,0.0,0.0,0.0,0.0,0.0,0.0,0.0,0.0,0.0,0.0,0.0,0.0,0.0,0.0,0.0,0.0,0.0,0.0,0.0,0.0,0.0,0.0,0.0,0.0,0.0,0.0,0.0,0.0,0.0,0.0,0.0,0.0,0.0,0.0,drink
0.3782280683517456,0.6598317623138428,1.1423199453020061e-07,0.437351256608963,0.6451534032821655,0.011683417484164238,0.46900027990341187,0.5948804020881653,0.011244409717619419,0.5001168251037598,0.5674574971199036,0.0032891028095036745,0.535834550857544,0.5501367449760437,-0.0038499825168401003,0.40951427817344666,0.4662854075431824,0.027001000940799713,0.46571454405784607,0.4182668626308441,0.016618745401501656,0.5086808204650879,0.427240252494812,0.0037151635624468327,0.5340878963470459,0.45376700162887573,-0.0037349332123994827,0.40371331572532654,0.4617004990577698,0.01153144333511591,0.47047731280326843,0.40578651428222656,0.0030696799512952566,0.5168867111206055,0.4275737702846527,-0.006115802563726902,0.5415359139442444,0.46239879727363586,-0.010868224315345287,0.41225340962409973,0.47033199667930603,-0.005448515061289072,0.4756067097187042,0.4069122076034546,-0.012351793237030506,0.5205215215682983,0.4275619685649872,-0.01316449698060751,0.5429806113243103,0.46299657225608826,-0.011776887811720371,0.4336830973625183,0.49116531014442444,-0.02270418591797352,0.4820236563682556,0.43088245391845703,-0.025979915633797646,0.5164164900779724,0.434575617313385,-0.022054357454180717,0.5372412800788879,0.4537735879421234,-0.01785649172961712,0.0,0.0,0.0,0.0,0.0,0.0,0.0,0.0,0.0,0.0,0.0,0.0,0.0,0.0,0.0,0.0,0.0,0.0,0.0,0.0,0.0,0.0,0.0,0.0,0.0,0.0,0.0,0.0,0.0,0.0,0.0,0.0,0.0,0.0,0.0,0.0,0.0,0.0,0.0,0.0,0.0,0.0,0.0,0.0,0.0,0.0,0.0,0.0,0.0,0.0,0.0,0.0,0.0,0.0,0.0,0.0,0.0,0.0,0.0,0.0,0.0,0.0,0.0,drink
0.37745702266693115,0.7176065444946289,1.1341752781390824e-07,0.43465572595596313,0.6825442910194397,0.012273144908249378,0.4722304940223694,0.6290973424911499,0.008161423727869987,0.509702742099762,0.6044389605522156,-0.0041061691008508205,0.5391978025436401,0.5856971740722656,-0.01553923450410366,0.4087503254413605,0.5232926607131958,0.01457672193646431,0.4768166244029999,0.4648067355155945,-0.005750400945544243,0.5235411524772644,0.481580913066864,-0.023836681619286537,0.5469924807548523,0.5167651176452637,-0.03318557143211365,0.40820401906967163,0.5263652205467224,-0.004521648399531841,0.48516181111335754,0.4595869183540344,-0.02124740742146969,0.5332524180412292,0.48421335220336914,-0.034251946955919266,0.5546161532402039,0.522709846496582,-0.040701571851968765,0.4209812879562378,0.542772650718689,-0.024636100977659225,0.4906558692455292,0.4742486774921417,-0.037804149091243744,0.5362868905067444,0.4981755018234253,-0.03922632336616516,0.5549559593200684,0.5334186553955078,-0.03768274188041687,0.44508373737335205,0.5710598230361938,-0.04458918049931526,0.5018095374107361,0.5187575817108154,-0.049951110035181046,0.5351402163505554,0.5226563811302185,-0.044457223266363144,0.5512405037879944,0.539630115032196,-0.03921598941087723,0.0,0.0,0.0,0.0,0.0,0.0,0.0,0.0,0.0,0.0,0.0,0.0,0.0,0.0,0.0,0.0,0.0,0.0,0.0,0.0,0.0,0.0,0.0,0.0,0.0,0.0,0.0,0.0,0.0,0.0,0.0,0.0,0.0,0.0,0.0,0.0,0.0,0.0,0.0,0.0,0.0,0.0,0.0,0.0,0.0,0.0,0.0,0.0,0.0,0.0,0.0,0.0,0.0,0.0,0.0,0.0,0.0,0.0,0.0,0.0,0.0,0.0,0.0,drink
0.37518468499183655,0.7442799806594849,1.694535143315079e-07,0.4128880500793457,0.6903861165046692,0.01837473176419735,0.45309001207351685,0.6367198824882507,0.01494875643402338,0.5011657476425171,0.6134812831878662,0.0030563559848815203,0.5393533110618591,0.5980513095855713,-0.008476044051349163,0.40683692693710327,0.546271800994873,0.009249490685760975,0.4766065776348114,0.48286354541778564,-0.005259830970317125,0.5205116271972656,0.4952440559864044,-0.01496199518442154,0.5437209606170654,0.5227006077766418,-0.0188294630497694,0.41567879915237427,0.555064857006073,-0.011312013491988182,0.49247312545776367,0.4851090908050537,-0.019693071022629738,0.5347679257392883,0.5026594400405884,-0.024201590567827225,0.5530714988708496,0.5326499938964844,-0.02618139609694481,0.43458160758018494,0.5790107250213623,-0.03136252611875534,0.5033853650093079,0.5107340812683105,-0.036855246871709824,0.5442059636116028,0.5295849442481995,-0.033096082508563995,0.56073397397995,0.5599506497383118,-0.029612693935632706,0.46137627959251404,0.6140636205673218,-0.05060753971338272,0.5135738253593445,0.5564448237419128,-0.049703918397426605,0.5432772636413574,0.5579822659492493,-0.04045010730624199,0.5583965182304382,0.5732205510139465,-0.03316989541053772,0.0,0.0,0.0,0.0,0.0,0.0,0.0,0.0,0.0,0.0,0.0,0.0,0.0,0.0,0.0,0.0,0.0,0.0,0.0,0.0,0.0,0.0,0.0,0.0,0.0,0.0,0.0,0.0,0.0,0.0,0.0,0.0,0.0,0.0,0.0,0.0,0.0,0.0,0.0,0.0,0.0,0.0,0.0,0.0,0.0,0.0,0.0,0.0,0.0,0.0,0.0,0.0,0.0,0.0,0.0,0.0,0.0,0.0,0.0,0.0,0.0,0.0,0.0,drink
0.36877861618995667,0.7477075457572937,1.9798581263330561e-07,0.4025784134864807,0.6837660074234009,0.025560855865478516,0.4424987733364105,0.6281513571739197,0.02354496717453003,0.49472177028656006,0.6110207438468933,0.01151462085545063,0.5379281044006348,0.6054303646087646,-0.000773383944761008,0.40214183926582336,0.5465911030769348,0.009854043833911419,0.4799717962741852,0.4809367060661316,-0.005506007932126522,0.5244505405426025,0.49813950061798096,-0.014774797484278679,0.546236515045166,0.5302627682685852,-0.018109645694494247,0.41254767775535583,0.5555663704872131,-0.014778182841837406,0.4968177378177643,0.4834144413471222,-0.023672321811318398,0.5405369997024536,0.507676899433136,-0.027033444494009018,0.5567126274108887,0.5423102378845215,-0.028062624856829643,0.431851327419281,0.5812898278236389,-0.038141485303640366,0.504576563835144,0.5052628517150879,-0.04384007677435875,0.5470854640007019,0.5294788479804993,-0.03830870985984802,0.5617786645889282,0.5619848966598511,-0.033574528992176056,0.4577147960662842,0.6187553405761719,-0.05997211113572121,0.5131410360336304,0.5545424222946167,-0.06110726669430733,0.5447784662246704,0.5567678809165955,-0.051781587302684784,0.5590363144874573,0.5709195137023926,-0.043988633900880814,0.0,0.0,0.0,0.0,0.0,0.0,0.0,0.0,0.0,0.0,0.0,0.0,0.0,0.0,0.0,0.0,0.0,0.0,0.0,0.0,0.0,0.0,0.0,0.0,0.0,0.0,0.0,0.0,0.0,0.0,0.0,0.0,0.0,0.0,0.0,0.0,0.0,0.0,0.0,0.0,0.0,0.0,0.0,0.0,0.0,0.0,0.0,0.0,0.0,0.0,0.0,0.0,0.0,0.0,0.0,0.0,0.0,0.0,0.0,0.0,0.0,0.0,0.0,drink
0.37381482124328613,0.7783734798431396,6.946596187162868e-08,0.4224298894405365,0.7215372920036316,0.03242705389857292,0.4593369662761688,0.664291501045227,0.03454913944005966,0.5039733052253723,0.6381665468215942,0.02570962905883789,0.5405285954475403,0.6189078092575073,0.016639230772852898,0.4079910218715668,0.5719087719917297,0.01422030758112669,0.47989213466644287,0.5054349899291992,0.0030578693840652704,0.5223401784896851,0.5244632363319397,-0.0021992772817611694,0.5430684685707092,0.5554279088973999,-0.002866651862859726,0.4145704507827759,0.5784808397293091,-0.013046487234532833,0.49984973669052124,0.5066604614257812,-0.017807669937610626,0.5412459969520569,0.5339102745056152,-0.014755034819245338,0.5523094534873962,0.5689738988876343,-0.010584092698991299,0.4322928190231323,0.6054602861404419,-0.03844054415822029,0.508644163608551,0.5319809913635254,-0.03941415622830391,0.5492388010025024,0.5568253397941589,-0.02637755498290062,0.5600171685218811,0.5892665982246399,-0.016720818355679512,0.45698297023773193,0.6435145139694214,-0.06216026842594147,0.5122292041778564,0.583917498588562,-0.06023772060871124,0.5427970886230469,0.58509761095047,-0.04678554832935333,0.5555611848831177,0.5979486703872681,-0.03556530177593231,0.0,0.0,0.0,0.0,0.0,0.0,0.0,0.0,0.0,0.0,0.0,0.0,0.0,0.0,0.0,0.0,0.0,0.0,0.0,0.0,0.0,0.0,0.0,0.0,0.0,0.0,0.0,0.0,0.0,0.0,0.0,0.0,0.0,0.0,0.0,0.0,0.0,0.0,0.0,0.0,0.0,0.0,0.0,0.0,0.0,0.0,0.0,0.0,0.0,0.0,0.0,0.0,0.0,0.0,0.0,0.0,0.0,0.0,0.0,0.0,0.0,0.0,0.0,drink
0.38054463267326355,0.7733487486839294,1.375965013039604e-07,0.4426864683628082,0.7282040119171143,0.030556021258234978,0.4765864312648773,0.6740275621414185,0.035014018416404724,0.514883279800415,0.6427859663963318,0.028036197647452354,0.5478569865226746,0.6195952296257019,0.021442722529172897,0.4097428321838379,0.566505491733551,0.02786298841238022,0.48047903180122375,0.5036566853523254,0.01858471892774105,0.5264532566070557,0.5218369364738464,0.00893465057015419,0.5513708591461182,0.5523332357406616,0.0031586186960339546,0.4095137119293213,0.5676211714744568,0.0015031956136226654,0.4932076036930084,0.4933969974517822,-0.0029907007701694965,0.5386122465133667,0.5231540203094482,-0.008303606882691383,0.5554878115653992,0.559110701084137,-0.011952909640967846,0.4253021478652954,0.5888069868087769,-0.02363886684179306,0.4993547201156616,0.509066641330719,-0.025587720796465874,0.5449411273002625,0.5400506258010864,-0.019711103290319443,0.5593748688697815,0.576145589351654,-0.016169078648090363,0.45205095410346985,0.6216474771499634,-0.047524672001600266,0.5126176476478577,0.5620035529136658,-0.04592171311378479,0.5467433929443359,0.5738139152526855,-0.0353177972137928,0.5595604181289673,0.5961306691169739,-0.027698876336216927,0.0,0.0,0.0,0.0,0.0,0.0,0.0,0.0,0.0,0.0,0.0,0.0,0.0,0.0,0.0,0.0,0.0,0.0,0.0,0.0,0.0,0.0,0.0,0.0,0.0,0.0,0.0,0.0,0.0,0.0,0.0,0.0,0.0,0.0,0.0,0.0,0.0,0.0,0.0,0.0,0.0,0.0,0.0,0.0,0.0,0.0,0.0,0.0,0.0,0.0,0.0,0.0,0.0,0.0,0.0,0.0,0.0,0.0,0.0,0.0,0.0,0.0,0.0,drink
0.3794383406639099,0.7602145671844482,6.734761370807973e-08,0.44892460107803345,0.7159356474876404,0.020444897934794426,0.4845433235168457,0.6601477861404419,0.019910428673028946,0.5175429582595825,0.6290372610092163,0.009843402542173862,0.5514673590660095,0.6108600497245789,0.0008722333586774766,0.4151928424835205,0.5501694679260254,0.017200419679284096,0.4875086545944214,0.49329203367233276,0.0004451268760021776,0.5316699743270874,0.5204342007637024,-0.01386705320328474,0.5522986054420471,0.5591773390769958,-0.021332545205950737,0.41114315390586853,0.5520774126052856,-0.0049736942164599895,0.4968268573284149,0.4844167232513428,-0.016749734058976173,0.5418838858604431,0.5209372043609619,-0.02419220469892025,0.5561484098434448,0.5618072748184204,-0.02784430794417858,0.4236361086368561,0.5718764066696167,-0.027099238708615303,0.4991071820259094,0.4968068301677704,-0.03737276419997215,0.5437455177307129,0.5315923690795898,-0.03433562070131302,0.5578282475471497,0.5728222131729126,-0.03016314096748829,0.44730350375175476,0.6039318442344666,-0.04842408746480942,0.506210207939148,0.5446430444717407,-0.05308641865849495,0.5415264368057251,0.5565696358680725,-0.04564039036631584,0.5568564534187317,0.580698549747467,-0.03889019414782524,0.0,0.0,0.0,0.0,0.0,0.0,0.0,0.0,0.0,0.0,0.0,0.0,0.0,0.0,0.0,0.0,0.0,0.0,0.0,0.0,0.0,0.0,0.0,0.0,0.0,0.0,0.0,0.0,0.0,0.0,0.0,0.0,0.0,0.0,0.0,0.0,0.0,0.0,0.0,0.0,0.0,0.0,0.0,0.0,0.0,0.0,0.0,0.0,0.0,0.0,0.0,0.0,0.0,0.0,0.0,0.0,0.0,0.0,0.0,0.0,0.0,0.0,0.0,drink
0.38099968433380127,0.7583068013191223,7.634086074403967e-08,0.4476677477359772,0.7166997194290161,0.019607672467827797,0.4826120436191559,0.6601155996322632,0.017444347962737083,0.5165202021598816,0.6288676261901855,0.005499452818185091,0.5498166084289551,0.6101292967796326,-0.005473985802382231,0.4157660901546478,0.5496910214424133,0.014273673295974731,0.48787209391593933,0.48786473274230957,-0.004581925924867392,0.5332528948783875,0.5134297013282776,-0.020315976813435555,0.5539895296096802,0.5519979596138,-0.028262030333280563,0.4112401306629181,0.5532957315444946,-0.008507509715855122,0.49812257289886475,0.48339027166366577,-0.022367076948285103,0.5447243452072144,0.5219611525535583,-0.03071090392768383,0.5579959750175476,0.564064621925354,-0.03436930477619171,0.4232048988342285,0.5737244486808777,-0.031191721558570862,0.49996986985206604,0.4985016882419586,-0.04260646924376488,0.5461099743843079,0.536358118057251,-0.03886277601122856,0.5588414669036865,0.579383373260498,-0.0337473601102829,0.4461992084980011,0.6058118939399719,-0.05322391912341118,0.5065813064575195,0.5453952550888062,-0.057835377752780914,0.5418493151664734,0.5598245859146118,-0.04916885122656822,0.5550285577774048,0.5866932272911072,-0.04134174436330795,0.0,0.0,0.0,0.0,0.0,0.0,0.0,0.0,0.0,0.0,0.0,0.0,0.0,0.0,0.0,0.0,0.0,0.0,0.0,0.0,0.0,0.0,0.0,0.0,0.0,0.0,0.0,0.0,0.0,0.0,0.0,0.0,0.0,0.0,0.0,0.0,0.0,0.0,0.0,0.0,0.0,0.0,0.0,0.0,0.0,0.0,0.0,0.0,0.0,0.0,0.0,0.0,0.0,0.0,0.0,0.0,0.0,0.0,0.0,0.0,0.0,0.0,0.0,drink
0.405822217464447,0.6915798187255859,2.5435090833525464e-07,0.4626096189022064,0.6795269250869751,0.011416059918701649,0.4921962320804596,0.6329569220542908,0.011536589823663235,0.5205157399177551,0.6058692336082458,0.003702618647366762,0.5501778721809387,0.5828450322151184,-0.002855144441127777,0.41718894243240356,0.517604410648346,0.03135375678539276,0.474729061126709,0.47143203020095825,0.01857380010187626,0.5181282758712769,0.48295995593070984,0.0037686978466808796,0.5434418320655823,0.5120395421981812,-0.0039231665432453156,0.41332459449768066,0.514666736125946,0.01613047532737255,0.4786730706691742,0.4617740511894226,0.004416210111230612,0.5259842872619629,0.482393741607666,-0.008235574699938297,0.5530973672866821,0.5170527100563049,-0.014527011662721634,0.4240799844264984,0.5222997665405273,-0.0010251166531816125,0.486074835062027,0.46649450063705444,-0.008607328869402409,0.5324305295944214,0.4857887029647827,-0.012369067408144474,0.5566301345825195,0.5195494890213013,-0.012639936059713364,0.4489379823207855,0.5401590466499329,-0.01863626390695572,0.49865224957466125,0.48618417978286743,-0.0205263439565897,0.5334769487380981,0.4945630729198456,-0.016856905072927475,0.5532554388046265,0.5182689428329468,-0.01294831745326519,0.38482964038848877,0.727088212966919,5.007263226275427e-08,0.45222851634025574,0.6898166537284851,0.01897982694208622,0.4866369664669037,0.6320769190788269,0.021478673443198204,0.5180719494819641,0.602217972278595,0.014200379140675068,0.5506374835968018,0.5860065817832947,0.008532103151082993,0.4170698821544647,0.5127847194671631,0.031177468597888947,0.4824029207229614,0.45962613821029663,0.013762676157057285,0.5271359086036682,0.48914432525634766,-0.005271073430776596,0.5472899675369263,0.533528208732605,-0.015198261477053165,0.4118954539299011,0.5127309560775757,0.010652306489646435,0.48685693740844727,0.4526198208332062,-0.0011652902467176318,0.5327426195144653,0.48606806993484497,-0.013858500868082047,0.5484582781791687,0.529832661151886,-0.020974176004529,0.4225071668624878,0.5253791213035583,-0.011202951893210411,0.4885586202144623,0.4557676315307617,-0.01964816451072693,0.5331916213035583,0.4858781099319458,-0.020890654996037483,0.548550546169281,0.5289886593818665,-0.019741937518119812,0.4450119435787201,0.5460246205329895,-0.032995324581861496,0.4959350824356079,0.48562830686569214,-0.03612137958407402,0.530038058757782,0.5010626316070557,-0.030013050884008408,0.5453569889068604,0.5320737361907959,-0.024056078866124153,drink
0.38399991393089294,0.6876945495605469,1.3363614925765432e-07,0.449862003326416,0.6502751111984253,0.024777034297585487,0.483537495136261,0.6037406325340271,0.030852217227220535,0.5133336186408997,0.5727315545082092,0.025148779153823853,0.5431792736053467,0.5401313304901123,0.019806865602731705,0.42185261845588684,0.49581611156463623,0.05656419321894646,0.4742591381072998,0.44767871499061584,0.052541978657245636,0.5150418281555176,0.4644567370414734,0.03958269581198692,0.5369162559509277,0.4948817193508148,0.03166906163096428,0.41225484013557434,0.48661184310913086,0.03558552637696266,0.47577089071273804,0.43186190724372864,0.03461796045303345,0.5177643895149231,0.4536217153072357,0.022216670215129852,0.5367599129676819,0.48730701208114624,0.01360766775906086,0.4140121042728424,0.4876740872859955,0.012954206205904484,0.47782930731773376,0.427000492811203,0.013699546456336975,0.51959228515625,0.44937822222709656,0.010267164558172226,0.5373040437698364,0.4852026104927063,0.008058582432568073,0.4272668659687042,0.4956541657447815,-0.00932651199400425,0.47963747382164,0.440746545791626,-0.0039396402426064014,0.5134086012840271,0.45127803087234497,0.0030903697479516268,0.5303604602813721,0.47822168469429016,0.008137544617056847,0.0,0.0,0.0,0.0,0.0,0.0,0.0,0.0,0.0,0.0,0.0,0.0,0.0,0.0,0.0,0.0,0.0,0.0,0.0,0.0,0.0,0.0,0.0,0.0,0.0,0.0,0.0,0.0,0.0,0.0,0.0,0.0,0.0,0.0,0.0,0.0,0.0,0.0,0.0,0.0,0.0,0.0,0.0,0.0,0.0,0.0,0.0,0.0,0.0,0.0,0.0,0.0,0.0,0.0,0.0,0.0,0.0,0.0,0.0,0.0,0.0,0.0,0.0,drink
0.3866352140903473,0.6385331749916077,1.571214198747839e-07,0.4465131163597107,0.6118506789207458,0.024568939581513405,0.47806861996650696,0.5743796825408936,0.036268673837184906,0.5084760189056396,0.5424729585647583,0.035214267671108246,0.5354479551315308,0.5079719424247742,0.033560581505298615,0.42699378728866577,0.48940885066986084,0.08226972073316574,0.4667440950870514,0.45905202627182007,0.08832510560750961,0.5007779002189636,0.46532580256462097,0.07886984199285507,0.5201966762542725,0.47981154918670654,0.07200086861848831,0.41973987221717834,0.47184184193611145,0.06322783976793289,0.4642627537250519,0.4305287003517151,0.0689266249537468,0.5033330321311951,0.4405674636363983,0.05377008765935898,0.528001070022583,0.46284496784210205,0.042901404201984406,0.4185819625854492,0.45945605635643005,0.04102448374032974,0.46462851762771606,0.4081991910934448,0.04372520372271538,0.5052880644798279,0.42137011885643005,0.03320814296603203,0.5286716222763062,0.44881531596183777,0.026890646666288376,0.42558932304382324,0.45097672939300537,0.01915571838617325,0.46778053045272827,0.3973848819732666,0.024678388610482216,0.5020254850387573,0.40472841262817383,0.028071563690900803,0.5247734189033508,0.429801344871521,0.030796626582741737,0.0,0.0,0.0,0.0,0.0,0.0,0.0,0.0,0.0,0.0,0.0,0.0,0.0,0.0,0.0,0.0,0.0,0.0,0.0,0.0,0.0,0.0,0.0,0.0,0.0,0.0,0.0,0.0,0.0,0.0,0.0,0.0,0.0,0.0,0.0,0.0,0.0,0.0,0.0,0.0,0.0,0.0,0.0,0.0,0.0,0.0,0.0,0.0,0.0,0.0,0.0,0.0,0.0,0.0,0.0,0.0,0.0,0.0,0.0,0.0,0.0,0.0,0.0,drink
0.38539278507232666,0.6076675653457642,1.2821607242585742e-07,0.44202151894569397,0.5914369821548462,0.01973077841103077,0.4771521985530853,0.5606750249862671,0.029402151703834534,0.5102906227111816,0.5327609181404114,0.028316065669059753,0.5397698879241943,0.5039706826210022,0.026446567848324776,0.4397395849227905,0.48211219906806946,0.07083937525749207,0.47675442695617676,0.4553488492965698,0.07519803196191788,0.5103929042816162,0.4608340561389923,0.06526073813438416,0.5305567383766174,0.4735521376132965,0.05768939480185509,0.43370291590690613,0.46236222982406616,0.05494455248117447,0.4760781526565552,0.42727410793304443,0.058955539017915726,0.5111347436904907,0.43735867738723755,0.04314350336790085,0.5328686833381653,0.45876994729042053,0.03119095414876938,0.42861729860305786,0.44596853852272034,0.03629793971776962,0.4704608917236328,0.39982858300209045,0.03929039090871811,0.5063678622245789,0.4108728766441345,0.029500408098101616,0.5269871354103088,0.43519648909568787,0.022543802857398987,0.4262252748012543,0.4334927201271057,0.017645226791501045,0.4658902585506439,0.38697350025177,0.02253802865743637,0.4971535801887512,0.3947177827358246,0.02494857832789421,0.5177138447761536,0.4176432192325592,0.026445899158716202,0.0,0.0,0.0,0.0,0.0,0.0,0.0,0.0,0.0,0.0,0.0,0.0,0.0,0.0,0.0,0.0,0.0,0.0,0.0,0.0,0.0,0.0,0.0,0.0,0.0,0.0,0.0,0.0,0.0,0.0,0.0,0.0,0.0,0.0,0.0,0.0,0.0,0.0,0.0,0.0,0.0,0.0,0.0,0.0,0.0,0.0,0.0,0.0,0.0,0.0,0.0,0.0,0.0,0.0,0.0,0.0,0.0,0.0,0.0,0.0,0.0,0.0,0.0,drink
0.3922159671783447,0.6023138165473938,2.0389772714679566e-07,0.4479881823062897,0.5924638509750366,0.017926180735230446,0.4810969829559326,0.5611018538475037,0.029910510405898094,0.5115810036659241,0.5326828956604004,0.03194720670580864,0.5398359298706055,0.5051397681236267,0.03394976630806923,0.4320129454135895,0.4812004864215851,0.0736428052186966,0.47012683749198914,0.46181902289390564,0.0797467976808548,0.5056741833686829,0.4684181213378906,0.07130375504493713,0.5271678566932678,0.47901344299316406,0.06462330371141434,0.4265437722206116,0.4588002562522888,0.05958527326583862,0.469460129737854,0.4308423399925232,0.06479528546333313,0.5073529481887817,0.441125750541687,0.050692055374383926,0.5337772965431213,0.45901110768318176,0.04000948742032051,0.4250199496746063,0.44069936871528625,0.04222514107823372,0.4684659242630005,0.40123486518859863,0.045416414737701416,0.5071294903755188,0.4129817485809326,0.035404548048973083,0.5315318703651428,0.43657612800598145,0.02826029248535633,0.428788423538208,0.42662882804870605,0.02456892654299736,0.46812596917152405,0.38531607389450073,0.028100943192839622,0.5007833242416382,0.39449623227119446,0.02905360795557499,0.5245333909988403,0.41888633370399475,0.029795777052640915,0.0,0.0,0.0,0.0,0.0,0.0,0.0,0.0,0.0,0.0,0.0,0.0,0.0,0.0,0.0,0.0,0.0,0.0,0.0,0.0,0.0,0.0,0.0,0.0,0.0,0.0,0.0,0.0,0.0,0.0,0.0,0.0,0.0,0.0,0.0,0.0,0.0,0.0,0.0,0.0,0.0,0.0,0.0,0.0,0.0,0.0,0.0,0.0,0.0,0.0,0.0,0.0,0.0,0.0,0.0,0.0,0.0,0.0,0.0,0.0,0.0,0.0,0.0,drink
0.38670167326927185,0.563808262348175,1.987195332731062e-07,0.43626564741134644,0.5609771013259888,0.01471654698252678,0.4740312993526459,0.538219690322876,0.026024229824543,0.5061930418014526,0.5113745927810669,0.02783508412539959,0.5341387987136841,0.48253560066223145,0.029126273468136787,0.4447377026081085,0.4662310779094696,0.07374931871891022,0.479525089263916,0.4467165470123291,0.0816102847456932,0.5083898305892944,0.4519251585006714,0.07477731257677078,0.5266883373260498,0.4604319930076599,0.06949174404144287,0.44065865874290466,0.44067519903182983,0.06174881011247635,0.47882673144340515,0.42072591185569763,0.07030211389064789,0.5095165371894836,0.426863431930542,0.056409455835819244,0.5307162404060364,0.44227391481399536,0.045771121978759766,0.4354531168937683,0.417357861995697,0.04619690403342247,0.4739546775817871,0.38690242171287537,0.052270423620939255,0.5046029686927795,0.39714211225509644,0.043577149510383606,0.5230487585067749,0.41730064153671265,0.03766267001628876,0.4301835894584656,0.39711856842041016,0.030046677216887474,0.4661785364151001,0.36263009905815125,0.03745492547750473,0.4919882118701935,0.3707309365272522,0.04099062830209732,0.5087908506393433,0.3912213444709778,0.04372101649641991,0.0,0.0,0.0,0.0,0.0,0.0,0.0,0.0,0.0,0.0,0.0,0.0,0.0,0.0,0.0,0.0,0.0,0.0,0.0,0.0,0.0,0.0,0.0,0.0,0.0,0.0,0.0,0.0,0.0,0.0,0.0,0.0,0.0,0.0,0.0,0.0,0.0,0.0,0.0,0.0,0.0,0.0,0.0,0.0,0.0,0.0,0.0,0.0,0.0,0.0,0.0,0.0,0.0,0.0,0.0,0.0,0.0,0.0,0.0,0.0,0.0,0.0,0.0,drink
0.3806196451187134,0.5346236228942871,2.8008457775285933e-07,0.4334026277065277,0.5408961176872253,0.006610761396586895,0.4688269793987274,0.5248402953147888,0.01487947627902031,0.5028280019760132,0.4981808364391327,0.01579408347606659,0.5314595103263855,0.47056713700294495,0.01674298755824566,0.44007620215415955,0.4492880702018738,0.06334981322288513,0.4727388620376587,0.43601536750793457,0.0676715299487114,0.5030528903007507,0.4416307210922241,0.05909819155931473,0.5226220488548279,0.4483237564563751,0.05244610086083412,0.4379357397556305,0.4228810667991638,0.05509622022509575,0.4756127595901489,0.40574637055397034,0.058519888669252396,0.5059325098991394,0.41519367694854736,0.043841421604156494,0.5278589129447937,0.43031883239746094,0.03300941735506058,0.4332816004753113,0.39909303188323975,0.04264121130108833,0.4722750186920166,0.3715113401412964,0.043152231723070145,0.5029400587081909,0.3845268487930298,0.032039910554885864,0.5224851369857788,0.40442293882369995,0.024745121598243713,0.4274630844593048,0.37832343578338623,0.02923361398279667,0.4668092429637909,0.34865647554397583,0.030399402603507042,0.494691401720047,0.36163586378097534,0.030036600306630135,0.5137910842895508,0.385399729013443,0.030169863253831863,0.0,0.0,0.0,0.0,0.0,0.0,0.0,0.0,0.0,0.0,0.0,0.0,0.0,0.0,0.0,0.0,0.0,0.0,0.0,0.0,0.0,0.0,0.0,0.0,0.0,0.0,0.0,0.0,0.0,0.0,0.0,0.0,0.0,0.0,0.0,0.0,0.0,0.0,0.0,0.0,0.0,0.0,0.0,0.0,0.0,0.0,0.0,0.0,0.0,0.0,0.0,0.0,0.0,0.0,0.0,0.0,0.0,0.0,0.0,0.0,0.0,0.0,0.0,drink
0.3838961124420166,0.5319716930389404,3.271587161179923e-07,0.43520334362983704,0.5385366082191467,0.007988435216248035,0.471038281917572,0.5194118022918701,0.018519610166549683,0.5020409822463989,0.4937070608139038,0.02191079407930374,0.5287109613418579,0.46329620480537415,0.025532444939017296,0.4374837875366211,0.4446176588535309,0.0677076056599617,0.4708051383495331,0.4304385483264923,0.0752907246351242,0.5013020634651184,0.4351773262023926,0.0688808411359787,0.522203803062439,0.4407980740070343,0.06352279335260391,0.43360668420791626,0.41788795590400696,0.0600556805729866,0.4725675880908966,0.4007309079170227,0.0678827092051506,0.5030341744422913,0.4081036150455475,0.055733710527420044,0.5272817611694336,0.42026710510253906,0.04607567936182022,0.4286871552467346,0.39435261487960815,0.048142001032829285,0.46939781308174133,0.36607539653778076,0.0530272051692009,0.5008907318115234,0.37675678730010986,0.04407856613397598,0.5229949355125427,0.39476653933525085,0.03722081333398819,0.42412546277046204,0.3740553557872772,0.035184603184461594,0.4624082148075104,0.3436509668827057,0.03923628106713295,0.4905800223350525,0.3548617660999298,0.040139246731996536,0.511323094367981,0.3775639832019806,0.04065747559070587,0.0,0.0,0.0,0.0,0.0,0.0,0.0,0.0,0.0,0.0,0.0,0.0,0.0,0.0,0.0,0.0,0.0,0.0,0.0,0.0,0.0,0.0,0.0,0.0,0.0,0.0,0.0,0.0,0.0,0.0,0.0,0.0,0.0,0.0,0.0,0.0,0.0,0.0,0.0,0.0,0.0,0.0,0.0,0.0,0.0,0.0,0.0,0.0,0.0,0.0,0.0,0.0,0.0,0.0,0.0,0.0,0.0,0.0,0.0,0.0,0.0,0.0,0.0,drink
0.38384121656417847,0.5382409691810608,2.8133948148933996e-07,0.43693259358406067,0.5440186858177185,0.010280048474669456,0.47020280361175537,0.5210543870925903,0.023330070078372955,0.5005804896354675,0.49592602252960205,0.02922239527106285,0.5269907116889954,0.4716063141822815,0.035724297165870667,0.42812567949295044,0.447605699300766,0.07291632145643234,0.46374863386154175,0.43707308173179626,0.08338620513677597,0.4930061101913452,0.44684380292892456,0.07779620587825775,0.5113468766212463,0.45843854546546936,0.07302022725343704,0.4245831370353699,0.4218119978904724,0.06607190519571304,0.4680246114730835,0.4083065688610077,0.07701962441205978,0.49859485030174255,0.4188190698623657,0.06438086181879044,0.5223238468170166,0.43438827991485596,0.053859855979681015,0.4221113920211792,0.3991353511810303,0.0552947111427784,0.4644646644592285,0.371772438287735,0.06332680583000183,0.49786871671676636,0.38369256258010864,0.05257365480065346,0.5203965306282043,0.40335720777511597,0.04388788342475891,0.4207329750061035,0.3779209554195404,0.043835315853357315,0.45999759435653687,0.34656739234924316,0.051108308136463165,0.4890922009944916,0.3569493591785431,0.051800183951854706,0.5109265446662903,0.37816548347473145,0.05155504494905472,0.0,0.0,0.0,0.0,0.0,0.0,0.0,0.0,0.0,0.0,0.0,0.0,0.0,0.0,0.0,0.0,0.0,0.0,0.0,0.0,0.0,0.0,0.0,0.0,0.0,0.0,0.0,0.0,0.0,0.0,0.0,0.0,0.0,0.0,0.0,0.0,0.0,0.0,0.0,0.0,0.0,0.0,0.0,0.0,0.0,0.0,0.0,0.0,0.0,0.0,0.0,0.0,0.0,0.0,0.0,0.0,0.0,0.0,0.0,0.0,0.0,0.0,0.0,drink
0.3860680162906647,0.5387809872627258,2.7279051550976874e-07,0.43694257736206055,0.5439408421516418,0.010850860737264156,0.4700509309768677,0.523888885974884,0.022543221712112427,0.5005244016647339,0.4975542724132538,0.026351233944296837,0.5278999209403992,0.46934211254119873,0.030515626072883606,0.42901307344436646,0.4475269913673401,0.07532565295696259,0.46360355615615845,0.4356626868247986,0.08584052324295044,0.49319884181022644,0.4433891475200653,0.07969827950000763,0.5113543272018433,0.4539329707622528,0.07448865473270416,0.42551010847091675,0.4223092496395111,0.06730827689170837,0.4668126404285431,0.40535250306129456,0.07786372303962708,0.49817413091659546,0.41351646184921265,0.06382966041564941,0.5221178531646729,0.4276585578918457,0.052344243973493576,0.4230242073535919,0.39973822236061096,0.05532578006386757,0.4634465277194977,0.37056273221969604,0.06274635344743729,0.49731966853141785,0.38220781087875366,0.05119572579860687,0.5192860960960388,0.402934193611145,0.04228994995355606,0.4217270314693451,0.3791235685348511,0.04268457740545273,0.4589398205280304,0.345157265663147,0.04984858259558678,0.4881300926208496,0.35479238629341125,0.05053834617137909,0.5097000002861023,0.3770754039287567,0.05039527639746666,0.0,0.0,0.0,0.0,0.0,0.0,0.0,0.0,0.0,0.0,0.0,0.0,0.0,0.0,0.0,0.0,0.0,0.0,0.0,0.0,0.0,0.0,0.0,0.0,0.0,0.0,0.0,0.0,0.0,0.0,0.0,0.0,0.0,0.0,0.0,0.0,0.0,0.0,0.0,0.0,0.0,0.0,0.0,0.0,0.0,0.0,0.0,0.0,0.0,0.0,0.0,0.0,0.0,0.0,0.0,0.0,0.0,0.0,0.0,0.0,0.0,0.0,0.0,drink
0.39038553833961487,0.5649617314338684,2.7139498115502647e-07,0.4379866123199463,0.5635837912559509,0.012486401945352554,0.47159290313720703,0.5398217439651489,0.023322775959968567,0.4998394250869751,0.5098437666893005,0.026324043050408363,0.5251383781433105,0.4786156713962555,0.029877152293920517,0.4234323501586914,0.4650265574455261,0.06971950083971024,0.46288377046585083,0.4489049017429352,0.07706815004348755,0.4979797899723053,0.45496004819869995,0.07051089406013489,0.5185642242431641,0.4649687111377716,0.06554340571165085,0.4200236201286316,0.4390887916088104,0.06048038974404335,0.46627679467201233,0.4114207923412323,0.06726767122745514,0.5031138062477112,0.41921117901802063,0.05477474257349968,0.5287532806396484,0.4348844587802887,0.045332420617341995,0.41839519143104553,0.4166412949562073,0.04758435860276222,0.46247628331184387,0.380599707365036,0.051986388862133026,0.5010615587234497,0.38955381512641907,0.041234634816646576,0.5254974365234375,0.4087880253791809,0.033574141561985016,0.4199160039424896,0.39700669050216675,0.03435945138335228,0.46075496077537537,0.36286598443984985,0.03999778628349304,0.49265792965888977,0.37050768733024597,0.04037371650338173,0.514496386051178,0.3908056318759918,0.04019720479846001,0.0,0.0,0.0,0.0,0.0,0.0,0.0,0.0,0.0,0.0,0.0,0.0,0.0,0.0,0.0,0.0,0.0,0.0,0.0,0.0,0.0,0.0,0.0,0.0,0.0,0.0,0.0,0.0,0.0,0.0,0.0,0.0,0.0,0.0,0.0,0.0,0.0,0.0,0.0,0.0,0.0,0.0,0.0,0.0,0.0,0.0,0.0,0.0,0.0,0.0,0.0,0.0,0.0,0.0,0.0,0.0,0.0,0.0,0.0,0.0,0.0,0.0,0.0,drink
0.3924162983894348,0.6190428733825684,1.7070871649593755e-07,0.4458523690700531,0.6104888916015625,0.020346874371170998,0.47094815969467163,0.5659855604171753,0.028624366968870163,0.4980991780757904,0.536176323890686,0.027195723727345467,0.5272977352142334,0.5111826658248901,0.026850078254938126,0.4034436345100403,0.45816415548324585,0.05977571755647659,0.4577774703502655,0.42787379026412964,0.05910905450582504,0.5014370679855347,0.4451894760131836,0.049342501908540726,0.5250047445297241,0.4742145538330078,0.043777018785476685,0.39787840843200684,0.4457583427429199,0.043805837631225586,0.4619109034538269,0.40449345111846924,0.04441072419285774,0.5077812671661377,0.42686033248901367,0.0341809019446373,0.532762348651886,0.4570790231227875,0.0276739951223135,0.4043290913105011,0.4428514838218689,0.02525321952998638,0.46487003564834595,0.3944275379180908,0.025843527168035507,0.5103918313980103,0.4166724383831024,0.019866151735186577,0.5328564643859863,0.4504804015159607,0.016739562153816223,0.4228929877281189,0.4482716917991638,0.006961527746170759,0.47215068340301514,0.3979034423828125,0.010933810845017433,0.5072335600852966,0.40931984782218933,0.013663340359926224,0.5273385643959045,0.4361781179904938,0.015655899420380592,0.0,0.0,0.0,0.0,0.0,0.0,0.0,0.0,0.0,0.0,0.0,0.0,0.0,0.0,0.0,0.0,0.0,0.0,0.0,0.0,0.0,0.0,0.0,0.0,0.0,0.0,0.0,0.0,0.0,0.0,0.0,0.0,0.0,0.0,0.0,0.0,0.0,0.0,0.0,0.0,0.0,0.0,0.0,0.0,0.0,0.0,0.0,0.0,0.0,0.0,0.0,0.0,0.0,0.0,0.0,0.0,0.0,0.0,0.0,0.0,0.0,0.0,0.0,drink
0.38026371598243713,0.6522637009620667,8.787030658652384e-09,0.4406793415546417,0.6379010677337646,0.01203281432390213,0.46912577748298645,0.5875282287597656,0.012483175843954086,0.49467864632606506,0.5570995211601257,0.004826319869607687,0.5237614512443542,0.5305860638618469,-0.0015088242944329977,0.40850597620010376,0.46918410062789917,0.029558004811406136,0.46708038449287415,0.4303639531135559,0.015899263322353363,0.5108006596565247,0.4502469301223755,0.00040868669748306274,0.5361557602882385,0.4844525158405304,-0.007799813058227301,0.4014323055744171,0.46363142132759094,0.01419098675251007,0.4688407778739929,0.4145358204841614,0.004638303071260452,0.5131493806838989,0.4426267147064209,-0.0037221889942884445,0.5349913835525513,0.4782674014568329,-0.007755027152597904,0.4087703824043274,0.46836403012275696,-0.003521751379594207,0.4739314913749695,0.4115307927131653,-0.013470293954014778,0.5147091150283813,0.4411765933036804,-0.013960834592580795,0.5340948104858398,0.4801984429359436,-0.011210475116968155,0.43009135127067566,0.4819943904876709,-0.021446634083986282,0.48199576139450073,0.4285268485546112,-0.025936629623174667,0.513913631439209,0.4468909502029419,-0.02143252082169056,0.5324891805648804,0.47669336199760437,-0.016434594988822937,0.0,0.0,0.0,0.0,0.0,0.0,0.0,0.0,0.0,0.0,0.0,0.0,0.0,0.0,0.0,0.0,0.0,0.0,0.0,0.0,0.0,0.0,0.0,0.0,0.0,0.0,0.0,0.0,0.0,0.0,0.0,0.0,0.0,0.0,0.0,0.0,0.0,0.0,0.0,0.0,0.0,0.0,0.0,0.0,0.0,0.0,0.0,0.0,0.0,0.0,0.0,0.0,0.0,0.0,0.0,0.0,0.0,0.0,0.0,0.0,0.0,0.0,0.0,drink
0.38108450174331665,0.7054972648620605,-6.286305698210981e-09,0.44243788719177246,0.6832165122032166,0.010931634344160557,0.4745236039161682,0.6340038180351257,0.006444168742746115,0.5059388279914856,0.6049716472625732,-0.0056406836956739426,0.5363997220993042,0.584783673286438,-0.016478536650538445,0.41437774896621704,0.516220211982727,0.011401623487472534,0.48019689321517944,0.46409502625465393,-0.008123916573822498,0.5230284929275513,0.48635581135749817,-0.02465881034731865,0.5420363545417786,0.5223610997200012,-0.033231060951948166,0.40991461277008057,0.5171160101890564,-0.005823954939842224,0.4842124581336975,0.4565194249153137,-0.02002815529704094,0.5293706059455872,0.48652127385139465,-0.029007624834775925,0.5461791753768921,0.5236882567405701,-0.03379642218351364,0.418983519077301,0.5316721200942993,-0.024237776175141335,0.4860440194606781,0.4674898386001587,-0.037786103785037994,0.5301926732063293,0.4957420229911804,-0.03761328384280205,0.5457003712654114,0.5333646535873413,-0.035130832344293594,0.43983525037765503,0.5567519664764404,-0.042438097298145294,0.49630534648895264,0.5042218565940857,-0.04982060194015503,0.5303783416748047,0.5162436962127686,-0.045139092952013016,0.5451005697250366,0.541274905204773,-0.04034512862563133,0.0,0.0,0.0,0.0,0.0,0.0,0.0,0.0,0.0,0.0,0.0,0.0,0.0,0.0,0.0,0.0,0.0,0.0,0.0,0.0,0.0,0.0,0.0,0.0,0.0,0.0,0.0,0.0,0.0,0.0,0.0,0.0,0.0,0.0,0.0,0.0,0.0,0.0,0.0,0.0,0.0,0.0,0.0,0.0,0.0,0.0,0.0,0.0,0.0,0.0,0.0,0.0,0.0,0.0,0.0,0.0,0.0,0.0,0.0,0.0,0.0,0.0,0.0,drink
0.3773528039455414,0.7169274091720581,7.076204866507396e-08,0.43886062502861023,0.6898144483566284,0.013980836607515812,0.47135230898857117,0.6349930763244629,0.011797879822552204,0.5029502511024475,0.6053397059440613,0.0009936414426192641,0.535236120223999,0.5859423279762268,-0.008708416484296322,0.41368743777275085,0.5176581144332886,0.01623927243053913,0.47982949018478394,0.46206921339035034,-0.0035986853763461113,0.5245120525360107,0.48933476209640503,-0.020799588412046432,0.5428734421730042,0.5308326482772827,-0.028999626636505127,0.40940892696380615,0.519108772277832,-0.00265632476657629,0.48613861203193665,0.45473653078079224,-0.016472477465867996,0.5329260230064392,0.4898316562175751,-0.026141298934817314,0.5472331643104553,0.530956506729126,-0.030532455071806908,0.4193207025527954,0.5354410409927368,-0.02257683128118515,0.48805567622184753,0.46647414565086365,-0.034530676901340485,0.5332118272781372,0.5003753304481506,-0.032825157046318054,0.5454093217849731,0.5422601699829102,-0.02861926332116127,0.4394436776638031,0.5631940960884094,-0.042356908321380615,0.49549636244773865,0.50394606590271,-0.04892797768115997,0.5299845337867737,0.5179237723350525,-0.042720068246126175,0.5424318313598633,0.5459422469139099,-0.036035798490047455,0.0,0.0,0.0,0.0,0.0,0.0,0.0,0.0,0.0,0.0,0.0,0.0,0.0,0.0,0.0,0.0,0.0,0.0,0.0,0.0,0.0,0.0,0.0,0.0,0.0,0.0,0.0,0.0,0.0,0.0,0.0,0.0,0.0,0.0,0.0,0.0,0.0,0.0,0.0,0.0,0.0,0.0,0.0,0.0,0.0,0.0,0.0,0.0,0.0,0.0,0.0,0.0,0.0,0.0,0.0,0.0,0.0,0.0,0.0,0.0,0.0,0.0,0.0,drink
0.37527379393577576,0.7622469663619995,3.040885587779485e-08,0.4395260214805603,0.7205228805541992,0.022759191691875458,0.4743627905845642,0.6656971573829651,0.024389151483774185,0.5089241862297058,0.6333405375480652,0.016475841403007507,0.5390092134475708,0.6104053854942322,0.009401753544807434,0.4083428382873535,0.5587124824523926,0.017138874158263206,0.47724649310112,0.5010164380073547,0.003735156962648034,0.5212981700897217,0.5221235156059265,-0.006754639558494091,0.5449686050415039,0.5530252456665039,-0.01214143168181181,0.4059370756149292,0.5603776574134827,-0.0054029193706810474,0.48794469237327576,0.4922339916229248,-0.014326425269246101,0.5319117903709412,0.520481526851654,-0.01760212518274784,0.5477440357208252,0.5539716482162476,-0.01876475289463997,0.41838961839675903,0.5796006321907043,-0.027668166905641556,0.49324506521224976,0.5079648494720459,-0.03569064289331436,0.5367571711540222,0.5382890105247498,-0.030330916866660118,0.5506522059440613,0.5745447278022766,-0.025148577988147736,0.44113704562187195,0.6107607483863831,-0.048995546996593475,0.5011649131774902,0.554087221622467,-0.05216825753450394,0.536415696144104,0.5659055709838867,-0.04360448569059372,0.5515574216842651,0.5891550183296204,-0.036290284246206284,0.0,0.0,0.0,0.0,0.0,0.0,0.0,0.0,0.0,0.0,0.0,0.0,0.0,0.0,0.0,0.0,0.0,0.0,0.0,0.0,0.0,0.0,0.0,0.0,0.0,0.0,0.0,0.0,0.0,0.0,0.0,0.0,0.0,0.0,0.0,0.0,0.0,0.0,0.0,0.0,0.0,0.0,0.0,0.0,0.0,0.0,0.0,0.0,0.0,0.0,0.0,0.0,0.0,0.0,0.0,0.0,0.0,0.0,0.0,0.0,0.0,0.0,0.0,drink
0.3744274377822876,0.763420581817627,7.896466058809892e-08,0.4413917362689972,0.7193134427070618,0.022739829495549202,0.4755189120769501,0.6634198427200317,0.023264480754733086,0.5103886723518372,0.6309565305709839,0.013551966287195683,0.5435538291931152,0.6092395782470703,0.004579969681799412,0.4091572165489197,0.5570265054702759,0.020665977150201797,0.47953730821609497,0.5013659000396729,0.005851381458342075,0.5235872864723206,0.521431028842926,-0.007094652391970158,0.5462091565132141,0.5525590777397156,-0.01411659549921751,0.40489548444747925,0.5584304332733154,-0.0027598163578659296,0.4926014244556427,0.49459967017173767,-0.014030233956873417,0.5357462763786316,0.532435953617096,-0.02061014249920845,0.5488240718841553,0.5703607201576233,-0.023276040330529213,0.41658690571784973,0.5776467323303223,-0.025944149121642113,0.49681931734085083,0.5106319189071655,-0.035911861807107925,0.5392573475837708,0.5492274165153503,-0.03199630603194237,0.5505578517913818,0.5890108942985535,-0.026833878830075264,0.4384826421737671,0.6088457107543945,-0.048204727470874786,0.5018344521522522,0.5541395545005798,-0.0518062561750412,0.5361758470535278,0.5696772933006287,-0.043126579374074936,0.5495005249977112,0.594308078289032,-0.03542034700512886,0.0,0.0,0.0,0.0,0.0,0.0,0.0,0.0,0.0,0.0,0.0,0.0,0.0,0.0,0.0,0.0,0.0,0.0,0.0,0.0,0.0,0.0,0.0,0.0,0.0,0.0,0.0,0.0,0.0,0.0,0.0,0.0,0.0,0.0,0.0,0.0,0.0,0.0,0.0,0.0,0.0,0.0,0.0,0.0,0.0,0.0,0.0,0.0,0.0,0.0,0.0,0.0,0.0,0.0,0.0,0.0,0.0,0.0,0.0,0.0,0.0,0.0,0.0,drink
0.3767174780368805,0.7505991458892822,9.069776041314981e-08,0.4449286460876465,0.7087286114692688,0.01766655035316944,0.47772642970085144,0.6537328362464905,0.015967175364494324,0.510900616645813,0.6221474409103394,0.005044820252805948,0.5448391437530518,0.6012126207351685,-0.0041695041581988335,0.40984252095222473,0.542324423789978,0.017686881124973297,0.4818308353424072,0.48804542422294617,-0.0014611465157940984,0.5257376432418823,0.5175174474716187,-0.01833345554769039,0.5441588759422302,0.55824214220047,-0.026862140744924545,0.4065037965774536,0.5440300107002258,-0.0030047877226024866,0.4912997782230377,0.4789496660232544,-0.01476961188018322,0.5346615314483643,0.516180694103241,-0.022940589115023613,0.5458231568336487,0.5558592677116394,-0.027422262355685234,0.41947829723358154,0.5632889866828918,-0.024251451715826988,0.49549800157546997,0.49191078543663025,-0.03382185474038124,0.5376096963882446,0.5282991528511047,-0.03002401813864708,0.5469270944595337,0.5694537162780762,-0.02554371953010559,0.4428016245365143,0.5938101410865784,-0.0451839342713356,0.5039337873458862,0.5370669364929199,-0.04876159876585007,0.5387808680534363,0.5506207942962646,-0.04038923233747482,0.5514704585075378,0.575033962726593,-0.03304074704647064,0.0,0.0,0.0,0.0,0.0,0.0,0.0,0.0,0.0,0.0,0.0,0.0,0.0,0.0,0.0,0.0,0.0,0.0,0.0,0.0,0.0,0.0,0.0,0.0,0.0,0.0,0.0,0.0,0.0,0.0,0.0,0.0,0.0,0.0,0.0,0.0,0.0,0.0,0.0,0.0,0.0,0.0,0.0,0.0,0.0,0.0,0.0,0.0,0.0,0.0,0.0,0.0,0.0,0.0,0.0,0.0,0.0,0.0,0.0,0.0,0.0,0.0,0.0,drink
0.37630197405815125,0.750292956829071,2.6999423141660372e-08,0.44348859786987305,0.7084567546844482,0.0196621585637331,0.47817251086235046,0.6527280807495117,0.018458766862750053,0.511700451374054,0.621125340461731,0.007490802090615034,0.5446101427078247,0.6017112731933594,-0.0021894134115427732,0.41243356466293335,0.5415601134300232,0.01936257630586624,0.4828782081604004,0.48585444688796997,0.00016556959599256516,0.5280498266220093,0.5146499872207642,-0.017425453290343285,0.5474053621292114,0.5555194020271301,-0.02666482701897621,0.4083544909954071,0.5438488721847534,-0.002949247369542718,0.49431857466697693,0.47916752099990845,-0.01649673469364643,0.5385742783546448,0.5184556245803833,-0.026842091232538223,0.5494899749755859,0.5600944757461548,-0.032438013702631,0.41966837644577026,0.5620481371879578,-0.02553323097527027,0.49646082520484924,0.49188074469566345,-0.03630887344479561,0.5393819212913513,0.531341016292572,-0.03424685820937157,0.5495538115501404,0.574614405632019,-0.030579710379242897,0.4412691295146942,0.592367947101593,-0.04756729304790497,0.5008939504623413,0.5347837209701538,-0.05164429545402527,0.5359073877334595,0.5509626269340515,-0.04382593557238579,0.5494056940078735,0.578998327255249,-0.03685050085186958,0.0,0.0,0.0,0.0,0.0,0.0,0.0,0.0,0.0,0.0,0.0,0.0,0.0,0.0,0.0,0.0,0.0,0.0,0.0,0.0,0.0,0.0,0.0,0.0,0.0,0.0,0.0,0.0,0.0,0.0,0.0,0.0,0.0,0.0,0.0,0.0,0.0,0.0,0.0,0.0,0.0,0.0,0.0,0.0,0.0,0.0,0.0,0.0,0.0,0.0,0.0,0.0,0.0,0.0,0.0,0.0,0.0,0.0,0.0,0.0,0.0,0.0,0.0,drink
0.399151474237442,0.6842269897460938,1.5979883016825625e-07,0.45329955220222473,0.6756974458694458,0.00996455643326044,0.4837533235549927,0.6227158904075623,0.010067403316497803,0.5120466351509094,0.5923184752464294,0.0029823353979736567,0.5438308715820312,0.5730311274528503,-0.0025825677439570427,0.4174397885799408,0.5069302916526794,0.02639746479690075,0.47294989228248596,0.4617402255535126,0.011490107513964176,0.5162004232406616,0.4785046875476837,-0.004357045516371727,0.5407076478004456,0.5107125043869019,-0.012791612185537815,0.41281241178512573,0.5042201280593872,0.011363768018782139,0.47566041350364685,0.45068857073783875,-0.0024330653250217438,0.5228431224822998,0.47591063380241394,-0.014692116528749466,0.5484305024147034,0.5125489830970764,-0.02029062621295452,0.4218711256980896,0.5118681192398071,-0.005662448238581419,0.4804317355155945,0.4554252326488495,-0.015688495710492134,0.5268892049789429,0.47659027576446533,-0.01918688789010048,0.5508536696434021,0.5106748342514038,-0.018968939781188965,0.4440022110939026,0.5300268530845642,-0.023218052461743355,0.49112021923065186,0.47806885838508606,-0.028466271236538887,0.5261405110359192,0.48625078797340393,-0.02630944922566414,0.5467633605003357,0.508637011051178,-0.023089107125997543,0.37911558151245117,0.7147404551506042,1.5064243186202475e-08,0.4461258351802826,0.6780627369880676,0.021053103730082512,0.4799926280975342,0.6206259727478027,0.02526145800948143,0.509882390499115,0.590064525604248,0.019544124603271484,0.5393733382225037,0.5705652832984924,0.015057599171996117,0.4170190691947937,0.5031463503837585,0.03282056376338005,0.47868260741233826,0.4530259370803833,0.01698690466582775,0.5212758183479309,0.4817124605178833,-0.0005320830969139934,0.5397031903266907,0.5235011577606201,-0.009572790004312992,0.41074660420417786,0.5028537511825562,0.012158035300672054,0.4829169511795044,0.4436224102973938,0.0021028779447078705,0.5268885493278503,0.4760097861289978,-0.009446314536035061,0.5419107675552368,0.5176637768745422,-0.016101719811558723,0.4192306101322174,0.5149617195129395,-0.00970324594527483,0.48374447226524353,0.44844725728034973,-0.0170657467097044,0.5267343521118164,0.47627246379852295,-0.019322296604514122,0.5419970750808716,0.5167463421821594,-0.019200025126338005,0.4393081068992615,0.5355822443962097,-0.031195377930998802,0.4891546070575714,0.4760274291038513,-0.033965084701776505,0.5236177444458008,0.48899853229522705,-0.029466742649674416,0.5408002734184265,0.5172386169433594,-0.025044836103916168,drink
0.38190335035324097,0.6704933643341064,1.1806720578988461e-07,0.4463450014591217,0.6363005638122559,0.023311175405979156,0.48030951619148254,0.5902552604675293,0.03004125878214836,0.5095089077949524,0.5582056641578674,0.025459352880716324,0.5380511283874512,0.5266513824462891,0.02105993963778019,0.4224420189857483,0.48218005895614624,0.05485410988330841,0.47161927819252014,0.43688303232192993,0.0499500036239624,0.5109331607818604,0.45117074251174927,0.03654136881232262,0.5318570733070374,0.47918304800987244,0.028287159278988838,0.41233691573143005,0.47252893447875977,0.034312903881073,0.4699578881263733,0.41799432039260864,0.03166627883911133,0.5114344954490662,0.43698909878730774,0.018700433894991875,0.5310462117195129,0.4698614776134491,0.00981435552239418,0.4115685224533081,0.47240424156188965,0.011822158470749855,0.4706551432609558,0.41259634494781494,0.00931333377957344,0.5131754279136658,0.4324434995651245,0.003443027613684535,0.5322670936584473,0.46669232845306396,9.547322406433523e-05,0.42136073112487793,0.47864800691604614,-0.010232621803879738,0.4711000919342041,0.42385295033454895,-0.008941149339079857,0.5056427717208862,0.4346300959587097,-0.004821341950446367,0.5240652561187744,0.4620656371116638,-0.0014082503039389849,0.0,0.0,0.0,0.0,0.0,0.0,0.0,0.0,0.0,0.0,0.0,0.0,0.0,0.0,0.0,0.0,0.0,0.0,0.0,0.0,0.0,0.0,0.0,0.0,0.0,0.0,0.0,0.0,0.0,0.0,0.0,0.0,0.0,0.0,0.0,0.0,0.0,0.0,0.0,0.0,0.0,0.0,0.0,0.0,0.0,0.0,0.0,0.0,0.0,0.0,0.0,0.0,0.0,0.0,0.0,0.0,0.0,0.0,0.0,0.0,0.0,0.0,0.0,drink
0.38935205340385437,0.6386486887931824,1.3301230694651167e-07,0.44835835695266724,0.6161119937896729,0.029326537624001503,0.48107391595840454,0.5769011974334717,0.04210710525512695,0.5130134224891663,0.5439119338989258,0.041555747389793396,0.5412812232971191,0.510528028011322,0.040280040353536606,0.4293123483657837,0.4880533814430237,0.08388139307498932,0.4640503525733948,0.4496800899505615,0.09269222617149353,0.498140811920166,0.45182478427886963,0.08580178022384644,0.5176103115081787,0.4665128290653229,0.08025127649307251,0.42227160930633545,0.47135889530181885,0.06279207766056061,0.4630407691001892,0.4223408102989197,0.07050333172082901,0.5026950240135193,0.43092864751815796,0.056517161428928375,0.5263763070106506,0.45494574308395386,0.04593544080853462,0.4202360510826111,0.45876917243003845,0.03926928713917732,0.46272724866867065,0.4022747874259949,0.04481671750545502,0.5047765970230103,0.4146125316619873,0.03484973683953285,0.5281251072883606,0.44376060366630554,0.02765418216586113,0.42557594180107117,0.44956159591674805,0.016549795866012573,0.4659706652164459,0.39505404233932495,0.02338951639831066,0.5010561943054199,0.4024333357810974,0.026007521897554398,0.5237372517585754,0.42822587490081787,0.027423076331615448,0.0,0.0,0.0,0.0,0.0,0.0,0.0,0.0,0.0,0.0,0.0,0.0,0.0,0.0,0.0,0.0,0.0,0.0,0.0,0.0,0.0,0.0,0.0,0.0,0.0,0.0,0.0,0.0,0.0,0.0,0.0,0.0,0.0,0.0,0.0,0.0,0.0,0.0,0.0,0.0,0.0,0.0,0.0,0.0,0.0,0.0,0.0,0.0,0.0,0.0,0.0,0.0,0.0,0.0,0.0,0.0,0.0,0.0,0.0,0.0,0.0,0.0,0.0,drink
0.39453402161598206,0.6317176222801208,1.3722862490794796e-07,0.45130324363708496,0.6103797554969788,0.02367584779858589,0.48318931460380554,0.5742499828338623,0.03480899706482887,0.513506293296814,0.5414806604385376,0.03377425670623779,0.5437094569206238,0.5094723105430603,0.032160721719264984,0.4276260733604431,0.4910624027252197,0.07936929166316986,0.46531862020492554,0.4632920026779175,0.08569930493831635,0.5010663866996765,0.46650663018226624,0.0773879885673523,0.522813081741333,0.4779179096221924,0.07101837545633316,0.4214196801185608,0.47273731231689453,0.06081414595246315,0.4638901650905609,0.4331863522529602,0.06521662324666977,0.5034898519515991,0.4412376880645752,0.05052685737609863,0.5293319821357727,0.4619274437427521,0.040212493389844894,0.4201735854148865,0.4585375487804413,0.039244040846824646,0.4632050693035126,0.40843552350997925,0.04090069979429245,0.5055167078971863,0.419813871383667,0.029754048213362694,0.5312967300415039,0.44712507724761963,0.02289869450032711,0.4258967638015747,0.44761645793914795,0.018016599118709564,0.46523523330688477,0.3951834738254547,0.021178722381591797,0.5017279982566833,0.4017842411994934,0.022078098729252815,0.527963399887085,0.42736005783081055,0.023080652579665184,0.0,0.0,0.0,0.0,0.0,0.0,0.0,0.0,0.0,0.0,0.0,0.0,0.0,0.0,0.0,0.0,0.0,0.0,0.0,0.0,0.0,0.0,0.0,0.0,0.0,0.0,0.0,0.0,0.0,0.0,0.0,0.0,0.0,0.0,0.0,0.0,0.0,0.0,0.0,0.0,0.0,0.0,0.0,0.0,0.0,0.0,0.0,0.0,0.0,0.0,0.0,0.0,0.0,0.0,0.0,0.0,0.0,0.0,0.0,0.0,0.0,0.0,0.0,drink
0.3913188874721527,0.5782116055488586,1.8431812520702806e-07,0.4424979090690613,0.5679791569709778,0.022457094863057137,0.4797172546386719,0.5449065566062927,0.033927302807569504,0.5116109848022461,0.5180878639221191,0.034099508076906204,0.5369035601615906,0.4892114996910095,0.03322197496891022,0.44165512919425964,0.46414101123809814,0.07931315153837204,0.47640344500541687,0.44087424874305725,0.08816921710968018,0.5061612725257874,0.44683778285980225,0.0805305615067482,0.5245096683502197,0.4594414234161377,0.07454399019479752,0.4351179897785187,0.44215714931488037,0.06305935233831406,0.4724061191082001,0.41172516345977783,0.07252708077430725,0.5062446594238281,0.416714072227478,0.05727611482143402,0.5301240682601929,0.4357256293296814,0.04526100680232048,0.42936789989471436,0.42217642068862915,0.04411168396472931,0.4654947817325592,0.38153547048568726,0.05231987684965134,0.5015666484832764,0.38741859793663025,0.04194491729140282,0.5243339538574219,0.40837758779525757,0.03387416899204254,0.42658501863479614,0.40552401542663574,0.02521124854683876,0.45936915278434753,0.3634241819381714,0.03488515317440033,0.488587886095047,0.3679238557815552,0.038111258298158646,0.5093212127685547,0.3888706564903259,0.039657458662986755,0.0,0.0,0.0,0.0,0.0,0.0,0.0,0.0,0.0,0.0,0.0,0.0,0.0,0.0,0.0,0.0,0.0,0.0,0.0,0.0,0.0,0.0,0.0,0.0,0.0,0.0,0.0,0.0,0.0,0.0,0.0,0.0,0.0,0.0,0.0,0.0,0.0,0.0,0.0,0.0,0.0,0.0,0.0,0.0,0.0,0.0,0.0,0.0,0.0,0.0,0.0,0.0,0.0,0.0,0.0,0.0,0.0,0.0,0.0,0.0,0.0,0.0,0.0,drink
0.3915783762931824,0.5303234457969666,2.840725983332959e-07,0.4442375600337982,0.5338397026062012,0.01701083965599537,0.4808979630470276,0.519452691078186,0.02836507372558117,0.513192892074585,0.49535858631134033,0.03011169098317623,0.5379433631896973,0.4693523943424225,0.03140497952699661,0.4440893828868866,0.43669840693473816,0.07609564810991287,0.4759964048862457,0.4216483235359192,0.0847170501947403,0.5054894089698792,0.4268088936805725,0.07761126756668091,0.5240357518196106,0.4359712600708008,0.07200295478105545,0.43909403681755066,0.4115636348724365,0.06401647627353668,0.4773930013179779,0.3888739347457886,0.07252316921949387,0.508294939994812,0.3969407379627228,0.05830608308315277,0.5308762192726135,0.41382673382759094,0.04739804565906525,0.43372443318367004,0.3882572650909424,0.04863433539867401,0.47277674078941345,0.3564821481704712,0.055338770151138306,0.5051396489143372,0.3677905201911926,0.04498291015625,0.5251269340515137,0.3886292576789856,0.037235137075185776,0.4292892813682556,0.36818727850914,0.0329924151301384,0.4666392505168915,0.3382166624069214,0.041242003440856934,0.4952012598514557,0.3495023250579834,0.04323286935687065,0.5145148038864136,0.37248557806015015,0.04404584690928459,0.0,0.0,0.0,0.0,0.0,0.0,0.0,0.0,0.0,0.0,0.0,0.0,0.0,0.0,0.0,0.0,0.0,0.0,0.0,0.0,0.0,0.0,0.0,0.0,0.0,0.0,0.0,0.0,0.0,0.0,0.0,0.0,0.0,0.0,0.0,0.0,0.0,0.0,0.0,0.0,0.0,0.0,0.0,0.0,0.0,0.0,0.0,0.0,0.0,0.0,0.0,0.0,0.0,0.0,0.0,0.0,0.0,0.0,0.0,0.0,0.0,0.0,0.0,drink
0.3974834084510803,0.5180889368057251,3.2737395372350875e-07,0.4480645954608917,0.5277003049850464,0.012039002031087875,0.48243579268455505,0.5130972862243652,0.02544967643916607,0.5130263566970825,0.48741400241851807,0.03108871728181839,0.5381178259849548,0.4618622362613678,0.036811213940382004,0.43867501616477966,0.4352951943874359,0.0763261467218399,0.47133153676986694,0.4206081032752991,0.08831661194562912,0.5013260841369629,0.42365846037864685,0.08365511894226074,0.5207030773162842,0.4295006990432739,0.07915085554122925,0.433493435382843,0.4071921706199646,0.0683358907699585,0.4726378619670868,0.3886059820652008,0.08011163026094437,0.5034500360488892,0.39261358976364136,0.06741739064455032,0.52779221534729,0.40336719155311584,0.05688362941145897,0.42934131622314453,0.38277116417884827,0.05659107863903046,0.46791768074035645,0.35291507840156555,0.0653495118021965,0.4993652105331421,0.36112362146377563,0.05560602247714996,0.520850419998169,0.3778577148914337,0.04761435464024544,0.4262608587741852,0.361220121383667,0.04416190832853317,0.4604645371437073,0.32887235283851624,0.05203748866915703,0.4873535931110382,0.33719754219055176,0.05359972268342972,0.5079805850982666,0.3575011193752289,0.054064907133579254,0.0,0.0,0.0,0.0,0.0,0.0,0.0,0.0,0.0,0.0,0.0,0.0,0.0,0.0,0.0,0.0,0.0,0.0,0.0,0.0,0.0,0.0,0.0,0.0,0.0,0.0,0.0,0.0,0.0,0.0,0.0,0.0,0.0,0.0,0.0,0.0,0.0,0.0,0.0,0.0,0.0,0.0,0.0,0.0,0.0,0.0,0.0,0.0,0.0,0.0,0.0,0.0,0.0,0.0,0.0,0.0,0.0,0.0,0.0,0.0,0.0,0.0,0.0,drink
0.40020978450775146,0.512868344783783,2.7637418043013895e-07,0.4502210319042206,0.5242949724197388,0.0186520516872406,0.482505202293396,0.5085270404815674,0.03583900257945061,0.5113362669944763,0.4838336408138275,0.04396761208772659,0.5355688333511353,0.4608460068702698,0.0519595667719841,0.43569523096084595,0.4346160292625427,0.08607757091522217,0.46820011734962463,0.4244029223918915,0.10130688548088074,0.4979166090488434,0.4286416471004486,0.09762158244848251,0.5180220007896423,0.4357717037200928,0.0933522880077362,0.4315685033798218,0.4073769450187683,0.07553377747535706,0.4741538465023041,0.3914527893066406,0.0895632654428482,0.5055887699127197,0.39595693349838257,0.07667426764965057,0.5311337113380432,0.40761950612068176,0.06565266847610474,0.4287340044975281,0.3826659023761749,0.061499547213315964,0.4713488221168518,0.35477063059806824,0.07108493894338608,0.5053695440292358,0.3639177978038788,0.05952128395438194,0.5287367105484009,0.3826271593570709,0.05013781785964966,0.4273439943790436,0.35949715971946716,0.047434188425540924,0.4654046297073364,0.3306216299533844,0.05572308599948883,0.49422311782836914,0.3410169780254364,0.05606912821531296,0.5165835618972778,0.3622628450393677,0.05529126152396202,0.0,0.0,0.0,0.0,0.0,0.0,0.0,0.0,0.0,0.0,0.0,0.0,0.0,0.0,0.0,0.0,0.0,0.0,0.0,0.0,0.0,0.0,0.0,0.0,0.0,0.0,0.0,0.0,0.0,0.0,0.0,0.0,0.0,0.0,0.0,0.0,0.0,0.0,0.0,0.0,0.0,0.0,0.0,0.0,0.0,0.0,0.0,0.0,0.0,0.0,0.0,0.0,0.0,0.0,0.0,0.0,0.0,0.0,0.0,0.0,0.0,0.0,0.0,drink
0.39863914251327515,0.5043627619743347,2.998832826506259e-07,0.44683337211608887,0.5157350897789001,0.007274783216416836,0.48105666041374207,0.5081586837768555,0.017323508858680725,0.5096230506896973,0.483174592256546,0.021011246368288994,0.5343040823936462,0.4540974795818329,0.024969222024083138,0.4374261498451233,0.4311123192310333,0.06527526676654816,0.47218266129493713,0.4190607964992523,0.07450863718986511,0.5025561451911926,0.42154791951179504,0.06899942457675934,0.5244564414024353,0.426293283700943,0.06398636102676392,0.43430161476135254,0.40195369720458984,0.059361472725868225,0.47684621810913086,0.38739845156669617,0.0692892074584961,0.5066351294517517,0.39065349102020264,0.05717456340789795,0.5317577123641968,0.4001961350440979,0.046703603118658066,0.4307362139225006,0.37680548429489136,0.04968741908669472,0.47209808230400085,0.35324826836586,0.05667068436741829,0.5021052360534668,0.3583613336086273,0.04694434255361557,0.5245729684829712,0.3712208867073059,0.038843829184770584,0.4266378879547119,0.35469311475753784,0.03898419067263603,0.4601455330848694,0.3270619511604309,0.04500468820333481,0.48740893602371216,0.3322831392288208,0.04518133029341698,0.5105000734329224,0.34842103719711304,0.04464798793196678,0.0,0.0,0.0,0.0,0.0,0.0,0.0,0.0,0.0,0.0,0.0,0.0,0.0,0.0,0.0,0.0,0.0,0.0,0.0,0.0,0.0,0.0,0.0,0.0,0.0,0.0,0.0,0.0,0.0,0.0,0.0,0.0,0.0,0.0,0.0,0.0,0.0,0.0,0.0,0.0,0.0,0.0,0.0,0.0,0.0,0.0,0.0,0.0,0.0,0.0,0.0,0.0,0.0,0.0,0.0,0.0,0.0,0.0,0.0,0.0,0.0,0.0,0.0,drink
0.40012553334236145,0.5222551226615906,3.478862709016539e-07,0.44637179374694824,0.5320984721183777,0.011625044979155064,0.4800552427768707,0.515783429145813,0.02481747418642044,0.5080755949020386,0.4887560307979584,0.03101559914648533,0.5341267585754395,0.4631088674068451,0.037638578563928604,0.4286702871322632,0.44292131066322327,0.07585672289133072,0.4650109112262726,0.42964017391204834,0.08728203922510147,0.49807432293891907,0.43190523982048035,0.08284161239862442,0.5196349620819092,0.4377886652946472,0.07895728200674057,0.4265241026878357,0.41405189037323,0.06897749751806259,0.47059401869773865,0.39424481987953186,0.08080283552408218,0.5043134093284607,0.3958173990249634,0.06946755200624466,0.5298463702201843,0.4055026173591614,0.06024621054530144,0.4248999357223511,0.38904282450675964,0.05816246196627617,0.46544238924980164,0.35892900824546814,0.06711375713348389,0.5001404881477356,0.36438262462615967,0.05833692103624344,0.5229462385177612,0.3783970773220062,0.05137574300169945,0.4238407611846924,0.36649957299232483,0.04673412814736366,0.45773375034332275,0.33320799469947815,0.05500117689371109,0.4862722158432007,0.3390723764896393,0.05663532391190529,0.5072987079620361,0.356553316116333,0.05724745988845825,0.0,0.0,0.0,0.0,0.0,0.0,0.0,0.0,0.0,0.0,0.0,0.0,0.0,0.0,0.0,0.0,0.0,0.0,0.0,0.0,0.0,0.0,0.0,0.0,0.0,0.0,0.0,0.0,0.0,0.0,0.0,0.0,0.0,0.0,0.0,0.0,0.0,0.0,0.0,0.0,0.0,0.0,0.0,0.0,0.0,0.0,0.0,0.0,0.0,0.0,0.0,0.0,0.0,0.0,0.0,0.0,0.0,0.0,0.0,0.0,0.0,0.0,0.0,drink
0.4198291599750519,0.5724493265151978,2.0612479545434326e-07,0.4624292850494385,0.5727470517158508,0.0218454971909523,0.4831657409667969,0.5337672829627991,0.0343082956969738,0.5049934387207031,0.506249189376831,0.03712381795048714,0.531356155872345,0.4849766790866852,0.04063449054956436,0.4177204370498657,0.4484248161315918,0.0670267641544342,0.4581122100353241,0.4247052073478699,0.07301001995801926,0.495609849691391,0.4317638576030731,0.06862491369247437,0.5174885988235474,0.44953131675720215,0.06622432917356491,0.41008830070495605,0.42997005581855774,0.05169126018881798,0.4645455777645111,0.3873986601829529,0.05682292580604553,0.5077020525932312,0.3976532518863678,0.048012927174568176,0.5361874103546143,0.4183613061904907,0.042338110506534576,0.413776159286499,0.41792646050453186,0.03369422256946564,0.466094970703125,0.369050532579422,0.035187944769859314,0.5106720328330994,0.3821842074394226,0.025718828663229942,0.5377967953681946,0.4086599349975586,0.020516566932201385,0.4283822178840637,0.4109261929988861,0.016477379947900772,0.4737381935119629,0.3617343008518219,0.02024773135781288,0.5099751949310303,0.37061312794685364,0.02063469961285591,0.5340737700462341,0.3959193229675293,0.020835448056459427,0.0,0.0,0.0,0.0,0.0,0.0,0.0,0.0,0.0,0.0,0.0,0.0,0.0,0.0,0.0,0.0,0.0,0.0,0.0,0.0,0.0,0.0,0.0,0.0,0.0,0.0,0.0,0.0,0.0,0.0,0.0,0.0,0.0,0.0,0.0,0.0,0.0,0.0,0.0,0.0,0.0,0.0,0.0,0.0,0.0,0.0,0.0,0.0,0.0,0.0,0.0,0.0,0.0,0.0,0.0,0.0,0.0,0.0,0.0,0.0,0.0,0.0,0.0,drink
0.40524840354919434,0.6129937171936035,-6.87035992541496e-08,0.45682603120803833,0.5949444770812988,0.013334543444216251,0.482099324464798,0.5506933331489563,0.013081892393529415,0.5062229633331299,0.5227609872817993,0.00546161737293005,0.5318565368652344,0.5006161332130432,-0.001029857899993658,0.41477957367897034,0.4423559904098511,0.02058589644730091,0.47551780939102173,0.39197200536727905,0.007244487293064594,0.517008364200592,0.41392841935157776,-0.0056358459405601025,0.5371389985084534,0.45025816559791565,-0.012071345932781696,0.41122105717658997,0.4391452372074127,0.005353457294404507,0.47788652777671814,0.38271379470825195,-0.0012697085039690137,0.519184947013855,0.40874093770980835,-0.00686066597700119,0.5370749235153198,0.44263479113578796,-0.010766788385808468,0.42194053530693054,0.4432474970817566,-0.011219197884202003,0.4843268096446991,0.38283297419548035,-0.019009383395314217,0.5231644511222839,0.41053837537765503,-0.01799604296684265,0.5406093001365662,0.4482671916484833,-0.015901438891887665,0.4445841312408447,0.4545819163322449,-0.027544377371668816,0.4932437539100647,0.40292322635650635,-0.031593505293130875,0.5232874155044556,0.42108744382858276,-0.026999518275260925,0.5399404168128967,0.4509119689464569,-0.02276083081960678,0.0,0.0,0.0,0.0,0.0,0.0,0.0,0.0,0.0,0.0,0.0,0.0,0.0,0.0,0.0,0.0,0.0,0.0,0.0,0.0,0.0,0.0,0.0,0.0,0.0,0.0,0.0,0.0,0.0,0.0,0.0,0.0,0.0,0.0,0.0,0.0,0.0,0.0,0.0,0.0,0.0,0.0,0.0,0.0,0.0,0.0,0.0,0.0,0.0,0.0,0.0,0.0,0.0,0.0,0.0,0.0,0.0,0.0,0.0,0.0,0.0,0.0,0.0,drink
0.39551061391830444,0.6238621473312378,2.137585752848281e-08,0.4530586004257202,0.6044141054153442,0.010217280127108097,0.4783053696155548,0.5567101240158081,0.006536785513162613,0.5034335255622864,0.5255787968635559,-0.003927931189537048,0.5305713415145874,0.49986541271209717,-0.012187578715384007,0.40963733196258545,0.4332573711872101,0.013355448842048645,0.477707177400589,0.3861151933670044,-0.003528994508087635,0.5193208456039429,0.4131544828414917,-0.019007008522748947,0.5365122556686401,0.4536871612071991,-0.02697732299566269,0.4080353379249573,0.4326333999633789,-0.0020636157132685184,0.48167839646339417,0.3744570016860962,-0.012464300729334354,0.5219747424125671,0.40618985891342163,-0.01950492337346077,0.5341720581054688,0.4435082674026489,-0.02384200133383274,0.42163896560668945,0.4421907067298889,-0.01871507801115513,0.4901137351989746,0.37824416160583496,-0.028586262837052345,0.5271655321121216,0.4106830954551697,-0.025957902893424034,0.5372434854507446,0.4513850212097168,-0.022504765540361404,0.4463459253311157,0.4604477286338806,-0.035477299243211746,0.5009732842445374,0.40747973322868347,-0.04011736065149307,0.5305274128913879,0.428884893655777,-0.03337087482213974,0.5419511795043945,0.4613708257675171,-0.02722904458642006,0.0,0.0,0.0,0.0,0.0,0.0,0.0,0.0,0.0,0.0,0.0,0.0,0.0,0.0,0.0,0.0,0.0,0.0,0.0,0.0,0.0,0.0,0.0,0.0,0.0,0.0,0.0,0.0,0.0,0.0,0.0,0.0,0.0,0.0,0.0,0.0,0.0,0.0,0.0,0.0,0.0,0.0,0.0,0.0,0.0,0.0,0.0,0.0,0.0,0.0,0.0,0.0,0.0,0.0,0.0,0.0,0.0,0.0,0.0,0.0,0.0,0.0,0.0,drink
0.3955517113208771,0.6741066575050354,5.660902857584915e-08,0.44427648186683655,0.6402828693389893,0.011630806140601635,0.4770843982696533,0.5964587926864624,0.004215891007333994,0.5118628144264221,0.5690245628356934,-0.011248438619077206,0.5371796488761902,0.5450600385665894,-0.025372827425599098,0.4200374484062195,0.4824690818786621,0.012881488539278507,0.48364678025245667,0.43076807260513306,-0.0037912591360509396,0.5242041349411011,0.4475225806236267,-0.017740927636623383,0.5432384610176086,0.480027437210083,-0.024483697488904,0.42302486300468445,0.48243311047554016,-0.004776761867105961,0.4916585683822632,0.4221158027648926,-0.01304445881396532,0.5314921736717224,0.4441320300102234,-0.017148388549685478,0.5474578738212585,0.47494059801101685,-0.019544020295143127,0.4379189908504486,0.4961259961128235,-0.02357906848192215,0.4996020495891571,0.43054795265197754,-0.03067924827337265,0.5379849672317505,0.4528391659259796,-0.024097803980112076,0.5522604584693909,0.48654550313949585,-0.018808212131261826,0.462726354598999,0.5210328698158264,-0.04261375591158867,0.5159800052642822,0.4696061909198761,-0.04372844845056534,0.5464227795600891,0.47499674558639526,-0.03343600407242775,0.5601918697357178,0.4933404326438904,-0.025355663150548935,0.0,0.0,0.0,0.0,0.0,0.0,0.0,0.0,0.0,0.0,0.0,0.0,0.0,0.0,0.0,0.0,0.0,0.0,0.0,0.0,0.0,0.0,0.0,0.0,0.0,0.0,0.0,0.0,0.0,0.0,0.0,0.0,0.0,0.0,0.0,0.0,0.0,0.0,0.0,0.0,0.0,0.0,0.0,0.0,0.0,0.0,0.0,0.0,0.0,0.0,0.0,0.0,0.0,0.0,0.0,0.0,0.0,0.0,0.0,0.0,0.0,0.0,0.0,drink
0.3949396312236786,0.7139549255371094,1.004086982447916e-07,0.438751757144928,0.6695830225944519,0.014046714641153812,0.47446364164352417,0.6169299483299255,0.00908547081053257,0.5184117555618286,0.5932979583740234,-0.0037673006299883127,0.5489550828933716,0.5769578814506531,-0.015669535845518112,0.42162248492240906,0.5221147537231445,0.008146706968545914,0.4903566539287567,0.4635012149810791,-0.00957835465669632,0.5317171812057495,0.48098209500312805,-0.02304208092391491,0.5482046008110046,0.5152366161346436,-0.028748299926519394,0.42624539136886597,0.5260680317878723,-0.010484014637768269,0.5017881393432617,0.46263736486434937,-0.020719684660434723,0.5428618788719177,0.4881370961666107,-0.025816453620791435,0.5548859238624573,0.5229010581970215,-0.02813759259879589,0.441483736038208,0.5460917949676514,-0.029460545629262924,0.5100927352905273,0.47926849126815796,-0.037141863256692886,0.548995316028595,0.5057450532913208,-0.03242343291640282,0.5592091083526611,0.5396060943603516,-0.028153380379080772,0.4650314748287201,0.5779370069503784,-0.04810471460223198,0.5225896835327148,0.5258805751800537,-0.049414463341236115,0.5509492754936218,0.5378513336181641,-0.039225682616233826,0.5593664646148682,0.5605025291442871,-0.03108477219939232,0.0,0.0,0.0,0.0,0.0,0.0,0.0,0.0,0.0,0.0,0.0,0.0,0.0,0.0,0.0,0.0,0.0,0.0,0.0,0.0,0.0,0.0,0.0,0.0,0.0,0.0,0.0,0.0,0.0,0.0,0.0,0.0,0.0,0.0,0.0,0.0,0.0,0.0,0.0,0.0,0.0,0.0,0.0,0.0,0.0,0.0,0.0,0.0,0.0,0.0,0.0,0.0,0.0,0.0,0.0,0.0,0.0,0.0,0.0,0.0,0.0,0.0,0.0,drink
0.39200130105018616,0.7378987073898315,1.108770320001895e-07,0.4091934263706207,0.6709869503974915,0.018239518627524376,0.4346601068973541,0.6044846773147583,0.014607768505811691,0.4738435745239258,0.573922872543335,0.0028854303527623415,0.506831169128418,0.5616773366928101,-0.008761216886341572,0.4184666872024536,0.5397207140922546,0.0051927873864769936,0.48730558156967163,0.4856441020965576,-0.012838580645620823,0.5282217264175415,0.500317394733429,-0.024831274524331093,0.5452724695205688,0.5325213670730591,-0.029287399724125862,0.4303901493549347,0.5493391156196594,-0.014867975376546383,0.5029580593109131,0.48330098390579224,-0.024660155177116394,0.5427476763725281,0.5057958364486694,-0.027842016890645027,0.5543766021728516,0.540359377861023,-0.02836385741829872,0.4492531418800354,0.5737687945365906,-0.034536831080913544,0.5133389234542847,0.5063814520835876,-0.042074598371982574,0.550556480884552,0.5313398838043213,-0.03800962492823601,0.5605854988098145,0.5643786787986755,-0.033557385206222534,0.4736705720424652,0.6091164350509644,-0.05325175076723099,0.5272972583770752,0.5557262897491455,-0.05478302016854286,0.5526033043861389,0.5714948177337646,-0.04546060785651207,0.5594832897186279,0.5976170301437378,-0.037308380007743835,0.0,0.0,0.0,0.0,0.0,0.0,0.0,0.0,0.0,0.0,0.0,0.0,0.0,0.0,0.0,0.0,0.0,0.0,0.0,0.0,0.0,0.0,0.0,0.0,0.0,0.0,0.0,0.0,0.0,0.0,0.0,0.0,0.0,0.0,0.0,0.0,0.0,0.0,0.0,0.0,0.0,0.0,0.0,0.0,0.0,0.0,0.0,0.0,0.0,0.0,0.0,0.0,0.0,0.0,0.0,0.0,0.0,0.0,0.0,0.0,0.0,0.0,0.0,drink
0.3860440254211426,0.7408180236816406,1.8325592066048557e-07,0.4035501480102539,0.6690093874931335,0.022023702040314674,0.4330190420150757,0.6066700220108032,0.018649637699127197,0.47646400332450867,0.585345983505249,0.006115842144936323,0.5129632949829102,0.5818333625793457,-0.006925242021679878,0.4159170091152191,0.5376137495040894,0.007890096865594387,0.4885166883468628,0.4823938012123108,-0.010332375764846802,0.5303931832313538,0.5005386471748352,-0.02331855334341526,0.5488138794898987,0.5351195335388184,-0.028372634202241898,0.4288167953491211,0.5474503040313721,-0.014334763400256634,0.5059958100318909,0.4841978847980499,-0.023890748620033264,0.5463029146194458,0.508019745349884,-0.02864043228328228,0.5585752129554749,0.5436269044876099,-0.03057960979640484,0.4482790231704712,0.5730140805244446,-0.03571298345923424,0.5159816145896912,0.5055777430534363,-0.041915424168109894,0.5525248050689697,0.5332711338996887,-0.037975069135427475,0.561974048614502,0.5667691230773926,-0.033965956419706345,0.4722071886062622,0.6097212433815002,-0.055821310728788376,0.5280299782752991,0.5546026229858398,-0.05583243817090988,0.5536469221115112,0.5684065222740173,-0.045665036886930466,0.5607702136039734,0.5914393663406372,-0.03698640316724777,0.0,0.0,0.0,0.0,0.0,0.0,0.0,0.0,0.0,0.0,0.0,0.0,0.0,0.0,0.0,0.0,0.0,0.0,0.0,0.0,0.0,0.0,0.0,0.0,0.0,0.0,0.0,0.0,0.0,0.0,0.0,0.0,0.0,0.0,0.0,0.0,0.0,0.0,0.0,0.0,0.0,0.0,0.0,0.0,0.0,0.0,0.0,0.0,0.0,0.0,0.0,0.0,0.0,0.0,0.0,0.0,0.0,0.0,0.0,0.0,0.0,0.0,0.0,drink
0.3836633265018463,0.7709678411483765,1.1140141964460781e-07,0.404244601726532,0.6969018578529358,0.02855728566646576,0.4326087236404419,0.6334435939788818,0.026469873264431953,0.4730473756790161,0.6084533929824829,0.014330439269542694,0.5124732255935669,0.5978397130966187,0.001509323832578957,0.41416454315185547,0.5683143138885498,0.005974963773041964,0.4879136085510254,0.5124325156211853,-0.007817632518708706,0.5291898846626282,0.5274191498756409,-0.01470947265625,0.5473579168319702,0.5549116730690002,-0.01646394096314907,0.42511218786239624,0.5796341896057129,-0.019719881936907768,0.5077421069145203,0.5126539468765259,-0.02685171365737915,0.5476917028427124,0.5417928695678711,-0.025411508977413177,0.5570475459098816,0.5777562856674194,-0.02319374866783619,0.4433883726596832,0.6082786321640015,-0.043441448360681534,0.5189695358276367,0.5435556769371033,-0.04613243415951729,0.5548451542854309,0.5762542486190796,-0.03642768785357475,0.5610158443450928,0.611891508102417,-0.029596291482448578,0.4666597247123718,0.6468345522880554,-0.06549670547246933,0.5262635350227356,0.5969192385673523,-0.06246495991945267,0.5504095554351807,0.6139464378356934,-0.049174197018146515,0.5542503595352173,0.6385382413864136,-0.039111752063035965,0.0,0.0,0.0,0.0,0.0,0.0,0.0,0.0,0.0,0.0,0.0,0.0,0.0,0.0,0.0,0.0,0.0,0.0,0.0,0.0,0.0,0.0,0.0,0.0,0.0,0.0,0.0,0.0,0.0,0.0,0.0,0.0,0.0,0.0,0.0,0.0,0.0,0.0,0.0,0.0,0.0,0.0,0.0,0.0,0.0,0.0,0.0,0.0,0.0,0.0,0.0,0.0,0.0,0.0,0.0,0.0,0.0,0.0,0.0,0.0,0.0,0.0,0.0,drink
0.37912920117378235,0.7804089784622192,1.5405306896809634e-07,0.4047366976737976,0.7043085098266602,0.029602767899632454,0.44084781408309937,0.6463971734046936,0.027237150818109512,0.49088579416275024,0.6311836242675781,0.014748894609510899,0.5358065366744995,0.6274579167366028,0.001736826030537486,0.4103773832321167,0.5759286880493164,0.004641421139240265,0.4873804748058319,0.5165466666221619,-0.008965760469436646,0.5292943120002747,0.5360724329948425,-0.01486077532172203,0.548346221446991,0.5676589608192444,-0.015845652669668198,0.4210036098957062,0.5843496322631836,-0.021280230954289436,0.5082638263702393,0.5231782793998718,-0.028267303481698036,0.5468675494194031,0.5578356385231018,-0.02636232040822506,0.5551818609237671,0.5974563956260681,-0.023771721869707108,0.43983131647109985,0.6125633716583252,-0.04482544586062431,0.5191482305526733,0.5539802312850952,-0.04762309789657593,0.5537770986557007,0.5887140035629272,-0.03745585307478905,0.5592600703239441,0.6245136857032776,-0.029906893149018288,0.46354904770851135,0.6511294841766357,-0.06645821034908295,0.5255367159843445,0.6032546758651733,-0.06253065913915634,0.5518577098846436,0.6185835599899292,-0.04834093526005745,0.5581795573234558,0.641377329826355,-0.03745638206601143,0.0,0.0,0.0,0.0,0.0,0.0,0.0,0.0,0.0,0.0,0.0,0.0,0.0,0.0,0.0,0.0,0.0,0.0,0.0,0.0,0.0,0.0,0.0,0.0,0.0,0.0,0.0,0.0,0.0,0.0,0.0,0.0,0.0,0.0,0.0,0.0,0.0,0.0,0.0,0.0,0.0,0.0,0.0,0.0,0.0,0.0,0.0,0.0,0.0,0.0,0.0,0.0,0.0,0.0,0.0,0.0,0.0,0.0,0.0,0.0,0.0,0.0,0.0,drink
0.37929555773735046,0.7733978033065796,1.9072747647896904e-07,0.44178467988967896,0.7301821112632751,0.020026924088597298,0.4773527979850769,0.6770496368408203,0.018497426062822342,0.515131950378418,0.6467115879058838,0.00722585991024971,0.5460119247436523,0.6270120739936829,-0.0033853929489851,0.41209864616394043,0.5672875642776489,0.017909158021211624,0.48449358344078064,0.5119491219520569,0.005198891740292311,0.5281718969345093,0.532159149646759,-0.006173009052872658,0.5490027666091919,0.5628036260604858,-0.01272054947912693,0.41314664483070374,0.5689263343811035,-0.004271379206329584,0.4962753653526306,0.5023418664932251,-0.013744538649916649,0.5385320782661438,0.5389068126678467,-0.021129179745912552,0.5516345500946045,0.5805692672729492,-0.025157008320093155,0.4284171164035797,0.5902826189994812,-0.026025762781500816,0.5018284320831299,0.522364616394043,-0.03243718668818474,0.5430085062980652,0.5590456128120422,-0.029564641416072845,0.5545037984848022,0.5990614295005798,-0.026851054280996323,0.4539490044116974,0.6250367164611816,-0.047147102653980255,0.5116563439369202,0.5732399821281433,-0.04826241731643677,0.5427829027175903,0.5885770320892334,-0.04018433764576912,0.5539827942848206,0.6138994097709656,-0.03400649502873421,0.0,0.0,0.0,0.0,0.0,0.0,0.0,0.0,0.0,0.0,0.0,0.0,0.0,0.0,0.0,0.0,0.0,0.0,0.0,0.0,0.0,0.0,0.0,0.0,0.0,0.0,0.0,0.0,0.0,0.0,0.0,0.0,0.0,0.0,0.0,0.0,0.0,0.0,0.0,0.0,0.0,0.0,0.0,0.0,0.0,0.0,0.0,0.0,0.0,0.0,0.0,0.0,0.0,0.0,0.0,0.0,0.0,0.0,0.0,0.0,0.0,0.0,0.0,drink
0.38420411944389343,0.7570936679840088,7.015429304146892e-08,0.4513603150844574,0.7155584096908569,0.014476894401013851,0.4851227104663849,0.6646516919136047,0.009743772447109222,0.5183991193771362,0.6358639597892761,-0.004054646473377943,0.5492388010025024,0.6151119470596313,-0.01638590730726719,0.41721105575561523,0.5486471056938171,0.0118717635050416,0.4895223379135132,0.49770262837409973,-0.008394983597099781,0.5305783748626709,0.529392659664154,-0.025420065969228745,0.543850839138031,0.5704978704452515,-0.03416787460446358,0.4137083888053894,0.5504140257835388,-0.008534029126167297,0.49951428174972534,0.4902944564819336,-0.022314459085464478,0.5378271341323853,0.5340750813484192,-0.03106672316789627,0.5418636798858643,0.5771373510360718,-0.03556419536471367,0.42506176233291626,0.5706222057342529,-0.029462603852152824,0.4992678165435791,0.5027884840965271,-0.04108365997672081,0.5369852781295776,0.5443893074989319,-0.03744015470147133,0.5420469045639038,0.5876535177230835,-0.03269379958510399,0.4467941224575043,0.6028828620910645,-0.05016455426812172,0.5060913562774658,0.5500280261039734,-0.05576273426413536,0.5379133224487305,0.5712071657180786,-0.04705268144607544,0.546685516834259,0.6029374599456787,-0.03917749971151352,0.0,0.0,0.0,0.0,0.0,0.0,0.0,0.0,0.0,0.0,0.0,0.0,0.0,0.0,0.0,0.0,0.0,0.0,0.0,0.0,0.0,0.0,0.0,0.0,0.0,0.0,0.0,0.0,0.0,0.0,0.0,0.0,0.0,0.0,0.0,0.0,0.0,0.0,0.0,0.0,0.0,0.0,0.0,0.0,0.0,0.0,0.0,0.0,0.0,0.0,0.0,0.0,0.0,0.0,0.0,0.0,0.0,0.0,0.0,0.0,0.0,0.0,0.0,drink
0.3850449323654175,0.7573682069778442,3.938196257990967e-08,0.45154502987861633,0.7145724892616272,0.01644449681043625,0.48626935482025146,0.6615633964538574,0.012323589064180851,0.5203895568847656,0.630281388759613,-0.0014527176972478628,0.548965573310852,0.6095057129859924,-0.014195489697158337,0.4160829186439514,0.5495588183403015,0.012713814154267311,0.4885467290878296,0.4933236241340637,-0.006013482343405485,0.5309041142463684,0.5217520594596863,-0.022095082327723503,0.5443956255912781,0.558184802532196,-0.030754458159208298,0.412312388420105,0.5532490611076355,-0.0089773740619421,0.5001159310340881,0.49264976382255554,-0.022132303565740585,0.5393742918968201,0.5374460816383362,-0.030766377225518227,0.5426985621452332,0.5766229033470154,-0.03538084030151367,0.42497286200523376,0.574191153049469,-0.030832799151539803,0.5013072490692139,0.5053731203079224,-0.0426364541053772,0.5402987599372864,0.5511664152145386,-0.03852283954620361,0.5446226596832275,0.5947694182395935,-0.03338439762592316,0.447760671377182,0.6066513657569885,-0.052270468324422836,0.5068435072898865,0.5513835549354553,-0.0579080730676651,0.5393997430801392,0.5713961720466614,-0.04892750456929207,0.5488556623458862,0.6011576652526855,-0.04097113013267517,0.0,0.0,0.0,0.0,0.0,0.0,0.0,0.0,0.0,0.0,0.0,0.0,0.0,0.0,0.0,0.0,0.0,0.0,0.0,0.0,0.0,0.0,0.0,0.0,0.0,0.0,0.0,0.0,0.0,0.0,0.0,0.0,0.0,0.0,0.0,0.0,0.0,0.0,0.0,0.0,0.0,0.0,0.0,0.0,0.0,0.0,0.0,0.0,0.0,0.0,0.0,0.0,0.0,0.0,0.0,0.0,0.0,0.0,0.0,0.0,0.0,0.0,0.0,drink
0.38960567116737366,0.732909619808197,5.059338192836549e-08,0.4545730650424957,0.694861888885498,0.017510762438178062,0.4887683391571045,0.6416680216789246,0.018524490296840668,0.5195640921592712,0.6133255958557129,0.009689473547041416,0.5493686199188232,0.5821786522865295,0.002293741563335061,0.4234626293182373,0.5302673578262329,0.03369127959012985,0.48084744811058044,0.4777059853076935,0.017737235873937607,0.5235486030578613,0.5036360025405884,-0.0005957453395240009,0.5420383810997009,0.5399125814437866,-0.010619458742439747,0.4142703413963318,0.5266028046607971,0.013600957579910755,0.48368361592292786,0.4648514986038208,0.0022849608212709427,0.5271782279014587,0.49859386682510376,-0.011006242595613003,0.5393514037132263,0.5381368398666382,-0.01894618384540081,0.41758692264556885,0.5335853695869446,-0.008271906524896622,0.48114800453186035,0.4657213091850281,-0.01719631440937519,0.523561418056488,0.4949893653392792,-0.0197285283356905,0.5363009572029114,0.5343161821365356,-0.019640641286969185,0.4321337640285492,0.5486541986465454,-0.03003399819135666,0.48526105284690857,0.49050572514533997,-0.033364906907081604,0.5203781127929688,0.5064306855201721,-0.027899449691176414,0.5342419147491455,0.5356277227401733,-0.022725388407707214,0.0,0.0,0.0,0.0,0.0,0.0,0.0,0.0,0.0,0.0,0.0,0.0,0.0,0.0,0.0,0.0,0.0,0.0,0.0,0.0,0.0,0.0,0.0,0.0,0.0,0.0,0.0,0.0,0.0,0.0,0.0,0.0,0.0,0.0,0.0,0.0,0.0,0.0,0.0,0.0,0.0,0.0,0.0,0.0,0.0,0.0,0.0,0.0,0.0,0.0,0.0,0.0,0.0,0.0,0.0,0.0,0.0,0.0,0.0,0.0,0.0,0.0,0.0,drink
0.38638871908187866,0.6912837028503418,4.52238460013632e-08,0.446542888879776,0.6634906530380249,0.021104436367750168,0.4818701148033142,0.6198568344116211,0.026789896190166473,0.5130434632301331,0.5885714888572693,0.021336056292057037,0.5421425104141235,0.556172251701355,0.01620057225227356,0.43047475814819336,0.5119684338569641,0.05386963114142418,0.4778956472873688,0.4641976058483124,0.04732554033398628,0.5130849480628967,0.47849011421203613,0.03359464183449745,0.5306078791618347,0.5086975693702698,0.026082227006554604,0.4203319847583771,0.500920832157135,0.03438994660973549,0.47420522570610046,0.4413950443267822,0.02929536998271942,0.5133771896362305,0.46415388584136963,0.015711216256022453,0.5303088426589966,0.5011464357376099,0.007728647440671921,0.41907545924186707,0.4981137812137604,0.012642274610698223,0.47192996740341187,0.4314979314804077,0.007037066854536533,0.5124355554580688,0.45567238330841064,0.0009563258499838412,0.529427170753479,0.4948367774486542,-0.0008738837204873562,0.42740896344184875,0.5008180141448975,-0.008644254878163338,0.47145265340805054,0.43994688987731934,-0.009646298363804817,0.5045700073242188,0.45133429765701294,-0.006107499357312918,0.5225870609283447,0.4801403284072876,-0.002226884476840496,0.0,0.0,0.0,0.0,0.0,0.0,0.0,0.0,0.0,0.0,0.0,0.0,0.0,0.0,0.0,0.0,0.0,0.0,0.0,0.0,0.0,0.0,0.0,0.0,0.0,0.0,0.0,0.0,0.0,0.0,0.0,0.0,0.0,0.0,0.0,0.0,0.0,0.0,0.0,0.0,0.0,0.0,0.0,0.0,0.0,0.0,0.0,0.0,0.0,0.0,0.0,0.0,0.0,0.0,0.0,0.0,0.0,0.0,0.0,0.0,0.0,0.0,0.0,drink
0.38492047786712646,0.6617764234542847,1.3378434360333813e-08,0.4434450566768646,0.6389752626419067,0.02771630510687828,0.47899022698402405,0.6003000140190125,0.03817449510097504,0.5127295255661011,0.5707864761352539,0.03545272722840309,0.5395523309707642,0.5383527874946594,0.031953565776348114,0.4361335039138794,0.5045661330223083,0.07146583497524261,0.4689934551715851,0.45609334111213684,0.07010699808597565,0.5032210350036621,0.46309641003608704,0.05826524272561073,0.5199498534202576,0.485788494348526,0.051265276968479156,0.42975062131881714,0.49100857973098755,0.04899550601840019,0.46950724720954895,0.4287109673023224,0.046716272830963135,0.5071341395378113,0.44612428545951843,0.030668199062347412,0.5211577415466309,0.48082149028778076,0.021018652245402336,0.42629390954971313,0.48193851113319397,0.024052465334534645,0.4666511118412018,0.41797441244125366,0.020433099940419197,0.5065479874610901,0.4392997920513153,0.010580956004559994,0.5212936401367188,0.47626298666000366,0.006160682998597622,0.42843547463417053,0.4773617088794708,0.00010633675992721692,0.4660186767578125,0.4151883125305176,-0.0003073061816394329,0.5007916688919067,0.4286215901374817,0.0011210908414795995,0.5191647410392761,0.4623591899871826,0.0033171812538057566,0.0,0.0,0.0,0.0,0.0,0.0,0.0,0.0,0.0,0.0,0.0,0.0,0.0,0.0,0.0,0.0,0.0,0.0,0.0,0.0,0.0,0.0,0.0,0.0,0.0,0.0,0.0,0.0,0.0,0.0,0.0,0.0,0.0,0.0,0.0,0.0,0.0,0.0,0.0,0.0,0.0,0.0,0.0,0.0,0.0,0.0,0.0,0.0,0.0,0.0,0.0,0.0,0.0,0.0,0.0,0.0,0.0,0.0,0.0,0.0,0.0,0.0,0.0,drink
0.3879584074020386,0.6583167314529419,8.269731921473067e-08,0.4466654658317566,0.6391496658325195,0.02390369214117527,0.480661541223526,0.5986680388450623,0.034264564514160156,0.5136123895645142,0.570827305316925,0.03268616646528244,0.5394057631492615,0.5381473898887634,0.03109412081539631,0.4248054325580597,0.49753400683403015,0.0713823139667511,0.4609680473804474,0.4509487450122833,0.07142222672700882,0.497384637594223,0.4597662091255188,0.05996081605553627,0.5147778987884521,0.48222094774246216,0.05309467017650604,0.4189576804637909,0.4837978482246399,0.05198626220226288,0.4623054265975952,0.42866525053977966,0.05091395229101181,0.5022646188735962,0.44718173146247864,0.03496663644909859,0.5187879800796509,0.481513649225235,0.025352561846375465,0.41972699761390686,0.47563326358795166,0.029951652511954308,0.4636693596839905,0.41612565517425537,0.029100779443979263,0.5042903423309326,0.4367939531803131,0.020107118412852287,0.5206512212753296,0.4730100929737091,0.015661470592021942,0.42873457074165344,0.47298943996429443,0.008308318443596363,0.46942999958992004,0.4147319495677948,0.010551978833973408,0.5031640529632568,0.4264795780181885,0.013059682212769985,0.5207165479660034,0.45755332708358765,0.01583070494234562,0.0,0.0,0.0,0.0,0.0,0.0,0.0,0.0,0.0,0.0,0.0,0.0,0.0,0.0,0.0,0.0,0.0,0.0,0.0,0.0,0.0,0.0,0.0,0.0,0.0,0.0,0.0,0.0,0.0,0.0,0.0,0.0,0.0,0.0,0.0,0.0,0.0,0.0,0.0,0.0,0.0,0.0,0.0,0.0,0.0,0.0,0.0,0.0,0.0,0.0,0.0,0.0,0.0,0.0,0.0,0.0,0.0,0.0,0.0,0.0,0.0,0.0,0.0,drink
0.3780515789985657,0.6118863821029663,9.073817608395984e-08,0.43157634139060974,0.601472020149231,0.02385803312063217,0.4685775637626648,0.5726069808006287,0.03475070744752884,0.5006211996078491,0.5464043617248535,0.03359972685575485,0.5304691791534424,0.5149390697479248,0.03153686597943306,0.42591598629951477,0.4853529632091522,0.07726357877254486,0.465572327375412,0.46534252166748047,0.08405684679746628,0.498678058385849,0.474620521068573,0.07612583786249161,0.516722559928894,0.4895026683807373,0.07041700929403305,0.4222089648246765,0.4636422097682953,0.05874490737915039,0.4659300446510315,0.4372285008430481,0.06561949104070663,0.5018987655639648,0.4507644772529602,0.05137277767062187,0.5201382637023926,0.47525450587272644,0.04080734774470329,0.4208548665046692,0.4455300569534302,0.03763825073838234,0.46178141236305237,0.4037134349346161,0.042294926941394806,0.498596727848053,0.4203202724456787,0.0336327850818634,0.5156611204147339,0.44929787516593933,0.028162751346826553,0.4228057265281677,0.4311694800853729,0.016842124983668327,0.45926183462142944,0.38118597865104675,0.023492205888032913,0.49070367217063904,0.3918338716030121,0.02790718898177147,0.5089394450187683,0.4198659062385559,0.031467512249946594,0.0,0.0,0.0,0.0,0.0,0.0,0.0,0.0,0.0,0.0,0.0,0.0,0.0,0.0,0.0,0.0,0.0,0.0,0.0,0.0,0.0,0.0,0.0,0.0,0.0,0.0,0.0,0.0,0.0,0.0,0.0,0.0,0.0,0.0,0.0,0.0,0.0,0.0,0.0,0.0,0.0,0.0,0.0,0.0,0.0,0.0,0.0,0.0,0.0,0.0,0.0,0.0,0.0,0.0,0.0,0.0,0.0,0.0,0.0,0.0,0.0,0.0,0.0,drink
0.3745141625404358,0.5808888077735901,1.62329769182179e-07,0.4277764558792114,0.5787494778633118,0.015386235900223255,0.4662836790084839,0.5546655058860779,0.02620074711740017,0.49857911467552185,0.5277082920074463,0.027386555448174477,0.5264741778373718,0.4970088005065918,0.02813388966023922,0.4319843351840973,0.4718962013721466,0.07216767221689224,0.4677790105342865,0.4516298770904541,0.07883770763874054,0.49898144602775574,0.46043795347213745,0.07167261093854904,0.5144535899162292,0.47270873188972473,0.06660381704568863,0.427024245262146,0.44581836462020874,0.05939891189336777,0.46621978282928467,0.4179028272628784,0.06671164184808731,0.49841800332069397,0.4300335645675659,0.0534660704433918,0.5149121880531311,0.4515029489994049,0.04390207305550575,0.4214237928390503,0.42431047558784485,0.043295666575431824,0.4590606987476349,0.3830080032348633,0.04815495386719704,0.49193358421325684,0.39659565687179565,0.040805425494909286,0.5069717764854431,0.42042475938796997,0.036152154207229614,0.416009783744812,0.4080970883369446,0.02686549723148346,0.4539232850074768,0.362904816865921,0.032831884920597076,0.4829387664794922,0.3734090328216553,0.03730962052941322,0.49849507212638855,0.3980524241924286,0.04107842594385147,0.0,0.0,0.0,0.0,0.0,0.0,0.0,0.0,0.0,0.0,0.0,0.0,0.0,0.0,0.0,0.0,0.0,0.0,0.0,0.0,0.0,0.0,0.0,0.0,0.0,0.0,0.0,0.0,0.0,0.0,0.0,0.0,0.0,0.0,0.0,0.0,0.0,0.0,0.0,0.0,0.0,0.0,0.0,0.0,0.0,0.0,0.0,0.0,0.0,0.0,0.0,0.0,0.0,0.0,0.0,0.0,0.0,0.0,0.0,0.0,0.0,0.0,0.0,drink
0.37586647272109985,0.5741094946861267,2.1350068379888398e-07,0.43287649750709534,0.5741449594497681,0.01686090975999832,0.46798568964004517,0.548449695110321,0.03135336562991142,0.4995507001876831,0.5207395553588867,0.03658144548535347,0.526781439781189,0.49420616030693054,0.04142971709370613,0.42866218090057373,0.4651544690132141,0.07875432819128036,0.4636630117893219,0.44326329231262207,0.08967062085866928,0.49431657791137695,0.4495502710342407,0.08428996056318283,0.5105583667755127,0.46082568168640137,0.07991105318069458,0.42302271723747253,0.4391283392906189,0.06762682646512985,0.4637204110622406,0.4096323251724243,0.0786256417632103,0.4950975179672241,0.4206990599632263,0.06624053418636322,0.514410138130188,0.4403526782989502,0.05669119581580162,0.41808050870895386,0.41858339309692383,0.053112003952264786,0.4569871425628662,0.37613236904144287,0.0614551343023777,0.4901915490627289,0.3888028860092163,0.05273297056555748,0.5090121030807495,0.4116574227809906,0.045992955565452576,0.4139007329940796,0.40340855717658997,0.03839680179953575,0.45045188069343567,0.35831916332244873,0.04609067365527153,0.4794776141643524,0.3682173788547516,0.04893708601593971,0.49892061948776245,0.39295345544815063,0.05075635015964508,0.0,0.0,0.0,0.0,0.0,0.0,0.0,0.0,0.0,0.0,0.0,0.0,0.0,0.0,0.0,0.0,0.0,0.0,0.0,0.0,0.0,0.0,0.0,0.0,0.0,0.0,0.0,0.0,0.0,0.0,0.0,0.0,0.0,0.0,0.0,0.0,0.0,0.0,0.0,0.0,0.0,0.0,0.0,0.0,0.0,0.0,0.0,0.0,0.0,0.0,0.0,0.0,0.0,0.0,0.0,0.0,0.0,0.0,0.0,0.0,0.0,0.0,0.0,drink
0.3808560371398926,0.5816133618354797,1.7665817608758516e-07,0.433154821395874,0.5800507068634033,0.01543746329843998,0.4657372236251831,0.55473393201828,0.02727382630109787,0.49594518542289734,0.5264544486999512,0.030074167996644974,0.5234119296073914,0.49687016010284424,0.03280738368630409,0.4235433340072632,0.47142547369003296,0.07362252473831177,0.45795342326164246,0.45301568508148193,0.08303138613700867,0.4879622757434845,0.4622546434402466,0.07711829245090485,0.5049547553062439,0.47503745555877686,0.07222098112106323,0.41782647371292114,0.4466763138771057,0.06199515238404274,0.45889413356781006,0.4160546660423279,0.07053911685943604,0.4911424517631531,0.4294428527355194,0.05757063999772072,0.5107508897781372,0.45138368010520935,0.047586590051651,0.41370582580566406,0.426173597574234,0.04711364954710007,0.45375099778175354,0.38065558671951294,0.05263227969408035,0.48921293020248413,0.3955610990524292,0.04249699041247368,0.5088240504264832,0.4212436378002167,0.03506765887141228,0.4122331440448761,0.40983283519744873,0.03219468891620636,0.45019081234931946,0.3620443046092987,0.03768136724829674,0.48072871565818787,0.37399858236312866,0.03960185497999191,0.5002080798149109,0.40117788314819336,0.04073001444339752,0.0,0.0,0.0,0.0,0.0,0.0,0.0,0.0,0.0,0.0,0.0,0.0,0.0,0.0,0.0,0.0,0.0,0.0,0.0,0.0,0.0,0.0,0.0,0.0,0.0,0.0,0.0,0.0,0.0,0.0,0.0,0.0,0.0,0.0,0.0,0.0,0.0,0.0,0.0,0.0,0.0,0.0,0.0,0.0,0.0,0.0,0.0,0.0,0.0,0.0,0.0,0.0,0.0,0.0,0.0,0.0,0.0,0.0,0.0,0.0,0.0,0.0,0.0,drink
0.38456991314888,0.6114984154701233,1.6103261657463008e-07,0.4399864077568054,0.6034922003746033,0.01730220578610897,0.46851322054862976,0.567545473575592,0.02831239439547062,0.49693116545677185,0.5370460152626038,0.02992847189307213,0.5242220163345337,0.5078528523445129,0.03253855183720589,0.4052024185657501,0.475596159696579,0.0704096108675003,0.4450065791606903,0.45198750495910645,0.07724107056856155,0.4820757508277893,0.4621873199939728,0.07027693837881088,0.502194344997406,0.47839662432670593,0.06489522010087967,0.3999674320220947,0.4562393128871918,0.05734933912754059,0.4503324031829834,0.41588377952575684,0.06229627504944801,0.49039727449417114,0.4328310191631317,0.04948946088552475,0.5118001699447632,0.4585525691509247,0.040385108441114426,0.4022146761417389,0.4424070417881012,0.04134129360318184,0.4491148293018341,0.39251038432121277,0.04445705562829971,0.4916993975639343,0.40968090295791626,0.03464501351118088,0.5129280686378479,0.4387906789779663,0.02831796184182167,0.4124262034893036,0.4326094686985016,0.025425909087061882,0.4558701813220978,0.3831595778465271,0.03009975142776966,0.4893859624862671,0.39414703845977783,0.03147081658244133,0.5084598064422607,0.42068949341773987,0.032411035150289536,0.0,0.0,0.0,0.0,0.0,0.0,0.0,0.0,0.0,0.0,0.0,0.0,0.0,0.0,0.0,0.0,0.0,0.0,0.0,0.0,0.0,0.0,0.0,0.0,0.0,0.0,0.0,0.0,0.0,0.0,0.0,0.0,0.0,0.0,0.0,0.0,0.0,0.0,0.0,0.0,0.0,0.0,0.0,0.0,0.0,0.0,0.0,0.0,0.0,0.0,0.0,0.0,0.0,0.0,0.0,0.0,0.0,0.0,0.0,0.0,0.0,0.0,0.0,drink
0.3813598155975342,0.6096225380897522,6.220897574849005e-08,0.433180570602417,0.5985976457595825,0.01684686541557312,0.4651133418083191,0.5713163018226624,0.02500375732779503,0.49465322494506836,0.5443006753921509,0.02317359484732151,0.5204097628593445,0.5107288956642151,0.021376490592956543,0.4170089066028595,0.48709017038345337,0.06585602462291718,0.46030670404434204,0.4721613824367523,0.07062096893787384,0.4938284158706665,0.47818025946617126,0.06309087574481964,0.5129501223564148,0.4897004961967468,0.05759778618812561,0.4112822115421295,0.46484774351119995,0.051248643547296524,0.46089956164360046,0.4284089505672455,0.05505736172199249,0.4954027831554413,0.44084620475769043,0.04297589138150215,0.5148761868476868,0.46412190794944763,0.03459329530596733,0.41001805663108826,0.4470459520816803,0.033762697130441666,0.458055704832077,0.39817696809768677,0.03362593799829483,0.4943387508392334,0.41414132714271545,0.024277696385979652,0.5136050581932068,0.4440225660800934,0.019455701112747192,0.4148639738559723,0.43275171518325806,0.01647663488984108,0.45841944217681885,0.38471829891204834,0.01838161051273346,0.49052363634109497,0.3948028087615967,0.020021187141537666,0.5103155374526978,0.42207154631614685,0.021997280418872833,0.0,0.0,0.0,0.0,0.0,0.0,0.0,0.0,0.0,0.0,0.0,0.0,0.0,0.0,0.0,0.0,0.0,0.0,0.0,0.0,0.0,0.0,0.0,0.0,0.0,0.0,0.0,0.0,0.0,0.0,0.0,0.0,0.0,0.0,0.0,0.0,0.0,0.0,0.0,0.0,0.0,0.0,0.0,0.0,0.0,0.0,0.0,0.0,0.0,0.0,0.0,0.0,0.0,0.0,0.0,0.0,0.0,0.0,0.0,0.0,0.0,0.0,0.0,drink
0.38059958815574646,0.6607725620269775,2.007134902726193e-08,0.43844762444496155,0.6403006315231323,0.014668921008706093,0.46611127257347107,0.5901873707771301,0.017186559736728668,0.4937746226787567,0.5606286525726318,0.01072699110955,0.522792398929596,0.5329158902168274,0.0061545479111373425,0.40185049176216125,0.4709121882915497,0.04028254374861717,0.4604506194591522,0.4267565906047821,0.028463216498494148,0.5000394582748413,0.4590117931365967,0.012822102755308151,0.5138283967971802,0.5027674436569214,0.005097698420286179,0.39550065994262695,0.46481025218963623,0.024251768365502357,0.46226662397384644,0.4134941101074219,0.017360227182507515,0.502804696559906,0.4475642442703247,0.005871966015547514,0.5144524574279785,0.48872122168540955,-0.0007855283911339939,0.40124982595443726,0.47003528475761414,0.005761087406426668,0.4641519784927368,0.4120277166366577,0.000262768124230206,0.5040099620819092,0.4456925094127655,-0.002630355069413781,0.515639066696167,0.48902586102485657,-0.002539129462093115,0.4194159507751465,0.4857717454433441,-0.012863069772720337,0.4702950716018677,0.4302665889263153,-0.013921601697802544,0.5021153688430786,0.4494306147098541,-0.009133463725447655,0.5149120092391968,0.4820837080478668,-0.0044803312048316,0.0,0.0,0.0,0.0,0.0,0.0,0.0,0.0,0.0,0.0,0.0,0.0,0.0,0.0,0.0,0.0,0.0,0.0,0.0,0.0,0.0,0.0,0.0,0.0,0.0,0.0,0.0,0.0,0.0,0.0,0.0,0.0,0.0,0.0,0.0,0.0,0.0,0.0,0.0,0.0,0.0,0.0,0.0,0.0,0.0,0.0,0.0,0.0,0.0,0.0,0.0,0.0,0.0,0.0,0.0,0.0,0.0,0.0,0.0,0.0,0.0,0.0,0.0,drink
0.3719775080680847,0.70586097240448,-6.086992954124071e-08,0.43830764293670654,0.6739440560340881,0.010650449432432652,0.4680730104446411,0.6207281947135925,0.007944961078464985,0.49634799361228943,0.586357831954956,-0.0020619325805455446,0.5243704319000244,0.559919536113739,-0.009715541265904903,0.39687010645866394,0.5002754926681519,0.015651226043701172,0.46195927262306213,0.45106780529022217,-0.0012640543282032013,0.5028364062309265,0.4833791255950928,-0.016961701214313507,0.5188192129135132,0.5231824517250061,-0.025215234607458115,0.3926064372062683,0.5028377771377563,-7.186590664787218e-05,0.46677935123443604,0.44776180386543274,-0.009528382681310177,0.5075216293334961,0.4835214614868164,-0.016307350248098373,0.5191342830657959,0.5210788249969482,-0.02064131200313568,0.40260711312294006,0.5193735957145691,-0.017119918018579483,0.47077977657318115,0.4571440815925598,-0.026058759540319443,0.5104904174804688,0.49164292216300964,-0.022661034017801285,0.5201438069343567,0.5326085686683655,-0.018721619620919228,0.42418497800827026,0.5462390780448914,-0.03437213599681854,0.478425532579422,0.48985400795936584,-0.038543347269296646,0.5115543603897095,0.506252646446228,-0.031292568892240524,0.5246807336807251,0.5346940159797668,-0.02474617399275303,0.0,0.0,0.0,0.0,0.0,0.0,0.0,0.0,0.0,0.0,0.0,0.0,0.0,0.0,0.0,0.0,0.0,0.0,0.0,0.0,0.0,0.0,0.0,0.0,0.0,0.0,0.0,0.0,0.0,0.0,0.0,0.0,0.0,0.0,0.0,0.0,0.0,0.0,0.0,0.0,0.0,0.0,0.0,0.0,0.0,0.0,0.0,0.0,0.0,0.0,0.0,0.0,0.0,0.0,0.0,0.0,0.0,0.0,0.0,0.0,0.0,0.0,0.0,drink
0.3663177788257599,0.7252883315086365,-8.798081374550293e-09,0.4370194971561432,0.6866683959960938,0.01519754994660616,0.4697231352329254,0.6351309418678284,0.01286318339407444,0.4992761015892029,0.6028851270675659,0.00153036555275321,0.5245932340621948,0.5791181325912476,-0.007953505031764507,0.39605769515037537,0.5192728042602539,0.016592038795351982,0.4619983434677124,0.46366068720817566,-0.004050163552165031,0.5045297145843506,0.4971328675746918,-0.02224842458963394,0.5179487466812134,0.54030841588974,-0.03122217021882534,0.3924983739852905,0.5244807004928589,-0.0028655030764639378,0.4715616703033447,0.45993420481681824,-0.01622687466442585,0.5131820440292358,0.5018064379692078,-0.025432800874114037,0.520064651966095,0.5423866510391235,-0.03016679547727108,0.40430232882499695,0.5436335802078247,-0.023256177082657814,0.4768039882183075,0.47334814071655273,-0.03496694564819336,0.5166180729866028,0.5142916440963745,-0.03207170590758324,0.5215308666229248,0.557126522064209,-0.027470717206597328,0.4255828857421875,0.5726389288902283,-0.043399613350629807,0.4838714003562927,0.5168681144714355,-0.048160698264837265,0.516274094581604,0.5351704955101013,-0.04017702117562294,0.5257898569107056,0.5638881325721741,-0.03283054754137993,0.0,0.0,0.0,0.0,0.0,0.0,0.0,0.0,0.0,0.0,0.0,0.0,0.0,0.0,0.0,0.0,0.0,0.0,0.0,0.0,0.0,0.0,0.0,0.0,0.0,0.0,0.0,0.0,0.0,0.0,0.0,0.0,0.0,0.0,0.0,0.0,0.0,0.0,0.0,0.0,0.0,0.0,0.0,0.0,0.0,0.0,0.0,0.0,0.0,0.0,0.0,0.0,0.0,0.0,0.0,0.0,0.0,0.0,0.0,0.0,0.0,0.0,0.0,drink
0.3663226068019867,0.727981686592102,4.1901898839569185e-08,0.43654951453208923,0.6832914352416992,0.01730545237660408,0.46847328543663025,0.631203830242157,0.013940449804067612,0.5009784698486328,0.5991957187652588,0.0006007211632095277,0.5269074440002441,0.5763323307037354,-0.01136589702218771,0.3987962603569031,0.5181889533996582,0.01715184934437275,0.4664870500564575,0.46389949321746826,-0.003533582668751478,0.5095818638801575,0.4965565502643585,-0.022696487605571747,0.5217223167419434,0.5384132266044617,-0.03277857229113579,0.3929876387119293,0.5226584672927856,-0.004697313066571951,0.4745667576789856,0.45887628197669983,-0.018486715853214264,0.5166624784469604,0.5035338401794434,-0.029571300372481346,0.5202368497848511,0.5454817414283752,-0.03572617471218109,0.4030953645706177,0.542707622051239,-0.026943471282720566,0.4755740463733673,0.47254884243011475,-0.03800515457987785,0.5176254510879517,0.5163484215736389,-0.035398371517658234,0.5205314755439758,0.5596418380737305,-0.0314355194568634,0.42293858528137207,0.5724174976348877,-0.048845190554857254,0.4829101264476776,0.5180490612983704,-0.053031206130981445,0.5156702399253845,0.5380938053131104,-0.0440739206969738,0.5223006010055542,0.5683137774467468,-0.03630250319838524,0.0,0.0,0.0,0.0,0.0,0.0,0.0,0.0,0.0,0.0,0.0,0.0,0.0,0.0,0.0,0.0,0.0,0.0,0.0,0.0,0.0,0.0,0.0,0.0,0.0,0.0,0.0,0.0,0.0,0.0,0.0,0.0,0.0,0.0,0.0,0.0,0.0,0.0,0.0,0.0,0.0,0.0,0.0,0.0,0.0,0.0,0.0,0.0,0.0,0.0,0.0,0.0,0.0,0.0,0.0,0.0,0.0,0.0,0.0,0.0,0.0,0.0,0.0,drink
0.3647754192352295,0.7648529410362244,5.8282545012389164e-08,0.4352303743362427,0.717059850692749,0.01889379322528839,0.4652315378189087,0.6634414792060852,0.016879389062523842,0.49487102031707764,0.6296420693397522,0.00536314956843853,0.520538866519928,0.6073206067085266,-0.005050147417932749,0.3921368420124054,0.5515042543411255,0.013743151910603046,0.4630442261695862,0.4998451769351959,-0.005095293279737234,0.5058267116546631,0.5225301384925842,-0.020595597103238106,0.5268317461013794,0.557302713394165,-0.028961990028619766,0.3869798183441162,0.5549335479736328,-0.008340582251548767,0.47355905175209045,0.48776236176490784,-0.022265618667006493,0.5138972997665405,0.5247172117233276,-0.028906719759106636,0.5247067809104919,0.564164400100708,-0.03166891634464264,0.39846891164779663,0.5740157961845398,-0.030492762103676796,0.47688886523246765,0.5006051063537598,-0.04275514930486679,0.5155700445175171,0.5392938852310181,-0.03794844076037407,0.5232725143432617,0.581035852432251,-0.03208470344543457,0.4213275611400604,0.604279100894928,-0.05206543579697609,0.4842681884765625,0.5501585602760315,-0.057738687843084335,0.5173929333686829,0.5684583187103271,-0.04895593598484993,0.5292615294456482,0.5956550240516663,-0.04092845693230629,0.0,0.0,0.0,0.0,0.0,0.0,0.0,0.0,0.0,0.0,0.0,0.0,0.0,0.0,0.0,0.0,0.0,0.0,0.0,0.0,0.0,0.0,0.0,0.0,0.0,0.0,0.0,0.0,0.0,0.0,0.0,0.0,0.0,0.0,0.0,0.0,0.0,0.0,0.0,0.0,0.0,0.0,0.0,0.0,0.0,0.0,0.0,0.0,0.0,0.0,0.0,0.0,0.0,0.0,0.0,0.0,0.0,0.0,0.0,0.0,0.0,0.0,0.0,drink
0.3613608181476593,0.7736386656761169,9.605179229765781e-08,0.4316515326499939,0.723212718963623,0.022855140268802643,0.463803768157959,0.6682463884353638,0.021389257162809372,0.4964843988418579,0.6331766843795776,0.00932360254228115,0.5259539484977722,0.6108801364898682,-0.002621804131194949,0.3901117742061615,0.5575155019760132,0.018635228276252747,0.45946136116981506,0.5052708387374878,0.002976086689159274,0.5042366981506348,0.5215202569961548,-0.011868826113641262,0.5276200175285339,0.5518999695777893,-0.020414400845766068,0.38544127345085144,0.5612042546272278,-0.005492891650646925,0.4738132357597351,0.49560585618019104,-0.016867520287632942,0.5147162675857544,0.5324467420578003,-0.025314757600426674,0.525484025478363,0.5723071694374084,-0.029637333005666733,0.39775508642196655,0.5817673802375793,-0.028811220079660416,0.47823548316955566,0.51279217004776,-0.037171799689531326,0.5178335309028625,0.5515641570091248,-0.03336066007614136,0.5252276659011841,0.592624306678772,-0.028920967131853104,0.4206087589263916,0.6130033731460571,-0.05124273896217346,0.48347362875938416,0.5582212805747986,-0.05229891464114189,0.516350269317627,0.5736936330795288,-0.04209102317690849,0.5277081727981567,0.5998998284339905,-0.0338035486638546,0.0,0.0,0.0,0.0,0.0,0.0,0.0,0.0,0.0,0.0,0.0,0.0,0.0,0.0,0.0,0.0,0.0,0.0,0.0,0.0,0.0,0.0,0.0,0.0,0.0,0.0,0.0,0.0,0.0,0.0,0.0,0.0,0.0,0.0,0.0,0.0,0.0,0.0,0.0,0.0,0.0,0.0,0.0,0.0,0.0,0.0,0.0,0.0,0.0,0.0,0.0,0.0,0.0,0.0,0.0,0.0,0.0,0.0,0.0,0.0,0.0,0.0,0.0,drink
0.3627164959907532,0.769227147102356,8.158727382578945e-08,0.4337853789329529,0.7211817502975464,0.017302051186561584,0.4647422134876251,0.6674901247024536,0.01436077244579792,0.4972696602344513,0.6328198313713074,0.0016637040534988046,0.5259931683540344,0.6050041913986206,-0.009765404276549816,0.39043861627578735,0.5538122057914734,0.018708055838942528,0.45976266264915466,0.49862563610076904,0.0008186087943613529,0.5044353008270264,0.5232357382774353,-0.016230713576078415,0.5234971046447754,0.5575469732284546,-0.025910431519150734,0.3851011395454407,0.5545870065689087,-0.002657139440998435,0.47154566645622253,0.4901985824108124,-0.015514032915234566,0.5124572515487671,0.535078763961792,-0.02500324696302414,0.5193495750427246,0.5765830874443054,-0.029940012842416763,0.3965549170970917,0.5725026726722717,-0.02425132505595684,0.4741409718990326,0.5015429854393005,-0.03556390851736069,0.5142803192138672,0.5479708313941956,-0.03163081780076027,0.5201444029808044,0.5935288071632385,-0.026242045685648918,0.4184969663619995,0.602264940738678,-0.04550786316394806,0.47942668199539185,0.5477951765060425,-0.05034268647432327,0.5129833221435547,0.570362389087677,-0.04094492271542549,0.5237545967102051,0.6021888256072998,-0.032364726066589355,0.0,0.0,0.0,0.0,0.0,0.0,0.0,0.0,0.0,0.0,0.0,0.0,0.0,0.0,0.0,0.0,0.0,0.0,0.0,0.0,0.0,0.0,0.0,0.0,0.0,0.0,0.0,0.0,0.0,0.0,0.0,0.0,0.0,0.0,0.0,0.0,0.0,0.0,0.0,0.0,0.0,0.0,0.0,0.0,0.0,0.0,0.0,0.0,0.0,0.0,0.0,0.0,0.0,0.0,0.0,0.0,0.0,0.0,0.0,0.0,0.0,0.0,0.0,drink
0.36474302411079407,0.7446495890617371,9.82789956083252e-08,0.4337717890739441,0.7007525563240051,0.015461827628314495,0.46560555696487427,0.6467130780220032,0.01329017709940672,0.49673962593078613,0.616413950920105,0.0016547776758670807,0.5270758867263794,0.5858175754547119,-0.007866229861974716,0.3928276598453522,0.5308077335357666,0.02463354356586933,0.4599513113498688,0.4765358567237854,0.005033920053392649,0.5047494173049927,0.5063668489456177,-0.014229847118258476,0.5246012210845947,0.5473635196685791,-0.024222858250141144,0.38533514738082886,0.5296005606651306,0.005132569465786219,0.4647291600704193,0.46789151430130005,-0.007043244782835245,0.5083838105201721,0.5057389736175537,-0.017747381702065468,0.5205414295196533,0.5465477705001831,-0.02399256080389023,0.39329198002815247,0.5418261885643005,-0.015902135521173477,0.4668562710285187,0.4716998338699341,-0.025903647765517235,0.5092897415161133,0.5076703429222107,-0.024374615401029587,0.5209779143333435,0.5516980290412903,-0.021040815860033035,0.41334664821624756,0.5634885430335999,-0.03701663762331009,0.4738239645957947,0.5071399211883545,-0.04047587141394615,0.5096560120582581,0.5250946283340454,-0.03272470459342003,0.5234224200248718,0.5550621151924133,-0.02547646313905716,0.0,0.0,0.0,0.0,0.0,0.0,0.0,0.0,0.0,0.0,0.0,0.0,0.0,0.0,0.0,0.0,0.0,0.0,0.0,0.0,0.0,0.0,0.0,0.0,0.0,0.0,0.0,0.0,0.0,0.0,0.0,0.0,0.0,0.0,0.0,0.0,0.0,0.0,0.0,0.0,0.0,0.0,0.0,0.0,0.0,0.0,0.0,0.0,0.0,0.0,0.0,0.0,0.0,0.0,0.0,0.0,0.0,0.0,0.0,0.0,0.0,0.0,0.0,drink
0.365278422832489,0.7454321384429932,6.64898536228975e-08,0.4330654442310333,0.700498640537262,0.015558827668428421,0.4649169147014618,0.6465324759483337,0.01265646144747734,0.4965197741985321,0.6162660121917725,-4.126977364649065e-05,0.5283051133155823,0.5848889946937561,-0.011250660754740238,0.3929212987422943,0.5283621549606323,0.02571294829249382,0.4581928551197052,0.4761573076248169,0.006218681111931801,0.5053842663764954,0.5016618967056274,-0.013947772793471813,0.5268753170967102,0.5401591062545776,-0.024893254041671753,0.38617563247680664,0.5274092555046082,0.005241865292191505,0.4639035165309906,0.4698348939418793,-0.008999177254736423,0.5106065273284912,0.5065883994102478,-0.023038800805807114,0.5250646471977234,0.5486987829208374,-0.031046101823449135,0.39406827092170715,0.5407007932662964,-0.016508126631379128,0.46618935465812683,0.4757155776023865,-0.02826407365500927,0.5118377208709717,0.5117940306663513,-0.029466161504387856,0.5264783501625061,0.5558284521102905,-0.027468232437968254,0.413404643535614,0.5642999410629272,-0.03818240016698837,0.47230350971221924,0.5087930560112,-0.043099723756313324,0.5089172124862671,0.5258097648620605,-0.03665158897638321,0.524556577205658,0.5564252734184265,-0.02999928407371044,0.0,0.0,0.0,0.0,0.0,0.0,0.0,0.0,0.0,0.0,0.0,0.0,0.0,0.0,0.0,0.0,0.0,0.0,0.0,0.0,0.0,0.0,0.0,0.0,0.0,0.0,0.0,0.0,0.0,0.0,0.0,0.0,0.0,0.0,0.0,0.0,0.0,0.0,0.0,0.0,0.0,0.0,0.0,0.0,0.0,0.0,0.0,0.0,0.0,0.0,0.0,0.0,0.0,0.0,0.0,0.0,0.0,0.0,0.0,0.0,0.0,0.0,0.0,drink
0.3637291491031647,0.7048947215080261,1.8093896159143696e-08,0.4277036488056183,0.6705411672592163,0.021748950704932213,0.4624079167842865,0.6258876323699951,0.02547222003340721,0.4929419755935669,0.5967878699302673,0.017871497198939323,0.5232235789299011,0.5662778615951538,0.010572806000709534,0.4099743068218231,0.515386164188385,0.04680309444665909,0.460950642824173,0.46515733003616333,0.03426959738135338,0.501164972782135,0.487745463848114,0.01621197909116745,0.5215625166893005,0.5252577662467957,0.006510720122605562,0.3997955322265625,0.5072846412658691,0.02595863863825798,0.46099773049354553,0.4487228989601135,0.01752428710460663,0.5030418038368225,0.47517746686935425,0.00218598241917789,0.5198034644126892,0.5149976015090942,-0.007081708405166864,0.39934349060058594,0.5086366534233093,0.0031854005064815283,0.4585914611816406,0.4435204863548279,-0.0037341227289289236,0.500928521156311,0.4689613878726959,-0.009121295996010303,0.5175607204437256,0.509137749671936,-0.010604962706565857,0.4083096981048584,0.517311155796051,-0.01914428547024727,0.45784762501716614,0.45645612478256226,-0.020862441509962082,0.49401384592056274,0.4674312472343445,-0.01646609418094158,0.5127193927764893,0.4961944818496704,-0.01187786366790533,0.0,0.0,0.0,0.0,0.0,0.0,0.0,0.0,0.0,0.0,0.0,0.0,0.0,0.0,0.0,0.0,0.0,0.0,0.0,0.0,0.0,0.0,0.0,0.0,0.0,0.0,0.0,0.0,0.0,0.0,0.0,0.0,0.0,0.0,0.0,0.0,0.0,0.0,0.0,0.0,0.0,0.0,0.0,0.0,0.0,0.0,0.0,0.0,0.0,0.0,0.0,0.0,0.0,0.0,0.0,0.0,0.0,0.0,0.0,0.0,0.0,0.0,0.0,drink
0.36399465799331665,0.6535828113555908,2.5269702774721736e-08,0.42046985030174255,0.6337802410125732,0.025257578119635582,0.457469642162323,0.602117657661438,0.03643627464771271,0.4891059100627899,0.5746105909347534,0.03552832081913948,0.5162083506584167,0.5436462163925171,0.033754605799913406,0.4236522316932678,0.5135402679443359,0.07571759074926376,0.45810139179229736,0.4848901629447937,0.0804203450679779,0.4888246953487396,0.49244508147239685,0.07128473371267319,0.5040468573570251,0.5082240104675293,0.06512477993965149,0.41728919744491577,0.49476850032806396,0.056575335562229156,0.45555126667022705,0.457597553730011,0.06010971963405609,0.4899550974369049,0.4724332094192505,0.04405280202627182,0.5060281157493591,0.5000082850456238,0.033005788922309875,0.4118894040584564,0.4792853593826294,0.035089921206235886,0.44990792870521545,0.42930537462234497,0.03663632273674011,0.4865780472755432,0.4461706280708313,0.02591022662818432,0.5026090741157532,0.476913720369339,0.019751185551285744,0.4093979597091675,0.4671861529350281,0.014433116652071476,0.4458796977996826,0.41150137782096863,0.018984481692314148,0.4776511490345001,0.4204248785972595,0.022125758230686188,0.4952819049358368,0.44761115312576294,0.024908367544412613,0.0,0.0,0.0,0.0,0.0,0.0,0.0,0.0,0.0,0.0,0.0,0.0,0.0,0.0,0.0,0.0,0.0,0.0,0.0,0.0,0.0,0.0,0.0,0.0,0.0,0.0,0.0,0.0,0.0,0.0,0.0,0.0,0.0,0.0,0.0,0.0,0.0,0.0,0.0,0.0,0.0,0.0,0.0,0.0,0.0,0.0,0.0,0.0,0.0,0.0,0.0,0.0,0.0,0.0,0.0,0.0,0.0,0.0,0.0,0.0,0.0,0.0,0.0,drink
0.364032506942749,0.6233335137367249,1.2824048667425814e-07,0.41640612483024597,0.6127443909645081,0.01038204412907362,0.4552994966506958,0.588671088218689,0.01649349369108677,0.4887325167655945,0.5635109543800354,0.013741963542997837,0.5163350105285645,0.5320405960083008,0.011389605700969696,0.42820850014686584,0.5072058439254761,0.0611397922039032,0.46071454882621765,0.4861736297607422,0.060604412108659744,0.4892899990081787,0.49630191922187805,0.049507346004247665,0.5044732093811035,0.5085043907165527,0.042278509587049484,0.4243311285972595,0.4843977391719818,0.0486883744597435,0.4601268172264099,0.4585677683353424,0.04891975596547127,0.49105575680732727,0.470920592546463,0.0339663103222847,0.5094550848007202,0.4899706244468689,0.02348986268043518,0.41754481196403503,0.4620975852012634,0.03231855854392052,0.4550030827522278,0.4243922531604767,0.031412817537784576,0.48687148094177246,0.43817248940467834,0.02321435697376728,0.5042540431022644,0.4596771001815796,0.01847984828054905,0.41010230779647827,0.4430607557296753,0.015124386176466942,0.4460475444793701,0.4003334641456604,0.017659267410635948,0.47370147705078125,0.4098576009273529,0.02117803692817688,0.49088671803474426,0.43207845091819763,0.024324223399162292,0.0,0.0,0.0,0.0,0.0,0.0,0.0,0.0,0.0,0.0,0.0,0.0,0.0,0.0,0.0,0.0,0.0,0.0,0.0,0.0,0.0,0.0,0.0,0.0,0.0,0.0,0.0,0.0,0.0,0.0,0.0,0.0,0.0,0.0,0.0,0.0,0.0,0.0,0.0,0.0,0.0,0.0,0.0,0.0,0.0,0.0,0.0,0.0,0.0,0.0,0.0,0.0,0.0,0.0,0.0,0.0,0.0,0.0,0.0,0.0,0.0,0.0,0.0,drink
0.35623934864997864,0.5783118009567261,2.483566277078353e-07,0.4118380546569824,0.5766823887825012,0.01014402974396944,0.4525388777256012,0.562088668346405,0.01822318509221077,0.48648208379745483,0.5389149785041809,0.01775694638490677,0.5167368650436401,0.509529173374176,0.017544656991958618,0.4194442331790924,0.47638970613479614,0.06761244684457779,0.4544260501861572,0.45822378993034363,0.06963455677032471,0.4847487211227417,0.4668823480606079,0.059294044971466064,0.502272367477417,0.47728365659713745,0.05237767472863197,0.4157812297344208,0.4529167413711548,0.056458763778209686,0.4535268247127533,0.4270652234554291,0.05750369653105736,0.48555219173431396,0.44060206413269043,0.04159313812851906,0.5066731572151184,0.46168074011802673,0.03079821728169918,0.4111582636833191,0.4306398928165436,0.04108229652047157,0.44935500621795654,0.394578754901886,0.039967071264982224,0.4820858836174011,0.4115021824836731,0.0293207298964262,0.5012322664260864,0.43759268522262573,0.023402487859129906,0.40716925263404846,0.4112205505371094,0.024914301931858063,0.44350066781044006,0.37142324447631836,0.02666620910167694,0.47236868739128113,0.3844623863697052,0.027902968227863312,0.49137943983078003,0.4105604290962219,0.029624683782458305,0.0,0.0,0.0,0.0,0.0,0.0,0.0,0.0,0.0,0.0,0.0,0.0,0.0,0.0,0.0,0.0,0.0,0.0,0.0,0.0,0.0,0.0,0.0,0.0,0.0,0.0,0.0,0.0,0.0,0.0,0.0,0.0,0.0,0.0,0.0,0.0,0.0,0.0,0.0,0.0,0.0,0.0,0.0,0.0,0.0,0.0,0.0,0.0,0.0,0.0,0.0,0.0,0.0,0.0,0.0,0.0,0.0,0.0,0.0,0.0,0.0,0.0,0.0,drink
0.36369526386260986,0.5808719992637634,2.7418835202297487e-07,0.41996559500694275,0.5789371728897095,0.011909225024282932,0.4584786593914032,0.5597355961799622,0.023643027991056442,0.4877903461456299,0.5355656743049622,0.027160853147506714,0.5152409076690674,0.5078296661376953,0.03098323754966259,0.421663373708725,0.4785817265510559,0.07278916984796524,0.4553673565387726,0.46060121059417725,0.08077680319547653,0.48618483543395996,0.4674164056777954,0.07377828657627106,0.5060145854949951,0.47664421796798706,0.06804206967353821,0.416955828666687,0.45292991399765015,0.06273328512907028,0.4547636806964874,0.43050774931907654,0.07070358097553253,0.4867870807647705,0.4402206242084503,0.05708774924278259,0.5107148289680481,0.45649945735931396,0.04632300138473511,0.41180405020713806,0.42958006262779236,0.048711616545915604,0.4500786066055298,0.3958897888660431,0.05433274433016777,0.4834209680557251,0.40836581587791443,0.044438984245061874,0.5061583518981934,0.4301338493824005,0.0368606299161911,0.4071798622608185,0.4099994897842407,0.03387635573744774,0.4432154893875122,0.37433111667633057,0.03973199427127838,0.4728415012359619,0.38502365350723267,0.04123354330658913,0.49515581130981445,0.4089944362640381,0.04193664342164993,0.0,0.0,0.0,0.0,0.0,0.0,0.0,0.0,0.0,0.0,0.0,0.0,0.0,0.0,0.0,0.0,0.0,0.0,0.0,0.0,0.0,0.0,0.0,0.0,0.0,0.0,0.0,0.0,0.0,0.0,0.0,0.0,0.0,0.0,0.0,0.0,0.0,0.0,0.0,0.0,0.0,0.0,0.0,0.0,0.0,0.0,0.0,0.0,0.0,0.0,0.0,0.0,0.0,0.0,0.0,0.0,0.0,0.0,0.0,0.0,0.0,0.0,0.0,drink
0.3627876341342926,0.5612037181854248,2.561050109761709e-07,0.4155493974685669,0.565177321434021,0.008488280698657036,0.454067200422287,0.5474350452423096,0.018565446138381958,0.48530587553977966,0.5223742723464966,0.020978711545467377,0.5151468515396118,0.49595773220062256,0.023563764989376068,0.42190903425216675,0.46583157777786255,0.06889791786670685,0.4547005295753479,0.4482111632823944,0.07528197765350342,0.4843566417694092,0.45499756932258606,0.06764332205057144,0.5028091669082642,0.4642142057418823,0.06192108988761902,0.4173796772956848,0.4402965009212494,0.06029639393091202,0.4543360471725464,0.41806280612945557,0.06746148318052292,0.4851011037826538,0.42717263102531433,0.05403532087802887,0.5077782869338989,0.4425381124019623,0.04373767599463463,0.4113685190677643,0.4184739589691162,0.04738834500312805,0.44907280802726746,0.38591432571411133,0.0517103485763073,0.4802633225917816,0.3966628611087799,0.04230700433254242,0.5009873509407043,0.4155603051185608,0.03560265526175499,0.404924213886261,0.39991047978401184,0.03342612832784653,0.43948471546173096,0.3621666729450226,0.038061197847127914,0.4672120213508606,0.37148523330688477,0.03968525677919388,0.4875251054763794,0.39379939436912537,0.04092522710561752,0.0,0.0,0.0,0.0,0.0,0.0,0.0,0.0,0.0,0.0,0.0,0.0,0.0,0.0,0.0,0.0,0.0,0.0,0.0,0.0,0.0,0.0,0.0,0.0,0.0,0.0,0.0,0.0,0.0,0.0,0.0,0.0,0.0,0.0,0.0,0.0,0.0,0.0,0.0,0.0,0.0,0.0,0.0,0.0,0.0,0.0,0.0,0.0,0.0,0.0,0.0,0.0,0.0,0.0,0.0,0.0,0.0,0.0,0.0,0.0,0.0,0.0,0.0,drink
0.3628261089324951,0.5603703260421753,2.902795870340924e-07,0.4164741635322571,0.5638281106948853,0.007694103755056858,0.45468369126319885,0.5451322793960571,0.018316062167286873,0.48508885502815247,0.5207058787345886,0.021834587678313255,0.5135788917541504,0.49290114641189575,0.025551319122314453,0.42339175939559937,0.467831552028656,0.06673577427864075,0.4558471739292145,0.45042362809181213,0.07418929040431976,0.4851951599121094,0.45498377084732056,0.06804251670837402,0.5056047439575195,0.46063071489334106,0.06290928274393082,0.41823458671569824,0.4407239556312561,0.058776501566171646,0.45496639609336853,0.4175470173358917,0.06662964820861816,0.48504695296287537,0.4220453202724457,0.054651759564876556,0.5089781284332275,0.4332064986228943,0.04515140503644943,0.4112788736820221,0.4173649251461029,0.04658781737089157,0.44875237345695496,0.38473212718963623,0.05143667012453079,0.48011794686317444,0.392750084400177,0.04243765398859978,0.5026435256004333,0.40982910990715027,0.03566646948456764,0.40478000044822693,0.39713573455810547,0.03327837213873863,0.43931612372398376,0.36233285069465637,0.037210043519735336,0.467739462852478,0.3705195486545563,0.03787194564938545,0.4898771047592163,0.39174458384513855,0.038351692259311676,0.0,0.0,0.0,0.0,0.0,0.0,0.0,0.0,0.0,0.0,0.0,0.0,0.0,0.0,0.0,0.0,0.0,0.0,0.0,0.0,0.0,0.0,0.0,0.0,0.0,0.0,0.0,0.0,0.0,0.0,0.0,0.0,0.0,0.0,0.0,0.0,0.0,0.0,0.0,0.0,0.0,0.0,0.0,0.0,0.0,0.0,0.0,0.0,0.0,0.0,0.0,0.0,0.0,0.0,0.0,0.0,0.0,0.0,0.0,0.0,0.0,0.0,0.0,drink
0.3686811327934265,0.5820319652557373,3.157699381972634e-07,0.42138028144836426,0.580732524394989,0.010074172168970108,0.45695358514785767,0.5589880347251892,0.02137867733836174,0.4849550724029541,0.5328012704849243,0.025483950972557068,0.5114983320236206,0.5051313042640686,0.030059000477194786,0.41335511207580566,0.47844913601875305,0.07108713686466217,0.44590848684310913,0.4614618420600891,0.07939562201499939,0.4789852499961853,0.4675918221473694,0.0725352093577385,0.5001380443572998,0.4762839078903198,0.06691805273294449,0.4095458388328552,0.4551510214805603,0.06257059425115585,0.44855859875679016,0.43130257725715637,0.07102899253368378,0.4824444055557251,0.4392544627189636,0.05786898732185364,0.5075083374977112,0.4528976082801819,0.0471290647983551,0.40524017810821533,0.4325519800186157,0.050016023218631744,0.443310022354126,0.3960561454296112,0.055401284247636795,0.47833681106567383,0.4068047106266022,0.04552024230360985,0.5016518235206604,0.42493340373039246,0.03796716779470444,0.4011302590370178,0.41129982471466064,0.03677672892808914,0.4367671310901642,0.37182754278182983,0.04212367907166481,0.4656676650047302,0.38111573457717896,0.043740496039390564,0.4859579801559448,0.4022170305252075,0.04458380863070488,0.0,0.0,0.0,0.0,0.0,0.0,0.0,0.0,0.0,0.0,0.0,0.0,0.0,0.0,0.0,0.0,0.0,0.0,0.0,0.0,0.0,0.0,0.0,0.0,0.0,0.0,0.0,0.0,0.0,0.0,0.0,0.0,0.0,0.0,0.0,0.0,0.0,0.0,0.0,0.0,0.0,0.0,0.0,0.0,0.0,0.0,0.0,0.0,0.0,0.0,0.0,0.0,0.0,0.0,0.0,0.0,0.0,0.0,0.0,0.0,0.0,0.0,0.0,drink
0.3701024353504181,0.5819517374038696,2.1515253934012435e-07,0.4203535318374634,0.5808139443397522,0.007851081900298595,0.45539820194244385,0.5604249835014343,0.016656124964356422,0.4840608835220337,0.5341365933418274,0.018249141052365303,0.5128782987594604,0.507164478302002,0.020274778828024864,0.42068785429000854,0.48124584555625916,0.06428121775388718,0.4538331925868988,0.4654659926891327,0.07007758319377899,0.4847862124443054,0.47214487195014954,0.06229357793927193,0.5043079257011414,0.48163819313049316,0.05626422539353371,0.4160996377468109,0.4566638171672821,0.055589690804481506,0.4542602002620697,0.4366314709186554,0.062195368111133575,0.48708242177963257,0.4436853528022766,0.049132734537124634,0.5109437108039856,0.4571240246295929,0.03870507702231407,0.4103626012802124,0.43358683586120605,0.04294527694582939,0.4476425051689148,0.3998495042324066,0.04661605507135391,0.48058757185935974,0.40789633989334106,0.03735978901386261,0.5024610757827759,0.4256751239299774,0.030808940529823303,0.40423107147216797,0.41270017623901367,0.029327815398573875,0.4382937550544739,0.37446916103363037,0.033617351204156876,0.4660414457321167,0.38085436820983887,0.03563825413584709,0.48606622219085693,0.4003968834877014,0.03726251795887947,0.0,0.0,0.0,0.0,0.0,0.0,0.0,0.0,0.0,0.0,0.0,0.0,0.0,0.0,0.0,0.0,0.0,0.0,0.0,0.0,0.0,0.0,0.0,0.0,0.0,0.0,0.0,0.0,0.0,0.0,0.0,0.0,0.0,0.0,0.0,0.0,0.0,0.0,0.0,0.0,0.0,0.0,0.0,0.0,0.0,0.0,0.0,0.0,0.0,0.0,0.0,0.0,0.0,0.0,0.0,0.0,0.0,0.0,0.0,0.0,0.0,0.0,0.0,drink
0.3799806833267212,0.6279941201210022,2.0949045165252755e-07,0.42928123474121094,0.6186676025390625,0.017443237826228142,0.4592139422893524,0.5811570882797241,0.029218094423413277,0.48813551664352417,0.5497074723243713,0.0317188985645771,0.5142112970352173,0.5175147652626038,0.03477577492594719,0.407415509223938,0.4963260889053345,0.07310167700052261,0.43734830617904663,0.4679713845252991,0.07964157313108444,0.4731665849685669,0.47198984026908875,0.07185579091310501,0.49448955059051514,0.48445752263069153,0.06583667546510696,0.40486323833465576,0.477946400642395,0.059448909014463425,0.4434463679790497,0.43530434370040894,0.063107930123806,0.48371613025665283,0.4461551308631897,0.04879942908883095,0.5080560445785522,0.4676913022994995,0.03887878358364105,0.404134064912796,0.46141132712364197,0.042422935366630554,0.4430147707462311,0.41001638770103455,0.04393428936600685,0.48576417565345764,0.42450642585754395,0.03229384124279022,0.5096054673194885,0.45158088207244873,0.024888385087251663,0.40729621052742004,0.4484407901763916,0.02548489347100258,0.4464156925678253,0.3998015522956848,0.027837025001645088,0.48104703426361084,0.41091328859329224,0.027005592361092567,0.5027368068695068,0.4372953176498413,0.026537716388702393,0.0,0.0,0.0,0.0,0.0,0.0,0.0,0.0,0.0,0.0,0.0,0.0,0.0,0.0,0.0,0.0,0.0,0.0,0.0,0.0,0.0,0.0,0.0,0.0,0.0,0.0,0.0,0.0,0.0,0.0,0.0,0.0,0.0,0.0,0.0,0.0,0.0,0.0,0.0,0.0,0.0,0.0,0.0,0.0,0.0,0.0,0.0,0.0,0.0,0.0,0.0,0.0,0.0,0.0,0.0,0.0,0.0,0.0,0.0,0.0,0.0,0.0,0.0,drink
0.37248921394348145,0.6806761026382446,1.5734674008172078e-08,0.4271462857723236,0.6574714183807373,0.014860948547720909,0.4578312337398529,0.6085337400436401,0.018300142139196396,0.4868262708187103,0.5776475667953491,0.013300826773047447,0.5148770213127136,0.5484300851821899,0.009662183932960033,0.3912906050682068,0.5018796324729919,0.03964832425117493,0.4476633369922638,0.46116283535957336,0.028673438355326653,0.4892961382865906,0.48506394028663635,0.013545623049139977,0.5088719129562378,0.5191101431846619,0.005369511898607016,0.383248507976532,0.4926248788833618,0.023989737033843994,0.4484708607196808,0.44007328152656555,0.014966831542551517,0.4910595118999481,0.46627286076545715,0.002232724567875266,0.508334219455719,0.5018046498298645,-0.00481862248852849,0.3863394260406494,0.4936195909976959,0.006127914413809776,0.44721972942352295,0.4329017400741577,-0.002490442479029298,0.4890267252922058,0.4586101174354553,-0.00794257316738367,0.5062587261199951,0.49676942825317383,-0.008792117238044739,0.4010167717933655,0.5035150051116943,-0.01152234897017479,0.45306628942489624,0.44943198561668396,-0.01544973161071539,0.48680275678634644,0.46276572346687317,-0.01335350051522255,0.5039809942245483,0.489637553691864,-0.010165246203541756,0.0,0.0,0.0,0.0,0.0,0.0,0.0,0.0,0.0,0.0,0.0,0.0,0.0,0.0,0.0,0.0,0.0,0.0,0.0,0.0,0.0,0.0,0.0,0.0,0.0,0.0,0.0,0.0,0.0,0.0,0.0,0.0,0.0,0.0,0.0,0.0,0.0,0.0,0.0,0.0,0.0,0.0,0.0,0.0,0.0,0.0,0.0,0.0,0.0,0.0,0.0,0.0,0.0,0.0,0.0,0.0,0.0,0.0,0.0,0.0,0.0,0.0,0.0,drink
0.3702641427516937,0.7052350044250488,-4.8208853797859774e-08,0.428954541683197,0.674351692199707,0.013950067572295666,0.45991113781929016,0.6208082437515259,0.013760138303041458,0.49006858468055725,0.5906496047973633,0.005153396632522345,0.5179870128631592,0.5597511529922485,-0.0018967131618410349,0.39334574341773987,0.5107955932617188,0.028464799746870995,0.4513494372367859,0.4642525017261505,0.013506116345524788,0.4922754168510437,0.49066272377967834,-0.0028405694756656885,0.5094240307807922,0.528558075428009,-0.011316359974443913,0.3833685517311096,0.5064475536346436,0.011213804595172405,0.45203810930252075,0.45126456022262573,0.0003026216581929475,0.495218962430954,0.48323482275009155,-0.011677226983010769,0.5103539824485779,0.5238244533538818,-0.01837758906185627,0.38576650619506836,0.5140945315361023,-0.007686958648264408,0.4503573477268219,0.45002481341362,-0.01865679956972599,0.4935090243816376,0.481786847114563,-0.022062765434384346,0.5096837878227234,0.5239489674568176,-0.021470362320542336,0.400429368019104,0.5308586955070496,-0.02623068168759346,0.4550895094871521,0.47394734621047974,-0.03204302117228508,0.48976632952690125,0.49095723032951355,-0.0284211914986372,0.5060806274414062,0.5217244625091553,-0.023964116349816322,0.0,0.0,0.0,0.0,0.0,0.0,0.0,0.0,0.0,0.0,0.0,0.0,0.0,0.0,0.0,0.0,0.0,0.0,0.0,0.0,0.0,0.0,0.0,0.0,0.0,0.0,0.0,0.0,0.0,0.0,0.0,0.0,0.0,0.0,0.0,0.0,0.0,0.0,0.0,0.0,0.0,0.0,0.0,0.0,0.0,0.0,0.0,0.0,0.0,0.0,0.0,0.0,0.0,0.0,0.0,0.0,0.0,0.0,0.0,0.0,0.0,0.0,0.0,drink
0.36740025877952576,0.7103902101516724,-3.9097219683981166e-08,0.42628663778305054,0.6760997772216797,0.015408290550112724,0.45790091156959534,0.6216887831687927,0.015377589501440525,0.48788249492645264,0.591849148273468,0.006071203853935003,0.5173301696777344,0.5583888292312622,-0.0019343133317306638,0.3934185206890106,0.5103863477706909,0.030658748000860214,0.4530737102031708,0.46083658933639526,0.01566171459853649,0.4931659996509552,0.4876275658607483,-0.0010441860649734735,0.5082791447639465,0.524436891078949,-0.009752304293215275,0.3838215470314026,0.5045968890190125,0.0121217742562294,0.4550575315952301,0.4502352476119995,0.002132376655936241,0.4956227242946625,0.48637253046035767,-0.00904939416795969,0.5058287978172302,0.5275802612304688,-0.01538917701691389,0.38648954033851624,0.5118652582168579,-0.00815649051219225,0.45294421911239624,0.44697117805480957,-0.017778564244508743,0.49314481019973755,0.4823289215564728,-0.018292682245373726,0.5052194595336914,0.5254446268081665,-0.015955349430441856,0.40061643719673157,0.52866131067276,-0.028301285579800606,0.4544224143028259,0.4693576991558075,-0.03270065784454346,0.48954877257347107,0.48943030834198,-0.026345010846853256,0.5047137141227722,0.5238794684410095,-0.019860461354255676,0.0,0.0,0.0,0.0,0.0,0.0,0.0,0.0,0.0,0.0,0.0,0.0,0.0,0.0,0.0,0.0,0.0,0.0,0.0,0.0,0.0,0.0,0.0,0.0,0.0,0.0,0.0,0.0,0.0,0.0,0.0,0.0,0.0,0.0,0.0,0.0,0.0,0.0,0.0,0.0,0.0,0.0,0.0,0.0,0.0,0.0,0.0,0.0,0.0,0.0,0.0,0.0,0.0,0.0,0.0,0.0,0.0,0.0,0.0,0.0,0.0,0.0,0.0,drink
0.3678412437438965,0.7543933987617493,-4.1291404073717786e-08,0.43454843759536743,0.7044572234153748,0.01782308518886566,0.4628136456012726,0.6453155279159546,0.01834772899746895,0.49150019884109497,0.608913242816925,0.009811329655349255,0.515406608581543,0.578955888748169,0.002566898474469781,0.3861403465270996,0.5419880747795105,0.019759610295295715,0.4527641534805298,0.489777535200119,0.0009785509901121259,0.4961298406124115,0.5172446370124817,-0.016434552147984505,0.5149180293083191,0.5531370043754578,-0.02588536962866783,0.38033387064933777,0.5449565649032593,-0.0009004504536278546,0.45753923058509827,0.48453420400619507,-0.015010357834398746,0.5016684532165527,0.5193658471107483,-0.02476309798657894,0.5151638388633728,0.5591928362846375,-0.02988501824438572,0.3888446092605591,0.5623906254768372,-0.022377045825123787,0.4588981866836548,0.49339359998703003,-0.03502015024423599,0.5022975206375122,0.5261326432228088,-0.03412242606282234,0.514392614364624,0.5668961405754089,-0.030695084482431412,0.4086306393146515,0.5903095602989197,-0.043274424970149994,0.4651135206222534,0.5306026339530945,-0.04983402043581009,0.49967700242996216,0.543555736541748,-0.04371872916817665,0.5134747624397278,0.569791853427887,-0.037421468645334244,0.0,0.0,0.0,0.0,0.0,0.0,0.0,0.0,0.0,0.0,0.0,0.0,0.0,0.0,0.0,0.0,0.0,0.0,0.0,0.0,0.0,0.0,0.0,0.0,0.0,0.0,0.0,0.0,0.0,0.0,0.0,0.0,0.0,0.0,0.0,0.0,0.0,0.0,0.0,0.0,0.0,0.0,0.0,0.0,0.0,0.0,0.0,0.0,0.0,0.0,0.0,0.0,0.0,0.0,0.0,0.0,0.0,0.0,0.0,0.0,0.0,0.0,0.0,drink
0.36527952551841736,0.7801302671432495,6.345505454419254e-08,0.4348584711551666,0.7217704653739929,0.019780170172452927,0.46371790766716003,0.6645320653915405,0.01833086460828781,0.49161970615386963,0.6284676194190979,0.007198364473879337,0.5165437459945679,0.6037164330482483,-0.0036037301179021597,0.3809560239315033,0.5683224201202393,0.014654016122221947,0.44466662406921387,0.5081843733787537,-0.006602657027542591,0.4879217743873596,0.5267856121063232,-0.024585718289017677,0.5128362774848938,0.5574111342430115,-0.03435405716300011,0.3755820393562317,0.5724741220474243,-0.00890400167554617,0.45660024881362915,0.501812219619751,-0.029087571427226067,0.49980998039245605,0.5364978909492493,-0.04113895446062088,0.5163556933403015,0.5786839127540588,-0.0456073060631752,0.38597795367240906,0.5914099812507629,-0.03232715278863907,0.45988428592681885,0.5208635926246643,-0.048342250287532806,0.5024355053901672,0.5550342798233032,-0.04753236472606659,0.517300546169281,0.5939872860908508,-0.04280991852283478,0.40750211477279663,0.6216752529144287,-0.05491163209080696,0.4637942910194397,0.5644991397857666,-0.06240421161055565,0.49896708130836487,0.5718702077865601,-0.055850815027952194,0.5175012350082397,0.5900951027870178,-0.04861978441476822,0.0,0.0,0.0,0.0,0.0,0.0,0.0,0.0,0.0,0.0,0.0,0.0,0.0,0.0,0.0,0.0,0.0,0.0,0.0,0.0,0.0,0.0,0.0,0.0,0.0,0.0,0.0,0.0,0.0,0.0,0.0,0.0,0.0,0.0,0.0,0.0,0.0,0.0,0.0,0.0,0.0,0.0,0.0,0.0,0.0,0.0,0.0,0.0,0.0,0.0,0.0,0.0,0.0,0.0,0.0,0.0,0.0,0.0,0.0,0.0,0.0,0.0,0.0,drink
0.36154231429100037,0.7867847681045532,1.6963716120699246e-07,0.4302463233470917,0.7270565032958984,0.014423724263906479,0.46050599217414856,0.6677490472793579,0.010232076048851013,0.49177873134613037,0.6290243268013,-0.0028130365535616875,0.5176692008972168,0.6022430062294006,-0.014832016080617905,0.3766211271286011,0.5737815499305725,0.012486619874835014,0.44422009587287903,0.5136659145355225,-0.010536021552979946,0.49109163880348206,0.5285637974739075,-0.03078354336321354,0.5197953581809998,0.5561663508415222,-0.04208773747086525,0.370756059885025,0.5777888298034668,-0.008573669008910656,0.45573562383651733,0.5021930932998657,-0.03175380825996399,0.501124382019043,0.5370128154754639,-0.04711674153804779,0.5190379619598389,0.5807963013648987,-0.05305471271276474,0.3818436563014984,0.5952646136283875,-0.029715262353420258,0.45765265822410583,0.5214678645133972,-0.047446154057979584,0.5020720958709717,0.5553483366966248,-0.04890155419707298,0.5176626443862915,0.5954460501670837,-0.04490579292178154,0.4042305052280426,0.622846245765686,-0.050481200218200684,0.4642450511455536,0.5667166113853455,-0.05788973346352577,0.49903514981269836,0.577704906463623,-0.05182835832238197,0.5159128308296204,0.600178599357605,-0.04458807781338692,0.0,0.0,0.0,0.0,0.0,0.0,0.0,0.0,0.0,0.0,0.0,0.0,0.0,0.0,0.0,0.0,0.0,0.0,0.0,0.0,0.0,0.0,0.0,0.0,0.0,0.0,0.0,0.0,0.0,0.0,0.0,0.0,0.0,0.0,0.0,0.0,0.0,0.0,0.0,0.0,0.0,0.0,0.0,0.0,0.0,0.0,0.0,0.0,0.0,0.0,0.0,0.0,0.0,0.0,0.0,0.0,0.0,0.0,0.0,0.0,0.0,0.0,0.0,drink
0.35905003547668457,0.7879332900047302,1.685580741650483e-07,0.4271814823150635,0.7293702363967896,0.016259660944342613,0.4596540033817291,0.6687630414962769,0.012316021136939526,0.4932258427143097,0.6296563744544983,-0.0005999942077323794,0.5159305334091187,0.6048385500907898,-0.012807568535208702,0.3755421042442322,0.5720497369766235,0.013208984397351742,0.4438621401786804,0.5126911997795105,-0.010626008734107018,0.49276649951934814,0.5248737335205078,-0.03331775218248367,0.5250396132469177,0.5531232357025146,-0.04642855003476143,0.37067484855651855,0.5773075222969055,-0.009314993396401405,0.4587128162384033,0.5020058751106262,-0.03371897712349892,0.5036945939064026,0.534899115562439,-0.05248156189918518,0.5214443802833557,0.5796653628349304,-0.06091149151325226,0.38170894980430603,0.5953395962715149,-0.0314205102622509,0.45652681589126587,0.5215719938278198,-0.048728592693805695,0.5020964741706848,0.5523579120635986,-0.05276918783783913,0.5195344686508179,0.592208743095398,-0.05101553723216057,0.40440812706947327,0.6240417957305908,-0.05296919494867325,0.4620972275733948,0.5653481483459473,-0.05964529886841774,0.49793750047683716,0.5757782459259033,-0.05407935008406639,0.5171056389808655,0.5995084047317505,-0.04754868149757385,0.0,0.0,0.0,0.0,0.0,0.0,0.0,0.0,0.0,0.0,0.0,0.0,0.0,0.0,0.0,0.0,0.0,0.0,0.0,0.0,0.0,0.0,0.0,0.0,0.0,0.0,0.0,0.0,0.0,0.0,0.0,0.0,0.0,0.0,0.0,0.0,0.0,0.0,0.0,0.0,0.0,0.0,0.0,0.0,0.0,0.0,0.0,0.0,0.0,0.0,0.0,0.0,0.0,0.0,0.0,0.0,0.0,0.0,0.0,0.0,0.0,0.0,0.0,drink
0.3547323942184448,0.7791657447814941,9.246490861869461e-08,0.4248824715614319,0.7226300239562988,0.0182708278298378,0.4590684473514557,0.6645172834396362,0.016005508601665497,0.4920034110546112,0.6329727172851562,0.003857934381812811,0.5212820768356323,0.6030465960502625,-0.0075458199717104435,0.38198143243789673,0.5565571188926697,0.020989011973142624,0.445702463388443,0.497773677110672,0.0010372038232162595,0.49251294136047363,0.5139081478118896,-0.01807737909257412,0.5176949501037598,0.540676474571228,-0.029164016246795654,0.3728068172931671,0.5580739974975586,-0.0022433099802583456,0.453106164932251,0.4941432476043701,-0.021036850288510323,0.5014722347259521,0.5315502285957336,-0.0355207659304142,0.5182119607925415,0.5733559131622314,-0.04251300171017647,0.3792066276073456,0.5747560262680054,-0.025758223608136177,0.4503748118877411,0.5044779777526855,-0.04142363741993904,0.4980584383010864,0.5402759313583374,-0.04199002683162689,0.514613151550293,0.5820496678352356,-0.03842262923717499,0.3966910243034363,0.6018310785293579,-0.048714566975831985,0.450737327337265,0.5430883169174194,-0.05702748894691467,0.488361120223999,0.5562669038772583,-0.05075863376259804,0.5067302584648132,0.5809909701347351,-0.04339566081762314,0.0,0.0,0.0,0.0,0.0,0.0,0.0,0.0,0.0,0.0,0.0,0.0,0.0,0.0,0.0,0.0,0.0,0.0,0.0,0.0,0.0,0.0,0.0,0.0,0.0,0.0,0.0,0.0,0.0,0.0,0.0,0.0,0.0,0.0,0.0,0.0,0.0,0.0,0.0,0.0,0.0,0.0,0.0,0.0,0.0,0.0,0.0,0.0,0.0,0.0,0.0,0.0,0.0,0.0,0.0,0.0,0.0,0.0,0.0,0.0,0.0,0.0,0.0,drink
0.3530678153038025,0.7499973177909851,1.2762896517415356e-08,0.4170917570590973,0.7065689563751221,0.023293131962418556,0.45297971367836,0.6560993790626526,0.02696548029780388,0.48379895091056824,0.6248564720153809,0.019119268283247948,0.5153414607048035,0.593795895576477,0.011618024669587612,0.39492011070251465,0.5489069223403931,0.04371372610330582,0.4470495581626892,0.49553820490837097,0.03132491186261177,0.4877980947494507,0.5131075382232666,0.015010010451078415,0.5092282295227051,0.5435529947280884,0.006025068927556276,0.381988525390625,0.5418448448181152,0.02122192643582821,0.44624143838882446,0.4805227220058441,0.011267777532339096,0.4893314838409424,0.5045068860054016,-0.002405937062576413,0.5069653391838074,0.5415245294570923,-0.010152260772883892,0.3803764283657074,0.5448232889175415,-0.002888213377445936,0.44248971343040466,0.4760943055152893,-0.011683291755616665,0.4867226779460907,0.4989759027957916,-0.01631799526512623,0.506024181842804,0.5372064113616943,-0.01689574494957924,0.3900182247161865,0.5545821189880371,-0.026404934003949165,0.4405288100242615,0.49182429909706116,-0.029930783435702324,0.4788580536842346,0.5009126663208008,-0.0259978249669075,0.5009024143218994,0.5279011726379395,-0.021415185183286667,0.0,0.0,0.0,0.0,0.0,0.0,0.0,0.0,0.0,0.0,0.0,0.0,0.0,0.0,0.0,0.0,0.0,0.0,0.0,0.0,0.0,0.0,0.0,0.0,0.0,0.0,0.0,0.0,0.0,0.0,0.0,0.0,0.0,0.0,0.0,0.0,0.0,0.0,0.0,0.0,0.0,0.0,0.0,0.0,0.0,0.0,0.0,0.0,0.0,0.0,0.0,0.0,0.0,0.0,0.0,0.0,0.0,0.0,0.0,0.0,0.0,0.0,0.0,drink
0.35475286841392517,0.6972048878669739,7.892079878502045e-08,0.4160130023956299,0.6691151857376099,0.024515440687537193,0.45055919885635376,0.629594624042511,0.03565702959895134,0.4822794795036316,0.5984739065170288,0.034975919872522354,0.509299099445343,0.5653496980667114,0.0340021476149559,0.40104037523269653,0.529470682144165,0.07205795496702194,0.4421915113925934,0.48890385031700134,0.07366722822189331,0.47697025537490845,0.497165322303772,0.06275715678930283,0.49513277411460876,0.5177025198936462,0.055973608046770096,0.3923549950122833,0.5148538947105408,0.053144823759794235,0.44011104106903076,0.463422566652298,0.05495883524417877,0.4781445264816284,0.4794156551361084,0.0403345562517643,0.49693572521209717,0.5094642043113708,0.03053453005850315,0.3890853226184845,0.5066037774085999,0.03157845884561539,0.43653565645217896,0.44760143756866455,0.03171062842011452,0.47589707374572754,0.4638849198818207,0.022270437330007553,0.49364858865737915,0.4963645339012146,0.017116589471697807,0.3924756348133087,0.501834511756897,0.010600759647786617,0.43309253454208374,0.44252103567123413,0.014206045307219028,0.466410368680954,0.4495377540588379,0.01710226759314537,0.48572295904159546,0.4754803776741028,0.01965411566197872,0.0,0.0,0.0,0.0,0.0,0.0,0.0,0.0,0.0,0.0,0.0,0.0,0.0,0.0,0.0,0.0,0.0,0.0,0.0,0.0,0.0,0.0,0.0,0.0,0.0,0.0,0.0,0.0,0.0,0.0,0.0,0.0,0.0,0.0,0.0,0.0,0.0,0.0,0.0,0.0,0.0,0.0,0.0,0.0,0.0,0.0,0.0,0.0,0.0,0.0,0.0,0.0,0.0,0.0,0.0,0.0,0.0,0.0,0.0,0.0,0.0,0.0,0.0,drink
0.36061692237854004,0.6627883315086365,8.96865728350349e-08,0.4145003855228424,0.6452668309211731,0.01956617645919323,0.4518473744392395,0.6117019653320312,0.028832199051976204,0.48517853021621704,0.583895742893219,0.02735397405922413,0.5140137076377869,0.5517104268074036,0.02531842514872551,0.413735568523407,0.5248563885688782,0.07022488862276077,0.44825610518455505,0.4937535226345062,0.07352916896343231,0.48069706559181213,0.49975451827049255,0.06341608613729477,0.49810025095939636,0.5151737928390503,0.05667874217033386,0.4069364070892334,0.5050790309906006,0.05409974604845047,0.44683265686035156,0.4653759002685547,0.057058241218328476,0.4814770221710205,0.4787859320640564,0.040779922157526016,0.49812889099121094,0.5058810710906982,0.029590502381324768,0.4006900489330292,0.48942288756370544,0.03534683212637901,0.43906357884407043,0.4358135461807251,0.03806016221642494,0.4755542278289795,0.4496771991252899,0.028386708348989487,0.492161363363266,0.4789845943450928,0.022449953481554985,0.3967949151992798,0.4777672290802002,0.01677459105849266,0.43324536085128784,0.41993430256843567,0.022349299862980843,0.4653398096561432,0.4264730215072632,0.02587730810046196,0.48358646035194397,0.4520864486694336,0.028667083010077477,0.0,0.0,0.0,0.0,0.0,0.0,0.0,0.0,0.0,0.0,0.0,0.0,0.0,0.0,0.0,0.0,0.0,0.0,0.0,0.0,0.0,0.0,0.0,0.0,0.0,0.0,0.0,0.0,0.0,0.0,0.0,0.0,0.0,0.0,0.0,0.0,0.0,0.0,0.0,0.0,0.0,0.0,0.0,0.0,0.0,0.0,0.0,0.0,0.0,0.0,0.0,0.0,0.0,0.0,0.0,0.0,0.0,0.0,0.0,0.0,0.0,0.0,0.0,drink
0.3605143427848816,0.6153653264045715,1.8080918096075038e-07,0.4120832085609436,0.6067997813224792,0.014671345241367817,0.44963815808296204,0.5834062695503235,0.02435031719505787,0.4819923937320709,0.5583467483520508,0.02453017421066761,0.5098174214363098,0.5267915725708008,0.024655982851982117,0.4198312759399414,0.49975648522377014,0.07098571956157684,0.45463454723358154,0.4741819500923157,0.07525104284286499,0.4844171106815338,0.48287490010261536,0.0662032887339592,0.49979567527770996,0.49627548456192017,0.0605270154774189,0.4153158962726593,0.47602319717407227,0.05810509994626045,0.45321834087371826,0.4445820450782776,0.06328430026769638,0.48565149307250977,0.4563242793083191,0.04830216243863106,0.5036143660545349,0.480086088180542,0.03787391632795334,0.4087444245815277,0.4541705846786499,0.04164741933345795,0.4462342858314514,0.4122362732887268,0.04637309908866882,0.4793988764286041,0.4253509044647217,0.03793242201209068,0.49599969387054443,0.45153430104255676,0.03270043060183525,0.4023215174674988,0.43593263626098633,0.024633679538965225,0.43621930480003357,0.3883602023124695,0.03214676305651665,0.46453770995140076,0.39619922637939453,0.03670379891991615,0.48178738355636597,0.4209701418876648,0.04030952975153923,0.0,0.0,0.0,0.0,0.0,0.0,0.0,0.0,0.0,0.0,0.0,0.0,0.0,0.0,0.0,0.0,0.0,0.0,0.0,0.0,0.0,0.0,0.0,0.0,0.0,0.0,0.0,0.0,0.0,0.0,0.0,0.0,0.0,0.0,0.0,0.0,0.0,0.0,0.0,0.0,0.0,0.0,0.0,0.0,0.0,0.0,0.0,0.0,0.0,0.0,0.0,0.0,0.0,0.0,0.0,0.0,0.0,0.0,0.0,0.0,0.0,0.0,0.0,drink
0.3630565106868744,0.6144533157348633,2.0418262636212603e-07,0.4195464253425598,0.6060415506362915,0.016299111768603325,0.45504245162010193,0.580559253692627,0.02821636199951172,0.4859813451766968,0.5553836226463318,0.030654722824692726,0.5133981704711914,0.5263631343841553,0.033191848546266556,0.4127487540245056,0.49633029103279114,0.07594866305589676,0.4489089548587799,0.4748917818069458,0.08344578742980957,0.48013758659362793,0.48375898599624634,0.07579305022954941,0.4971429109573364,0.4966023862361908,0.07023434340953827,0.40754759311676025,0.4722728729248047,0.06368698179721832,0.4473808705806732,0.4424387812614441,0.07177761197090149,0.4806372821331024,0.4543834328651428,0.05797009542584419,0.5012245774269104,0.4741278290748596,0.04750733822584152,0.40319257974624634,0.4517442584037781,0.04791449382901192,0.4422619342803955,0.40845823287963867,0.05471206083893776,0.4774038791656494,0.4214126169681549,0.045394379645586014,0.497700572013855,0.445671021938324,0.03840259462594986,0.40075451135635376,0.4357641935348511,0.031754590570926666,0.43662238121032715,0.389696329832077,0.03933410719037056,0.46773943305015564,0.39853161573410034,0.04221535101532936,0.48876330256462097,0.4232897162437439,0.0439496748149395,0.0,0.0,0.0,0.0,0.0,0.0,0.0,0.0,0.0,0.0,0.0,0.0,0.0,0.0,0.0,0.0,0.0,0.0,0.0,0.0,0.0,0.0,0.0,0.0,0.0,0.0,0.0,0.0,0.0,0.0,0.0,0.0,0.0,0.0,0.0,0.0,0.0,0.0,0.0,0.0,0.0,0.0,0.0,0.0,0.0,0.0,0.0,0.0,0.0,0.0,0.0,0.0,0.0,0.0,0.0,0.0,0.0,0.0,0.0,0.0,0.0,0.0,0.0,drink
0.35861825942993164,0.5795402526855469,1.8619138586473127e-07,0.41205328702926636,0.5792520642280579,0.009411497041583061,0.451086163520813,0.5601041316986084,0.018342508003115654,0.48312652111053467,0.5354993343353271,0.019046839326620102,0.5129827260971069,0.5075050592422485,0.020016539841890335,0.41795727610588074,0.478755384683609,0.06718958914279938,0.453012079000473,0.45922592282295227,0.0724065974354744,0.4809531569480896,0.46725568175315857,0.06440609693527222,0.4968186616897583,0.48011845350265503,0.059025269001722336,0.4128011465072632,0.4526897966861725,0.05779352784156799,0.4532250761985779,0.4288526177406311,0.06380685418844223,0.4815831184387207,0.4409041404724121,0.049805786460638046,0.49891185760498047,0.46064233779907227,0.039656464010477066,0.40688884258270264,0.42924582958221436,0.044493041932582855,0.44710248708724976,0.39319926500320435,0.04877924919128418,0.47701260447502136,0.4059814512729645,0.039760738611221313,0.49375537037849426,0.4287738502025604,0.03389700502157211,0.4004727900028229,0.40927132964134216,0.030317142605781555,0.4376046061515808,0.36816367506980896,0.036463622003793716,0.46521565318107605,0.3776974678039551,0.03964001685380936,0.4830089211463928,0.4008569121360779,0.04219813644886017,0.0,0.0,0.0,0.0,0.0,0.0,0.0,0.0,0.0,0.0,0.0,0.0,0.0,0.0,0.0,0.0,0.0,0.0,0.0,0.0,0.0,0.0,0.0,0.0,0.0,0.0,0.0,0.0,0.0,0.0,0.0,0.0,0.0,0.0,0.0,0.0,0.0,0.0,0.0,0.0,0.0,0.0,0.0,0.0,0.0,0.0,0.0,0.0,0.0,0.0,0.0,0.0,0.0,0.0,0.0,0.0,0.0,0.0,0.0,0.0,0.0,0.0,0.0,drink
0.3633611500263214,0.5705342888832092,3.1860983540354937e-07,0.41996094584465027,0.5736250877380371,0.01611376740038395,0.4562157094478607,0.5530630350112915,0.03330083191394806,0.4861818850040436,0.5264388918876648,0.04180995747447014,0.5135672092437744,0.498058944940567,0.05045723170042038,0.41378113627433777,0.4750390946865082,0.08643325418233871,0.449344664812088,0.4568706750869751,0.10166984051465988,0.48059993982315063,0.46069201827049255,0.09830309450626373,0.5014650821685791,0.46618321537971497,0.09475462883710861,0.4094247817993164,0.4457203447818756,0.07699737697839737,0.4501475691795349,0.42447057366371155,0.09475012123584747,0.4809756875038147,0.42793673276901245,0.083941750228405,0.5059202909469604,0.43822798132896423,0.07395055890083313,0.4050034284591675,0.42072704434394836,0.06345920264720917,0.4456571936607361,0.3903472423553467,0.07854994386434555,0.47686928510665894,0.39543503522872925,0.07085748761892319,0.49956610798835754,0.4084528982639313,0.06290602684020996,0.4008151888847351,0.3993655741214752,0.049055203795433044,0.43667709827423096,0.36391595005989075,0.0618930384516716,0.4644225239753723,0.36976301670074463,0.06595943868160248,0.4863101840019226,0.38786181807518005,0.0676097571849823,0.0,0.0,0.0,0.0,0.0,0.0,0.0,0.0,0.0,0.0,0.0,0.0,0.0,0.0,0.0,0.0,0.0,0.0,0.0,0.0,0.0,0.0,0.0,0.0,0.0,0.0,0.0,0.0,0.0,0.0,0.0,0.0,0.0,0.0,0.0,0.0,0.0,0.0,0.0,0.0,0.0,0.0,0.0,0.0,0.0,0.0,0.0,0.0,0.0,0.0,0.0,0.0,0.0,0.0,0.0,0.0,0.0,0.0,0.0,0.0,0.0,0.0,0.0,drink
0.36818626523017883,0.5720725655555725,2.82658135120073e-07,0.4233107268810272,0.5760331153869629,0.015266183763742447,0.45739322900772095,0.5546166300773621,0.02979079633951187,0.48756101727485657,0.5281375646591187,0.035574380308389664,0.5158575773239136,0.5009090900421143,0.041437484323978424,0.4156040847301483,0.4731677174568176,0.08047283440828323,0.4492904841899872,0.456270694732666,0.09351480007171631,0.4798584282398224,0.4619562029838562,0.08951961249113083,0.500131368637085,0.4700811505317688,0.08561696857213974,0.41043591499328613,0.44486576318740845,0.07052784413099289,0.4511261582374573,0.4225778877735138,0.08525175601243973,0.48323675990104675,0.42815738916397095,0.07508454471826553,0.508305549621582,0.4396215081214905,0.06607750058174133,0.40519875288009644,0.4212961196899414,0.056673068553209305,0.44566789269447327,0.38522905111312866,0.0677037388086319,0.4789898991584778,0.3924192190170288,0.060072895139455795,0.5022109150886536,0.4088003933429718,0.05327634513378143,0.40098851919174194,0.40179765224456787,0.04221810773015022,0.4377298057079315,0.3628520965576172,0.05151313915848732,0.4683122932910919,0.3697146773338318,0.0547286681830883,0.4919644594192505,0.38986530900001526,0.05641404911875725,0.0,0.0,0.0,0.0,0.0,0.0,0.0,0.0,0.0,0.0,0.0,0.0,0.0,0.0,0.0,0.0,0.0,0.0,0.0,0.0,0.0,0.0,0.0,0.0,0.0,0.0,0.0,0.0,0.0,0.0,0.0,0.0,0.0,0.0,0.0,0.0,0.0,0.0,0.0,0.0,0.0,0.0,0.0,0.0,0.0,0.0,0.0,0.0,0.0,0.0,0.0,0.0,0.0,0.0,0.0,0.0,0.0,0.0,0.0,0.0,0.0,0.0,0.0,drink
0.3753213882446289,0.5985847115516663,1.9368465586921957e-07,0.4291408658027649,0.594795823097229,0.024276768788695335,0.4598911702632904,0.5664027333259583,0.041378315538167953,0.4885207414627075,0.5386666655540466,0.04797069728374481,0.516225278377533,0.5124333500862122,0.05420080944895744,0.4074850380420685,0.48474398255348206,0.0873163491487503,0.4465121030807495,0.47113555669784546,0.10172022134065628,0.4810901880264282,0.47970685362815857,0.09733697026968002,0.5020806789398193,0.4901513457298279,0.09257234632968903,0.4033309519290924,0.46025434136390686,0.07249049097299576,0.44966188073158264,0.4309377372264862,0.08403192460536957,0.4858599603176117,0.44259530305862427,0.07071779668331146,0.5099266767501831,0.4631308913230896,0.06024180352687836,0.4018157422542572,0.43959641456604004,0.05484909936785698,0.4447045624256134,0.3945504128932953,0.06365353614091873,0.4843471646308899,0.4072466194629669,0.05248773843050003,0.5085428357124329,0.43173545598983765,0.043876003473997116,0.4040735363960266,0.4221971929073334,0.0377119816839695,0.4424973130226135,0.37528398633003235,0.04569509997963905,0.47653815150260925,0.38369107246398926,0.04649925231933594,0.5009942054748535,0.40695688128471375,0.04623612016439438,0.0,0.0,0.0,0.0,0.0,0.0,0.0,0.0,0.0,0.0,0.0,0.0,0.0,0.0,0.0,0.0,0.0,0.0,0.0,0.0,0.0,0.0,0.0,0.0,0.0,0.0,0.0,0.0,0.0,0.0,0.0,0.0,0.0,0.0,0.0,0.0,0.0,0.0,0.0,0.0,0.0,0.0,0.0,0.0,0.0,0.0,0.0,0.0,0.0,0.0,0.0,0.0,0.0,0.0,0.0,0.0,0.0,0.0,0.0,0.0,0.0,0.0,0.0,drink
0.37125688791275024,0.5989493131637573,9.993787131179488e-08,0.4238120913505554,0.5951322913169861,0.021353067830204964,0.4558776021003723,0.5693321824073792,0.03566297888755798,0.48577481508255005,0.5414250493049622,0.0395028330385685,0.514051616191864,0.5128479599952698,0.04273234307765961,0.41031959652900696,0.48481038212776184,0.07990890741348267,0.4512571394443512,0.4667896628379822,0.09157673269510269,0.4834497272968292,0.475638210773468,0.08695881813764572,0.501672089099884,0.487944096326828,0.08284549415111542,0.40589800477027893,0.45947033166885376,0.0657026395201683,0.4527377188205719,0.43014252185821533,0.07562962174415588,0.48675990104675293,0.4425789713859558,0.06264028698205948,0.5070011615753174,0.4653555154800415,0.05284567177295685,0.4037030339241028,0.43946558237075806,0.04874502122402191,0.4469539225101471,0.3952883183956146,0.05482335016131401,0.4838238060474396,0.40937989950180054,0.04381512850522995,0.5038119554519653,0.43682053685188293,0.03650504723191261,0.4043419361114502,0.4227205812931061,0.03229699283838272,0.44265711307525635,0.37338384985923767,0.03858208656311035,0.4751129448413849,0.38145774602890015,0.039933931082487106,0.49681171774864197,0.4060709774494171,0.04087016358971596,0.0,0.0,0.0,0.0,0.0,0.0,0.0,0.0,0.0,0.0,0.0,0.0,0.0,0.0,0.0,0.0,0.0,0.0,0.0,0.0,0.0,0.0,0.0,0.0,0.0,0.0,0.0,0.0,0.0,0.0,0.0,0.0,0.0,0.0,0.0,0.0,0.0,0.0,0.0,0.0,0.0,0.0,0.0,0.0,0.0,0.0,0.0,0.0,0.0,0.0,0.0,0.0,0.0,0.0,0.0,0.0,0.0,0.0,0.0,0.0,0.0,0.0,0.0,drink
0.3778395354747772,0.6611803770065308,1.0891414348179751e-07,0.4325820207595825,0.6425774097442627,0.012752896174788475,0.45968565344810486,0.589832067489624,0.014040911570191383,0.48760145902633667,0.5585829019546509,0.007682759780436754,0.520074188709259,0.5348473191261292,0.0027082322631031275,0.4014928936958313,0.46918073296546936,0.030708182603120804,0.45604389905929565,0.4282357692718506,0.018509523943066597,0.49882301688194275,0.44477951526641846,0.0037088776007294655,0.5235477685928345,0.4726056456565857,-0.004838615655899048,0.39424362778663635,0.4641880691051483,0.014562776312232018,0.45914706587791443,0.4159165024757385,0.0026271624956279993,0.5057928562164307,0.44085150957107544,-0.009039975702762604,0.5304644107818604,0.47438061237335205,-0.015144472010433674,0.39847561717033386,0.47125574946403503,-0.003609777893871069,0.45944085717201233,0.41785937547683716,-0.012972444295883179,0.5060824155807495,0.4410080909729004,-0.017452074214816093,0.5297582745552063,0.4758690595626831,-0.01839134842157364,0.4145042896270752,0.4880354106426239,-0.021988334134221077,0.4638856053352356,0.43603837490081787,-0.026977425441145897,0.5001392960548401,0.44387441873550415,-0.025541452690958977,0.5215281248092651,0.4654599726200104,-0.02327672950923443,0.0,0.0,0.0,0.0,0.0,0.0,0.0,0.0,0.0,0.0,0.0,0.0,0.0,0.0,0.0,0.0,0.0,0.0,0.0,0.0,0.0,0.0,0.0,0.0,0.0,0.0,0.0,0.0,0.0,0.0,0.0,0.0,0.0,0.0,0.0,0.0,0.0,0.0,0.0,0.0,0.0,0.0,0.0,0.0,0.0,0.0,0.0,0.0,0.0,0.0,0.0,0.0,0.0,0.0,0.0,0.0,0.0,0.0,0.0,0.0,0.0,0.0,0.0,drink
0.3689562678337097,0.6871530413627625,5.06998460991781e-08,0.4306411147117615,0.6582126617431641,0.012294488959014416,0.46157926321029663,0.6061842441558838,0.009830031543970108,0.4917774796485901,0.5785767436027527,-0.0006470763473771513,0.5201573371887207,0.5585110783576965,-0.010275620967149734,0.40314483642578125,0.48966142535209656,0.019929656758904457,0.46367043256759644,0.4439678490161896,0.002328386064618826,0.5086221694946289,0.46553316712379456,-0.015522859990596771,0.5307983160018921,0.5004460215568542,-0.02541513368487358,0.3999682068824768,0.49063214659690857,0.0024786125868558884,0.4666738212108612,0.43490514159202576,-0.00960840005427599,0.5133980512619019,0.4585493505001068,-0.02043992653489113,0.5344222187995911,0.49121081829071045,-0.026688240468502045,0.4092334806919098,0.5054014325141907,-0.016402259469032288,0.4683491587638855,0.4398815631866455,-0.02859819494187832,0.5138888955116272,0.46123796701431274,-0.029868286103010178,0.5330973267555237,0.49447721242904663,-0.02832692302763462,0.4286985993385315,0.5331240296363831,-0.035061776638031006,0.4786643385887146,0.4782579839229584,-0.042549025267362595,0.5124921798706055,0.4851933717727661,-0.03826213628053665,0.5297298431396484,0.5059816837310791,-0.03332719951868057,0.0,0.0,0.0,0.0,0.0,0.0,0.0,0.0,0.0,0.0,0.0,0.0,0.0,0.0,0.0,0.0,0.0,0.0,0.0,0.0,0.0,0.0,0.0,0.0,0.0,0.0,0.0,0.0,0.0,0.0,0.0,0.0,0.0,0.0,0.0,0.0,0.0,0.0,0.0,0.0,0.0,0.0,0.0,0.0,0.0,0.0,0.0,0.0,0.0,0.0,0.0,0.0,0.0,0.0,0.0,0.0,0.0,0.0,0.0,0.0,0.0,0.0,0.0,drink
0.3640790283679962,0.7289316654205322,1.6701079630365712e-07,0.39200830459594727,0.6650928854942322,0.017338162288069725,0.4278615117073059,0.6069797277450562,0.013399200513958931,0.4741426110267639,0.5880298018455505,0.001691501005552709,0.5119519829750061,0.582428514957428,-0.009956845082342625,0.4019533395767212,0.5313895344734192,0.004265860188752413,0.4735994040966034,0.47580790519714355,-0.01306686457246542,0.5150554180145264,0.4883796274662018,-0.024917244911193848,0.5362867116928101,0.5141492486000061,-0.030184797942638397,0.4111928939819336,0.5432794690132141,-0.015745582059025764,0.49066734313964844,0.48348134756088257,-0.027272341772913933,0.5312839150428772,0.5048891305923462,-0.0326346717774868,0.5483458638191223,0.5365614295005798,-0.03455420956015587,0.42795389890670776,0.5710993409156799,-0.03517615795135498,0.5007458925247192,0.5155401825904846,-0.04255584254860878,0.5379520058631897,0.5384348034858704,-0.03966156020760536,0.5514203310012817,0.5688855648040771,-0.036309268325567245,0.4507673978805542,0.6098416447639465,-0.05379733443260193,0.5053901076316833,0.5709740519523621,-0.054141223430633545,0.5309199094772339,0.5781030058860779,-0.04581895098090172,0.5421305298805237,0.5938454270362854,-0.03892296925187111,0.0,0.0,0.0,0.0,0.0,0.0,0.0,0.0,0.0,0.0,0.0,0.0,0.0,0.0,0.0,0.0,0.0,0.0,0.0,0.0,0.0,0.0,0.0,0.0,0.0,0.0,0.0,0.0,0.0,0.0,0.0,0.0,0.0,0.0,0.0,0.0,0.0,0.0,0.0,0.0,0.0,0.0,0.0,0.0,0.0,0.0,0.0,0.0,0.0,0.0,0.0,0.0,0.0,0.0,0.0,0.0,0.0,0.0,0.0,0.0,0.0,0.0,0.0,drink
0.3619641959667206,0.7339016199111938,2.476862732692098e-07,0.3850700557231903,0.6637855768203735,0.01971147395670414,0.4194454550743103,0.6028155088424683,0.015025137923657894,0.4677330553531647,0.5847582817077637,0.001813292969018221,0.5092732310295105,0.5797762870788574,-0.011335216462612152,0.40020444989204407,0.5328518152236938,0.0017239602748304605,0.47521349787712097,0.4751264750957489,-0.0175437331199646,0.518949031829834,0.4899548888206482,-0.02814611792564392,0.5386104583740234,0.5212637782096863,-0.031155901029706,0.40956351161003113,0.5453041791915894,-0.019549677148461342,0.49076133966445923,0.4818588197231293,-0.030475342646241188,0.5340445041656494,0.5030970573425293,-0.032429955899715424,0.5491883158683777,0.5343700647354126,-0.03159421682357788,0.42635345458984375,0.5746880769729614,-0.0400756374001503,0.49857571721076965,0.5114983916282654,-0.04743216931819916,0.5399531126022339,0.5331259369850159,-0.0405423603951931,0.5529207587242126,0.5618971586227417,-0.03383695334196091,0.448443740606308,0.6148948073387146,-0.05954614654183388,0.5058313608169556,0.5620514154434204,-0.061730772256851196,0.5363172888755798,0.5673802495002747,-0.05189032480120659,0.5486815571784973,0.5826873183250427,-0.0425376296043396,0.0,0.0,0.0,0.0,0.0,0.0,0.0,0.0,0.0,0.0,0.0,0.0,0.0,0.0,0.0,0.0,0.0,0.0,0.0,0.0,0.0,0.0,0.0,0.0,0.0,0.0,0.0,0.0,0.0,0.0,0.0,0.0,0.0,0.0,0.0,0.0,0.0,0.0,0.0,0.0,0.0,0.0,0.0,0.0,0.0,0.0,0.0,0.0,0.0,0.0,0.0,0.0,0.0,0.0,0.0,0.0,0.0,0.0,0.0,0.0,0.0,0.0,0.0,drink
0.3639657199382782,0.7550012469291687,1.6532274571545713e-07,0.3930625319480896,0.6865023374557495,0.030741991475224495,0.42741647362709045,0.6264669895172119,0.03123246505856514,0.4754828214645386,0.6079542636871338,0.022525548934936523,0.5189682841300964,0.6042486429214478,0.01306571438908577,0.39944589138031006,0.5517256855964661,0.004843960516154766,0.4769957661628723,0.49872899055480957,-0.006313863210380077,0.5190492868423462,0.5126723051071167,-0.011171052232384682,0.5404898524284363,0.5380917191505432,-0.012027394957840443,0.4091549515724182,0.5638878345489502,-0.020055638626217842,0.49742409586906433,0.501250684261322,-0.026590151712298393,0.5371237397193909,0.5265227556228638,-0.025210874155163765,0.5495192408561707,0.559900164604187,-0.02254893258213997,0.4274798333644867,0.5952019691467285,-0.0420549176633358,0.506483793258667,0.5328725576400757,-0.04366081953048706,0.5443759560585022,0.5541256666183472,-0.034520599991083145,0.5547904968261719,0.5814647674560547,-0.027725927531719208,0.45066750049591064,0.6368324160575867,-0.0618167370557785,0.5105392932891846,0.5841879844665527,-0.05751555785536766,0.5387536883354187,0.5878528952598572,-0.04448769986629486,0.5497914552688599,0.6009013056755066,-0.034299757331609726,0.0,0.0,0.0,0.0,0.0,0.0,0.0,0.0,0.0,0.0,0.0,0.0,0.0,0.0,0.0,0.0,0.0,0.0,0.0,0.0,0.0,0.0,0.0,0.0,0.0,0.0,0.0,0.0,0.0,0.0,0.0,0.0,0.0,0.0,0.0,0.0,0.0,0.0,0.0,0.0,0.0,0.0,0.0,0.0,0.0,0.0,0.0,0.0,0.0,0.0,0.0,0.0,0.0,0.0,0.0,0.0,0.0,0.0,0.0,0.0,0.0,0.0,0.0,drink
0.3635941743850708,0.7480980157852173,1.3234178197762958e-07,0.40485289692878723,0.6926428079605103,0.027715453878045082,0.43800514936447144,0.6339420676231384,0.028705375269055367,0.4815484881401062,0.6071686148643494,0.019482698291540146,0.5173583030700684,0.591644287109375,0.010697228834033012,0.40010133385658264,0.5463540554046631,0.01280380878597498,0.47727155685424805,0.4834563136100769,0.0002909479371737689,0.5196390748023987,0.5064590573310852,-0.005740838591009378,0.5347632765769958,0.5396351218223572,-0.006511976011097431,0.40764734148979187,0.5528802871704102,-0.010827812366187572,0.4949646592140198,0.48940610885620117,-0.015287012793123722,0.5361364483833313,0.5232889652252197,-0.013715166598558426,0.5445294380187988,0.5576659440994263,-0.01181374303996563,0.4250018000602722,0.5781381726264954,-0.033095140010118484,0.5022510290145874,0.5155472755432129,-0.03448305279016495,0.5424195528030396,0.5488048195838928,-0.025030488148331642,0.5498500466346741,0.5828498601913452,-0.018436765298247337,0.4480660855770111,0.6143062710762024,-0.05389300733804703,0.5079123973846436,0.5626271367073059,-0.05131015554070473,0.5384268760681152,0.5753947496414185,-0.03935388848185539,0.5466508865356445,0.5974434614181519,-0.030000396072864532,0.0,0.0,0.0,0.0,0.0,0.0,0.0,0.0,0.0,0.0,0.0,0.0,0.0,0.0,0.0,0.0,0.0,0.0,0.0,0.0,0.0,0.0,0.0,0.0,0.0,0.0,0.0,0.0,0.0,0.0,0.0,0.0,0.0,0.0,0.0,0.0,0.0,0.0,0.0,0.0,0.0,0.0,0.0,0.0,0.0,0.0,0.0,0.0,0.0,0.0,0.0,0.0,0.0,0.0,0.0,0.0,0.0,0.0,0.0,0.0,0.0,0.0,0.0,drink
0.3665788173675537,0.7353922128677368,1.410390950695728e-07,0.43471115827560425,0.6893713474273682,0.02295403555035591,0.4678415060043335,0.6357919573783875,0.022629618644714355,0.5009133219718933,0.6086132526397705,0.011769077740609646,0.5339319109916687,0.5827794075012207,0.002018290339037776,0.4036923944950104,0.5310520529747009,0.022136760875582695,0.4758159816265106,0.476517915725708,0.004887126386165619,0.5193415880203247,0.5018196702003479,-0.010008512064814568,0.5368643403053284,0.5375339388847351,-0.017583420500159264,0.4017798900604248,0.5339456796646118,-0.00179334357380867,0.48711639642715454,0.47019994258880615,-0.01322171837091446,0.5308941602706909,0.5050212144851685,-0.02218737080693245,0.5414063930511475,0.5433700084686279,-0.027374742552638054,0.41259765625,0.5527928471565247,-0.02582085318863392,0.49073952436447144,0.4890174865722656,-0.03338630497455597,0.5316470265388489,0.5266934633255005,-0.030553309246897697,0.5387520790100098,0.5651463270187378,-0.02769058384001255,0.43329352140426636,0.5824390053749084,-0.04905027151107788,0.4954413175582886,0.5326959490776062,-0.050003305077552795,0.528028130531311,0.5512533187866211,-0.04073312506079674,0.5360817313194275,0.5795785784721375,-0.03353650122880936,0.0,0.0,0.0,0.0,0.0,0.0,0.0,0.0,0.0,0.0,0.0,0.0,0.0,0.0,0.0,0.0,0.0,0.0,0.0,0.0,0.0,0.0,0.0,0.0,0.0,0.0,0.0,0.0,0.0,0.0,0.0,0.0,0.0,0.0,0.0,0.0,0.0,0.0,0.0,0.0,0.0,0.0,0.0,0.0,0.0,0.0,0.0,0.0,0.0,0.0,0.0,0.0,0.0,0.0,0.0,0.0,0.0,0.0,0.0,0.0,0.0,0.0,0.0,drink
0.37031397223472595,0.7073818445205688,1.0787740478690466e-07,0.43404582142829895,0.6690460443496704,0.02755981683731079,0.46882468461990356,0.616655170917511,0.03520394489169121,0.5004941821098328,0.5837884545326233,0.03144063800573349,0.5286192297935486,0.5505585670471191,0.028080662712454796,0.4054565131664276,0.5069863796234131,0.04908357933163643,0.45981770753860474,0.4535168409347534,0.04034430906176567,0.5041275024414062,0.4744475185871124,0.025987086817622185,0.5282630920410156,0.5075691342353821,0.017882535234093666,0.39617830514907837,0.5010401010513306,0.026162195950746536,0.4612177908420563,0.438127726316452,0.020192138850688934,0.5076361894607544,0.46474191546440125,0.008243171498179436,0.5273032188415527,0.5028337240219116,0.0007601091638207436,0.3977733254432678,0.5059690475463867,0.002129722386598587,0.4595971703529358,0.4397869110107422,-0.001936118584126234,0.5053873658180237,0.46319010853767395,-0.0050681461580097675,0.5245340466499329,0.5006474256515503,-0.0063691213726997375,0.4099956452846527,0.5177094340324402,-0.021038208156824112,0.4609318971633911,0.46086716651916504,-0.02182222716510296,0.49757087230682373,0.4706495404243469,-0.01745123602449894,0.517164409160614,0.49475473165512085,-0.013491618447005749,0.0,0.0,0.0,0.0,0.0,0.0,0.0,0.0,0.0,0.0,0.0,0.0,0.0,0.0,0.0,0.0,0.0,0.0,0.0,0.0,0.0,0.0,0.0,0.0,0.0,0.0,0.0,0.0,0.0,0.0,0.0,0.0,0.0,0.0,0.0,0.0,0.0,0.0,0.0,0.0,0.0,0.0,0.0,0.0,0.0,0.0,0.0,0.0,0.0,0.0,0.0,0.0,0.0,0.0,0.0,0.0,0.0,0.0,0.0,0.0,0.0,0.0,0.0,drink
0.37289121747016907,0.7069458961486816,8.059915757030467e-08,0.4335363209247589,0.6701312065124512,0.022096851840615273,0.4686802625656128,0.6173884868621826,0.025885682553052902,0.4994758069515228,0.5861393213272095,0.01909506507217884,0.5330845713615417,0.5574724078178406,0.012402457185089588,0.40668410062789917,0.5079798102378845,0.042322788387537,0.4602629244327545,0.4605935215950012,0.030880121514201164,0.5054221749305725,0.47598549723625183,0.01430964283645153,0.5333285331726074,0.5061673521995544,0.0045908051542937756,0.3960391879081726,0.5008882284164429,0.02082468755543232,0.4616730809211731,0.44417428970336914,0.010571200400590897,0.5091333389282227,0.46728387475013733,-0.004044228699058294,0.5330578684806824,0.5053531527519226,-0.012579589150846004,0.3963744044303894,0.505420446395874,-0.00196667923592031,0.4600009322166443,0.44238245487213135,-0.010371517390012741,0.5065250992774963,0.46489864587783813,-0.015680333599448204,0.5291169285774231,0.5037358999252319,-0.017141569405794144,0.40741342306137085,0.5175082087516785,-0.024235771968960762,0.46027809381484985,0.4606167674064636,-0.027778513729572296,0.49799299240112305,0.46808362007141113,-0.024845119565725327,0.5195317268371582,0.49255311489105225,-0.021311210468411446,0.0,0.0,0.0,0.0,0.0,0.0,0.0,0.0,0.0,0.0,0.0,0.0,0.0,0.0,0.0,0.0,0.0,0.0,0.0,0.0,0.0,0.0,0.0,0.0,0.0,0.0,0.0,0.0,0.0,0.0,0.0,0.0,0.0,0.0,0.0,0.0,0.0,0.0,0.0,0.0,0.0,0.0,0.0,0.0,0.0,0.0,0.0,0.0,0.0,0.0,0.0,0.0,0.0,0.0,0.0,0.0,0.0,0.0,0.0,0.0,0.0,0.0,0.0,drink
0.38247251510620117,0.6611826419830322,1.4135474657450686e-07,0.4382858872413635,0.6300932765007019,0.021325811743736267,0.4736425280570984,0.5903376936912537,0.02951253578066826,0.5031448602676392,0.5533207654953003,0.026529964059591293,0.5298064947128296,0.5160619020462036,0.023269038647413254,0.4242410957813263,0.5037882924079895,0.06725058704614639,0.463756799697876,0.4677608907222748,0.0678451880812645,0.4984404444694519,0.47280558943748474,0.05675489082932472,0.5207931995391846,0.48858222365379333,0.04936212673783302,0.4145353436470032,0.4874013066291809,0.04901038855314255,0.45700040459632874,0.43507981300354004,0.04930127412080765,0.4956187605857849,0.44281497597694397,0.03467043116688728,0.5204220414161682,0.467464804649353,0.02496493235230446,0.4090551733970642,0.47601455450057983,0.027999697253108025,0.4509546458721161,0.41410067677497864,0.026793811470270157,0.49205222725868225,0.4222077429294586,0.017616545781493187,0.5171498656272888,0.4493711292743683,0.012672333046793938,0.41022399067878723,0.4680126905441284,0.0072499471716582775,0.4486527144908905,0.4092837870121002,0.00902755931019783,0.48345524072647095,0.41145169734954834,0.011099269613623619,0.5076057314872742,0.43276447057724,0.013380007818341255,0.0,0.0,0.0,0.0,0.0,0.0,0.0,0.0,0.0,0.0,0.0,0.0,0.0,0.0,0.0,0.0,0.0,0.0,0.0,0.0,0.0,0.0,0.0,0.0,0.0,0.0,0.0,0.0,0.0,0.0,0.0,0.0,0.0,0.0,0.0,0.0,0.0,0.0,0.0,0.0,0.0,0.0,0.0,0.0,0.0,0.0,0.0,0.0,0.0,0.0,0.0,0.0,0.0,0.0,0.0,0.0,0.0,0.0,0.0,0.0,0.0,0.0,0.0,drink
0.38393738865852356,0.6109200119972229,1.679583903069215e-07,0.4375159740447998,0.5944625735282898,0.023768428713083267,0.4736534357070923,0.5646236538887024,0.03534660115838051,0.504460334777832,0.5325818657875061,0.03502146154642105,0.529386043548584,0.49894264340400696,0.03371956944465637,0.43424028158187866,0.4802759289741516,0.08020899444818497,0.46588408946990967,0.45111769437789917,0.08824282139539719,0.4969416856765747,0.45648160576820374,0.0803060308098793,0.5161133408546448,0.46872678399086,0.07404012978076935,0.4270614683628082,0.4603349566459656,0.06184246018528938,0.461254745721817,0.42028844356536865,0.06861770898103714,0.4973650276660919,0.4283299446105957,0.05303499102592468,0.5207189917564392,0.4521065354347229,0.041692860424518585,0.4202762246131897,0.4434736967086792,0.040648870170116425,0.452841579914093,0.3934061825275421,0.04578103497624397,0.49184322357177734,0.4021415412425995,0.03488462045788765,0.5156055092811584,0.427476704120636,0.027385909110307693,0.4170655310153961,0.4305455982685089,0.019689062610268593,0.4494377076625824,0.37812769412994385,0.02699856087565422,0.4812600910663605,0.38363027572631836,0.02989020198583603,0.5031139254570007,0.4076188802719116,0.03152914345264435,0.0,0.0,0.0,0.0,0.0,0.0,0.0,0.0,0.0,0.0,0.0,0.0,0.0,0.0,0.0,0.0,0.0,0.0,0.0,0.0,0.0,0.0,0.0,0.0,0.0,0.0,0.0,0.0,0.0,0.0,0.0,0.0,0.0,0.0,0.0,0.0,0.0,0.0,0.0,0.0,0.0,0.0,0.0,0.0,0.0,0.0,0.0,0.0,0.0,0.0,0.0,0.0,0.0,0.0,0.0,0.0,0.0,0.0,0.0,0.0,0.0,0.0,0.0,drink
0.3818643093109131,0.5984780788421631,2.0768850106378522e-07,0.43696194887161255,0.586353600025177,0.010966669768095016,0.4726240634918213,0.555728554725647,0.020328164100646973,0.5044664144515991,0.5254205465316772,0.021359359845519066,0.5334330797195435,0.4970676600933075,0.022254856303334236,0.4338688254356384,0.47993144392967224,0.06484440714120865,0.4696688950061798,0.4562120735645294,0.06894563138484955,0.5025866031646729,0.4609732925891876,0.05963315814733505,0.523672342300415,0.4699276089668274,0.05280172452330589,0.42740681767463684,0.4567374289035797,0.053862374275922775,0.46648913621902466,0.42195117473602295,0.05880950763821602,0.5004645586013794,0.427137166261673,0.045322202146053314,0.5235360860824585,0.4423958957195282,0.03538811206817627,0.41987648606300354,0.43870869278907776,0.039140693843364716,0.45516830682754517,0.3895863890647888,0.04237823933362961,0.49012285470962524,0.39433130621910095,0.034031786024570465,0.5133496522903442,0.4116625189781189,0.028364356607198715,0.4126787781715393,0.42556679248809814,0.023565346375107765,0.44476860761642456,0.3735547959804535,0.027735216543078423,0.4737008213996887,0.3755462169647217,0.03040321171283722,0.49447202682495117,0.39354974031448364,0.032515622675418854,0.0,0.0,0.0,0.0,0.0,0.0,0.0,0.0,0.0,0.0,0.0,0.0,0.0,0.0,0.0,0.0,0.0,0.0,0.0,0.0,0.0,0.0,0.0,0.0,0.0,0.0,0.0,0.0,0.0,0.0,0.0,0.0,0.0,0.0,0.0,0.0,0.0,0.0,0.0,0.0,0.0,0.0,0.0,0.0,0.0,0.0,0.0,0.0,0.0,0.0,0.0,0.0,0.0,0.0,0.0,0.0,0.0,0.0,0.0,0.0,0.0,0.0,0.0,drink
0.38588130474090576,0.5951025485992432,2.6051145596284186e-07,0.44085821509361267,0.5858492255210876,0.012869877740740776,0.4753333330154419,0.5554692149162292,0.024378756061196327,0.5051899552345276,0.5259315967559814,0.027344325557351112,0.532509446144104,0.49797192215919495,0.03026902675628662,0.430318146944046,0.478527694940567,0.07131847739219666,0.4655589759349823,0.45564335584640503,0.07891516387462616,0.49912312626838684,0.4597660303115845,0.07140868157148361,0.5202236771583557,0.46726757287979126,0.06531378626823425,0.42411524057388306,0.45545050501823425,0.06022031605243683,0.46235916018486023,0.4225117564201355,0.06823141127824783,0.49754399061203003,0.4267578125,0.05505800619721413,0.522598147392273,0.43995410203933716,0.04465701803565025,0.4178105890750885,0.4366644322872162,0.04537300020456314,0.4545130133628845,0.3909854590892792,0.051353178918361664,0.49090051651000977,0.396524578332901,0.04255974292755127,0.5152474045753479,0.4130680561065674,0.035727642476558685,0.4127928614616394,0.4227975010871887,0.029764654114842415,0.44642239809036255,0.3733200132846832,0.0359337255358696,0.47637513279914856,0.37617969512939453,0.03861347213387489,0.4980894923210144,0.3941876292228699,0.040099646896123886,0.0,0.0,0.0,0.0,0.0,0.0,0.0,0.0,0.0,0.0,0.0,0.0,0.0,0.0,0.0,0.0,0.0,0.0,0.0,0.0,0.0,0.0,0.0,0.0,0.0,0.0,0.0,0.0,0.0,0.0,0.0,0.0,0.0,0.0,0.0,0.0,0.0,0.0,0.0,0.0,0.0,0.0,0.0,0.0,0.0,0.0,0.0,0.0,0.0,0.0,0.0,0.0,0.0,0.0,0.0,0.0,0.0,0.0,0.0,0.0,0.0,0.0,0.0,drink
0.3824802041053772,0.575988233089447,2.569573780419887e-07,0.4369494616985321,0.5704793930053711,0.015082407742738724,0.4736718535423279,0.5442413091659546,0.02768641896545887,0.5043919086456299,0.516310453414917,0.03089343197643757,0.5338646173477173,0.48866233229637146,0.03396712616086006,0.4338151812553406,0.4671441614627838,0.07775803655385971,0.4671236276626587,0.44412723183631897,0.08687803894281387,0.498601496219635,0.4458204209804535,0.07984278351068497,0.5193272233009338,0.4529394209384918,0.07399041205644608,0.4278234541416168,0.4422439932823181,0.06568431109189987,0.4659513831138611,0.41437026858329773,0.07525183260440826,0.4994441568851471,0.4175072908401489,0.061492811888456345,0.5246619582176208,0.43057161569595337,0.0505153052508831,0.42128291726112366,0.42109498381614685,0.049689169973134995,0.4589163362979889,0.3822600841522217,0.056908849626779556,0.49377891421318054,0.38827261328697205,0.047290556132793427,0.5177317261695862,0.40566831827163696,0.039751313626766205,0.41521695256233215,0.40414077043533325,0.03295055031776428,0.45073258876800537,0.3628026247024536,0.04040716215968132,0.48085254430770874,0.36805132031440735,0.04259087145328522,0.503457248210907,0.38692086935043335,0.04356231167912483,0.0,0.0,0.0,0.0,0.0,0.0,0.0,0.0,0.0,0.0,0.0,0.0,0.0,0.0,0.0,0.0,0.0,0.0,0.0,0.0,0.0,0.0,0.0,0.0,0.0,0.0,0.0,0.0,0.0,0.0,0.0,0.0,0.0,0.0,0.0,0.0,0.0,0.0,0.0,0.0,0.0,0.0,0.0,0.0,0.0,0.0,0.0,0.0,0.0,0.0,0.0,0.0,0.0,0.0,0.0,0.0,0.0,0.0,0.0,0.0,0.0,0.0,0.0,drink
0.384986013174057,0.5786819458007812,2.7256757562099665e-07,0.43778085708618164,0.5744417309761047,0.011159135960042477,0.47305160760879517,0.544004499912262,0.02298884280025959,0.5019364356994629,0.5157065987586975,0.027150047942996025,0.5289454460144043,0.4884958267211914,0.0317988395690918,0.43035686016082764,0.4643633961677551,0.06875026971101761,0.46359488368034363,0.4382086992263794,0.07683500647544861,0.49498450756073,0.440339058637619,0.07082299143075943,0.5149927139282227,0.44703105092048645,0.06601937115192413,0.4241374731063843,0.43984171748161316,0.05963482707738876,0.4614369869232178,0.4070517420768738,0.06849753856658936,0.49522653222084045,0.41133713722229004,0.057057786732912064,0.5195316672325134,0.42441534996032715,0.0479281060397625,0.41809767484664917,0.4204884171485901,0.046730831265449524,0.45436882972717285,0.3784993588924408,0.053625643253326416,0.489098459482193,0.3843992352485657,0.045165617018938065,0.5125328302383423,0.40133652091026306,0.038472358137369156,0.41375938057899475,0.40530121326446533,0.03299311548471451,0.4478829503059387,0.3619091510772705,0.039641641080379486,0.47740334272384644,0.36613667011260986,0.04154912382364273,0.4993871748447418,0.3841617703437805,0.04251480847597122,0.0,0.0,0.0,0.0,0.0,0.0,0.0,0.0,0.0,0.0,0.0,0.0,0.0,0.0,0.0,0.0,0.0,0.0,0.0,0.0,0.0,0.0,0.0,0.0,0.0,0.0,0.0,0.0,0.0,0.0,0.0,0.0,0.0,0.0,0.0,0.0,0.0,0.0,0.0,0.0,0.0,0.0,0.0,0.0,0.0,0.0,0.0,0.0,0.0,0.0,0.0,0.0,0.0,0.0,0.0,0.0,0.0,0.0,0.0,0.0,0.0,0.0,0.0,drink
0.3878713846206665,0.5901364684104919,2.5238014700335043e-07,0.4393802881240845,0.5822828412055969,0.00847693532705307,0.4732396900653839,0.5510036945343018,0.017772626131772995,0.5025909543037415,0.5197592973709106,0.019987303763628006,0.529391884803772,0.48834100365638733,0.023033279925584793,0.42751696705818176,0.4738168716430664,0.06145119667053223,0.4642479717731476,0.4517933130264282,0.06671322137117386,0.4981383979320526,0.4573456645011902,0.05951688066124916,0.5203368663787842,0.4654484987258911,0.05408177897334099,0.4213801324367523,0.4499979317188263,0.05278238281607628,0.45931825041770935,0.4139687716960907,0.05859110876917839,0.49558255076408386,0.41564154624938965,0.047526463866233826,0.5228455662727356,0.42629945278167725,0.03893493115901947,0.41532179713249207,0.4309236407279968,0.04017532244324684,0.45150333642959595,0.38226649165153503,0.04255887120962143,0.48939037322998047,0.38609087467193604,0.03335533291101456,0.5164853930473328,0.40301942825317383,0.027215322479605675,0.4113723635673523,0.41507428884506226,0.026793653145432472,0.4455203711986542,0.36741936206817627,0.029580987989902496,0.4772906005382538,0.3694995641708374,0.030334003269672394,0.5017337203025818,0.38677024841308594,0.031122101470828056,0.0,0.0,0.0,0.0,0.0,0.0,0.0,0.0,0.0,0.0,0.0,0.0,0.0,0.0,0.0,0.0,0.0,0.0,0.0,0.0,0.0,0.0,0.0,0.0,0.0,0.0,0.0,0.0,0.0,0.0,0.0,0.0,0.0,0.0,0.0,0.0,0.0,0.0,0.0,0.0,0.0,0.0,0.0,0.0,0.0,0.0,0.0,0.0,0.0,0.0,0.0,0.0,0.0,0.0,0.0,0.0,0.0,0.0,0.0,0.0,0.0,0.0,0.0,drink
0.3895907700061798,0.6350412368774414,1.766742911968322e-07,0.4462001919746399,0.6155927181243896,0.02448856085538864,0.4724911153316498,0.5674852728843689,0.0389825776219368,0.4997895658016205,0.5333053469657898,0.04343920946121216,0.5287092328071594,0.5087727308273315,0.04855131357908249,0.409834086894989,0.48054978251457214,0.07146035879850388,0.45352494716644287,0.4568171799182892,0.0770035907626152,0.49403566122055054,0.4650252163410187,0.06942722201347351,0.5211216807365417,0.4782380163669586,0.06347180157899857,0.4021739363670349,0.4636303186416626,0.054169606417417526,0.45073893666267395,0.4151585102081299,0.059112101793289185,0.49386700987815857,0.4186406135559082,0.04946809634566307,0.525343120098114,0.43450048565864563,0.04234633594751358,0.40138792991638184,0.4550638794898987,0.034134846180677414,0.4486180245876312,0.3988248109817505,0.036375295370817184,0.49393323063850403,0.4056256115436554,0.028350265696644783,0.5248814821243286,0.42696043848991394,0.02312431111931801,0.41099709272384644,0.4527028203010559,0.014542733319103718,0.4526655375957489,0.3978787660598755,0.01728578470647335,0.49028635025024414,0.399848997592926,0.017901016399264336,0.5195630788803101,0.41639044880867004,0.018247179687023163,0.0,0.0,0.0,0.0,0.0,0.0,0.0,0.0,0.0,0.0,0.0,0.0,0.0,0.0,0.0,0.0,0.0,0.0,0.0,0.0,0.0,0.0,0.0,0.0,0.0,0.0,0.0,0.0,0.0,0.0,0.0,0.0,0.0,0.0,0.0,0.0,0.0,0.0,0.0,0.0,0.0,0.0,0.0,0.0,0.0,0.0,0.0,0.0,0.0,0.0,0.0,0.0,0.0,0.0,0.0,0.0,0.0,0.0,0.0,0.0,0.0,0.0,0.0,drink
0.38544079661369324,0.636028528213501,4.965033184589629e-08,0.44174349308013916,0.6140161156654358,0.022839995101094246,0.4704626202583313,0.5702545046806335,0.034583721309900284,0.4980611801147461,0.5394527316093445,0.03579303249716759,0.5263195037841797,0.5145740509033203,0.03676578775048256,0.4132920503616333,0.48369738459587097,0.0648973360657692,0.4614635109901428,0.45873427391052246,0.0671008974313736,0.5014024376869202,0.4660947024822235,0.05723867937922478,0.5272524952888489,0.48194655776023865,0.05043782293796539,0.405753493309021,0.46723517775535583,0.047357410192489624,0.4603251814842224,0.4218703806400299,0.04840931296348572,0.500679612159729,0.43218323588371277,0.03567437827587128,0.5255618691444397,0.45718643069267273,0.027440909296274185,0.4050283432006836,0.457995742559433,0.02759900689125061,0.4571240544319153,0.40039557218551636,0.025946656242012978,0.49818816781044006,0.4125373363494873,0.01693379320204258,0.5220096707344055,0.44194114208221436,0.012715784832835197,0.41204899549484253,0.4529181122779846,0.008473731577396393,0.455390989780426,0.3946550190448761,0.008761519566178322,0.49118587374687195,0.39590153098106384,0.009363152086734772,0.5162751078605652,0.41619908809661865,0.010780571959912777,0.0,0.0,0.0,0.0,0.0,0.0,0.0,0.0,0.0,0.0,0.0,0.0,0.0,0.0,0.0,0.0,0.0,0.0,0.0,0.0,0.0,0.0,0.0,0.0,0.0,0.0,0.0,0.0,0.0,0.0,0.0,0.0,0.0,0.0,0.0,0.0,0.0,0.0,0.0,0.0,0.0,0.0,0.0,0.0,0.0,0.0,0.0,0.0,0.0,0.0,0.0,0.0,0.0,0.0,0.0,0.0,0.0,0.0,0.0,0.0,0.0,0.0,0.0,drink
0.3767472505569458,0.6816766262054443,3.780926149943298e-08,0.43446648120880127,0.6496199369430542,0.010923939757049084,0.4623604118824005,0.595610499382019,0.009047439321875572,0.49166518449783325,0.5634071826934814,-0.0004188611055724323,0.5229177474975586,0.5395975112915039,-0.008631656877696514,0.39338916540145874,0.48948782682418823,0.018403302878141403,0.45471858978271484,0.4351828992366791,0.0011093969224020839,0.4988425672054291,0.4576762318611145,-0.014980371110141277,0.5215940475463867,0.4937984347343445,-0.02316303923726082,0.3893071413040161,0.4882059395313263,0.002258425112813711,0.45950672030448914,0.42718979716300964,-0.0114065520465374,0.5061740279197693,0.4560808837413788,-0.02146730199456215,0.5267390608787537,0.4933541715145111,-0.02625812590122223,0.400117427110672,0.4986373484134674,-0.015434704720973969,0.4621322751045227,0.43060538172721863,-0.02709933929145336,0.5078192353248596,0.4563976228237152,-0.027885841205716133,0.527452290058136,0.4942839443683624,-0.02568432316184044,0.4230198860168457,0.5184096097946167,-0.0332636758685112,0.47041085362434387,0.4571918547153473,-0.039750345051288605,0.5045177340507507,0.46783360838890076,-0.035425931215286255,0.5223785042762756,0.4933089017868042,-0.030341096222400665,0.0,0.0,0.0,0.0,0.0,0.0,0.0,0.0,0.0,0.0,0.0,0.0,0.0,0.0,0.0,0.0,0.0,0.0,0.0,0.0,0.0,0.0,0.0,0.0,0.0,0.0,0.0,0.0,0.0,0.0,0.0,0.0,0.0,0.0,0.0,0.0,0.0,0.0,0.0,0.0,0.0,0.0,0.0,0.0,0.0,0.0,0.0,0.0,0.0,0.0,0.0,0.0,0.0,0.0,0.0,0.0,0.0,0.0,0.0,0.0,0.0,0.0,0.0,drink
0.36165764927864075,0.7171415090560913,4.9701910143085115e-08,0.42278823256492615,0.6765316724777222,0.011939773336052895,0.46003520488739014,0.6224163770675659,0.008981961756944656,0.4947565197944641,0.5928503274917603,-0.0015029453206807375,0.5205332040786743,0.5734872817993164,-0.010854452848434448,0.39392122626304626,0.5274533033370972,0.009856249205768108,0.46029022336006165,0.46840476989746094,-0.007902191951870918,0.5025097131729126,0.4926578998565674,-0.02233925089240074,0.5246390104293823,0.5230279564857483,-0.030202733352780342,0.3922988772392273,0.5314128398895264,-0.007635448593646288,0.46645790338516235,0.4661146104335785,-0.022342445328831673,0.510185182094574,0.49450594186782837,-0.030939629301428795,0.5307512879371643,0.5288394093513489,-0.03505941107869148,0.4045376479625702,0.5497623682022095,-0.025794921442866325,0.4710388481616974,0.4823111295700073,-0.0386374332010746,0.514440655708313,0.5083573460578918,-0.037863753736019135,0.5338813662528992,0.5410946607589722,-0.03495541214942932,0.4273529648780823,0.578707218170166,-0.04370344802737236,0.4808562397956848,0.5273796319961548,-0.04973292723298073,0.5136198401451111,0.5320941805839539,-0.04445885494351387,0.5313186645507812,0.5468471050262451,-0.039443593472242355,0.0,0.0,0.0,0.0,0.0,0.0,0.0,0.0,0.0,0.0,0.0,0.0,0.0,0.0,0.0,0.0,0.0,0.0,0.0,0.0,0.0,0.0,0.0,0.0,0.0,0.0,0.0,0.0,0.0,0.0,0.0,0.0,0.0,0.0,0.0,0.0,0.0,0.0,0.0,0.0,0.0,0.0,0.0,0.0,0.0,0.0,0.0,0.0,0.0,0.0,0.0,0.0,0.0,0.0,0.0,0.0,0.0,0.0,0.0,0.0,0.0,0.0,0.0,drink
0.35896947979927063,0.7348649501800537,1.7469939450620586e-07,0.41716718673706055,0.6934136152267456,0.01939263381063938,0.4544166922569275,0.6385073661804199,0.017910031601786613,0.4931986629962921,0.6070865392684937,0.008011694066226482,0.5262691378593445,0.5917689204216003,-0.0016442352207377553,0.39360159635543823,0.5383182764053345,0.008845645934343338,0.46300581097602844,0.4839053750038147,-0.003809039480984211,0.5054306983947754,0.49892327189445496,-0.013750430196523666,0.5313292145729065,0.5220066905021667,-0.020064352080225945,0.39376145601272583,0.5436583161354065,-0.01271454431116581,0.47562557458877563,0.4812151789665222,-0.023102084174752235,0.5185450911521912,0.5067699551582336,-0.028963424265384674,0.5399545431137085,0.5385890603065491,-0.03218205273151398,0.4076075553894043,0.5669912099838257,-0.03325095400214195,0.4802767336368561,0.5059913992881775,-0.04056470841169357,0.5228477716445923,0.5310465693473816,-0.037660397589206696,0.5429322719573975,0.5603832602500916,-0.035261258482933044,0.4309406578540802,0.6014155149459839,-0.05300051346421242,0.48655927181243896,0.5536290407180786,-0.054310936480760574,0.5185936093330383,0.5576131939888,-0.04696284979581833,0.5373380780220032,0.5696994662284851,-0.04170050844550133,0.0,0.0,0.0,0.0,0.0,0.0,0.0,0.0,0.0,0.0,0.0,0.0,0.0,0.0,0.0,0.0,0.0,0.0,0.0,0.0,0.0,0.0,0.0,0.0,0.0,0.0,0.0,0.0,0.0,0.0,0.0,0.0,0.0,0.0,0.0,0.0,0.0,0.0,0.0,0.0,0.0,0.0,0.0,0.0,0.0,0.0,0.0,0.0,0.0,0.0,0.0,0.0,0.0,0.0,0.0,0.0,0.0,0.0,0.0,0.0,0.0,0.0,0.0,drink
0.35509181022644043,0.7359676957130432,1.9104923865143064e-07,0.4163617193698883,0.6929327249526978,0.025059344246983528,0.4531944990158081,0.6408059597015381,0.025021933019161224,0.49026617407798767,0.611111581325531,0.014757119119167328,0.5196078419685364,0.5945777893066406,0.0040070535615086555,0.3932704031467438,0.5366708040237427,0.009608178399503231,0.46495088934898376,0.47662651538848877,-0.004372709896415472,0.509311854839325,0.49162694811820984,-0.013228685595095158,0.5337479710578918,0.5149890184402466,-0.017571475356817245,0.3928143382072449,0.5432291626930237,-0.015047542750835419,0.4756348431110382,0.4820207357406616,-0.026676302775740623,0.5207924842834473,0.5119800567626953,-0.030474970117211342,0.5397576689720154,0.5458353757858276,-0.031173178926110268,0.40543800592422485,0.5686315298080444,-0.03826684504747391,0.4804370105266571,0.5094428062438965,-0.04813447967171669,0.5245683789253235,0.5410022139549255,-0.04318729043006897,0.5423555970191956,0.5744805335998535,-0.037668436765670776,0.42683982849121094,0.6047735214233398,-0.060004621744155884,0.48454660177230835,0.5545251369476318,-0.06327491253614426,0.5184488892555237,0.5592241287231445,-0.054741255939006805,0.5359497666358948,0.5722032189369202,-0.047275397926568985,0.0,0.0,0.0,0.0,0.0,0.0,0.0,0.0,0.0,0.0,0.0,0.0,0.0,0.0,0.0,0.0,0.0,0.0,0.0,0.0,0.0,0.0,0.0,0.0,0.0,0.0,0.0,0.0,0.0,0.0,0.0,0.0,0.0,0.0,0.0,0.0,0.0,0.0,0.0,0.0,0.0,0.0,0.0,0.0,0.0,0.0,0.0,0.0,0.0,0.0,0.0,0.0,0.0,0.0,0.0,0.0,0.0,0.0,0.0,0.0,0.0,0.0,0.0,drink
0.3586803674697876,0.7447217702865601,1.8332077900140575e-07,0.42698973417282104,0.7006938457489014,0.02071256749331951,0.46084126830101013,0.6460511088371277,0.01917126029729843,0.4974249601364136,0.6146536469459534,0.007801968138664961,0.5301602482795715,0.5939628481864929,-0.003052391577512026,0.3927813172340393,0.5421354174613953,0.009688341058790684,0.4645100235939026,0.483088880777359,-0.007680925074964762,0.5095034241676331,0.5012300610542297,-0.020249608904123306,0.5330952405929565,0.5282813310623169,-0.026864347979426384,0.3887946307659149,0.5457854270935059,-0.01388311106711626,0.475349098443985,0.4795517027378082,-0.028418228030204773,0.5225315093994141,0.5131389498710632,-0.03486540913581848,0.5392885208129883,0.5496903657913208,-0.03665125370025635,0.40038180351257324,0.5686138272285461,-0.03673744946718216,0.47787144780158997,0.5018102526664734,-0.04844731464982033,0.5244306325912476,0.5356952548027039,-0.04351445287466049,0.5390430092811584,0.5722372531890869,-0.03727492317557335,0.4217374920845032,0.6032507419586182,-0.05876561626791954,0.48120200634002686,0.5482007265090942,-0.06487934291362762,0.5174775123596191,0.5578635931015015,-0.0568973571062088,0.5337616205215454,0.5779929161071777,-0.048904258757829666,0.0,0.0,0.0,0.0,0.0,0.0,0.0,0.0,0.0,0.0,0.0,0.0,0.0,0.0,0.0,0.0,0.0,0.0,0.0,0.0,0.0,0.0,0.0,0.0,0.0,0.0,0.0,0.0,0.0,0.0,0.0,0.0,0.0,0.0,0.0,0.0,0.0,0.0,0.0,0.0,0.0,0.0,0.0,0.0,0.0,0.0,0.0,0.0,0.0,0.0,0.0,0.0,0.0,0.0,0.0,0.0,0.0,0.0,0.0,0.0,0.0,0.0,0.0,drink
0.3676840662956238,0.7341432571411133,1.5793841612321557e-07,0.4340774714946747,0.6859859824180603,0.02072383277118206,0.4672659635543823,0.6264023780822754,0.022149665281176567,0.4980175793170929,0.5942723751068115,0.013795629143714905,0.527728796005249,0.5714206695556641,0.0064052133820950985,0.39223048090934753,0.5190154910087585,0.023172911256551743,0.45588138699531555,0.45847630500793457,0.003081362461671233,0.5039964318275452,0.4820435643196106,-0.01606893166899681,0.5303848385810852,0.5174902677536011,-0.026353642344474792,0.3830561935901642,0.521224856376648,6.481287709902972e-05,0.4632887840270996,0.4553684592247009,-0.01737087592482567,0.5133375525474548,0.48969659209251404,-0.031003519892692566,0.5318934321403503,0.530520498752594,-0.03759288042783737,0.3898128867149353,0.5369217395782471,-0.02339884266257286,0.46012064814567566,0.4647292196750641,-0.0364576019346714,0.5081166625022888,0.4960268437862396,-0.03703511506319046,0.525317370891571,0.5357335805892944,-0.03427185118198395,0.40758973360061646,0.5612123012542725,-0.04640147462487221,0.46215975284576416,0.500988245010376,-0.05322704836726189,0.49908170104026794,0.5139345526695251,-0.0472894087433815,0.5166023373603821,0.539933979511261,-0.0405663438141346,0.0,0.0,0.0,0.0,0.0,0.0,0.0,0.0,0.0,0.0,0.0,0.0,0.0,0.0,0.0,0.0,0.0,0.0,0.0,0.0,0.0,0.0,0.0,0.0,0.0,0.0,0.0,0.0,0.0,0.0,0.0,0.0,0.0,0.0,0.0,0.0,0.0,0.0,0.0,0.0,0.0,0.0,0.0,0.0,0.0,0.0,0.0,0.0,0.0,0.0,0.0,0.0,0.0,0.0,0.0,0.0,0.0,0.0,0.0,0.0,0.0,0.0,0.0,drink
0.36708593368530273,0.7038178443908691,4.882103965542228e-08,0.42906275391578674,0.6618159413337708,0.019226258620619774,0.46197202801704407,0.6069220900535583,0.022268904373049736,0.4905630946159363,0.5713951587677002,0.015427114441990852,0.5187652707099915,0.5381286144256592,0.00927656888961792,0.39941346645355225,0.5090702772140503,0.03621533885598183,0.45115944743156433,0.4561229944229126,0.023769890889525414,0.4953504204750061,0.47251102328300476,0.007999582216143608,0.5201144814491272,0.5016789436340332,-0.0008637526188977063,0.3880217969417572,0.5030154585838318,0.01636170968413353,0.4508107006549835,0.43728727102279663,0.00702104065567255,0.4967672824859619,0.45911258459091187,-0.005166794639080763,0.5161545872688293,0.4930996596813202,-0.012332971207797527,0.3885539770126343,0.5064215064048767,-0.004975072108209133,0.4469285309314728,0.43280941247940063,-0.013030439615249634,0.4923701882362366,0.45125243067741394,-0.016537539660930634,0.5126494765281677,0.486062228679657,-0.01691906526684761,0.40018346905708313,0.5161460638046265,-0.025982754305005074,0.4489642083644867,0.45103979110717773,-0.029300834983587265,0.48616090416908264,0.45769286155700684,-0.025078773498535156,0.5063933730125427,0.48199811577796936,-0.020632566884160042,0.0,0.0,0.0,0.0,0.0,0.0,0.0,0.0,0.0,0.0,0.0,0.0,0.0,0.0,0.0,0.0,0.0,0.0,0.0,0.0,0.0,0.0,0.0,0.0,0.0,0.0,0.0,0.0,0.0,0.0,0.0,0.0,0.0,0.0,0.0,0.0,0.0,0.0,0.0,0.0,0.0,0.0,0.0,0.0,0.0,0.0,0.0,0.0,0.0,0.0,0.0,0.0,0.0,0.0,0.0,0.0,0.0,0.0,0.0,0.0,0.0,0.0,0.0,drink
0.36389875411987305,0.6825737953186035,5.6567223793990706e-08,0.4278225898742676,0.6423856616020203,0.027580074965953827,0.4630542993545532,0.5943018198013306,0.03735886514186859,0.49368488788604736,0.5606037378311157,0.035111915320158005,0.5189584493637085,0.5263060331344604,0.032451216131448746,0.4068130850791931,0.5011706948280334,0.06004111468791962,0.4540609121322632,0.4552975296974182,0.05560486391186714,0.49475961923599243,0.466275155544281,0.0426027849316597,0.5183070302009583,0.4905169606208801,0.03464863821864128,0.3950062692165375,0.49000757932662964,0.03765313699841499,0.448563814163208,0.4317179024219513,0.03266321122646332,0.492730975151062,0.44766420125961304,0.017738742753863335,0.5152339935302734,0.48181283473968506,0.008752095513045788,0.3912099599838257,0.48808133602142334,0.013630865141749382,0.44302892684936523,0.42113280296325684,0.00885255727916956,0.4887356162071228,0.435468465089798,0.001277219969779253,0.5121480822563171,0.46850255131721497,-0.001970284152776003,0.39695584774017334,0.49288949370384216,-0.00942726619541645,0.4425913393497467,0.4303642511367798,-0.011019134894013405,0.4798094630241394,0.43427813053131104,-0.008941572159528732,0.5030419826507568,0.4582146406173706,-0.006191433873027563,0.0,0.0,0.0,0.0,0.0,0.0,0.0,0.0,0.0,0.0,0.0,0.0,0.0,0.0,0.0,0.0,0.0,0.0,0.0,0.0,0.0,0.0,0.0,0.0,0.0,0.0,0.0,0.0,0.0,0.0,0.0,0.0,0.0,0.0,0.0,0.0,0.0,0.0,0.0,0.0,0.0,0.0,0.0,0.0,0.0,0.0,0.0,0.0,0.0,0.0,0.0,0.0,0.0,0.0,0.0,0.0,0.0,0.0,0.0,0.0,0.0,0.0,0.0,drink
0.36861658096313477,0.6797606945037842,9.479084894792322e-08,0.43258222937583923,0.6417357921600342,0.021611826494336128,0.4651830792427063,0.5929462313652039,0.030412910506129265,0.4945073425769806,0.5585376620292664,0.02886778861284256,0.5210634469985962,0.5263093113899231,0.027636604383587837,0.40672269463539124,0.5043811798095703,0.056451864540576935,0.451226145029068,0.46476370096206665,0.05260305479168892,0.49206724762916565,0.47296908497810364,0.040130652487277985,0.5173359513282776,0.491454541683197,0.032052766531705856,0.3952709138393402,0.4935103952884674,0.037905022501945496,0.44588741660118103,0.43714746832847595,0.031791336834430695,0.4898175597190857,0.4500482976436615,0.017310289666056633,0.5148590803146362,0.4790075421333313,0.008973164483904839,0.39155110716819763,0.4904371500015259,0.01719714142382145,0.44167011976242065,0.4259164333343506,0.01112994272261858,0.4867364764213562,0.43670418858528137,0.002687969943508506,0.5122824907302856,0.4662628471851349,-0.000721321499440819,0.3973187804222107,0.49226975440979004,-0.003046229016035795,0.44158533215522766,0.4330363869667053,-0.005876966752111912,0.4776952266693115,0.43417829275131226,-0.005444637034088373,0.5018491148948669,0.4544585049152374,-0.0036338921636343002,0.0,0.0,0.0,0.0,0.0,0.0,0.0,0.0,0.0,0.0,0.0,0.0,0.0,0.0,0.0,0.0,0.0,0.0,0.0,0.0,0.0,0.0,0.0,0.0,0.0,0.0,0.0,0.0,0.0,0.0,0.0,0.0,0.0,0.0,0.0,0.0,0.0,0.0,0.0,0.0,0.0,0.0,0.0,0.0,0.0,0.0,0.0,0.0,0.0,0.0,0.0,0.0,0.0,0.0,0.0,0.0,0.0,0.0,0.0,0.0,0.0,0.0,0.0,drink
0.37412023544311523,0.63298499584198,1.436270906651771e-07,0.42718207836151123,0.60662841796875,0.01666281186044216,0.46551764011383057,0.5746881365776062,0.02460969053208828,0.4963036775588989,0.5411776900291443,0.022271104156970978,0.5225170850753784,0.5025366544723511,0.01954946294426918,0.4311562776565552,0.5004498362541199,0.068165123462677,0.4670894145965576,0.47472837567329407,0.07108164578676224,0.49809104204177856,0.47693932056427,0.060699399560689926,0.5191030502319336,0.4825141727924347,0.05262381210923195,0.4239177703857422,0.4789878726005554,0.05247493088245392,0.4624898135662079,0.44062453508377075,0.05368966609239578,0.4965440630912781,0.4446852207183838,0.037877053022384644,0.5202636122703552,0.46202170848846436,0.026469441130757332,0.4155184328556061,0.4609781503677368,0.03348049893975258,0.4539673328399658,0.40940797328948975,0.03244633972644806,0.48986107110977173,0.41479048132896423,0.021449662744998932,0.5137102007865906,0.43774592876434326,0.014695379883050919,0.4091112017631531,0.44613853096961975,0.014255871064960957,0.44622892141342163,0.3964957892894745,0.01548930536955595,0.4788822531700134,0.3980894684791565,0.01585821621119976,0.5035308003425598,0.4173923134803772,0.016553563997149467,0.0,0.0,0.0,0.0,0.0,0.0,0.0,0.0,0.0,0.0,0.0,0.0,0.0,0.0,0.0,0.0,0.0,0.0,0.0,0.0,0.0,0.0,0.0,0.0,0.0,0.0,0.0,0.0,0.0,0.0,0.0,0.0,0.0,0.0,0.0,0.0,0.0,0.0,0.0,0.0,0.0,0.0,0.0,0.0,0.0,0.0,0.0,0.0,0.0,0.0,0.0,0.0,0.0,0.0,0.0,0.0,0.0,0.0,0.0,0.0,0.0,0.0,0.0,drink
0.36800137162208557,0.5961242318153381,1.9354041569386027e-07,0.42143553495407104,0.585908055305481,0.007895014248788357,0.4603825807571411,0.55879807472229,0.015237988904118538,0.49168798327445984,0.5285886526107788,0.015027537010610104,0.5179585814476013,0.4956923723220825,0.015100350603461266,0.42985987663269043,0.488373726606369,0.05760565027594566,0.4629877209663391,0.46950775384902954,0.057916708290576935,0.4939713776111603,0.47282785177230835,0.04757414758205414,0.5144011974334717,0.4795984625816345,0.04046911373734474,0.4241522252559662,0.4636099934577942,0.04699420556426048,0.46292001008987427,0.4351325035095215,0.04778985679149628,0.4955877363681793,0.4401286840438843,0.03390343114733696,0.518990695476532,0.45464566349983215,0.023882713168859482,0.41591835021972656,0.4423583745956421,0.032311588525772095,0.4539928734302521,0.4014313519001007,0.03089364431798458,0.48759686946868896,0.4083283543586731,0.02190067619085312,0.5100038647651672,0.42593643069267273,0.016339855268597603,0.40687480568885803,0.42540204524993896,0.01664816215634346,0.44199448823928833,0.38005557656288147,0.01698445715010166,0.4710147976875305,0.38536080718040466,0.018468102440238,0.4920359253883362,0.40518414974212646,0.020052624866366386,0.0,0.0,0.0,0.0,0.0,0.0,0.0,0.0,0.0,0.0,0.0,0.0,0.0,0.0,0.0,0.0,0.0,0.0,0.0,0.0,0.0,0.0,0.0,0.0,0.0,0.0,0.0,0.0,0.0,0.0,0.0,0.0,0.0,0.0,0.0,0.0,0.0,0.0,0.0,0.0,0.0,0.0,0.0,0.0,0.0,0.0,0.0,0.0,0.0,0.0,0.0,0.0,0.0,0.0,0.0,0.0,0.0,0.0,0.0,0.0,0.0,0.0,0.0,drink
0.36895784735679626,0.5815603137016296,2.509165710762318e-07,0.4277321994304657,0.578271210193634,0.011281508952379227,0.4629083573818207,0.552486777305603,0.022646673023700714,0.4951554536819458,0.5238807201385498,0.02575797215104103,0.5215577483177185,0.49270540475845337,0.028950633481144905,0.42931079864501953,0.4801163673400879,0.07019485533237457,0.46168529987335205,0.4604255259037018,0.07469631731510162,0.4908757209777832,0.4645024538040161,0.06571250408887863,0.5088069438934326,0.47255608439445496,0.059294626116752625,0.4243282079696655,0.454927533864975,0.05962781980633736,0.46207115054130554,0.42770257592201233,0.06416838616132736,0.492861807346344,0.43151959776878357,0.04973668232560158,0.5160500407218933,0.44469842314720154,0.03921082988381386,0.41658592224121094,0.43374451994895935,0.04463134706020355,0.454720139503479,0.3949964642524719,0.04617268219590187,0.4875812530517578,0.40245431661605835,0.03547854349017143,0.5100765824317932,0.4188936650753021,0.0282498300075531,0.4069409668445587,0.4172021448612213,0.028994083404541016,0.4423159956932068,0.37491151690483093,0.030833860859274864,0.47108232975006104,0.38123005628585815,0.030942151322960854,0.4935073256492615,0.4018358588218689,0.031176084652543068,0.0,0.0,0.0,0.0,0.0,0.0,0.0,0.0,0.0,0.0,0.0,0.0,0.0,0.0,0.0,0.0,0.0,0.0,0.0,0.0,0.0,0.0,0.0,0.0,0.0,0.0,0.0,0.0,0.0,0.0,0.0,0.0,0.0,0.0,0.0,0.0,0.0,0.0,0.0,0.0,0.0,0.0,0.0,0.0,0.0,0.0,0.0,0.0,0.0,0.0,0.0,0.0,0.0,0.0,0.0,0.0,0.0,0.0,0.0,0.0,0.0,0.0,0.0,drink
0.3718765079975128,0.5743466019630432,3.462354811745172e-07,0.42572683095932007,0.5753259658813477,0.00944697018712759,0.46243926882743835,0.5491899251937866,0.021418360993266106,0.4940909743309021,0.5202649831771851,0.025975042954087257,0.5210897922515869,0.4870215356349945,0.03102327510714531,0.42382436990737915,0.4731939733028412,0.07258840650320053,0.45740631222724915,0.45552361011505127,0.08035540580749512,0.48959100246429443,0.4594768285751343,0.07350253313779831,0.5103514790534973,0.4670005142688751,0.06832725554704666,0.41897323727607727,0.44627857208251953,0.06446363031864166,0.456916868686676,0.42118698358535767,0.07386612147092819,0.4908074140548706,0.4248782694339752,0.06173338368535042,0.5176779627799988,0.43654951453208923,0.05202349275350571,0.41310474276542664,0.42390692234039307,0.05174649506807327,0.45128050446510315,0.39054781198501587,0.058481357991695404,0.4857094883918762,0.3973062336444855,0.049564428627491,0.5106115937232971,0.4125872552394867,0.04242568835616112,0.40749984979629517,0.4061478078365326,0.037936631590127945,0.4428095817565918,0.3703564703464508,0.043807677924633026,0.4722629189491272,0.37669637799263,0.04506177455186844,0.49522680044174194,0.39591339230537415,0.045634396374225616,0.0,0.0,0.0,0.0,0.0,0.0,0.0,0.0,0.0,0.0,0.0,0.0,0.0,0.0,0.0,0.0,0.0,0.0,0.0,0.0,0.0,0.0,0.0,0.0,0.0,0.0,0.0,0.0,0.0,0.0,0.0,0.0,0.0,0.0,0.0,0.0,0.0,0.0,0.0,0.0,0.0,0.0,0.0,0.0,0.0,0.0,0.0,0.0,0.0,0.0,0.0,0.0,0.0,0.0,0.0,0.0,0.0,0.0,0.0,0.0,0.0,0.0,0.0,drink
0.3719175457954407,0.5741381049156189,2.8479999514274823e-07,0.42638394236564636,0.5724453926086426,0.009374408982694149,0.4630418121814728,0.5470587611198425,0.021297603845596313,0.4933234453201294,0.5174527764320374,0.0260008554905653,0.519933819770813,0.4865522086620331,0.03093472681939602,0.4255250096321106,0.4730217158794403,0.07002375274896622,0.46075841784477234,0.45286789536476135,0.07941590994596481,0.49240392446517944,0.4575022757053375,0.07356327772140503,0.5132237672805786,0.4644661247730255,0.06834650039672852,0.42045751214027405,0.44720932841300964,0.06216394528746605,0.460648775100708,0.42413902282714844,0.07211019098758698,0.49291178584098816,0.42965561151504517,0.05950784310698509,0.5177254676818848,0.44173282384872437,0.04896746575832367,0.41449496150016785,0.4259604215621948,0.0502939410507679,0.45359212160110474,0.3919742703437805,0.05776607617735863,0.4868279993534088,0.39892250299453735,0.04793497920036316,0.5103929042816162,0.4145109951496124,0.039768286049366,0.4088691473007202,0.4083786904811859,0.037458065897226334,0.4437008798122406,0.369340717792511,0.04379307106137276,0.47261419892311096,0.37552040815353394,0.04463685676455498,0.495210200548172,0.39474260807037354,0.04458771273493767,0.0,0.0,0.0,0.0,0.0,0.0,0.0,0.0,0.0,0.0,0.0,0.0,0.0,0.0,0.0,0.0,0.0,0.0,0.0,0.0,0.0,0.0,0.0,0.0,0.0,0.0,0.0,0.0,0.0,0.0,0.0,0.0,0.0,0.0,0.0,0.0,0.0,0.0,0.0,0.0,0.0,0.0,0.0,0.0,0.0,0.0,0.0,0.0,0.0,0.0,0.0,0.0,0.0,0.0,0.0,0.0,0.0,0.0,0.0,0.0,0.0,0.0,0.0,drink
0.3762732744216919,0.5908774137496948,2.7294410642753064e-07,0.43277958035469055,0.5832282304763794,0.009213977493345737,0.4672456681728363,0.5550477504730225,0.020752187818288803,0.49508821964263916,0.5231326818466187,0.025647971779108047,0.5195386409759521,0.4925258755683899,0.031208297237753868,0.4243554472923279,0.4854843318462372,0.06531032174825668,0.4597192108631134,0.4664974510669708,0.072291798889637,0.4915405213832855,0.47271767258644104,0.06558743119239807,0.5134763717651367,0.4807785451412201,0.06004689261317253,0.4191550016403198,0.4596575200557709,0.05738008767366409,0.45978251099586487,0.4341081380844116,0.06505854427814484,0.4929557740688324,0.43682703375816345,0.05332291126251221,0.5198424458503723,0.44615375995635986,0.04356805607676506,0.413283109664917,0.4383203983306885,0.045486871153116226,0.45185646414756775,0.39882320165634155,0.050088975578546524,0.486128032207489,0.404100626707077,0.04062717780470848,0.5117594599723816,0.4171793460845947,0.033269815146923065,0.40715906023979187,0.42073553800582886,0.03286806866526604,0.4426356554031372,0.37814992666244507,0.03694615885615349,0.4718310832977295,0.38258081674575806,0.037780869752168655,0.4953021705150604,0.39989468455314636,0.03804408013820648,0.0,0.0,0.0,0.0,0.0,0.0,0.0,0.0,0.0,0.0,0.0,0.0,0.0,0.0,0.0,0.0,0.0,0.0,0.0,0.0,0.0,0.0,0.0,0.0,0.0,0.0,0.0,0.0,0.0,0.0,0.0,0.0,0.0,0.0,0.0,0.0,0.0,0.0,0.0,0.0,0.0,0.0,0.0,0.0,0.0,0.0,0.0,0.0,0.0,0.0,0.0,0.0,0.0,0.0,0.0,0.0,0.0,0.0,0.0,0.0,0.0,0.0,0.0,drink
0.38291123509407043,0.6033931970596313,2.3795382730895653e-07,0.4361899197101593,0.5934085845947266,0.014530190266668797,0.46877843141555786,0.5637783408164978,0.02723323181271553,0.4954107105731964,0.5327304005622864,0.03158184885978699,0.5218755006790161,0.5014705657958984,0.03640790656208992,0.41991183161735535,0.49023154377937317,0.0751098096370697,0.45564866065979004,0.4731326997280121,0.08495136350393295,0.4882994592189789,0.47971320152282715,0.07875687628984451,0.5097486972808838,0.48924189805984497,0.07336265593767166,0.4139668047428131,0.46656498312950134,0.06428181380033493,0.453978031873703,0.4402284324169159,0.07381405681371689,0.4883488416671753,0.4469241201877594,0.06123858317732811,0.5149187445640564,0.46076515316963196,0.05101949721574783,0.40959975123405457,0.44659319519996643,0.049774300307035446,0.4482864439487457,0.40545207262039185,0.056276511400938034,0.48575127124786377,0.411274254322052,0.04622386023402214,0.5127158761024475,0.4282838702201843,0.03838922083377838,0.4084276556968689,0.42942920327186584,0.03485078737139702,0.4436502456665039,0.3859010338783264,0.040639154613018036,0.47564202547073364,0.38998833298683167,0.04175549000501633,0.5012310743331909,0.40797460079193115,0.04212000221014023,0.0,0.0,0.0,0.0,0.0,0.0,0.0,0.0,0.0,0.0,0.0,0.0,0.0,0.0,0.0,0.0,0.0,0.0,0.0,0.0,0.0,0.0,0.0,0.0,0.0,0.0,0.0,0.0,0.0,0.0,0.0,0.0,0.0,0.0,0.0,0.0,0.0,0.0,0.0,0.0,0.0,0.0,0.0,0.0,0.0,0.0,0.0,0.0,0.0,0.0,0.0,0.0,0.0,0.0,0.0,0.0,0.0,0.0,0.0,0.0,0.0,0.0,0.0,drink
0.38708364963531494,0.654471755027771,2.316811844593758e-07,0.4384109079837799,0.6397334933280945,0.012003688141703606,0.46636494994163513,0.5938096046447754,0.017040390521287918,0.4962168037891388,0.5642616748809814,0.013924804516136646,0.5236542224884033,0.5334752202033997,0.012607013806700706,0.40556100010871887,0.4884939193725586,0.0507306344807148,0.45162782073020935,0.45595988631248474,0.04610452428460121,0.49540311098098755,0.4657469391822815,0.03359333425760269,0.5236251354217529,0.48473861813545227,0.025630146265029907,0.39954808354377747,0.47568249702453613,0.03659125789999962,0.4496292471885681,0.4229596257209778,0.030428804457187653,0.49736320972442627,0.43206506967544556,0.01790338009595871,0.5296748876571655,0.45521071553230286,0.010862676426768303,0.402426540851593,0.4715760350227356,0.01906733773648739,0.45267587900161743,0.41367900371551514,0.01190083846449852,0.502010703086853,0.4254930913448334,0.0025576548650860786,0.5334482192993164,0.455797016620636,-0.0012901087757200003,0.4177912175655365,0.47517630457878113,0.0010032517602667212,0.4654175043106079,0.4259601831436157,-0.00393278244882822,0.5055592060089111,0.4313030242919922,-0.006093095056712627,0.5343426465988159,0.45256540179252625,-0.006144872400909662,0.0,0.0,0.0,0.0,0.0,0.0,0.0,0.0,0.0,0.0,0.0,0.0,0.0,0.0,0.0,0.0,0.0,0.0,0.0,0.0,0.0,0.0,0.0,0.0,0.0,0.0,0.0,0.0,0.0,0.0,0.0,0.0,0.0,0.0,0.0,0.0,0.0,0.0,0.0,0.0,0.0,0.0,0.0,0.0,0.0,0.0,0.0,0.0,0.0,0.0,0.0,0.0,0.0,0.0,0.0,0.0,0.0,0.0,0.0,0.0,0.0,0.0,0.0,drink
0.37452569603919983,0.6616814136505127,1.270500860073298e-07,0.43719109892845154,0.6382519006729126,0.016058815643191338,0.46652111411094666,0.5908559560775757,0.020924773067235947,0.49469858407974243,0.5624021291732788,0.016388388350605965,0.5202710628509521,0.5333631038665771,0.012450839392840862,0.40336447954177856,0.4846269488334656,0.04727422073483467,0.4541810154914856,0.44653213024139404,0.041691217571496964,0.49758830666542053,0.45233964920043945,0.028890108689665794,0.5249465107917786,0.47160160541534424,0.021000664681196213,0.3960537314414978,0.4755537211894989,0.030648501589894295,0.4536993205547333,0.4264998137950897,0.025023214519023895,0.4994346499443054,0.4404217004776001,0.012511979788541794,0.5266117453575134,0.46979647874832153,0.005215972196310759,0.3997948169708252,0.47523149847984314,0.011729945428669453,0.4563181698322296,0.4188138246536255,0.005437182262539864,0.5016823410987854,0.4334857165813446,-0.0009708552970550954,0.5278474688529968,0.4658527970314026,-0.0027725165709853172,0.41555702686309814,0.48082828521728516,-0.007251434028148651,0.4623720645904541,0.42585185170173645,-0.010031978599727154,0.4998628497123718,0.42729437351226807,-0.00888901948928833,0.5261232256889343,0.44750648736953735,-0.006510111503303051,0.0,0.0,0.0,0.0,0.0,0.0,0.0,0.0,0.0,0.0,0.0,0.0,0.0,0.0,0.0,0.0,0.0,0.0,0.0,0.0,0.0,0.0,0.0,0.0,0.0,0.0,0.0,0.0,0.0,0.0,0.0,0.0,0.0,0.0,0.0,0.0,0.0,0.0,0.0,0.0,0.0,0.0,0.0,0.0,0.0,0.0,0.0,0.0,0.0,0.0,0.0,0.0,0.0,0.0,0.0,0.0,0.0,0.0,0.0,0.0,0.0,0.0,0.0,drink
0.3695332705974579,0.7069253325462341,1.3163641199298581e-07,0.4270339906215668,0.6930393576622009,0.00688092689961195,0.4603094756603241,0.6412071585655212,0.003879627212882042,0.4901226758956909,0.6153190732002258,-0.005048071034252644,0.5219139456748962,0.6003493666648865,-0.013300955295562744,0.4118221700191498,0.5167726874351501,0.013787951320409775,0.46556732058525085,0.4699520468711853,0.00056817865697667,0.5086916089057922,0.47459372878074646,-0.01373364869505167,0.5381863713264465,0.49333029985427856,-0.023202408105134964,0.40732771158218384,0.5164830684661865,-0.0004485922399908304,0.4665974974632263,0.45827269554138184,-0.013109574094414711,0.5137578845024109,0.46627336740493774,-0.024597292765975,0.5461432337760925,0.48842155933380127,-0.03171304985880852,0.41370487213134766,0.5283370018005371,-0.015941666439175606,0.4697254002094269,0.4629283547401428,-0.026470588520169258,0.5156731605529785,0.4672413766384125,-0.031249182298779488,0.5458574891090393,0.484668105840683,-0.03360005095601082,0.4306517243385315,0.5520551800727844,-0.03174036368727684,0.47574582695961,0.4980855882167816,-0.03674272447824478,0.5080423355102539,0.48922693729400635,-0.0355139784514904,0.531116247177124,0.4928620457649231,-0.03430116921663284,0.0,0.0,0.0,0.0,0.0,0.0,0.0,0.0,0.0,0.0,0.0,0.0,0.0,0.0,0.0,0.0,0.0,0.0,0.0,0.0,0.0,0.0,0.0,0.0,0.0,0.0,0.0,0.0,0.0,0.0,0.0,0.0,0.0,0.0,0.0,0.0,0.0,0.0,0.0,0.0,0.0,0.0,0.0,0.0,0.0,0.0,0.0,0.0,0.0,0.0,0.0,0.0,0.0,0.0,0.0,0.0,0.0,0.0,0.0,0.0,0.0,0.0,0.0,drink
0.36308610439300537,0.7404717206954956,1.8110667099335842e-07,0.4143203794956207,0.7092968225479126,0.01867728680372238,0.45225247740745544,0.6625127792358398,0.0175090953707695,0.4897509515285492,0.6415325999259949,0.007741493638604879,0.5199217796325684,0.6329790353775024,-0.002057197503745556,0.4056321978569031,0.5537724494934082,0.011304072104394436,0.46771296858787537,0.48747897148132324,-0.0033883529249578714,0.5124862790107727,0.4971890151500702,-0.01471159141510725,0.5405288934707642,0.5218451023101807,-0.020323019474744797,0.40889257192611694,0.559537947177887,-0.009702254086732864,0.4786107838153839,0.4825049936771393,-0.02119133621454239,0.5249390602111816,0.49529343843460083,-0.027997955679893494,0.550296425819397,0.5220962166786194,-0.03090560808777809,0.4232792854309082,0.5795414447784424,-0.030364517122507095,0.48680591583251953,0.5010632276535034,-0.03884205222129822,0.531816840171814,0.5129466652870178,-0.03791998326778412,0.5552477836608887,0.5379235744476318,-0.035852279514074326,0.44650235772132874,0.6115450263023376,-0.05030708760023117,0.4975127577781677,0.5502921342849731,-0.05395924299955368,0.5318179130554199,0.5471071004867554,-0.04874248430132866,0.5529720783233643,0.5585826635360718,-0.043896324932575226,0.0,0.0,0.0,0.0,0.0,0.0,0.0,0.0,0.0,0.0,0.0,0.0,0.0,0.0,0.0,0.0,0.0,0.0,0.0,0.0,0.0,0.0,0.0,0.0,0.0,0.0,0.0,0.0,0.0,0.0,0.0,0.0,0.0,0.0,0.0,0.0,0.0,0.0,0.0,0.0,0.0,0.0,0.0,0.0,0.0,0.0,0.0,0.0,0.0,0.0,0.0,0.0,0.0,0.0,0.0,0.0,0.0,0.0,0.0,0.0,0.0,0.0,0.0,drink
0.36012929677963257,0.7546128034591675,3.015206573309115e-07,0.4165991544723511,0.7185990810394287,0.019225595518946648,0.4579358994960785,0.6700834035873413,0.01761227659881115,0.4973525404930115,0.6466285586357117,0.008001262322068214,0.5246827602386475,0.6373530626296997,-0.0013743056915700436,0.40147876739501953,0.5624856352806091,0.00917697325348854,0.4689587652683258,0.4980250895023346,-0.008698686957359314,0.5187509059906006,0.5025752186775208,-0.02366325818002224,0.5536634922027588,0.5252153277397156,-0.03210582956671715,0.4047089219093323,0.5680180788040161,-0.012816926464438438,0.4873127341270447,0.4888658821582794,-0.031986672431230545,0.5355330109596252,0.5096215009689331,-0.045075979083776474,0.5607876181602478,0.5470206141471863,-0.050281018018722534,0.41891801357269287,0.5896528363227844,-0.033478111028671265,0.4874618351459503,0.5172182321548462,-0.045533470809459686,0.5339974164962769,0.534325897693634,-0.0457594059407711,0.5590846538543701,0.5641183853149414,-0.043300237506628036,0.44289907813072205,0.6247880458831787,-0.05329594388604164,0.49657678604125977,0.5684374570846558,-0.05601108819246292,0.5313631892204285,0.5671776533126831,-0.049104806035757065,0.5538099408149719,0.578203022480011,-0.04284736514091492,0.0,0.0,0.0,0.0,0.0,0.0,0.0,0.0,0.0,0.0,0.0,0.0,0.0,0.0,0.0,0.0,0.0,0.0,0.0,0.0,0.0,0.0,0.0,0.0,0.0,0.0,0.0,0.0,0.0,0.0,0.0,0.0,0.0,0.0,0.0,0.0,0.0,0.0,0.0,0.0,0.0,0.0,0.0,0.0,0.0,0.0,0.0,0.0,0.0,0.0,0.0,0.0,0.0,0.0,0.0,0.0,0.0,0.0,0.0,0.0,0.0,0.0,0.0,drink
0.35665297508239746,0.7596971392631531,2.8767499316018075e-07,0.41381222009658813,0.720342755317688,0.023394165560603142,0.45649611949920654,0.669935941696167,0.022941501811146736,0.49538519978523254,0.6458489894866943,0.014126409776508808,0.5212776064872742,0.6387831568717957,0.005578427109867334,0.40134862065315247,0.5621733665466309,0.012052358128130436,0.4682547152042389,0.4948295056819916,-0.004804427269846201,0.5174421072006226,0.4951392412185669,-0.020269006490707397,0.5522485971450806,0.5171407461166382,-0.029210371896624565,0.4038677215576172,0.5703900456428528,-0.011399799026548862,0.4904269874095917,0.49445784091949463,-0.029410894960165024,0.5370981693267822,0.5141289234161377,-0.04281161352992058,0.5604214668273926,0.5516727566719055,-0.04870421811938286,0.4172365963459015,0.5928806662559509,-0.032995257526636124,0.48934197425842285,0.5202796459197998,-0.041956815868616104,0.5354312062263489,0.535689115524292,-0.040878280997276306,0.5612866878509521,0.5646739602088928,-0.038435835391283035,0.4412413239479065,0.6278939247131348,-0.053513053804636,0.4964480698108673,0.5706265568733215,-0.05251074954867363,0.5308464765548706,0.5681572556495667,-0.043487798422575,0.5535356998443604,0.5769264698028564,-0.036327071487903595,0.0,0.0,0.0,0.0,0.0,0.0,0.0,0.0,0.0,0.0,0.0,0.0,0.0,0.0,0.0,0.0,0.0,0.0,0.0,0.0,0.0,0.0,0.0,0.0,0.0,0.0,0.0,0.0,0.0,0.0,0.0,0.0,0.0,0.0,0.0,0.0,0.0,0.0,0.0,0.0,0.0,0.0,0.0,0.0,0.0,0.0,0.0,0.0,0.0,0.0,0.0,0.0,0.0,0.0,0.0,0.0,0.0,0.0,0.0,0.0,0.0,0.0,0.0,drink
0.355771541595459,0.7551103234291077,2.493089255040104e-07,0.41585204005241394,0.7199020385742188,0.023767568171024323,0.4566393792629242,0.6693717241287231,0.02336527220904827,0.49409401416778564,0.6473045945167542,0.014196960255503654,0.5216624736785889,0.6375612020492554,0.00507632689550519,0.40634459257125854,0.5566446185112,0.008996509946882725,0.47324827313423157,0.4895056486129761,-0.006510867737233639,0.5201446413993835,0.49929654598236084,-0.018024500459432602,0.5489389300346375,0.5274277925491333,-0.023680204525589943,0.40697988867759705,0.5660142302513123,-0.014414120465517044,0.48742765188217163,0.4886760711669922,-0.027735156938433647,0.5349350571632385,0.5042428970336914,-0.035162005573511124,0.5593298673629761,0.5343637466430664,-0.03808323293924332,0.4186682403087616,0.59073805809021,-0.03638991340994835,0.49100354313850403,0.5184836387634277,-0.044395383447408676,0.5377305746078491,0.5319288969039917,-0.041790928691625595,0.5624672174453735,0.5583519339561462,-0.038943588733673096,0.4406273663043976,0.6283124089241028,-0.05706919729709625,0.49566373229026794,0.5745638012886047,-0.05821515992283821,0.5302121043205261,0.569423496723175,-0.05074309557676315,0.5519488453865051,0.5766751170158386,-0.044672396034002304,0.0,0.0,0.0,0.0,0.0,0.0,0.0,0.0,0.0,0.0,0.0,0.0,0.0,0.0,0.0,0.0,0.0,0.0,0.0,0.0,0.0,0.0,0.0,0.0,0.0,0.0,0.0,0.0,0.0,0.0,0.0,0.0,0.0,0.0,0.0,0.0,0.0,0.0,0.0,0.0,0.0,0.0,0.0,0.0,0.0,0.0,0.0,0.0,0.0,0.0,0.0,0.0,0.0,0.0,0.0,0.0,0.0,0.0,0.0,0.0,0.0,0.0,0.0,drink
0.3854130208492279,0.7030335068702698,4.4035712676304684e-07,0.4306446313858032,0.6992045640945435,0.0013826927170157433,0.4649026393890381,0.6569639444351196,-0.004289000760763884,0.4986051023006439,0.6312231421470642,-0.015193500556051731,0.5314804911613464,0.6089264154434204,-0.025152847170829773,0.4081028699874878,0.5365782976150513,0.010593635961413383,0.4564666152000427,0.4797421097755432,-0.004210195038467646,0.5028755068778992,0.47478869557380676,-0.017964936792850494,0.5363239645957947,0.48654431104660034,-0.025760643184185028,0.40207797288894653,0.5339123606681824,-0.0007854414288885891,0.4531557261943817,0.4724270701408386,-0.015018603764474392,0.5036337971687317,0.473056823015213,-0.025708716362714767,0.5405786037445068,0.4899085760116577,-0.03135548532009125,0.4089728891849518,0.5429832339286804,-0.014054188504815102,0.4625198543071747,0.4770897328853607,-0.02469773404300213,0.5112778544425964,0.47538065910339355,-0.028463268652558327,0.5449146032333374,0.491322785615921,-0.02938762679696083,0.42847272753715515,0.5634570121765137,-0.028404979035258293,0.4739606976509094,0.5071997046470642,-0.03431214019656181,0.5090139508247375,0.4987765848636627,-0.032679520547389984,0.5337294936180115,0.5052708983421326,-0.030061695724725723,0.35724905133247375,0.7378393411636353,2.5362791689076403e-07,0.4271635115146637,0.707003116607666,0.021238187327980995,0.46450358629226685,0.6538448929786682,0.023755399510264397,0.49693942070007324,0.6284297108650208,0.016818564385175705,0.5293036103248596,0.6130157113075256,0.010572933591902256,0.4064143896102905,0.5330477356910706,0.029898015782237053,0.4569273591041565,0.4699920415878296,0.01775444857776165,0.5020348429679871,0.47185590863227844,0.004642421379685402,0.5312832593917847,0.49045735597610474,-0.0029613005463033915,0.40086400508880615,0.5345912575721741,0.008086170069873333,0.4642648696899414,0.46236979961395264,-0.0025517817120999098,0.512069582939148,0.4687129259109497,-0.011577649973332882,0.5396286845207214,0.49058860540390015,-0.016337793320417404,0.4080697298049927,0.5476629734039307,-0.014559502713382244,0.4688412547111511,0.470956027507782,-0.021761737763881683,0.5162835121154785,0.47678467631340027,-0.022119246423244476,0.5437308549880981,0.4989802837371826,-0.021213756874203682,0.42720237374305725,0.5706574320793152,-0.03698140010237694,0.476570188999176,0.5104930400848389,-0.039789170026779175,0.512130081653595,0.5033303499221802,-0.03513222187757492,0.5353297591209412,0.5112093091011047,-0.030671318992972374,drink
0.36858421564102173,0.7017443776130676,2.3971577434167557e-07,0.42837971448898315,0.6778541207313538,0.02863628789782524,0.4668952226638794,0.6349375247955322,0.038984496146440506,0.5009427070617676,0.6082586050033569,0.03804567828774452,0.5340675115585327,0.5860071778297424,0.03698224201798439,0.41923919320106506,0.5155370831489563,0.06116205081343651,0.45812246203422546,0.4623397886753082,0.06390082091093063,0.4967341423034668,0.45720601081848145,0.05631222948431969,0.5243434309959412,0.4649364650249481,0.05009549856185913,0.409589946269989,0.5066189169883728,0.03846081718802452,0.45500385761260986,0.43592625856399536,0.040423452854156494,0.49889832735061646,0.4361538887023926,0.030573450028896332,0.5288993716239929,0.4550939202308655,0.022717105224728584,0.4063195288181305,0.5052700042724609,0.014340727590024471,0.4539991021156311,0.43322116136550903,0.015215183608233929,0.4997994303703308,0.4379960298538208,0.008956107310950756,0.5287017226219177,0.4605480134487152,0.0035933053586632013,0.41329941153526306,0.5093647241592407,-0.00896245427429676,0.4562150239944458,0.4520884156227112,-0.006706152111291885,0.49116051197052,0.45055004954338074,-0.0046142153441905975,0.515968382358551,0.46372532844543457,-0.0039037594106048346,0.0,0.0,0.0,0.0,0.0,0.0,0.0,0.0,0.0,0.0,0.0,0.0,0.0,0.0,0.0,0.0,0.0,0.0,0.0,0.0,0.0,0.0,0.0,0.0,0.0,0.0,0.0,0.0,0.0,0.0,0.0,0.0,0.0,0.0,0.0,0.0,0.0,0.0,0.0,0.0,0.0,0.0,0.0,0.0,0.0,0.0,0.0,0.0,0.0,0.0,0.0,0.0,0.0,0.0,0.0,0.0,0.0,0.0,0.0,0.0,0.0,0.0,0.0,drink
0.36845847964286804,0.6784339547157288,2.614080472085334e-07,0.4244769513607025,0.6562207341194153,0.023476911708712578,0.4640885889530182,0.6179445385932922,0.031189078465104103,0.5005879998207092,0.5939509272575378,0.027950415387749672,0.5372164249420166,0.5706794857978821,0.02432306855916977,0.4183475971221924,0.5072733759880066,0.06355462223291397,0.45943596959114075,0.4628542363643646,0.06569916009902954,0.49834054708480835,0.4561236500740051,0.05626969039440155,0.52671217918396,0.46053528785705566,0.04870883375406265,0.4100717008113861,0.4951034486293793,0.04266281798481941,0.45529794692993164,0.4330426752567291,0.0439961701631546,0.49901100993156433,0.4309546947479248,0.03197871521115303,0.530754029750824,0.447124183177948,0.022653847932815552,0.40682253241539,0.489108145236969,0.019509458914399147,0.45300522446632385,0.4216196537017822,0.019927548244595528,0.49902528524398804,0.42276889085769653,0.013012848794460297,0.530167281627655,0.4416066110134125,0.007622759323567152,0.41203659772872925,0.4880329370498657,-0.0034974173177033663,0.45275306701660156,0.4281783699989319,-0.0011716783046722412,0.4889877140522003,0.42330223321914673,0.0012968361843377352,0.5161325335502625,0.4341670572757721,0.0024720190558582544,0.0,0.0,0.0,0.0,0.0,0.0,0.0,0.0,0.0,0.0,0.0,0.0,0.0,0.0,0.0,0.0,0.0,0.0,0.0,0.0,0.0,0.0,0.0,0.0,0.0,0.0,0.0,0.0,0.0,0.0,0.0,0.0,0.0,0.0,0.0,0.0,0.0,0.0,0.0,0.0,0.0,0.0,0.0,0.0,0.0,0.0,0.0,0.0,0.0,0.0,0.0,0.0,0.0,0.0,0.0,0.0,0.0,0.0,0.0,0.0,0.0,0.0,0.0,drink
0.37088775634765625,0.6734732389450073,2.4653857622070063e-07,0.42814168334007263,0.654099702835083,0.021208783611655235,0.46686115860939026,0.6190298795700073,0.027843888849020004,0.500922441482544,0.5923357009887695,0.02428029663860798,0.5362621545791626,0.566622257232666,0.020472994074225426,0.4227336049079895,0.5093733072280884,0.05942724272608757,0.4629075527191162,0.4656222462654114,0.060201749205589294,0.5005398988723755,0.45673710107803345,0.050355445593595505,0.5283638834953308,0.4578424096107483,0.042683519423007965,0.413825660943985,0.49572306871414185,0.03971536457538605,0.4565475583076477,0.4363471269607544,0.040472403168678284,0.49884480237960815,0.43053263425827026,0.029222965240478516,0.5305307507514954,0.4432053565979004,0.020353268831968307,0.4090299606323242,0.48904550075531006,0.01755828782916069,0.45183292031288147,0.42322099208831787,0.017592858523130417,0.49572038650512695,0.41954803466796875,0.011513419449329376,0.5272193551063538,0.4350217580795288,0.00664348853752017,0.4118773937225342,0.48713260889053345,-0.0046973079442977905,0.4497390389442444,0.4289136826992035,-0.0034634838812053204,0.4854968190193176,0.4201999306678772,-0.0015955922426655889,0.5142611265182495,0.4280622899532318,-0.0006472209934145212,0.0,0.0,0.0,0.0,0.0,0.0,0.0,0.0,0.0,0.0,0.0,0.0,0.0,0.0,0.0,0.0,0.0,0.0,0.0,0.0,0.0,0.0,0.0,0.0,0.0,0.0,0.0,0.0,0.0,0.0,0.0,0.0,0.0,0.0,0.0,0.0,0.0,0.0,0.0,0.0,0.0,0.0,0.0,0.0,0.0,0.0,0.0,0.0,0.0,0.0,0.0,0.0,0.0,0.0,0.0,0.0,0.0,0.0,0.0,0.0,0.0,0.0,0.0,drink
0.37027063965797424,0.6329995393753052,2.27798011565028e-07,0.4259641170501709,0.6215477585792542,0.02095451019704342,0.46529218554496765,0.5916153788566589,0.03050321713089943,0.5003612041473389,0.5669098496437073,0.029368700459599495,0.5315325260162354,0.5416962504386902,0.02762877196073532,0.43829867243766785,0.4905133843421936,0.06888905167579651,0.4682934284210205,0.45063984394073486,0.0727219507098198,0.49961531162261963,0.4504736661911011,0.06324116885662079,0.5220199227333069,0.46039193868637085,0.05587896332144737,0.4319753050804138,0.4731968939304352,0.05033174902200699,0.464329332113266,0.41709163784980774,0.054979708045721054,0.5003859400749207,0.41537341475486755,0.04175357148051262,0.5257023572921753,0.4334520697593689,0.031187478452920914,0.4234001040458679,0.45973172783851624,0.028699642047286034,0.4538617432117462,0.39731961488723755,0.03165551647543907,0.49279361963272095,0.39952707290649414,0.023342721164226532,0.5190775394439697,0.4203537106513977,0.016871005296707153,0.416779100894928,0.45071303844451904,0.006877190433442593,0.4457858204841614,0.39409339427948,0.010195662267506123,0.4777940809726715,0.3927435278892517,0.01174609549343586,0.5033450126647949,0.4092279076576233,0.012404150329530239,0.0,0.0,0.0,0.0,0.0,0.0,0.0,0.0,0.0,0.0,0.0,0.0,0.0,0.0,0.0,0.0,0.0,0.0,0.0,0.0,0.0,0.0,0.0,0.0,0.0,0.0,0.0,0.0,0.0,0.0,0.0,0.0,0.0,0.0,0.0,0.0,0.0,0.0,0.0,0.0,0.0,0.0,0.0,0.0,0.0,0.0,0.0,0.0,0.0,0.0,0.0,0.0,0.0,0.0,0.0,0.0,0.0,0.0,0.0,0.0,0.0,0.0,0.0,drink
0.3728671073913574,0.5991577506065369,3.1480985285270435e-07,0.4250553846359253,0.5938280820846558,0.011922338977456093,0.4661668837070465,0.5684263706207275,0.01957765780389309,0.5019921660423279,0.5426769852638245,0.019090795889496803,0.5326659679412842,0.5129309892654419,0.018900597468018532,0.43523162603378296,0.47386202216148376,0.0637887641787529,0.46444225311279297,0.44662487506866455,0.06675249338150024,0.4964951276779175,0.44903379678726196,0.0574747659265995,0.5191318988800049,0.4579614996910095,0.05108922719955444,0.42958375811576843,0.45249441266059875,0.05155245214700699,0.46362414956092834,0.4078781306743622,0.056766118854284286,0.4984414279460907,0.40986448526382446,0.04481545463204384,0.5247126817703247,0.42638200521469116,0.03572993725538254,0.42177921533584595,0.4337368905544281,0.03547724708914757,0.4532245695590973,0.3828102946281433,0.039583247154951096,0.4886452257633209,0.3871501088142395,0.03318450599908829,0.5140976309776306,0.40595632791519165,0.028363458812236786,0.4144795536994934,0.4197506606578827,0.018352141603827477,0.4417181611061096,0.37023597955703735,0.02373584732413292,0.47140711545944214,0.3696557581424713,0.027148108929395676,0.49569055438041687,0.38492801785469055,0.029487689957022667,0.0,0.0,0.0,0.0,0.0,0.0,0.0,0.0,0.0,0.0,0.0,0.0,0.0,0.0,0.0,0.0,0.0,0.0,0.0,0.0,0.0,0.0,0.0,0.0,0.0,0.0,0.0,0.0,0.0,0.0,0.0,0.0,0.0,0.0,0.0,0.0,0.0,0.0,0.0,0.0,0.0,0.0,0.0,0.0,0.0,0.0,0.0,0.0,0.0,0.0,0.0,0.0,0.0,0.0,0.0,0.0,0.0,0.0,0.0,0.0,0.0,0.0,0.0,drink
0.3747078478336334,0.588179886341095,2.981153670589265e-07,0.4290609061717987,0.5855250358581543,0.011242945678532124,0.46946099400520325,0.5586745738983154,0.020070062950253487,0.5031580924987793,0.5346668362617493,0.020533619448542595,0.5348520278930664,0.5092939138412476,0.021568365395069122,0.4338398575782776,0.46617910265922546,0.06667666137218475,0.4621947407722473,0.438571959733963,0.07135682553052902,0.4934191107749939,0.4413861334323883,0.06379090994596481,0.5141744613647461,0.4494030177593231,0.05860207602381706,0.4280363917350769,0.4447863698005676,0.05474749580025673,0.458893358707428,0.4056125283241272,0.06240631267428398,0.4939142167568207,0.4050722122192383,0.05253585800528526,0.5209635496139526,0.4168238341808319,0.044924311339855194,0.4206748902797699,0.4259698688983917,0.03851678594946861,0.4519038796424866,0.3797096610069275,0.043893665075302124,0.4877430498600006,0.38184139132499695,0.03915485367178917,0.514089822769165,0.39658886194229126,0.03566550463438034,0.41431713104248047,0.41188108921051025,0.020977698266506195,0.44347816705703735,0.36432966589927673,0.026413770392537117,0.47420066595077515,0.36565977334976196,0.0306449793279171,0.49943915009498596,0.38276922702789307,0.03402259200811386,0.0,0.0,0.0,0.0,0.0,0.0,0.0,0.0,0.0,0.0,0.0,0.0,0.0,0.0,0.0,0.0,0.0,0.0,0.0,0.0,0.0,0.0,0.0,0.0,0.0,0.0,0.0,0.0,0.0,0.0,0.0,0.0,0.0,0.0,0.0,0.0,0.0,0.0,0.0,0.0,0.0,0.0,0.0,0.0,0.0,0.0,0.0,0.0,0.0,0.0,0.0,0.0,0.0,0.0,0.0,0.0,0.0,0.0,0.0,0.0,0.0,0.0,0.0,drink
0.3739083409309387,0.5786435604095459,2.5396911951247603e-07,0.4265875220298767,0.578693151473999,0.008371122181415558,0.4668390452861786,0.5535290837287903,0.016462983563542366,0.4991721510887146,0.5273169875144958,0.017023293301463127,0.5308080911636353,0.500291645526886,0.018088428303599358,0.43507611751556396,0.46419021487236023,0.06198228895664215,0.46497470140457153,0.43950730562210083,0.06592187285423279,0.4938892424106598,0.4442451000213623,0.05811434984207153,0.5125861763954163,0.45379966497421265,0.05277281999588013,0.42926979064941406,0.44001317024230957,0.05173931270837784,0.462665319442749,0.4037023186683655,0.058642007410526276,0.49413982033729553,0.40463337302207947,0.04817897081375122,0.5179877281188965,0.41714218258857727,0.04000672698020935,0.42068544030189514,0.41975662112236023,0.03723381459712982,0.4541385769844055,0.3769146800041199,0.04220537096261978,0.48700082302093506,0.3806231617927551,0.03635816276073456,0.510525643825531,0.39561727643013,0.03178425505757332,0.41185715794563293,0.4051433801651001,0.021329637616872787,0.4411391615867615,0.35847756266593933,0.02608441933989525,0.47105807065963745,0.35949501395225525,0.029110031202435493,0.49616748094558716,0.37611088156700134,0.03132305294275284,0.0,0.0,0.0,0.0,0.0,0.0,0.0,0.0,0.0,0.0,0.0,0.0,0.0,0.0,0.0,0.0,0.0,0.0,0.0,0.0,0.0,0.0,0.0,0.0,0.0,0.0,0.0,0.0,0.0,0.0,0.0,0.0,0.0,0.0,0.0,0.0,0.0,0.0,0.0,0.0,0.0,0.0,0.0,0.0,0.0,0.0,0.0,0.0,0.0,0.0,0.0,0.0,0.0,0.0,0.0,0.0,0.0,0.0,0.0,0.0,0.0,0.0,0.0,drink
0.374728262424469,0.5767468214035034,2.63619796214698e-07,0.4301680326461792,0.578409731388092,0.010729252360761166,0.46797075867652893,0.5518136620521545,0.021525844931602478,0.49914851784706116,0.5255246162414551,0.02435050532221794,0.5290976762771606,0.4997803270816803,0.02747642621397972,0.43330252170562744,0.4675098955631256,0.06792578101158142,0.4638373851776123,0.4453441798686981,0.07393737882375717,0.4927949607372284,0.45057106018066406,0.06682512164115906,0.5119049549102783,0.45866236090660095,0.06170370429754257,0.4271182715892792,0.44171497225761414,0.05756085366010666,0.46149545907974243,0.4084799289703369,0.06634163111448288,0.4937911331653595,0.4096502363681793,0.056043803691864014,0.5192279815673828,0.42051073908805847,0.047884054481983185,0.4191732704639435,0.42038771510124207,0.042916346341371536,0.45331141352653503,0.3784806728363037,0.049353957176208496,0.4865914285182953,0.38186123967170715,0.04333198443055153,0.5111956000328064,0.3950316607952118,0.03848959505558014,0.41132354736328125,0.4045342206954956,0.02710890769958496,0.44171401858329773,0.3592018783092499,0.03291626647114754,0.47103458642959595,0.3608167767524719,0.03621886670589447,0.4957616329193115,0.37680214643478394,0.03850710764527321,0.0,0.0,0.0,0.0,0.0,0.0,0.0,0.0,0.0,0.0,0.0,0.0,0.0,0.0,0.0,0.0,0.0,0.0,0.0,0.0,0.0,0.0,0.0,0.0,0.0,0.0,0.0,0.0,0.0,0.0,0.0,0.0,0.0,0.0,0.0,0.0,0.0,0.0,0.0,0.0,0.0,0.0,0.0,0.0,0.0,0.0,0.0,0.0,0.0,0.0,0.0,0.0,0.0,0.0,0.0,0.0,0.0,0.0,0.0,0.0,0.0,0.0,0.0,drink
0.3731805086135864,0.5853371620178223,2.4729999381634116e-07,0.431381493806839,0.5833840370178223,0.012264885008335114,0.4676241874694824,0.5574232339859009,0.023254742845892906,0.4996102750301361,0.52949059009552,0.026478338986635208,0.5286948680877686,0.504327654838562,0.030276933684945107,0.4275694489479065,0.4710025191307068,0.06831756979227066,0.45927685499191284,0.4503774344921112,0.07611128687858582,0.4883888363838196,0.46018776297569275,0.0699073076248169,0.5064942836761475,0.4723513722419739,0.06506658345460892,0.4217236340045929,0.44621533155441284,0.057962965220212936,0.4567631781101227,0.40938419103622437,0.0670759305357933,0.4893459379673004,0.41284051537513733,0.056249212473630905,0.5134282112121582,0.42732805013656616,0.04745881259441376,0.41473037004470825,0.4262458086013794,0.04384313523769379,0.44773027300834656,0.37924930453300476,0.051055729389190674,0.4822799861431122,0.38404861092567444,0.04327051714062691,0.5071152448654175,0.3997002840042114,0.03674176335334778,0.407942533493042,0.4117511808872223,0.02896719239652157,0.4392127990722656,0.363318532705307,0.03516089543700218,0.46983078122138977,0.3654053211212158,0.03710312768816948,0.4950496554374695,0.38238662481307983,0.037988949567079544,0.0,0.0,0.0,0.0,0.0,0.0,0.0,0.0,0.0,0.0,0.0,0.0,0.0,0.0,0.0,0.0,0.0,0.0,0.0,0.0,0.0,0.0,0.0,0.0,0.0,0.0,0.0,0.0,0.0,0.0,0.0,0.0,0.0,0.0,0.0,0.0,0.0,0.0,0.0,0.0,0.0,0.0,0.0,0.0,0.0,0.0,0.0,0.0,0.0,0.0,0.0,0.0,0.0,0.0,0.0,0.0,0.0,0.0,0.0,0.0,0.0,0.0,0.0,drink
0.38252633810043335,0.6121482253074646,2.444733695483592e-07,0.43331941962242126,0.6026589870452881,0.012936903163790703,0.4669196605682373,0.5698186159133911,0.02159694768488407,0.4976871609687805,0.5410274863243103,0.021863464266061783,0.5262677073478699,0.5119141340255737,0.022601284086704254,0.4221564531326294,0.4826090335845947,0.06429481506347656,0.4561910629272461,0.45791327953338623,0.06796253472566605,0.490978479385376,0.4651540219783783,0.059214841574430466,0.5126937627792358,0.4766778349876404,0.05294039472937584,0.4161970615386963,0.4616820514202118,0.051701322197914124,0.45336678624153137,0.417321115732193,0.05545192211866379,0.4907522201538086,0.4221891760826111,0.042950499802827835,0.5163105726242065,0.4389076828956604,0.03396453708410263,0.41011446714401245,0.4440799653530121,0.03548141568899155,0.4437108337879181,0.3875396251678467,0.0376485213637352,0.4838298559188843,0.3921912610530853,0.02853555604815483,0.5112525820732117,0.4112526476383209,0.02237599529325962,0.4068530201911926,0.43155431747436523,0.018713895231485367,0.4385014474391937,0.37784624099731445,0.02151927538216114,0.4727819263935089,0.37845277786254883,0.022227317094802856,0.5000752210617065,0.39659231901168823,0.022834930568933487,0.0,0.0,0.0,0.0,0.0,0.0,0.0,0.0,0.0,0.0,0.0,0.0,0.0,0.0,0.0,0.0,0.0,0.0,0.0,0.0,0.0,0.0,0.0,0.0,0.0,0.0,0.0,0.0,0.0,0.0,0.0,0.0,0.0,0.0,0.0,0.0,0.0,0.0,0.0,0.0,0.0,0.0,0.0,0.0,0.0,0.0,0.0,0.0,0.0,0.0,0.0,0.0,0.0,0.0,0.0,0.0,0.0,0.0,0.0,0.0,0.0,0.0,0.0,drink
0.38065606355667114,0.635471522808075,2.1411489115052973e-07,0.43251270055770874,0.6213134527206421,0.019949160516262054,0.465168297290802,0.5857529640197754,0.02902953512966633,0.4983125329017639,0.5579432845115662,0.027765223756432533,0.5294995903968811,0.5285849571228027,0.026530614122748375,0.4115355908870697,0.4901396334171295,0.06852342933416367,0.45176586508750916,0.46193140745162964,0.07484207302331924,0.4897177219390869,0.46849846839904785,0.06768451631069183,0.5154451131820679,0.48001423478126526,0.06185450032353401,0.4052625596523285,0.47180214524269104,0.0515352338552475,0.44585344195365906,0.4211532473564148,0.057940106838941574,0.4871901571750641,0.42209601402282715,0.04760054871439934,0.5184257626533508,0.43746018409729004,0.039211805909872055,0.4022822082042694,0.45952922105789185,0.03147966414690018,0.44032028317451477,0.3979305028915405,0.03602070361375809,0.4849860966205597,0.4009496867656708,0.02744748629629612,0.5172263383865356,0.4215084910392761,0.020728349685668945,0.4067332446575165,0.45223382115364075,0.011236554011702538,0.4407219886779785,0.393058180809021,0.015519777312874794,0.47831493616104126,0.39212489128112793,0.01626605913043022,0.5090442299842834,0.41062870621681213,0.016146479174494743,0.0,0.0,0.0,0.0,0.0,0.0,0.0,0.0,0.0,0.0,0.0,0.0,0.0,0.0,0.0,0.0,0.0,0.0,0.0,0.0,0.0,0.0,0.0,0.0,0.0,0.0,0.0,0.0,0.0,0.0,0.0,0.0,0.0,0.0,0.0,0.0,0.0,0.0,0.0,0.0,0.0,0.0,0.0,0.0,0.0,0.0,0.0,0.0,0.0,0.0,0.0,0.0,0.0,0.0,0.0,0.0,0.0,0.0,0.0,0.0,0.0,0.0,0.0,drink
0.36868003010749817,0.682895302772522,9.633831865585307e-08,0.4257311224937439,0.6685587763786316,0.018786674365401268,0.45820486545562744,0.6203485727310181,0.02025069110095501,0.4900267422199249,0.5938712358474731,0.01267608068883419,0.523882269859314,0.5748406648635864,0.005242525599896908,0.4102940857410431,0.49391794204711914,0.029408028349280357,0.45193296670913696,0.4329574406147003,0.02008163183927536,0.49421679973602295,0.43408143520355225,0.0098893903195858,0.5228942632675171,0.4556773006916046,0.004562206566333771,0.4037463963031769,0.4909244775772095,0.010109840892255306,0.4556621313095093,0.4229103624820709,0.00275977561250329,0.502236545085907,0.4342295527458191,-0.0033196534495800734,0.5295340418815613,0.46339619159698486,-0.0055410596542060375,0.40900617837905884,0.49944111704826355,-0.010145401582121849,0.4590536057949066,0.4308176636695862,-0.014230304397642612,0.5038596987724304,0.4381170868873596,-0.011839240789413452,0.528652548789978,0.46425676345825195,-0.008767183870077133,0.4261135458946228,0.5200905799865723,-0.030354093760252,0.46491432189941406,0.45676591992378235,-0.031760700047016144,0.49867677688598633,0.45121926069259644,-0.02643553353846073,0.5210084319114685,0.4642585217952728,-0.021097984164953232,0.0,0.0,0.0,0.0,0.0,0.0,0.0,0.0,0.0,0.0,0.0,0.0,0.0,0.0,0.0,0.0,0.0,0.0,0.0,0.0,0.0,0.0,0.0,0.0,0.0,0.0,0.0,0.0,0.0,0.0,0.0,0.0,0.0,0.0,0.0,0.0,0.0,0.0,0.0,0.0,0.0,0.0,0.0,0.0,0.0,0.0,0.0,0.0,0.0,0.0,0.0,0.0,0.0,0.0,0.0,0.0,0.0,0.0,0.0,0.0,0.0,0.0,0.0,drink
0.3638651669025421,0.6882169246673584,5.3559542578796027e-08,0.422503262758255,0.6680997610092163,0.024708222597837448,0.4585798978805542,0.6154577732086182,0.028963038697838783,0.49090275168418884,0.5905167460441589,0.022928502410650253,0.5263144373893738,0.5740296840667725,0.017043830826878548,0.4120323359966278,0.4923969507217407,0.03435003012418747,0.45844951272010803,0.4285953938961029,0.022773919627070427,0.5016810297966003,0.43979814648628235,0.009897607378661633,0.5264717936515808,0.47137656807899475,0.0034419004805386066,0.4038432836532593,0.4893413484096527,0.011280248872935772,0.46067455410957336,0.41840997338294983,0.0023476099595427513,0.50867760181427,0.4379395842552185,-0.005926941055804491,0.531347393989563,0.4747426509857178,-0.009666739031672478,0.407041996717453,0.4989069998264313,-0.012533978559076786,0.4608577787876129,0.42494824528694153,-0.017629209905862808,0.507602870464325,0.43806034326553345,-0.017302196472883224,0.5295065641403198,0.4693794846534729,-0.015974750742316246,0.4218648374080658,0.5182942152023315,-0.03575589880347252,0.4660272002220154,0.45494547486305237,-0.03904569149017334,0.5016767978668213,0.4530296325683594,-0.035197705030441284,0.5217972993850708,0.4686073362827301,-0.031095249578356743,0.0,0.0,0.0,0.0,0.0,0.0,0.0,0.0,0.0,0.0,0.0,0.0,0.0,0.0,0.0,0.0,0.0,0.0,0.0,0.0,0.0,0.0,0.0,0.0,0.0,0.0,0.0,0.0,0.0,0.0,0.0,0.0,0.0,0.0,0.0,0.0,0.0,0.0,0.0,0.0,0.0,0.0,0.0,0.0,0.0,0.0,0.0,0.0,0.0,0.0,0.0,0.0,0.0,0.0,0.0,0.0,0.0,0.0,0.0,0.0,0.0,0.0,0.0,drink
0.3563680350780487,0.7279618382453918,9.334809192296234e-08,0.4157599210739136,0.6960383653640747,0.02064686454832554,0.45515677332878113,0.6503770351409912,0.01846214011311531,0.4906267821788788,0.631316065788269,0.0067687020637094975,0.5229416489601135,0.6219136714935303,-0.005997400730848312,0.41402187943458557,0.541879415512085,0.011000948958098888,0.4660588204860687,0.47212904691696167,-0.006539694033563137,0.5092033743858337,0.4831116497516632,-0.021163037046790123,0.5378575921058655,0.5071651339530945,-0.030141135677695274,0.4118797779083252,0.5469680428504944,-0.013461161404848099,0.47220849990844727,0.46615171432495117,-0.03002779744565487,0.5201890468597412,0.4757683575153351,-0.04204706475138664,0.5481339693069458,0.5038902759552002,-0.048621486872434616,0.419360876083374,0.5678856372833252,-0.0374876968562603,0.47284018993377686,0.48183271288871765,-0.04957794025540352,0.5190933346748352,0.48895445466041565,-0.0509825274348259,0.5463429689407349,0.5109030604362488,-0.05061878263950348,0.43711531162261963,0.600980818271637,-0.06061006709933281,0.4793408215045929,0.5388941764831543,-0.06761392951011658,0.5105203986167908,0.5180174708366394,-0.0655326396226883,0.5332099199295044,0.510980486869812,-0.0633961409330368,0.0,0.0,0.0,0.0,0.0,0.0,0.0,0.0,0.0,0.0,0.0,0.0,0.0,0.0,0.0,0.0,0.0,0.0,0.0,0.0,0.0,0.0,0.0,0.0,0.0,0.0,0.0,0.0,0.0,0.0,0.0,0.0,0.0,0.0,0.0,0.0,0.0,0.0,0.0,0.0,0.0,0.0,0.0,0.0,0.0,0.0,0.0,0.0,0.0,0.0,0.0,0.0,0.0,0.0,0.0,0.0,0.0,0.0,0.0,0.0,0.0,0.0,0.0,drink
0.3798447847366333,0.6948263645172119,4.001184663593449e-07,0.4018913507461548,0.6684148907661438,0.004416696261614561,0.44022783637046814,0.6364846229553223,-0.003920263610780239,0.48363959789276123,0.6294829845428467,-0.015997590497136116,0.519152045249939,0.6238139867782593,-0.028182057663798332,0.41395556926727295,0.5543351769447327,-0.017670640721917152,0.46874338388442993,0.48995283246040344,-0.039521437138319016,0.511271059513092,0.4872305393218994,-0.0520281046628952,0.5433204174041748,0.49943244457244873,-0.057755861431360245,0.4185316264629364,0.5648036003112793,-0.03174489364027977,0.47857949137687683,0.4917008876800537,-0.05426958203315735,0.5256233811378479,0.4901813864707947,-0.06492025405168533,0.5569238066673279,0.5060990452766418,-0.06874503195285797,0.4307709038257599,0.5903299450874329,-0.045118801295757294,0.48500409722328186,0.519324004650116,-0.06254275143146515,0.5293600559234619,0.5155764818191528,-0.06537030637264252,0.5587132573127747,0.5268604755401611,-0.06393949687480927,0.44961756467819214,0.6264387369155884,-0.05807105451822281,0.4915485978126526,0.5704830288887024,-0.06771247833967209,0.5214443206787109,0.5527031421661377,-0.06534802913665771,0.5439750552177429,0.5473787784576416,-0.06137387454509735,0.35038578510284424,0.7429302930831909,2.661996632014052e-07,0.4032208323478699,0.7019746899604797,0.021417485550045967,0.4491744935512543,0.6599318981170654,0.016993053257465363,0.4920465350151062,0.6478678584098816,0.003239317098632455,0.5231631994247437,0.6367878913879395,-0.011353502050042152,0.4149070978164673,0.5602032542228699,0.0043020290322601795,0.4757416844367981,0.48779329657554626,-0.014807098545134068,0.5229259729385376,0.4964906573295593,-0.027660777792334557,0.5540205836296082,0.5224972367286682,-0.03383514657616615,0.41486167907714844,0.568260669708252,-0.020699476823210716,0.4821310043334961,0.4811670780181885,-0.03714779019355774,0.5348981618881226,0.4888117015361786,-0.045314665883779526,0.5665483474731445,0.515170693397522,-0.04858311265707016,0.4239412844181061,0.5918877124786377,-0.044709376990795135,0.4865524172782898,0.5051047205924988,-0.055402908474206924,0.535795271396637,0.512394905090332,-0.05243971571326256,0.5642142295837402,0.5364137291908264,-0.048799414187669754,0.44415998458862305,0.6292157173156738,-0.06787698715925217,0.49282217025756836,0.5624653100967407,-0.07186644524335861,0.5280605554580688,0.5524288415908813,-0.06445039063692093,0.5511131882667542,0.5592500567436218,-0.05780326575040817,drink
0.3508812487125397,0.7600007057189941,3.043905110189371e-07,0.4114939570426941,0.7270086407661438,0.01994437724351883,0.45910370349884033,0.6836536526679993,0.017128661274909973,0.4989367425441742,0.6640267968177795,0.0067519620060920715,0.5267577767372131,0.6536663770675659,-0.003715338185429573,0.41314026713371277,0.5687327980995178,0.0038029474671930075,0.4769132137298584,0.5026955008506775,-0.016347749158740044,0.5272584557533264,0.5074111819267273,-0.034207068383693695,0.5640655755996704,0.525978684425354,-0.045528192073106766,0.4139723479747772,0.5793473124504089,-0.020307423546910286,0.4936671257019043,0.4950699806213379,-0.039770934730768204,0.5448327660560608,0.5019426345825195,-0.05432809889316559,0.574379563331604,0.5247424840927124,-0.06274056434631348,0.422212690114975,0.604720950126648,-0.04305994138121605,0.49123162031173706,0.5256142616271973,-0.05438349395990372,0.5407597422599792,0.5255154371261597,-0.055439542979002,0.5726740956306458,0.5431164503097534,-0.055797722190618515,0.4434334635734558,0.6471996307373047,-0.06519538909196854,0.4960317313671112,0.5865287184715271,-0.06831560283899307,0.5324438810348511,0.5719099044799805,-0.06280551105737686,0.5600348114967346,0.5711457133293152,-0.05906436964869499,0.0,0.0,0.0,0.0,0.0,0.0,0.0,0.0,0.0,0.0,0.0,0.0,0.0,0.0,0.0,0.0,0.0,0.0,0.0,0.0,0.0,0.0,0.0,0.0,0.0,0.0,0.0,0.0,0.0,0.0,0.0,0.0,0.0,0.0,0.0,0.0,0.0,0.0,0.0,0.0,0.0,0.0,0.0,0.0,0.0,0.0,0.0,0.0,0.0,0.0,0.0,0.0,0.0,0.0,0.0,0.0,0.0,0.0,0.0,0.0,0.0,0.0,0.0,drink
0.38044723868370056,0.7140555381774902,5.213983627072594e-07,0.40493616461753845,0.6812212467193604,0.008180927485227585,0.44352999329566956,0.6493448615074158,-0.0019703793805092573,0.4881528615951538,0.6454871892929077,-0.016440758481621742,0.5274089574813843,0.6452494263648987,-0.030579600483179092,0.41699787974357605,0.5659289360046387,-0.019251378253102303,0.4803156852722168,0.4988250136375427,-0.04112755507230759,0.5264827013015747,0.4943047761917114,-0.05194109305739403,0.5591462254524231,0.5030768513679504,-0.056495267897844315,0.4201695919036865,0.57498699426651,-0.03665938600897789,0.4887697398662567,0.49530029296875,-0.06323637068271637,0.5401833653450012,0.5022035241127014,-0.07261157035827637,0.5696045756340027,0.5251919627189636,-0.07376673072576523,0.4295975863933563,0.6015245318412781,-0.05266591161489487,0.4904559552669525,0.5286189317703247,-0.07094312459230423,0.539321780204773,0.5294711589813232,-0.069295234978199,0.5701056718826294,0.5436089634895325,-0.0638851448893547,0.44732972979545593,0.6462921500205994,-0.06812553852796555,0.49905630946159363,0.5877652168273926,-0.07564793527126312,0.5349416136741638,0.5720091462135315,-0.06961926817893982,0.5599362850189209,0.5667794942855835,-0.06294811517000198,0.3476516902446747,0.7651190161705017,3.264057397700526e-07,0.41155877709388733,0.7300773859024048,0.02072431519627571,0.4596248269081116,0.6838921308517456,0.017503647133708,0.49794435501098633,0.6631290912628174,0.006329799070954323,0.5225322842597961,0.6581441760063171,-0.005062563810497522,0.41367268562316895,0.5709898471832275,0.0018359931418672204,0.47983410954475403,0.4976816177368164,-0.02100985310971737,0.5303316712379456,0.5037010312080383,-0.04041570425033569,0.5658685564994812,0.5237476825714111,-0.05240556225180626,0.4120011627674103,0.5823851823806763,-0.02336425520479679,0.4950737953186035,0.4891994297504425,-0.0461479127407074,0.5468828678131104,0.4990306496620178,-0.06268777698278427,0.5757240056991577,0.5258241295814514,-0.07181857526302338,0.4189922511577606,0.6078076958656311,-0.04708757624030113,0.49083656072616577,0.5237412452697754,-0.060162533074617386,0.5419577956199646,0.5266802310943604,-0.0632219985127449,0.5743168592453003,0.5473787784576416,-0.06449002027511597,0.4392990469932556,0.6494417190551758,-0.07008793205022812,0.49249812960624695,0.5854222774505615,-0.07421891391277313,0.5307979583740234,0.5706997513771057,-0.07062877714633942,0.5603224635124207,0.5698241591453552,-0.0683707520365715,drink
0.3529590368270874,0.7546034455299377,3.1761527452545124e-07,0.42255699634552,0.723059356212616,0.020380400121212006,0.46512067317962646,0.6760854125022888,0.017869895324110985,0.49808555841445923,0.6568433046340942,0.0055669513531029224,0.5338029861450195,0.6501996517181396,-0.006720066070556641,0.41371405124664307,0.5618263483047485,0.01922423020005226,0.4659932553768158,0.49176010489463806,0.0014337861211970448,0.5119643807411194,0.4901798665523529,-0.014780521392822266,0.5472325682640076,0.5044593214988708,-0.024515420198440552,0.4100952744483948,0.566927433013916,-0.005624241195619106,0.4753526747226715,0.4839605689048767,-0.0226926039904356,0.5253746509552002,0.48378920555114746,-0.035164300352334976,0.5585260391235352,0.5052293539047241,-0.041234757751226425,0.417375773191452,0.5836589932441711,-0.030778560787439346,0.47643935680389404,0.4990927577018738,-0.039185624569654465,0.5241183042526245,0.49422839283943176,-0.037964824587106705,0.5570279955863953,0.5088754892349243,-0.03600342199206352,0.4384159445762634,0.6129423379898071,-0.05615346133708954,0.48548805713653564,0.5514333248138428,-0.05672725290060043,0.5208706855773926,0.5277433395385742,-0.05069455876946449,0.5483425855636597,0.5192250609397888,-0.04590517282485962,0.0,0.0,0.0,0.0,0.0,0.0,0.0,0.0,0.0,0.0,0.0,0.0,0.0,0.0,0.0,0.0,0.0,0.0,0.0,0.0,0.0,0.0,0.0,0.0,0.0,0.0,0.0,0.0,0.0,0.0,0.0,0.0,0.0,0.0,0.0,0.0,0.0,0.0,0.0,0.0,0.0,0.0,0.0,0.0,0.0,0.0,0.0,0.0,0.0,0.0,0.0,0.0,0.0,0.0,0.0,0.0,0.0,0.0,0.0,0.0,0.0,0.0,0.0,drink
0.3881443738937378,0.6981023550033569,4.1253090898862865e-07,0.4368705749511719,0.695073664188385,0.004367713816463947,0.47170290350914,0.6531727910041809,0.00045081612188369036,0.5060975551605225,0.627942681312561,-0.009491530247032642,0.5404093861579895,0.6096912622451782,-0.018645618110895157,0.4132101535797119,0.5303203463554382,0.018720874562859535,0.4522440731525421,0.46784698963165283,0.0058170706033706665,0.49721238017082214,0.4568191170692444,-0.00739675248041749,0.5299404263496399,0.4680904448032379,-0.014769655652344227,0.40477243065834045,0.5243455171585083,0.006126530934125185,0.4488871991634369,0.45648637413978577,-0.005846103187650442,0.49842482805252075,0.4541521668434143,-0.016259053722023964,0.5328455567359924,0.47243085503578186,-0.02161676250398159,0.4077942669391632,0.5291170477867126,-0.008614611811935902,0.4542558491230011,0.45875805616378784,-0.01763089746236801,0.5028843879699707,0.4538232684135437,-0.02230442687869072,0.5357121229171753,0.4695189893245697,-0.02395033836364746,0.4237460196018219,0.5449008345603943,-0.02425406500697136,0.4648629426956177,0.4871782064437866,-0.029635775834321976,0.5012413859367371,0.47629934549331665,-0.029052648693323135,0.5277612805366516,0.48074454069137573,-0.02721339836716652,0.35768067836761475,0.7295783758163452,2.2981086544859863e-07,0.4219934642314911,0.706597089767456,0.018541906028985977,0.46417516469955444,0.6524225473403931,0.022732608020305634,0.5003877878189087,0.6234517693519592,0.017782827839255333,0.5345892906188965,0.6022363901138306,0.013466949574649334,0.4198451638221741,0.5310087203979492,0.035531554371118546,0.4610110819339752,0.46506521105766296,0.02484162338078022,0.5053229331970215,0.4663738012313843,0.011658726260066032,0.5347513556480408,0.48527759313583374,0.0038725677877664566,0.4100936949253082,0.5259318947792053,0.01510339044034481,0.4608556628227234,0.45055660605430603,0.003086590673774481,0.5101123452186584,0.46023303270339966,-0.008752986788749695,0.5390957593917847,0.48640888929367065,-0.014753623865544796,0.4095888137817383,0.5302860736846924,-0.007025537081062794,0.4600380063056946,0.45271623134613037,-0.017052652314305305,0.5098981857299805,0.46114516258239746,-0.022875748574733734,0.5404966473579407,0.4846051037311554,-0.02488952875137329,0.4190787076950073,0.5424057841300964,-0.028970222920179367,0.46230870485305786,0.4784650206565857,-0.03496885299682617,0.49908700585365295,0.47720420360565186,-0.03388925641775131,0.523759126663208,0.49085384607315063,-0.0315292663872242,drink
0.36746498942375183,0.6850932836532593,2.2953501854772185e-07,0.43003252148628235,0.6564650535583496,0.024270130321383476,0.4711920917034149,0.6183165311813354,0.033867184072732925,0.5090942978858948,0.5914928913116455,0.03183513134717941,0.5409319996833801,0.565167248249054,0.029295600950717926,0.43249738216400146,0.5155553817749023,0.06837914139032364,0.46424436569213867,0.4697132408618927,0.06959126889705658,0.4988684058189392,0.46517831087112427,0.059457115828990936,0.5237629413604736,0.47238075733184814,0.05163370817899704,0.42397671937942505,0.5009100437164307,0.046509504318237305,0.45708298683166504,0.43471288681030273,0.046552982181310654,0.4984723627567291,0.43183302879333496,0.0337626077234745,0.5289547443389893,0.4496856927871704,0.024408120661973953,0.41595128178596497,0.49223610758781433,0.02155373990535736,0.4489363133907318,0.4190676510334015,0.019525649026036263,0.4922677278518677,0.4190383553504944,0.011362341232597828,0.5234711170196533,0.4384602904319763,0.0058407895267009735,0.4139048755168915,0.48802870512008667,-0.003234604373574257,0.4448508620262146,0.4259830117225647,-0.003990292549133301,0.4787226915359497,0.4199731945991516,-0.003278555814176798,0.5064635276794434,0.4305052161216736,-0.0027844139840453863,0.0,0.0,0.0,0.0,0.0,0.0,0.0,0.0,0.0,0.0,0.0,0.0,0.0,0.0,0.0,0.0,0.0,0.0,0.0,0.0,0.0,0.0,0.0,0.0,0.0,0.0,0.0,0.0,0.0,0.0,0.0,0.0,0.0,0.0,0.0,0.0,0.0,0.0,0.0,0.0,0.0,0.0,0.0,0.0,0.0,0.0,0.0,0.0,0.0,0.0,0.0,0.0,0.0,0.0,0.0,0.0,0.0,0.0,0.0,0.0,0.0,0.0,0.0,drink
0.3714730143547058,0.6530783772468567,2.3424836115282233e-07,0.4311882257461548,0.6335287690162659,0.02355087362229824,0.47232896089553833,0.5984863638877869,0.03334224596619606,0.5104036331176758,0.5702664852142334,0.031734567135572433,0.5408519506454468,0.5379154682159424,0.029690204188227654,0.4381934404373169,0.49783244729042053,0.07228343933820724,0.4653133749961853,0.458050936460495,0.07557894289493561,0.49818357825279236,0.45577818155288696,0.0658048689365387,0.5224010944366455,0.4633967876434326,0.058292776346206665,0.4313024580478668,0.4822770953178406,0.0509834960103035,0.4601016044616699,0.4182015359401703,0.054854560643434525,0.49890705943107605,0.4143299460411072,0.04274669662117958,0.5268633365631104,0.4322555661201477,0.0332171805202961,0.42155489325523376,0.47049957513809204,0.02629486843943596,0.44810739159584045,0.39974677562713623,0.02789044938981533,0.48960041999816895,0.40089261531829834,0.02010858803987503,0.518944501876831,0.42172467708587646,0.014003709889948368,0.41536638140678406,0.46367329359054565,0.0014883240219205618,0.4416285455226898,0.401141881942749,0.0031837390270084143,0.4757170081138611,0.3983333706855774,0.004492106381803751,0.5038740634918213,0.41349172592163086,0.00492004444822669,0.0,0.0,0.0,0.0,0.0,0.0,0.0,0.0,0.0,0.0,0.0,0.0,0.0,0.0,0.0,0.0,0.0,0.0,0.0,0.0,0.0,0.0,0.0,0.0,0.0,0.0,0.0,0.0,0.0,0.0,0.0,0.0,0.0,0.0,0.0,0.0,0.0,0.0,0.0,0.0,0.0,0.0,0.0,0.0,0.0,0.0,0.0,0.0,0.0,0.0,0.0,0.0,0.0,0.0,0.0,0.0,0.0,0.0,0.0,0.0,0.0,0.0,0.0,drink
0.37239667773246765,0.652921736240387,2.9968364856358676e-07,0.431546151638031,0.6318578720092773,0.015044119209051132,0.4729873239994049,0.5982354283332825,0.020147642120718956,0.5114552974700928,0.5736894011497498,0.01569232903420925,0.5461861491203308,0.5453923940658569,0.01154598779976368,0.43618181347846985,0.5007467865943909,0.061007969081401825,0.4636404514312744,0.4576914310455322,0.061140161007642746,0.4971773326396942,0.44996848702430725,0.05089738965034485,0.5224541425704956,0.452465683221817,0.04360852763056755,0.4281670153141022,0.4845156669616699,0.043410539627075195,0.45685821771621704,0.4238847494125366,0.0455639623105526,0.49518486857414246,0.41450127959251404,0.03485027328133583,0.5251067280769348,0.4246484041213989,0.02668304182589054,0.41890275478363037,0.47218433022499084,0.021894818171858788,0.4457934498786926,0.40512871742248535,0.022757617756724358,0.48619315028190613,0.3990304172039032,0.01727687567472458,0.5172661542892456,0.4129061698913574,0.013089539483189583,0.41277649998664856,0.46556082367897034,-0.0006312315817922354,0.4387955665588379,0.4048093855381012,0.0002707797393668443,0.4719221591949463,0.39579179883003235,0.0022200942039489746,0.5003165006637573,0.4058755040168762,0.0037151046562939882,0.0,0.0,0.0,0.0,0.0,0.0,0.0,0.0,0.0,0.0,0.0,0.0,0.0,0.0,0.0,0.0,0.0,0.0,0.0,0.0,0.0,0.0,0.0,0.0,0.0,0.0,0.0,0.0,0.0,0.0,0.0,0.0,0.0,0.0,0.0,0.0,0.0,0.0,0.0,0.0,0.0,0.0,0.0,0.0,0.0,0.0,0.0,0.0,0.0,0.0,0.0,0.0,0.0,0.0,0.0,0.0,0.0,0.0,0.0,0.0,0.0,0.0,0.0,drink
0.37611305713653564,0.6077202558517456,3.588297943224461e-07,0.43037110567092896,0.5979572534561157,0.011510767973959446,0.4726073145866394,0.5720242261886597,0.01744214817881584,0.5101010799407959,0.5452728867530823,0.014481578953564167,0.5406147241592407,0.5115827322006226,0.011901488527655602,0.4393573999404907,0.46987974643707275,0.06597454100847244,0.4700246751308441,0.43978041410446167,0.0673723891377449,0.5007590055465698,0.4441484212875366,0.056222982704639435,0.5222574472427368,0.4558861255645752,0.04881194978952408,0.4326822757720947,0.45072609186172485,0.052191268652677536,0.46625301241874695,0.39977169036865234,0.056952718645334244,0.5013712048530579,0.3956185579299927,0.04446795955300331,0.5276801586151123,0.41185975074768066,0.03515760973095894,0.4228833317756653,0.43421897292137146,0.03402513265609741,0.45231837034225464,0.3760719299316406,0.03688232973217964,0.4883633255958557,0.37501221895217896,0.030874885618686676,0.5143929719924927,0.3940523564815521,0.026888206601142883,0.41431382298469543,0.4235530495643616,0.014489325694739819,0.44101548194885254,0.36984044313430786,0.017903031781315804,0.4734923541545868,0.3649030327796936,0.020967209711670876,0.5010794401168823,0.3799079954624176,0.02371787838637829,0.0,0.0,0.0,0.0,0.0,0.0,0.0,0.0,0.0,0.0,0.0,0.0,0.0,0.0,0.0,0.0,0.0,0.0,0.0,0.0,0.0,0.0,0.0,0.0,0.0,0.0,0.0,0.0,0.0,0.0,0.0,0.0,0.0,0.0,0.0,0.0,0.0,0.0,0.0,0.0,0.0,0.0,0.0,0.0,0.0,0.0,0.0,0.0,0.0,0.0,0.0,0.0,0.0,0.0,0.0,0.0,0.0,0.0,0.0,0.0,0.0,0.0,0.0,drink
0.375447541475296,0.5816212892532349,3.339112595313054e-07,0.4256950318813324,0.581296443939209,0.007652245927602053,0.4700273871421814,0.558634877204895,0.012254580855369568,0.5075682401657104,0.5332972407341003,0.009440179914236069,0.5414935946464539,0.5074799656867981,0.007212632801383734,0.4382641315460205,0.456682950258255,0.05745146796107292,0.4655052423477173,0.42115214467048645,0.05838333070278168,0.4962458908557892,0.415760338306427,0.04898131266236305,0.5182993412017822,0.42058897018432617,0.042809031903743744,0.4307565987110138,0.43618664145469666,0.04620139300823212,0.46234914660453796,0.38693296909332275,0.04965720325708389,0.4962863624095917,0.38343241810798645,0.038518887013196945,0.5221078991889954,0.39744529128074646,0.03036670573055744,0.421711266040802,0.41821038722991943,0.030839964747428894,0.45139846205711365,0.36413630843162537,0.032951533794403076,0.48685482144355774,0.36334413290023804,0.02701922506093979,0.5128435492515564,0.37953394651412964,0.022936178371310234,0.413442462682724,0.40505853295326233,0.014090328477323055,0.43921300768852234,0.35389047861099243,0.01695576310157776,0.4691101908683777,0.35000765323638916,0.019229521974921227,0.49448105692863464,0.36338114738464355,0.02129877358675003,0.0,0.0,0.0,0.0,0.0,0.0,0.0,0.0,0.0,0.0,0.0,0.0,0.0,0.0,0.0,0.0,0.0,0.0,0.0,0.0,0.0,0.0,0.0,0.0,0.0,0.0,0.0,0.0,0.0,0.0,0.0,0.0,0.0,0.0,0.0,0.0,0.0,0.0,0.0,0.0,0.0,0.0,0.0,0.0,0.0,0.0,0.0,0.0,0.0,0.0,0.0,0.0,0.0,0.0,0.0,0.0,0.0,0.0,0.0,0.0,0.0,0.0,0.0,drink
0.3761982321739197,0.571104884147644,3.5814642274090147e-07,0.4277660846710205,0.5745002031326294,0.005263932514935732,0.4706172049045563,0.5512686967849731,0.009717203676700592,0.5083789229393005,0.5293810367584229,0.0072971973568201065,0.5440648198127747,0.5072985291481018,0.005974641069769859,0.4378984272480011,0.4464905858039856,0.0560988187789917,0.46401911973953247,0.41260814666748047,0.057842787355184555,0.49455079436302185,0.4053611159324646,0.04971110075712204,0.51629239320755,0.4082055687904358,0.04445021599531174,0.43063029646873474,0.4270685911178589,0.04627901315689087,0.4616532027721405,0.38072633743286133,0.051230091601610184,0.4953349530696869,0.3759656846523285,0.04239150136709213,0.5219830274581909,0.3869383931159973,0.03583403676748276,0.4224861264228821,0.41033899784088135,0.03193892166018486,0.4523206353187561,0.35931891202926636,0.034909363836050034,0.4870123267173767,0.3565519154071808,0.030382756143808365,0.5132421255111694,0.3698570728302002,0.0272788368165493,0.415432870388031,0.39773494005203247,0.015856368467211723,0.4406639635562897,0.34902459383010864,0.019008031114935875,0.469605952501297,0.3443976044654846,0.02163374051451683,0.49513453245162964,0.3563595712184906,0.02401813492178917,0.0,0.0,0.0,0.0,0.0,0.0,0.0,0.0,0.0,0.0,0.0,0.0,0.0,0.0,0.0,0.0,0.0,0.0,0.0,0.0,0.0,0.0,0.0,0.0,0.0,0.0,0.0,0.0,0.0,0.0,0.0,0.0,0.0,0.0,0.0,0.0,0.0,0.0,0.0,0.0,0.0,0.0,0.0,0.0,0.0,0.0,0.0,0.0,0.0,0.0,0.0,0.0,0.0,0.0,0.0,0.0,0.0,0.0,0.0,0.0,0.0,0.0,0.0,drink
0.3757030665874481,0.5581861734390259,3.67916328514184e-07,0.4258793294429779,0.5636273622512817,0.0030214262660592794,0.4705691635608673,0.54449063539505,0.00681234011426568,0.5074117183685303,0.5235269069671631,0.004580838140100241,0.5422799587249756,0.49945297837257385,0.0034005919005721807,0.4412878453731537,0.4398843050003052,0.05332570523023605,0.46728235483169556,0.4066831171512604,0.055372368544340134,0.49608251452445984,0.3997676372528076,0.04738340154290199,0.517747163772583,0.40047743916511536,0.04193856939673424,0.43445444107055664,0.41862398386001587,0.04510190337896347,0.46450328826904297,0.37592458724975586,0.05066616088151932,0.4964526891708374,0.3704901933670044,0.041666336357593536,0.5228179693222046,0.37984901666641235,0.034503255039453506,0.42589035630226135,0.40066102147102356,0.03243057802319527,0.4550350308418274,0.35429444909095764,0.036122728139162064,0.487896591424942,0.3505111336708069,0.03194998577237129,0.5140043497085571,0.3611290752887726,0.028683016076683998,0.41739094257354736,0.3868802785873413,0.01788398064672947,0.4416921138763428,0.3407861590385437,0.021515101194381714,0.46927380561828613,0.3364775776863098,0.024536116048693657,0.4937865138053894,0.3473466634750366,0.027041876688599586,0.0,0.0,0.0,0.0,0.0,0.0,0.0,0.0,0.0,0.0,0.0,0.0,0.0,0.0,0.0,0.0,0.0,0.0,0.0,0.0,0.0,0.0,0.0,0.0,0.0,0.0,0.0,0.0,0.0,0.0,0.0,0.0,0.0,0.0,0.0,0.0,0.0,0.0,0.0,0.0,0.0,0.0,0.0,0.0,0.0,0.0,0.0,0.0,0.0,0.0,0.0,0.0,0.0,0.0,0.0,0.0,0.0,0.0,0.0,0.0,0.0,0.0,0.0,drink
0.37820008397102356,0.5558775663375854,3.889304025506135e-07,0.42958465218544006,0.5619639158248901,0.004464156460016966,0.4711015820503235,0.5426701903343201,0.009796176105737686,0.5073993802070618,0.5230147242546082,0.00882550235837698,0.5413160920143127,0.49866536259651184,0.008988138288259506,0.43775102496147156,0.4401041567325592,0.05780851095914841,0.46501338481903076,0.4098384380340576,0.06265228241682053,0.495129257440567,0.4055234491825104,0.05612349137663841,0.516294002532959,0.4076710343360901,0.05158131569623947,0.43203988671302795,0.4188053607940674,0.04980241879820824,0.4638780951499939,0.37929487228393555,0.058564405888319016,0.49653369188308716,0.37399575114250183,0.05043717473745346,0.5232716798782349,0.3823392987251282,0.043501246720552444,0.42474186420440674,0.40035247802734375,0.037323154509067535,0.45571109652519226,0.35731616616249084,0.04416615888476372,0.48903796076774597,0.3537846803665161,0.04034730792045593,0.5150534510612488,0.36357381939888,0.03671323508024216,0.41729840636253357,0.3860025405883789,0.022971775382757187,0.4428429901599884,0.3405492603778839,0.02881482243537903,0.47145336866378784,0.33527326583862305,0.03211527317762375,0.49719277024269104,0.3458969295024872,0.03445284068584442,0.0,0.0,0.0,0.0,0.0,0.0,0.0,0.0,0.0,0.0,0.0,0.0,0.0,0.0,0.0,0.0,0.0,0.0,0.0,0.0,0.0,0.0,0.0,0.0,0.0,0.0,0.0,0.0,0.0,0.0,0.0,0.0,0.0,0.0,0.0,0.0,0.0,0.0,0.0,0.0,0.0,0.0,0.0,0.0,0.0,0.0,0.0,0.0,0.0,0.0,0.0,0.0,0.0,0.0,0.0,0.0,0.0,0.0,0.0,0.0,0.0,0.0,0.0,drink
0.37919068336486816,0.5543028712272644,3.8424605008913204e-07,0.4306070804595947,0.560334324836731,0.0021547353826463223,0.4702115058898926,0.5418838858604431,0.006265450734645128,0.5052721500396729,0.5192813277244568,0.004336612299084663,0.537895679473877,0.4926724433898926,0.0034932843409478664,0.4348214268684387,0.44193464517593384,0.0555846132338047,0.4626825749874115,0.41263747215270996,0.05924585461616516,0.4923035204410553,0.40930724143981934,0.05188867077231407,0.5126863718032837,0.41191530227661133,0.046902067959308624,0.42886048555374146,0.42008286714553833,0.04867248237133026,0.4631263017654419,0.38230016827583313,0.0563703253865242,0.4949059784412384,0.37621402740478516,0.04754270985722542,0.5215882658958435,0.38231807947158813,0.0402524434030056,0.4213699400424957,0.4011407792568207,0.037122562527656555,0.45412975549697876,0.3585182726383209,0.04292413219809532,0.48707476258277893,0.35365819931030273,0.038467369973659515,0.5131756067276001,0.3616876006126404,0.03465407341718674,0.41299450397491455,0.3866521120071411,0.02355773374438286,0.4385313093662262,0.34003502130508423,0.028667272999882698,0.4670257866382599,0.3330543041229248,0.03159509599208832,0.49334821105003357,0.34257376194000244,0.033717308193445206,0.0,0.0,0.0,0.0,0.0,0.0,0.0,0.0,0.0,0.0,0.0,0.0,0.0,0.0,0.0,0.0,0.0,0.0,0.0,0.0,0.0,0.0,0.0,0.0,0.0,0.0,0.0,0.0,0.0,0.0,0.0,0.0,0.0,0.0,0.0,0.0,0.0,0.0,0.0,0.0,0.0,0.0,0.0,0.0,0.0,0.0,0.0,0.0,0.0,0.0,0.0,0.0,0.0,0.0,0.0,0.0,0.0,0.0,0.0,0.0,0.0,0.0,0.0,drink
0.3807359039783478,0.5597373247146606,3.622658368840348e-07,0.43144145607948303,0.5623996257781982,0.00348845636472106,0.4691692292690277,0.5421892404556274,0.007794919889420271,0.5043137073516846,0.5213731527328491,0.005621261429041624,0.5371719598770142,0.49558672308921814,0.004571703262627125,0.43097472190856934,0.4414149522781372,0.057464443147182465,0.45823919773101807,0.41188764572143555,0.06068575754761696,0.487644225358963,0.4120750427246094,0.05285610258579254,0.507723331451416,0.4189307391643524,0.04786410927772522,0.42588359117507935,0.4203232526779175,0.04987935349345207,0.45790860056877136,0.3838905692100525,0.057266686111688614,0.49071282148361206,0.3805900514125824,0.047973304986953735,0.5180362462997437,0.38909465074539185,0.040597908198833466,0.41863054037094116,0.4022985100746155,0.03760005161166191,0.4511715769767761,0.3604874312877655,0.04335297644138336,0.48463767766952515,0.35814791917800903,0.038406889885663986,0.5108127593994141,0.36778831481933594,0.034485869109630585,0.41078969836235046,0.38818103075027466,0.023434529080986977,0.43670400977134705,0.3416537940502167,0.02881007082760334,0.46527811884880066,0.3355350196361542,0.031602684408426285,0.491516649723053,0.34499844908714294,0.033779554069042206,0.0,0.0,0.0,0.0,0.0,0.0,0.0,0.0,0.0,0.0,0.0,0.0,0.0,0.0,0.0,0.0,0.0,0.0,0.0,0.0,0.0,0.0,0.0,0.0,0.0,0.0,0.0,0.0,0.0,0.0,0.0,0.0,0.0,0.0,0.0,0.0,0.0,0.0,0.0,0.0,0.0,0.0,0.0,0.0,0.0,0.0,0.0,0.0,0.0,0.0,0.0,0.0,0.0,0.0,0.0,0.0,0.0,0.0,0.0,0.0,0.0,0.0,0.0,drink
0.37960052490234375,0.5865511894226074,3.208527346032497e-07,0.4296726584434509,0.5838015675544739,0.019685527309775352,0.46500363945961,0.553473949432373,0.029829001054167747,0.498677521944046,0.5281485915184021,0.029623504728078842,0.530706524848938,0.5023860931396484,0.029248397797346115,0.4221888780593872,0.4562939405441284,0.07518871873617172,0.4527392089366913,0.42690467834472656,0.08427686989307404,0.4875721335411072,0.42579686641693115,0.07894394546747208,0.5100839138031006,0.4340762197971344,0.07445243000984192,0.4176500737667084,0.4367227852344513,0.05835139378905296,0.44874948263168335,0.3873816132545471,0.068415567278862,0.4876088500022888,0.38226059079170227,0.05900803953409195,0.5158967971801758,0.3951358199119568,0.051119379699230194,0.4121852219104767,0.41992926597595215,0.03785866126418114,0.4418008625507355,0.36306238174438477,0.04466689005494118,0.48309046030044556,0.3623330295085907,0.03715616837143898,0.5118654370307922,0.3800000548362732,0.03090008907020092,0.40977758169174194,0.4088309109210968,0.016971535980701447,0.4411098062992096,0.3577437102794647,0.022356819361448288,0.47600507736206055,0.35632604360580444,0.02340518869459629,0.5041347742080688,0.37302088737487793,0.023501703515648842,0.0,0.0,0.0,0.0,0.0,0.0,0.0,0.0,0.0,0.0,0.0,0.0,0.0,0.0,0.0,0.0,0.0,0.0,0.0,0.0,0.0,0.0,0.0,0.0,0.0,0.0,0.0,0.0,0.0,0.0,0.0,0.0,0.0,0.0,0.0,0.0,0.0,0.0,0.0,0.0,0.0,0.0,0.0,0.0,0.0,0.0,0.0,0.0,0.0,0.0,0.0,0.0,0.0,0.0,0.0,0.0,0.0,0.0,0.0,0.0,0.0,0.0,0.0,drink
0.3761311173439026,0.5920550227165222,2.9085302344356023e-07,0.4306907653808594,0.5876143574714661,0.02031680941581726,0.4659808874130249,0.5552772283554077,0.029705652967095375,0.4995485544204712,0.5286422371864319,0.028412863612174988,0.531929612159729,0.5035322904586792,0.026647644117474556,0.42593130469322205,0.4562724828720093,0.07151162624359131,0.45314493775367737,0.4184796214103699,0.08031792938709259,0.4855234622955322,0.4122244715690613,0.07587534934282303,0.507081151008606,0.4174190163612366,0.07205482572317123,0.41833919286727905,0.4385807514190674,0.05338551849126816,0.44412797689437866,0.38162294030189514,0.06162111088633537,0.482244610786438,0.37406355142593384,0.05290494114160538,0.5095612406730652,0.3875378370285034,0.04665306955575943,0.41037026047706604,0.4252971112728119,0.03198914974927902,0.43545347452163696,0.35811173915863037,0.03620171546936035,0.4780178964138031,0.35703402757644653,0.02935587801039219,0.5075002908706665,0.37555834650993347,0.024849141016602516,0.4069041609764099,0.4179328680038452,0.010509107261896133,0.43688637018203735,0.3581981658935547,0.013272148557007313,0.47249215841293335,0.3560677766799927,0.014497223310172558,0.5007166862487793,0.3725603520870209,0.015670469030737877,0.0,0.0,0.0,0.0,0.0,0.0,0.0,0.0,0.0,0.0,0.0,0.0,0.0,0.0,0.0,0.0,0.0,0.0,0.0,0.0,0.0,0.0,0.0,0.0,0.0,0.0,0.0,0.0,0.0,0.0,0.0,0.0,0.0,0.0,0.0,0.0,0.0,0.0,0.0,0.0,0.0,0.0,0.0,0.0,0.0,0.0,0.0,0.0,0.0,0.0,0.0,0.0,0.0,0.0,0.0,0.0,0.0,0.0,0.0,0.0,0.0,0.0,0.0,drink
0.3697220981121063,0.647498369216919,2.3400301074616436e-07,0.4227628707885742,0.6287239789962769,0.018100300803780556,0.4530158042907715,0.5780007839202881,0.018711674958467484,0.48476436734199524,0.5474352836608887,0.009739984758198261,0.5199010968208313,0.5233617424964905,0.000593655277043581,0.392648309469223,0.4646459221839905,0.033216770738363266,0.43919384479522705,0.39539575576782227,0.023132486268877983,0.4853966236114502,0.4002456068992615,0.011022912338376045,0.5149247050285339,0.4229055345058441,0.004455691669136286,0.38603323698043823,0.46099722385406494,0.012990180402994156,0.43805134296417236,0.38689303398132324,0.003370569320395589,0.4906494915485382,0.39789795875549316,-0.007038210518658161,0.5209263563156128,0.4253566265106201,-0.012356765568256378,0.3910345733165741,0.4672398269176483,-0.008532625623047352,0.43641048669815063,0.3835621774196625,-0.012714967131614685,0.4860880374908447,0.38997507095336914,-0.013427451252937317,0.5140358805656433,0.4142616391181946,-0.012830208986997604,0.40788373351097107,0.48387154936790466,-0.03022395819425583,0.4422508776187897,0.40306293964385986,-0.029632724821567535,0.47700902819633484,0.3965527415275574,-0.023372460156679153,0.4979473948478699,0.410719633102417,-0.0180579274892807,0.0,0.0,0.0,0.0,0.0,0.0,0.0,0.0,0.0,0.0,0.0,0.0,0.0,0.0,0.0,0.0,0.0,0.0,0.0,0.0,0.0,0.0,0.0,0.0,0.0,0.0,0.0,0.0,0.0,0.0,0.0,0.0,0.0,0.0,0.0,0.0,0.0,0.0,0.0,0.0,0.0,0.0,0.0,0.0,0.0,0.0,0.0,0.0,0.0,0.0,0.0,0.0,0.0,0.0,0.0,0.0,0.0,0.0,0.0,0.0,0.0,0.0,0.0,drink
0.3516572415828705,0.6941127777099609,2.7159316573488468e-08,0.41306668519973755,0.6616550087928772,0.015223546884953976,0.44751450419425964,0.6112505793571472,0.012909791432321072,0.4806457459926605,0.5856733322143555,0.0024466204922646284,0.5098453164100647,0.570148229598999,-0.007844303734600544,0.39557382464408875,0.5086004734039307,0.007548329886049032,0.4479599893093109,0.4383770823478699,-0.012859639711678028,0.49492162466049194,0.4570825695991516,-0.029613690450787544,0.5221744179725647,0.48658570647239685,-0.039080701768398285,0.3913049101829529,0.5146897435188293,-0.01214807853102684,0.45336729288101196,0.4402243196964264,-0.02874421328306198,0.5028722286224365,0.4574907124042511,-0.039369672536849976,0.5290862917900085,0.4834010601043701,-0.04587077349424362,0.3988455533981323,0.5341970920562744,-0.03227817639708519,0.4555935561656952,0.456811785697937,-0.04712195694446564,0.5041658282279968,0.4696508049964905,-0.048841796815395355,0.5292159914970398,0.49473926424980164,-0.04826764389872551,0.4172416925430298,0.5649486780166626,-0.051817819476127625,0.46617674827575684,0.5066749453544617,-0.060583144426345825,0.5019367337226868,0.5029209852218628,-0.05808117613196373,0.5237229466438293,0.5127965807914734,-0.055462077260017395,0.0,0.0,0.0,0.0,0.0,0.0,0.0,0.0,0.0,0.0,0.0,0.0,0.0,0.0,0.0,0.0,0.0,0.0,0.0,0.0,0.0,0.0,0.0,0.0,0.0,0.0,0.0,0.0,0.0,0.0,0.0,0.0,0.0,0.0,0.0,0.0,0.0,0.0,0.0,0.0,0.0,0.0,0.0,0.0,0.0,0.0,0.0,0.0,0.0,0.0,0.0,0.0,0.0,0.0,0.0,0.0,0.0,0.0,0.0,0.0,0.0,0.0,0.0,drink
0.3421967625617981,0.7232198715209961,1.542440060120498e-07,0.39526259899139404,0.6860314607620239,0.01563546434044838,0.4362720251083374,0.6335856914520264,0.012340614572167397,0.4767054617404938,0.6062501668930054,0.000995004316791892,0.5083822011947632,0.588200032711029,-0.010868923738598824,0.391905277967453,0.537550151348114,0.004018524195998907,0.4538828432559967,0.46915531158447266,-0.012861061841249466,0.4998279809951782,0.4832307696342468,-0.02564709633588791,0.5266734957695007,0.5104003548622131,-0.03279593214392662,0.3916235864162445,0.5425049662590027,-0.016584331169724464,0.46370911598205566,0.46610572934150696,-0.02988237328827381,0.5114738345146179,0.48499515652656555,-0.03916409984230995,0.5356395840644836,0.514337956905365,-0.044724151492118835,0.4021454155445099,0.5645378232002258,-0.03669152036309242,0.46566304564476013,0.48778146505355835,-0.046753574162721634,0.5129793882369995,0.5048707127571106,-0.04725269973278046,0.5369913578033447,0.5353477001190186,-0.04695490747690201,0.422068327665329,0.5996243953704834,-0.05632973089814186,0.46934035420417786,0.5398609042167664,-0.06231454014778137,0.5040866732597351,0.5339680910110474,-0.05962482467293739,0.5264322757720947,0.5429338216781616,-0.057322196662425995,0.0,0.0,0.0,0.0,0.0,0.0,0.0,0.0,0.0,0.0,0.0,0.0,0.0,0.0,0.0,0.0,0.0,0.0,0.0,0.0,0.0,0.0,0.0,0.0,0.0,0.0,0.0,0.0,0.0,0.0,0.0,0.0,0.0,0.0,0.0,0.0,0.0,0.0,0.0,0.0,0.0,0.0,0.0,0.0,0.0,0.0,0.0,0.0,0.0,0.0,0.0,0.0,0.0,0.0,0.0,0.0,0.0,0.0,0.0,0.0,0.0,0.0,0.0,drink
0.33808743953704834,0.7300768494606018,2.2786521469697618e-07,0.3932037055492401,0.6902269124984741,0.014396651647984982,0.43405017256736755,0.6344641447067261,0.00938600953668356,0.47235310077667236,0.6038237810134888,-0.003065639641135931,0.5048124194145203,0.5840513706207275,-0.01547724474221468,0.3911166191101074,0.5359857082366943,-0.001977762207388878,0.45605605840682983,0.46933579444885254,-0.022402826696634293,0.5018171072006226,0.486246794462204,-0.03651411831378937,0.5292936563491821,0.5149264931678772,-0.044022202491760254,0.39090585708618164,0.5447911620140076,-0.02262471616268158,0.46553024649620056,0.4722454249858856,-0.03940679132938385,0.5134713053703308,0.4887276291847229,-0.048621341586112976,0.5394112467765808,0.5158303380012512,-0.053545985370874405,0.4000256359577179,0.5707675218582153,-0.04284748062491417,0.4661128520965576,0.4998077154159546,-0.054738130420446396,0.5130223035812378,0.51288241147995,-0.05408523976802826,0.5391079187393188,0.5378319025039673,-0.052701741456985474,0.4178312122821808,0.6091917157173157,-0.06265643984079361,0.46721482276916504,0.5534802079200745,-0.06876665353775024,0.5010535717010498,0.5439115762710571,-0.06470271944999695,0.523823082447052,0.5474227070808411,-0.06098917871713638,0.0,0.0,0.0,0.0,0.0,0.0,0.0,0.0,0.0,0.0,0.0,0.0,0.0,0.0,0.0,0.0,0.0,0.0,0.0,0.0,0.0,0.0,0.0,0.0,0.0,0.0,0.0,0.0,0.0,0.0,0.0,0.0,0.0,0.0,0.0,0.0,0.0,0.0,0.0,0.0,0.0,0.0,0.0,0.0,0.0,0.0,0.0,0.0,0.0,0.0,0.0,0.0,0.0,0.0,0.0,0.0,0.0,0.0,0.0,0.0,0.0,0.0,0.0,drink
0.3392197787761688,0.757293701171875,2.0478537976487132e-07,0.40088093280792236,0.7106741666793823,0.02648352086544037,0.4418109655380249,0.6569579243659973,0.027646904811263084,0.48150718212127686,0.6280439496040344,0.019420761615037918,0.5158855319023132,0.6082241535186768,0.010615612380206585,0.38271376490592957,0.5590648055076599,0.011391333304345608,0.45191529393196106,0.4981486201286316,-0.0007087064441293478,0.49950653314590454,0.5031147599220276,-0.00985443964600563,0.5318220257759094,0.5171176791191101,-0.015969419851899147,0.3833281099796295,0.5639030337333679,-0.014433702453970909,0.46387386322021484,0.48864778876304626,-0.026021404191851616,0.5131839513778687,0.5045125484466553,-0.032874397933483124,0.5393399000167847,0.5304117202758789,-0.036633364856243134,0.3950163424015045,0.5883529782295227,-0.03846488147974014,0.46645304560661316,0.512869119644165,-0.046044208109378815,0.5137386322021484,0.5299225449562073,-0.042801566421985626,0.5383065938949585,0.5558475255966187,-0.04039693623781204,0.41674625873565674,0.6263590455055237,-0.061092574149370193,0.4689592719078064,0.5657393336296082,-0.06435954570770264,0.5046590566635132,0.5593196153640747,-0.058395273983478546,0.5280923843383789,0.5638890862464905,-0.05391375720500946,0.0,0.0,0.0,0.0,0.0,0.0,0.0,0.0,0.0,0.0,0.0,0.0,0.0,0.0,0.0,0.0,0.0,0.0,0.0,0.0,0.0,0.0,0.0,0.0,0.0,0.0,0.0,0.0,0.0,0.0,0.0,0.0,0.0,0.0,0.0,0.0,0.0,0.0,0.0,0.0,0.0,0.0,0.0,0.0,0.0,0.0,0.0,0.0,0.0,0.0,0.0,0.0,0.0,0.0,0.0,0.0,0.0,0.0,0.0,0.0,0.0,0.0,0.0,drink
0.3475780189037323,0.7536590099334717,1.1037528224733251e-07,0.42141446471214294,0.707865834236145,0.027056997641921043,0.4558408856391907,0.6480246782302856,0.03172925114631653,0.4870361089706421,0.6158167123794556,0.025234781205654144,0.5190990567207336,0.5901538133621216,0.018903249874711037,0.3904784023761749,0.546028196811676,0.0318487174808979,0.4459381401538849,0.4808638095855713,0.015009699389338493,0.49282628297805786,0.4969663619995117,-0.002049017697572708,0.518024206161499,0.5305457711219788,-0.011295979842543602,0.38100263476371765,0.5457332730293274,0.0059289815835654736,0.4509231448173523,0.4712942838668823,-0.009161438792943954,0.5015615820884705,0.4969334602355957,-0.023346368223428726,0.5202752351760864,0.5366588234901428,-0.030939072370529175,0.3834889233112335,0.5585492849349976,-0.020166518166661263,0.44629359245300293,0.4814668297767639,-0.030300291255116463,0.4955799877643585,0.5036506056785583,-0.03269626200199127,0.5141603946685791,0.538609504699707,-0.03255486488342285,0.3967243432998657,0.5801400542259216,-0.045308925211429596,0.4470464289188385,0.5155421495437622,-0.05102793499827385,0.48525720834732056,0.52042555809021,-0.04740983247756958,0.5042257308959961,0.5407905578613281,-0.04334155470132828,0.0,0.0,0.0,0.0,0.0,0.0,0.0,0.0,0.0,0.0,0.0,0.0,0.0,0.0,0.0,0.0,0.0,0.0,0.0,0.0,0.0,0.0,0.0,0.0,0.0,0.0,0.0,0.0,0.0,0.0,0.0,0.0,0.0,0.0,0.0,0.0,0.0,0.0,0.0,0.0,0.0,0.0,0.0,0.0,0.0,0.0,0.0,0.0,0.0,0.0,0.0,0.0,0.0,0.0,0.0,0.0,0.0,0.0,0.0,0.0,0.0,0.0,0.0,drink
0.3514934182167053,0.7414669990539551,1.5044804513308918e-07,0.4186306297779083,0.6987646818161011,0.019011272117495537,0.45379459857940674,0.6363499164581299,0.01978415623307228,0.4861545264720917,0.6026453971862793,0.011117512360215187,0.5182032585144043,0.5728997588157654,0.002614137250930071,0.39089787006378174,0.5335549116134644,0.022483913227915764,0.44083380699157715,0.46407902240753174,0.0046594771556556225,0.48906606435775757,0.47485265135765076,-0.012784582562744617,0.5173757076263428,0.5030357837677002,-0.022356251254677773,0.3802921175956726,0.5339416861534119,0.0005003403639420867,0.4415181577205658,0.4516037702560425,-0.015237856656312943,0.49375277757644653,0.46994346380233765,-0.029583659023046494,0.517372727394104,0.5040357708930969,-0.03741161525249481,0.38162004947662354,0.5450426936149597,-0.02206251211464405,0.435987651348114,0.45813268423080444,-0.03354889526963234,0.48717212677001953,0.47158536314964294,-0.037873465567827225,0.5116232633590698,0.5023581385612488,-0.038862135261297226,0.3943120539188385,0.5642573237419128,-0.04410732910037041,0.4391368627548218,0.4924267530441284,-0.05036827176809311,0.4776512682437897,0.4905461072921753,-0.04785984754562378,0.4998944401741028,0.5061243176460266,-0.04459867998957634,0.0,0.0,0.0,0.0,0.0,0.0,0.0,0.0,0.0,0.0,0.0,0.0,0.0,0.0,0.0,0.0,0.0,0.0,0.0,0.0,0.0,0.0,0.0,0.0,0.0,0.0,0.0,0.0,0.0,0.0,0.0,0.0,0.0,0.0,0.0,0.0,0.0,0.0,0.0,0.0,0.0,0.0,0.0,0.0,0.0,0.0,0.0,0.0,0.0,0.0,0.0,0.0,0.0,0.0,0.0,0.0,0.0,0.0,0.0,0.0,0.0,0.0,0.0,drink
0.35353147983551025,0.7421325445175171,6.997121460017297e-08,0.42036107182502747,0.6967447400093079,0.022278226912021637,0.45543134212493896,0.6368601322174072,0.023535972461104393,0.48739516735076904,0.6041651964187622,0.0144544318318367,0.5212486386299133,0.576512336730957,0.0050489576533436775,0.39326903223991394,0.534716784954071,0.023992028087377548,0.4379979968070984,0.4609397053718567,0.006428569555282593,0.4845236539840698,0.4701054096221924,-0.010459333658218384,0.5133359432220459,0.49682289361953735,-0.01975216716527939,0.38187718391418457,0.5346287488937378,0.00018264923710376024,0.4414430260658264,0.44958019256591797,-0.01404812466353178,0.49179065227508545,0.46460118889808655,-0.02684990130364895,0.5154752731323242,0.49621832370758057,-0.03441140055656433,0.38209035992622375,0.5449919700622559,-0.02411603555083275,0.4377935826778412,0.45807287096977234,-0.034462735056877136,0.48726731538772583,0.4689456522464752,-0.03793785721063614,0.5110899209976196,0.4992075264453888,-0.038985032588243484,0.3938087522983551,0.5636924505233765,-0.04773688688874245,0.4392595589160919,0.4903017282485962,-0.053478166460990906,0.47861239314079285,0.486865758895874,-0.05090738832950592,0.5019299983978271,0.5027564764022827,-0.0480131134390831,0.0,0.0,0.0,0.0,0.0,0.0,0.0,0.0,0.0,0.0,0.0,0.0,0.0,0.0,0.0,0.0,0.0,0.0,0.0,0.0,0.0,0.0,0.0,0.0,0.0,0.0,0.0,0.0,0.0,0.0,0.0,0.0,0.0,0.0,0.0,0.0,0.0,0.0,0.0,0.0,0.0,0.0,0.0,0.0,0.0,0.0,0.0,0.0,0.0,0.0,0.0,0.0,0.0,0.0,0.0,0.0,0.0,0.0,0.0,0.0,0.0,0.0,0.0,drink
0.3571486175060272,0.6983840465545654,8.62228120013242e-08,0.41981402039527893,0.6592264175415039,0.024685395881533623,0.4554380476474762,0.6084317564964294,0.030565205961465836,0.4864223003387451,0.5729525685310364,0.02521766908466816,0.5145958065986633,0.5398226976394653,0.01937032677233219,0.4047222435474396,0.5087103843688965,0.047483522444963455,0.4429803788661957,0.4469558596611023,0.04010288789868355,0.48145389556884766,0.451232373714447,0.0269839596003294,0.5031211972236633,0.47193747758865356,0.0189778134226799,0.39387837052345276,0.5016429424285889,0.024701397866010666,0.4378097653388977,0.4230096638202667,0.01763105019927025,0.4809882342815399,0.43241769075393677,0.0038990327157080173,0.5027558207511902,0.46407759189605713,-0.004660684149712324,0.3892381191253662,0.5017657279968262,0.000563628738746047,0.43250295519828796,0.42297184467315674,-0.004846531897783279,0.477188378572464,0.43220794200897217,-0.010855522938072681,0.5005577802658081,0.46074604988098145,-0.014179387129843235,0.3934966027736664,0.5080906748771667,-0.022835440933704376,0.43042081594467163,0.44098466634750366,-0.024790644645690918,0.46551746129989624,0.4390209913253784,-0.022541772574186325,0.487804651260376,0.456210196018219,-0.02051161229610443,0.0,0.0,0.0,0.0,0.0,0.0,0.0,0.0,0.0,0.0,0.0,0.0,0.0,0.0,0.0,0.0,0.0,0.0,0.0,0.0,0.0,0.0,0.0,0.0,0.0,0.0,0.0,0.0,0.0,0.0,0.0,0.0,0.0,0.0,0.0,0.0,0.0,0.0,0.0,0.0,0.0,0.0,0.0,0.0,0.0,0.0,0.0,0.0,0.0,0.0,0.0,0.0,0.0,0.0,0.0,0.0,0.0,0.0,0.0,0.0,0.0,0.0,0.0,drink
0.3625764846801758,0.6440886855125427,1.1362934770886568e-07,0.4205694794654846,0.6193825602531433,0.017604853957891464,0.45970433950424194,0.5805904865264893,0.025231769308447838,0.4904811382293701,0.5458029508590698,0.022833986207842827,0.5198705196380615,0.5125454664230347,0.020042486488819122,0.43073418736457825,0.4877711832523346,0.05941511690616608,0.4644797742366791,0.45468375086784363,0.058614928275346756,0.49646905064582825,0.46005910634994507,0.046974483877420425,0.5177570581436157,0.4718579649925232,0.03874363377690315,0.42190006375312805,0.47006756067276,0.04192633181810379,0.45442289113998413,0.41385698318481445,0.0409516841173172,0.49172234535217285,0.415524959564209,0.02679852768778801,0.517328679561615,0.4360414147377014,0.016909614205360413,0.4114173948764801,0.4582171142101288,0.021445663645863533,0.44239088892936707,0.39051303267478943,0.018898095935583115,0.4827495515346527,0.39387619495391846,0.009277008473873138,0.5098264217376709,0.4167705178260803,0.00344592472538352,0.40326663851737976,0.45173150300979614,0.0008133811643347144,0.4322032630443573,0.39035576581954956,4.673777311836602e-06,0.46527719497680664,0.3904452919960022,0.0006155127193778753,0.4899590313434601,0.41008925437927246,0.0015416882233694196,0.0,0.0,0.0,0.0,0.0,0.0,0.0,0.0,0.0,0.0,0.0,0.0,0.0,0.0,0.0,0.0,0.0,0.0,0.0,0.0,0.0,0.0,0.0,0.0,0.0,0.0,0.0,0.0,0.0,0.0,0.0,0.0,0.0,0.0,0.0,0.0,0.0,0.0,0.0,0.0,0.0,0.0,0.0,0.0,0.0,0.0,0.0,0.0,0.0,0.0,0.0,0.0,0.0,0.0,0.0,0.0,0.0,0.0,0.0,0.0,0.0,0.0,0.0,drink
0.36096322536468506,0.5936317443847656,2.200009276975834e-07,0.4225381910800934,0.580000102519989,0.01625385507941246,0.4631863236427307,0.5519848465919495,0.026816660538315773,0.497668594121933,0.5236857533454895,0.027781687676906586,0.5262489914894104,0.4932693839073181,0.028802821412682533,0.4359022080898285,0.46606624126434326,0.07074445486068726,0.46474689245224,0.44192230701446533,0.07535428553819656,0.49417418241500854,0.4467656910419464,0.06620071083307266,0.5141968131065369,0.45571956038475037,0.05918612331151962,0.42911431193351746,0.4438183009624481,0.055734165012836456,0.46174156665802,0.39867621660232544,0.060170531272888184,0.49571335315704346,0.4010351598262787,0.04671015217900276,0.5201603770256042,0.41982558369636536,0.036750223487615585,0.4197048246860504,0.4251897931098938,0.036958687007427216,0.45061543583869934,0.3691672086715698,0.03872084990143776,0.48622554540634155,0.3758983910083771,0.029721081256866455,0.511320173740387,0.3983802795410156,0.02367931418120861,0.41133230924606323,0.4129523038864136,0.01768510229885578,0.44339480996131897,0.361662358045578,0.020256122574210167,0.47475144267082214,0.3670606017112732,0.022078126668930054,0.49907705187797546,0.3887138366699219,0.02352352999150753,0.0,0.0,0.0,0.0,0.0,0.0,0.0,0.0,0.0,0.0,0.0,0.0,0.0,0.0,0.0,0.0,0.0,0.0,0.0,0.0,0.0,0.0,0.0,0.0,0.0,0.0,0.0,0.0,0.0,0.0,0.0,0.0,0.0,0.0,0.0,0.0,0.0,0.0,0.0,0.0,0.0,0.0,0.0,0.0,0.0,0.0,0.0,0.0,0.0,0.0,0.0,0.0,0.0,0.0,0.0,0.0,0.0,0.0,0.0,0.0,0.0,0.0,0.0,drink
0.3642047047615051,0.5741134881973267,3.17656201787031e-07,0.42293107509613037,0.5690142512321472,0.010516052134335041,0.4632697105407715,0.5439525246620178,0.019195832312107086,0.4997577965259552,0.5179524421691895,0.019616883248090744,0.5311276912689209,0.48710548877716064,0.020421534776687622,0.4317610561847687,0.4565504193305969,0.06942737847566605,0.45923665165901184,0.43088921904563904,0.0744684711098671,0.49013498425483704,0.43073245882987976,0.06590685993432999,0.5113509297370911,0.4350532293319702,0.05929400026798248,0.4259347915649414,0.4333796799182892,0.057910770177841187,0.4583783447742462,0.39538663625717163,0.0643584355711937,0.49204906821250916,0.39626678824424744,0.052293650805950165,0.5186694860458374,0.4093990921974182,0.0425901897251606,0.41790440678596497,0.4134991765022278,0.04178404062986374,0.4503556787967682,0.3680751621723175,0.045562051236629486,0.4850001335144043,0.3728838860988617,0.03801116719841957,0.511245608329773,0.3898257315158844,0.032001495361328125,0.4104079306125641,0.3996015787124634,0.024487124755978584,0.44201022386550903,0.3548901677131653,0.028131652623414993,0.4719797372817993,0.35879600048065186,0.030055737122893333,0.4966064393520355,0.3777533769607544,0.031154390424489975,0.0,0.0,0.0,0.0,0.0,0.0,0.0,0.0,0.0,0.0,0.0,0.0,0.0,0.0,0.0,0.0,0.0,0.0,0.0,0.0,0.0,0.0,0.0,0.0,0.0,0.0,0.0,0.0,0.0,0.0,0.0,0.0,0.0,0.0,0.0,0.0,0.0,0.0,0.0,0.0,0.0,0.0,0.0,0.0,0.0,0.0,0.0,0.0,0.0,0.0,0.0,0.0,0.0,0.0,0.0,0.0,0.0,0.0,0.0,0.0,0.0,0.0,0.0,drink
0.36568722128868103,0.5559334754943848,3.585338106404379e-07,0.41983529925346375,0.5570415258407593,0.0075948829762637615,0.4624193012714386,0.5361093282699585,0.015715770423412323,0.49867069721221924,0.5115525722503662,0.01607927307486534,0.5313817262649536,0.4807635545730591,0.017037728801369667,0.42915335297584534,0.44715791940689087,0.07070159912109375,0.4580618441104889,0.422479510307312,0.0768912136554718,0.4885832667350769,0.42460018396377563,0.06872475147247314,0.5081428289413452,0.430958092212677,0.06265980750322342,0.42475980520248413,0.4243886470794678,0.061214473098516464,0.458456814289093,0.3906824588775635,0.0692429468035698,0.49156463146209717,0.3930453956127167,0.05594925954937935,0.5169406533241272,0.4071870744228363,0.04545178636908531,0.4182949662208557,0.4027976989746094,0.046949759125709534,0.4513647258281708,0.3639184534549713,0.053543489426374435,0.48541751503944397,0.3685964047908783,0.045473601669073105,0.5102906227111816,0.38473939895629883,0.03883975371718407,0.4112648069858551,0.38505157828330994,0.03107379376888275,0.4416345953941345,0.34328776597976685,0.03792112320661545,0.47131192684173584,0.34644442796707153,0.040405042469501495,0.4953451454639435,0.36482053995132446,0.04169771820306778,0.0,0.0,0.0,0.0,0.0,0.0,0.0,0.0,0.0,0.0,0.0,0.0,0.0,0.0,0.0,0.0,0.0,0.0,0.0,0.0,0.0,0.0,0.0,0.0,0.0,0.0,0.0,0.0,0.0,0.0,0.0,0.0,0.0,0.0,0.0,0.0,0.0,0.0,0.0,0.0,0.0,0.0,0.0,0.0,0.0,0.0,0.0,0.0,0.0,0.0,0.0,0.0,0.0,0.0,0.0,0.0,0.0,0.0,0.0,0.0,0.0,0.0,0.0,drink
0.36819568276405334,0.5541157722473145,3.102954622136167e-07,0.4232714772224426,0.5553868412971497,0.005703261587768793,0.4634954631328583,0.5341663360595703,0.012676138430833817,0.49759429693222046,0.5088714957237244,0.012800946831703186,0.5294708013534546,0.4836699664592743,0.013791593722999096,0.4309689998626709,0.44375529885292053,0.06152031570672989,0.45932403206825256,0.4204624891281128,0.06613630801439285,0.48838987946510315,0.4227154552936554,0.05851292982697487,0.5072439312934875,0.4296669065952301,0.0527922585606575,0.4254890978336334,0.4211527109146118,0.05283411219716072,0.4587916433811188,0.38891324400901794,0.058945439755916595,0.4903913736343384,0.39160317182540894,0.047492437064647675,0.5152420997619629,0.4043136537075043,0.03829306736588478,0.41822078824043274,0.400654137134552,0.03964480012655258,0.4521171748638153,0.36216771602630615,0.04343157261610031,0.485277384519577,0.3676338791847229,0.03573400154709816,0.5100060701370239,0.3842056095600128,0.02965739369392395,0.4102270305156708,0.3847818970680237,0.024990897625684738,0.44223687052726746,0.3452253043651581,0.02839542366564274,0.47183042764663696,0.3485943675041199,0.029438206925988197,0.49649253487586975,0.36600178480148315,0.03000893071293831,0.0,0.0,0.0,0.0,0.0,0.0,0.0,0.0,0.0,0.0,0.0,0.0,0.0,0.0,0.0,0.0,0.0,0.0,0.0,0.0,0.0,0.0,0.0,0.0,0.0,0.0,0.0,0.0,0.0,0.0,0.0,0.0,0.0,0.0,0.0,0.0,0.0,0.0,0.0,0.0,0.0,0.0,0.0,0.0,0.0,0.0,0.0,0.0,0.0,0.0,0.0,0.0,0.0,0.0,0.0,0.0,0.0,0.0,0.0,0.0,0.0,0.0,0.0,drink
0.3674886226654053,0.5498574376106262,3.2041418762673857e-07,0.42193302512168884,0.5537405014038086,0.004299333319067955,0.4628012478351593,0.5322536826133728,0.011578290723264217,0.4959509074687958,0.5061296224594116,0.012367521412670612,0.527330756187439,0.4792553782463074,0.01387526374310255,0.43258166313171387,0.4440605342388153,0.061245739459991455,0.46040108799934387,0.419964998960495,0.06626265496015549,0.4886181354522705,0.4197882115840912,0.05884530022740364,0.507476270198822,0.42399632930755615,0.0532807856798172,0.42653679847717285,0.42068371176719666,0.05349884554743767,0.45953407883644104,0.3889395594596863,0.0605747327208519,0.49022114276885986,0.3882492780685425,0.04935038834810257,0.51520174741745,0.3980434834957123,0.04033920168876648,0.41806256771087646,0.39987969398498535,0.04112929478287697,0.45181676745414734,0.3622436225414276,0.04570940136909485,0.48352280259132385,0.36456358432769775,0.03857829049229622,0.5075381994247437,0.37763550877571106,0.03297264128923416,0.40797826647758484,0.3840915858745575,0.027091044932603836,0.4366956353187561,0.3417462706565857,0.031176896765828133,0.4645936191082001,0.3418135941028595,0.03280041739344597,0.48865145444869995,0.35726097226142883,0.03388127312064171,0.0,0.0,0.0,0.0,0.0,0.0,0.0,0.0,0.0,0.0,0.0,0.0,0.0,0.0,0.0,0.0,0.0,0.0,0.0,0.0,0.0,0.0,0.0,0.0,0.0,0.0,0.0,0.0,0.0,0.0,0.0,0.0,0.0,0.0,0.0,0.0,0.0,0.0,0.0,0.0,0.0,0.0,0.0,0.0,0.0,0.0,0.0,0.0,0.0,0.0,0.0,0.0,0.0,0.0,0.0,0.0,0.0,0.0,0.0,0.0,0.0,0.0,0.0,drink
0.36745887994766235,0.5503573417663574,3.2004493277781876e-07,0.42197203636169434,0.5528261065483093,0.004078716039657593,0.46126148104667664,0.530444860458374,0.01056266576051712,0.4951474070549011,0.5036318898200989,0.010797717608511448,0.5261691212654114,0.47482699155807495,0.011876893229782581,0.4278873801231384,0.4427213668823242,0.05910756066441536,0.4545902609825134,0.419247031211853,0.06272300332784653,0.48315495252609253,0.420184850692749,0.054579611867666245,0.5025410652160645,0.42654111981391907,0.04882635548710823,0.422349750995636,0.42047691345214844,0.051446277648210526,0.4556425213813782,0.3891962766647339,0.0573137030005455,0.4873555898666382,0.38937973976135254,0.04620213806629181,0.5140068531036377,0.4003209173679352,0.03741994872689247,0.41492289304733276,0.4009454846382141,0.03909164294600487,0.44927871227264404,0.3634938597679138,0.04286499321460724,0.4821731150150299,0.3664662837982178,0.03567362576723099,0.507807731628418,0.37940841913223267,0.030000295490026474,0.40623739361763,0.386065810918808,0.02509416453540325,0.4358766973018646,0.34244054555892944,0.028245465829968452,0.4644831120967865,0.3430173993110657,0.02930801920592785,0.4896308183670044,0.3581799268722534,0.02994680590927601,0.0,0.0,0.0,0.0,0.0,0.0,0.0,0.0,0.0,0.0,0.0,0.0,0.0,0.0,0.0,0.0,0.0,0.0,0.0,0.0,0.0,0.0,0.0,0.0,0.0,0.0,0.0,0.0,0.0,0.0,0.0,0.0,0.0,0.0,0.0,0.0,0.0,0.0,0.0,0.0,0.0,0.0,0.0,0.0,0.0,0.0,0.0,0.0,0.0,0.0,0.0,0.0,0.0,0.0,0.0,0.0,0.0,0.0,0.0,0.0,0.0,0.0,0.0,drink
0.369006484746933,0.5643834471702576,3.3285226663792855e-07,0.4245356321334839,0.5664742588996887,0.009855476208031178,0.46348175406455994,0.5376662015914917,0.01966327615082264,0.4952022135257721,0.5106558203697205,0.022265521809458733,0.5252889394760132,0.4835678040981293,0.025497276335954666,0.42801734805107117,0.44877108931541443,0.06581882387399673,0.4572611451148987,0.4217332601547241,0.07401777803897858,0.4875347912311554,0.42187947034835815,0.06899037957191467,0.5069335699081421,0.42809635400772095,0.06490139663219452,0.4210582971572876,0.42581743001937866,0.056036002933979034,0.45375895500183105,0.38706716895103455,0.06557108461856842,0.4876258969306946,0.3867536783218384,0.05616484954953194,0.5133921504020691,0.39904406666755676,0.04836779087781906,0.41220876574516296,0.40632256865501404,0.042190033942461014,0.4456247091293335,0.3606069087982178,0.04879447817802429,0.4815123975276947,0.3654477596282959,0.041735000908374786,0.507161557674408,0.3832198977470398,0.035893604159355164,0.40402644872665405,0.3916811943054199,0.02734381891787052,0.43625447154045105,0.3479495048522949,0.03253275156021118,0.46734103560447693,0.35093361139297485,0.033788301050662994,0.4921965003013611,0.36887168884277344,0.03437495604157448,0.0,0.0,0.0,0.0,0.0,0.0,0.0,0.0,0.0,0.0,0.0,0.0,0.0,0.0,0.0,0.0,0.0,0.0,0.0,0.0,0.0,0.0,0.0,0.0,0.0,0.0,0.0,0.0,0.0,0.0,0.0,0.0,0.0,0.0,0.0,0.0,0.0,0.0,0.0,0.0,0.0,0.0,0.0,0.0,0.0,0.0,0.0,0.0,0.0,0.0,0.0,0.0,0.0,0.0,0.0,0.0,0.0,0.0,0.0,0.0,0.0,0.0,0.0,drink
0.367030531167984,0.5688216686248779,2.884123375679337e-07,0.42265936732292175,0.5676155686378479,0.006924993824213743,0.46214112639427185,0.5393465161323547,0.014192027971148491,0.49376481771469116,0.5110248923301697,0.014795889146625996,0.5234178304672241,0.48395660519599915,0.01621883735060692,0.42932918667793274,0.44779542088508606,0.05721624195575714,0.4571947753429413,0.4190916121006012,0.06119726970791817,0.4874480664730072,0.41854503750801086,0.05427858233451843,0.5077141523361206,0.42441409826278687,0.04921945184469223,0.4221270978450775,0.4269449710845947,0.047898732125759125,0.45387810468673706,0.3863905668258667,0.05287574976682663,0.4877059757709503,0.38660579919815063,0.04287055879831314,0.5130985379219055,0.3983050286769867,0.035324759781360626,0.4129573404788971,0.409335732460022,0.03455943986773491,0.44517382979393005,0.3607005476951599,0.03640333190560341,0.48105448484420776,0.3652741312980652,0.029115252196788788,0.5064674019813538,0.382790744304657,0.024287933483719826,0.40399599075317383,0.396587610244751,0.020156320184469223,0.43558889627456665,0.34970623254776,0.021799830719828606,0.46677517890930176,0.35188794136047363,0.02261030115187168,0.49180588126182556,0.36920568346977234,0.02363027073442936,0.0,0.0,0.0,0.0,0.0,0.0,0.0,0.0,0.0,0.0,0.0,0.0,0.0,0.0,0.0,0.0,0.0,0.0,0.0,0.0,0.0,0.0,0.0,0.0,0.0,0.0,0.0,0.0,0.0,0.0,0.0,0.0,0.0,0.0,0.0,0.0,0.0,0.0,0.0,0.0,0.0,0.0,0.0,0.0,0.0,0.0,0.0,0.0,0.0,0.0,0.0,0.0,0.0,0.0,0.0,0.0,0.0,0.0,0.0,0.0,0.0,0.0,0.0,drink
0.3696969151496887,0.6125089526176453,2.1593393739749445e-07,0.4263366460800171,0.5973148345947266,0.02357126958668232,0.4588167369365692,0.5522878766059875,0.03725083917379379,0.4892031252384186,0.5253500938415527,0.041131556034088135,0.5190438628196716,0.5020548701286316,0.04508686065673828,0.411155104637146,0.45472949743270874,0.06695656478404999,0.44895681738853455,0.421342670917511,0.07265347987413406,0.48714742064476013,0.42278122901916504,0.06625531613826752,0.513044536113739,0.43245476484298706,0.06090746447443962,0.4038484990596771,0.43873441219329834,0.04887714982032776,0.4460086226463318,0.3883039355278015,0.052348777651786804,0.4868638813495636,0.3933592736721039,0.04214460775256157,0.5154598355293274,0.41279715299606323,0.03495577350258827,0.40019679069519043,0.4301995038986206,0.028338050469756126,0.4424840807914734,0.3704224228858948,0.030840052291750908,0.48539236187934875,0.3776916563510895,0.0229949913918972,0.5145525932312012,0.40056824684143066,0.017387382686138153,0.40353989601135254,0.4300137162208557,0.00807596743106842,0.4421691596508026,0.37208205461502075,0.009784341789782047,0.47782009840011597,0.37324121594429016,0.009348765946924686,0.5052133798599243,0.392074316740036,0.008936777710914612,0.0,0.0,0.0,0.0,0.0,0.0,0.0,0.0,0.0,0.0,0.0,0.0,0.0,0.0,0.0,0.0,0.0,0.0,0.0,0.0,0.0,0.0,0.0,0.0,0.0,0.0,0.0,0.0,0.0,0.0,0.0,0.0,0.0,0.0,0.0,0.0,0.0,0.0,0.0,0.0,0.0,0.0,0.0,0.0,0.0,0.0,0.0,0.0,0.0,0.0,0.0,0.0,0.0,0.0,0.0,0.0,0.0,0.0,0.0,0.0,0.0,0.0,0.0,drink
0.3598182797431946,0.6426286101341248,7.744925056840657e-08,0.4193125367164612,0.6276813745498657,0.00936620868742466,0.45207738876342773,0.57903653383255,0.005323589313775301,0.48104509711265564,0.552399218082428,-0.005953615065664053,0.5151228904724121,0.5391887426376343,-0.016039546579122543,0.4027881622314453,0.4529918134212494,0.0131954625248909,0.4625859260559082,0.3973301351070404,-0.003702215850353241,0.5029448866844177,0.4201275408267975,-0.018416110426187515,0.5195419788360596,0.4538157880306244,-0.025738315656781197,0.39716970920562744,0.4540110230445862,-0.0022660864051431417,0.46656176447868347,0.39219680428504944,-0.015040072612464428,0.5087825059890747,0.4221688508987427,-0.02430777996778488,0.5235771536827087,0.4570026397705078,-0.02860654704272747,0.40503543615341187,0.4683544635772705,-0.018843017518520355,0.46805539727211,0.40418291091918945,-0.029021073132753372,0.5094489455223083,0.43209272623062134,-0.028636271134018898,0.5240716934204102,0.4678690433502197,-0.025869807228446007,0.42322009801864624,0.4942009747028351,-0.035625990480184555,0.47234782576560974,0.4386424720287323,-0.04058707877993584,0.5058417320251465,0.4482162892818451,-0.03589635342359543,0.5223274230957031,0.46933379769325256,-0.03081330843269825,0.0,0.0,0.0,0.0,0.0,0.0,0.0,0.0,0.0,0.0,0.0,0.0,0.0,0.0,0.0,0.0,0.0,0.0,0.0,0.0,0.0,0.0,0.0,0.0,0.0,0.0,0.0,0.0,0.0,0.0,0.0,0.0,0.0,0.0,0.0,0.0,0.0,0.0,0.0,0.0,0.0,0.0,0.0,0.0,0.0,0.0,0.0,0.0,0.0,0.0,0.0,0.0,0.0,0.0,0.0,0.0,0.0,0.0,0.0,0.0,0.0,0.0,0.0,drink
0.3543141186237335,0.6698033809661865,-3.8083538100863734e-08,0.41701146960258484,0.6446741819381714,0.019639739766716957,0.4532909393310547,0.5962925553321838,0.02094118855893612,0.4847080707550049,0.5709185004234314,0.013709907419979572,0.5157142281532288,0.5573662519454956,0.006397216115146875,0.4067212641239166,0.48064523935317993,0.016313234344124794,0.46607208251953125,0.430050790309906,0.0020093561615794897,0.5065992474555969,0.4502319097518921,-0.010808393359184265,0.5270828604698181,0.48343953490257263,-0.017363570630550385,0.40037184953689575,0.48360782861709595,-0.004149715416133404,0.46996009349823,0.4226490259170532,-0.014794846065342426,0.5143548846244812,0.4462454915046692,-0.02324998937547207,0.5325914025306702,0.481187641620636,-0.027987409383058548,0.40645599365234375,0.5006559491157532,-0.024401862174272537,0.47078266739845276,0.4336443543434143,-0.033722419291734695,0.5140979290008545,0.4559016525745392,-0.03425298631191254,0.5310859680175781,0.489027202129364,-0.033057671040296555,0.42257827520370483,0.5283298492431641,-0.04362832009792328,0.47231584787368774,0.46542391180992126,-0.04899277910590172,0.5055573582649231,0.4699401557445526,-0.04451734572649002,0.5224403738975525,0.4891276955604553,-0.04002567008137703,0.0,0.0,0.0,0.0,0.0,0.0,0.0,0.0,0.0,0.0,0.0,0.0,0.0,0.0,0.0,0.0,0.0,0.0,0.0,0.0,0.0,0.0,0.0,0.0,0.0,0.0,0.0,0.0,0.0,0.0,0.0,0.0,0.0,0.0,0.0,0.0,0.0,0.0,0.0,0.0,0.0,0.0,0.0,0.0,0.0,0.0,0.0,0.0,0.0,0.0,0.0,0.0,0.0,0.0,0.0,0.0,0.0,0.0,0.0,0.0,0.0,0.0,0.0,drink
0.3559984564781189,0.7152965068817139,3.085753519371792e-08,0.41921889781951904,0.6913008689880371,0.014515760354697704,0.4548920691013336,0.6395232081413269,0.01180268544703722,0.4874432384967804,0.611024022102356,0.00043778872350230813,0.5189898014068604,0.5865543484687805,-0.010300585068762302,0.403825968503952,0.5260193943977356,0.008715287782251835,0.4638013541698456,0.46266722679138184,-0.012531010434031487,0.5072934627532959,0.48404884338378906,-0.028034504503011703,0.5250425338745117,0.5184601545333862,-0.03470674529671669,0.3978244662284851,0.5303843021392822,-0.010998236946761608,0.4679553508758545,0.4598982036113739,-0.027305323630571365,0.5151928067207336,0.487056165933609,-0.03585320711135864,0.530248761177063,0.5225644111633301,-0.03909038379788399,0.4034424424171448,0.5491100549697876,-0.031379688531160355,0.4678035080432892,0.47430655360221863,-0.04546190798282623,0.5142132043838501,0.4983171820640564,-0.043914202600717545,0.5277732014656067,0.5338119268417358,-0.03943601995706558,0.4186282455921173,0.5772470831871033,-0.05132776126265526,0.47057226300239563,0.5125132203102112,-0.06043887883424759,0.5066574811935425,0.5171331167221069,-0.055859699845314026,0.5218008160591125,0.5381775498390198,-0.049893587827682495,0.0,0.0,0.0,0.0,0.0,0.0,0.0,0.0,0.0,0.0,0.0,0.0,0.0,0.0,0.0,0.0,0.0,0.0,0.0,0.0,0.0,0.0,0.0,0.0,0.0,0.0,0.0,0.0,0.0,0.0,0.0,0.0,0.0,0.0,0.0,0.0,0.0,0.0,0.0,0.0,0.0,0.0,0.0,0.0,0.0,0.0,0.0,0.0,0.0,0.0,0.0,0.0,0.0,0.0,0.0,0.0,0.0,0.0,0.0,0.0,0.0,0.0,0.0,drink
0.3528899550437927,0.7156509160995483,7.860414541482896e-08,0.4188893437385559,0.6896215081214905,0.014409244060516357,0.4571898579597473,0.633610725402832,0.012372628785669804,0.48720237612724304,0.6040732264518738,0.0020722132176160812,0.5186455249786377,0.583635151386261,-0.007864516228437424,0.40564584732055664,0.523557186126709,0.00924575887620449,0.4651022255420685,0.4617390036582947,-0.013006594963371754,0.5084368586540222,0.4806400537490845,-0.03052070550620556,0.5276632905006409,0.5152173042297363,-0.038751475512981415,0.39781054854393005,0.5268847346305847,-0.010546577163040638,0.47157931327819824,0.45579612255096436,-0.0283766221255064,0.5178372859954834,0.4834831655025482,-0.03982238098978996,0.5326532125473022,0.5217512249946594,-0.04493982717394829,0.40261098742485046,0.5445215106010437,-0.030921570956707,0.46722471714019775,0.46971243619918823,-0.044910937547683716,0.5121251940727234,0.49407458305358887,-0.045911289751529694,0.5263523459434509,0.5299376249313354,-0.043587956577539444,0.416521817445755,0.5720243453979492,-0.050926439464092255,0.4670969545841217,0.5089861750602722,-0.05915859341621399,0.5040804743766785,0.5121937394142151,-0.05597696825861931,0.5216517448425293,0.5313343405723572,-0.051675405353307724,0.0,0.0,0.0,0.0,0.0,0.0,0.0,0.0,0.0,0.0,0.0,0.0,0.0,0.0,0.0,0.0,0.0,0.0,0.0,0.0,0.0,0.0,0.0,0.0,0.0,0.0,0.0,0.0,0.0,0.0,0.0,0.0,0.0,0.0,0.0,0.0,0.0,0.0,0.0,0.0,0.0,0.0,0.0,0.0,0.0,0.0,0.0,0.0,0.0,0.0,0.0,0.0,0.0,0.0,0.0,0.0,0.0,0.0,0.0,0.0,0.0,0.0,0.0,drink
