L1_x0,L1_y0,L1_z0,L1_x1,L1_y1,L1_z1,L1_x2,L1_y2,L1_z2,L1_x3,L1_y3,L1_z3,L1_x4,L1_y4,L1_z4,L1_x5,L1_y5,L1_z5,L1_x6,L1_y6,L1_z6,L1_x7,L1_y7,L1_z7,L1_x8,L1_y8,L1_z8,L1_x9,L1_y9,L1_z9,L1_x10,L1_y10,L1_z10,L1_x11,L1_y11,L1_z11,L1_x12,L1_y12,L1_z12,L1_x13,L1_y13,L1_z13,L1_x14,L1_y14,L1_z14,L1_x15,L1_y15,L1_z15,L1_x16,L1_y16,L1_z16,L1_x17,L1_y17,L1_z17,L1_x18,L1_y18,L1_z18,L1_x19,L1_y19,L1_z19,L1_x20,L1_y20,L1_z20,L2_x0,L2_y0,L2_z0,L2_x1,L2_y1,L2_z1,L2_x2,L2_y2,L2_z2,L2_x3,L2_y3,L2_z3,L2_x4,L2_y4,L2_z4,L2_x5,L2_y5,L2_z5,L2_x6,L2_y6,L2_z6,L2_x7,L2_y7,L2_z7,L2_x8,L2_y8,L2_z8,L2_x9,L2_y9,L2_z9,L2_x10,L2_y10,L2_z10,L2_x11,L2_y11,L2_z11,L2_x12,L2_y12,L2_z12,L2_x13,L2_y13,L2_z13,L2_x14,L2_y14,L2_z14,L2_x15,L2_y15,L2_z15,L2_x16,L2_y16,L2_z16,L2_x17,L2_y17,L2_z17,L2_x18,L2_y18,L2_z18,L2_x19,L2_y19,L2_z19,L2_x20,L2_y20,L2_z20,label
0.6806363463401794,0.9051550626754761,2.0431130565157218e-07,0.701386034488678,0.8213694095611572,-0.005791147705167532,0.6824429035186768,0.7305870056152344,-0.015527782030403614,0.6332792639732361,0.6805087327957153,-0.022455032914876938,0.5949573516845703,0.651310920715332,-0.03039497323334217,0.6773105263710022,0.7146788835525513,-0.04084671661257744,0.6100376844406128,0.6392654180526733,-0.05898451432585716,0.5708983540534973,0.6133374571800232,-0.06674915552139282,0.54957115650177,0.6043325662612915,-0.06879301369190216,0.6400591731071472,0.7529298663139343,-0.0445922389626503,0.5830554962158203,0.6626129150390625,-0.0591217577457428,0.5528865456581116,0.6192626953125,-0.06166507303714752,0.5354204177856445,0.5981189608573914,-0.06221387907862663,0.6047497391700745,0.7908053994178772,-0.04676133394241333,0.5538456439971924,0.7065367698669434,-0.056514304131269455,0.53255695104599,0.6618055105209351,-0.0537504144012928,0.5221571326255798,0.6363314986228943,-0.05092602223157883,0.5748695135116577,0.825515627861023,-0.04817477613687515,0.5422031283378601,0.7476624250411987,-0.05357636883854866,0.5314861536026001,0.7079116702079773,-0.04838743805885315,0.5247646570205688,0.6796717047691345,-0.04322918504476547,0,0,0,0,0,0,0,0,0,0,0,0,0,0,0,0,0,0,0,0,0,0,0,0,0,0,0,0,0,0,0,0,0,0,0,0,0,0,0,0,0,0,0,0,0,0,0,0,0,0,0,0,0,0,0,0,0,0,0,0,0,0,0,eat
0.6574745774269104,0.858274519443512,2.1106950498506194e-07,0.6760000586509705,0.7654982805252075,0.002290773671120405,0.6602582931518555,0.6753886342048645,-0.002602209337055683,0.6209653615951538,0.6142831444740295,-0.006630093324929476,0.5919720530509949,0.5716593861579895,-0.010776092298328876,0.6577699184417725,0.6547089219093323,-0.027045963332057,0.5880323052406311,0.5832061171531677,-0.04054640233516693,0.5489906072616577,0.5757516622543335,-0.044750165194272995,0.5264001488685608,0.5831626057624817,-0.044035475701093674,0.6187363266944885,0.6854960322380066,-0.032530881464481354,0.5565809607505798,0.5838021636009216,-0.04289361461997032,0.5248138904571533,0.5609308481216431,-0.040026310831308365,0.5079221725463867,0.5618067979812622,-0.03572411835193634,0.5811094641685486,0.7199118733406067,-0.03574010357260704,0.5246809720993042,0.6216455698013306,-0.042546596378088,0.5170102119445801,0.6150173544883728,-0.02979365736246109,0.5219608545303345,0.6292227506637573,-0.01866229623556137,0.5496556162834167,0.7550256848335266,-0.03820479288697243,0.5177956223487854,0.6764346957206726,-0.04192765802145004,0.5205041170120239,0.6653887033462524,-0.029810596257448196,0.5287417769432068,0.6693955659866333,-0.018166853114962578,0,0,0,0,0,0,0,0,0,0,0,0,0,0,0,0,0,0,0,0,0,0,0,0,0,0,0,0,0,0,0,0,0,0,0,0,0,0,0,0,0,0,0,0,0,0,0,0,0,0,0,0,0,0,0,0,0,0,0,0,0,0,0,eat
0.6556175947189331,0.8550950288772583,-2.242997343415709e-09,0.6756249070167542,0.7662420868873596,0.004776044748723507,0.6589893102645874,0.6786245107650757,-0.0012298082001507282,0.6210767030715942,0.6184356212615967,-0.007337948307394981,0.5945067405700684,0.5788936018943787,-0.014247480779886246,0.6566759347915649,0.6567965149879456,-0.028175540268421173,0.5887943506240845,0.5819569230079651,-0.04528063163161278,0.549416720867157,0.5747390985488892,-0.05248279869556427,0.5263472199440002,0.5842028856277466,-0.053701117634773254,0.6188206672668457,0.6861825585365295,-0.03687960281968117,0.5583433508872986,0.5826925039291382,-0.05141858384013176,0.5228451490402222,0.5580044388771057,-0.0509457103908062,0.49932152032852173,0.5596319437026978,-0.04800740256905556,0.5829420685768127,0.7214235067367554,-0.04328778758645058,0.5259422063827515,0.623893678188324,-0.0535016767680645,0.5129088163375854,0.6134284734725952,-0.04304831102490425,0.511418879032135,0.6232662200927734,-0.033192358911037445,0.552444577217102,0.7588576674461365,-0.04864555969834328,0.5153268575668335,0.6824924945831299,-0.05392642319202423,0.5135008692741394,0.6648073792457581,-0.043252333998680115,0.5171985030174255,0.6612460613250732,-0.03311791643500328,0,0,0,0,0,0,0,0,0,0,0,0,0,0,0,0,0,0,0,0,0,0,0,0,0,0,0,0,0,0,0,0,0,0,0,0,0,0,0,0,0,0,0,0,0,0,0,0,0,0,0,0,0,0,0,0,0,0,0,0,0,0,0,eat
0.6429932713508606,0.8277761340141296,7.113814604053914e-08,0.6648121476173401,0.7385968565940857,0.0019312479998916388,0.6482640504837036,0.6537312269210815,-0.007574054878205061,0.611039400100708,0.5955682992935181,-0.015540453605353832,0.5847377777099609,0.5578834414482117,-0.024036701768636703,0.6418241858482361,0.6334548592567444,-0.0390750989317894,0.5639692544937134,0.5589206218719482,-0.05742377042770386,0.5199461579322815,0.5469315648078918,-0.06423652172088623,0.49153414368629456,0.5512317419052124,-0.06490989029407501,0.6050035357475281,0.6704909801483154,-0.04574870318174362,0.5338670015335083,0.5648409724235535,-0.061686355620622635,0.5046173930168152,0.5473079681396484,-0.05917298048734665,0.4900827407836914,0.555040717124939,-0.054102424532175064,0.5697970390319824,0.7061867713928223,-0.04962150752544403,0.5120570659637451,0.6065429449081421,-0.05960172042250633,0.4970659613609314,0.5886641144752502,-0.046573467552661896,0.493543803691864,0.5905767679214478,-0.034972961992025375,0.5407133102416992,0.740111231803894,-0.05245015025138855,0.5071220397949219,0.6574646234512329,-0.05689733102917671,0.5045580863952637,0.6352060437202454,-0.043690018355846405,0.505690336227417,0.6264915466308594,-0.03156508132815361,0,0,0,0,0,0,0,0,0,0,0,0,0,0,0,0,0,0,0,0,0,0,0,0,0,0,0,0,0,0,0,0,0,0,0,0,0,0,0,0,0,0,0,0,0,0,0,0,0,0,0,0,0,0,0,0,0,0,0,0,0,0,0,eat
0.6263166666030884,0.8050098419189453,7.1520536160107895e-09,0.6447323560714722,0.7156398296356201,0.009522899053990841,0.6300497055053711,0.6380443572998047,0.005201554391533136,0.5966370701789856,0.5922622680664062,-9.648792911320925e-05,0.566779375076294,0.5698558688163757,-0.006360247731208801,0.624050498008728,0.6098261475563049,-0.025266462936997414,0.5584977269172668,0.5367698669433594,-0.038900554180145264,0.5249474048614502,0.5281205177307129,-0.04132876172661781,0.5089130401611328,0.5340723991394043,-0.03942234814167023,0.5882836580276489,0.6400718092918396,-0.036135125905275345,0.5241469740867615,0.5411964058876038,-0.0522448904812336,0.4981083273887634,0.5402383804321289,-0.04959385469555855,0.4903002679347992,0.5626819133758545,-0.04278239980340004,0.5531759262084961,0.6759735941886902,-0.04421215504407883,0.4961804449558258,0.5833344459533691,-0.05441756919026375,0.48013535141944885,0.5811591148376465,-0.04403398185968399,0.47948235273361206,0.5961983799934387,-0.03325662389397621,0.5240854024887085,0.714819073677063,-0.05049414560198784,0.4884360134601593,0.6399382948875427,-0.05499284714460373,0.4807072579860687,0.6254318356513977,-0.04460594430565834,0.4814155101776123,0.6246033310890198,-0.034033216536045074,0,0,0,0,0,0,0,0,0,0,0,0,0,0,0,0,0,0,0,0,0,0,0,0,0,0,0,0,0,0,0,0,0,0,0,0,0,0,0,0,0,0,0,0,0,0,0,0,0,0,0,0,0,0,0,0,0,0,0,0,0,0,0,eat
0.622901439666748,0.8056368231773376,-5.926943913436844e-08,0.6429498195648193,0.7222440838813782,0.005436583422124386,0.6299771666526794,0.6410287618637085,0.0011169109493494034,0.5927507877349854,0.5943236947059631,-0.003887846600264311,0.5611920356750488,0.5746421217918396,-0.009410892613232136,0.6218644380569458,0.6121312975883484,-0.023132914677262306,0.5597116351127625,0.5397502779960632,-0.039262719452381134,0.5247045755386353,0.5369258522987366,-0.04482027515769005,0.508930504322052,0.548681378364563,-0.04482289031147957,0.5855640172958374,0.63800448179245,-0.031986214220523834,0.5272710919380188,0.5360020995140076,-0.04787534847855568,0.5019575357437134,0.5326429009437561,-0.0467977412045002,0.4923437237739563,0.5521336793899536,-0.04173121973872185,0.5515204071998596,0.6696534156799316,-0.038871798664331436,0.49839282035827637,0.5787217617034912,-0.05088437348604202,0.4942338466644287,0.5873284935951233,-0.04130825027823448,0.5033498406410217,0.6103848814964294,-0.03057614527642727,0.5229590535163879,0.7025241255760193,-0.04458382725715637,0.4903791844844818,0.6300181746482849,-0.05064378306269646,0.49244779348373413,0.6258031725883484,-0.04083969444036484,0.5014045238494873,0.6340702176094055,-0.03063829243183136,0,0,0,0,0,0,0,0,0,0,0,0,0,0,0,0,0,0,0,0,0,0,0,0,0,0,0,0,0,0,0,0,0,0,0,0,0,0,0,0,0,0,0,0,0,0,0,0,0,0,0,0,0,0,0,0,0,0,0,0,0,0,0,eat
0.6231288909912109,0.8087029457092285,-8.962933151224206e-08,0.6425958871841431,0.7238418459892273,0.008880938403308392,0.6307956576347351,0.642595648765564,0.005910447798669338,0.6012489795684814,0.589225709438324,0.001663701026700437,0.5830358266830444,0.5566815137863159,-0.003090072423219681,0.6226344108581543,0.6144309043884277,-0.02108842134475708,0.5619332790374756,0.543942928314209,-0.0355718694627285,0.5294698476791382,0.5417255759239197,-0.03930853307247162,0.5158191323280334,0.5517705678939819,-0.038367677479982376,0.5868656635284424,0.6397415399551392,-0.03166593238711357,0.527822732925415,0.5353161096572876,-0.04732652008533478,0.5025981664657593,0.5305610299110413,-0.045122746378183365,0.4930878281593323,0.547698438167572,-0.039136648178100586,0.5531049370765686,0.6710957884788513,-0.03984464704990387,0.49876314401626587,0.5774974226951599,-0.051494792103767395,0.4933326840400696,0.5837927460670471,-0.04025069996714592,0.5013328194618225,0.6041048169136047,-0.028317134827375412,0.524235725402832,0.7042814493179321,-0.046567413955926895,0.4898737668991089,0.6291386485099792,-0.052226390689611435,0.49016404151916504,0.6217607259750366,-0.041438356041908264,0.49781864881515503,0.6268600821495056,-0.030479542911052704,0,0,0,0,0,0,0,0,0,0,0,0,0,0,0,0,0,0,0,0,0,0,0,0,0,0,0,0,0,0,0,0,0,0,0,0,0,0,0,0,0,0,0,0,0,0,0,0,0,0,0,0,0,0,0,0,0,0,0,0,0,0,0,eat
0.6214208006858826,0.7981715202331543,-1.998743925923918e-08,0.640641450881958,0.7123634219169617,0.010518685914576054,0.6313624382019043,0.6320176124572754,0.008281690068542957,0.609860897064209,0.5736426711082458,0.004609778523445129,0.5900434851646423,0.5392683148384094,0.00011332492431392893,0.6211405992507935,0.6092192530632019,-0.022123457863926888,0.5607286691665649,0.5345130562782288,-0.03590851277112961,0.52469402551651,0.5253205299377441,-0.039500437676906586,0.5052292346954346,0.5317938327789307,-0.03867362439632416,0.5864561796188354,0.6334874629974365,-0.03313590958714485,0.5304484963417053,0.525306761264801,-0.04821568727493286,0.50283282995224,0.5107391476631165,-0.04642604663968086,0.48935145139694214,0.5225591659545898,-0.041135162115097046,0.5531759262084961,0.6647064685821533,-0.04128265008330345,0.5001332759857178,0.5688709616661072,-0.05198201164603233,0.49283403158187866,0.5709965825080872,-0.04110470041632652,0.49823057651519775,0.5903969407081604,-0.02988666296005249,0.5252847075462341,0.6986603140830994,-0.04790106043219566,0.4919763207435608,0.6250959634780884,-0.052963268011808395,0.4910532832145691,0.6181192398071289,-0.04211040586233139,0.49726900458335876,0.6245126128196716,-0.03138384595513344,0,0,0,0,0,0,0,0,0,0,0,0,0,0,0,0,0,0,0,0,0,0,0,0,0,0,0,0,0,0,0,0,0,0,0,0,0,0,0,0,0,0,0,0,0,0,0,0,0,0,0,0,0,0,0,0,0,0,0,0,0,0,0,eat
0.6197816133499146,0.788817286491394,1.0263296879031714e-08,0.6403354406356812,0.7024636268615723,0.010707439854741096,0.632165789604187,0.6235986351966858,0.008737149648368359,0.6105428338050842,0.5669336318969727,0.0051422943361103535,0.5891279578208923,0.5349897146224976,0.0006833357037976384,0.6241939067840576,0.5989735126495361,-0.01937824673950672,0.5673447251319885,0.5271647572517395,-0.03218594193458557,0.537112295627594,0.5192930102348328,-0.036123573780059814,0.5226962566375732,0.5253090858459473,-0.03586643934249878,0.5872453451156616,0.6215004324913025,-0.030395666137337685,0.5326385498046875,0.5164110660552979,-0.04464435577392578,0.5085947513580322,0.5007518529891968,-0.04376759007573128,0.497002512216568,0.5099867582321167,-0.039376720786094666,0.5526066422462463,0.651413083076477,-0.038627929985523224,0.5013431906700134,0.55667644739151,-0.04893519729375839,0.4983987510204315,0.5579728484153748,-0.0397290363907814,0.5062941312789917,0.5761702656745911,-0.0299140065908432,0.5243710279464722,0.6839200258255005,-0.04530224949121475,0.4969854950904846,0.6160866022109985,-0.050178006291389465,0.5019099712371826,0.6120781898498535,-0.04013668745756149,0.5123111605644226,0.6206653118133545,-0.030080512166023254,0,0,0,0,0,0,0,0,0,0,0,0,0,0,0,0,0,0,0,0,0,0,0,0,0,0,0,0,0,0,0,0,0,0,0,0,0,0,0,0,0,0,0,0,0,0,0,0,0,0,0,0,0,0,0,0,0,0,0,0,0,0,0,eat
0.6223764419555664,0.7905314564704895,-5.634454325331717e-08,0.6438104510307312,0.704475462436676,0.011635779403150082,0.6367114186286926,0.6242616176605225,0.007892781868577003,0.6098664999008179,0.5705610513687134,0.0021698304917663336,0.5784679055213928,0.5501770973205566,-0.00498600909486413,0.6326647996902466,0.5969043374061584,-0.02036171779036522,0.5697101354598999,0.5251989960670471,-0.03723596781492233,0.531968891620636,0.5159481167793274,-0.04503950849175453,0.5108773708343506,0.5224691033363342,-0.04667098820209503,0.5961625576019287,0.6204885244369507,-0.03280775621533394,0.5400179624557495,0.5183895826339722,-0.04779855161905289,0.5096303820610046,0.4989989399909973,-0.047444917261600494,0.4926849603652954,0.505771815776825,-0.04374928027391434,0.5607786178588867,0.6510461568832397,-0.04286479949951172,0.5088022947311401,0.5561963319778442,-0.05229698121547699,0.4914279282093048,0.5444613695144653,-0.04304063320159912,0.4872775971889496,0.5512335300445557,-0.0337495394051075,0.5307030081748962,0.6839349865913391,-0.05149667337536812,0.49799081683158875,0.605381190776825,-0.05462905764579773,0.4896007180213928,0.5826518535614014,-0.04469745233654976,0.487411767244339,0.5730376243591309,-0.0354350283741951,0,0,0,0,0,0,0,0,0,0,0,0,0,0,0,0,0,0,0,0,0,0,0,0,0,0,0,0,0,0,0,0,0,0,0,0,0,0,0,0,0,0,0,0,0,0,0,0,0,0,0,0,0,0,0,0,0,0,0,0,0,0,0,eat
0.6236898899078369,0.7918972969055176,7.48854755983075e-09,0.6429456472396851,0.7037591338157654,0.014211335219442844,0.6321941614151001,0.628993034362793,0.01101361308246851,0.6010318398475647,0.582829475402832,0.005769046489149332,0.5684545636177063,0.5638838410377502,-0.001390599412843585,0.6288105845451355,0.6011196970939636,-0.020010704174637794,0.5736398696899414,0.5183866620063782,-0.031708791851997375,0.5447847247123718,0.49745696783065796,-0.03365778923034668,0.5297185778617859,0.493183970451355,-0.03168400749564171,0.5909547209739685,0.626227080821991,-0.03299534320831299,0.5384633541107178,0.5267760157585144,-0.042244575917720795,0.5144016742706299,0.5037071108818054,-0.03762342035770416,0.5020098686218262,0.5022124648094177,-0.03192611783742905,0.555374026298523,0.6569018363952637,-0.04335193708539009,0.5104650259017944,0.5614860653877258,-0.04730316996574402,0.4929262697696686,0.5361062288284302,-0.03713688626885414,0.4860430359840393,0.5275155901908875,-0.029000859707593918,0.5252854824066162,0.6899962425231934,-0.05186336115002632,0.49284446239471436,0.6090816259384155,-0.051746949553489685,0.48185378313064575,0.5762742757797241,-0.04136049747467041,0.47682687640190125,0.5552814602851868,-0.03247687593102455,0,0,0,0,0,0,0,0,0,0,0,0,0,0,0,0,0,0,0,0,0,0,0,0,0,0,0,0,0,0,0,0,0,0,0,0,0,0,0,0,0,0,0,0,0,0,0,0,0,0,0,0,0,0,0,0,0,0,0,0,0,0,0,eat
0.6220349669456482,0.7883164882659912,4.7558721405494e-08,0.6427634954452515,0.7025468349456787,0.01035439595580101,0.6338175535202026,0.6250008940696716,0.007018883712589741,0.6043245792388916,0.5699551701545715,0.002900992287322879,0.5733246207237244,0.5404033660888672,-0.002712683752179146,0.6272406578063965,0.599135160446167,-0.023210981860756874,0.5704585313796997,0.5184024572372437,-0.03444693982601166,0.5415266156196594,0.49687039852142334,-0.03642402961850166,0.5263002514839172,0.49252843856811523,-0.034477535635232925,0.5899049043655396,0.6247298121452332,-0.03340834379196167,0.5359775424003601,0.5259367823600769,-0.0425555519759655,0.5116560459136963,0.5005218982696533,-0.03898352384567261,0.499010294675827,0.5000646114349365,-0.03401024639606476,0.5546799302101135,0.6558316946029663,-0.040965382009744644,0.507472574710846,0.5629065632820129,-0.045042455196380615,0.4905850887298584,0.5365958213806152,-0.03630194813013077,0.4844893515110016,0.5290522575378418,-0.02909156121313572,0.5250616669654846,0.689144492149353,-0.04685008525848389,0.49249833822250366,0.6101677417755127,-0.04720866680145264,0.48265254497528076,0.5792269110679626,-0.037747010588645935,0.4791678488254547,0.560096025466919,-0.029356524348258972,0,0,0,0,0,0,0,0,0,0,0,0,0,0,0,0,0,0,0,0,0,0,0,0,0,0,0,0,0,0,0,0,0,0,0,0,0,0,0,0,0,0,0,0,0,0,0,0,0,0,0,0,0,0,0,0,0,0,0,0,0,0,0,eat
0.613196611404419,0.7778633832931519,4.260985519977112e-08,0.6366401314735413,0.6945788860321045,0.010857944376766682,0.6319522857666016,0.6181443333625793,0.007789076305925846,0.608337938785553,0.5623083710670471,0.004183987155556679,0.5795560479164124,0.5330002903938293,-0.0005479631945490837,0.6209878325462341,0.5887097120285034,-0.023467911407351494,0.5634931325912476,0.509434163570404,-0.034123875200748444,0.5335184931755066,0.4904603064060211,-0.03507601097226143,0.5170832276344299,0.48693931102752686,-0.03235519304871559,0.5839426517486572,0.6132126450538635,-0.033262740820646286,0.5292863845825195,0.5123440623283386,-0.044502150267362595,0.5074564218521118,0.49648433923721313,-0.03961712121963501,0.49857714772224426,0.5028129816055298,-0.032316531985998154,0.5479894280433655,0.6418353319168091,-0.04008719325065613,0.5022861957550049,0.5467736124992371,-0.04573362320661545,0.4884779453277588,0.5280418992042542,-0.03371323272585869,0.4853130280971527,0.5262141227722168,-0.022959241643548012,0.5177915096282959,0.6722400784492493,-0.04512983188033104,0.490837037563324,0.5882020592689514,-0.0455816313624382,0.4848664104938507,0.5628155469894409,-0.03284237161278725,0.4835153818130493,0.5508491396903992,-0.02113981358706951,0,0,0,0,0,0,0,0,0,0,0,0,0,0,0,0,0,0,0,0,0,0,0,0,0,0,0,0,0,0,0,0,0,0,0,0,0,0,0,0,0,0,0,0,0,0,0,0,0,0,0,0,0,0,0,0,0,0,0,0,0,0,0,eat
0.6213852167129517,0.7907586097717285,-1.9643197290974967e-08,0.6427313685417175,0.703711748123169,0.011021764948964119,0.6357020139694214,0.6234453320503235,0.006709398701786995,0.6060723066329956,0.5703577399253845,0.0009732315666042268,0.5719470381736755,0.5501333475112915,-0.006031503435224295,0.6341473460197449,0.5968402624130249,-0.021527547389268875,0.5754736065864563,0.5194625854492188,-0.03488675504922867,0.542995810508728,0.5034803152084351,-0.0383678674697876,0.5267767906188965,0.503696084022522,-0.03704099357128143,0.5944211483001709,0.6212201714515686,-0.03316638246178627,0.5413569808006287,0.520243763923645,-0.04438894987106323,0.5176705121994019,0.5026231408119202,-0.04031018167734146,0.5069853067398071,0.5059382319450378,-0.03419739753007889,0.5560357570648193,0.6501049995422363,-0.04242450371384621,0.5119336843490601,0.5501200556755066,-0.04868639260530472,0.49551111459732056,0.5298545360565186,-0.03753190487623215,0.49038413166999817,0.5271118879318237,-0.02752397395670414,0.5233907699584961,0.6810464262962341,-0.050150316208601,0.4957595467567444,0.5939869284629822,-0.05155786871910095,0.4857925772666931,0.5635865330696106,-0.04025179520249367,0.480837881565094,0.5479140877723694,-0.029937278479337692,0,0,0,0,0,0,0,0,0,0,0,0,0,0,0,0,0,0,0,0,0,0,0,0,0,0,0,0,0,0,0,0,0,0,0,0,0,0,0,0,0,0,0,0,0,0,0,0,0,0,0,0,0,0,0,0,0,0,0,0,0,0,0,eat
0.6228532791137695,0.7930929660797119,1.8801811663138324e-08,0.6438664197921753,0.7080252170562744,0.012087816372513771,0.6367772221565247,0.6286619901657104,0.008788826875388622,0.6078704595565796,0.5733202695846558,0.004282101057469845,0.5760611891746521,0.5480821132659912,-0.002159560564905405,0.6332532167434692,0.5998631119728088,-0.023700134828686714,0.5737780928611755,0.5172591805458069,-0.035686250776052475,0.5421345233917236,0.49658018350601196,-0.03803959861397743,0.5241384506225586,0.49253299832344055,-0.03646056726574898,0.5950022339820862,0.6244683861732483,-0.03562088683247566,0.5431644320487976,0.5206269025802612,-0.044958408921957016,0.5204668045043945,0.4949127435684204,-0.040405724197626114,0.5082111358642578,0.4923987090587616,-0.034865912050008774,0.5585573315620422,0.6543785929679871,-0.04480638727545738,0.5161017775535583,0.5538002252578735,-0.049090925604104996,0.5011906623840332,0.524048924446106,-0.03893535956740379,0.4957181513309479,0.5117652416229248,-0.03097829781472683,0.5270841717720032,0.6871709227561951,-0.052283838391304016,0.4997277855873108,0.6027542948722839,-0.05345836281776428,0.4922827184200287,0.567984938621521,-0.04339002072811127,0.4890037477016449,0.5443755388259888,-0.03474288806319237,0,0,0,0,0,0,0,0,0,0,0,0,0,0,0,0,0,0,0,0,0,0,0,0,0,0,0,0,0,0,0,0,0,0,0,0,0,0,0,0,0,0,0,0,0,0,0,0,0,0,0,0,0,0,0,0,0,0,0,0,0,0,0,eat
0.6140238642692566,0.795644998550415,8.246845339954234e-08,0.6401095986366272,0.7149052023887634,0.006056009326130152,0.6336272358894348,0.6299205422401428,0.002323845401406288,0.606712281703949,0.5699625015258789,-0.0014287425437942147,0.5765545964241028,0.5389994978904724,-0.005593420006334782,0.6197710633277893,0.6056594848632812,-0.022750237956643105,0.5645334720611572,0.5198035836219788,-0.03514895588159561,0.5353497266769409,0.4967973530292511,-0.038420822471380234,0.5201711654663086,0.4931102693080902,-0.03712094947695732,0.5799248814582825,0.6289780139923096,-0.03025207109749317,0.5289092063903809,0.5199683308601379,-0.04183914512395859,0.5156686305999756,0.5025273561477661,-0.03686203807592392,0.5138506889343262,0.5092547535896301,-0.029548384249210358,0.5435693264007568,0.6556777358055115,-0.03552846983075142,0.5019281506538391,0.5496739149093628,-0.04241596907377243,0.4982661008834839,0.5364580750465393,-0.027760647237300873,0.503515362739563,0.5427206754684448,-0.01470013614743948,0.5143718719482422,0.6836164593696594,-0.03978138789534569,0.49147123098373413,0.5956966876983643,-0.040984757244586945,0.4938231110572815,0.5759809017181396,-0.026442864909768105,0.500030517578125,0.5723204016685486,-0.013298355974256992,0,0,0,0,0,0,0,0,0,0,0,0,0,0,0,0,0,0,0,0,0,0,0,0,0,0,0,0,0,0,0,0,0,0,0,0,0,0,0,0,0,0,0,0,0,0,0,0,0,0,0,0,0,0,0,0,0,0,0,0,0,0,0,eat
0.6132515668869019,0.7992138266563416,-3.083842869955333e-08,0.6384453177452087,0.7164009213447571,0.00693936413154006,0.6339558362960815,0.6303128004074097,0.004428887274116278,0.6117252707481384,0.5661694407463074,0.001753740361891687,0.5846379995346069,0.5313017964363098,-0.0005117225227877498,0.6190423369407654,0.608904242515564,-0.022060204297304153,0.5659906268119812,0.5226173996925354,-0.03557702898979187,0.5403949618339539,0.5183631181716919,-0.03861955180764198,0.5345327258110046,0.5304890871047974,-0.036715708673000336,0.5785654187202454,0.6302202343940735,-0.029860733076930046,0.5286728739738464,0.5144896507263184,-0.04379668086767197,0.5164815783500671,0.512570858001709,-0.038760293275117874,0.5184568762779236,0.5301936864852905,-0.030474646016955376,0.5421532392501831,0.6555308103561401,-0.03539656102657318,0.5000964403152466,0.5466896891593933,-0.044310566037893295,0.49822545051574707,0.5464369654655457,-0.029547883197665215,0.5062315464019775,0.5609920024871826,-0.015624431893229485,0.5131604075431824,0.6820025444030762,-0.03969904035329819,0.490403413772583,0.592581570148468,-0.04149080067873001,0.49258241057395935,0.582529604434967,-0.027066661044955254,0.4989962577819824,0.5867160558700562,-0.013927341438829899,0,0,0,0,0,0,0,0,0,0,0,0,0,0,0,0,0,0,0,0,0,0,0,0,0,0,0,0,0,0,0,0,0,0,0,0,0,0,0,0,0,0,0,0,0,0,0,0,0,0,0,0,0,0,0,0,0,0,0,0,0,0,0,eat
0.6082449555397034,0.8200785517692566,4.51617729879672e-08,0.6332409381866455,0.7332059741020203,0.00796370580792427,0.628231406211853,0.648457944393158,0.004235190339386463,0.6061262488365173,0.5871623158454895,0.00021675112657248974,0.5839629769325256,0.546665608882904,-0.0043495758436620235,0.6154539585113525,0.6203528046607971,-0.025303713977336884,0.5575317740440369,0.5299586653709412,-0.03829001262784004,0.529478132724762,0.5105831623077393,-0.041083745658397675,0.5171093344688416,0.5109561085700989,-0.0389605388045311,0.5760194659233093,0.6496632099151611,-0.034293800592422485,0.5228502750396729,0.5360063910484314,-0.04689036309719086,0.5078849792480469,0.5145631432533264,-0.042698051780462265,0.505560040473938,0.5187358856201172,-0.03583083301782608,0.5398886203765869,0.6812810301780701,-0.0410490445792675,0.4965830147266388,0.5708048343658447,-0.048171285539865494,0.4874380826950073,0.5432668924331665,-0.036715440452098846,0.4877578914165497,0.5358109474182129,-0.026149164885282516,0.5108963251113892,0.7118946313858032,-0.04634678736329079,0.48484379053115845,0.618718683719635,-0.04819103702902794,0.4826642870903015,0.5861647129058838,-0.036430612206459045,0.48479825258255005,0.5696022510528564,-0.025525741279125214,0,0,0,0,0,0,0,0,0,0,0,0,0,0,0,0,0,0,0,0,0,0,0,0,0,0,0,0,0,0,0,0,0,0,0,0,0,0,0,0,0,0,0,0,0,0,0,0,0,0,0,0,0,0,0,0,0,0,0,0,0,0,0,eat
0.6003152132034302,0.8385777473449707,1.1676075928335194e-07,0.632341742515564,0.7530359625816345,0.0075276074931025505,0.6282311677932739,0.6630529165267944,0.004020310007035732,0.6096651554107666,0.5920393466949463,0.0010668013710528612,0.5963365435600281,0.5406337380409241,-0.0022723760921508074,0.6139105558395386,0.6444274187088013,-0.030958862975239754,0.5601996779441833,0.5463271141052246,-0.04067746549844742,0.5379273891448975,0.5161983966827393,-0.03919776901602745,0.5273547172546387,0.5072470307350159,-0.03417905420064926,0.5709841847419739,0.67249596118927,-0.038089632987976074,0.519332766532898,0.5559250712394714,-0.04771293327212334,0.5057829022407532,0.5220193266868591,-0.04085467383265495,0.5034722685813904,0.5163869261741638,-0.03274105116724968,0.5316401124000549,0.7004857063293457,-0.04227898269891739,0.4891318678855896,0.5858814716339111,-0.04633196443319321,0.4831101596355438,0.5498188734054565,-0.03439417853951454,0.4852277934551239,0.538259744644165,-0.024310661479830742,0.4999696612358093,0.7270504236221313,-0.044828057289123535,0.47245168685913086,0.6298169493675232,-0.04451143369078636,0.4720160961151123,0.5938796997070312,-0.03250036761164665,0.4761858582496643,0.5755960941314697,-0.021764079108834267,0,0,0,0,0,0,0,0,0,0,0,0,0,0,0,0,0,0,0,0,0,0,0,0,0,0,0,0,0,0,0,0,0,0,0,0,0,0,0,0,0,0,0,0,0,0,0,0,0,0,0,0,0,0,0,0,0,0,0,0,0,0,0,eat
0.5953465700149536,0.8395993113517761,1.3113110242102266e-07,0.6280941367149353,0.7541313767433167,0.0068344795145094395,0.6229132413864136,0.6620299816131592,0.0029949010349810123,0.6043812036514282,0.5875932574272156,-0.00034522905480116606,0.5972375273704529,0.5312039256095886,-0.0039575789123773575,0.6073667407035828,0.6430864334106445,-0.0303970780223608,0.5544204115867615,0.5466013550758362,-0.0408148355782032,0.5315840244293213,0.5160846710205078,-0.03959103301167488,0.5189123153686523,0.50752192735672,-0.03502705693244934,0.5638500452041626,0.6693013906478882,-0.037289537489414215,0.5128301978111267,0.5557695627212524,-0.04684992879629135,0.5019252896308899,0.5256338715553284,-0.03863019496202469,0.5000328421592712,0.5228776931762695,-0.029790394008159637,0.5238252282142639,0.6978395581245422,-0.041417721658945084,0.48058444261550903,0.5865404605865479,-0.04525749385356903,0.47722482681274414,0.5556478500366211,-0.03004024177789688,0.4801879823207855,0.5482432842254639,-0.017746364697813988,0.4909626245498657,0.7264424562454224,-0.04419967904686928,0.463813841342926,0.6312591433525085,-0.04385142773389816,0.4633226692676544,0.5958894491195679,-0.03040764480829239,0.4664052128791809,0.5783177614212036,-0.01854715123772621,0,0,0,0,0,0,0,0,0,0,0,0,0,0,0,0,0,0,0,0,0,0,0,0,0,0,0,0,0,0,0,0,0,0,0,0,0,0,0,0,0,0,0,0,0,0,0,0,0,0,0,0,0,0,0,0,0,0,0,0,0,0,0,eat
0.594514787197113,0.8409997224807739,1.3906145568398642e-07,0.6277222633361816,0.753210723400116,0.005797466263175011,0.6206843852996826,0.6609010696411133,0.002559414366260171,0.5928904414176941,0.5906919240951538,5.8713689213618636e-05,0.5679947733879089,0.5414998531341553,-0.0029385846573859453,0.6068328022956848,0.6452242136001587,-0.030494792386889458,0.5510438084602356,0.5491417050361633,-0.04137701913714409,0.527819812297821,0.5175738334655762,-0.041451796889305115,0.5158962607383728,0.5084729194641113,-0.03762834891676903,0.5631534457206726,0.6719667315483093,-0.03696191683411598,0.5110791325569153,0.5571942925453186,-0.04611406847834587,0.5019727349281311,0.5255140662193298,-0.039173007011413574,0.50213623046875,0.5234259963035583,-0.031367477029561996,0.5234591960906982,0.7002739310264587,-0.04076521471142769,0.4789069592952728,0.5866425037384033,-0.04476641118526459,0.47828733921051025,0.5544213652610779,-0.03184475004673004,0.48453038930892944,0.5477526187896729,-0.02120552957057953,0.49097710847854614,0.7284738421440125,-0.04331504553556442,0.4631911516189575,0.6317693591117859,-0.04360835254192352,0.46507343649864197,0.5977778434753418,-0.0315520279109478,0.470933735370636,0.5827101469039917,-0.02081170864403248,0,0,0,0,0,0,0,0,0,0,0,0,0,0,0,0,0,0,0,0,0,0,0,0,0,0,0,0,0,0,0,0,0,0,0,0,0,0,0,0,0,0,0,0,0,0,0,0,0,0,0,0,0,0,0,0,0,0,0,0,0,0,0,eat
0.5849168300628662,0.842949390411377,7.04818248209449e-08,0.6159170866012573,0.7560089826583862,0.010560805909335613,0.6141110062599182,0.6642836332321167,0.009048661217093468,0.6020708084106445,0.5893909335136414,0.00755175668746233,0.5992971062660217,0.5344972014427185,0.006036701146513224,0.5922978520393372,0.6459197402000427,-0.02753705531358719,0.5397586822509766,0.5466326475143433,-0.034956175833940506,0.5177074074745178,0.5279849767684937,-0.031022772192955017,0.5101218819618225,0.5296358466148376,-0.02483461983501911,0.5496634840965271,0.670459508895874,-0.035000279545784,0.49819692969322205,0.5505427122116089,-0.04261304438114166,0.4893702566623688,0.5358418822288513,-0.032402995973825455,0.4939849078655243,0.547130286693573,-0.02218719944357872,0.5114139318466187,0.69829922914505,-0.038950707763433456,0.46936655044555664,0.5843247175216675,-0.04134660214185715,0.4707823097705841,0.5722367167472839,-0.02469916269183159,0.4810364246368408,0.5814768075942993,-0.011648434214293957,0.48090630769729614,0.7273890376091003,-0.04106544330716133,0.4563005566596985,0.6319340467453003,-0.03934389725327492,0.4610874056816101,0.6084122657775879,-0.02460724487900734,0.46996480226516724,0.602124035358429,-0.01208121981471777,0,0,0,0,0,0,0,0,0,0,0,0,0,0,0,0,0,0,0,0,0,0,0,0,0,0,0,0,0,0,0,0,0,0,0,0,0,0,0,0,0,0,0,0,0,0,0,0,0,0,0,0,0,0,0,0,0,0,0,0,0,0,0,eat
0.5845073461532593,0.8633583784103394,1.1388549125967984e-07,0.6187386512756348,0.7743054032325745,0.009071103297173977,0.6181009411811829,0.6810705661773682,0.005777503829449415,0.5981525182723999,0.6044307351112366,0.003514144802466035,0.582385778427124,0.5479440093040466,0.0012401065323501825,0.5977224707603455,0.6657407283782959,-0.03518236428499222,0.5399835705757141,0.560284435749054,-0.0437629371881485,0.5204464197158813,0.5302984714508057,-0.03894377872347832,0.5132476687431335,0.5253143310546875,-0.031011415645480156,0.5542972683906555,0.6929628849029541,-0.041989851742982864,0.5012696385383606,0.5664070844650269,-0.050372414290905,0.4927036762237549,0.5366791486740112,-0.03934483230113983,0.4949807822704315,0.5376847386360168,-0.02779296413064003,0.5150306820869446,0.7207891941070557,-0.045080408453941345,0.47362691164016724,0.6012481451034546,-0.0469551645219326,0.47233325242996216,0.5687358379364014,-0.030083149671554565,0.4781983494758606,0.5616757869720459,-0.016784092411398888,0.48296070098876953,0.7496790289878845,-0.04639215022325516,0.45735931396484375,0.6498137712478638,-0.043586600571870804,0.46048271656036377,0.6155718564987183,-0.027708830311894417,0.4663102924823761,0.6008256673812866,-0.014181064441800117,0,0,0,0,0,0,0,0,0,0,0,0,0,0,0,0,0,0,0,0,0,0,0,0,0,0,0,0,0,0,0,0,0,0,0,0,0,0,0,0,0,0,0,0,0,0,0,0,0,0,0,0,0,0,0,0,0,0,0,0,0,0,0,eat
0.5863593220710754,0.863813579082489,1.5510228479342913e-07,0.6191666722297668,0.7730592489242554,0.01112653873860836,0.6196138858795166,0.6772708296775818,0.008327270857989788,0.6080145835876465,0.5980830192565918,0.005585226230323315,0.6017945408821106,0.5386942625045776,0.00217573344707489,0.594349205493927,0.6589387655258179,-0.029302509501576424,0.5393509864807129,0.5553342700004578,-0.037241414189338684,0.5145178437232971,0.5232607126235962,-0.034194041043519974,0.5017682313919067,0.5122379660606384,-0.028565581887960434,0.5521255135536194,0.687258780002594,-0.0376632884144783,0.5017798542976379,0.5649250745773315,-0.04597272723913193,0.49089717864990234,0.5354518890380859,-0.036388177424669266,0.4908439815044403,0.5348434448242188,-0.02627047710120678,0.5128670334815979,0.7179807424545288,-0.04236583411693573,0.4705001711845398,0.5992066264152527,-0.04476776346564293,0.4677191376686096,0.5702158212661743,-0.02799961343407631,0.4725196659564972,0.5659520626068115,-0.014698524959385395,0.4805157482624054,0.7496964335441589,-0.0452243871986866,0.4551653265953064,0.6482226252555847,-0.04295846447348595,0.4587783217430115,0.617569625377655,-0.026778627187013626,0.46562671661376953,0.6060360074043274,-0.012911983765661716,0,0,0,0,0,0,0,0,0,0,0,0,0,0,0,0,0,0,0,0,0,0,0,0,0,0,0,0,0,0,0,0,0,0,0,0,0,0,0,0,0,0,0,0,0,0,0,0,0,0,0,0,0,0,0,0,0,0,0,0,0,0,0,eat
0.5886567831039429,0.8662922978401184,8.844743604186078e-08,0.6211748719215393,0.7733392119407654,0.012102595530450344,0.6180898547172546,0.6784363389015198,0.010371467098593712,0.6008318662643433,0.6031176447868347,0.007981606759130955,0.5912491083145142,0.5472490787506104,0.005223837681114674,0.5972406268119812,0.6586928367614746,-0.025357121601700783,0.5388689637184143,0.5582062602043152,-0.03460649028420448,0.5141870975494385,0.5311038494110107,-0.032983072102069855,0.5030739307403564,0.5270572900772095,-0.02791483886539936,0.553609311580658,0.6854677796363831,-0.03436732664704323,0.49952688813209534,0.5624889731407166,-0.043174948543310165,0.49094146490097046,0.5416886806488037,-0.034229375422000885,0.49326226115226746,0.5492157936096191,-0.024213099852204323,0.5140722990036011,0.7156907320022583,-0.039964381605386734,0.4671294093132019,0.5937206745147705,-0.04392900690436363,0.4666120111942291,0.5737943053245544,-0.02756023220717907,0.4735698699951172,0.5785918831825256,-0.013901513069868088,0.48182716965675354,0.7475847005844116,-0.043617114424705505,0.45504096150398254,0.6444402933120728,-0.043584298342466354,0.4577674865722656,0.6155732274055481,-0.02872975543141365,0.46371930837631226,0.6065449714660645,-0.015335647389292717,0,0,0,0,0,0,0,0,0,0,0,0,0,0,0,0,0,0,0,0,0,0,0,0,0,0,0,0,0,0,0,0,0,0,0,0,0,0,0,0,0,0,0,0,0,0,0,0,0,0,0,0,0,0,0,0,0,0,0,0,0,0,0,eat
0.5994834899902344,0.8873326778411865,9.283050417252525e-08,0.6313540935516357,0.7933827638626099,0.012768113985657692,0.6266999840736389,0.7047354578971863,0.008492661640048027,0.5988824963569641,0.6372017860412598,0.0042243716306984425,0.5701961517333984,0.5942931771278381,-0.001008934690617025,0.6171512007713318,0.6806663274765015,-0.03302352502942085,0.5569698214530945,0.5812944769859314,-0.04490096494555473,0.5274419784545898,0.5545361638069153,-0.04421762749552727,0.5134105086326599,0.5503890514373779,-0.038952890783548355,0.5712448358535767,0.7081368565559387,-0.04337112978100777,0.5176880955696106,0.5812427401542664,-0.05402222275733948,0.5000302791595459,0.5456830859184265,-0.04649427533149719,0.4949612617492676,0.539732038974762,-0.03707262873649597,0.5283828973770142,0.7373915910720825,-0.049816954880952835,0.48360052704811096,0.6180330514907837,-0.052768632769584656,0.47225239872932434,0.5775659084320068,-0.038995955139398575,0.4718976616859436,0.5621165037155151,-0.02763921208679676,0.4945279061794281,0.768552839756012,-0.054143212735652924,0.46578967571258545,0.6710517406463623,-0.05094774812459946,0.46235689520835876,0.6320664882659912,-0.03583596274256706,0.46436455845832825,0.6099300384521484,-0.022957634180784225,0,0,0,0,0,0,0,0,0,0,0,0,0,0,0,0,0,0,0,0,0,0,0,0,0,0,0,0,0,0,0,0,0,0,0,0,0,0,0,0,0,0,0,0,0,0,0,0,0,0,0,0,0,0,0,0,0,0,0,0,0,0,0,eat
0.6009421348571777,0.8854962587356567,9.785619425883851e-08,0.63321453332901,0.7904874086380005,0.011480568908154964,0.6281470060348511,0.6957248449325562,0.00785200484097004,0.6061710119247437,0.6166830062866211,0.0039396523497998714,0.5961830019950867,0.556123673915863,-0.0006516480352729559,0.6153874397277832,0.6781111359596252,-0.02979150600731373,0.5559531450271606,0.5777395367622375,-0.040643930435180664,0.527559220790863,0.5523717403411865,-0.039600882679224014,0.5131452083587646,0.5501305460929871,-0.034594643861055374,0.5712302923202515,0.7048192620277405,-0.039025623351335526,0.5189584493637085,0.582416296005249,-0.047534190118312836,0.5004565119743347,0.5442309975624084,-0.039640240371227264,0.4924508333206177,0.5373334288597107,-0.031499557197093964,0.5295574069023132,0.7344576120376587,-0.04481637850403786,0.4830615520477295,0.6140573024749756,-0.04804348200559616,0.47387081384658813,0.5773743391036987,-0.033667344599962234,0.4731004238128662,0.5666178464889526,-0.022499779239296913,0.4949533939361572,0.766139566898346,-0.048597175627946854,0.4657931923866272,0.663515031337738,-0.04804122820496559,0.4623635411262512,0.6262219548225403,-0.034157391637563705,0.46278834342956543,0.6059802174568176,-0.0221731998026371,0,0,0,0,0,0,0,0,0,0,0,0,0,0,0,0,0,0,0,0,0,0,0,0,0,0,0,0,0,0,0,0,0,0,0,0,0,0,0,0,0,0,0,0,0,0,0,0,0,0,0,0,0,0,0,0,0,0,0,0,0,0,0,eat
0.5944930911064148,0.8758261799812317,6.111776684747383e-08,0.624903678894043,0.7834310531616211,0.00844830833375454,0.6215701699256897,0.684188723564148,0.0037415875121951103,0.6085650324821472,0.6028423309326172,-0.0007440120098181069,0.6081170439720154,0.542689859867096,-0.005407027900218964,0.6045433282852173,0.6684590578079224,-0.03623490780591965,0.5434438586235046,0.5667604207992554,-0.047506727278232574,0.5221459865570068,0.5550152659416199,-0.044787000864744186,0.5181925296783447,0.5657697916030884,-0.03900505229830742,0.5607063174247742,0.6953380107879639,-0.04420694708824158,0.5052676796913147,0.5711954832077026,-0.05552336946129799,0.497140496969223,0.5513108968734741,-0.046694565564394,0.5015261769294739,0.5621314644813538,-0.03726397454738617,0.5213980078697205,0.7257456183433533,-0.04859558120369911,0.4720239043235779,0.6035839319229126,-0.054123468697071075,0.47121691703796387,0.5797966122627258,-0.03848464414477348,0.47955310344696045,0.5816202163696289,-0.02588111162185669,0.49013587832450867,0.7574251890182495,-0.051112424582242966,0.4621341824531555,0.6572502255439758,-0.052986860275268555,0.46437323093414307,0.6236779093742371,-0.04013405367732048,0.47068366408348083,0.6097319722175598,-0.028600336983799934,0,0,0,0,0,0,0,0,0,0,0,0,0,0,0,0,0,0,0,0,0,0,0,0,0,0,0,0,0,0,0,0,0,0,0,0,0,0,0,0,0,0,0,0,0,0,0,0,0,0,0,0,0,0,0,0,0,0,0,0,0,0,0,eat
0.594224750995636,0.8960210084915161,3.669308767939583e-08,0.6220552921295166,0.8005428314208984,0.00806504487991333,0.6206576824188232,0.70057213306427,0.0031173378229141235,0.6099787950515747,0.6156790852546692,-0.0012991129187867045,0.6070533990859985,0.5531582832336426,-0.006269065663218498,0.6082223057746887,0.687682032585144,-0.0326111726462841,0.5476205945014954,0.5884548425674438,-0.04251943528652191,0.5244564414024353,0.5764319896697998,-0.04135831072926521,0.5196675062179565,0.5821279287338257,-0.03715064749121666,0.5649459362030029,0.7176318764686584,-0.041025590151548386,0.5092156529426575,0.5944541096687317,-0.04939026013016701,0.4937024414539337,0.5650368928909302,-0.04352262616157532,0.4918209910392761,0.5622331500053406,-0.037231527268886566,0.5244126319885254,0.7498898506164551,-0.04620090499520302,0.47743409872055054,0.6319523453712463,-0.05017923191189766,0.46733883023262024,0.5937280058860779,-0.039391737431287766,0.4671267569065094,0.5778570175170898,-0.031318340450525284,0.4913346767425537,0.7803816795349121,-0.04934781789779663,0.46191054582595825,0.6830860376358032,-0.0500924326479435,0.4579940140247345,0.6447192430496216,-0.03866298124194145,0.45869264006614685,0.6213474869728088,-0.029076537117362022,0,0,0,0,0,0,0,0,0,0,0,0,0,0,0,0,0,0,0,0,0,0,0,0,0,0,0,0,0,0,0,0,0,0,0,0,0,0,0,0,0,0,0,0,0,0,0,0,0,0,0,0,0,0,0,0,0,0,0,0,0,0,0,eat
0.5887560844421387,0.9102206826210022,1.2607449662027648e-07,0.6218705177307129,0.8185262084007263,0.004582162480801344,0.6191228032112122,0.7236128449440002,-0.0007042792276479304,0.5922618508338928,0.6532987356185913,-0.005294022615998983,0.5706924200057983,0.6034767627716064,-0.010579471476376057,0.605653703212738,0.7043812870979309,-0.03339404985308647,0.5496248006820679,0.6046264171600342,-0.04412431642413139,0.5258446931838989,0.578580379486084,-0.04331880807876587,0.5158770084381104,0.5741394758224487,-0.03887492045760155,0.5609835386276245,0.7325400710105896,-0.04043159261345863,0.5101761221885681,0.6122564077377319,-0.048524998128414154,0.4928379952907562,0.572515606880188,-0.04247651621699333,0.48609408736228943,0.5619929432868958,-0.03607458621263504,0.5202537178993225,0.7624574303627014,-0.04492092505097389,0.4770565629005432,0.6441910266876221,-0.048727553337812424,0.466810941696167,0.6026526093482971,-0.03887099772691727,0.4653610587120056,0.5853002667427063,-0.03141488879919052,0.48723316192626953,0.791398286819458,-0.04796529561281204,0.45884332060813904,0.6941691637039185,-0.04959498718380928,0.4554838240146637,0.6547516584396362,-0.03958483040332794,0.4564052224159241,0.6315528154373169,-0.030711911618709564,0,0,0,0,0,0,0,0,0,0,0,0,0,0,0,0,0,0,0,0,0,0,0,0,0,0,0,0,0,0,0,0,0,0,0,0,0,0,0,0,0,0,0,0,0,0,0,0,0,0,0,0,0,0,0,0,0,0,0,0,0,0,0,eat
0.5886858105659485,0.9094620943069458,1.596065999365237e-07,0.621133029460907,0.8178980350494385,0.009107219986617565,0.6138178706169128,0.7303525805473328,0.004720958415418863,0.5804088115692139,0.6680917143821716,5.0917638873215765e-05,0.5514416694641113,0.628074049949646,-0.005409983918070793,0.6050459146499634,0.7070618271827698,-0.029152119532227516,0.5488070845603943,0.606358528137207,-0.04016340896487236,0.5233938694000244,0.5820096135139465,-0.03970613703131676,0.5134214162826538,0.5827201008796692,-0.03500153869390488,0.5595484972000122,0.7323513627052307,-0.0379001721739769,0.5109704732894897,0.6124612092971802,-0.04581721872091293,0.4924006164073944,0.5718520879745483,-0.03947451338171959,0.48450422286987305,0.5640004873275757,-0.032602857798337936,0.5177010297775269,0.7612302303314209,-0.04374564066529274,0.4749675393104553,0.6448784470558167,-0.04638419672846794,0.4643786549568176,0.6033632755279541,-0.036018725484609604,0.4629529118537903,0.5890744924545288,-0.028178606182336807,0.4842594861984253,0.7913773059844971,-0.04780043289065361,0.45824098587036133,0.6947256326675415,-0.04705410823225975,0.45628622174263,0.6579238176345825,-0.03547409549355507,0.45846909284591675,0.63829505443573,-0.02561882883310318,0,0,0,0,0,0,0,0,0,0,0,0,0,0,0,0,0,0,0,0,0,0,0,0,0,0,0,0,0,0,0,0,0,0,0,0,0,0,0,0,0,0,0,0,0,0,0,0,0,0,0,0,0,0,0,0,0,0,0,0,0,0,0,eat
0.5712502598762512,0.9000396132469177,2.3091682521680923e-07,0.604628324508667,0.8114356994628906,0.00536202359944582,0.5980415344238281,0.7238197326660156,-0.000876789097674191,0.5628226399421692,0.6604392528533936,-0.006507111247628927,0.5316543579101562,0.6217271089553833,-0.012237945571541786,0.588720977306366,0.7100946307182312,-0.032834284007549286,0.539457380771637,0.6071576476097107,-0.045418623834848404,0.5159274935722351,0.5800570845603943,-0.045730967074632645,0.5053399205207825,0.5766722559928894,-0.04137963056564331,0.5421918630599976,0.7346471548080444,-0.03920746594667435,0.4973587393760681,0.6134812831878662,-0.04724929854273796,0.4820120334625244,0.5711579322814941,-0.04044383391737938,0.4768471419811249,0.5567222237586975,-0.03377878665924072,0.5001629590988159,0.7595579028129578,-0.042956575751304626,0.4608677923679352,0.6429075598716736,-0.045551326125860214,0.45459917187690735,0.6016174554824829,-0.034082330763339996,0.457124799489975,0.5853433609008789,-0.02574816532433033,0.46752166748046875,0.7827569246292114,-0.04527505859732628,0.4458996653556824,0.687965989112854,-0.04351261630654335,0.4491192102432251,0.6509946584701538,-0.031139301136136055,0.45599716901779175,0.6322056651115417,-0.021032633259892464,0,0,0,0,0,0,0,0,0,0,0,0,0,0,0,0,0,0,0,0,0,0,0,0,0,0,0,0,0,0,0,0,0,0,0,0,0,0,0,0,0,0,0,0,0,0,0,0,0,0,0,0,0,0,0,0,0,0,0,0,0,0,0,eat
0.5571240782737732,0.8955861926078796,2.497208129170758e-07,0.5899540185928345,0.8069145679473877,0.007010459899902344,0.5817318558692932,0.7220643162727356,0.0011562877334654331,0.5457226037979126,0.6671499609947205,-0.003879103809595108,0.5123655796051025,0.6370111703872681,-0.00922714825719595,0.5714727640151978,0.7073478102684021,-0.03467961773276329,0.5215023756027222,0.607505738735199,-0.045517049729824066,0.49792614579200745,0.5767467617988586,-0.044070228934288025,0.48619571328163147,0.5699282288551331,-0.03876743093132973,0.5257839560508728,0.731661856174469,-0.04129750654101372,0.4788030982017517,0.6105207204818726,-0.04880896210670471,0.46691644191741943,0.573258638381958,-0.039863221347332,0.4661814570426941,0.5687239766120911,-0.030939240008592606,0.48515957593917847,0.7571137547492981,-0.0446772575378418,0.44451332092285156,0.6403167843818665,-0.046187322586774826,0.44260382652282715,0.606586217880249,-0.032697997987270355,0.4492565393447876,0.5999438762664795,-0.022606996819376945,0.4545816481113434,0.7820368409156799,-0.04650444537401199,0.4361337423324585,0.6924077868461609,-0.044493816792964935,0.44382283091545105,0.6610414385795593,-0.03172173723578453,0.45404741168022156,0.647923469543457,-0.020896051079034805,0,0,0,0,0,0,0,0,0,0,0,0,0,0,0,0,0,0,0,0,0,0,0,0,0,0,0,0,0,0,0,0,0,0,0,0,0,0,0,0,0,0,0,0,0,0,0,0,0,0,0,0,0,0,0,0,0,0,0,0,0,0,0,eat
0.556376576423645,0.9093267321586609,2.3519385194958886e-07,0.5901980996131897,0.8193289637565613,0.0052374545484781265,0.5810955166816711,0.729773223400116,-0.00022972239821683615,0.543709397315979,0.6691571474075317,-0.004160217475146055,0.510075032711029,0.6329723596572876,-0.009065003134310246,0.5732331275939941,0.7167296409606934,-0.036198534071445465,0.5208818316459656,0.6123422980308533,-0.046621017158031464,0.49523237347602844,0.5784663558006287,-0.045341309159994125,0.48158949613571167,0.5649696588516235,-0.04071580246090889,0.5266739130020142,0.7447922229766846,-0.042420223355293274,0.4807279407978058,0.6216410994529724,-0.051758505403995514,0.4655091166496277,0.5788516402244568,-0.0456252321600914,0.46039333939552307,0.564983606338501,-0.038504499942064285,0.48447296023368835,0.7721443176269531,-0.04564075171947479,0.44383591413497925,0.6529401540756226,-0.04987132176756859,0.4362368583679199,0.6059253215789795,-0.042788486927747726,0.4365624785423279,0.5831131339073181,-0.03714039549231529,0.45254912972450256,0.79557865858078,-0.04701848328113556,0.431911438703537,0.6995908617973328,-0.04778420552611351,0.43626001477241516,0.6643369793891907,-0.03910921514034271,0.4430185556411743,0.6443048715591431,-0.03157968446612358,0,0,0,0,0,0,0,0,0,0,0,0,0,0,0,0,0,0,0,0,0,0,0,0,0,0,0,0,0,0,0,0,0,0,0,0,0,0,0,0,0,0,0,0,0,0,0,0,0,0,0,0,0,0,0,0,0,0,0,0,0,0,0,eat
0.5512100458145142,0.9099106788635254,2.765268902749085e-07,0.5867642164230347,0.8170686960220337,0.0013146925484761596,0.5771952271461487,0.7219192981719971,-0.005477966740727425,0.5384694337844849,0.6548153162002563,-0.009540872648358345,0.5032655000686646,0.6154816746711731,-0.014024206437170506,0.5630372762680054,0.7196698188781738,-0.04034934565424919,0.5148298144340515,0.6155361533164978,-0.05031242221593857,0.49088364839553833,0.5788141489028931,-0.04841391369700432,0.4762190282344818,0.5633265376091003,-0.043813709169626236,0.5155361890792847,0.7470647692680359,-0.04411680996417999,0.47246354818344116,0.624260663986206,-0.05138501524925232,0.4604669213294983,0.5793313980102539,-0.04463617131114006,0.4567151665687561,0.5645662546157837,-0.03833860903978348,0.4745746850967407,0.7733849883079529,-0.0448446087539196,0.4360809326171875,0.6534591913223267,-0.04760972410440445,0.43348032236099243,0.6063701510429382,-0.04064183309674263,0.43674802780151367,0.5850785374641418,-0.036263879388570786,0.4448801875114441,0.7951248288154602,-0.044064782559871674,0.4290505051612854,0.7018523812294006,-0.044890303164720535,0.436666876077652,0.6666947603225708,-0.037760235369205475,0.44476479291915894,0.6474149227142334,-0.03198954463005066,0,0,0,0,0,0,0,0,0,0,0,0,0,0,0,0,0,0,0,0,0,0,0,0,0,0,0,0,0,0,0,0,0,0,0,0,0,0,0,0,0,0,0,0,0,0,0,0,0,0,0,0,0,0,0,0,0,0,0,0,0,0,0,eat
0.5514633655548096,0.9110425114631653,2.8169480970063887e-07,0.5852347612380981,0.8188037872314453,0.0026789268013089895,0.5754554271697998,0.7278889417648315,-0.004086335189640522,0.5367526412010193,0.6685806512832642,-0.008941535837948322,0.501316487789154,0.6355306506156921,-0.014460409991443157,0.5617933869361877,0.7189176082611084,-0.03774876892566681,0.5173424482345581,0.6165117025375366,-0.047911517322063446,0.49351266026496887,0.5828986167907715,-0.046998172998428345,0.47894802689552307,0.5698961019515991,-0.0430452860891819,0.5144967436790466,0.7462278008460999,-0.042639777064323425,0.47490960359573364,0.6244440674781799,-0.04950084537267685,0.46326565742492676,0.5793541669845581,-0.04306262359023094,0.45871660113334656,0.5633900761604309,-0.03702360764145851,0.47324302792549133,0.7733231782913208,-0.04461118206381798,0.43711280822753906,0.653200626373291,-0.04644523188471794,0.4360722303390503,0.6075878143310547,-0.03906863555312157,0.4396468997001648,0.5868736505508423,-0.03459552675485611,0.4434897303581238,0.7959585189819336,-0.04517832770943642,0.4286717176437378,0.7015179991722107,-0.04500376060605049,0.43634507060050964,0.6664960384368896,-0.037026166915893555,0.44350242614746094,0.6478303074836731,-0.030740950256586075,0,0,0,0,0,0,0,0,0,0,0,0,0,0,0,0,0,0,0,0,0,0,0,0,0,0,0,0,0,0,0,0,0,0,0,0,0,0,0,0,0,0,0,0,0,0,0,0,0,0,0,0,0,0,0,0,0,0,0,0,0,0,0,eat
0.5479146242141724,0.90012127161026,2.8843226118624443e-07,0.5811702609062195,0.8087182641029358,-0.0001253802765859291,0.5732407569885254,0.7172823548316956,-0.008407064713537693,0.536024808883667,0.6540840268135071,-0.01426033303141594,0.49951016902923584,0.6195659041404724,-0.020382355898618698,0.5572479367256165,0.7124497890472412,-0.042325709015131,0.5118631720542908,0.6100813746452332,-0.054757338017225266,0.490753173828125,0.5781816244125366,-0.05517136678099632,0.47892045974731445,0.5700635313987732,-0.051560599356889725,0.5104763507843018,0.7387100458145142,-0.04565953463315964,0.46921154856681824,0.6141642928123474,-0.052354007959365845,0.46326202154159546,0.5739955902099609,-0.04463210329413414,0.4637607932090759,0.5665315985679626,-0.03813963383436203,0.47079136967658997,0.7646263837814331,-0.04607091099023819,0.43497347831726074,0.6446601152420044,-0.04736438766121864,0.4431566596031189,0.6138777732849121,-0.035679202526807785,0.454180508852005,0.6110892295837402,-0.028226660564541817,0.4421381950378418,0.7868725657463074,-0.045705489814281464,0.427010178565979,0.6933928728103638,-0.04536831006407738,0.4389339089393616,0.6651028990745544,-0.03531225398182869,0.44910648465156555,0.6556684374809265,-0.027425087988376617,0,0,0,0,0,0,0,0,0,0,0,0,0,0,0,0,0,0,0,0,0,0,0,0,0,0,0,0,0,0,0,0,0,0,0,0,0,0,0,0,0,0,0,0,0,0,0,0,0,0,0,0,0,0,0,0,0,0,0,0,0,0,0,eat
0.5503692626953125,0.9003286361694336,2.718099665344198e-07,0.5826368927955627,0.8109870553016663,0.004371780436486006,0.5751341581344604,0.723487138748169,-0.003035258501768112,0.5387958288192749,0.668940007686615,-0.009058852680027485,0.5025901794433594,0.6429729461669922,-0.01567048393189907,0.5648161768913269,0.709155797958374,-0.0383724682033062,0.5161628127098083,0.6036254167556763,-0.05039440467953682,0.4915534555912018,0.5736478567123413,-0.050538837909698486,0.4798332452774048,0.5692139863967896,-0.046419598162174225,0.517794668674469,0.7343959212303162,-0.0440242700278759,0.4758338928222656,0.6077435612678528,-0.0521567277610302,0.4658917784690857,0.5698609948158264,-0.04497959092259407,0.46443283557891846,0.5644158124923706,-0.03768589347600937,0.47576045989990234,0.759770393371582,-0.046396397054195404,0.4383891224861145,0.6363136768341064,-0.048202019184827805,0.44014444947242737,0.6025580167770386,-0.0368085652589798,0.4476504325866699,0.5961927771568298,-0.028823431581258774,0.444041907787323,0.7832283973693848,-0.04747587442398071,0.4295029640197754,0.6879680156707764,-0.04663041606545448,0.43894484639167786,0.6572351455688477,-0.03560562804341316,0.44818440079689026,0.6444661617279053,-0.026487814262509346,0,0,0,0,0,0,0,0,0,0,0,0,0,0,0,0,0,0,0,0,0,0,0,0,0,0,0,0,0,0,0,0,0,0,0,0,0,0,0,0,0,0,0,0,0,0,0,0,0,0,0,0,0,0,0,0,0,0,0,0,0,0,0,eat
0.5509835481643677,0.8936070799827576,2.318230940545618e-07,0.5828893184661865,0.8043867349624634,0.0038856961764395237,0.5743879079818726,0.7147021889686584,-0.004213249310851097,0.537530243396759,0.6566111445426941,-0.010959049686789513,0.5008755922317505,0.6280529499053955,-0.018558969721198082,0.564630389213562,0.7053384780883789,-0.04026409611105919,0.5184369087219238,0.5995342135429382,-0.053952980786561966,0.4949052929878235,0.5704755783081055,-0.05532509833574295,0.48340728878974915,0.5644098520278931,-0.052336789667606354,0.5179486870765686,0.7297399640083313,-0.0467134565114975,0.4763937294483185,0.6015267372131348,-0.056175440549850464,0.4680817127227783,0.5655351877212524,-0.04906800016760826,0.46725788712501526,0.5593011975288391,-0.042077068239450455,0.4768202602863312,0.7551041841506958,-0.050024278461933136,0.44098877906799316,0.629544734954834,-0.0540340356528759,0.4441094696521759,0.5963190197944641,-0.04199175164103508,0.45179709792137146,0.5884451866149902,-0.03337154909968376,0.4458952844142914,0.7787271738052368,-0.05198338255286217,0.4293666183948517,0.681721568107605,-0.05282064527273178,0.4394843578338623,0.6521152257919312,-0.04128316044807434,0.44858354330062866,0.6410858631134033,-0.03180127590894699,0,0,0,0,0,0,0,0,0,0,0,0,0,0,0,0,0,0,0,0,0,0,0,0,0,0,0,0,0,0,0,0,0,0,0,0,0,0,0,0,0,0,0,0,0,0,0,0,0,0,0,0,0,0,0,0,0,0,0,0,0,0,0,eat
0.5510076880455017,0.8860308527946472,2.1710576447731e-07,0.5847026109695435,0.7956100106239319,0.00738298986107111,0.5770879983901978,0.7108997106552124,0.001166615285910666,0.5437955260276794,0.6555901765823364,-0.004275238607078791,0.5099360942840576,0.6250832676887512,-0.01035602018237114,0.5689048767089844,0.6908842921257019,-0.03648856654763222,0.5233674049377441,0.5870350003242493,-0.046982523053884506,0.4976658523082733,0.5580217242240906,-0.04493436589837074,0.48446524143218994,0.5551589131355286,-0.03932700306177139,0.5228230357170105,0.714183509349823,-0.04380005598068237,0.4785457253456116,0.5915824770927429,-0.05065324157476425,0.4660375714302063,0.5566225647926331,-0.04146672785282135,0.46309956908226013,0.5519152283668518,-0.03288818895816803,0.4808078706264496,0.7408971190452576,-0.0476238876581192,0.4400683343410492,0.6227816939353943,-0.048530276864767075,0.4402901530265808,0.5914928913116455,-0.03500264510512352,0.4472438395023346,0.5867298245429993,-0.02553725056350231,0.44806137681007385,0.7684653997421265,-0.04991886019706726,0.42728039622306824,0.6761847138404846,-0.047819845378398895,0.4345146417617798,0.6472294330596924,-0.03479881212115288,0.44398629665374756,0.6373534202575684,-0.024235056713223457,0,0,0,0,0,0,0,0,0,0,0,0,0,0,0,0,0,0,0,0,0,0,0,0,0,0,0,0,0,0,0,0,0,0,0,0,0,0,0,0,0,0,0,0,0,0,0,0,0,0,0,0,0,0,0,0,0,0,0,0,0,0,0,eat
0.5507826805114746,0.8855164647102356,1.9231246994877438e-07,0.5842946171760559,0.7945838570594788,0.0056357309222221375,0.5750255584716797,0.7066267728805542,-0.0012322887778282166,0.5388449430465698,0.6478430032730103,-0.007451870013028383,0.5042775869369507,0.6121814250946045,-0.014400388114154339,0.5667766332626343,0.6900395750999451,-0.034507013857364655,0.5203707218170166,0.5865964889526367,-0.046832624822854996,0.4955335259437561,0.5552882552146912,-0.047200240194797516,0.4830873906612396,0.5484791994094849,-0.04331645742058754,0.5210404992103577,0.7146217226982117,-0.04194605350494385,0.47581976652145386,0.5901550054550171,-0.05037727579474449,0.4651407301425934,0.5567833781242371,-0.04230049252510071,0.46363189816474915,0.5530702471733093,-0.03416416421532631,0.4796188473701477,0.7415127158164978,-0.046468473970890045,0.4399458169937134,0.6216391921043396,-0.049308471381664276,0.4428228437900543,0.5933171510696411,-0.03487977012991905,0.451072633266449,0.5899054408073425,-0.02413192018866539,0.44713857769966125,0.768785834312439,-0.04975217580795288,0.4257148504257202,0.6724627614021301,-0.04880967363715172,0.43433085083961487,0.6451953649520874,-0.03475760668516159,0.44376134872436523,0.6370308995246887,-0.023132050409913063,0,0,0,0,0,0,0,0,0,0,0,0,0,0,0,0,0,0,0,0,0,0,0,0,0,0,0,0,0,0,0,0,0,0,0,0,0,0,0,0,0,0,0,0,0,0,0,0,0,0,0,0,0,0,0,0,0,0,0,0,0,0,0,eat
0.5565195679664612,0.8813328742980957,1.6710751538084878e-07,0.5897485017776489,0.7929404377937317,0.0050301318988204,0.5852104425430298,0.6967233419418335,-0.0018336952198296785,0.5583732724189758,0.6234578490257263,-0.007494776975363493,0.5269660949707031,0.5766163468360901,-0.014250541105866432,0.5777711868286133,0.6863676905632019,-0.04077126830816269,0.5304633975028992,0.5784394145011902,-0.054779838770627975,0.5070827007293701,0.5489107966423035,-0.0559689886868,0.49636954069137573,0.5442811250686646,-0.05245615169405937,0.5328894257545471,0.71307772397995,-0.04817183315753937,0.4842965304851532,0.5863389372825623,-0.05786311626434326,0.4738847613334656,0.5498418807983398,-0.05127449706196785,0.473602831363678,0.5456697940826416,-0.044726260006427765,0.49026504158973694,0.7413736581802368,-0.052344031631946564,0.4449857175350189,0.6154701709747314,-0.05725274607539177,0.44543278217315674,0.5790311694145203,-0.04599349573254585,0.4532693028450012,0.5704699754714966,-0.03772345185279846,0.45554807782173157,0.7695865631103516,-0.05489540100097656,0.4301304519176483,0.6686373949050903,-0.057226043194532394,0.43657949566841125,0.6367335915565491,-0.046158868819475174,0.44584420323371887,0.6255447268486023,-0.03663770109415054,0,0,0,0,0,0,0,0,0,0,0,0,0,0,0,0,0,0,0,0,0,0,0,0,0,0,0,0,0,0,0,0,0,0,0,0,0,0,0,0,0,0,0,0,0,0,0,0,0,0,0,0,0,0,0,0,0,0,0,0,0,0,0,eat
0.5511779189109802,0.8732469081878662,2.491684369942959e-07,0.5883890986442566,0.7847737073898315,0.008711845614016056,0.5842607021331787,0.701201856136322,0.00289330561645329,0.5531308054924011,0.6439251899719238,-0.0018509463407099247,0.521588921546936,0.6089991331100464,-0.006772653199732304,0.5735859870910645,0.6795563697814941,-0.03969181329011917,0.5300568342208862,0.5710955858230591,-0.047609228640794754,0.50642991065979,0.542045533657074,-0.040887635201215744,0.49619463086128235,0.5415675044059753,-0.03185263276100159,0.5255444645881653,0.701896607875824,-0.046542681753635406,0.4851255714893341,0.575736939907074,-0.05299127474427223,0.47440677881240845,0.5378751158714294,-0.04110386595129967,0.47351816296577454,0.5296977162361145,-0.030315641313791275,0.48168113827705383,0.7256765365600586,-0.0494101457297802,0.44687506556510925,0.6046435832977295,-0.04986993595957756,0.44725850224494934,0.5663994550704956,-0.03574686497449875,0.45383942127227783,0.5541247129440308,-0.025820264592766762,0.4485311806201935,0.7501282691955566,-0.050314102321863174,0.433877170085907,0.6539826989173889,-0.0469704270362854,0.4414563477039337,0.6205949783325195,-0.03349527716636658,0.4505229592323303,0.604968249797821,-0.022699272260069847,0,0,0,0,0,0,0,0,0,0,0,0,0,0,0,0,0,0,0,0,0,0,0,0,0,0,0,0,0,0,0,0,0,0,0,0,0,0,0,0,0,0,0,0,0,0,0,0,0,0,0,0,0,0,0,0,0,0,0,0,0,0,0,eat
0.5505613088607788,0.8635980486869812,1.8969724635553575e-07,0.5858561396598816,0.7772639989852905,0.007641213480383158,0.5838049054145813,0.6900675296783447,0.002720666117966175,0.5682547092437744,0.6209380626678467,-0.0018666600808501244,0.5558187365531921,0.571498692035675,-0.00710288854315877,0.5708965063095093,0.6662193536758423,-0.03151990845799446,0.519837498664856,0.5675427913665771,-0.04264434799551964,0.4951575994491577,0.5386728048324585,-0.0430954210460186,0.4844459593296051,0.5335723757743835,-0.03966400399804115,0.5252394676208496,0.6879404783248901,-0.03897378593683243,0.479165256023407,0.5675223469734192,-0.04758652672171593,0.466449111700058,0.5335745215415955,-0.04086805880069733,0.4644801914691925,0.5296226739883423,-0.033649787306785583,0.48320522904396057,0.7136370539665222,-0.04336777701973915,0.4444975256919861,0.5998972058296204,-0.046839479357004166,0.4421977400779724,0.5675469040870667,-0.03466078266501427,0.4476553201675415,0.5597275495529175,-0.025543276220560074,0.45014438033103943,0.7408579587936401,-0.04617617279291153,0.4341900944709778,0.6509366631507874,-0.04607168212532997,0.44164368510246277,0.6227624416351318,-0.03338167816400528,0.45119011402130127,0.6111891865730286,-0.022527167573571205,0,0,0,0,0,0,0,0,0,0,0,0,0,0,0,0,0,0,0,0,0,0,0,0,0,0,0,0,0,0,0,0,0,0,0,0,0,0,0,0,0,0,0,0,0,0,0,0,0,0,0,0,0,0,0,0,0,0,0,0,0,0,0,eat
0.5510837435722351,0.8626563549041748,1.777667080204992e-07,0.5854965448379517,0.7760210037231445,0.008411355316638947,0.5795145630836487,0.6920402646064758,0.0037523747887462378,0.5496964454650879,0.63628751039505,-0.0012246762635186315,0.5200722217559814,0.6011757254600525,-0.007037309929728508,0.5704945921897888,0.6651736497879028,-0.027906976640224457,0.5201321840286255,0.5655999183654785,-0.03960061073303223,0.4935675859451294,0.5355286002159119,-0.04120097681879997,0.48062199354171753,0.528482973575592,-0.03850710019469261,0.5258089900016785,0.6870868802070618,-0.036537256091833115,0.48113882541656494,0.564517617225647,-0.04630761221051216,0.4679270088672638,0.5345742106437683,-0.04027198627591133,0.46414387226104736,0.5328375697135925,-0.03285988047719002,0.4837920367717743,0.7129158973693848,-0.04215363785624504,0.44539082050323486,0.5967841148376465,-0.04635753110051155,0.4470163583755493,0.5751486420631409,-0.03218841552734375,0.4547775685787201,0.5758943557739258,-0.02077895775437355,0.45002350211143494,0.7402801513671875,-0.046351660043001175,0.4323652982711792,0.6472223401069641,-0.04606180265545845,0.4435681700706482,0.6268701553344727,-0.030858397483825684,0.45559659600257874,0.6244980096817017,-0.017687896266579628,0,0,0,0,0,0,0,0,0,0,0,0,0,0,0,0,0,0,0,0,0,0,0,0,0,0,0,0,0,0,0,0,0,0,0,0,0,0,0,0,0,0,0,0,0,0,0,0,0,0,0,0,0,0,0,0,0,0,0,0,0,0,0,eat
0.5520853400230408,0.8734317421913147,1.5942535469548602e-07,0.5877887606620789,0.7872506976127625,0.009602896869182587,0.5867317318916321,0.7043678760528564,0.005385549273341894,0.5641269087791443,0.6437603831291199,0.001485956134274602,0.5380098819732666,0.6044307351112366,-0.00313884811475873,0.5777698159217834,0.6801793575286865,-0.0328010655939579,0.5281642079353333,0.5765984058380127,-0.04084165394306183,0.5034300088882446,0.5521891117095947,-0.03742861747741699,0.49369603395462036,0.5464640855789185,-0.03154807537794113,0.5318212509155273,0.7032963037490845,-0.041208282113075256,0.4863699674606323,0.5786522626876831,-0.04854986444115639,0.47134068608283997,0.541438639163971,-0.040323406457901,0.46608543395996094,0.5275822281837463,-0.032137252390384674,0.4882907271385193,0.7284142374992371,-0.04594338312745094,0.45158177614212036,0.6084349751472473,-0.048679620027542114,0.4481867551803589,0.5727049112319946,-0.03550907224416733,0.45122477412223816,0.5571454763412476,-0.025507984682917595,0.4543452858924866,0.7532453536987305,-0.048781868070364,0.43695127964019775,0.6557748913764954,-0.04725398123264313,0.44274836778640747,0.6256900429725647,-0.03277185931801796,0.4502379298210144,0.6114528775215149,-0.02078571915626526,0,0,0,0,0,0,0,0,0,0,0,0,0,0,0,0,0,0,0,0,0,0,0,0,0,0,0,0,0,0,0,0,0,0,0,0,0,0,0,0,0,0,0,0,0,0,0,0,0,0,0,0,0,0,0,0,0,0,0,0,0,0,0,eat
0.5480779409408569,0.8605295419692993,1.6043766493112344e-07,0.5794385671615601,0.7778128981590271,0.007141871843487024,0.5784323215484619,0.6879177093505859,0.00244037969969213,0.5619800090789795,0.6219041347503662,-0.0012684015091508627,0.5448218584060669,0.5770745277404785,-0.005051981657743454,0.566533088684082,0.6650091409683228,-0.03803554177284241,0.5127218961715698,0.5579132437705994,-0.04775252565741539,0.4932849407196045,0.5406363010406494,-0.044382333755493164,0.4894319772720337,0.546074390411377,-0.03832145407795906,0.522628128528595,0.6869404911994934,-0.04517938941717148,0.4719829857349396,0.5575389266014099,-0.054046712815761566,0.4640549123287201,0.5373441576957703,-0.04391777887940407,0.4671093821525574,0.5465000867843628,-0.03404794633388519,0.48123329877853394,0.7123810052871704,-0.048609234392642975,0.4421890079975128,0.5931031107902527,-0.052182815968990326,0.4441790282726288,0.5784174203872681,-0.035286881029605865,0.4523221254348755,0.5868016481399536,-0.02242160774767399,0.44758370518684387,0.7399870157241821,-0.05036935582756996,0.43039441108703613,0.6479291915893555,-0.04979507252573967,0.44171977043151855,0.6331170797348022,-0.033595971763134,0.45339110493659973,0.6381763219833374,-0.019941629841923714,0,0,0,0,0,0,0,0,0,0,0,0,0,0,0,0,0,0,0,0,0,0,0,0,0,0,0,0,0,0,0,0,0,0,0,0,0,0,0,0,0,0,0,0,0,0,0,0,0,0,0,0,0,0,0,0,0,0,0,0,0,0,0,eat
0.5475040078163147,0.8694427013397217,1.0117415882859859e-07,0.581075131893158,0.7781721353530884,0.008245616219937801,0.5858319997787476,0.684355616569519,0.0032507311552762985,0.5839484333992004,0.6078173518180847,-0.0020680094603449106,0.5826113820075989,0.5518853664398193,-0.007874016650021076,0.5633403658866882,0.6626240015029907,-0.027414454147219658,0.5105121731758118,0.5609056353569031,-0.037025291472673416,0.4897761940956116,0.5393725037574768,-0.03724426403641701,0.48450398445129395,0.5387986898422241,-0.03410971537232399,0.5191510319709778,0.6880191564559937,-0.03607822209596634,0.47202029824256897,0.5638577342033386,-0.0439000278711319,0.46307915449142456,0.540249228477478,-0.037890903651714325,0.46535661816596985,0.5453298091888428,-0.03122605010867119,0.4789216220378876,0.7163857817649841,-0.041859060525894165,0.44214195013046265,0.5975961089134216,-0.04537169262766838,0.44160938262939453,0.5686998963356018,-0.03404699265956879,0.44735851883888245,0.5639600157737732,-0.025594661012291908,0.4475831985473633,0.7436977028846741,-0.04599611833691597,0.42960530519485474,0.6478791832923889,-0.047028157860040665,0.4362013638019562,0.6195439696311951,-0.0352836437523365,0.4441877007484436,0.6085368990898132,-0.025171227753162384,0,0,0,0,0,0,0,0,0,0,0,0,0,0,0,0,0,0,0,0,0,0,0,0,0,0,0,0,0,0,0,0,0,0,0,0,0,0,0,0,0,0,0,0,0,0,0,0,0,0,0,0,0,0,0,0,0,0,0,0,0,0,0,eat
0.5485009551048279,0.8690747618675232,1.145599597407454e-07,0.5806889533996582,0.7785860300064087,0.009469331242144108,0.5817788243293762,0.6890296936035156,0.005954331252723932,0.5708221197128296,0.6219687461853027,0.002325239358469844,0.5555985569953918,0.5751973986625671,-0.0013203389244154096,0.5640286207199097,0.6631667613983154,-0.02714252844452858,0.5120176672935486,0.5594261884689331,-0.035666368901729584,0.4901127219200134,0.5451549887657166,-0.03421328589320183,0.4841560423374176,0.5486551523208618,-0.03003239817917347,0.5193579792976379,0.6857388615608215,-0.03537432849407196,0.4724426567554474,0.5610475540161133,-0.04287315160036087,0.46217864751815796,0.5428001880645752,-0.03490341454744339,0.4629059135913849,0.5481990575790405,-0.026668909937143326,0.47808635234832764,0.7126230597496033,-0.040399786084890366,0.44400903582572937,0.5969220399856567,-0.04244277626276016,0.44365957379341125,0.5759102702140808,-0.02758977748453617,0.44928717613220215,0.5747398138046265,-0.016546934843063354,0.4465250074863434,0.7394423484802246,-0.04382352530956268,0.43175628781318665,0.6468968987464905,-0.04134184867143631,0.4405628442764282,0.6251214742660522,-0.02562420256435871,0.4492502808570862,0.6207096576690674,-0.0127828074619174,0,0,0,0,0,0,0,0,0,0,0,0,0,0,0,0,0,0,0,0,0,0,0,0,0,0,0,0,0,0,0,0,0,0,0,0,0,0,0,0,0,0,0,0,0,0,0,0,0,0,0,0,0,0,0,0,0,0,0,0,0,0,0,eat
0.5504136085510254,0.8910159468650818,9.019291979939226e-08,0.5834486484527588,0.8014265894889832,0.008804896846413612,0.5799829959869385,0.7153313159942627,0.0027853434439748526,0.5532824993133545,0.6497805118560791,-0.0027895208913832903,0.5240563750267029,0.6083666682243347,-0.009268499910831451,0.5703709125518799,0.6912924647331238,-0.03528057411313057,0.5167169570922852,0.5830060839653015,-0.045401085168123245,0.49378344416618347,0.5569037199020386,-0.043038271367549896,0.48556992411613464,0.5521733164787292,-0.03720293566584587,0.5280014872550964,0.7178536653518677,-0.043829720467329025,0.4784354567527771,0.5925806760787964,-0.0516078844666481,0.4637617766857147,0.5588673949241638,-0.043412551283836365,0.4608876705169678,0.5507099032402039,-0.035161036998033524,0.4871085584163666,0.7455126047134399,-0.04894162714481354,0.4467988908290863,0.625328540802002,-0.05143208056688309,0.4409312605857849,0.5856720209121704,-0.03888189420104027,0.44361424446105957,0.5688141584396362,-0.02970428578555584,0.4530372619628906,0.7740201950073242,-0.052189964801073074,0.4290485382080078,0.6760018467903137,-0.05110660567879677,0.43236270546913147,0.6436872482299805,-0.037485428154468536,0.4386458992958069,0.6287443041801453,-0.026153914630413055,0,0,0,0,0,0,0,0,0,0,0,0,0,0,0,0,0,0,0,0,0,0,0,0,0,0,0,0,0,0,0,0,0,0,0,0,0,0,0,0,0,0,0,0,0,0,0,0,0,0,0,0,0,0,0,0,0,0,0,0,0,0,0,eat
0.5400353670120239,0.8810191750526428,1.962828832802188e-07,0.5731174945831299,0.7938184142112732,0.008166361600160599,0.5673554539680481,0.7090342044830322,0.002540867542847991,0.5330761075019836,0.6570323705673218,-0.0024161930195987225,0.500680148601532,0.6299986243247986,-0.007965766824781895,0.5598913431167603,0.6842660307884216,-0.03322811424732208,0.5107043981552124,0.5829300284385681,-0.04227655753493309,0.48734453320503235,0.5594527721405029,-0.040002256631851196,0.4776748716831207,0.5560005903244019,-0.0352490097284317,0.514029860496521,0.7055322527885437,-0.04134005308151245,0.4681565463542938,0.5824026465415955,-0.04941137880086899,0.4569857120513916,0.553093433380127,-0.040593959391117096,0.45549073815345764,0.55016028881073,-0.03189248591661453,0.47183749079704285,0.7301916480064392,-0.046008381992578506,0.43470802903175354,0.6124296188354492,-0.048923060297966,0.4319863021373749,0.5820220112800598,-0.03505035489797592,0.43499815464019775,0.5735539197921753,-0.024731934070587158,0.43903279304504395,0.7557941675186157,-0.04884079098701477,0.42451998591423035,0.6632927656173706,-0.04704100638628006,0.43385186791419983,0.6355701684951782,-0.03232024610042572,0.4431920647621155,0.6247040033340454,-0.020359741523861885,0,0,0,0,0,0,0,0,0,0,0,0,0,0,0,0,0,0,0,0,0,0,0,0,0,0,0,0,0,0,0,0,0,0,0,0,0,0,0,0,0,0,0,0,0,0,0,0,0,0,0,0,0,0,0,0,0,0,0,0,0,0,0,eat
0.5381585955619812,0.8799175024032593,1.5488130600260774e-07,0.5715462565422058,0.7934551239013672,0.007911558263003826,0.5659124851226807,0.7080592513084412,0.0023265935014933348,0.5305318832397461,0.6537687182426453,-0.0031741491984575987,0.4969634413719177,0.6244983077049255,-0.009378193877637386,0.5579079389572144,0.6856759190559387,-0.03066970780491829,0.505301833152771,0.5816996097564697,-0.042178791016340256,0.47993147373199463,0.5531762838363647,-0.04213277995586395,0.46899497509002686,0.5464693903923035,-0.03818214312195778,0.5130212903022766,0.7098442912101746,-0.03909100219607353,0.46607086062431335,0.5840318202972412,-0.049429647624492645,0.4552631080150604,0.5585488677024841,-0.0417822040617466,0.4545617997646332,0.5602331161499023,-0.03284154087305069,0.47146013379096985,0.7358118295669556,-0.04442935436964035,0.43298107385635376,0.615309476852417,-0.049094971269369125,0.43399783968925476,0.5921448469161987,-0.0342756062746048,0.44143831729888916,0.5913402438163757,-0.0221475288271904,0.43811890482902527,0.761220395565033,-0.04821453243494034,0.41944020986557007,0.6636642813682556,-0.04769700765609741,0.42934057116508484,0.6395466923713684,-0.032528944313526154,0.43981415033340454,0.6335026025772095,-0.019509881734848022,0,0,0,0,0,0,0,0,0,0,0,0,0,0,0,0,0,0,0,0,0,0,0,0,0,0,0,0,0,0,0,0,0,0,0,0,0,0,0,0,0,0,0,0,0,0,0,0,0,0,0,0,0,0,0,0,0,0,0,0,0,0,0,eat
0.5383927226066589,0.8886637687683105,1.851438611311096e-07,0.5702551603317261,0.7995153665542603,0.006484542042016983,0.5628786683082581,0.7150340676307678,-0.0006804008735343814,0.524779200553894,0.6627417802810669,-0.007585759274661541,0.48865973949432373,0.6357914805412292,-0.01551973819732666,0.5573778748512268,0.6901376843452454,-0.03280461207032204,0.5040783882141113,0.591606855392456,-0.043422672897577286,0.4786141812801361,0.5642368793487549,-0.042871564626693726,0.4676089286804199,0.5566948652267456,-0.03894108161330223,0.5116721391677856,0.7163007259368896,-0.04095786064863205,0.4654114246368408,0.5950096845626831,-0.0487445704638958,0.4541242718696594,0.5643584132194519,-0.04026138037443161,0.45250019431114197,0.5579051971435547,-0.03193283453583717,0.4696709215641022,0.7439089417457581,-0.04621047526597977,0.4328920841217041,0.6252503991127014,-0.04940728843212128,0.433656245470047,0.5952470302581787,-0.03486859053373337,0.440292626619339,0.586350679397583,-0.0240167248994112,0.4360746145248413,0.7703133225440979,-0.050073642283678055,0.41873496770858765,0.6738728284835815,-0.04960479587316513,0.4284350872039795,0.6458085179328918,-0.03505808115005493,0.4381769299507141,0.6336817145347595,-0.023071041330695152,0,0,0,0,0,0,0,0,0,0,0,0,0,0,0,0,0,0,0,0,0,0,0,0,0,0,0,0,0,0,0,0,0,0,0,0,0,0,0,0,0,0,0,0,0,0,0,0,0,0,0,0,0,0,0,0,0,0,0,0,0,0,0,eat
0.5379061698913574,0.8878453373908997,1.9754543245653622e-07,0.5710511207580566,0.8016940951347351,0.005695389583706856,0.5641986727714539,0.7144261598587036,-0.0007088046404533088,0.5250009298324585,0.660452663898468,-0.006400441285222769,0.48723408579826355,0.6357576847076416,-0.012736247852444649,0.5557906627655029,0.6928700804710388,-0.03279416635632515,0.5038067102432251,0.5917757749557495,-0.04364508017897606,0.4791675806045532,0.5665746331214905,-0.04312558099627495,0.47052979469299316,0.5630406141281128,-0.03902846947312355,0.5092204809188843,0.7180833220481873,-0.03987834230065346,0.46325716376304626,0.5964924097061157,-0.04832710698246956,0.45065563917160034,0.5616742372512817,-0.040687285363674164,0.4481411278247833,0.5543841123580933,-0.03300520032644272,0.4672808349132538,0.745136559009552,-0.04404079541563988,0.4298187494277954,0.6268221139907837,-0.04789247363805771,0.43012768030166626,0.5961838364601135,-0.034286778420209885,0.43674370646476746,0.5887385010719299,-0.023882921785116196,0.43457621335983276,0.7717877626419067,-0.046796586364507675,0.41677534580230713,0.6755049228668213,-0.046212561428546906,0.42621511220932007,0.6480110883712769,-0.03196064010262489,0.435985267162323,0.6384528875350952,-0.020224785432219505,0,0,0,0,0,0,0,0,0,0,0,0,0,0,0,0,0,0,0,0,0,0,0,0,0,0,0,0,0,0,0,0,0,0,0,0,0,0,0,0,0,0,0,0,0,0,0,0,0,0,0,0,0,0,0,0,0,0,0,0,0,0,0,eat
0.5282759070396423,0.8753446340560913,2.12665639764964e-07,0.561096727848053,0.7849960327148438,0.006867941003292799,0.5527676343917847,0.6992365717887878,0.000840915075968951,0.5098764896392822,0.6510424017906189,-0.004004850052297115,0.47235631942749023,0.6327892541885376,-0.009027262218296528,0.5419931411743164,0.6830558180809021,-0.03492876887321472,0.4925871193408966,0.585114061832428,-0.04508142173290253,0.4718254506587982,0.5611306428909302,-0.042149096727371216,0.464942067861557,0.5620449781417847,-0.03594101220369339,0.49639907479286194,0.707756519317627,-0.041619591414928436,0.4506249725818634,0.5862219333648682,-0.05012091249227524,0.4439812898635864,0.5594655275344849,-0.03972974792122841,0.447104275226593,0.5628320574760437,-0.029245974496006966,0.4566571116447449,0.7341940402984619,-0.04498139023780823,0.42170196771621704,0.6191860437393188,-0.04802925884723663,0.42430368065834045,0.5936983823776245,-0.03279940038919449,0.43200400471687317,0.591512143611908,-0.02099875546991825,0.4272770285606384,0.7598224878311157,-0.046621423214673996,0.4134424924850464,0.6679768562316895,-0.044468194246292114,0.4258509874343872,0.6418569087982178,-0.029698750004172325,0.4368625581264496,0.6332417130470276,-0.01753414049744606,0,0,0,0,0,0,0,0,0,0,0,0,0,0,0,0,0,0,0,0,0,0,0,0,0,0,0,0,0,0,0,0,0,0,0,0,0,0,0,0,0,0,0,0,0,0,0,0,0,0,0,0,0,0,0,0,0,0,0,0,0,0,0,eat
0.5274257659912109,0.8892424702644348,1.767477755265645e-07,0.5607696771621704,0.8002346754074097,0.0034709088504314423,0.5526084303855896,0.7119818329811096,-0.004814269486814737,0.508368968963623,0.6604845523834229,-0.011747677810490131,0.468767374753952,0.6377155184745789,-0.019064750522375107,0.5411390662193298,0.6975528597831726,-0.03893876075744629,0.4879833459854126,0.5930014848709106,-0.05124569684267044,0.4699786603450775,0.5674557089805603,-0.0505124107003212,0.46366390585899353,0.5651736259460449,-0.045897990465164185,0.49449363350868225,0.723818838596344,-0.045126765966415405,0.44655367732048035,0.5950588583946228,-0.05423637479543686,0.4455356001853943,0.5729081034660339,-0.045336902141571045,0.4511564075946808,0.5791770219802856,-0.0363851934671402,0.45427611470222473,0.7498320937156677,-0.04823620989918709,0.41750669479370117,0.6272655725479126,-0.05164705589413643,0.4271397590637207,0.6071122288703918,-0.03686036542057991,0.4377885162830353,0.6094002723693848,-0.025922557339072227,0.42389410734176636,0.7731032967567444,-0.050038423389196396,0.4078015387058258,0.6746834516525269,-0.04913928359746933,0.42321664094924927,0.6520696878433228,-0.034852251410484314,0.4340195655822754,0.6476724147796631,-0.023375224322080612,0,0,0,0,0,0,0,0,0,0,0,0,0,0,0,0,0,0,0,0,0,0,0,0,0,0,0,0,0,0,0,0,0,0,0,0,0,0,0,0,0,0,0,0,0,0,0,0,0,0,0,0,0,0,0,0,0,0,0,0,0,0,0,eat
0.526567280292511,0.89674973487854,1.7473087154940004e-07,0.5607201457023621,0.8055593967437744,0.005348591133952141,0.5538480877876282,0.717313826084137,-0.0011805108515545726,0.5145262479782104,0.6630157232284546,-0.006999492179602385,0.47881048917770386,0.6361371874809265,-0.013493203558027744,0.5422185659408569,0.7027284502983093,-0.03284275531768799,0.4941389560699463,0.6009125113487244,-0.04386875405907631,0.4709821343421936,0.5722197890281677,-0.04404447227716446,0.46026766300201416,0.5634920597076416,-0.04054678976535797,0.4975154995918274,0.7289035320281982,-0.03966112062335014,0.4514257311820984,0.6075399518013,-0.04622951149940491,0.44256624579429626,0.5765606760978699,-0.03850715234875679,0.44242197275161743,0.5701998472213745,-0.03120872750878334,0.4570451080799103,0.7551687359809875,-0.04357801750302315,0.41978520154953003,0.6378837823867798,-0.04475775361061096,0.4235228896141052,0.6107878088951111,-0.031163478270173073,0.4309501051902771,0.6044462323188782,-0.021803930401802063,0.425481379032135,0.7790759801864624,-0.046378035098314285,0.4084414541721344,0.6867461204528809,-0.04419436678290367,0.41900426149368286,0.6612931489944458,-0.030568357557058334,0.4276124835014343,0.6517522931098938,-0.01991429552435875,0,0,0,0,0,0,0,0,0,0,0,0,0,0,0,0,0,0,0,0,0,0,0,0,0,0,0,0,0,0,0,0,0,0,0,0,0,0,0,0,0,0,0,0,0,0,0,0,0,0,0,0,0,0,0,0,0,0,0,0,0,0,0,eat
0.5253262519836426,0.890971839427948,2.1866532051717513e-07,0.5605140328407288,0.7999852299690247,0.0023447813000530005,0.5520968437194824,0.7089212536811829,-0.005804804153740406,0.5124374628067017,0.6474089622497559,-0.012182122096419334,0.4767110049724579,0.6129183769226074,-0.018907485529780388,0.540719747543335,0.7035861015319824,-0.041409291326999664,0.49112048745155334,0.6011366248130798,-0.05354723706841469,0.4694101810455322,0.5693473219871521,-0.052261024713516235,0.4588528275489807,0.5613148808479309,-0.047447867691516876,0.49527105689048767,0.7307456135749817,-0.046690184623003006,0.4492915868759155,0.6064069271087646,-0.05540704354643822,0.4423629939556122,0.5721763968467712,-0.04649842157959938,0.44296908378601074,0.5673292875289917,-0.03823145478963852,0.4551341235637665,0.7566959857940674,-0.04883847013115883,0.41730478405952454,0.6350712180137634,-0.05252416804432869,0.4227074384689331,0.6057552695274353,-0.03859388083219528,0.43149232864379883,0.6019755601882935,-0.028573928400874138,0.42445629835128784,0.7800981402397156,-0.049831222742795944,0.40809348225593567,0.684697151184082,-0.050420649349689484,0.4206910729408264,0.6586733460426331,-0.038053110241889954,0.4308982491493225,0.6515135169029236,-0.027948522940278053,0,0,0,0,0,0,0,0,0,0,0,0,0,0,0,0,0,0,0,0,0,0,0,0,0,0,0,0,0,0,0,0,0,0,0,0,0,0,0,0,0,0,0,0,0,0,0,0,0,0,0,0,0,0,0,0,0,0,0,0,0,0,0,eat
0.5229026675224304,0.8736223578453064,1.749512534843234e-07,0.5563881993293762,0.7872064709663391,0.006173831410706043,0.5479308366775513,0.7039051651954651,-0.0001384257193421945,0.5081924200057983,0.6558924913406372,-0.0052781677804887295,0.4729126989841461,0.6342083811759949,-0.010527574457228184,0.5387741327285767,0.6858385801315308,-0.038324907422065735,0.490935355424881,0.5825316905975342,-0.04875079169869423,0.47096019983291626,0.5621035695075989,-0.04548715054988861,0.46385103464126587,0.5679388046264648,-0.03930120915174484,0.4933137595653534,0.7085586190223694,-0.04470349848270416,0.4479774534702301,0.5835303068161011,-0.052913546562194824,0.4460994303226471,0.5659651160240173,-0.04266171529889107,0.45248329639434814,0.5769119262695312,-0.033043503761291504,0.45331546664237976,0.7333235144615173,-0.047414302825927734,0.41874003410339355,0.6150791645050049,-0.05042988806962967,0.42927801609039307,0.6039338707923889,-0.034648869186639786,0.4417961835861206,0.6141138672828674,-0.023226693272590637,0.4227467179298401,0.7593902945518494,-0.04855528473854065,0.41060900688171387,0.6686493158340454,-0.04832068458199501,0.4270813763141632,0.653317928314209,-0.0344918929040432,0.4400542974472046,0.6545624732971191,-0.023209208622574806,0,0,0,0,0,0,0,0,0,0,0,0,0,0,0,0,0,0,0,0,0,0,0,0,0,0,0,0,0,0,0,0,0,0,0,0,0,0,0,0,0,0,0,0,0,0,0,0,0,0,0,0,0,0,0,0,0,0,0,0,0,0,0,eat
0.5251858830451965,0.8972592949867249,1.6299577509926166e-07,0.5573154091835022,0.8047657012939453,0.004446734208613634,0.5486084222793579,0.7167596220970154,-0.003183322260156274,0.505100429058075,0.6661732196807861,-0.009837646968662739,0.46464014053344727,0.6462612748146057,-0.016627157106995583,0.5375515222549438,0.7072195410728455,-0.03647593408823013,0.4872324466705322,0.6024836301803589,-0.04833473637700081,0.47257867455482483,0.5799745321273804,-0.04748948663473129,0.4692244529724121,0.5817261934280396,-0.04259910061955452,0.4918692111968994,0.7310066819190979,-0.04262020066380501,0.4460225999355316,0.6047384142875671,-0.05065203085541725,0.4445812404155731,0.5799089670181274,-0.042480405420064926,0.4498477578163147,0.5831234455108643,-0.03434983268380165,0.4518129825592041,0.754837691783905,-0.0457327775657177,0.41706499457359314,0.6326562762260437,-0.04870196431875229,0.4255499839782715,0.6101882457733154,-0.03533736243844032,0.43549859523773193,0.6104004979133606,-0.025521650910377502,0.4217931032180786,0.7753953337669373,-0.04745498672127724,0.4093947112560272,0.6792465448379517,-0.04667459800839424,0.4246164560317993,0.655117392539978,-0.03363882377743721,0.43581777811050415,0.6483865976333618,-0.023053782060742378,0,0,0,0,0,0,0,0,0,0,0,0,0,0,0,0,0,0,0,0,0,0,0,0,0,0,0,0,0,0,0,0,0,0,0,0,0,0,0,0,0,0,0,0,0,0,0,0,0,0,0,0,0,0,0,0,0,0,0,0,0,0,0,eat
0.5248371362686157,0.9020259976387024,1.828074260856738e-07,0.5586566925048828,0.8102427124977112,0.0027138881850987673,0.5491668581962585,0.71910160779953,-0.005237305071204901,0.5061466693878174,0.662275493144989,-0.011504960246384144,0.469247043132782,0.6311038732528687,-0.018139902502298355,0.5380232334136963,0.7106987833976746,-0.03989165276288986,0.490067720413208,0.6049901843070984,-0.05261668562889099,0.46950680017471313,0.5754714012145996,-0.052319105714559555,0.4589727520942688,0.5684177875518799,-0.04817458987236023,0.4922635555267334,0.737336277961731,-0.045735448598861694,0.4463499188423157,0.6091907024383545,-0.05405477061867714,0.4424535036087036,0.5828579664230347,-0.04516937583684921,0.4458329975605011,0.5830725431442261,-0.03658934310078621,0.45267453789711,0.763706386089325,-0.048652082681655884,0.4141254425048828,0.6410633325576782,-0.05141247436404228,0.4210148751735687,0.61485755443573,-0.03743898868560791,0.43094852566719055,0.6101775169372559,-0.027583496645092964,0.42278772592544556,0.7864813804626465,-0.050453782081604004,0.4056535065174103,0.6916002035140991,-0.05000007897615433,0.4182381331920624,0.6662603616714478,-0.037573929876089096,0.4281298518180847,0.6567681431770325,-0.027650248259305954,0,0,0,0,0,0,0,0,0,0,0,0,0,0,0,0,0,0,0,0,0,0,0,0,0,0,0,0,0,0,0,0,0,0,0,0,0,0,0,0,0,0,0,0,0,0,0,0,0,0,0,0,0,0,0,0,0,0,0,0,0,0,0,eat
0.5137102007865906,0.8868920803070068,2.0840259651322413e-07,0.5480282306671143,0.7933685779571533,0.004891556687653065,0.5378921031951904,0.7062884569168091,-0.001810327754355967,0.4953821003437042,0.653946578502655,-0.006830280646681786,0.4604826271533966,0.6266372203826904,-0.0116724893450737,0.5250400900840759,0.6992489099502563,-0.04015667736530304,0.47848737239837646,0.5883700847625732,-0.05248216167092323,0.461134135723114,0.5640670657157898,-0.05026271939277649,0.4531083106994629,0.562947154045105,-0.044710319489240646,0.4797457456588745,0.7224280834197998,-0.04565567150712013,0.4392733871936798,0.5914920568466187,-0.05551280453801155,0.4412945508956909,0.5754505395889282,-0.0451948419213295,0.4490809440612793,0.5850499868392944,-0.03504372015595436,0.4413388967514038,0.7459545135498047,-0.04773847013711929,0.4112893342971802,0.623474657535553,-0.05120650306344032,0.4224269986152649,0.6072927713394165,-0.035177893936634064,0.4339437782764435,0.6111619472503662,-0.02352561242878437,0.4135448932647705,0.7685521841049194,-0.048369769006967545,0.40404176712036133,0.676420271396637,-0.04735097289085388,0.42124366760253906,0.6566952466964722,-0.03356119245290756,0.43302884697914124,0.652689516544342,-0.02249908819794655,0,0,0,0,0,0,0,0,0,0,0,0,0,0,0,0,0,0,0,0,0,0,0,0,0,0,0,0,0,0,0,0,0,0,0,0,0,0,0,0,0,0,0,0,0,0,0,0,0,0,0,0,0,0,0,0,0,0,0,0,0,0,0,eat
0.5133934020996094,0.8857408761978149,1.7013519482134143e-07,0.5482965111732483,0.7961157560348511,0.005117669701576233,0.5395876169204712,0.7078271508216858,0.00024564735940657556,0.5031683444976807,0.6512656807899475,-0.0031102742068469524,0.4702969789505005,0.622404932975769,-0.006440658587962389,0.524680495262146,0.7002885341644287,-0.03700733557343483,0.47853827476501465,0.5885177850723267,-0.04781215265393257,0.46581515669822693,0.5611262321472168,-0.045962151139974594,0.46179404854774475,0.5588704347610474,-0.04073093459010124,0.4787082374095917,0.7228597402572632,-0.04238823428750038,0.4362238645553589,0.5913832187652588,-0.05053170025348663,0.4414288401603699,0.5732452869415283,-0.04185048118233681,0.4506857693195343,0.5846323370933533,-0.03313884884119034,0.4404483437538147,0.7472860813140869,-0.04422815889120102,0.40770867466926575,0.62629634141922,-0.046093329787254333,0.42287635803222656,0.6127445697784424,-0.032182760536670685,0.4375392198562622,0.6224483847618103,-0.022227268666028976,0.4128410220146179,0.7708448171615601,-0.044749174267053604,0.400788277387619,0.6791952848434448,-0.042838484048843384,0.4193439483642578,0.6640565991401672,-0.029695942997932434,0.43313464522361755,0.6682548522949219,-0.019312946125864983,0,0,0,0,0,0,0,0,0,0,0,0,0,0,0,0,0,0,0,0,0,0,0,0,0,0,0,0,0,0,0,0,0,0,0,0,0,0,0,0,0,0,0,0,0,0,0,0,0,0,0,0,0,0,0,0,0,0,0,0,0,0,0,eat
0.5187168121337891,0.898969292640686,1.115863170753073e-07,0.5518813133239746,0.8086041212081909,0.004251040052622557,0.546583890914917,0.7156278491020203,-0.0016297847032546997,0.5095523595809937,0.654606819152832,-0.006292336154729128,0.47227713465690613,0.6276379227638245,-0.011169284582138062,0.5341171026229858,0.7056102156639099,-0.033362291753292084,0.48678839206695557,0.6014353632926941,-0.045147236436605453,0.4694821834564209,0.5800997018814087,-0.04616332799196243,0.4639274477958679,0.5803511738777161,-0.043131742626428604,0.48877912759780884,0.7296001315116882,-0.03963684290647507,0.4435296952724457,0.6048629283905029,-0.047383662313222885,0.44012364745140076,0.5819157958030701,-0.04090750962495804,0.4438154697418213,0.587623655796051,-0.03428328037261963,0.44845372438430786,0.7555863261222839,-0.04302183538675308,0.41148486733436584,0.6367882490158081,-0.045809365808963776,0.420459121465683,0.619819700717926,-0.03306060656905174,0.4314796030521393,0.6257309913635254,-0.023871906101703644,0.4174148738384247,0.7796931266784668,-0.045254647731781006,0.40310990810394287,0.6887915730476379,-0.04454128444194794,0.41737350821495056,0.6729306578636169,-0.03163409233093262,0.42807307839393616,0.675117552280426,-0.021301327273249626,0,0,0,0,0,0,0,0,0,0,0,0,0,0,0,0,0,0,0,0,0,0,0,0,0,0,0,0,0,0,0,0,0,0,0,0,0,0,0,0,0,0,0,0,0,0,0,0,0,0,0,0,0,0,0,0,0,0,0,0,0,0,0,eat
0.5195438265800476,0.8922411203384399,1.791524510963427e-07,0.5538772940635681,0.8030451536178589,0.002042217878624797,0.5461771488189697,0.710853636264801,-0.006033189129084349,0.5087839961051941,0.6477643847465515,-0.01257925946265459,0.47510743141174316,0.6110581159591675,-0.019039489328861237,0.5331611037254333,0.7069616317749023,-0.042575035244226456,0.4852004945278168,0.5941193103790283,-0.05722871050238609,0.47253918647766113,0.567631185054779,-0.057899489998817444,0.46828094124794006,0.5658363103866577,-0.05411941558122635,0.487185001373291,0.7310992479324341,-0.04803549125790596,0.44341111183166504,0.5979925394058228,-0.058311376720666885,0.4485168159008026,0.5766748785972595,-0.050440713763237,0.4565488398075104,0.585085391998291,-0.04290100187063217,0.44745922088623047,0.7553023099899292,-0.05032528191804886,0.41239088773727417,0.6275328993797302,-0.05474918708205223,0.42695677280426025,0.6125120520591736,-0.04017734155058861,0.4401807487010956,0.6223384141921997,-0.0297397393733263,0.41763198375701904,0.7764304280281067,-0.05159204825758934,0.4033457040786743,0.6786035895347595,-0.05239579454064369,0.42054298520088196,0.6589827537536621,-0.039886146783828735,0.43198496103286743,0.659727931022644,-0.029853126034140587,0,0,0,0,0,0,0,0,0,0,0,0,0,0,0,0,0,0,0,0,0,0,0,0,0,0,0,0,0,0,0,0,0,0,0,0,0,0,0,0,0,0,0,0,0,0,0,0,0,0,0,0,0,0,0,0,0,0,0,0,0,0,0,eat
0.5174154043197632,0.8700615167617798,1.8596263373638067e-07,0.5503976345062256,0.7827983498573303,0.007209667935967445,0.5413755774497986,0.6981626152992249,0.0013252844801172614,0.5039591789245605,0.6521110534667969,-0.0038564600981771946,0.4680972695350647,0.6318142414093018,-0.009568261913955212,0.533498227596283,0.6800004243850708,-0.034676987677812576,0.48740649223327637,0.5703626871109009,-0.047027040272951126,0.46504101157188416,0.5466300845146179,-0.04718881845474243,0.45547860860824585,0.5473970174789429,-0.04325832799077034,0.4883737862110138,0.7015869617462158,-0.04176563397049904,0.4470452666282654,0.5738570690155029,-0.05128972977399826,0.4424824118614197,0.5576233267784119,-0.04321127384901047,0.4456580877304077,0.5686269998550415,-0.03465580940246582,0.44878965616226196,0.7259650230407715,-0.045526474714279175,0.4169461131095886,0.6048386693000793,-0.04797414317727089,0.42070984840393066,0.5910385847091675,-0.033508360385894775,0.42735448479652405,0.5976853370666504,-0.022901713848114014,0.4185817241668701,0.7512990832328796,-0.04778629541397095,0.40560925006866455,0.661129891872406,-0.04519820958375931,0.4174732565879822,0.6453894376754761,-0.030839979648590088,0.4271235167980194,0.6464235186576843,-0.019387219101190567,0,0,0,0,0,0,0,0,0,0,0,0,0,0,0,0,0,0,0,0,0,0,0,0,0,0,0,0,0,0,0,0,0,0,0,0,0,0,0,0,0,0,0,0,0,0,0,0,0,0,0,0,0,0,0,0,0,0,0,0,0,0,0,eat
0.5171563625335693,0.8701462149620056,1.8850911942536186e-07,0.5512259006500244,0.7840811014175415,0.006226177792996168,0.5431899428367615,0.6991792917251587,0.0004026888054795563,0.5061770081520081,0.6514229774475098,-0.005157968029379845,0.47026777267456055,0.6299252510070801,-0.011297406628727913,0.5330548882484436,0.6782504916191101,-0.02893034555017948,0.48904845118522644,0.571907639503479,-0.04037921503186226,0.46595433354377747,0.5404341220855713,-0.04142443835735321,0.4532456398010254,0.5328606963157654,-0.038598161190748215,0.4873749613761902,0.6982587575912476,-0.03618739917874336,0.4483738839626312,0.572434663772583,-0.04373461753129959,0.44574883580207825,0.5537802577018738,-0.03664960339665413,0.44992831349372864,0.559909462928772,-0.029131142422556877,0.44764575362205505,0.7220169305801392,-0.04052170738577843,0.41829657554626465,0.606808066368103,-0.04170384258031845,0.4276494085788727,0.5948615670204163,-0.027183104306459427,0.4390047788619995,0.6023548245429993,-0.016827644780278206,0.4170701503753662,0.746605634689331,-0.043888505548238754,0.40648597478866577,0.6591456532478333,-0.0412917397916317,0.42138907313346863,0.6437219381332397,-0.02687247470021248,0.43302932381629944,0.6441851258277893,-0.015395257622003555,0,0,0,0,0,0,0,0,0,0,0,0,0,0,0,0,0,0,0,0,0,0,0,0,0,0,0,0,0,0,0,0,0,0,0,0,0,0,0,0,0,0,0,0,0,0,0,0,0,0,0,0,0,0,0,0,0,0,0,0,0,0,0,eat
0.5177579522132874,0.8485503196716309,1.829383933227291e-07,0.5497391819953918,0.7618757486343384,0.005057391710579395,0.54356449842453,0.6761289834976196,-0.003700709668919444,0.5058290362358093,0.6294714212417603,-0.012007201090455055,0.46796631813049316,0.6102930307388306,-0.02111455798149109,0.5340150594711304,0.655364990234375,-0.03624099865555763,0.486229807138443,0.5457788705825806,-0.051961105316877365,0.46062374114990234,0.5209634900093079,-0.05524342507123947,0.4489322006702423,0.5206598043441772,-0.053384069353342056,0.48904886841773987,0.6789711713790894,-0.04398142918944359,0.44569170475006104,0.551729679107666,-0.05599241331219673,0.43983620405197144,0.5360816717147827,-0.04945708438754082,0.4439491331577301,0.5464144349098206,-0.041888508945703506,0.4495528042316437,0.70445317029953,-0.0489899180829525,0.4158485233783722,0.5826917886734009,-0.05430065095424652,0.4172300696372986,0.5636334419250488,-0.04065848886966705,0.4244035482406616,0.5648473501205444,-0.030238822102546692,0.41889306902885437,0.7300734519958496,-0.052745189517736435,0.4045899212360382,0.6374845504760742,-0.05311106517910957,0.4133508503437042,0.6135139465332031,-0.04019365832209587,0.4214251637458801,0.6056918501853943,-0.02946639247238636,0,0,0,0,0,0,0,0,0,0,0,0,0,0,0,0,0,0,0,0,0,0,0,0,0,0,0,0,0,0,0,0,0,0,0,0,0,0,0,0,0,0,0,0,0,0,0,0,0,0,0,0,0,0,0,0,0,0,0,0,0,0,0,eat
0.5223684310913086,0.8268019556999207,-4.9344006214369074e-08,0.555105984210968,0.7387505769729614,0.004311762750148773,0.5478163957595825,0.6493799686431885,-0.004826340824365616,0.5075451135635376,0.6009232997894287,-0.014204398728907108,0.4660636782646179,0.5865097045898438,-0.02273336984217167,0.5376479625701904,0.6309418082237244,-0.03845500946044922,0.48764124512672424,0.5184410214424133,-0.057081177830696106,0.484371542930603,0.5421318411827087,-0.061299391090869904,0.4975437521934509,0.5775402784347534,-0.059735674411058426,0.4925113618373871,0.6551308631896973,-0.047098156064748764,0.445483922958374,0.5221976041793823,-0.06304492801427841,0.4525240957736969,0.5444549322128296,-0.057782843708992004,0.4668945074081421,0.5824472904205322,-0.05043784901499748,0.45238158106803894,0.6799749135971069,-0.05281400680541992,0.41562989354133606,0.5552276372909546,-0.06083695963025093,0.42939457297325134,0.5769199728965759,-0.04468756169080734,0.4433000087738037,0.6095806360244751,-0.03175486996769905,0.4213837683200836,0.7045192122459412,-0.057353150099515915,0.4076780080795288,0.6096148490905762,-0.05797874182462692,0.42317304015159607,0.6184818148612976,-0.0417940728366375,0.4335254430770874,0.6438071131706238,-0.028724804520606995,0,0,0,0,0,0,0,0,0,0,0,0,0,0,0,0,0,0,0,0,0,0,0,0,0,0,0,0,0,0,0,0,0,0,0,0,0,0,0,0,0,0,0,0,0,0,0,0,0,0,0,0,0,0,0,0,0,0,0,0,0,0,0,eat
0.5321484208106995,0.8340039253234863,-1.6979474537492933e-07,0.5641269087791443,0.7434719800949097,0.0033350714948028326,0.5580003261566162,0.6506016850471497,-0.005555194336920977,0.521428108215332,0.5958322286605835,-0.01574537716805935,0.4802209436893463,0.5770009756088257,-0.025160856544971466,0.5479808449745178,0.6220105886459351,-0.029178353026509285,0.4995388090610504,0.5184259414672852,-0.04964999482035637,0.497359037399292,0.5476078987121582,-0.05821184813976288,0.5100938081741333,0.5858768820762634,-0.05947268009185791,0.5032917261123657,0.6450613141059875,-0.03883742168545723,0.45738840103149414,0.5188446044921875,-0.05446481704711914,0.4644196629524231,0.5455324053764343,-0.05322038754820824,0.4781697392463684,0.5870591402053833,-0.04898759722709656,0.4629819393157959,0.6721264719963074,-0.046475958079099655,0.42518147826194763,0.554710865020752,-0.054458048194646835,0.43792924284935,0.5807918906211853,-0.04048294201493263,0.4523191452026367,0.6179841756820679,-0.029219388961791992,0.4303136169910431,0.699039876461029,-0.053464602679014206,0.41283589601516724,0.6076014041900635,-0.054526180028915405,0.4261593818664551,0.6207053661346436,-0.039341576397418976,0.43655186891555786,0.6489678621292114,-0.02702382579445839,0,0,0,0,0,0,0,0,0,0,0,0,0,0,0,0,0,0,0,0,0,0,0,0,0,0,0,0,0,0,0,0,0,0,0,0,0,0,0,0,0,0,0,0,0,0,0,0,0,0,0,0,0,0,0,0,0,0,0,0,0,0,0,eat
0.5333296656608582,0.8370973467826843,-1.3384894259615976e-07,0.567741870880127,0.7468958497047424,0.003649327205494046,0.5628241300582886,0.6541805863380432,-0.004278779495507479,0.5275545120239258,0.5927743911743164,-0.013101879507303238,0.48882585763931274,0.5668312311172485,-0.020876599475741386,0.5528123378753662,0.622943639755249,-0.027526814490556717,0.5041654109954834,0.5193039178848267,-0.04622604325413704,0.5005367398262024,0.5455479621887207,-0.05378839001059532,0.5127608776092529,0.5819032788276672,-0.05465422943234444,0.5063811540603638,0.6438758969306946,-0.03663812577724457,0.4598257839679718,0.513863742351532,-0.05109971761703491,0.46470582485198975,0.5337893962860107,-0.04929370433092117,0.47588852047920227,0.5722406506538391,-0.044671934098005295,0.46439415216445923,0.6695337295532227,-0.04363241791725159,0.4269072711467743,0.550692081451416,-0.05073660612106323,0.43894660472869873,0.5717408657073975,-0.036713939160108566,0.4513026177883148,0.6055175065994263,-0.02536727860569954,0.43094947934150696,0.6959294676780701,-0.04990005865693092,0.41306161880493164,0.6036320328712463,-0.04981816187500954,0.4261590242385864,0.6141231656074524,-0.03384977951645851,0.43509411811828613,0.640513002872467,-0.020894061774015427,0,0,0,0,0,0,0,0,0,0,0,0,0,0,0,0,0,0,0,0,0,0,0,0,0,0,0,0,0,0,0,0,0,0,0,0,0,0,0,0,0,0,0,0,0,0,0,0,0,0,0,0,0,0,0,0,0,0,0,0,0,0,0,eat
0.5395879745483398,0.8268059492111206,2.3143465810449015e-08,0.574917197227478,0.7331727743148804,0.01435057446360588,0.5771231651306152,0.642018735408783,0.01059800386428833,0.558555006980896,0.5686097145080566,0.005738312844187021,0.5298426747322083,0.5247538685798645,0.00015224602248053998,0.5706548094749451,0.618407666683197,-0.028388144448399544,0.527574896812439,0.5138119459152222,-0.04064524918794632,0.5086735486984253,0.49302470684051514,-0.04019276425242424,0.5021873116493225,0.4949513077735901,-0.03529395908117294,0.5277178883552551,0.6397064924240112,-0.040348444133996964,0.48094290494918823,0.5136889815330505,-0.05082055926322937,0.46964120864868164,0.48484137654304504,-0.043556056916713715,0.4665912389755249,0.48273736238479614,-0.03548454865813255,0.4858268201351166,0.6651875376701355,-0.0485788956284523,0.4459266662597656,0.5450400710105896,-0.05261857435107231,0.44309449195861816,0.5182105898857117,-0.037803661078214645,0.44635966420173645,0.5133765339851379,-0.02595786191523075,0.4515143036842346,0.6937867403030396,-0.05470788851380348,0.4257074296474457,0.5917941927909851,-0.05249377340078354,0.4281068444252014,0.5582593679428101,-0.03682694584131241,0.4341777265071869,0.5447694063186646,-0.023730024695396423,0,0,0,0,0,0,0,0,0,0,0,0,0,0,0,0,0,0,0,0,0,0,0,0,0,0,0,0,0,0,0,0,0,0,0,0,0,0,0,0,0,0,0,0,0,0,0,0,0,0,0,0,0,0,0,0,0,0,0,0,0,0,0,eat
0.5279862880706787,0.8144055008888245,1.3016092736961582e-07,0.5644177794456482,0.7261663675308228,0.010065603069961071,0.5632205605506897,0.6379333734512329,0.0032087042927742004,0.5335548520088196,0.5732362270355225,-0.004020258784294128,0.5034740567207336,0.5327900052070618,-0.012125201523303986,0.5578212738037109,0.6206291317939758,-0.03541019186377525,0.5164190530776978,0.5067466497421265,-0.05143563449382782,0.49571171402931213,0.47368335723876953,-0.05339490622282028,0.48456671833992004,0.46905022859573364,-0.04941520094871521,0.5120448470115662,0.6414591670036316,-0.04516477882862091,0.46838223934173584,0.5113810300827026,-0.05754442512989044,0.46392592787742615,0.48723912239074707,-0.04898183047771454,0.46666190028190613,0.49328935146331787,-0.03953651338815689,0.46979135274887085,0.6635327935218811,-0.051617082208395004,0.4336243271827698,0.5395210385322571,-0.05639247968792915,0.43724992871284485,0.5185953378677368,-0.03885425999760628,0.44454795122146606,0.5229964256286621,-0.024688003584742546,0.43535637855529785,0.6868731379508972,-0.05642547830939293,0.41363927721977234,0.5855198502540588,-0.054495103657245636,0.4218411147594452,0.5575310587882996,-0.03763855621218681,0.43099507689476013,0.5510737299919128,-0.02329200878739357,0,0,0,0,0,0,0,0,0,0,0,0,0,0,0,0,0,0,0,0,0,0,0,0,0,0,0,0,0,0,0,0,0,0,0,0,0,0,0,0,0,0,0,0,0,0,0,0,0,0,0,0,0,0,0,0,0,0,0,0,0,0,0,eat
0.5192356109619141,0.8041073083877563,1.2473856259020977e-07,0.5555861592292786,0.7167764902114868,0.008370126597583294,0.5518036484718323,0.6308336853981018,0.0011523213470354676,0.5153716802597046,0.5722845792770386,-0.006061012856662273,0.48098236322402954,0.5408011078834534,-0.014254757203161716,0.5481983423233032,0.6141577363014221,-0.0322820320725441,0.5055951476097107,0.5086161494255066,-0.04627152532339096,0.48286524415016174,0.4768638610839844,-0.0479184091091156,0.47000327706336975,0.4692379832267761,-0.04464821517467499,0.502751886844635,0.6345161199569702,-0.04114381596446037,0.4598812758922577,0.508948802947998,-0.05177680775523186,0.45245879888534546,0.4853518307209015,-0.04340662434697151,0.45284292101860046,0.4892369508743286,-0.034310441464185715,0.4612148106098175,0.656041145324707,-0.04702402651309967,0.42498159408569336,0.535066545009613,-0.05147257447242737,0.42637011408805847,0.5130171775817871,-0.03541530296206474,0.43214237689971924,0.5145359039306641,-0.022486915811896324,0.42771369218826294,0.6783972978591919,-0.0513581708073616,0.4071471095085144,0.5803495049476624,-0.04982955753803253,0.41503822803497314,0.5564160943031311,-0.03389617055654526,0.42368778586387634,0.5517787933349609,-0.020464587956666946,0,0,0,0,0,0,0,0,0,0,0,0,0,0,0,0,0,0,0,0,0,0,0,0,0,0,0,0,0,0,0,0,0,0,0,0,0,0,0,0,0,0,0,0,0,0,0,0,0,0,0,0,0,0,0,0,0,0,0,0,0,0,0,eat
0.5175957679748535,0.7974907159805298,9.859306970838588e-08,0.5524671673774719,0.7159132957458496,0.006462359335273504,0.5506514310836792,0.6287248134613037,-0.0012937919236719608,0.5161704421043396,0.5702806711196899,-0.008383174426853657,0.48179879784584045,0.5393593311309814,-0.016384325921535492,0.5464271903038025,0.6168293356895447,-0.03838428482413292,0.5060051083564758,0.510013222694397,-0.05520225688815117,0.48361536860466003,0.4801948070526123,-0.057482700794935226,0.4723338186740875,0.4771271049976349,-0.05405302345752716,0.5009142160415649,0.6373451948165894,-0.047391027212142944,0.4585157036781311,0.5033247470855713,-0.0628238245844841,0.45227235555648804,0.48455530405044556,-0.055114541202783585,0.4534868597984314,0.4970444440841675,-0.04502014443278313,0.459520548582077,0.6592599749565125,-0.053265281021595,0.4237633943557739,0.5313835144042969,-0.06255173683166504,0.4263610541820526,0.5154485702514648,-0.046085163950920105,0.433310866355896,0.5237843990325928,-0.031245585530996323,0.4260097146034241,0.6823252439498901,-0.057500772178173065,0.40626469254493713,0.5784425139427185,-0.059141699224710464,0.4144539535045624,0.5570409893989563,-0.04324660077691078,0.42304474115371704,0.5563875436782837,-0.0291485246270895,0,0,0,0,0,0,0,0,0,0,0,0,0,0,0,0,0,0,0,0,0,0,0,0,0,0,0,0,0,0,0,0,0,0,0,0,0,0,0,0,0,0,0,0,0,0,0,0,0,0,0,0,0,0,0,0,0,0,0,0,0,0,0,eat
0.5237804651260376,0.8135731816291809,9.48110141507641e-08,0.5570600628852844,0.7268577218055725,0.008528554812073708,0.555054783821106,0.6416633725166321,0.0012495709815993905,0.5220746397972107,0.581947386264801,-0.005926062818616629,0.4881094992160797,0.5490816235542297,-0.014309699647128582,0.5527393817901611,0.6230010986328125,-0.03373493626713753,0.5051964521408081,0.5164915919303894,-0.045625340193510056,0.48130306601524353,0.4850679636001587,-0.04563328996300697,0.46993398666381836,0.4787576198577881,-0.04128424823284149,0.5079291462898254,0.6461338400840759,-0.0429268553853035,0.4638400971889496,0.5225010514259338,-0.05092779919505119,0.4533090591430664,0.49555253982543945,-0.042870521545410156,0.452158123254776,0.4974350333213806,-0.0343870110809803,0.4663988947868347,0.6698431372642517,-0.04894322156906128,0.4311521053314209,0.5497797727584839,-0.050798673182725906,0.4271318018436432,0.5175560712814331,-0.036774709820747375,0.43002721667289734,0.5092598795890808,-0.02637680433690548,0.43224772810935974,0.693275511264801,-0.05339083820581436,0.4116811454296112,0.5974578261375427,-0.05160759389400482,0.4136901795864105,0.5625823736190796,-0.03821614384651184,0.41842663288116455,0.5444862842559814,-0.027146775275468826,0,0,0,0,0,0,0,0,0,0,0,0,0,0,0,0,0,0,0,0,0,0,0,0,0,0,0,0,0,0,0,0,0,0,0,0,0,0,0,0,0,0,0,0,0,0,0,0,0,0,0,0,0,0,0,0,0,0,0,0,0,0,0,eat
0.5214001536369324,0.800942063331604,1.4509774359794392e-07,0.5581541657447815,0.7197443842887878,0.009539234451949596,0.5558331608772278,0.6377314925193787,0.0038524935953319073,0.5227291584014893,0.5785939693450928,-0.001710742013528943,0.49055948853492737,0.5451446771621704,-0.008469154126942158,0.5513144135475159,0.6167917847633362,-0.033670246601104736,0.5061959624290466,0.5105316042900085,-0.045831482857465744,0.4814245104789734,0.48019587993621826,-0.0458088144659996,0.46880215406417847,0.47590065002441406,-0.041497282683849335,0.5055439472198486,0.6364300847053528,-0.0422850102186203,0.46461331844329834,0.5131602883338928,-0.05202236771583557,0.4514421820640564,0.47986751794815063,-0.044915616512298584,0.44687795639038086,0.47738590836524963,-0.03708562254905701,0.4636201858520508,0.6578946113586426,-0.047509029507637024,0.4293714463710785,0.5386627912521362,-0.05095342546701431,0.4241448640823364,0.5048072934150696,-0.03855447098612785,0.4251900315284729,0.4970860481262207,-0.02889927849173546,0.43022722005844116,0.6806662082672119,-0.050800178200006485,0.4118760824203491,0.5853028297424316,-0.04937215894460678,0.41383814811706543,0.5507286787033081,-0.03686710447072983,0.41835954785346985,0.5326483249664307,-0.02638087049126625,0,0,0,0,0,0,0,0,0,0,0,0,0,0,0,0,0,0,0,0,0,0,0,0,0,0,0,0,0,0,0,0,0,0,0,0,0,0,0,0,0,0,0,0,0,0,0,0,0,0,0,0,0,0,0,0,0,0,0,0,0,0,0,eat
0.5144081115722656,0.7862422466278076,1.7239634075849608e-07,0.5495207905769348,0.7010679244995117,0.006986421067267656,0.5452658534049988,0.6174700856208801,0.0003723568224813789,0.5056387782096863,0.565665066242218,-0.005895582027733326,0.47145625948905945,0.5400920510292053,-0.013138885609805584,0.5405560731887817,0.6015494465827942,-0.031526025384664536,0.4963463842868805,0.5008546113967896,-0.04517154395580292,0.4698912501335144,0.4698779582977295,-0.04676814004778862,0.4553607106208801,0.4635668694972992,-0.04350098595023155,0.49539855122566223,0.6209869980812073,-0.03972400352358818,0.4569201171398163,0.49769842624664307,-0.05143209174275398,0.44376957416534424,0.4696325361728668,-0.04469878226518631,0.44018638134002686,0.4713084101676941,-0.0359630212187767,0.4542272090911865,0.6413631439208984,-0.045238565653562546,0.4230169355869293,0.5223214626312256,-0.05033845826983452,0.41870176792144775,0.49155768752098083,-0.03757164999842644,0.4209355115890503,0.4841972291469574,-0.02667883411049843,0.4207179546356201,0.6632256507873535,-0.04920552298426628,0.40612727403640747,0.5668030381202698,-0.04839801788330078,0.410940945148468,0.5341941118240356,-0.03552624210715294,0.41696324944496155,0.5173300504684448,-0.024388449266552925,0,0,0,0,0,0,0,0,0,0,0,0,0,0,0,0,0,0,0,0,0,0,0,0,0,0,0,0,0,0,0,0,0,0,0,0,0,0,0,0,0,0,0,0,0,0,0,0,0,0,0,0,0,0,0,0,0,0,0,0,0,0,0,eat
0.5173242092132568,0.792349636554718,1.198752954678639e-07,0.5495574474334717,0.7090262770652771,0.008593485690653324,0.5468286275863647,0.626196563243866,0.002072190400213003,0.511885404586792,0.5722042918205261,-0.0047864592634141445,0.4766046404838562,0.5464920997619629,-0.013110611587762833,0.545575737953186,0.604403018951416,-0.028530782088637352,0.5010114908218384,0.5045667886734009,-0.042220134288072586,0.4756944477558136,0.47609180212020874,-0.045023661106824875,0.46382656693458557,0.4693012237548828,-0.04282407462596893,0.50129634141922,0.6261231303215027,-0.038431961089372635,0.4602839946746826,0.5048849582672119,-0.04978134110569954,0.44645488262176514,0.47681695222854614,-0.04476894065737724,0.4415181577205658,0.47612670063972473,-0.03755125775933266,0.46028849482536316,0.6501917243003845,-0.04559047520160675,0.4249517321586609,0.5335621237754822,-0.05078699439764023,0.4196372926235199,0.5031324625015259,-0.03843196853995323,0.4213690757751465,0.49538731575012207,-0.02783014625310898,0.42688414454460144,0.6744634509086609,-0.0511857345700264,0.40688276290893555,0.5784504413604736,-0.05087924376130104,0.40889570116996765,0.5457773804664612,-0.03772570192813873,0.4134725034236908,0.5294133424758911,-0.02624347247183323,0,0,0,0,0,0,0,0,0,0,0,0,0,0,0,0,0,0,0,0,0,0,0,0,0,0,0,0,0,0,0,0,0,0,0,0,0,0,0,0,0,0,0,0,0,0,0,0,0,0,0,0,0,0,0,0,0,0,0,0,0,0,0,eat
0.5160081386566162,0.7910078763961792,1.1560866397530845e-07,0.5491048693656921,0.7097617387771606,0.00872599147260189,0.5470296740531921,0.6275076270103455,0.003003528108820319,0.5128945112228394,0.5720651149749756,-0.0028800154104828835,0.4786212742328644,0.5446515083312988,-0.010482545010745525,0.5448668599128723,0.6062890291213989,-0.029759209603071213,0.5014364719390869,0.5062735080718994,-0.04294683411717415,0.47609981894493103,0.47563594579696655,-0.045195724815130234,0.4627293050289154,0.467532753944397,-0.04273246228694916,0.5009204149246216,0.6257110834121704,-0.03930065035820007,0.46127259731292725,0.5058810114860535,-0.05006454885005951,0.44605979323387146,0.4738817512989044,-0.04499931260943413,0.43917006254196167,0.47172611951828003,-0.038160908967256546,0.4598851799964905,0.6484924554824829,-0.04595102742314339,0.4252132773399353,0.533550500869751,-0.050840992480516434,0.4185407757759094,0.5004968643188477,-0.03958900645375252,0.41890883445739746,0.4920196533203125,-0.029993468895554543,0.4258405566215515,0.6729592084884644,-0.05090274289250374,0.4049047827720642,0.5763815641403198,-0.050615083426237106,0.4051389694213867,0.5426760315895081,-0.03825201839208603,0.408383846282959,0.5258519053459167,-0.027479225769639015,0,0,0,0,0,0,0,0,0,0,0,0,0,0,0,0,0,0,0,0,0,0,0,0,0,0,0,0,0,0,0,0,0,0,0,0,0,0,0,0,0,0,0,0,0,0,0,0,0,0,0,0,0,0,0,0,0,0,0,0,0,0,0,eat
0.5059011578559875,0.7934361696243286,2.1921256632140285e-07,0.5426049828529358,0.7076683640480042,0.004041404463350773,0.5381254553794861,0.6225042343139648,-0.003946420270949602,0.49895891547203064,0.5714633464813232,-0.010901585221290588,0.46341797709465027,0.5456944108009338,-0.01811365596950054,0.5284613966941833,0.6125531196594238,-0.035647887736558914,0.4911322593688965,0.5077219605445862,-0.049333084374666214,0.4702643156051636,0.47884154319763184,-0.05079967528581619,0.4596015214920044,0.4747036099433899,-0.047559428960084915,0.4823248088359833,0.6327999234199524,-0.0418437123298645,0.4455309510231018,0.5102565288543701,-0.05171988159418106,0.4383210241794586,0.47962456941604614,-0.04442524164915085,0.4391905665397644,0.4785158634185791,-0.03677355498075485,0.44131946563720703,0.6532256603240967,-0.04547588527202606,0.40973782539367676,0.5337682962417603,-0.049118123948574066,0.41296622157096863,0.5055403113365173,-0.035956524312496185,0.42130687832832336,0.50130695104599,-0.025976285338401794,0.41087648272514343,0.6715853214263916,-0.04790946841239929,0.39888328313827515,0.5799484848976135,-0.04675449803471565,0.4113337993621826,0.5522471070289612,-0.03409438580274582,0.4236656725406647,0.5417908430099487,-0.02367480844259262,0,0,0,0,0,0,0,0,0,0,0,0,0,0,0,0,0,0,0,0,0,0,0,0,0,0,0,0,0,0,0,0,0,0,0,0,0,0,0,0,0,0,0,0,0,0,0,0,0,0,0,0,0,0,0,0,0,0,0,0,0,0,0,eat
0.4968845844268799,0.7952504754066467,1.8167972370974894e-07,0.5315335392951965,0.7095378637313843,0.00542133254930377,0.5270364284515381,0.6263896822929382,-0.0022974524181336164,0.4872128665447235,0.5743995904922485,-0.009223857894539833,0.45350420475006104,0.5443586111068726,-0.016993263736367226,0.5221582651138306,0.6141790151596069,-0.035153698176145554,0.4748098850250244,0.5114369988441467,-0.04839049279689789,0.45213958621025085,0.4812842011451721,-0.0494365431368351,0.44113269448280334,0.47432178258895874,-0.04587644338607788,0.47706741094589233,0.6380647420883179,-0.04228033497929573,0.435662180185318,0.5159369111061096,-0.05260704085230827,0.4266173243522644,0.48682308197021484,-0.04521672800183296,0.4265422224998474,0.4856003522872925,-0.036808136850595474,0.43690136075019836,0.6608222723007202,-0.04664082080125809,0.4029078483581543,0.5432025790214539,-0.05051849037408829,0.40241724252700806,0.5120425224304199,-0.03716013580560684,0.40742528438568115,0.5036810040473938,-0.026770487427711487,0.4055941700935364,0.6814003586769104,-0.04958083853125572,0.3882444202899933,0.5877968072891235,-0.04832197725772858,0.3971489667892456,0.5590805411338806,-0.03473711758852005,0.4062742292881012,0.5470365881919861,-0.023480022326111794,0,0,0,0,0,0,0,0,0,0,0,0,0,0,0,0,0,0,0,0,0,0,0,0,0,0,0,0,0,0,0,0,0,0,0,0,0,0,0,0,0,0,0,0,0,0,0,0,0,0,0,0,0,0,0,0,0,0,0,0,0,0,0,eat
0.5001554489135742,0.8083040118217468,1.583220807788166e-07,0.5346066355705261,0.7250718474388123,0.005675469059497118,0.5309764742851257,0.641589343547821,-0.0012582658091560006,0.49542471766471863,0.5871295928955078,-0.007385819219052792,0.46279364824295044,0.5566677451133728,-0.014678698033094406,0.5267263054847717,0.6273847222328186,-0.034600429236888885,0.482679545879364,0.5271198153495789,-0.046726103872060776,0.457334041595459,0.4947277903556824,-0.04719383269548416,0.4438874125480652,0.4854680299758911,-0.04319818690419197,0.48171761631965637,0.6500557661056519,-0.0420614629983902,0.4418419897556305,0.5295097231864929,-0.0515519417822361,0.42759209871292114,0.49472683668136597,-0.044862400740385056,0.42190349102020264,0.4881138801574707,-0.03683387488126755,0.44023507833480835,0.672305703163147,-0.04667944088578224,0.40610164403915405,0.5553734302520752,-0.050098154693841934,0.4013819098472595,0.5188976526260376,-0.03848943114280701,0.40261560678482056,0.5052976608276367,-0.029163820669054985,0.4071672856807709,0.6931480169296265,-0.04985547810792923,0.38872551918029785,0.5978495478630066,-0.049050141125917435,0.3928622901439667,0.5654436349868774,-0.036849282681941986,0.39864981174468994,0.5482468605041504,-0.026405787095427513,0,0,0,0,0,0,0,0,0,0,0,0,0,0,0,0,0,0,0,0,0,0,0,0,0,0,0,0,0,0,0,0,0,0,0,0,0,0,0,0,0,0,0,0,0,0,0,0,0,0,0,0,0,0,0,0,0,0,0,0,0,0,0,eat
0.5097394585609436,0.8078827261924744,2.0021198565700615e-07,0.5431935787200928,0.7230201959609985,0.006136312149465084,0.5379249453544617,0.6394352316856384,-0.002764127915725112,0.5024802088737488,0.5841171741485596,-0.010980607010424137,0.4676285982131958,0.5550214648246765,-0.02023201622068882,0.532330334186554,0.6263791918754578,-0.03872840851545334,0.4881385266780853,0.523612916469574,-0.05267835035920143,0.46407389640808105,0.49483683705329895,-0.05334459990262985,0.4529208540916443,0.49210232496261597,-0.04910256713628769,0.48726141452789307,0.6518522500991821,-0.04698335379362106,0.4476402997970581,0.5308800935745239,-0.056892406195402145,0.4334048628807068,0.4906412959098816,-0.05016549304127693,0.4279141128063202,0.48050668835639954,-0.04317371919751167,0.4460064768791199,0.6762464046478271,-0.052188754081726074,0.4113728106021881,0.5554671287536621,-0.05638394504785538,0.4069465100765228,0.5149823427200317,-0.04503893107175827,0.4092949628829956,0.5009416937828064,-0.036588359624147415,0.41431882977485657,0.69920414686203,-0.05573436617851257,0.3961724042892456,0.6020428538322449,-0.05582835525274277,0.40000641345977783,0.5670998692512512,-0.04398385435342789,0.4057171940803528,0.5494321584701538,-0.034126147627830505,0,0,0,0,0,0,0,0,0,0,0,0,0,0,0,0,0,0,0,0,0,0,0,0,0,0,0,0,0,0,0,0,0,0,0,0,0,0,0,0,0,0,0,0,0,0,0,0,0,0,0,0,0,0,0,0,0,0,0,0,0,0,0,eat
0.5077885985374451,0.8046709299087524,2.420453313334292e-07,0.5428974628448486,0.7212749719619751,0.0022336796391755342,0.5382137298583984,0.6358742713928223,-0.00787611585110426,0.5020463466644287,0.5797408223152161,-0.016276681795716286,0.46702149510383606,0.5489941835403442,-0.025449667125940323,0.5319477915763855,0.6288396716117859,-0.04614578187465668,0.4886236786842346,0.5245041847229004,-0.06013138219714165,0.4658161401748657,0.49532124400138855,-0.060027215629816055,0.4548945426940918,0.49178868532180786,-0.05530890077352524,0.4857838749885559,0.6553931832313538,-0.05212792381644249,0.44659098982810974,0.5306473970413208,-0.06195499002933502,0.4355143904685974,0.4891928732395172,-0.05393321439623833,0.4316718876361847,0.478677898645401,-0.04631262645125389,0.4442332088947296,0.6791388392448425,-0.05497122183442116,0.4105071425437927,0.5530972480773926,-0.0592879056930542,0.4111563563346863,0.5148299932479858,-0.04704291373491287,0.4155476689338684,0.5033750534057617,-0.03815649077296257,0.412582129240036,0.6992950439453125,-0.05642350763082504,0.39779216051101685,0.5994554758071899,-0.056825682520866394,0.4072103798389435,0.5677400827407837,-0.04483117535710335,0.4153432846069336,0.5548849701881409,-0.03508439660072327,0,0,0,0,0,0,0,0,0,0,0,0,0,0,0,0,0,0,0,0,0,0,0,0,0,0,0,0,0,0,0,0,0,0,0,0,0,0,0,0,0,0,0,0,0,0,0,0,0,0,0,0,0,0,0,0,0,0,0,0,0,0,0,eat
0.5070353746414185,0.7977645397186279,1.9672229711886757e-07,0.5432678461074829,0.7174445390701294,0.003652011975646019,0.5373932719230652,0.6351402401924133,-0.004583957605063915,0.4988948106765747,0.5829752683639526,-0.011633205227553844,0.4637730121612549,0.5581104159355164,-0.019567469134926796,0.5331337451934814,0.6213316917419434,-0.039968423545360565,0.48910146951675415,0.5189759731292725,-0.05593123659491539,0.4625418484210968,0.49100837111473083,-0.05824020877480507,0.44859030842781067,0.4901774227619171,-0.05492859333753586,0.4871440529823303,0.6425343751907349,-0.04638377204537392,0.4466225206851959,0.5206697583198547,-0.05902672931551933,0.4323628842830658,0.4864045977592468,-0.052946869283914566,0.4275217354297638,0.4849846363067627,-0.04531174898147583,0.44519734382629395,0.6647558808326721,-0.05009632185101509,0.40942710638046265,0.5477641224861145,-0.05601473152637482,0.4040393531322479,0.5123541355133057,-0.04495867341756821,0.40516990423202515,0.5040008425712585,-0.03567346930503845,0.41228461265563965,0.6868894696235657,-0.05232592672109604,0.393984317779541,0.5928448438644409,-0.05299244821071625,0.3959236741065979,0.5568061470985413,-0.04230359196662903,0.39975887537002563,0.5378045439720154,-0.032897837460041046,0,0,0,0,0,0,0,0,0,0,0,0,0,0,0,0,0,0,0,0,0,0,0,0,0,0,0,0,0,0,0,0,0,0,0,0,0,0,0,0,0,0,0,0,0,0,0,0,0,0,0,0,0,0,0,0,0,0,0,0,0,0,0,eat
0.5190798044204712,0.8342424631118774,8.88099194185088e-08,0.5529735684394836,0.7517892122268677,0.00826348178088665,0.5513686537742615,0.6679211854934692,0.0003612858126871288,0.5172870755195618,0.6095322966575623,-0.006661444902420044,0.4832325875759125,0.5798052549362183,-0.014965618960559368,0.5459737181663513,0.6566649079322815,-0.04105158522725105,0.500144362449646,0.5504220724105835,-0.05516739562153816,0.47439754009246826,0.5190074443817139,-0.05488724634051323,0.46138477325439453,0.5150753855705261,-0.049785032868385315,0.5027652382850647,0.6792047023773193,-0.04969736561179161,0.4601620137691498,0.5538837909698486,-0.060934215784072876,0.4434814155101776,0.5167486071586609,-0.05370548367500305,0.4368555545806885,0.5098736882209778,-0.045571859925985336,0.4616600573062897,0.7010010480880737,-0.05477581173181534,0.4242074191570282,0.5808824300765991,-0.059095051139593124,0.4146932363510132,0.5372064113616943,-0.04812245815992355,0.4136936068534851,0.5192122459411621,-0.0396181121468544,0.42812177538871765,0.7231336236000061,-0.057785701006650925,0.40490639209747314,0.6262302994728088,-0.05714133381843567,0.4038377106189728,0.5873169898986816,-0.04562191665172577,0.40658798813819885,0.564315140247345,-0.03603862226009369,0,0,0,0,0,0,0,0,0,0,0,0,0,0,0,0,0,0,0,0,0,0,0,0,0,0,0,0,0,0,0,0,0,0,0,0,0,0,0,0,0,0,0,0,0,0,0,0,0,0,0,0,0,0,0,0,0,0,0,0,0,0,0,eat
0.5168120265007019,0.8291462063789368,1.9507898230131104e-07,0.5533499717712402,0.7450160980224609,0.007138839922845364,0.5506805181503296,0.6591300368309021,-0.0002886037400458008,0.5175982713699341,0.5971032381057739,-0.006555794272571802,0.4832875430583954,0.5645389556884766,-0.014218776486814022,0.5457218885421753,0.6490342617034912,-0.04121028631925583,0.4996943771839142,0.5462296009063721,-0.05327550694346428,0.47471773624420166,0.5139761567115784,-0.05179145187139511,0.4611567258834839,0.5056855082511902,-0.04668284207582474,0.4998973309993744,0.6730619072914124,-0.049085184931755066,0.4583474397659302,0.5510362386703491,-0.059177882969379425,0.44250303506851196,0.5089572072029114,-0.05162271857261658,0.43510207533836365,0.4960481524467468,-0.043944232165813446,0.45719581842422485,0.6967155933380127,-0.053415991365909576,0.4213349223136902,0.5766851305961609,-0.058424320071935654,0.4130018651485443,0.5303160548210144,-0.04876869171857834,0.4116971790790558,0.5094473361968994,-0.041209638118743896,0.4236464202404022,0.7190364599227905,-0.05557331070303917,0.40434038639068604,0.6202841401100159,-0.055935684591531754,0.4052346348762512,0.581379771232605,-0.04570579156279564,0.40877074003219604,0.5589187145233154,-0.037151772528886795,0,0,0,0,0,0,0,0,0,0,0,0,0,0,0,0,0,0,0,0,0,0,0,0,0,0,0,0,0,0,0,0,0,0,0,0,0,0,0,0,0,0,0,0,0,0,0,0,0,0,0,0,0,0,0,0,0,0,0,0,0,0,0,eat
0.5085420608520508,0.8106608390808105,2.0375954079554504e-07,0.5430741310119629,0.7275913953781128,0.006358452141284943,0.5387553572654724,0.6441604495048523,-0.0022201095707714558,0.497782438993454,0.5957517623901367,-0.009668756276369095,0.4625948667526245,0.5743186473846436,-0.018089888617396355,0.5313732624053955,0.6329243779182434,-0.04180304706096649,0.4833589494228363,0.5316228866577148,-0.05673781782388687,0.45816314220428467,0.5037581324577332,-0.05691288039088249,0.44609957933425903,0.5030274391174316,-0.05186831206083298,0.48721519112586975,0.6578921675682068,-0.04911865293979645,0.4427328109741211,0.5355653762817383,-0.061163175851106644,0.4291970431804657,0.5040191411972046,-0.05229024589061737,0.4255615770816803,0.5052955150604248,-0.04236174747347832,0.4476093053817749,0.6816750168800354,-0.05305807292461395,0.4108414947986603,0.564460039138794,-0.05803889408707619,0.4055261015892029,0.5329934358596802,-0.042801208794116974,0.40737098455429077,0.5274867415428162,-0.03023635596036911,0.4161573350429535,0.7061973214149475,-0.05523323267698288,0.3969806432723999,0.6131316423416138,-0.05356781557202339,0.4023115634918213,0.5821747779846191,-0.038565099239349365,0.4092790186405182,0.5689982175827026,-0.025841429829597473,0,0,0,0,0,0,0,0,0,0,0,0,0,0,0,0,0,0,0,0,0,0,0,0,0,0,0,0,0,0,0,0,0,0,0,0,0,0,0,0,0,0,0,0,0,0,0,0,0,0,0,0,0,0,0,0,0,0,0,0,0,0,0,eat
0.5082460045814514,0.8097026348114014,1.951743797690142e-07,0.5416327714920044,0.7251999378204346,0.005505690351128578,0.5351898670196533,0.644089937210083,-0.0029847959522157907,0.4935641884803772,0.5972448587417603,-0.01054032240062952,0.4579969346523285,0.5748215317726135,-0.019305890426039696,0.5311987400054932,0.6329091191291809,-0.037705887109041214,0.48436591029167175,0.5335953235626221,-0.05202876776456833,0.45792126655578613,0.5045216083526611,-0.05379335209727287,0.44529393315315247,0.49909478425979614,-0.05073646828532219,0.48625174164772034,0.6581496000289917,-0.045468997210264206,0.4445044994354248,0.53611820936203,-0.057585708796978,0.4313342273235321,0.5050716400146484,-0.05137493088841438,0.42841145396232605,0.5036221742630005,-0.043538108468055725,0.44533511996269226,0.6823557615280151,-0.05032438412308693,0.4091145396232605,0.5649601817131042,-0.05667649954557419,0.4045398533344269,0.5282207131385803,-0.04615388810634613,0.4072708189487457,0.5156740546226501,-0.03731146082282066,0.41367465257644653,0.7042670249938965,-0.053406570106744766,0.3973366618156433,0.6098593473434448,-0.054372698068618774,0.40367111563682556,0.5777145028114319,-0.04307655245065689,0.41133400797843933,0.5609666705131531,-0.03336546570062637,0,0,0,0,0,0,0,0,0,0,0,0,0,0,0,0,0,0,0,0,0,0,0,0,0,0,0,0,0,0,0,0,0,0,0,0,0,0,0,0,0,0,0,0,0,0,0,0,0,0,0,0,0,0,0,0,0,0,0,0,0,0,0,eat
0.5180333256721497,0.8337459564208984,1.302860823670926e-07,0.5520888566970825,0.7500605583190918,0.00842403806746006,0.5500977039337158,0.6700506806373596,-0.00034420887823216617,0.5140756368637085,0.6148805618286133,-0.00837497878819704,0.4781526029109955,0.5855768322944641,-0.017527585849165916,0.545829176902771,0.6544323563575745,-0.041349370032548904,0.4963897466659546,0.5510290265083313,-0.05371157079935074,0.47117429971694946,0.520598292350769,-0.05087186023592949,0.45951953530311584,0.516666054725647,-0.043876759707927704,0.503034770488739,0.6798804402351379,-0.05007543787360191,0.45637965202331543,0.558628499507904,-0.06017308309674263,0.44000911712646484,0.5231232643127441,-0.05024765431880951,0.4343147575855255,0.5149272680282593,-0.03995322808623314,0.4619970917701721,0.703392744064331,-0.055276453495025635,0.42216598987579346,0.5869758129119873,-0.058988239616155624,0.41414445638656616,0.5454695224761963,-0.04558142274618149,0.41439178586006165,0.5272881984710693,-0.03515465930104256,0.4287494421005249,0.725011944770813,-0.05846875533461571,0.405251145362854,0.629163920879364,-0.057418521493673325,0.4054551422595978,0.5930484533309937,-0.044436536729335785,0.40910810232162476,0.5717581510543823,-0.03346814587712288,0,0,0,0,0,0,0,0,0,0,0,0,0,0,0,0,0,0,0,0,0,0,0,0,0,0,0,0,0,0,0,0,0,0,0,0,0,0,0,0,0,0,0,0,0,0,0,0,0,0,0,0,0,0,0,0,0,0,0,0,0,0,0,eat
0.5203355550765991,0.8357172012329102,1.7337221436264372e-07,0.5547937750816345,0.7525091767311096,0.004883922636508942,0.5510267019271851,0.6652366518974304,-0.0030670587439090014,0.5177744030952454,0.6015918850898743,-0.00987803190946579,0.4840865731239319,0.5654802918434143,-0.0180546622723341,0.5490109324455261,0.6563373804092407,-0.03791903704404831,0.5000882744789124,0.5569033026695251,-0.05062719061970711,0.47445380687713623,0.5250405073165894,-0.05162133276462555,0.46092674136161804,0.5150543451309204,-0.04840540513396263,0.5034842491149902,0.6815729141235352,-0.045400962233543396,0.4609108567237854,0.5634374618530273,-0.055137671530246735,0.44559618830680847,0.5218725204467773,-0.04941157251596451,0.43839117884635925,0.5104573369026184,-0.043311428278684616,0.4607324004173279,0.7053230404853821,-0.050032444298267365,0.4243142306804657,0.5878324508666992,-0.054915402084589005,0.4175596833229065,0.5432895421981812,-0.0459100678563118,0.4172345995903015,0.5248534679412842,-0.03895920515060425,0.426350861787796,0.7260604500770569,-0.05297942832112312,0.40772107243537903,0.6276504397392273,-0.054053984582424164,0.40978628396987915,0.5905925035476685,-0.044373515993356705,0.41363000869750977,0.5696858167648315,-0.03624811768531799,0,0,0,0,0,0,0,0,0,0,0,0,0,0,0,0,0,0,0,0,0,0,0,0,0,0,0,0,0,0,0,0,0,0,0,0,0,0,0,0,0,0,0,0,0,0,0,0,0,0,0,0,0,0,0,0,0,0,0,0,0,0,0,eat
0.5165528059005737,0.8188928365707397,1.9871040990437905e-07,0.5494275689125061,0.7362045645713806,0.00484756613150239,0.5454462170600891,0.6526462435722351,-0.0028068844694644213,0.5085346102714539,0.599787712097168,-0.00943075679242611,0.47523874044418335,0.5723273158073425,-0.017042251303792,0.5401380062103271,0.6359476447105408,-0.03911086544394493,0.4930204749107361,0.5363160967826843,-0.05339931324124336,0.46572571992874146,0.5063256025314331,-0.05450056493282318,0.4512355625629425,0.5047207474708557,-0.05047038942575455,0.4955916106700897,0.6600087285041809,-0.046207983046770096,0.45241329073905945,0.5402862429618835,-0.057292308658361435,0.43765726685523987,0.5067782402038574,-0.05074571818113327,0.4329763650894165,0.5082943439483643,-0.042770422995090485,0.45575952529907227,0.6837752461433411,-0.05038398876786232,0.41972190141677856,0.5700486898422241,-0.05480673164129257,0.4136279821395874,0.5343300700187683,-0.04407580941915512,0.4154394268989563,0.526726484298706,-0.035162027925252914,0.42394953966140747,0.7081082463264465,-0.05303152650594711,0.40526846051216125,0.6164300441741943,-0.05311637371778488,0.4069051146507263,0.5802451372146606,-0.04287968575954437,0.4116551876068115,0.5610016584396362,-0.03377438336610794,0,0,0,0,0,0,0,0,0,0,0,0,0,0,0,0,0,0,0,0,0,0,0,0,0,0,0,0,0,0,0,0,0,0,0,0,0,0,0,0,0,0,0,0,0,0,0,0,0,0,0,0,0,0,0,0,0,0,0,0,0,0,0,eat
0.5168050527572632,0.8188329935073853,1.605057775577734e-07,0.5485870242118835,0.7339944839477539,0.007289208471775055,0.5430271625518799,0.6542977094650269,0.0005751994904130697,0.5052037835121155,0.6052287220954895,-0.006060486193746328,0.47075608372688293,0.5808526277542114,-0.014086904935538769,0.5393550395965576,0.6338912844657898,-0.03133111819624901,0.49219849705696106,0.5363476872444153,-0.044497907161712646,0.465361624956131,0.5077469348907471,-0.04648696258664131,0.4519258737564087,0.5026827454566956,-0.04372614994645119,0.494952917098999,0.6565046310424805,-0.039972975850105286,0.4541167914867401,0.5402346253395081,-0.050330858677625656,0.438425749540329,0.5083656907081604,-0.045072827488183975,0.43291985988616943,0.5074706077575684,-0.03823802247643471,0.45404288172721863,0.6812082529067993,-0.04593095928430557,0.41855955123901367,0.5704454779624939,-0.05012831091880798,0.4105335474014282,0.5344290733337402,-0.04035678133368492,0.4105360507965088,0.5228147506713867,-0.03241793438792229,0.421697199344635,0.7060114741325378,-0.050260551273822784,0.4026676118373871,0.6144758462905884,-0.050074756145477295,0.4031578600406647,0.5790820121765137,-0.03950255736708641,0.40695199370384216,0.5585626363754272,-0.030388440936803818,0,0,0,0,0,0,0,0,0,0,0,0,0,0,0,0,0,0,0,0,0,0,0,0,0,0,0,0,0,0,0,0,0,0,0,0,0,0,0,0,0,0,0,0,0,0,0,0,0,0,0,0,0,0,0,0,0,0,0,0,0,0,0,eat
0.5286509394645691,0.8387541770935059,9.937046741015365e-08,0.5602701902389526,0.7527937889099121,0.0132764196023345,0.5601169466972351,0.6744837760925293,0.006665379740297794,0.5248998403549194,0.6223061680793762,-0.0003380213165655732,0.4898376166820526,0.5958342552185059,-0.008808904327452183,0.5584249496459961,0.655177891254425,-0.03455163910984993,0.508566677570343,0.5523266196250916,-0.045946430414915085,0.48304423689842224,0.5247244238853455,-0.04343055188655853,0.4712502956390381,0.5201917886734009,-0.03721734508872032,0.5156348347663879,0.6789287328720093,-0.046035949140787125,0.47065985202789307,0.5595448613166809,-0.05558542162179947,0.45286834239959717,0.5249379277229309,-0.0474151149392128,0.4451810419559479,0.513644814491272,-0.03884125128388405,0.47372403740882874,0.7022920250892639,-0.05378790199756622,0.43616560101509094,0.5883291363716125,-0.05719684436917305,0.4260208010673523,0.547821044921875,-0.0451054647564888,0.42380884289741516,0.5267267227172852,-0.03595744073390961,0.4390603005886078,0.7249037027359009,-0.059145860373973846,0.4172658324241638,0.6301092505455017,-0.05760829150676727,0.4167564809322357,0.5934001803398132,-0.044788964092731476,0.4195249378681183,0.5690950751304626,-0.03422814980149269,0,0,0,0,0,0,0,0,0,0,0,0,0,0,0,0,0,0,0,0,0,0,0,0,0,0,0,0,0,0,0,0,0,0,0,0,0,0,0,0,0,0,0,0,0,0,0,0,0,0,0,0,0,0,0,0,0,0,0,0,0,0,0,eat
0.5269368290901184,0.8384964466094971,1.796036741552598e-07,0.561690628528595,0.7537975311279297,0.00618363730609417,0.556836724281311,0.6676047444343567,-0.0011946818558499217,0.5215450525283813,0.6071710586547852,-0.007601909805089235,0.4879245162010193,0.5738516449928284,-0.015292201191186905,0.5552995800971985,0.6600196361541748,-0.037053581327199936,0.509568989276886,0.5593292117118835,-0.04964284598827362,0.48407644033432007,0.526637613773346,-0.050459254533052444,0.4699341654777527,0.5152828693389893,-0.047212839126586914,0.5096737742424011,0.6831105351448059,-0.044852014631032944,0.4688553214073181,0.5635021328926086,-0.05484451726078987,0.453119158744812,0.5209385752677917,-0.04923376068472862,0.4453391432762146,0.5071778297424316,-0.043182943016290665,0.46670976281166077,0.7047007083892822,-0.04952596127986908,0.43098241090774536,0.5870684385299683,-0.05425284802913666,0.4247347414493561,0.5441149473190308,-0.04471227154135704,0.4247364401817322,0.52538001537323,-0.03735591843724251,0.4325472116470337,0.7244528532028198,-0.052404988557100296,0.4154764413833618,0.6269237399101257,-0.05264507234096527,0.41965776681900024,0.5924933552742004,-0.04184630140662193,0.425459623336792,0.5734426975250244,-0.0329076312482357,0,0,0,0,0,0,0,0,0,0,0,0,0,0,0,0,0,0,0,0,0,0,0,0,0,0,0,0,0,0,0,0,0,0,0,0,0,0,0,0,0,0,0,0,0,0,0,0,0,0,0,0,0,0,0,0,0,0,0,0,0,0,0,eat
0.5158157348632812,0.81828773021698,2.652863599905686e-07,0.5513933897018433,0.7364804148674011,0.002504544798284769,0.5483649373054504,0.6511422991752625,-0.006897897459566593,0.508512556552887,0.5993678569793701,-0.013903265818953514,0.47357451915740967,0.5764291286468506,-0.02122609317302704,0.5382426977157593,0.6450242400169373,-0.047929633408784866,0.4940946400165558,0.5418003797531128,-0.06300514191389084,0.47487667202949524,0.5106257200241089,-0.06224523112177849,0.4653729200363159,0.5086502432823181,-0.05641087889671326,0.4919179081916809,0.6677590608596802,-0.052818287163972855,0.44927552342414856,0.5398706197738647,-0.06542221456766129,0.44542521238327026,0.5104109644889832,-0.055593833327293396,0.4474424719810486,0.5154674053192139,-0.04457070678472519,0.45214930176734924,0.6881551146507263,-0.05416414514183998,0.41657376289367676,0.5673151016235352,-0.059663426131010056,0.42150238156318665,0.5398035049438477,-0.043684475123882294,0.42921724915504456,0.5391720533370972,-0.030305171385407448,0.4221057593822479,0.7074519395828247,-0.0540129654109478,0.4075484275817871,0.6143940687179565,-0.05354506894946098,0.42052364349365234,0.5860357880592346,-0.03919048607349396,0.43149736523628235,0.5767159461975098,-0.02656765654683113,0,0,0,0,0,0,0,0,0,0,0,0,0,0,0,0,0,0,0,0,0,0,0,0,0,0,0,0,0,0,0,0,0,0,0,0,0,0,0,0,0,0,0,0,0,0,0,0,0,0,0,0,0,0,0,0,0,0,0,0,0,0,0,eat
0.5170737504959106,0.8169540166854858,1.8119924050097325e-07,0.5516190528869629,0.7342534065246582,0.0023553904611617327,0.5464465618133545,0.6493626236915588,-0.006963846739381552,0.5026763677597046,0.5996657013893127,-0.014353176578879356,0.46605539321899414,0.5770585536956787,-0.022239703685045242,0.5395900011062622,0.6431034207344055,-0.04362432658672333,0.49193912744522095,0.537662148475647,-0.0588463619351387,0.470054566860199,0.5076507925987244,-0.0596652515232563,0.45998677611351013,0.5035387277603149,-0.055604517459869385,0.4939463138580322,0.6663267612457275,-0.04937594756484032,0.45154130458831787,0.5373913645744324,-0.06202216446399689,0.44613397121429443,0.5137198567390442,-0.054333750158548355,0.4487374722957611,0.5226263403892517,-0.04534345865249634,0.45330533385276794,0.6875831484794617,-0.051974907517433167,0.41766250133514404,0.5637584328651428,-0.058282364159822464,0.4222777485847473,0.5388817191123962,-0.044823337346315384,0.43119195103645325,0.5412023663520813,-0.03384176269173622,0.42185619473457336,0.7057358622550964,-0.053118374198675156,0.40512749552726746,0.6091073155403137,-0.054843757301568985,0.4178466796875,0.5822085738182068,-0.04277735948562622,0.42933306097984314,0.574235200881958,-0.03219049051403999,0,0,0,0,0,0,0,0,0,0,0,0,0,0,0,0,0,0,0,0,0,0,0,0,0,0,0,0,0,0,0,0,0,0,0,0,0,0,0,0,0,0,0,0,0,0,0,0,0,0,0,0,0,0,0,0,0,0,0,0,0,0,0,eat
0.5098494291305542,0.8323703408241272,1.1850655567968715e-07,0.5419501662254333,0.7487141489982605,0.0035461285151541233,0.5360815525054932,0.6615094542503357,-0.0032269407529383898,0.4987720549106598,0.6076257228851318,-0.008300594054162502,0.46546342968940735,0.5797329545021057,-0.0135780218988657,0.5220373272895813,0.654892086982727,-0.03821760043501854,0.4805482029914856,0.5509061217308044,-0.05078548192977905,0.4679366946220398,0.5261934995651245,-0.049835555255413055,0.4630905091762543,0.5272526741027832,-0.044905710965394974,0.47894322872161865,0.6777676939964294,-0.04394294321537018,0.4376712441444397,0.5507825613021851,-0.05488893389701843,0.4400794208049774,0.5363600850105286,-0.04695302993059158,0.4459167718887329,0.5518690347671509,-0.038081202656030655,0.44249337911605835,0.7014070749282837,-0.046597499400377274,0.40926527976989746,0.5813537240028381,-0.05145387724041939,0.418673038482666,0.5643770694732666,-0.03779610991477966,0.4282761812210083,0.5711681842803955,-0.027026301249861717,0.41558173298835754,0.7230157256126404,-0.047768689692020416,0.399151474237442,0.6286379098892212,-0.04781585559248924,0.4139721989631653,0.6059499979019165,-0.035086825489997864,0.4246015250682831,0.6031597852706909,-0.02455834485590458,0,0,0,0,0,0,0,0,0,0,0,0,0,0,0,0,0,0,0,0,0,0,0,0,0,0,0,0,0,0,0,0,0,0,0,0,0,0,0,0,0,0,0,0,0,0,0,0,0,0,0,0,0,0,0,0,0,0,0,0,0,0,0,eat
0.5040870308876038,0.8303611278533936,1.3632566719934402e-07,0.5372726917266846,0.7433633804321289,0.00441700266674161,0.5285888910293579,0.6582769155502319,-0.002593516604974866,0.4917600154876709,0.5996288061141968,-0.008376142010092735,0.46099430322647095,0.5645759701728821,-0.014400978572666645,0.5172019004821777,0.6547962427139282,-0.0377289280295372,0.4726680815219879,0.5518731474876404,-0.050103235989809036,0.454169362783432,0.5222139358520508,-0.04880518093705177,0.44482916593551636,0.5167552828788757,-0.043666914105415344,0.4759162664413452,0.6794738173484802,-0.043646834790706635,0.43294811248779297,0.5543993711471558,-0.05244399607181549,0.4301711320877075,0.5333602428436279,-0.04279753193259239,0.4342517852783203,0.5388121604919434,-0.0334143340587616,0.44013842940330505,0.7021468281745911,-0.04657849669456482,0.40399831533432007,0.5837851762771606,-0.04984517768025398,0.41047927737236023,0.5614455938339233,-0.035294633358716965,0.42041999101638794,0.5625449419021606,-0.02473727986216545,0.41232648491859436,0.7209920883178711,-0.04819139465689659,0.39272186160087585,0.6292741894721985,-0.048397913575172424,0.4037880301475525,0.6024888157844543,-0.036640431731939316,0.4135565161705017,0.5936951637268066,-0.027010655030608177,0,0,0,0,0,0,0,0,0,0,0,0,0,0,0,0,0,0,0,0,0,0,0,0,0,0,0,0,0,0,0,0,0,0,0,0,0,0,0,0,0,0,0,0,0,0,0,0,0,0,0,0,0,0,0,0,0,0,0,0,0,0,0,eat
0.5027584433555603,0.8283753991127014,1.6558257698306988e-07,0.5374341011047363,0.7430603504180908,0.0017631814116612077,0.5288830399513245,0.6561466455459595,-0.005477685481309891,0.49329832196235657,0.5942603349685669,-0.010935879312455654,0.4622722864151001,0.5581894516944885,-0.016556762158870697,0.5137380957603455,0.6551715731620789,-0.04120606929063797,0.4690667688846588,0.5525946617126465,-0.05393733084201813,0.4522075057029724,0.5207732319831848,-0.053182508796453476,0.44400718808174133,0.5133904814720154,-0.04877634719014168,0.47086775302886963,0.6786402463912964,-0.04575897008180618,0.42948487401008606,0.55459064245224,-0.05438239499926567,0.43025603890419006,0.5315424799919128,-0.045509081333875656,0.43664202094078064,0.5381649136543274,-0.037295009940862656,0.4354332983493805,0.7012392282485962,-0.04727449640631676,0.4003574848175049,0.5839155912399292,-0.05021290108561516,0.41147381067276,0.5643388628959656,-0.036388032138347626,0.4251635670661926,0.5701591372489929,-0.026816796511411667,0.4091915488243103,0.7202346920967102,-0.0478740893304348,0.39164432883262634,0.6311756372451782,-0.0486203208565712,0.40543168783187866,0.6073147058486938,-0.038218896836042404,0.41743332147598267,0.6022953987121582,-0.0298660546541214,0,0,0,0,0,0,0,0,0,0,0,0,0,0,0,0,0,0,0,0,0,0,0,0,0,0,0,0,0,0,0,0,0,0,0,0,0,0,0,0,0,0,0,0,0,0,0,0,0,0,0,0,0,0,0,0,0,0,0,0,0,0,0,eat
0.5034865140914917,0.8317489624023438,1.6413382297741919e-07,0.5371606349945068,0.7457107305526733,0.002192228101193905,0.5294565558433533,0.6593543887138367,-0.004114454612135887,0.4941216707229614,0.6003847122192383,-0.008625484071671963,0.46305590867996216,0.5654507279396057,-0.013160855509340763,0.5124512314796448,0.6523198485374451,-0.0387684591114521,0.4682298004627228,0.5516448616981506,-0.05053644999861717,0.45081907510757446,0.5252269506454468,-0.04954729974269867,0.4434460699558258,0.5221179127693176,-0.04486845061182976,0.46987655758857727,0.6779001355171204,-0.04306818172335625,0.4271562695503235,0.5574216842651367,-0.05076740309596062,0.4263255000114441,0.533632755279541,-0.04236944019794464,0.4322337210178375,0.5380154252052307,-0.034540966153144836,0.4347721040248871,0.7029123306274414,-0.04439966753125191,0.398783802986145,0.5890509486198425,-0.046745359897613525,0.40895548462867737,0.5689337849617004,-0.033576563000679016,0.42170602083206177,0.5723295211791992,-0.0243512149900198,0.4096025824546814,0.7238196134567261,-0.04470681771636009,0.39143797755241394,0.6347421407699585,-0.044560059905052185,0.4051140248775482,0.6122098565101624,-0.03337414190173149,0.4170837104320526,0.6076295971870422,-0.02432093396782875,0,0,0,0,0,0,0,0,0,0,0,0,0,0,0,0,0,0,0,0,0,0,0,0,0,0,0,0,0,0,0,0,0,0,0,0,0,0,0,0,0,0,0,0,0,0,0,0,0,0,0,0,0,0,0,0,0,0,0,0,0,0,0,eat
0.5101110339164734,0.8411899209022522,1.7540207863930846e-07,0.5428808927536011,0.7585567831993103,0.0013104440877214074,0.5376856923103333,0.6706151366233826,-0.006191229913383722,0.5036923885345459,0.6068058609962463,-0.011776578612625599,0.4719160795211792,0.5686464309692383,-0.017748704180121422,0.5268055200576782,0.6627404689788818,-0.03901871666312218,0.4796605706214905,0.5598763227462769,-0.05246107280254364,0.45781707763671875,0.528236985206604,-0.053578801453113556,0.4483271837234497,0.5216144323348999,-0.04986673593521118,0.4834965169429779,0.6887910962104797,-0.04354399815201759,0.44042280316352844,0.5675361752510071,-0.05304911732673645,0.430960476398468,0.5340616106987,-0.04656291380524635,0.43090391159057617,0.530518651008606,-0.03928448632359505,0.44521602988243103,0.7128913998603821,-0.04553140327334404,0.4079541862010956,0.5949982404708862,-0.04930933937430382,0.4073072671890259,0.5598872303962708,-0.0387408621609211,0.41309282183647156,0.5507674813270569,-0.030730929225683212,0.41566556692123413,0.7326030731201172,-0.04651837423443794,0.3981912434101105,0.6408353447914124,-0.04771222174167633,0.40424981713294983,0.6081928014755249,-0.038504865020513535,0.41160908341407776,0.5921302437782288,-0.030367905274033546,0,0,0,0,0,0,0,0,0,0,0,0,0,0,0,0,0,0,0,0,0,0,0,0,0,0,0,0,0,0,0,0,0,0,0,0,0,0,0,0,0,0,0,0,0,0,0,0,0,0,0,0,0,0,0,0,0,0,0,0,0,0,0,eat
0.5079106688499451,0.8419554233551025,2.260570539647233e-07,0.5435958504676819,0.7575370073318481,-0.002283981768414378,0.5356584191322327,0.6648425459861755,-0.010470978915691376,0.4997301995754242,0.5977289080619812,-0.01602463610470295,0.4669703245162964,0.5576496124267578,-0.021797126159071922,0.5197721123695374,0.6688663959503174,-0.04279173165559769,0.4778590500354767,0.5680168867111206,-0.0559629462659359,0.45784589648246765,0.5322448015213013,-0.05670051649212837,0.4452707767486572,0.5177948474884033,-0.05361507833003998,0.47613388299942017,0.6951315402984619,-0.0458378940820694,0.4380001425743103,0.5722132921218872,-0.055140212178230286,0.4327618479728699,0.535769522190094,-0.048494789749383926,0.43319764733314514,0.5301367044448853,-0.042059168219566345,0.44011303782463074,0.7182191610336304,-0.04636240005493164,0.4067114293575287,0.598920464515686,-0.050231438130140305,0.41281843185424805,0.5669211149215698,-0.039180099964141846,0.42208752036094666,0.5608490705490112,-0.03146349638700485,0.41375136375427246,0.7354802489280701,-0.046316154301166534,0.3967535197734833,0.6432176232337952,-0.04800226539373398,0.40761223435401917,0.6141394376754761,-0.039229195564985275,0.41759902238845825,0.6027563214302063,-0.032052695751190186,0,0,0,0,0,0,0,0,0,0,0,0,0,0,0,0,0,0,0,0,0,0,0,0,0,0,0,0,0,0,0,0,0,0,0,0,0,0,0,0,0,0,0,0,0,0,0,0,0,0,0,0,0,0,0,0,0,0,0,0,0,0,0,eat
0.506537139415741,0.8276014924049377,2.265732490513983e-07,0.5376389026641846,0.7457585334777832,0.002727137878537178,0.531721293926239,0.6629191637039185,-0.004566631279885769,0.499798059463501,0.6037472486495972,-0.009928736835718155,0.47007137537002563,0.5688592195510864,-0.015708735212683678,0.5183286070823669,0.655040979385376,-0.04141424596309662,0.47657161951065063,0.5550620555877686,-0.05391111597418785,0.45680922269821167,0.5237283706665039,-0.05335080996155739,0.44488203525543213,0.515325665473938,-0.04894193634390831,0.475477397441864,0.6786530017852783,-0.04591023176908493,0.4384632706642151,0.559265673160553,-0.05483851954340935,0.43493616580963135,0.5297794342041016,-0.0463072694838047,0.43707770109176636,0.529363751411438,-0.03799028694629669,0.43877848982810974,0.7016707062721252,-0.04730021208524704,0.4064582288265228,0.5866469144821167,-0.0502171516418457,0.41148120164871216,0.556060791015625,-0.03809013590216637,0.4197317957878113,0.5513932704925537,-0.029434064403176308,0.4118587374687195,0.7220298051834106,-0.0475035160779953,0.39707159996032715,0.634407103061676,-0.047651004046201706,0.4073132574558258,0.6059572696685791,-0.03753682225942612,0.41635531187057495,0.5955807566642761,-0.02909662574529648,0,0,0,0,0,0,0,0,0,0,0,0,0,0,0,0,0,0,0,0,0,0,0,0,0,0,0,0,0,0,0,0,0,0,0,0,0,0,0,0,0,0,0,0,0,0,0,0,0,0,0,0,0,0,0,0,0,0,0,0,0,0,0,eat
0.5061246752738953,0.8255763053894043,1.981693884545166e-07,0.5372636318206787,0.7445400953292847,0.000796159787569195,0.5288643836975098,0.657261312007904,-0.006194672547280788,0.4957415461540222,0.5933733582496643,-0.010754566639661789,0.4655899405479431,0.5542097091674805,-0.0155304791405797,0.5168672204017639,0.653381884098053,-0.04232866317033768,0.47277122735977173,0.5490992069244385,-0.054615363478660583,0.4551357328891754,0.5209697484970093,-0.053442589938640594,0.4474059045314789,0.5163543224334717,-0.04860050976276398,0.4743521213531494,0.6787761449813843,-0.045847129076719284,0.43478378653526306,0.5564224123954773,-0.05474087968468666,0.4329313039779663,0.5295782089233398,-0.046064093708992004,0.4370989203453064,0.531201958656311,-0.03777586668729782,0.43810388445854187,0.703116774559021,-0.04648980870842934,0.4031332731246948,0.5861994624137878,-0.050226375460624695,0.40940621495246887,0.555558443069458,-0.03828514367341995,0.41891640424728394,0.5492569804191589,-0.029755601659417152,0.41100794076919556,0.7234102487564087,-0.04602786898612976,0.3933895230293274,0.631735622882843,-0.04756438732147217,0.4054620862007141,0.6040002107620239,-0.03779422119259834,0.4164506793022156,0.5949497818946838,-0.029639286920428276,0,0,0,0,0,0,0,0,0,0,0,0,0,0,0,0,0,0,0,0,0,0,0,0,0,0,0,0,0,0,0,0,0,0,0,0,0,0,0,0,0,0,0,0,0,0,0,0,0,0,0,0,0,0,0,0,0,0,0,0,0,0,0,eat
0.5060920119285583,0.8460965752601624,1.6942520630891522e-07,0.5403088331222534,0.7634944915771484,0.0012708756839856505,0.534100353717804,0.6771252155303955,-0.006209862884134054,0.5009213089942932,0.6144616007804871,-0.011706019751727581,0.4709357023239136,0.5745618343353271,-0.017762375995516777,0.5192553400993347,0.670228898525238,-0.04124641790986061,0.47501444816589355,0.5694558024406433,-0.05478353425860405,0.45363959670066833,0.5342631340026855,-0.05492134392261505,0.44327786564826965,0.5246864557266235,-0.05050722137093544,0.4775373637676239,0.6967095732688904,-0.04590265452861786,0.43541058897972107,0.5753551125526428,-0.05617135390639305,0.42902547121047974,0.5440387725830078,-0.04892415553331375,0.4321165382862091,0.5441562533378601,-0.04075569286942482,0.4415772259235382,0.7215124368667603,-0.04794511944055557,0.4047798812389374,0.6048306226730347,-0.05244620144367218,0.40663716197013855,0.5697823166847229,-0.042305972427129745,0.41488078236579895,0.5622683763504028,-0.03439560532569885,0.4145773947238922,0.7415400743484497,-0.048867251724004745,0.3956514000892639,0.6496480703353882,-0.050949931144714355,0.402760773897171,0.616197407245636,-0.042926955968141556,0.41129952669143677,0.6008554100990295,-0.03562721237540245,0,0,0,0,0,0,0,0,0,0,0,0,0,0,0,0,0,0,0,0,0,0,0,0,0,0,0,0,0,0,0,0,0,0,0,0,0,0,0,0,0,0,0,0,0,0,0,0,0,0,0,0,0,0,0,0,0,0,0,0,0,0,0,eat
0.5034202933311462,0.8327732682228088,1.9774039117237407e-07,0.535095751285553,0.7496207356452942,0.0036795109044760466,0.5273786187171936,0.6665094494819641,-0.003687277901917696,0.49365729093551636,0.6044499278068542,-0.00931214913725853,0.4643806517124176,0.5643849968910217,-0.015136560425162315,0.5138144493103027,0.6620851159095764,-0.04123644903302193,0.46885719895362854,0.5627349615097046,-0.05318978801369667,0.4485584795475006,0.5311498641967773,-0.050857435911893845,0.43769776821136475,0.5251734256744385,-0.044653017073869705,0.472767174243927,0.6874867677688599,-0.04613497108221054,0.43147557973861694,0.5688607692718506,-0.05439303442835808,0.4249725937843323,0.5373618006706238,-0.043891239911317825,0.42522066831588745,0.5370713472366333,-0.03407101705670357,0.4373505115509033,0.7116779088973999,-0.04785007983446121,0.40057477355003357,0.597440242767334,-0.05021272972226143,0.4054619073867798,0.5693627595901489,-0.03495936468243599,0.41404977440834045,0.5682325959205627,-0.023921282961964607,0.4107431173324585,0.7335765361785889,-0.04834859445691109,0.3909361958503723,0.6451858282089233,-0.04811275377869606,0.4009384214878082,0.6180563569068909,-0.03610147163271904,0.4103003740310669,0.6089254021644592,-0.026060573756694794,0,0,0,0,0,0,0,0,0,0,0,0,0,0,0,0,0,0,0,0,0,0,0,0,0,0,0,0,0,0,0,0,0,0,0,0,0,0,0,0,0,0,0,0,0,0,0,0,0,0,0,0,0,0,0,0,0,0,0,0,0,0,0,eat
0.5016864538192749,0.8285504579544067,1.8350370112329983e-07,0.5326380729675293,0.7455627918243408,0.00023678882280364633,0.523561418056488,0.6590619683265686,-0.00771970022469759,0.4884715676307678,0.5989891290664673,-0.013918165117502213,0.45615896582603455,0.5646763443946838,-0.020405258983373642,0.5105352997779846,0.6573021411895752,-0.0418085940182209,0.4691515862941742,0.558961808681488,-0.0563647635281086,0.4488113522529602,0.5301133394241333,-0.0574544295668602,0.4381302297115326,0.5249086618423462,-0.05410422384738922,0.4690786898136139,0.6834971904754639,-0.04629606008529663,0.4295545816421509,0.5654861330986023,-0.05618516355752945,0.4256344139575958,0.5381150245666504,-0.04853791743516922,0.4277671277523041,0.5402774810791016,-0.04141093045473099,0.43383684754371643,0.7093101739883423,-0.04819940775632858,0.3970516622066498,0.5939637422561646,-0.0528615266084671,0.4060850143432617,0.5741032958030701,-0.039689067751169205,0.418090283870697,0.5807267427444458,-0.030077800154685974,0.40742817521095276,0.7316204905509949,-0.049352094531059265,0.38712620735168457,0.6420292854309082,-0.051508404314517975,0.399610698223114,0.6181167960166931,-0.04160365089774132,0.4114460349082947,0.6146606802940369,-0.0333070382475853,0,0,0,0,0,0,0,0,0,0,0,0,0,0,0,0,0,0,0,0,0,0,0,0,0,0,0,0,0,0,0,0,0,0,0,0,0,0,0,0,0,0,0,0,0,0,0,0,0,0,0,0,0,0,0,0,0,0,0,0,0,0,0,eat
0.5066656470298767,0.8418264389038086,1.6612601427823392e-07,0.5382131338119507,0.7623665928840637,0.0014988846378400922,0.5340127944946289,0.6760342717170715,-0.0069620367139577866,0.5031670928001404,0.6118177771568298,-0.013462775386869907,0.4720929265022278,0.5729374885559082,-0.020525284111499786,0.5229390859603882,0.6737433671951294,-0.04360181838274002,0.476980596780777,0.5711068511009216,-0.059014249593019485,0.4566972553730011,0.539946973323822,-0.0602082684636116,0.44849348068237305,0.5370374917984009,-0.055776260793209076,0.4820670187473297,0.7000440359115601,-0.048799823969602585,0.4384308457374573,0.5763741731643677,-0.06053713336586952,0.4295930564403534,0.5418299436569214,-0.05403102561831474,0.4302348792552948,0.5420085191726685,-0.04608175903558731,0.44506895542144775,0.7237442135810852,-0.051172420382499695,0.40608087182044983,0.6031297445297241,-0.056710876524448395,0.4057841897010803,0.5678793787956238,-0.045777369290590286,0.41236358880996704,0.5618315935134888,-0.03677506372332573,0.41560909152030945,0.7441499829292297,-0.05236061289906502,0.39367303252220154,0.650689423084259,-0.05477523431181908,0.39826032519340515,0.6177971363067627,-0.04541557654738426,0.40504780411720276,0.604108452796936,-0.03670043870806694,0,0,0,0,0,0,0,0,0,0,0,0,0,0,0,0,0,0,0,0,0,0,0,0,0,0,0,0,0,0,0,0,0,0,0,0,0,0,0,0,0,0,0,0,0,0,0,0,0,0,0,0,0,0,0,0,0,0,0,0,0,0,0,eat
0.5066086053848267,0.8450079560279846,2.249679909027691e-07,0.5416409969329834,0.7616707682609558,-0.001268252031877637,0.5325234532356262,0.6724765300750732,-0.010143610648810863,0.49814844131469727,0.6073232293128967,-0.01651054248213768,0.468814492225647,0.5620502233505249,-0.023027298972010612,0.519151508808136,0.675885021686554,-0.04489981010556221,0.47562623023986816,0.5764402747154236,-0.05858740583062172,0.45737338066101074,0.5403589606285095,-0.058129195123910904,0.4464915990829468,0.5319153070449829,-0.05313155800104141,0.47604554891586304,0.7022857069969177,-0.04810298979282379,0.4354609251022339,0.5792427659034729,-0.05777985602617264,0.43073219060897827,0.54367995262146,-0.049584709107875824,0.43100887537002563,0.5416221618652344,-0.04136703163385391,0.4398910105228424,0.7252837419509888,-0.048626139760017395,0.40320801734924316,0.603969931602478,-0.05312856659293175,0.40953540802001953,0.5729926824569702,-0.04108555614948273,0.41802650690078735,0.570193886756897,-0.03192313015460968,0.4131234884262085,0.7430819272994995,-0.04824315011501312,0.39522242546081543,0.6491490602493286,-0.05038488283753395,0.4065845310688019,0.6219029426574707,-0.04085049405694008,0.41652044653892517,0.6138845086097717,-0.0324789360165596,0,0,0,0,0,0,0,0,0,0,0,0,0,0,0,0,0,0,0,0,0,0,0,0,0,0,0,0,0,0,0,0,0,0,0,0,0,0,0,0,0,0,0,0,0,0,0,0,0,0,0,0,0,0,0,0,0,0,0,0,0,0,0,eat
0.5073854923248291,0.8333282470703125,2.1152662554868584e-07,0.5378822684288025,0.7519574165344238,0.006393828429281712,0.5321081876754761,0.6703969836235046,0.0008736965246498585,0.5005336999893188,0.6143133044242859,-0.0035176987294107676,0.4703928828239441,0.5830513834953308,-0.008573390543460846,0.518885612487793,0.6579383611679077,-0.03685053065419197,0.4763540029525757,0.5611340999603271,-0.04758533462882042,0.45478516817092896,0.5318869352340698,-0.04575468227267265,0.4434945285320282,0.5260077714920044,-0.040533196181058884,0.47710028290748596,0.6826103329658508,-0.043344635516405106,0.4392331838607788,0.5667822957038879,-0.05088011547923088,0.4314972758293152,0.5355287790298462,-0.04166246950626373,0.4311341941356659,0.5336138606071472,-0.032848771661520004,0.4403246343135834,0.7082644104957581,-0.046563390642404556,0.4056571125984192,0.5975696444511414,-0.04842814803123474,0.4072175920009613,0.5665973424911499,-0.035587605088949203,0.4140932261943817,0.560935378074646,-0.026425626128911972,0.41241979598999023,0.7327427268028259,-0.04836020991206169,0.3948395550251007,0.646233856678009,-0.04791552573442459,0.40321919322013855,0.6182006597518921,-0.03684041649103165,0.4120347499847412,0.6076264977455139,-0.027572287246584892,0,0,0,0,0,0,0,0,0,0,0,0,0,0,0,0,0,0,0,0,0,0,0,0,0,0,0,0,0,0,0,0,0,0,0,0,0,0,0,0,0,0,0,0,0,0,0,0,0,0,0,0,0,0,0,0,0,0,0,0,0,0,0,eat
0.5109368562698364,0.8453546762466431,1.5630742211669713e-07,0.5446183085441589,0.7631983160972595,0.00029529345920309424,0.5378364324569702,0.6736820936203003,-0.006560683716088533,0.502129077911377,0.6115261912345886,-0.011467073112726212,0.4686199426651001,0.5787925124168396,-0.016840463504195213,0.5226496458053589,0.6666038036346436,-0.035533856600522995,0.4760647416114807,0.5713678002357483,-0.04732087627053261,0.45486152172088623,0.5418222546577454,-0.04856686666607857,0.4451965391635895,0.5353184938430786,-0.04554156959056854,0.48007363080978394,0.6936529278755188,-0.03917161002755165,0.4379579424858093,0.5804454684257507,-0.04639966040849686,0.4308122396469116,0.5496810674667358,-0.040445875376462936,0.43173786997795105,0.5482800602912903,-0.034460727125406265,0.44360312819480896,0.7189095616340637,-0.04051608219742775,0.407332181930542,0.6074612736701965,-0.04300832003355026,0.40975457429885864,0.576885461807251,-0.03344422206282616,0.41677379608154297,0.5717437267303467,-0.02674761600792408,0.41620007157325745,0.7386820316314697,-0.04102211445569992,0.39803850650787354,0.649851381778717,-0.042100001126527786,0.40554308891296387,0.6205161213874817,-0.03396011143922806,0.41288402676582336,0.6074174642562866,-0.027126962319016457,0,0,0,0,0,0,0,0,0,0,0,0,0,0,0,0,0,0,0,0,0,0,0,0,0,0,0,0,0,0,0,0,0,0,0,0,0,0,0,0,0,0,0,0,0,0,0,0,0,0,0,0,0,0,0,0,0,0,0,0,0,0,0,eat
0.5140239000320435,0.8475453853607178,1.9541778328857617e-07,0.5474659204483032,0.7626356482505798,-0.0010443093487992883,0.5388255715370178,0.6724034547805786,-0.009658964350819588,0.502220869064331,0.6073130369186401,-0.015790829434990883,0.4700877368450165,0.5668611526489258,-0.02220100723206997,0.5281534790992737,0.6750472784042358,-0.04380638152360916,0.48103225231170654,0.5789823532104492,-0.0573640875518322,0.46102502942085266,0.5473501682281494,-0.057565104216337204,0.4510430097579956,0.5390098690986633,-0.053482942283153534,0.48489129543304443,0.7037432789802551,-0.04738780856132507,0.44097447395324707,0.5863306522369385,-0.05733907222747803,0.43341442942619324,0.5508054494857788,-0.05064184218645096,0.4333135783672333,0.5461801290512085,-0.04387568309903145,0.447536826133728,0.7288327813148499,-0.04828102886676788,0.40778568387031555,0.6114615797996521,-0.05344393849372864,0.41085371375083923,0.5776380300521851,-0.043106548488140106,0.4187093675136566,0.5711245536804199,-0.035252735018730164,0.41919273138046265,0.7480400800704956,-0.04814998060464859,0.3992044925689697,0.6548407673835754,-0.051044173538684845,0.4074728786945343,0.624043345451355,-0.04271337389945984,0.4156759977340698,0.6116133332252502,-0.03529324010014534,0,0,0,0,0,0,0,0,0,0,0,0,0,0,0,0,0,0,0,0,0,0,0,0,0,0,0,0,0,0,0,0,0,0,0,0,0,0,0,0,0,0,0,0,0,0,0,0,0,0,0,0,0,0,0,0,0,0,0,0,0,0,0,eat
0.5147872567176819,0.8447208404541016,2.270265326842491e-07,0.5470813512802124,0.760901927947998,-0.0009947969811037183,0.538891077041626,0.6702801585197449,-0.009496621787548065,0.5033678412437439,0.604028046131134,-0.015428259037435055,0.4699706733226776,0.5651423931121826,-0.021773668006062508,0.5275799632072449,0.6729557514190674,-0.043053433299064636,0.481299489736557,0.5783609747886658,-0.05581524223089218,0.4611075520515442,0.5467113852500916,-0.05554584413766861,0.45138856768608093,0.5378549098968506,-0.05153059586882591,0.4851444661617279,0.7013145089149475,-0.04665977880358696,0.443545401096344,0.586392879486084,-0.05685516819357872,0.43401479721069336,0.5469775199890137,-0.05115092173218727,0.43230918049812317,0.5381414294242859,-0.045217569917440414,0.4476754665374756,0.7268810272216797,-0.04752523824572563,0.4096786081790924,0.6124863624572754,-0.053357306867837906,0.40974947810173035,0.5731768012046814,-0.045000720769166946,0.41540831327438354,0.5607982873916626,-0.038649849593639374,0.4190426468849182,0.747642457485199,-0.04716458171606064,0.3999561667442322,0.656667947769165,-0.05043470114469528,0.4053701162338257,0.6236665844917297,-0.04314190149307251,0.4114609956741333,0.6081278324127197,-0.03665262833237648,0,0,0,0,0,0,0,0,0,0,0,0,0,0,0,0,0,0,0,0,0,0,0,0,0,0,0,0,0,0,0,0,0,0,0,0,0,0,0,0,0,0,0,0,0,0,0,0,0,0,0,0,0,0,0,0,0,0,0,0,0,0,0,eat
0.5115148425102234,0.8311583995819092,2.1741271893915837e-07,0.5426895618438721,0.7513874173164368,0.0021130729001015425,0.5376169085502625,0.6672467589378357,-0.005312477704137564,0.5031281113624573,0.6095757484436035,-0.011052688583731651,0.47116491198539734,0.5781383514404297,-0.017206991091370583,0.5231045484542847,0.6573634743690491,-0.04010539501905441,0.48003241419792175,0.563948929309845,-0.05390750989317894,0.4594896137714386,0.5375260710716248,-0.055020932108163834,0.44971659779548645,0.5354713201522827,-0.05147463455796242,0.4809599220752716,0.6838099956512451,-0.04512591287493706,0.44043081998825073,0.5691894888877869,-0.0548148937523365,0.4340946078300476,0.5380556583404541,-0.0479373037815094,0.4352252781391144,0.53831946849823,-0.040780987590551376,0.44458916783332825,0.7099758982658386,-0.04725200682878494,0.4085465669631958,0.6003059148788452,-0.05153430625796318,0.4137206971645355,0.5747853517532349,-0.03961096704006195,0.4230317771434784,0.5760595798492432,-0.03058556281030178,0.4176986515522003,0.7343194484710693,-0.048253726214170456,0.4008074998855591,0.6467609405517578,-0.04947787895798683,0.4112718999385834,0.6224773526191711,-0.03876989334821701,0.4209645390510559,0.6167621612548828,-0.0295424647629261,0,0,0,0,0,0,0,0,0,0,0,0,0,0,0,0,0,0,0,0,0,0,0,0,0,0,0,0,0,0,0,0,0,0,0,0,0,0,0,0,0,0,0,0,0,0,0,0,0,0,0,0,0,0,0,0,0,0,0,0,0,0,0,eat
0.5136359930038452,0.8460639119148254,1.7591285939033696e-07,0.5477409958839417,0.763135552406311,-0.0005572042427957058,0.5417537689208984,0.6739405989646912,-0.007929356768727303,0.5056036114692688,0.6113221049308777,-0.01337161473929882,0.4725228548049927,0.5781750679016113,-0.01913364976644516,0.5222529768943787,0.674107015132904,-0.03666555508971214,0.4739169478416443,0.5786013007164001,-0.05027064308524132,0.4552222788333893,0.5454451441764832,-0.05252780392765999,0.4470321536064148,0.5368689298629761,-0.049545593559741974,0.4796682298183441,0.7027039527893066,-0.039760295301675797,0.43645238876342773,0.5913857221603394,-0.04728160426020622,0.4300082325935364,0.5556234121322632,-0.04113352298736572,0.43117865920066833,0.5487914085388184,-0.035026196390390396,0.44489312171936035,0.7268809676170349,-0.04087433964014053,0.4095839858055115,0.6164426207542419,-0.04299642890691757,0.4107266366481781,0.5810480117797852,-0.0329488143324852,0.4162803888320923,0.5709790587425232,-0.02584175020456314,0.4200016260147095,0.7447026968002319,-0.04138154536485672,0.40088972449302673,0.6568161845207214,-0.04134291410446167,0.40604737401008606,0.623504638671875,-0.03281206637620926,0.41150009632110596,0.6069234609603882,-0.02570074051618576,0,0,0,0,0,0,0,0,0,0,0,0,0,0,0,0,0,0,0,0,0,0,0,0,0,0,0,0,0,0,0,0,0,0,0,0,0,0,0,0,0,0,0,0,0,0,0,0,0,0,0,0,0,0,0,0,0,0,0,0,0,0,0,eat
0.5151239037513733,0.8503909707069397,1.9596819811340538e-07,0.5478280186653137,0.7702935934066772,0.000832107849419117,0.5431169867515564,0.6830193996429443,-0.006740730721503496,0.5086201429367065,0.6209635138511658,-0.012122750282287598,0.4758467674255371,0.5847707986831665,-0.018367797136306763,0.5348660945892334,0.6768320798873901,-0.04142150282859802,0.4891362190246582,0.5834922790527344,-0.05433628708124161,0.46634575724601746,0.5556648969650269,-0.054930903017520905,0.45450472831726074,0.5491658449172974,-0.05146736279129982,0.49176138639450073,0.7039578557014465,-0.046002764254808426,0.44835731387138367,0.5913902521133423,-0.05673075094819069,0.43532171845436096,0.552203357219696,-0.05206118896603584,0.43138226866722107,0.5429600477218628,-0.04658179730176926,0.4531838297843933,0.7298517823219299,-0.047788575291633606,0.41262108087539673,0.6174969673156738,-0.053607452660799026,0.4086512327194214,0.5758095979690552,-0.04668169841170311,0.41203370690345764,0.5601041913032532,-0.0411904975771904,0.423218309879303,0.752367377281189,-0.04808320477604866,0.4014037847518921,0.6618545055389404,-0.05060818791389465,0.40506961941719055,0.6286123394966125,-0.043121855705976486,0.41100409626960754,0.6125273108482361,-0.03647364675998688,0,0,0,0,0,0,0,0,0,0,0,0,0,0,0,0,0,0,0,0,0,0,0,0,0,0,0,0,0,0,0,0,0,0,0,0,0,0,0,0,0,0,0,0,0,0,0,0,0,0,0,0,0,0,0,0,0,0,0,0,0,0,0,eat
0.5136867165565491,0.8471390604972839,2.186036880402753e-07,0.5476717352867126,0.766309916973114,0.0006528420490212739,0.5426301956176758,0.6768901348114014,-0.007805315311998129,0.5093346238136292,0.6097924113273621,-0.013699580915272236,0.47468119859695435,0.5760814547538757,-0.02039412595331669,0.5319845676422119,0.6780792474746704,-0.045565441250801086,0.48648014664649963,0.5823382139205933,-0.05817782133817673,0.46574392914772034,0.5503848791122437,-0.05725134536623955,0.4557625353336334,0.5411658883094788,-0.052859604358673096,0.48890113830566406,0.7053219676017761,-0.05004633218050003,0.4464908838272095,0.5893148183822632,-0.060792226344347,0.43544596433639526,0.548353910446167,-0.05474810674786568,0.4331776201725006,0.5396023988723755,-0.04843689873814583,0.4508281946182251,0.7294361591339111,-0.05136590078473091,0.4130370020866394,0.6154828071594238,-0.05722497031092644,0.4102368950843811,0.5714517831802368,-0.04965389892458916,0.41459718346595764,0.5554879307746887,-0.043800026178359985,0.42200446128845215,0.7492740154266357,-0.051129717379808426,0.4024817645549774,0.6576704382896423,-0.05342027172446251,0.40629351139068604,0.6229819655418396,-0.04596725478768349,0.4125071167945862,0.6060386300086975,-0.0395394004881382,0,0,0,0,0,0,0,0,0,0,0,0,0,0,0,0,0,0,0,0,0,0,0,0,0,0,0,0,0,0,0,0,0,0,0,0,0,0,0,0,0,0,0,0,0,0,0,0,0,0,0,0,0,0,0,0,0,0,0,0,0,0,0,eat
0.5107645392417908,0.8266268372535706,2.248632000600992e-07,0.5420143008232117,0.7476925253868103,0.0031255315989255905,0.5363261699676514,0.6626430749893188,-0.004747799597680569,0.5027099251747131,0.6050938367843628,-0.010804980993270874,0.4709087610244751,0.5726975202560425,-0.0175483375787735,0.5256510972976685,0.6517874598503113,-0.043726351112127304,0.47963184118270874,0.5558209419250488,-0.05821800231933594,0.458202600479126,0.5273284912109375,-0.05829382315278053,0.44816359877586365,0.5271536707878113,-0.05304648354649544,0.48407113552093506,0.6793917417526245,-0.049226853996515274,0.44116687774658203,0.5631502866744995,-0.061034467071294785,0.4326021373271942,0.5309204459190369,-0.053031496703624725,0.432076632976532,0.5337787866592407,-0.04362025111913681,0.4470667243003845,0.7041894197463989,-0.05162295326590538,0.41177546977996826,0.5919290781021118,-0.056790877133607864,0.4118870496749878,0.5578904151916504,-0.04438433051109314,0.41669604182243347,0.5523182153701782,-0.033927202224731445,0.41799676418304443,0.7270875573158264,-0.05251254513859749,0.3986189365386963,0.6356744170188904,-0.05286466330289841,0.4052947163581848,0.605312168598175,-0.041048813611269,0.41240471601486206,0.5940859317779541,-0.030408957973122597,0,0,0,0,0,0,0,0,0,0,0,0,0,0,0,0,0,0,0,0,0,0,0,0,0,0,0,0,0,0,0,0,0,0,0,0,0,0,0,0,0,0,0,0,0,0,0,0,0,0,0,0,0,0,0,0,0,0,0,0,0,0,0,eat
0.5135654211044312,0.8379817605018616,1.7645119498865824e-07,0.5466590523719788,0.7549960017204285,0.0028471671976149082,0.5404123067855835,0.6696348786354065,-0.004812328144907951,0.5038751363754272,0.6136658191680908,-0.010843697004020214,0.4691748321056366,0.5848653316497803,-0.01765637844800949,0.5331527590751648,0.6627106666564941,-0.0396619588136673,0.48373425006866455,0.5646867752075195,-0.05237540230154991,0.46028757095336914,0.5340843200683594,-0.05249127745628357,0.4503602981567383,0.5294649600982666,-0.04793764278292656,0.4899081885814667,0.6902528405189514,-0.04508132487535477,0.44430533051490784,0.5729851126670837,-0.05450921133160591,0.43512028455734253,0.5418789386749268,-0.04699370637536049,0.435890257358551,0.5431712865829468,-0.03880072012543678,0.4506779909133911,0.7152352333068848,-0.04765577241778374,0.4116603434085846,0.6006156802177429,-0.051341962069272995,0.4128473103046417,0.5701485872268677,-0.039794158190488815,0.4200781583786011,0.5671131610870361,-0.030813971534371376,0.41998112201690674,0.7356146574020386,-0.048951856791973114,0.40022891759872437,0.6430260539054871,-0.049359507858753204,0.4095512628555298,0.6166078448295593,-0.03841305896639824,0.41943857073783875,0.6086657643318176,-0.029031945392489433,0,0,0,0,0,0,0,0,0,0,0,0,0,0,0,0,0,0,0,0,0,0,0,0,0,0,0,0,0,0,0,0,0,0,0,0,0,0,0,0,0,0,0,0,0,0,0,0,0,0,0,0,0,0,0,0,0,0,0,0,0,0,0,eat
0.5111120939254761,0.8421177864074707,2.1215269896401878e-07,0.5466457605361938,0.7580357193946838,-9.998189489124343e-05,0.5397304892539978,0.6701893210411072,-0.008010593242943287,0.5027717351913452,0.6088383197784424,-0.013722088187932968,0.47067975997924805,0.5721794366836548,-0.020016102120280266,0.5265510678291321,0.6693039536476135,-0.0414811410009861,0.48101481795310974,0.5735272765159607,-0.05402015894651413,0.460688054561615,0.5405557155609131,-0.054020848125219345,0.4501824676990509,0.531076192855835,-0.0501052550971508,0.4830414652824402,0.6953631639480591,-0.04545680433511734,0.4425049126148224,0.5790708065032959,-0.05464879423379898,0.43448466062545776,0.5423265695571899,-0.04815453663468361,0.4336262047290802,0.5371899604797363,-0.0413677804172039,0.44613632559776306,0.7191392779350281,-0.04683893173933029,0.40934479236602783,0.6048149466514587,-0.05111994221806526,0.4093706011772156,0.5667136907577515,-0.04232489690184593,0.41501179337501526,0.5556802749633789,-0.03576608747243881,0.4193033277988434,0.7376853227615356,-0.047121040523052216,0.4010546803474426,0.6479549407958984,-0.049290455877780914,0.4085196256637573,0.6163228750228882,-0.041761551052331924,0.41679778695106506,0.6024406552314758,-0.035120368003845215,0,0,0,0,0,0,0,0,0,0,0,0,0,0,0,0,0,0,0,0,0,0,0,0,0,0,0,0,0,0,0,0,0,0,0,0,0,0,0,0,0,0,0,0,0,0,0,0,0,0,0,0,0,0,0,0,0,0,0,0,0,0,0,eat
0.5115997791290283,0.8263575434684753,2.1025697094501083e-07,0.5435317158699036,0.7442721128463745,0.0018582296324893832,0.5356806516647339,0.6589575409889221,-0.006533688399940729,0.4999493360519409,0.6009905338287354,-0.013306021690368652,0.46608415246009827,0.5705421566963196,-0.020582813769578934,0.5237789750099182,0.6537488698959351,-0.04217144474387169,0.476850688457489,0.5566396117210388,-0.05763980746269226,0.456167995929718,0.5271454453468323,-0.05902485549449921,0.44659852981567383,0.526452898979187,-0.05483473464846611,0.4814825654029846,0.6803892850875854,-0.04712464287877083,0.43817004561424255,0.5641719698905945,-0.05751396715641022,0.4320549964904785,0.5328710079193115,-0.0494319424033165,0.4330129325389862,0.5354156494140625,-0.04098775237798691,0.44492730498313904,0.705478847026825,-0.049354709684848785,0.4078015983104706,0.5919321775436401,-0.05418236926198006,0.4120246171951294,0.5644277930259705,-0.040719203650951385,0.4196870028972626,0.5653201341629028,-0.030225789174437523,0.41714704036712646,0.7277633547782898,-0.05047215521335602,0.39834868907928467,0.6384052634239197,-0.05215144157409668,0.4078661799430847,0.6119194626808167,-0.0408659391105175,0.4161750376224518,0.604718804359436,-0.0308943260461092,0,0,0,0,0,0,0,0,0,0,0,0,0,0,0,0,0,0,0,0,0,0,0,0,0,0,0,0,0,0,0,0,0,0,0,0,0,0,0,0,0,0,0,0,0,0,0,0,0,0,0,0,0,0,0,0,0,0,0,0,0,0,0,eat
0.5109722018241882,0.8294545412063599,1.837968142126556e-07,0.5426497459411621,0.7466217875480652,0.0014220771845430136,0.5343502163887024,0.6612567901611328,-0.005850164219737053,0.4984310567378998,0.6038668155670166,-0.011369952000677586,0.46554046869277954,0.5706643462181091,-0.017456216737627983,0.5248188376426697,0.6547147631645203,-0.03881992772221565,0.4785638749599457,0.5592957735061646,-0.05204813554883003,0.4552672207355499,0.5311741828918457,-0.05281757563352585,0.44443631172180176,0.5260351896286011,-0.04922102019190788,0.48225706815719604,0.681074321269989,-0.04363201931118965,0.43936729431152344,0.5655684471130371,-0.05333671346306801,0.43134379386901855,0.5352983474731445,-0.04618101567029953,0.4323044419288635,0.5345696210861206,-0.038581643253564835,0.4451681673526764,0.7069597244262695,-0.045897237956523895,0.4074806272983551,0.5944837927818298,-0.05058746412396431,0.4101754426956177,0.564611554145813,-0.03912156820297241,0.41817525029182434,0.5591925978660583,-0.03032851405441761,0.4170731008052826,0.7289060354232788,-0.047074031084775925,0.39760878682136536,0.6387370824813843,-0.04886544495820999,0.40668386220932007,0.6113753914833069,-0.038690898567438126,0.4159010052680969,0.6013860106468201,-0.02989860065281391,0,0,0,0,0,0,0,0,0,0,0,0,0,0,0,0,0,0,0,0,0,0,0,0,0,0,0,0,0,0,0,0,0,0,0,0,0,0,0,0,0,0,0,0,0,0,0,0,0,0,0,0,0,0,0,0,0,0,0,0,0,0,0,eat
0.5231230854988098,0.8424375057220459,1.2629016055143438e-07,0.5513704419136047,0.758289635181427,0.004226117394864559,0.5443112254142761,0.6742098927497864,-0.0031459624879062176,0.5059477686882019,0.6214233040809631,-0.010042725130915642,0.4696599245071411,0.5964613556861877,-0.01826702244579792,0.5431442260742188,0.6587255001068115,-0.031199971213936806,0.494096577167511,0.5692421793937683,-0.044753916561603546,0.46749362349510193,0.5449774861335754,-0.04877925664186478,0.45422303676605225,0.5423046946525574,-0.04769532009959221,0.5002367496490479,0.6844412088394165,-0.038803260773420334,0.4564160406589508,0.5764258503913879,-0.047679539769887924,0.44076839089393616,0.5446668267250061,-0.04456668347120285,0.4343060553073883,0.5415083169937134,-0.040401678532361984,0.4597620368003845,0.7121337056159973,-0.0441000759601593,0.4196718633174896,0.6045525074005127,-0.04784957692027092,0.41340333223342896,0.571150004863739,-0.03962176293134689,0.41454949975013733,0.5615682005882263,-0.03347373381257057,0.4268071949481964,0.7377540469169617,-0.048115696758031845,0.40462052822113037,0.6489402651786804,-0.04901071637868881,0.40600454807281494,0.6162936091423035,-0.03977161645889282,0.41005265712738037,0.5985860824584961,-0.03194275125861168,0,0,0,0,0,0,0,0,0,0,0,0,0,0,0,0,0,0,0,0,0,0,0,0,0,0,0,0,0,0,0,0,0,0,0,0,0,0,0,0,0,0,0,0,0,0,0,0,0,0,0,0,0,0,0,0,0,0,0,0,0,0,0,eat
0.5172182321548462,0.8371109962463379,1.9231207204484235e-07,0.5511237978935242,0.7554890513420105,0.0032588569447398186,0.5445894002914429,0.6744445562362671,-0.004552836995571852,0.5087519884109497,0.6197413206100464,-0.01116460282355547,0.47478732466697693,0.5917514562606812,-0.018487492576241493,0.5382206439971924,0.6626037955284119,-0.03650985658168793,0.4943581521511078,0.5679108500480652,-0.049204856157302856,0.4702994227409363,0.5416186451911926,-0.050171978771686554,0.4576784670352936,0.5386755466461182,-0.0468558706343174,0.49404558539390564,0.6865015625953674,-0.042505715042352676,0.45342782139778137,0.5731527209281921,-0.05202779918909073,0.43948543071746826,0.5379036068916321,-0.04679761454463005,0.4334973692893982,0.5322939157485962,-0.04102416709065437,0.4537338614463806,0.71075040102005,-0.045844633132219315,0.4172302186489105,0.5972752571105957,-0.05096329376101494,0.4128187894821167,0.5612537264823914,-0.04237454757094383,0.41399645805358887,0.551274299621582,-0.03567000478506088,0.42295733094215393,0.7329435348510742,-0.04764518141746521,0.4055217206478119,0.6423045992851257,-0.049313243478536606,0.40988457202911377,0.609423041343689,-0.04055022820830345,0.415298193693161,0.5928467512130737,-0.03298534080386162,0,0,0,0,0,0,0,0,0,0,0,0,0,0,0,0,0,0,0,0,0,0,0,0,0,0,0,0,0,0,0,0,0,0,0,0,0,0,0,0,0,0,0,0,0,0,0,0,0,0,0,0,0,0,0,0,0,0,0,0,0,0,0,eat
0.5147491693496704,0.8241912126541138,1.8819200420239213e-07,0.5462091565132141,0.7448973655700684,0.004201771225780249,0.5400347113609314,0.6642341017723083,-0.0034264943096786737,0.5045719742774963,0.6136422157287598,-0.009705816395580769,0.47174927592277527,0.587925374507904,-0.016728926450014114,0.5337419509887695,0.6470522880554199,-0.0383058525621891,0.4883820116519928,0.5530293583869934,-0.05190959572792053,0.46316906809806824,0.5271164178848267,-0.052465323358774185,0.4504737854003906,0.528296947479248,-0.048145927488803864,0.4905773103237152,0.6714549660682678,-0.04464230686426163,0.44800814986228943,0.5563450455665588,-0.05589260160923004,0.4339345097541809,0.5266948938369751,-0.04931725934147835,0.42948096990585327,0.5296996235847473,-0.041221898049116135,0.4518907368183136,0.6967019438743591,-0.04803890362381935,0.4148814380168915,0.5864070653915405,-0.053530462086200714,0.40984344482421875,0.5554580688476562,-0.04193884879350662,0.4114125669002533,0.5507745742797852,-0.032142285257577896,0.42167481780052185,0.722440779209137,-0.04982917010784149,0.40300801396369934,0.6317293643951416,-0.050560977309942245,0.40633830428123474,0.6024645566940308,-0.038629308342933655,0.41117063164711,0.5903756618499756,-0.028009522706270218,0,0,0,0,0,0,0,0,0,0,0,0,0,0,0,0,0,0,0,0,0,0,0,0,0,0,0,0,0,0,0,0,0,0,0,0,0,0,0,0,0,0,0,0,0,0,0,0,0,0,0,0,0,0,0,0,0,0,0,0,0,0,0,eat
0.5227146148681641,0.8378987908363342,9.9543221665499e-08,0.5512343645095825,0.7542335987091064,0.008155436255037785,0.5429480075836182,0.6742045283317566,0.0017117365496233106,0.5018606185913086,0.6287276148796082,-0.0049726213328540325,0.46500474214553833,0.607457160949707,-0.013020573183894157,0.5484734177589417,0.6538476347923279,-0.02915222942829132,0.49880626797676086,0.5618061423301697,-0.042735278606414795,0.46951812505722046,0.5367823839187622,-0.045275188982486725,0.4554414451122284,0.5342810153961182,-0.04293852299451828,0.5056353807449341,0.6772876977920532,-0.03892930969595909,0.4602212905883789,0.5655746459960938,-0.05062101036310196,0.44192975759506226,0.5378142595291138,-0.046771518886089325,0.4346591830253601,0.5384490489959717,-0.040645670145750046,0.4644586145877838,0.7027532458305359,-0.045957308262586594,0.42339664697647095,0.5937321782112122,-0.05208902060985565,0.4139435887336731,0.5650407075881958,-0.04167603328824043,0.41303151845932007,0.5589002966880798,-0.03246552497148514,0.43023887276649475,0.7281968593597412,-0.05122729763388634,0.4063206911087036,0.6362992525100708,-0.05229412764310837,0.4052998423576355,0.6055368781089783,-0.040655117481946945,0.4078177809715271,0.5901772975921631,-0.030197935178875923,0,0,0,0,0,0,0,0,0,0,0,0,0,0,0,0,0,0,0,0,0,0,0,0,0,0,0,0,0,0,0,0,0,0,0,0,0,0,0,0,0,0,0,0,0,0,0,0,0,0,0,0,0,0,0,0,0,0,0,0,0,0,0,eat
0.5232999324798584,0.8387820720672607,1.2009932959244907e-07,0.5520935654640198,0.7544764280319214,0.009404702112078667,0.5437248945236206,0.6753793358802795,0.004308193922042847,0.5052882432937622,0.6286937594413757,-0.0013385025085881352,0.4718416929244995,0.6056363582611084,-0.008631506934762001,0.5454666614532471,0.6572703719139099,-0.025005687028169632,0.4989871680736542,0.5645924210548401,-0.036845628172159195,0.472128689289093,0.5362922549247742,-0.0395202711224556,0.4562923312187195,0.5285309553146362,-0.03777334466576576,0.5034472942352295,0.6786867380142212,-0.03494283929467201,0.461394339799881,0.5671759843826294,-0.043219853192567825,0.4424954950809479,0.5354714393615723,-0.039172664284706116,0.43199560046195984,0.5306175351142883,-0.033999036997556686,0.46355241537094116,0.7031868696212769,-0.042201872915029526,0.4267303943634033,0.5968270301818848,-0.04508506879210472,0.41619598865509033,0.565387487411499,-0.03507579118013382,0.41291821002960205,0.5549706220626831,-0.027256973087787628,0.4294876456260681,0.7290592193603516,-0.047806356102228165,0.406615674495697,0.6393303871154785,-0.04623735696077347,0.40491580963134766,0.6086469292640686,-0.03407522290945053,0.40677231550216675,0.5920552611351013,-0.02405512146651745,0,0,0,0,0,0,0,0,0,0,0,0,0,0,0,0,0,0,0,0,0,0,0,0,0,0,0,0,0,0,0,0,0,0,0,0,0,0,0,0,0,0,0,0,0,0,0,0,0,0,0,0,0,0,0,0,0,0,0,0,0,0,0,eat
0.5178890228271484,0.8416675925254822,1.6312351647229661e-07,0.5520707964897156,0.7577300071716309,0.000768756668549031,0.5463141202926636,0.6693080067634583,-0.00742701068520546,0.5085110664367676,0.6088196635246277,-0.014025245793163776,0.4750784933567047,0.5735862851142883,-0.02138199284672737,0.538821816444397,0.6646902561187744,-0.036003027111291885,0.4909723699092865,0.5699648857116699,-0.04971860721707344,0.46629148721694946,0.5385141968727112,-0.052261680364608765,0.45292049646377563,0.5303168296813965,-0.050001610070466995,0.4947541058063507,0.6904693245887756,-0.04117118567228317,0.4535812735557556,0.5768023729324341,-0.05075087398290634,0.44085508584976196,0.5416146516799927,-0.04562852904200554,0.4361327886581421,0.5369328260421753,-0.039785392582416534,0.4557427763938904,0.7142003178596497,-0.044195931404829025,0.41925328969955444,0.6010915637016296,-0.04881777986884117,0.4147794246673584,0.5633205771446228,-0.03945617377758026,0.4164511561393738,0.5518195629119873,-0.032233644276857376,0.4250943958759308,0.7343159317970276,-0.04619531333446503,0.4050373435020447,0.6415138840675354,-0.04769529774785042,0.40808603167533875,0.607446551322937,-0.03857889771461487,0.4130774140357971,0.5900144577026367,-0.030742783099412918,0,0,0,0,0,0,0,0,0,0,0,0,0,0,0,0,0,0,0,0,0,0,0,0,0,0,0,0,0,0,0,0,0,0,0,0,0,0,0,0,0,0,0,0,0,0,0,0,0,0,0,0,0,0,0,0,0,0,0,0,0,0,0,eat
0.5099631547927856,0.8215765953063965,2.2584205794373702e-07,0.5409767031669617,0.7410531044006348,0.000647598528303206,0.5359382629394531,0.6550924777984619,-0.008545322343707085,0.49935153126716614,0.6013762950897217,-0.015306801535189152,0.46591219305992126,0.5748920440673828,-0.022543955594301224,0.5280840992927551,0.6470059156417847,-0.045389849692583084,0.4830751419067383,0.5509912967681885,-0.061503808945417404,0.46107104420661926,0.5195619463920593,-0.06279315054416656,0.4489844739437103,0.5160202980041504,-0.05843162164092064,0.4847494959831238,0.6719740033149719,-0.050203971564769745,0.4384653866291046,0.5497056841850281,-0.06388205289840698,0.4309971332550049,0.5235921144485474,-0.05577849596738815,0.4316333532333374,0.5306152105331421,-0.04558093845844269,0.4470573663711548,0.6948369145393372,-0.05209922790527344,0.4072219133377075,0.5774340629577637,-0.05958684906363487,0.40773987770080566,0.5509307384490967,-0.04519914835691452,0.41347092390060425,0.5505519509315491,-0.03229471296072006,0.41747045516967773,0.7161939740180969,-0.052700456231832504,0.39593037962913513,0.6218217611312866,-0.05468158423900604,0.40273597836494446,0.5926737785339355,-0.04172784835100174,0.41039276123046875,0.5825456380844116,-0.029675830155611038,0,0,0,0,0,0,0,0,0,0,0,0,0,0,0,0,0,0,0,0,0,0,0,0,0,0,0,0,0,0,0,0,0,0,0,0,0,0,0,0,0,0,0,0,0,0,0,0,0,0,0,0,0,0,0,0,0,0,0,0,0,0,0,eat
0.5076681971549988,0.8232004642486572,1.2473665833567793e-07,0.5405651330947876,0.7387256026268005,0.0045258402824401855,0.5320143699645996,0.6541948318481445,-0.0032717431895434856,0.49252521991729736,0.6013262867927551,-0.010132408700883389,0.4584916830062866,0.5730699300765991,-0.017796672880649567,0.5225125551223755,0.6469537615776062,-0.03972599282860756,0.474642813205719,0.5466259121894836,-0.05358051136136055,0.4548216760158539,0.5179063081741333,-0.05342992767691612,0.44625845551490784,0.5152978301048279,-0.04886455088853836,0.48031049966812134,0.6727914214134216,-0.04649181291460991,0.43531638383865356,0.5489922165870667,-0.05701342970132828,0.43419235944747925,0.5322326421737671,-0.04818884655833244,0.4396752119064331,0.5449004173278809,-0.03913654759526253,0.44408923387527466,0.6972346901893616,-0.05009648576378822,0.40483155846595764,0.5785126686096191,-0.05533158406615257,0.41485345363616943,0.5641262531280518,-0.04069291427731514,0.42733725905418396,0.5753204822540283,-0.02940288558602333,0.4159649908542633,0.7190255522727966,-0.05227552354335785,0.39369577169418335,0.6248059272766113,-0.054200608283281326,0.40864795446395874,0.6047943830490112,-0.04185333847999573,0.4218984842300415,0.605400025844574,-0.031329017132520676,0,0,0,0,0,0,0,0,0,0,0,0,0,0,0,0,0,0,0,0,0,0,0,0,0,0,0,0,0,0,0,0,0,0,0,0,0,0,0,0,0,0,0,0,0,0,0,0,0,0,0,0,0,0,0,0,0,0,0,0,0,0,0,eat
0.508344829082489,0.8245439529418945,1.1430047663907317e-07,0.5396591424942017,0.7391662001609802,0.007671962957829237,0.5307132005691528,0.6572986841201782,0.0010331491939723492,0.49329277873039246,0.607906699180603,-0.0052068112418055534,0.4595547616481781,0.5829970836639404,-0.01239037699997425,0.5246368646621704,0.6465218663215637,-0.03621466085314751,0.4778793454170227,0.5497509837150574,-0.04821975156664848,0.45622017979621887,0.5247758626937866,-0.04722796007990837,0.4474385380744934,0.5220000743865967,-0.04250495508313179,0.4826301634311676,0.6717564463615417,-0.04459311068058014,0.43800246715545654,0.5500952005386353,-0.054246846586465836,0.4339252710342407,0.5323982834815979,-0.04483521357178688,0.4377444088459015,0.5412278771400452,-0.035104651004076004,0.44487327337265015,0.6967861652374268,-0.04948655143380165,0.40594595670700073,0.581243097782135,-0.05339304730296135,0.41400277614593506,0.5671324133872986,-0.03716517984867096,0.42536622285842896,0.5751456022262573,-0.024706127122044563,0.41488683223724365,0.7200438380241394,-0.0528126023709774,0.39311325550079346,0.6279873847961426,-0.05235517397522926,0.4062644839286804,0.6096059083938599,-0.03741730749607086,0.4182433485984802,0.609938383102417,-0.02509819157421589,0,0,0,0,0,0,0,0,0,0,0,0,0,0,0,0,0,0,0,0,0,0,0,0,0,0,0,0,0,0,0,0,0,0,0,0,0,0,0,0,0,0,0,0,0,0,0,0,0,0,0,0,0,0,0,0,0,0,0,0,0,0,0,eat
0.5083827972412109,0.8240063190460205,1.364328596764608e-07,0.5394961833953857,0.740179717540741,0.004976565483957529,0.5308389663696289,0.6546689867973328,-0.003417090279981494,0.4936535358428955,0.5999141931533813,-0.010757495649158955,0.459287166595459,0.570960521697998,-0.01880580559372902,0.5246343016624451,0.6491283774375916,-0.04143350198864937,0.4734051823616028,0.5459114909172058,-0.0561620257794857,0.4539969861507416,0.5156955122947693,-0.056516118347644806,0.4458942711353302,0.5112351775169373,-0.05213562771677971,0.48222488164901733,0.674930214881897,-0.04868544265627861,0.4359484016895294,0.5486095547676086,-0.060402318835258484,0.43645045161247253,0.5313848257064819,-0.05166861414909363,0.4429638385772705,0.5430295467376709,-0.04226315766572952,0.4445575475692749,0.6986526846885681,-0.05256803333759308,0.40643519163131714,0.5785317420959473,-0.05760890617966652,0.41628265380859375,0.5632719993591309,-0.04175839200615883,0.42814743518829346,0.5721030235290527,-0.029569393023848534,0.4146615266799927,0.719049334526062,-0.05513390526175499,0.39403966069221497,0.6242790818214417,-0.05567225068807602,0.40790313482284546,0.6039068102836609,-0.04184575378894806,0.4193042814731598,0.6031627058982849,-0.030436724424362183,0,0,0,0,0,0,0,0,0,0,0,0,0,0,0,0,0,0,0,0,0,0,0,0,0,0,0,0,0,0,0,0,0,0,0,0,0,0,0,0,0,0,0,0,0,0,0,0,0,0,0,0,0,0,0,0,0,0,0,0,0,0,0,eat
0.5102465152740479,0.8297600746154785,1.2552446548852458e-07,0.5420428514480591,0.7456825375556946,0.00659041665494442,0.5335854291915894,0.6626585125923157,0.0002877736696973443,0.4959341883659363,0.6114568114280701,-0.005492034368216991,0.4619664251804352,0.5839682817459106,-0.012025052681565285,0.5257516503334045,0.6484966278076172,-0.034791719168424606,0.4775558412075043,0.5501494407653809,-0.046532392501831055,0.4542202055454254,0.523901104927063,-0.045650772750377655,0.44442740082740784,0.5191492438316345,-0.04115910083055496,0.48299312591552734,0.6737476587295532,-0.042631037533283234,0.438175231218338,0.5518427491188049,-0.051940228790044785,0.43262985348701477,0.5333744883537292,-0.04271756857633591,0.43613776564598083,0.5406389236450195,-0.033071693032979965,0.44474881887435913,0.6996039748191833,-0.04730682820081711,0.4065870940685272,0.5837992429733276,-0.05133097618818283,0.41278892755508423,0.5679358839988708,-0.03524737432599068,0.423246830701828,0.5734391212463379,-0.022766828536987305,0.4147460460662842,0.7237399220466614,-0.05059181898832321,0.3949955999851227,0.6302404403686523,-0.05058518052101135,0.40694567561149597,0.6095564961433411,-0.03607446327805519,0.4179002344608307,0.6060669422149658,-0.02395401895046234,0,0,0,0,0,0,0,0,0,0,0,0,0,0,0,0,0,0,0,0,0,0,0,0,0,0,0,0,0,0,0,0,0,0,0,0,0,0,0,0,0,0,0,0,0,0,0,0,0,0,0,0,0,0,0,0,0,0,0,0,0,0,0,eat
0.5127641558647156,0.8384348750114441,1.1499713536977652e-07,0.542992115020752,0.7529203295707703,0.005731622688472271,0.5349071621894836,0.6688200235366821,-0.002013016492128372,0.49800390005111694,0.6150530576705933,-0.009218445047736168,0.4641670286655426,0.585639238357544,-0.017301401123404503,0.5306146740913391,0.6542609333992004,-0.03557611256837845,0.47984758019447327,0.5556128025054932,-0.04953538998961449,0.4550347328186035,0.5287542939186096,-0.0505576990544796,0.4449576139450073,0.5243027210235596,-0.04678565636277199,0.4889681935310364,0.6819141507148743,-0.04378154128789902,0.4403327703475952,0.5615231990814209,-0.055058352649211884,0.43141648173332214,0.5393959879875183,-0.0471654050052166,0.43377041816711426,0.5449941754341125,-0.0379459522664547,0.4507080316543579,0.7088941931724548,-0.049274783581495285,0.41010576486587524,0.5940321087837219,-0.05433398112654686,0.4090864658355713,0.5667856931686401,-0.03999955952167511,0.4155994951725006,0.5624014139175415,-0.02842436358332634,0.41984283924102783,0.7332054376602173,-0.05347265303134918,0.3966791331768036,0.6398123502731323,-0.053835418075323105,0.40258273482322693,0.610205888748169,-0.04062413051724434,0.4102376103401184,0.5982539653778076,-0.02931975945830345,0,0,0,0,0,0,0,0,0,0,0,0,0,0,0,0,0,0,0,0,0,0,0,0,0,0,0,0,0,0,0,0,0,0,0,0,0,0,0,0,0,0,0,0,0,0,0,0,0,0,0,0,0,0,0,0,0,0,0,0,0,0,0,eat
0.5124321579933167,0.8373923301696777,1.540613396855406e-07,0.5436160564422607,0.750813364982605,0.004536985885351896,0.5337106585502625,0.6675780415534973,-0.004177581984549761,0.4928434491157532,0.6181212663650513,-0.012319264002144337,0.4576202630996704,0.5928137898445129,-0.021484317258000374,0.530500590801239,0.6569283604621887,-0.03612404689192772,0.48260268568992615,0.5591533780097961,-0.051261357963085175,0.45665448904037476,0.5305024981498718,-0.05400640517473221,0.44335296750068665,0.5252656936645508,-0.05142483860254288,0.48835137486457825,0.6839433908462524,-0.0438893660902977,0.4419950246810913,0.5645544528961182,-0.05451342090964317,0.43157607316970825,0.5383573174476624,-0.047329675406217575,0.43060505390167236,0.5405590534210205,-0.03931722417473793,0.44934022426605225,0.709950864315033,-0.04910333454608917,0.4083808958530426,0.5946686863899231,-0.05391623079776764,0.4086442291736603,0.5679188370704651,-0.039832934737205505,0.4148779511451721,0.5649764537811279,-0.02878657542169094,0.41778087615966797,0.7328426241874695,-0.053169697523117065,0.39518341422080994,0.6395638585090637,-0.053642336279153824,0.4030004143714905,0.6120827794075012,-0.04042869061231613,0.41156744956970215,0.6021916270256042,-0.02931101992726326,0,0,0,0,0,0,0,0,0,0,0,0,0,0,0,0,0,0,0,0,0,0,0,0,0,0,0,0,0,0,0,0,0,0,0,0,0,0,0,0,0,0,0,0,0,0,0,0,0,0,0,0,0,0,0,0,0,0,0,0,0,0,0,eat
0.5093262195587158,0.8561890125274658,1.6273109793019103e-07,0.5441554188728333,0.7740212082862854,0.0009534275741316378,0.5391504764556885,0.6832625865936279,-0.007586370687931776,0.507664144039154,0.6138747930526733,-0.013632872141897678,0.47509971261024475,0.5759124159812927,-0.020488884299993515,0.525738537311554,0.6839317679405212,-0.044585566967725754,0.4777807891368866,0.5816080570220947,-0.05671612545847893,0.4572530686855316,0.5458135604858398,-0.05506401136517525,0.44811803102493286,0.5351141095161438,-0.04962914064526558,0.4830654263496399,0.7118148803710938,-0.04854515194892883,0.4398500919342041,0.5904778838157654,-0.05676579475402832,0.4302431344985962,0.5545089840888977,-0.048326730728149414,0.43016302585601807,0.5487862825393677,-0.040302690118551254,0.4463143050670624,0.735338568687439,-0.049574315547943115,0.4088203012943268,0.618891179561615,-0.052289824932813644,0.40638142824172974,0.5764161944389343,-0.042220842093229294,0.4119867980480194,0.5620970129966736,-0.035231735557317734,0.4184116721153259,0.7525238990783691,-0.04940582066774368,0.3976060152053833,0.6601783633232117,-0.05034135654568672,0.4014314115047455,0.6223986744880676,-0.04259726032614708,0.408440500497818,0.6014606952667236,-0.036146897822618484,0,0,0,0,0,0,0,0,0,0,0,0,0,0,0,0,0,0,0,0,0,0,0,0,0,0,0,0,0,0,0,0,0,0,0,0,0,0,0,0,0,0,0,0,0,0,0,0,0,0,0,0,0,0,0,0,0,0,0,0,0,0,0,eat
0.506238579750061,0.8270853757858276,2.438821127270785e-07,0.5355438590049744,0.7437539100646973,0.005318600218743086,0.5289469361305237,0.6606113314628601,-0.0035807471722364426,0.4911457300186157,0.6089000105857849,-0.01159198023378849,0.4573723375797272,0.5801405906677246,-0.020467232912778854,0.519648015499115,0.6494417190551758,-0.044111210852861404,0.4693810045719147,0.5476229190826416,-0.059450604021549225,0.44912612438201904,0.5166138410568237,-0.05928204208612442,0.440333753824234,0.5134556293487549,-0.0539301261305809,0.47827044129371643,0.6779550909996033,-0.05158974602818489,0.4293505549430847,0.5527988076210022,-0.06515850871801376,0.42746493220329285,0.5305684804916382,-0.05623168870806694,0.43334314227104187,0.5417404174804688,-0.04570401459932327,0.4419635534286499,0.7043547034263611,-0.055576141923666,0.40120917558670044,0.5839226245880127,-0.06265478581190109,0.40923744440078735,0.5629904866218567,-0.04754761606454849,0.42100945115089417,0.5702307224273682,-0.034542277455329895,0.41317451000213623,0.7294757962226868,-0.05791092664003372,0.3910976052284241,0.6337137222290039,-0.0600583478808403,0.40381383895874023,0.6087802648544312,-0.04706299677491188,0.41611799597740173,0.6057778000831604,-0.035034459084272385,0,0,0,0,0,0,0,0,0,0,0,0,0,0,0,0,0,0,0,0,0,0,0,0,0,0,0,0,0,0,0,0,0,0,0,0,0,0,0,0,0,0,0,0,0,0,0,0,0,0,0,0,0,0,0,0,0,0,0,0,0,0,0,eat
0.5064951181411743,0.8295394778251648,1.2053141063006478e-07,0.5368467569351196,0.7441551685333252,0.0061819590628147125,0.5285263657569885,0.6581676602363586,-0.00028559795464389026,0.49028846621513367,0.6045403480529785,-0.005793618503957987,0.4560700058937073,0.5776981115341187,-0.011912142857909203,0.519965648651123,0.6473345160484314,-0.036440394818782806,0.47093266248703003,0.5496689081192017,-0.04843708127737045,0.45076555013656616,0.5244697332382202,-0.047147486358881,0.4431685209274292,0.5217861533164978,-0.042290352284908295,0.47710391879081726,0.6731667518615723,-0.04410981014370918,0.4309197962284088,0.5500389933586121,-0.05449916794896126,0.4282292425632477,0.5327332615852356,-0.045463837683200836,0.43294599652290344,0.5430841445922852,-0.035768549889326096,0.4392327070236206,0.6990465521812439,-0.04847002029418945,0.39898598194122314,0.5822065472602844,-0.05397603288292885,0.40701818466186523,0.565739631652832,-0.03904871270060539,0.4183638393878937,0.5714340806007385,-0.027157558128237724,0.40940555930137634,0.7232782244682312,-0.05120434984564781,0.3875461220741272,0.6303554177284241,-0.052767589688301086,0.40179771184921265,0.6110499501228333,-0.03932976350188255,0.4146457612514496,0.6099064946174622,-0.02780580334365368,0,0,0,0,0,0,0,0,0,0,0,0,0,0,0,0,0,0,0,0,0,0,0,0,0,0,0,0,0,0,0,0,0,0,0,0,0,0,0,0,0,0,0,0,0,0,0,0,0,0,0,0,0,0,0,0,0,0,0,0,0,0,0,eat
0.5073515772819519,0.8317033648490906,1.4156312033719587e-07,0.5371702909469604,0.7455206513404846,0.006787571124732494,0.5288628935813904,0.6595029234886169,0.0001440280902897939,0.4916798770427704,0.6068798303604126,-0.005991439335048199,0.45736148953437805,0.580223560333252,-0.013079957105219364,0.5210626125335693,0.6461182236671448,-0.03521034121513367,0.4714911878108978,0.5461404323577881,-0.04811450093984604,0.44761958718299866,0.5157876014709473,-0.04813455417752266,0.4363485276699066,0.5087528228759766,-0.04406868293881416,0.4783070683479309,0.6718584299087524,-0.0435500368475914,0.4321404695510864,0.5501952171325684,-0.05402727052569389,0.4286527931690216,0.5308144688606262,-0.04561934992671013,0.43339458107948303,0.537960410118103,-0.03637813776731491,0.43982139229774475,0.6984110474586487,-0.048676811158657074,0.3995850086212158,0.5821745991706848,-0.05319938436150551,0.406451553106308,0.5641264319419861,-0.037635594606399536,0.41790300607681274,0.5674805641174316,-0.025564173236489296,0.4090438485145569,0.7234422564506531,-0.05240960791707039,0.3866288363933563,0.6317395567893982,-0.05262821540236473,0.3988021910190582,0.609847366809845,-0.03839949890971184,0.41072332859039307,0.6059409976005554,-0.026458512991666794,0,0,0,0,0,0,0,0,0,0,0,0,0,0,0,0,0,0,0,0,0,0,0,0,0,0,0,0,0,0,0,0,0,0,0,0,0,0,0,0,0,0,0,0,0,0,0,0,0,0,0,0,0,0,0,0,0,0,0,0,0,0,0,eat
0.5144631862640381,0.8506292700767517,1.249980101647452e-07,0.5441792011260986,0.7612193822860718,0.005391174927353859,0.5376846194267273,0.6717485189437866,-0.0022909066174179316,0.5071179270744324,0.6037936806678772,-0.008472827263176441,0.4732716977596283,0.5701068043708801,-0.015836132690310478,0.5277162194252014,0.6725665330886841,-0.04018903896212578,0.4823240637779236,0.5769632458686829,-0.05169900506734848,0.4629301428794861,0.5463790893554688,-0.05077898129820824,0.45443087816238403,0.5375474691390991,-0.04634033143520355,0.4858475923538208,0.7005937695503235,-0.0471683144569397,0.44086572527885437,0.5816537737846375,-0.055222734808921814,0.4308740496635437,0.5445482134819031,-0.04768380522727966,0.430830717086792,0.5370420813560486,-0.040522754192352295,0.4482535421848297,0.726660966873169,-0.050731055438518524,0.4081220030784607,0.6116071343421936,-0.05354440212249756,0.40496721863746643,0.5699926614761353,-0.042965032160282135,0.4099442660808563,0.5545374751091003,-0.035656850785017014,0.4191610515117645,0.7494494915008545,-0.05268748104572296,0.3951854705810547,0.6581204533576965,-0.052570052444934845,0.3977157771587372,0.6216682195663452,-0.042421530932188034,0.4036138951778412,0.6018475294113159,-0.03437605872750282,0,0,0,0,0,0,0,0,0,0,0,0,0,0,0,0,0,0,0,0,0,0,0,0,0,0,0,0,0,0,0,0,0,0,0,0,0,0,0,0,0,0,0,0,0,0,0,0,0,0,0,0,0,0,0,0,0,0,0,0,0,0,0,eat
0.5087168216705322,0.8262942433357239,2.1613764999983687e-07,0.5395830273628235,0.7461144924163818,0.0038049996364861727,0.5346130132675171,0.6623506546020508,-0.004262068774551153,0.5014424920082092,0.603352963924408,-0.010778211057186127,0.47059592604637146,0.5684442520141602,-0.01810988038778305,0.5237334966659546,0.6498390436172485,-0.04374169930815697,0.4765957295894623,0.5474594831466675,-0.05940216779708862,0.4529329240322113,0.5173396468162537,-0.06100074574351311,0.4412907660007477,0.5126669406890869,-0.057338275015354156,0.4822731018066406,0.6763487458229065,-0.05006488412618637,0.43940284848213196,0.5535197257995605,-0.0630030483007431,0.43099820613861084,0.5260902643203735,-0.05618702247738838,0.432106077671051,0.529013991355896,-0.04785045608878136,0.4453323781490326,0.7018500566482544,-0.05316179245710373,0.40992969274520874,0.5863146781921387,-0.05940628796815872,0.4101901352405548,0.5557283163070679,-0.04715950787067413,0.4171600341796875,0.5505861639976501,-0.03714769333600998,0.41637101769447327,0.7260786890983582,-0.054763488471508026,0.39757591485977173,0.6340458989143372,-0.056515857577323914,0.40401697158813477,0.6044684648513794,-0.04522658511996269,0.41164952516555786,0.593222439289093,-0.03509470820426941,0,0,0,0,0,0,0,0,0,0,0,0,0,0,0,0,0,0,0,0,0,0,0,0,0,0,0,0,0,0,0,0,0,0,0,0,0,0,0,0,0,0,0,0,0,0,0,0,0,0,0,0,0,0,0,0,0,0,0,0,0,0,0,eat
0.5096145272254944,0.8187196254730225,1.555381601292538e-07,0.5399167537689209,0.7341108918190002,0.003907876554876566,0.5302717685699463,0.6480900049209595,-0.0036174587439745665,0.491136372089386,0.5936594605445862,-0.010058577172458172,0.45707517862319946,0.5636616945266724,-0.017078304663300514,0.5217838883399963,0.6413819193840027,-0.03798006474971771,0.47268715500831604,0.5424917936325073,-0.052465785294771194,0.4505690634250641,0.5138957500457764,-0.05353425443172455,0.44064104557037354,0.5112298727035522,-0.04986778274178505,0.4798550307750702,0.6677788496017456,-0.044665802270174026,0.43345582485198975,0.5447677969932556,-0.056152235716581345,0.430519700050354,0.5250402688980103,-0.04839791730046272,0.4352475106716156,0.5363631844520569,-0.0398828499019146,0.4430183172225952,0.6943274736404419,-0.04835378751158714,0.40273717045783997,0.576743483543396,-0.05502777919173241,0.4127964973449707,0.5640419721603394,-0.04011094197630882,0.4256191551685333,0.5770244598388672,-0.02808438427746296,0.4139094054698944,0.719855010509491,-0.050698865205049515,0.3920285403728485,0.6256352066993713,-0.05358327552676201,0.4070504307746887,0.6081919074058533,-0.04055408388376236,0.4203915596008301,0.6110076308250427,-0.029209494590759277,0,0,0,0,0,0,0,0,0,0,0,0,0,0,0,0,0,0,0,0,0,0,0,0,0,0,0,0,0,0,0,0,0,0,0,0,0,0,0,0,0,0,0,0,0,0,0,0,0,0,0,0,0,0,0,0,0,0,0,0,0,0,0,eat
0.5101401209831238,0.8211855888366699,1.325403644614198e-07,0.5404460430145264,0.737551748752594,0.005485252942889929,0.5322533249855042,0.6525202393531799,-0.0013321141013875604,0.4956774115562439,0.5988890528678894,-0.007177665363997221,0.4618508517742157,0.5702561140060425,-0.013703683391213417,0.5235735177993774,0.6413692831993103,-0.03699019178748131,0.4735572338104248,0.5390523672103882,-0.05044512823224068,0.45145300030708313,0.5128259658813477,-0.050359006971120834,0.4433610737323761,0.510705828666687,-0.045895256102085114,0.48224523663520813,0.6678370833396912,-0.044331081211566925,0.4355050325393677,0.5447095036506653,-0.0553942508995533,0.4314349889755249,0.5254765152931213,-0.04702603444457054,0.43664294481277466,0.5333971977233887,-0.03764529526233673,0.4453261196613312,0.6950773000717163,-0.04861106351017952,0.40487152338027954,0.5795100927352905,-0.05397041514515877,0.4110898971557617,0.560600996017456,-0.039063360542058945,0.4225311577320099,0.5636079907417297,-0.02714112401008606,0.41631677746772766,0.7210246920585632,-0.05149295926094055,0.3934658467769623,0.6293380856513977,-0.05269210785627365,0.40465596318244934,0.6065540313720703,-0.03947532922029495,0.4159356355667114,0.6017711162567139,-0.028149712830781937,0,0,0,0,0,0,0,0,0,0,0,0,0,0,0,0,0,0,0,0,0,0,0,0,0,0,0,0,0,0,0,0,0,0,0,0,0,0,0,0,0,0,0,0,0,0,0,0,0,0,0,0,0,0,0,0,0,0,0,0,0,0,0,eat
0.5151979923248291,0.838652491569519,1.1739886929262866e-07,0.54563307762146,0.7521774768829346,0.004793047439306974,0.5396704077720642,0.6643632054328918,-0.0022588155698031187,0.5046784281730652,0.6039589643478394,-0.008227607235312462,0.46992239356040955,0.5746424198150635,-0.015147270634770393,0.5308709740638733,0.6586888432502747,-0.035673029720783234,0.4831404685974121,0.5635647773742676,-0.04781152680516243,0.4649551510810852,0.5348895192146301,-0.048861898481845856,0.4576976001262665,0.5283025503158569,-0.04555157572031021,0.4893800914287567,0.6858645081520081,-0.04239862039685249,0.44278761744499207,0.5692747831344604,-0.05017869547009468,0.4361236095428467,0.5380737781524658,-0.04339734837412834,0.43792834877967834,0.5365505218505859,-0.03655320405960083,0.45213085412979126,0.711308479309082,-0.04625185951590538,0.4129071533679962,0.5977985262870789,-0.04914865642786026,0.4138408899307251,0.56532222032547,-0.037983860820531845,0.4200027287006378,0.5579890608787537,-0.029869966208934784,0.4229304790496826,0.733051061630249,-0.048773933202028275,0.402283251285553,0.6432636380195618,-0.04848644509911537,0.40926772356033325,0.6127415895462036,-0.03762093186378479,0.41685402393341064,0.5992213487625122,-0.028844740241765976,0,0,0,0,0,0,0,0,0,0,0,0,0,0,0,0,0,0,0,0,0,0,0,0,0,0,0,0,0,0,0,0,0,0,0,0,0,0,0,0,0,0,0,0,0,0,0,0,0,0,0,0,0,0,0,0,0,0,0,0,0,0,0,eat
0.5109203457832336,0.8171868324279785,2.3257078396454745e-07,0.5425049662590027,0.7351841926574707,0.005993785336613655,0.5375898480415344,0.6543295979499817,-0.0018058224814012647,0.5025396943092346,0.6023001074790955,-0.008474611677229404,0.4710845649242401,0.57515949010849,-0.016082772985100746,0.5273482799530029,0.6414723992347717,-0.041041675955057144,0.4843595027923584,0.54255211353302,-0.05466620996594429,0.46230486035346985,0.5118595361709595,-0.054319705814123154,0.451239675283432,0.507112979888916,-0.04933030158281326,0.4842066764831543,0.6678590178489685,-0.04804297164082527,0.4421250820159912,0.5482699275016785,-0.058957844972610474,0.43369534611701965,0.5154423713684082,-0.05098215490579605,0.43390822410583496,0.5139778256416321,-0.04186812415719032,0.44646817445755005,0.6927091479301453,-0.051626142114400864,0.4102177619934082,0.5793490409851074,-0.055732835084199905,0.408867746591568,0.5433717966079712,-0.043525274842977524,0.4130406975746155,0.5333904027938843,-0.033776938915252686,0.41817808151245117,0.7159414887428284,-0.053500376641750336,0.40001070499420166,0.6266149282455444,-0.052963562309741974,0.4059153199195862,0.5944391489028931,-0.04111258685588837,0.4124775826931,0.5789396166801453,-0.030802201479673386,0,0,0,0,0,0,0,0,0,0,0,0,0,0,0,0,0,0,0,0,0,0,0,0,0,0,0,0,0,0,0,0,0,0,0,0,0,0,0,0,0,0,0,0,0,0,0,0,0,0,0,0,0,0,0,0,0,0,0,0,0,0,0,eat
0.5119670629501343,0.8063094615936279,1.8979781657435524e-07,0.542909562587738,0.724170982837677,0.006463724188506603,0.5351147055625916,0.640925407409668,0.000693784502800554,0.4995553493499756,0.5891684293746948,-0.003997118677943945,0.4671759009361267,0.563313901424408,-0.009231447242200375,0.5242384672164917,0.6269091367721558,-0.03564943000674248,0.4786754250526428,0.5296664834022522,-0.0461602509021759,0.45587024092674255,0.5011559128761292,-0.04377654567360878,0.4448407292366028,0.4977954030036926,-0.037886328995227814,0.4814436435699463,0.651373028755188,-0.04216703027486801,0.4389047920703888,0.5337116122245789,-0.050133366137742996,0.4316464364528656,0.5083784461021423,-0.0395352803170681,0.4323408305644989,0.5134007930755615,-0.028966030105948448,0.444196492433548,0.6763215065002441,-0.04538726061582565,0.4080970585346222,0.5644623041152954,-0.04760092869400978,0.4100632071495056,0.5400949120521545,-0.03170238062739372,0.4164348244667053,0.5407739281654358,-0.019481536000967026,0.4153670072555542,0.7016705274581909,-0.04717673733830452,0.39605194330215454,0.612088680267334,-0.04583193361759186,0.4053378105163574,0.5869245529174805,-0.03179013729095459,0.4144696295261383,0.5798406600952148,-0.019843576475977898,0,0,0,0,0,0,0,0,0,0,0,0,0,0,0,0,0,0,0,0,0,0,0,0,0,0,0,0,0,0,0,0,0,0,0,0,0,0,0,0,0,0,0,0,0,0,0,0,0,0,0,0,0,0,0,0,0,0,0,0,0,0,0,eat
0.5149678587913513,0.8184184432029724,1.6069047603650688e-07,0.5464784502983093,0.7339800596237183,0.003928603138774633,0.5399782061576843,0.650962233543396,-0.003805788466706872,0.5012385249137878,0.6011304259300232,-0.010477853938937187,0.4672686457633972,0.5740019083023071,-0.017900273203849792,0.5370444655418396,0.6341255903244019,-0.03521176800131798,0.49023374915122986,0.5398767590522766,-0.04883625730872154,0.4646887481212616,0.5110934376716614,-0.05098014697432518,0.4508313238620758,0.5036067366600037,-0.04825257882475853,0.49367690086364746,0.659011721611023,-0.04191983863711357,0.44996803998947144,0.5432600378990173,-0.05196746811270714,0.4369880259037018,0.5124399065971375,-0.04612738639116287,0.43271833658218384,0.5075984597206116,-0.0391082800924778,0.45321929454803467,0.6838701963424683,-0.04590785875916481,0.4147685766220093,0.5723370313644409,-0.04943738505244255,0.4133208394050598,0.544863224029541,-0.036505986005067825,0.4175819754600525,0.5383175611495972,-0.02648095414042473,0.4205731749534607,0.7073253989219666,-0.0488676019012928,0.40158504247665405,0.6187495589256287,-0.047960855066776276,0.40724581480026245,0.5903350710868835,-0.03513137623667717,0.41366297006607056,0.5761294364929199,-0.024340800940990448,0,0,0,0,0,0,0,0,0,0,0,0,0,0,0,0,0,0,0,0,0,0,0,0,0,0,0,0,0,0,0,0,0,0,0,0,0,0,0,0,0,0,0,0,0,0,0,0,0,0,0,0,0,0,0,0,0,0,0,0,0,0,0,eat
0.513873815536499,0.8159948587417603,1.763527137654819e-07,0.5471124053001404,0.7319085001945496,0.005120779387652874,0.5400751829147339,0.648436963558197,-0.0025888141244649887,0.5015196204185486,0.5957546234130859,-0.009488922543823719,0.46754878759384155,0.5676825046539307,-0.017423776909708977,0.5335671305656433,0.6355224251747131,-0.0355369932949543,0.4891264736652374,0.5420441031455994,-0.048017654567956924,0.4666154682636261,0.5122480988502502,-0.048751350492239,0.45369428396224976,0.5040932893753052,-0.04534453526139259,0.489484965801239,0.6596397757530212,-0.04267566278576851,0.4471239745616913,0.5426695942878723,-0.051680974662303925,0.4373959004878998,0.5118514895439148,-0.04406585171818733,0.43405795097351074,0.5088464021682739,-0.03613530471920967,0.44982630014419556,0.683813214302063,-0.046896882355213165,0.4129296541213989,0.5683404207229614,-0.05079416558146477,0.412962943315506,0.5388943552970886,-0.03770439699292183,0.4165874719619751,0.533723771572113,-0.027513176202774048,0.4188028573989868,0.707150936126709,-0.0497104749083519,0.40037235617637634,0.6143366098403931,-0.04955679178237915,0.4085378050804138,0.5866163372993469,-0.036907948553562164,0.4163168668746948,0.5758235454559326,-0.026256192475557327,0,0,0,0,0,0,0,0,0,0,0,0,0,0,0,0,0,0,0,0,0,0,0,0,0,0,0,0,0,0,0,0,0,0,0,0,0,0,0,0,0,0,0,0,0,0,0,0,0,0,0,0,0,0,0,0,0,0,0,0,0,0,0,eat
0.5172069668769836,0.8178560733795166,1.9571420750708057e-07,0.5494075417518616,0.7349497079849243,0.005287276115268469,0.5418868064880371,0.6515787839889526,-0.0033226720988750458,0.5052253007888794,0.6002762913703918,-0.010987373068928719,0.47123146057128906,0.5725835561752319,-0.019807472825050354,0.5418495535850525,0.6366631984710693,-0.03936291113495827,0.49703162908554077,0.5394970178604126,-0.05338842421770096,0.47108274698257446,0.508497416973114,-0.05467389151453972,0.4561256766319275,0.49989426136016846,-0.05122523754835129,0.49776095151901245,0.6618981957435608,-0.04706920310854912,0.4536161720752716,0.5430802702903748,-0.05816531181335449,0.4383392333984375,0.5038166642189026,-0.052146513015031815,0.4314882457256317,0.4934247136116028,-0.04519522935152054,0.4559916853904724,0.6866163611412048,-0.051666051149368286,0.4154510498046875,0.5694525241851807,-0.05666441097855568,0.40991300344467163,0.5321524143218994,-0.04592566564679146,0.4102519750595093,0.5192546248435974,-0.037283431738615036,0.4231235980987549,0.7096507549285889,-0.054664283990859985,0.4021458029747009,0.6145647764205933,-0.054638370871543884,0.4055410623550415,0.5813917517662048,-0.04307207465171814,0.41026097536087036,0.5647181272506714,-0.03330175206065178,0,0,0,0,0,0,0,0,0,0,0,0,0,0,0,0,0,0,0,0,0,0,0,0,0,0,0,0,0,0,0,0,0,0,0,0,0,0,0,0,0,0,0,0,0,0,0,0,0,0,0,0,0,0,0,0,0,0,0,0,0,0,0,eat
0.5178828239440918,0.7998545169830322,1.8856826500268653e-07,0.5489382743835449,0.7150816917419434,0.007497771177440882,0.5440260767936707,0.6314584016799927,0.00019896823505405337,0.5121886134147644,0.5751906633377075,-0.007186013273894787,0.47766029834747314,0.5491153001785278,-0.015640946105122566,0.54208904504776,0.6137380599975586,-0.034301307052373886,0.49469631910324097,0.5171990394592285,-0.049913596361875534,0.471904456615448,0.49457305669784546,-0.052868396043777466,0.46309149265289307,0.4983175992965698,-0.05008729547262192,0.4979149401187897,0.6366299986839294,-0.04336511716246605,0.45442408323287964,0.5201863050460815,-0.05654182657599449,0.43877002596855164,0.48341894149780273,-0.05279909446835518,0.43312424421310425,0.47788429260253906,-0.046720754355192184,0.4565015435218811,0.6611189246177673,-0.04955517128109932,0.4193781614303589,0.5530012845993042,-0.0561416931450367,0.41202303767204285,0.5153690576553345,-0.04706753417849541,0.4129907488822937,0.5024017095565796,-0.038924749940633774,0.4239042103290558,0.6866603493690491,-0.05394212156534195,0.4054624140262604,0.5961246490478516,-0.0548144094645977,0.40442514419555664,0.5601743459701538,-0.044156916439533234,0.40666258335113525,0.5398855209350586,-0.03448469191789627,0,0,0,0,0,0,0,0,0,0,0,0,0,0,0,0,0,0,0,0,0,0,0,0,0,0,0,0,0,0,0,0,0,0,0,0,0,0,0,0,0,0,0,0,0,0,0,0,0,0,0,0,0,0,0,0,0,0,0,0,0,0,0,eat
0.5189980864524841,0.7881670594215393,1.6050999818162381e-07,0.5498359799385071,0.7023976445198059,0.009897849522531033,0.546318531036377,0.6183035969734192,0.003971414174884558,0.5134989619255066,0.5614209175109863,-0.002523352624848485,0.47922611236572266,0.5342315435409546,-0.01031534280627966,0.5392870903015137,0.5986118316650391,-0.03082200326025486,0.49311089515686035,0.5057755708694458,-0.04401322454214096,0.4709542393684387,0.47995370626449585,-0.04543870687484741,0.46114370226860046,0.4790455102920532,-0.04211122915148735,0.4951728284358978,0.6218150854110718,-0.040794700384140015,0.45198893547058105,0.5069534182548523,-0.051194123923778534,0.43988150358200073,0.473543643951416,-0.04494357109069824,0.43708735704421997,0.4724729061126709,-0.037528686225414276,0.4551098644733429,0.6475851535797119,-0.04772546514868736,0.417589396238327,0.5345748662948608,-0.05286087840795517,0.4139258861541748,0.5031722784042358,-0.04094601050019264,0.4177066385746002,0.49842536449432373,-0.030967596918344498,0.4233797788619995,0.6747643947601318,-0.05277331918478012,0.4048736095428467,0.5826959609985352,-0.05343872308731079,0.40708956122398376,0.5494391322135925,-0.041725073009729385,0.41153305768966675,0.5326559543609619,-0.031146131455898285,0,0,0,0,0,0,0,0,0,0,0,0,0,0,0,0,0,0,0,0,0,0,0,0,0,0,0,0,0,0,0,0,0,0,0,0,0,0,0,0,0,0,0,0,0,0,0,0,0,0,0,0,0,0,0,0,0,0,0,0,0,0,0,eat
0.5208972096443176,0.7897196412086487,1.694976248245439e-07,0.5502017140388489,0.7035422325134277,0.009789738804101944,0.5447508096694946,0.6209537386894226,0.0038151205517351627,0.5092681050300598,0.567903459072113,-0.0027560903690755367,0.47526493668556213,0.5415496230125427,-0.010540492832660675,0.5396454334259033,0.5988743305206299,-0.029375972226262093,0.49172449111938477,0.5066192746162415,-0.04246963933110237,0.46923646330833435,0.4815635085105896,-0.04448747634887695,0.46009561419487,0.47806841135025024,-0.04178429767489433,0.495283842086792,0.6234686970710754,-0.03948599100112915,0.45149704813957214,0.5061115622520447,-0.050622109323740005,0.4410753548145294,0.4743124842643738,-0.044591695070266724,0.43971291184425354,0.4714440703392029,-0.03690822795033455,0.4547833800315857,0.6505604386329651,-0.04663475230336189,0.41636186838150024,0.5352674722671509,-0.05239001661539078,0.41583168506622314,0.5071159601211548,-0.0397849939763546,0.42192623019218445,0.5024137496948242,-0.02892092987895012,0.42347902059555054,0.6784282326698303,-0.0520123727619648,0.40540072321891785,0.5840247869491577,-0.0521993488073349,0.41192466020584106,0.5550559163093567,-0.03885694593191147,0.41978174448013306,0.5421133637428284,-0.027076493948698044,0,0,0,0,0,0,0,0,0,0,0,0,0,0,0,0,0,0,0,0,0,0,0,0,0,0,0,0,0,0,0,0,0,0,0,0,0,0,0,0,0,0,0,0,0,0,0,0,0,0,0,0,0,0,0,0,0,0,0,0,0,0,0,eat
0.5177045464515686,0.7794468402862549,1.477598630117427e-07,0.5457634329795837,0.6931452751159668,0.010108331218361855,0.5412033796310425,0.613196849822998,0.004420127719640732,0.5062086582183838,0.5651208758354187,-0.002345099812373519,0.47201022505760193,0.5434837341308594,-0.010537689551711082,0.5357363224029541,0.5813483595848083,-0.024837197735905647,0.4902483820915222,0.4900784492492676,-0.0361405648291111,0.4639338254928589,0.46339529752731323,-0.03820699453353882,0.44834330677986145,0.4586257338523865,-0.03628798574209213,0.4922527074813843,0.6016086339950562,-0.03514321520924568,0.4513184428215027,0.4927949905395508,-0.042903512716293335,0.43754202127456665,0.4650736451148987,-0.037679195404052734,0.43096429109573364,0.4599725306034088,-0.03198134899139404,0.4525013566017151,0.6273343563079834,-0.04263266175985336,0.41617345809936523,0.517982006072998,-0.04514754191040993,0.41297852993011475,0.49574345350265503,-0.032692596316337585,0.4151294231414795,0.4933425784111023,-0.023283807560801506,0.41983675956726074,0.6560742855072021,-0.04863862320780754,0.40046682953834534,0.5653868317604065,-0.04724029451608658,0.40131139755249023,0.5356828570365906,-0.03437713533639908,0.4032318890094757,0.5205148458480835,-0.02357732504606247,0,0,0,0,0,0,0,0,0,0,0,0,0,0,0,0,0,0,0,0,0,0,0,0,0,0,0,0,0,0,0,0,0,0,0,0,0,0,0,0,0,0,0,0,0,0,0,0,0,0,0,0,0,0,0,0,0,0,0,0,0,0,0,eat
0.5171954035758972,0.7787460684776306,1.933568398726493e-07,0.546218752861023,0.6917223930358887,0.009873024187982082,0.538815438747406,0.6121075749397278,0.004190787207335234,0.5004637837409973,0.5686967968940735,-0.0025261295959353447,0.46384939551353455,0.5505403280258179,-0.010395841673016548,0.5351837873458862,0.5885663628578186,-0.023250797763466835,0.48893213272094727,0.4921478033065796,-0.034428976476192474,0.46339696645736694,0.46396172046661377,-0.036416195333004,0.45051491260528564,0.4567735195159912,-0.034313201904296875,0.49145713448524475,0.6097797155380249,-0.033101968467235565,0.44832688570022583,0.49372759461402893,-0.04075855761766434,0.4360264837741852,0.46419164538383484,-0.03500824794173241,0.43193531036376953,0.4571359157562256,-0.02867051027715206,0.4514613747596741,0.6344967484474182,-0.0402134507894516,0.4155489206314087,0.5219466090202332,-0.04326675832271576,0.41617250442504883,0.5010695457458496,-0.02971615642309189,0.42148080468177795,0.4983903765678406,-0.019313160330057144,0.4193591773509979,0.6594060659408569,-0.04591519013047218,0.4038700759410858,0.5700519680976868,-0.04461695998907089,0.41109031438827515,0.5464406609535217,-0.03020533360540867,0.4185861051082611,0.5358113646507263,-0.01823853701353073,0,0,0,0,0,0,0,0,0,0,0,0,0,0,0,0,0,0,0,0,0,0,0,0,0,0,0,0,0,0,0,0,0,0,0,0,0,0,0,0,0,0,0,0,0,0,0,0,0,0,0,0,0,0,0,0,0,0,0,0,0,0,0,eat
0.5176000595092773,0.7855309844017029,1.5098559913440113e-07,0.5461084842681885,0.6984699368476868,0.00911338534206152,0.5392785668373108,0.6187346577644348,0.0025989492423832417,0.5034551620483398,0.5708792209625244,-0.004754768218845129,0.4694153368473053,0.5466376543045044,-0.013307961635291576,0.5381518602371216,0.5940455198287964,-0.027162132784724236,0.489869087934494,0.4968077540397644,-0.038989219814538956,0.46462389826774597,0.46918272972106934,-0.04047643393278122,0.45209670066833496,0.4615268111228943,-0.03779212012887001,0.49460339546203613,0.618043839931488,-0.03711036965250969,0.4507351517677307,0.5018248558044434,-0.045858245342969894,0.4377545714378357,0.47410887479782104,-0.039682433009147644,0.4335634112358093,0.4678795337677002,-0.03260580822825432,0.4538663327693939,0.6439264416694641,-0.04433935135602951,0.41784048080444336,0.5301527976989746,-0.04746777564287186,0.41335684061050415,0.5036850571632385,-0.03403298184275627,0.41469037532806396,0.49512016773223877,-0.023671137169003487,0.4206402897834778,0.6694051623344421,-0.050195422023534775,0.4034246504306793,0.57671719789505,-0.04895253852009773,0.40513187646865845,0.5462700128555298,-0.03528571501374245,0.40764033794403076,0.5293865203857422,-0.02381560578942299,0,0,0,0,0,0,0,0,0,0,0,0,0,0,0,0,0,0,0,0,0,0,0,0,0,0,0,0,0,0,0,0,0,0,0,0,0,0,0,0,0,0,0,0,0,0,0,0,0,0,0,0,0,0,0,0,0,0,0,0,0,0,0,eat
0.5197181701660156,0.8001373410224915,1.5028973621156183e-07,0.5521706342697144,0.7140727043151855,0.006164683029055595,0.5466736555099487,0.6290587186813354,-0.0017762990901246667,0.5115351676940918,0.5707187056541443,-0.009733614511787891,0.4761486053466797,0.540305495262146,-0.01879502646625042,0.5439793467521667,0.6128942370414734,-0.03470192104578018,0.49308672547340393,0.5103099346160889,-0.04920554906129837,0.46693506836891174,0.4792487621307373,-0.051275067031383514,0.4540919065475464,0.47334355115890503,-0.0480102002620697,0.4998079240322113,0.6374816298484802,-0.0430629700422287,0.4548588991165161,0.5153160691261292,-0.05455318093299866,0.438632994890213,0.4814884066581726,-0.04887539893388748,0.4322100877761841,0.47634732723236084,-0.041370689868927,0.4587633013725281,0.6617039442062378,-0.04876985400915146,0.42018651962280273,0.543190598487854,-0.053373340517282486,0.41273435950279236,0.5096727609634399,-0.04140634462237358,0.41266733407974243,0.5009834170341492,-0.03147771209478378,0.42590588331222534,0.6846882104873657,-0.053179871290922165,0.4063044786453247,0.5886932611465454,-0.053431715816259384,0.405906081199646,0.5524684190750122,-0.0421789176762104,0.40792274475097656,0.5326098799705505,-0.03210859000682831,0,0,0,0,0,0,0,0,0,0,0,0,0,0,0,0,0,0,0,0,0,0,0,0,0,0,0,0,0,0,0,0,0,0,0,0,0,0,0,0,0,0,0,0,0,0,0,0,0,0,0,0,0,0,0,0,0,0,0,0,0,0,0,eat
0.5189528465270996,0.7981076240539551,1.8218673858427792e-07,0.5524711012840271,0.7117503881454468,0.0067679607309401035,0.5481917262077332,0.6263871192932129,-0.0011522916611284018,0.5130043625831604,0.5682027339935303,-0.008663928136229515,0.47871243953704834,0.5351107716560364,-0.0170761626213789,0.5413770079612732,0.6106873154640198,-0.037401195615530014,0.4927213788032532,0.5079269409179688,-0.051205795258283615,0.46811267733573914,0.4783713221549988,-0.05140254274010658,0.4567495882511139,0.4741654694080353,-0.04695657268166542,0.49689438939094543,0.6367625594139099,-0.045574676245450974,0.4518951177597046,0.5139003992080688,-0.05742274969816208,0.43825435638427734,0.4784781038761139,-0.049983855336904526,0.4340416193008423,0.47307515144348145,-0.041318926960229874,0.45623400807380676,0.6626071333885193,-0.050719939172267914,0.4169307053089142,0.5422463417053223,-0.056899864226579666,0.41237977147102356,0.5073090195655823,-0.04412036016583443,0.41409653425216675,0.4981343746185303,-0.03330768272280693,0.4249842166900635,0.6877951622009277,-0.0541556179523468,0.40679121017456055,0.5898685455322266,-0.055495355278253555,0.41084349155426025,0.556119978427887,-0.0435999371111393,0.4158783555030823,0.5394451022148132,-0.0328497588634491,0,0,0,0,0,0,0,0,0,0,0,0,0,0,0,0,0,0,0,0,0,0,0,0,0,0,0,0,0,0,0,0,0,0,0,0,0,0,0,0,0,0,0,0,0,0,0,0,0,0,0,0,0,0,0,0,0,0,0,0,0,0,0,eat
0.5197111368179321,0.7968919277191162,1.7967224152926065e-07,0.5536468625068665,0.7116672396659851,0.00561001431196928,0.5486551523208618,0.625918447971344,-0.002882611006498337,0.5139263272285461,0.5673556923866272,-0.011144304648041725,0.4795145094394684,0.53475421667099,-0.020331310108304024,0.5434635877609253,0.610731840133667,-0.03775715455412865,0.49598902463912964,0.5101150274276733,-0.05199760943651199,0.4733303189277649,0.4815041422843933,-0.053196389228105545,0.46290454268455505,0.4759131073951721,-0.04970495030283928,0.49853286147117615,0.6365258097648621,-0.04593915119767189,0.45446881651878357,0.5146806240081787,-0.05739424005150795,0.44244199991226196,0.4787096381187439,-0.050787750631570816,0.4387403130531311,0.47131258249282837,-0.04335072636604309,0.4575992524623871,0.6614025831222534,-0.05120731517672539,0.419486403465271,0.5397078394889832,-0.05704997107386589,0.4175717532634735,0.5078890919685364,-0.0444592610001564,0.42117664217948914,0.5016517639160156,-0.03418309986591339,0.4261046051979065,0.6842246055603027,-0.0550442673265934,0.4072991907596588,0.5859960317611694,-0.056230030953884125,0.4125930964946747,0.5527625679969788,-0.04444282874464989,0.4188011884689331,0.5378007292747498,-0.03408048301935196,0,0,0,0,0,0,0,0,0,0,0,0,0,0,0,0,0,0,0,0,0,0,0,0,0,0,0,0,0,0,0,0,0,0,0,0,0,0,0,0,0,0,0,0,0,0,0,0,0,0,0,0,0,0,0,0,0,0,0,0,0,0,0,eat
0.5212886333465576,0.7840829491615295,1.7138984276243718e-07,0.5518615245819092,0.6988940238952637,0.008544090203940868,0.546687126159668,0.6186573505401611,0.0017768804682418704,0.512618899345398,0.568699300289154,-0.005742217414081097,0.47754016518592834,0.545956015586853,-0.014408345334231853,0.5435682535171509,0.5889028906822205,-0.02753031998872757,0.49918583035469055,0.4957483410835266,-0.040023572742938995,0.47307175397872925,0.46977150440216064,-0.04271181300282478,0.45922648906707764,0.4666794538497925,-0.04109058901667595,0.49939656257629395,0.6094348430633545,-0.03700673580169678,0.45751163363456726,0.49964115023612976,-0.04665901139378548,0.4429333508014679,0.4687514305114746,-0.04253830760717392,0.4367590844631195,0.4619894027709961,-0.03742760047316551,0.4585197865962982,0.6333850622177124,-0.04370028153061867,0.4234279990196228,0.5259418487548828,-0.04749878868460655,0.41793137788772583,0.4998069405555725,-0.03622947633266449,0.4181080162525177,0.493751585483551,-0.027517663314938545,0.42605850100517273,0.6586634516716003,-0.04893599823117256,0.4099313020706177,0.5705424547195435,-0.048172544687986374,0.4100550711154938,0.5392732620239258,-0.03623809665441513,0.4109208881855011,0.5212613940238953,-0.026096027344465256,0,0,0,0,0,0,0,0,0,0,0,0,0,0,0,0,0,0,0,0,0,0,0,0,0,0,0,0,0,0,0,0,0,0,0,0,0,0,0,0,0,0,0,0,0,0,0,0,0,0,0,0,0,0,0,0,0,0,0,0,0,0,0,eat
0.523104190826416,0.7767379283905029,1.49946927763267e-07,0.5518615245819092,0.6899658441543579,0.010447577573359013,0.5467286109924316,0.6089768409729004,0.006228962913155556,0.513411819934845,0.5575147271156311,0.000549963500816375,0.4796093702316284,0.5331648588180542,-0.007017762865871191,0.54245924949646,0.5803571939468384,-0.019309435039758682,0.4967256188392639,0.49291175603866577,-0.029848545789718628,0.4697747528553009,0.46165502071380615,-0.033431198447942734,0.4530007839202881,0.4498182535171509,-0.03314844146370888,0.4996586740016937,0.6008245944976807,-0.029902659356594086,0.4583498239517212,0.4957101345062256,-0.037186410278081894,0.4435584545135498,0.46322232484817505,-0.034047260880470276,0.43600332736968994,0.45408880710601807,-0.030178764835000038,0.4600822329521179,0.6269773840904236,-0.03795892000198364,0.4243578016757965,0.5201694369316101,-0.04127310961484909,0.4201297461986542,0.49572277069091797,-0.031134845688939095,0.42145007848739624,0.49150991439819336,-0.02327333763241768,0.4272535443305969,0.6554639339447021,-0.04451693221926689,0.40925365686416626,0.5666742324829102,-0.044268760830163956,0.41100355982780457,0.5386101603507996,-0.032567813992500305,0.4140671491622925,0.5243815183639526,-0.0225744117051363,0,0,0,0,0,0,0,0,0,0,0,0,0,0,0,0,0,0,0,0,0,0,0,0,0,0,0,0,0,0,0,0,0,0,0,0,0,0,0,0,0,0,0,0,0,0,0,0,0,0,0,0,0,0,0,0,0,0,0,0,0,0,0,eat
0.5221899151802063,0.7819045186042786,1.2503721791290445e-07,0.5529706478118896,0.6983910202980042,0.009496580809354782,0.549160361289978,0.6177659034729004,0.00439019501209259,0.5154604911804199,0.5658791661262512,-0.0017682674806565046,0.48296061158180237,0.5375180244445801,-0.009038100950419903,0.5444391965866089,0.5928227305412292,-0.02533079870045185,0.4985380172729492,0.49855753779411316,-0.03752591833472252,0.4757619798183441,0.4759702682495117,-0.03918401524424553,0.46783167123794556,0.4739989638328552,-0.03649371117353439,0.5017677545547485,0.614868700504303,-0.035449229180812836,0.45782431960105896,0.498722106218338,-0.04582212492823601,0.44490548968315125,0.47064512968063354,-0.04059147834777832,0.4418403208255768,0.4670675992965698,-0.033883702009916306,0.46221786737442017,0.6404569149017334,-0.04286348819732666,0.4244849681854248,0.5258212685585022,-0.04932451620697975,0.42280587553977966,0.5052715539932251,-0.036691393703222275,0.42797067761421204,0.50588458776474,-0.025662699714303017,0.43028196692466736,0.6670500040054321,-0.04863295704126358,0.4122588038444519,0.5731729865074158,-0.049943678081035614,0.41771239042282104,0.5479705333709717,-0.03665187582373619,0.4247516691684723,0.5397337079048157,-0.024746131151914597,0,0,0,0,0,0,0,0,0,0,0,0,0,0,0,0,0,0,0,0,0,0,0,0,0,0,0,0,0,0,0,0,0,0,0,0,0,0,0,0,0,0,0,0,0,0,0,0,0,0,0,0,0,0,0,0,0,0,0,0,0,0,0,eat
0.5226208567619324,0.7826405763626099,1.327813521356802e-07,0.5538514852523804,0.6977205276489258,0.009209034964442253,0.5493698120117188,0.6171665191650391,0.004248935263603926,0.5141667127609253,0.56449955701828,-0.0015168694080784917,0.481026291847229,0.5365943908691406,-0.008270585909485817,0.5459768176078796,0.591293215751648,-0.023651083931326866,0.4989669620990753,0.49954235553741455,-0.034117087721824646,0.47404706478118896,0.4759775400161743,-0.035096731036901474,0.4635172188282013,0.47138145565986633,-0.03255094587802887,0.502544641494751,0.6129778623580933,-0.03300023451447487,0.45885196328163147,0.5016145706176758,-0.04113384708762169,0.4442146420478821,0.4720352292060852,-0.035494208335876465,0.43946120142936707,0.465542197227478,-0.02927633933722973,0.4620177447795868,0.6382526159286499,-0.03979196771979332,0.425037682056427,0.5297091603279114,-0.04395934194326401,0.4206691384315491,0.5038638710975647,-0.03253227472305298,0.42337048053741455,0.4980314373970032,-0.023408180102705956,0.429362952709198,0.6645362377166748,-0.045012958347797394,0.41310444474220276,0.5766900181770325,-0.04493224620819092,0.4170295298099518,0.5492188930511475,-0.03293236345052719,0.42265525460243225,0.535589337348938,-0.022646678611636162,0,0,0,0,0,0,0,0,0,0,0,0,0,0,0,0,0,0,0,0,0,0,0,0,0,0,0,0,0,0,0,0,0,0,0,0,0,0,0,0,0,0,0,0,0,0,0,0,0,0,0,0,0,0,0,0,0,0,0,0,0,0,0,eat
0.5249605178833008,0.8084895014762878,1.3080345695470896e-07,0.5565381646156311,0.7212067246437073,0.008082455955445766,0.5532443523406982,0.6379732489585876,0.0006502547767013311,0.5177413821220398,0.5819593071937561,-0.006835647858679295,0.4826064109802246,0.5531036257743835,-0.015476013533771038,0.5496261715888977,0.620278537273407,-0.03493146598339081,0.5021104216575623,0.5235654711723328,-0.0479094535112381,0.47700268030166626,0.49631553888320923,-0.04750369116663933,0.46497565507888794,0.49215683341026306,-0.04282710328698158,0.5047968626022339,0.6431704163551331,-0.044699426740407944,0.46185964345932007,0.5226863026618958,-0.05634203180670738,0.44485872983932495,0.4882694482803345,-0.04912945255637169,0.4366227984428406,0.4796833395957947,-0.040394529700279236,0.46359890699386597,0.667087733745575,-0.05144822597503662,0.4284362196922302,0.5499866604804993,-0.05651073902845383,0.4210461676120758,0.5144510269165039,-0.04305674135684967,0.4202590584754944,0.5003923177719116,-0.031900953501462936,0.43058478832244873,0.692022442817688,-0.05659237131476402,0.41280972957611084,0.5954578518867493,-0.05613492801785469,0.4134337902069092,0.5580247640609741,-0.042812298983335495,0.4158707857131958,0.5349195003509521,-0.03128580003976822,0,0,0,0,0,0,0,0,0,0,0,0,0,0,0,0,0,0,0,0,0,0,0,0,0,0,0,0,0,0,0,0,0,0,0,0,0,0,0,0,0,0,0,0,0,0,0,0,0,0,0,0,0,0,0,0,0,0,0,0,0,0,0,eat
0.5208553671836853,0.8071067929267883,1.514394227797311e-07,0.5551577210426331,0.7213878631591797,0.008260885253548622,0.5512696504592896,0.6364465951919556,0.0017425151308998466,0.5167979001998901,0.5788874626159668,-0.004439272452145815,0.48300960659980774,0.5476372241973877,-0.01151086576282978,0.545161247253418,0.6179437041282654,-0.034364763647317886,0.4996732473373413,0.5175296068191528,-0.045980360358953476,0.47412165999412537,0.49262070655822754,-0.04514694958925247,0.4613227844238281,0.4895508885383606,-0.04063887149095535,0.500746488571167,0.641628086566925,-0.043073639273643494,0.45845678448677063,0.5216271877288818,-0.0522436685860157,0.4413730502128601,0.4863840937614441,-0.044265709817409515,0.4336482882499695,0.47857487201690674,-0.03613220900297165,0.4595600366592407,0.6665674448013306,-0.048663172870874405,0.42319273948669434,0.5519168376922607,-0.05171500891447067,0.4170476794242859,0.5170606970787048,-0.038803454488515854,0.41738682985305786,0.5041220188140869,-0.029105767607688904,0.4272591471672058,0.6918540596961975,-0.05259321630001068,0.40926140546798706,0.5983103513717651,-0.05090273916721344,0.4127292037010193,0.5664083957672119,-0.03790642321109772,0.41795358061790466,0.5491414070129395,-0.02735784649848938,0,0,0,0,0,0,0,0,0,0,0,0,0,0,0,0,0,0,0,0,0,0,0,0,0,0,0,0,0,0,0,0,0,0,0,0,0,0,0,0,0,0,0,0,0,0,0,0,0,0,0,0,0,0,0,0,0,0,0,0,0,0,0,eat
0.5199261903762817,0.7946217060089111,1.829824327614915e-07,0.5519879460334778,0.7075362205505371,0.00866136234253645,0.5470744967460632,0.6235724687576294,0.0019146553240716457,0.5102546215057373,0.570327639579773,-0.004724675789475441,0.4756085276603699,0.544084906578064,-0.012120646424591541,0.5396572351455688,0.6049258708953857,-0.03262487053871155,0.49487820267677307,0.5087929368019104,-0.045260556042194366,0.4735954999923706,0.4844898581504822,-0.04525626450777054,0.46503064036369324,0.48533064126968384,-0.04087188467383385,0.49592122435569763,0.6288530826568604,-0.041598446667194366,0.4539826512336731,0.5115259289741516,-0.05248492211103439,0.44244641065597534,0.4790895879268646,-0.04575049504637718,0.4394906163215637,0.477338582277298,-0.037806615233421326,0.4557673931121826,0.6541495323181152,-0.04743870347738266,0.4185681939125061,0.5419734120368958,-0.052967626601457596,0.4164685010910034,0.5112420916557312,-0.040387146174907684,0.42031288146972656,0.5045194029808044,-0.029853101819753647,0.42430248856544495,0.6804871559143066,-0.05136821046471596,0.40673136711120605,0.5885728597640991,-0.051409557461738586,0.41280171275138855,0.560488224029541,-0.03811023756861687,0.4198627173900604,0.5483008623123169,-0.02642383612692356,0,0,0,0,0,0,0,0,0,0,0,0,0,0,0,0,0,0,0,0,0,0,0,0,0,0,0,0,0,0,0,0,0,0,0,0,0,0,0,0,0,0,0,0,0,0,0,0,0,0,0,0,0,0,0,0,0,0,0,0,0,0,0,eat
0.5202293395996094,0.794625461101532,1.5555635002328927e-07,0.5519778728485107,0.7098018527030945,0.009655877947807312,0.5482177138328552,0.6275469660758972,0.004155389498919249,0.5124731063842773,0.5744579434394836,-0.00181900046300143,0.4782133102416992,0.5478308200836182,-0.008777388371527195,0.5404101014137268,0.604438841342926,-0.02796143852174282,0.4951465129852295,0.5086707472801208,-0.040277183055877686,0.47243502736091614,0.4864550232887268,-0.04160483926534653,0.46432721614837646,0.48818454146385193,-0.038425322622060776,0.4960363805294037,0.6271886229515076,-0.037392400205135345,0.45358729362487793,0.5107345581054688,-0.047734737396240234,0.4407770037651062,0.4787008762359619,-0.04233202338218689,0.4371890127658844,0.4750479459762573,-0.03550546243786812,0.45550137758255005,0.6532484292984009,-0.04391147941350937,0.4180389642715454,0.5406230688095093,-0.04919341951608658,0.41518837213516235,0.5106056332588196,-0.03822756186127663,0.41860100626945496,0.5036545991897583,-0.028966888785362244,0.4242209792137146,0.6801972985267639,-0.04854290187358856,0.40692979097366333,0.5880060791969299,-0.04859281703829765,0.41232943534851074,0.5588220357894897,-0.03638579323887825,0.4189430773258209,0.5449565649032593,-0.025706177577376366,0,0,0,0,0,0,0,0,0,0,0,0,0,0,0,0,0,0,0,0,0,0,0,0,0,0,0,0,0,0,0,0,0,0,0,0,0,0,0,0,0,0,0,0,0,0,0,0,0,0,0,0,0,0,0,0,0,0,0,0,0,0,0,eat
0.5237160325050354,0.7800165414810181,1.257534023579865e-07,0.5496776103973389,0.6926637887954712,0.012225457467138767,0.5437452793121338,0.6121216416358948,0.005704686511307955,0.5073239803314209,0.5651051998138428,-0.002249950310215354,0.4705144166946411,0.5462037920951843,-0.01195660699158907,0.542244553565979,0.5821350812911987,-0.027562204748392105,0.49105778336524963,0.492858350276947,-0.03866616636514664,0.4630565941333771,0.47013023495674133,-0.039633847773075104,0.44704338908195496,0.46884095668792725,-0.03702142834663391,0.4997420310974121,0.6066346168518066,-0.039581816643476486,0.45573052763938904,0.49564725160598755,-0.0478309690952301,0.43985986709594727,0.4706067442893982,-0.04168734699487686,0.4320279657840729,0.47001469135284424,-0.03540748357772827,0.4602494239807129,0.6339138746261597,-0.048303525894880295,0.422212153673172,0.5199185609817505,-0.05159628391265869,0.415777325630188,0.4984551668167114,-0.0385407879948616,0.415780246257782,0.4979824721813202,-0.028769351541996002,0.4274149537086487,0.6630370616912842,-0.05521858483552933,0.4102552831172943,0.5704253911972046,-0.054665058851242065,0.4118752181529999,0.5416423082351685,-0.04158580303192139,0.41416072845458984,0.5278030633926392,-0.03069409169256687,0,0,0,0,0,0,0,0,0,0,0,0,0,0,0,0,0,0,0,0,0,0,0,0,0,0,0,0,0,0,0,0,0,0,0,0,0,0,0,0,0,0,0,0,0,0,0,0,0,0,0,0,0,0,0,0,0,0,0,0,0,0,0,eat
0.5248944759368896,0.8002115488052368,6.165291921433891e-08,0.5554436445236206,0.7130097150802612,0.010379630140960217,0.5520864129066467,0.6288430690765381,0.005076487082988024,0.518187403678894,0.571260929107666,-0.0009971758117899299,0.4832976460456848,0.5432958006858826,-0.008288305252790451,0.546478271484375,0.6059139370918274,-0.028192399069666862,0.49807247519493103,0.51466304063797,-0.04003068059682846,0.47508540749549866,0.49432557821273804,-0.040538422763347626,0.46580755710601807,0.4943484365940094,-0.037059295922517776,0.50260329246521,0.6279816627502441,-0.03890132158994675,0.45884841680526733,0.5119062066078186,-0.04952876642346382,0.44414785504341125,0.4864514470100403,-0.043392669409513474,0.43889525532722473,0.4872494041919708,-0.035765066742897034,0.46231573820114136,0.6535100936889648,-0.04660295322537422,0.4262109696865082,0.5395172834396362,-0.051483187824487686,0.4201807975769043,0.5128310918807983,-0.038537878543138504,0.4214364290237427,0.5082786679267883,-0.027762746438384056,0.4298935532569885,0.680806577205658,-0.05255609378218651,0.4120742380619049,0.5856921076774597,-0.05261779576539993,0.41327694058418274,0.5530058145523071,-0.03975715860724449,0.4159969687461853,0.536238431930542,-0.0284538883715868,0,0,0,0,0,0,0,0,0,0,0,0,0,0,0,0,0,0,0,0,0,0,0,0,0,0,0,0,0,0,0,0,0,0,0,0,0,0,0,0,0,0,0,0,0,0,0,0,0,0,0,0,0,0,0,0,0,0,0,0,0,0,0,eat
0.5271010994911194,0.8149449825286865,1.2549477901302453e-07,0.5575448870658875,0.7271993160247803,0.010422434657812119,0.5533233880996704,0.6430339217185974,0.004842238035053015,0.5192776322364807,0.5870962142944336,-0.0013643949059769511,0.4860815405845642,0.5557881593704224,-0.008648600429296494,0.5493536591529846,0.6190875172615051,-0.029771991074085236,0.5027803182601929,0.5201219320297241,-0.041274987161159515,0.47831976413726807,0.49806973338127136,-0.04122265428304672,0.46768060326576233,0.49697527289390564,-0.037289395928382874,0.5049881935119629,0.6426940560340881,-0.040622610598802567,0.46226000785827637,0.5223417282104492,-0.050634805113077164,0.445671409368515,0.4892228841781616,-0.04463259130716324,0.43780165910720825,0.481892466545105,-0.03741315379738808,0.4633265733718872,0.6692274212837219,-0.048398736864328384,0.42851534485816956,0.5540315508842468,-0.052259672433137894,0.42141520977020264,0.5201408863067627,-0.04030103236436844,0.4204414486885071,0.5066590905189514,-0.030802223831415176,0.4300456941127777,0.6965563893318176,-0.05439487099647522,0.4132636487483978,0.6008369326591492,-0.05315277725458145,0.41543543338775635,0.567236065864563,-0.04006336256861687,0.41884154081344604,0.5487812161445618,-0.029083484783768654,0,0,0,0,0,0,0,0,0,0,0,0,0,0,0,0,0,0,0,0,0,0,0,0,0,0,0,0,0,0,0,0,0,0,0,0,0,0,0,0,0,0,0,0,0,0,0,0,0,0,0,0,0,0,0,0,0,0,0,0,0,0,0,eat
0.5230733156204224,0.8154582381248474,1.561678288908297e-07,0.5580258369445801,0.7276473641395569,0.009595337323844433,0.5529422760009766,0.6427246928215027,0.003647157456725836,0.5171907544136047,0.5858772397041321,-0.0024829048197716475,0.4834255576133728,0.5540114641189575,-0.009404243901371956,0.5473952889442444,0.6242913007736206,-0.03132234513759613,0.5018162131309509,0.522323489189148,-0.04290160536766052,0.478628545999527,0.4973124861717224,-0.04249190166592598,0.4674505293369293,0.4950626790523529,-0.03815460950136185,0.5015841722488403,0.6463156938552856,-0.0404818095266819,0.4590676426887512,0.524462103843689,-0.04906567186117172,0.4452947974205017,0.4904155731201172,-0.041555359959602356,0.4390599727630615,0.483341246843338,-0.03377808630466461,0.45923736691474915,0.670548677444458,-0.04651650786399841,0.4234282970428467,0.5538169741630554,-0.049081798642873764,0.4197691082954407,0.520769476890564,-0.03592055290937424,0.420343816280365,0.5093482732772827,-0.02614203840494156,0.4265393912792206,0.6950212717056274,-0.05080308020114899,0.41033512353897095,0.6004124283790588,-0.04880984127521515,0.4147387742996216,0.5674890875816345,-0.035599254071712494,0.41905879974365234,0.5494958758354187,-0.02485300600528717,0,0,0,0,0,0,0,0,0,0,0,0,0,0,0,0,0,0,0,0,0,0,0,0,0,0,0,0,0,0,0,0,0,0,0,0,0,0,0,0,0,0,0,0,0,0,0,0,0,0,0,0,0,0,0,0,0,0,0,0,0,0,0,eat
0.522598147392273,0.8134656548500061,1.6089394705431914e-07,0.5575991868972778,0.7253220677375793,0.009131459519267082,0.5527280569076538,0.6412887573242188,0.00244642305187881,0.5164613723754883,0.5849320292472839,-0.004366985522210598,0.4819946885108948,0.5542313456535339,-0.011822442524135113,0.5472952127456665,0.6231831908226013,-0.032532379031181335,0.5014069676399231,0.5218724608421326,-0.04421091079711914,0.4783999025821686,0.49753618240356445,-0.04330691322684288,0.4680769145488739,0.49657565355300903,-0.038594551384449005,0.5011802315711975,0.6460633277893066,-0.04156898707151413,0.4579339027404785,0.5246118307113647,-0.05067246034741402,0.44456690549850464,0.491050660610199,-0.042764946818351746,0.4394935071468353,0.4843844175338745,-0.03459513187408447,0.4588254988193512,0.6704429984092712,-0.04747239127755165,0.4223989248275757,0.5525838136672974,-0.05086837336421013,0.41906848549842834,0.5195485949516296,-0.03751111403107643,0.42057380080223083,0.5085890293121338,-0.027354417368769646,0.4264489710330963,0.695075273513794,-0.051613181829452515,0.41089239716529846,0.5999196767807007,-0.050254564732313156,0.4153638184070587,0.5664082765579224,-0.03722028806805611,0.4198947548866272,0.5478028059005737,-0.02646106295287609,0,0,0,0,0,0,0,0,0,0,0,0,0,0,0,0,0,0,0,0,0,0,0,0,0,0,0,0,0,0,0,0,0,0,0,0,0,0,0,0,0,0,0,0,0,0,0,0,0,0,0,0,0,0,0,0,0,0,0,0,0,0,0,eat
0.5201923251152039,0.7906234264373779,1.6768407817835396e-07,0.5523932576179504,0.7030702829360962,0.010478930547833443,0.5476183295249939,0.6214703917503357,0.0036801097448915243,0.514266848564148,0.5684274435043335,-0.0034382857847958803,0.48168039321899414,0.5405718684196472,-0.011755557730793953,0.5440114140510559,0.5987424850463867,-0.035006389021873474,0.4969853162765503,0.5029492378234863,-0.044974491000175476,0.47276148200035095,0.4767652451992035,-0.04303669556975365,0.4601157605648041,0.4726182520389557,-0.038392357528209686,0.5004251599311829,0.6234825253486633,-0.044824447482824326,0.45630618929862976,0.506442129611969,-0.052418582141399384,0.44420579075813293,0.47754132747650146,-0.04352967068552971,0.4410663843154907,0.47501271963119507,-0.03548599034547806,0.4597325325012207,0.6481478810310364,-0.0509689524769783,0.42259013652801514,0.5318664908409119,-0.053260933607816696,0.419878214597702,0.5052286982536316,-0.03928504139184952,0.4231891632080078,0.5019043684005737,-0.02932966686785221,0.4273490309715271,0.6726580262184143,-0.055244430899620056,0.4122813642024994,0.5810387134552002,-0.05433181673288345,0.41657137870788574,0.5498485565185547,-0.041967496275901794,0.42117971181869507,0.5335415601730347,-0.0318242646753788,0,0,0,0,0,0,0,0,0,0,0,0,0,0,0,0,0,0,0,0,0,0,0,0,0,0,0,0,0,0,0,0,0,0,0,0,0,0,0,0,0,0,0,0,0,0,0,0,0,0,0,0,0,0,0,0,0,0,0,0,0,0,0,eat
0.522580623626709,0.7847470641136169,1.5466019931409392e-07,0.5526196956634521,0.6982115507125854,0.009649515151977539,0.5476465821266174,0.617779552936554,0.005878161173313856,0.5145426988601685,0.5671302676200867,0.0008923110435716808,0.4818379878997803,0.5422900915145874,-0.005409266334027052,0.5423622131347656,0.5878685712814331,-0.016158193349838257,0.5017766952514648,0.504413366317749,-0.025867031887173653,0.47805407643318176,0.4794803261756897,-0.02906886488199234,0.4657798707485199,0.472728431224823,-0.028699062764644623,0.4989932179450989,0.6058584451675415,-0.025822322815656662,0.46143797039985657,0.5036339163780212,-0.03278258442878723,0.44668805599212646,0.47152912616729736,-0.03038957342505455,0.43922874331474304,0.460945725440979,-0.027176383882761,0.4590373635292053,0.6309229731559753,-0.03321366757154465,0.42688316106796265,0.5323770046234131,-0.036171019077301025,0.4223179221153259,0.506864070892334,-0.02734762616455555,0.4234774112701416,0.4992203712463379,-0.020640693604946136,0.4267372488975525,0.6591048240661621,-0.0391785092651844,0.4117567837238312,0.578049898147583,-0.0378422848880291,0.41423824429512024,0.552377462387085,-0.02635035291314125,0.4181327819824219,0.538966715335846,-0.016848282888531685,0,0,0,0,0,0,0,0,0,0,0,0,0,0,0,0,0,0,0,0,0,0,0,0,0,0,0,0,0,0,0,0,0,0,0,0,0,0,0,0,0,0,0,0,0,0,0,0,0,0,0,0,0,0,0,0,0,0,0,0,0,0,0,eat
0.5252280831336975,0.7857598662376404,1.228471120384711e-07,0.5550016760826111,0.7005566954612732,0.011545559391379356,0.5496524572372437,0.6201479434967041,0.00783981941640377,0.5158710479736328,0.5691953301429749,0.0025281074922531843,0.4818410873413086,0.5468743443489075,-0.004197336733341217,0.546355664730072,0.5915255546569824,-0.01896575465798378,0.5017942786216736,0.5028789043426514,-0.029584422707557678,0.47968101501464844,0.48410314321517944,-0.03218037262558937,0.47148510813713074,0.48439815640449524,-0.030819131061434746,0.503115713596344,0.6113086938858032,-0.029576819390058517,0.4618178904056549,0.5033907294273376,-0.03725258260965347,0.4473702013492584,0.47274553775787354,-0.03392321988940239,0.44114452600479126,0.4656149744987488,-0.029811635613441467,0.4627997875213623,0.6369803547859192,-0.03758857399225235,0.42703792452812195,0.5300386548042297,-0.04166315495967865,0.4217972755432129,0.504729688167572,-0.03250711411237717,0.4225899279117584,0.4991963505744934,-0.025161540135741234,0.4303489923477173,0.665034294128418,-0.04377321898937225,0.4134630262851715,0.5763536691665649,-0.04378775879740715,0.4151367247104645,0.548573911190033,-0.03268254175782204,0.4181755781173706,0.5347000360488892,-0.023173099383711815,0,0,0,0,0,0,0,0,0,0,0,0,0,0,0,0,0,0,0,0,0,0,0,0,0,0,0,0,0,0,0,0,0,0,0,0,0,0,0,0,0,0,0,0,0,0,0,0,0,0,0,0,0,0,0,0,0,0,0,0,0,0,0,eat
0.5256113409996033,0.786954402923584,1.2240282387665502e-07,0.5554826259613037,0.7025116682052612,0.009815927594900131,0.5511442422866821,0.6198394894599915,0.006209919694811106,0.5180174112319946,0.5645203590393066,0.0016774426912888885,0.4849368929862976,0.5375489592552185,-0.003937274683266878,0.5463953018188477,0.5919108986854553,-0.01986899971961975,0.5026608109474182,0.5038526058197021,-0.029637610539793968,0.4817875921726227,0.48465991020202637,-0.03148938715457916,0.47398895025253296,0.48239022493362427,-0.029873214662075043,0.502699077129364,0.611537754535675,-0.02944350428879261,0.46111226081848145,0.5038310885429382,-0.036859188228845596,0.44671857357025146,0.47333717346191406,-0.03305652737617493,0.440300315618515,0.4653562903404236,-0.028596408665180206,0.46220022439956665,0.6371719241142273,-0.03650231659412384,0.42690858244895935,0.532058835029602,-0.04057507589459419,0.42272263765335083,0.5067452192306519,-0.03095443919301033,0.4240056872367859,0.5002704858779907,-0.023233989253640175,0.4297478199005127,0.665036678314209,-0.04187235236167908,0.41313910484313965,0.5775066018104553,-0.041893355548381805,0.4160716235637665,0.5509639978408813,-0.030432628467679024,0.42027607560157776,0.5378385186195374,-0.020624615252017975,0,0,0,0,0,0,0,0,0,0,0,0,0,0,0,0,0,0,0,0,0,0,0,0,0,0,0,0,0,0,0,0,0,0,0,0,0,0,0,0,0,0,0,0,0,0,0,0,0,0,0,0,0,0,0,0,0,0,0,0,0,0,0,eat
0.5287207365036011,0.8084132075309753,1.3275995058847911e-07,0.5600406527519226,0.720284104347229,0.008380735293030739,0.5547055006027222,0.6338048577308655,0.0018470467766746879,0.5187889337539673,0.577460527420044,-0.004982378333806992,0.48226481676101685,0.551038384437561,-0.013096191920340061,0.5504928231239319,0.6163710355758667,-0.03231160342693329,0.5007105469703674,0.5206472873687744,-0.043915633112192154,0.4760139584541321,0.49321702122688293,-0.043629031628370285,0.4639202952384949,0.48793715238571167,-0.03948891907930374,0.5064734816551208,0.6405940651893616,-0.04195864498615265,0.46301305294036865,0.5226326584815979,-0.05064472556114197,0.44728466868400574,0.48914438486099243,-0.04313645139336586,0.4400565028190613,0.4832141399383545,-0.035189561545848846,0.46558046340942383,0.6661403179168701,-0.04872686043381691,0.4316461682319641,0.5506657958030701,-0.05172879621386528,0.42503660917282104,0.5168561339378357,-0.03898365795612335,0.42478758096694946,0.5061243176460266,-0.02926962822675705,0.4325709939002991,0.691764235496521,-0.053988587111234665,0.4173911213874817,0.5977153778076172,-0.053241193294525146,0.41967588663101196,0.5618449449539185,-0.04106702283024788,0.4225570261478424,0.5407648682594299,-0.030832013115286827,0,0,0,0,0,0,0,0,0,0,0,0,0,0,0,0,0,0,0,0,0,0,0,0,0,0,0,0,0,0,0,0,0,0,0,0,0,0,0,0,0,0,0,0,0,0,0,0,0,0,0,0,0,0,0,0,0,0,0,0,0,0,0,eat
0.5246762633323669,0.7964164018630981,1.591087226415766e-07,0.5572952032089233,0.7088833451271057,0.010178033262491226,0.5513952970504761,0.6266927719116211,0.0040102265775203705,0.5147929191589355,0.5735498070716858,-0.002289509167894721,0.47909072041511536,0.5499618649482727,-0.00937093235552311,0.5453281998634338,0.6061282157897949,-0.03268829360604286,0.49777671694755554,0.5084611773490906,-0.0436137355864048,0.4750343859195709,0.48558664321899414,-0.04148096591234207,0.46466144919395447,0.4871644377708435,-0.03583121299743652,0.5010523200035095,0.6286208033561707,-0.04200581833720207,0.45734575390815735,0.510657548904419,-0.05099751055240631,0.4429766535758972,0.4811387062072754,-0.04200030490756035,0.43769991397857666,0.4806380569934845,-0.032840900123119354,0.46006596088409424,0.6531603336334229,-0.047977056354284286,0.4235773980617523,0.5395855903625488,-0.051057472825050354,0.41873544454574585,0.5108791589736938,-0.03663744404911995,0.41995468735694885,0.5057169198989868,-0.02554280124604702,0.427495539188385,0.6796643137931824,-0.05205341428518295,0.4111420512199402,0.5878260135650635,-0.05052051693201065,0.41484299302101135,0.5569248795509338,-0.037028346210718155,0.4193931221961975,0.5412663221359253,-0.02567330189049244,0,0,0,0,0,0,0,0,0,0,0,0,0,0,0,0,0,0,0,0,0,0,0,0,0,0,0,0,0,0,0,0,0,0,0,0,0,0,0,0,0,0,0,0,0,0,0,0,0,0,0,0,0,0,0,0,0,0,0,0,0,0,0,eat
0.5233404636383057,0.7813832759857178,1.3751225935720868e-07,0.5513737797737122,0.6913737654685974,0.01138286106288433,0.5453553795814514,0.6093686819076538,0.005591520108282566,0.5086705684661865,0.5595196485519409,-0.0013627470470964909,0.4736236035823822,0.537550687789917,-0.0100444620475173,0.544214129447937,0.5847228765487671,-0.027411315590143204,0.4940461218357086,0.49407094717025757,-0.03897086903452873,0.4675235450267792,0.4682786464691162,-0.040322445333004,0.4525085389614105,0.46545666456222534,-0.037751924246549606,0.5003681778907776,0.6083541512489319,-0.03854712098836899,0.455949604511261,0.49688592553138733,-0.047201480716466904,0.4427623748779297,0.4719296097755432,-0.04100368171930313,0.4378759562969208,0.4725888669490814,-0.03438933193683624,0.4594816565513611,0.6351303458213806,-0.04655592516064644,0.4208580255508423,0.5216452479362488,-0.05001991242170334,0.417314738035202,0.5013717412948608,-0.036613497883081436,0.41990092396736145,0.503040611743927,-0.026264987885951996,0.4255066514015198,0.6639513373374939,-0.05279147997498512,0.4068392813205719,0.5702223777770996,-0.05219195783138275,0.40936213731765747,0.5407236218452454,-0.039016470313072205,0.41283273696899414,0.5267419815063477,-0.02780919335782528,0,0,0,0,0,0,0,0,0,0,0,0,0,0,0,0,0,0,0,0,0,0,0,0,0,0,0,0,0,0,0,0,0,0,0,0,0,0,0,0,0,0,0,0,0,0,0,0,0,0,0,0,0,0,0,0,0,0,0,0,0,0,0,eat
0.5216224193572998,0.7812090516090393,1.482882936443275e-07,0.5511190891265869,0.6937973499298096,0.009638073854148388,0.5457484722137451,0.6120729446411133,0.004984327591955662,0.5102594494819641,0.5618222951889038,-0.0008647452923469245,0.4749619662761688,0.5398035645484924,-0.008477159775793552,0.5405457019805908,0.5869923233985901,-0.022054191678762436,0.4954128861427307,0.49858027696609497,-0.032991282641887665,0.4711814522743225,0.47261589765548706,-0.03610336035490036,0.4585653245449066,0.4645703434944153,-0.035316504538059235,0.4969189167022705,0.6083567142486572,-0.032168060541152954,0.4568849205970764,0.5002650618553162,-0.04024862125515938,0.44485723972320557,0.46874064207077026,-0.03675098344683647,0.4403418302536011,0.45998334884643555,-0.03237041458487511,0.45672380924224854,0.6344966292381287,-0.039669234305620193,0.4214847683906555,0.5255695581436157,-0.043661005795001984,0.4195929765701294,0.5011069774627686,-0.03342360630631447,0.4233319163322449,0.49650561809539795,-0.025209514424204826,0.4245724678039551,0.6615081429481506,-0.04561030492186546,0.4073117971420288,0.5695301294326782,-0.045193061232566833,0.41133731603622437,0.5416794419288635,-0.03306678682565689,0.4167214035987854,0.528701901435852,-0.022789396345615387,0,0,0,0,0,0,0,0,0,0,0,0,0,0,0,0,0,0,0,0,0,0,0,0,0,0,0,0,0,0,0,0,0,0,0,0,0,0,0,0,0,0,0,0,0,0,0,0,0,0,0,0,0,0,0,0,0,0,0,0,0,0,0,eat
0.5244537591934204,0.775571346282959,1.390761923403261e-07,0.5525217652320862,0.689981997013092,0.010981348343193531,0.5455880165100098,0.6108308434486389,0.006347327493131161,0.5085565447807312,0.5658237338066101,0.0002512028440833092,0.471454381942749,0.5480826497077942,-0.007626732811331749,0.5443994998931885,0.5785002112388611,-0.020089156925678253,0.49490806460380554,0.48890259861946106,-0.031333476305007935,0.4649617671966553,0.4621361494064331,-0.03521383926272392,0.4466514587402344,0.4561039209365845,-0.03482146933674812,0.502037525177002,0.5999536514282227,-0.030818548053503036,0.4592232406139374,0.4939824342727661,-0.03880474343895912,0.4428237974643707,0.4663904011249542,-0.03591534495353699,0.43454664945602417,0.46185123920440674,-0.0319453589618206,0.4617442488670349,0.6270555853843689,-0.03891031816601753,0.4228813052177429,0.5202831029891968,-0.042980730533599854,0.41717830300331116,0.5008786916732788,-0.03273807466030121,0.4180873930454254,0.5009708404541016,-0.024452287703752518,0.4275299608707428,0.6560090780258179,-0.04533641040325165,0.40815606713294983,0.5662503838539124,-0.045628298074007034,0.40904080867767334,0.5406118035316467,-0.03381100296974182,0.412293940782547,0.5286312699317932,-0.02353227697312832,0,0,0,0,0,0,0,0,0,0,0,0,0,0,0,0,0,0,0,0,0,0,0,0,0,0,0,0,0,0,0,0,0,0,0,0,0,0,0,0,0,0,0,0,0,0,0,0,0,0,0,0,0,0,0,0,0,0,0,0,0,0,0,eat
0.5269795060157776,0.804221510887146,4.525375629782502e-08,0.5588910579681396,0.7164213061332703,0.013070032931864262,0.5548880696296692,0.6345834136009216,0.009658269584178925,0.5232670307159424,0.5758082270622253,0.0051200659945607185,0.49111372232437134,0.542876124382019,-0.0006836564862169325,0.553057074546814,0.6114222407341003,-0.02518291398882866,0.5038384795188904,0.5181938409805298,-0.034674108028411865,0.47876760363578796,0.49508583545684814,-0.032976701855659485,0.46674758195877075,0.49273359775543213,-0.028134707361459732,0.5092887282371521,0.6318373084068298,-0.036373138427734375,0.4636794328689575,0.5173600912094116,-0.04468320682644844,0.4462979733943939,0.4894137382507324,-0.03808300569653511,0.4393906593322754,0.4875187873840332,-0.030417174100875854,0.46793580055236816,0.6561493873596191,-0.04438138008117676,0.428099125623703,0.5456610321998596,-0.047468021512031555,0.41772493720054626,0.5129987001419067,-0.03652549535036087,0.4161033630371094,0.5021511316299438,-0.027713755145668983,0.4347516596317291,0.6826538443565369,-0.05029764771461487,0.41535818576812744,0.59017014503479,-0.04976709187030792,0.4134586751461029,0.554801881313324,-0.038788702338933945,0.41439738869667053,0.5334963798522949,-0.0291683841496706,0,0,0,0,0,0,0,0,0,0,0,0,0,0,0,0,0,0,0,0,0,0,0,0,0,0,0,0,0,0,0,0,0,0,0,0,0,0,0,0,0,0,0,0,0,0,0,0,0,0,0,0,0,0,0,0,0,0,0,0,0,0,0,eat
0.5279248952865601,0.8108713626861572,1.3337094628695922e-07,0.5598034858703613,0.724114179611206,0.011397418566048145,0.5554168224334717,0.6411709785461426,0.006993208080530167,0.5208704471588135,0.5884475111961365,0.0015137572772800922,0.48583993315696716,0.563553512096405,-0.005336374510079622,0.5508432388305664,0.6152024865150452,-0.023537300527095795,0.5058894753456116,0.5206699967384338,-0.03371907025575638,0.48011574149131775,0.4948459267616272,-0.03435884416103363,0.46684324741363525,0.4890817403793335,-0.03143729269504547,0.5067954063415527,0.6351832151412964,-0.03393561765551567,0.46587935090065,0.5212264060974121,-0.04100092127919197,0.4492725133895874,0.4902932047843933,-0.034190405160188675,0.4410537779331207,0.4837453365325928,-0.027199339121580124,0.46546387672424316,0.6597222089767456,-0.04145864397287369,0.43070051074028015,0.5505415201187134,-0.043249960988759995,0.42571115493774414,0.5227921009063721,-0.03006482683122158,0.4269360899925232,0.5148293972015381,-0.020233552902936935,0.43198344111442566,0.6866261959075928,-0.047400254756212234,0.41579556465148926,0.5965081453323364,-0.04495589807629585,0.42012423276901245,0.5676426291465759,-0.03109576180577278,0.4261949062347412,0.5527659058570862,-0.01980145089328289,0,0,0,0,0,0,0,0,0,0,0,0,0,0,0,0,0,0,0,0,0,0,0,0,0,0,0,0,0,0,0,0,0,0,0,0,0,0,0,0,0,0,0,0,0,0,0,0,0,0,0,0,0,0,0,0,0,0,0,0,0,0,0,eat
0.5240931510925293,0.790095329284668,1.7873668411994004e-07,0.55633544921875,0.7016010284423828,0.011661185882985592,0.5510048270225525,0.6201042532920837,0.005943396594375372,0.5176872611045837,0.5665761232376099,-0.0005270452820695937,0.48417866230010986,0.5404972434043884,-0.008348914794623852,0.5462274551391602,0.5972964763641357,-0.030493712052702904,0.49890249967575073,0.5020985007286072,-0.04046247899532318,0.47616520524024963,0.4743742346763611,-0.03960166126489639,0.4645487070083618,0.4678676724433899,-0.03584446758031845,0.5021568536758423,0.620202898979187,-0.040764644742012024,0.4571134150028229,0.5051798820495605,-0.04838085547089577,0.446534663438797,0.47571420669555664,-0.0404713936150074,0.4444297254085541,0.47080177068710327,-0.033085066825151443,0.46155110001564026,0.645086944103241,-0.047472015023231506,0.42497384548187256,0.5316064357757568,-0.05002981051802635,0.42400410771369934,0.5073282718658447,-0.03595658764243126,0.42803093791007996,0.5040536522865295,-0.025680890306830406,0.4297025799751282,0.6715174913406372,-0.052266765385866165,0.4150310456752777,0.5812480449676514,-0.05090350657701492,0.42015528678894043,0.5527774095535278,-0.03738901764154434,0.42508363723754883,0.5385359525680542,-0.02627393789589405,0,0,0,0,0,0,0,0,0,0,0,0,0,0,0,0,0,0,0,0,0,0,0,0,0,0,0,0,0,0,0,0,0,0,0,0,0,0,0,0,0,0,0,0,0,0,0,0,0,0,0,0,0,0,0,0,0,0,0,0,0,0,0,eat
0.5249170064926147,0.7901087403297424,1.6828386151246377e-07,0.556009829044342,0.7036762833595276,0.009964542463421822,0.5495836734771729,0.6230292320251465,0.006150885485112667,0.5136594176292419,0.5735633373260498,0.0011230946984142065,0.47929033637046814,0.5497733354568481,-0.005038881208747625,0.5438803434371948,0.5942056775093079,-0.018681203946471214,0.4999867081642151,0.5050716400146484,-0.027802102267742157,0.47854724526405334,0.4828968048095703,-0.02960125543177128,0.46983078122138977,0.4785173833370209,-0.028029294684529305,0.5001055002212524,0.6151386499404907,-0.02825726941227913,0.45911192893981934,0.506492018699646,-0.03495319187641144,0.44827038049697876,0.47624725103378296,-0.03069182299077511,0.44496950507164,0.4689279794692993,-0.02590915374457836,0.45971396565437317,0.6414890885353088,-0.035298481583595276,0.4248960316181183,0.5341014862060547,-0.038710471242666245,0.42527735233306885,0.5129531621932983,-0.028033582493662834,0.42993849515914917,0.5113089680671692,-0.019586706534028053,0.4278739392757416,0.6694334745407104,-0.040746841579675674,0.4130582809448242,0.5812929272651672,-0.04004181548953056,0.4209135174751282,0.5591983199119568,-0.0273264329880476,0.4291318356990814,0.5517438054084778,-0.01657295972108841,0,0,0,0,0,0,0,0,0,0,0,0,0,0,0,0,0,0,0,0,0,0,0,0,0,0,0,0,0,0,0,0,0,0,0,0,0,0,0,0,0,0,0,0,0,0,0,0,0,0,0,0,0,0,0,0,0,0,0,0,0,0,0,eat
0.5274869203567505,0.7783253192901611,1.3842948476394668e-07,0.5538631081581116,0.6932620406150818,0.011128442361950874,0.5479462742805481,0.6117416620254517,0.005991986952722073,0.5129472017288208,0.564483106136322,-0.000739998824428767,0.476595401763916,0.5462116599082947,-0.009442709386348724,0.5466256737709045,0.5801758766174316,-0.02225140668451786,0.49715372920036316,0.4910399317741394,-0.033833060413599014,0.469029039144516,0.4663669466972351,-0.03759650141000748,0.4524601697921753,0.4621691107749939,-0.037155456840991974,0.5036976337432861,0.6023299694061279,-0.0336148701608181,0.46084722876548767,0.4939192533493042,-0.04170433431863785,0.4469115138053894,0.46850937604904175,-0.03815191984176636,0.440475195646286,0.46668577194213867,-0.0338805615901947,0.4636380970478058,0.6297141909599304,-0.042194467037916183,0.42645126581192017,0.5192375183105469,-0.046137839555740356,0.42281457781791687,0.502686083316803,-0.03453750163316727,0.4249439835548401,0.505785346031189,-0.025546757504343987,0.42993372678756714,0.6590049862861633,-0.049158208072185516,0.4134862422943115,0.5677308440208435,-0.049224235117435455,0.416784405708313,0.5427697896957397,-0.03644338622689247,0.42085331678390503,0.5322396159172058,-0.02563423477113247,0,0,0,0,0,0,0,0,0,0,0,0,0,0,0,0,0,0,0,0,0,0,0,0,0,0,0,0,0,0,0,0,0,0,0,0,0,0,0,0,0,0,0,0,0,0,0,0,0,0,0,0,0,0,0,0,0,0,0,0,0,0,0,eat
0.5238932967185974,0.778188943862915,1.6564789007134095e-07,0.5534442067146301,0.6935458183288574,0.010163305327296257,0.5461841821670532,0.614256739616394,0.00553980004042387,0.5100759863853455,0.5696365833282471,-0.00027108093490824103,0.4745693504810333,0.5503724217414856,-0.007484066300094128,0.5409412384033203,0.5851709246635437,-0.02059493400156498,0.49627387523651123,0.49166232347488403,-0.030418463051319122,0.46934831142425537,0.461520791053772,-0.0322062149643898,0.4537361264228821,0.4502714276313782,-0.030649365857243538,0.49876952171325684,0.6037977337837219,-0.030322255566716194,0.4584927558898926,0.492997944355011,-0.03671002760529518,0.4451603293418884,0.4655529856681824,-0.030991369858384132,0.440353125333786,0.45764318108558655,-0.025127211585640907,0.45944496989250183,0.6275283694267273,-0.037496417760849,0.42350637912750244,0.517674446105957,-0.039763011038303375,0.42102885246276855,0.49884262681007385,-0.02714432217180729,0.424494206905365,0.49711358547210693,-0.017646102234721184,0.42709141969680786,0.6529957056045532,-0.04327592998743057,0.4108361601829529,0.5641646981239319,-0.0420694500207901,0.4149322509765625,0.5400734543800354,-0.029187146574258804,0.4199974536895752,0.5285479426383972,-0.0184229277074337,0,0,0,0,0,0,0,0,0,0,0,0,0,0,0,0,0,0,0,0,0,0,0,0,0,0,0,0,0,0,0,0,0,0,0,0,0,0,0,0,0,0,0,0,0,0,0,0,0,0,0,0,0,0,0,0,0,0,0,0,0,0,0,eat
0.5261678099632263,0.7773305177688599,1.459489595845298e-07,0.5518069863319397,0.6898605823516846,0.014119704253971577,0.5446165204048157,0.6123473644256592,0.010764770209789276,0.5102893114089966,0.568594217300415,0.004837907385081053,0.4741131365299225,0.5540832281112671,-0.0032143231946974993,0.543116569519043,0.5817241072654724,-0.014085558243095875,0.495859831571579,0.49558764696121216,-0.024574853479862213,0.4688733220100403,0.4714373052120209,-0.028695009648799896,0.4538090229034424,0.46564626693725586,-0.02863829769194126,0.49973592162132263,0.5997925996780396,-0.02653607726097107,0.4597497582435608,0.4927435517311096,-0.03375478461384773,0.44617602229118347,0.46374422311782837,-0.03080054558813572,0.4400014281272888,0.4552883505821228,-0.02672220952808857,0.45957115292549133,0.624718427658081,-0.03632161021232605,0.4249610900878906,0.5165268778800964,-0.039383430033922195,0.42209842801094055,0.49600929021835327,-0.02856658212840557,0.42509135603904724,0.49235910177230835,-0.020034069195389748,0.42678213119506836,0.6526257991790771,-0.04439366236329079,0.4106385111808777,0.5636757612228394,-0.04290597513318062,0.4139404892921448,0.5387098789215088,-0.029374847188591957,0.41813305020332336,0.5268679261207581,-0.018077485263347626,0,0,0,0,0,0,0,0,0,0,0,0,0,0,0,0,0,0,0,0,0,0,0,0,0,0,0,0,0,0,0,0,0,0,0,0,0,0,0,0,0,0,0,0,0,0,0,0,0,0,0,0,0,0,0,0,0,0,0,0,0,0,0,eat
0.5264154672622681,0.7769777178764343,1.407877334713703e-07,0.5517816543579102,0.690078854560852,0.013687883503735065,0.5447373390197754,0.6117889881134033,0.010232780128717422,0.5100629925727844,0.5677902102470398,0.004401034209877253,0.47390565276145935,0.5530181527137756,-0.0035046106204390526,0.5434513688087463,0.5806242823600769,-0.01499745063483715,0.49517977237701416,0.49492695927619934,-0.025606554001569748,0.4677630066871643,0.47223973274230957,-0.02966105379164219,0.45267152786254883,0.46749308705329895,-0.02956085279583931,0.5000532865524292,0.5990746021270752,-0.027279146015644073,0.4595281183719635,0.49186715483665466,-0.034478772431612015,0.4460480511188507,0.46317780017852783,-0.031295761466026306,0.440146267414093,0.4549599885940552,-0.027142899110913277,0.4600299596786499,0.6246094107627869,-0.03690105304121971,0.4249945878982544,0.5169013738632202,-0.03999003767967224,0.42211171984672546,0.49701327085494995,-0.02888370305299759,0.42516028881073,0.493808388710022,-0.020208589732646942,0.42729610204696655,0.6532147526741028,-0.044843148440122604,0.4101366102695465,0.5642470717430115,-0.04339788854122162,0.4127885103225708,0.5398377776145935,-0.029720354825258255,0.4163021445274353,0.5286688804626465,-0.018375219777226448,0,0,0,0,0,0,0,0,0,0,0,0,0,0,0,0,0,0,0,0,0,0,0,0,0,0,0,0,0,0,0,0,0,0,0,0,0,0,0,0,0,0,0,0,0,0,0,0,0,0,0,0,0,0,0,0,0,0,0,0,0,0,0,eat
0.5286579728126526,0.7799838781356812,1.3223544215179572e-07,0.5547526478767395,0.6932770013809204,0.013506329618394375,0.5485134124755859,0.6129871010780334,0.009929625317454338,0.5134168267250061,0.5672087669372559,0.004101468250155449,0.4769340455532074,0.5498366951942444,-0.004040679894387722,0.5454868078231812,0.5833664536476135,-0.01774345338344574,0.4961068034172058,0.4928504228591919,-0.028907552361488342,0.46815988421440125,0.46521708369255066,-0.03277849406003952,0.4518314599990845,0.4564833641052246,-0.03241685777902603,0.5030779242515564,0.6043164730072021,-0.030182912945747375,0.4598372280597687,0.49222615361213684,-0.03797215223312378,0.4467448890209198,0.4659729301929474,-0.034140583127737045,0.4416191577911377,0.46191442012786865,-0.029170077294111252,0.463627427816391,0.6310056447982788,-0.0397898331284523,0.42631760239601135,0.5183403491973877,-0.043659817427396774,0.42442771792411804,0.50083327293396,-0.0315471850335598,0.4284241497516632,0.5019809603691101,-0.021784745156764984,0.4306045174598694,0.6597136855125427,-0.04766722396016121,0.4127810597419739,0.5664401650428772,-0.0474124550819397,0.4173339605331421,0.5425964593887329,-0.033721327781677246,0.4230470061302185,0.5324795842170715,-0.022052351385354996,0,0,0,0,0,0,0,0,0,0,0,0,0,0,0,0,0,0,0,0,0,0,0,0,0,0,0,0,0,0,0,0,0,0,0,0,0,0,0,0,0,0,0,0,0,0,0,0,0,0,0,0,0,0,0,0,0,0,0,0,0,0,0,eat
0.5321171283721924,0.8063501715660095,-1.1197021976272481e-08,0.5629703998565674,0.718843936920166,0.012998170219361782,0.557991087436676,0.6380323171615601,0.010234558954834938,0.5226677060127258,0.5861479043960571,0.0056158252991735935,0.48918864130973816,0.5565459728240967,-0.0002409562875982374,0.5579027533531189,0.6075273752212524,-0.019776662811636925,0.50681471824646,0.5135571360588074,-0.030551528558135033,0.47978875041007996,0.4947550296783447,-0.03116760402917862,0.4673789441585541,0.4961220920085907,-0.02797633223235607,0.5145034193992615,0.6266428828239441,-0.031608693301677704,0.4689648151397705,0.5123153924942017,-0.04068514332175255,0.44937664270401,0.4907589554786682,-0.03631449490785599,0.44050806760787964,0.49356865882873535,-0.030238596722483635,0.4739455282688141,0.6514477133750916,-0.04078727588057518,0.4340522885322571,0.5394302010536194,-0.045463696122169495,0.421342670917511,0.5152917504310608,-0.03559809550642967,0.41776907444000244,0.511707067489624,-0.027128081768751144,0.4401228725910187,0.6786174774169922,-0.04803289473056793,0.41869980096817017,0.5845096707344055,-0.04977494850754738,0.41346651315689087,0.5495036840438843,-0.0402718260884285,0.4117392301559448,0.5302394032478333,-0.031355299055576324,0,0,0,0,0,0,0,0,0,0,0,0,0,0,0,0,0,0,0,0,0,0,0,0,0,0,0,0,0,0,0,0,0,0,0,0,0,0,0,0,0,0,0,0,0,0,0,0,0,0,0,0,0,0,0,0,0,0,0,0,0,0,0,eat
0.5381692051887512,0.8241019248962402,3.1883509166164004e-08,0.5692024230957031,0.7332020998001099,0.013779929839074612,0.5639116168022156,0.6523481011390686,0.008709429763257504,0.5298905372619629,0.5998005270957947,0.001521604834124446,0.49569517374038696,0.5707623362541199,-0.007459628861397505,0.5640574097633362,0.6258622407913208,-0.02461297996342182,0.5110630989074707,0.530757486820221,-0.0371936596930027,0.4852335453033447,0.510021984577179,-0.03856656327843666,0.47390273213386536,0.509737491607666,-0.0354849137365818,0.521435558795929,0.6493717432022095,-0.0377642959356308,0.4747403562068939,0.5340762138366699,-0.04790676385164261,0.456447035074234,0.506152868270874,-0.042894281446933746,0.44863587617874146,0.5021616816520691,-0.03658784553408623,0.4802696108818054,0.6760425567626953,-0.047993987798690796,0.44144800305366516,0.5627952814102173,-0.05274950712919235,0.42960140109062195,0.5296719074249268,-0.041477713733911514,0.42673808336257935,0.5161827206611633,-0.032316386699676514,0.44513359665870667,0.7046949863433838,-0.056188713759183884,0.42170795798301697,0.6093999147415161,-0.05611569434404373,0.41868048906326294,0.5719847679138184,-0.04370749741792679,0.42000094056129456,0.5490128993988037,-0.03310349956154823,0,0,0,0,0,0,0,0,0,0,0,0,0,0,0,0,0,0,0,0,0,0,0,0,0,0,0,0,0,0,0,0,0,0,0,0,0,0,0,0,0,0,0,0,0,0,0,0,0,0,0,0,0,0,0,0,0,0,0,0,0,0,0,eat
0.5347744226455688,0.8192148208618164,1.0221334179050245e-07,0.5676710605621338,0.7334288358688354,0.012326900847256184,0.5635519027709961,0.6524853110313416,0.008206005208194256,0.5300191044807434,0.5968033075332642,0.002826226409524679,0.4974893033504486,0.5652796030044556,-0.004252240527421236,0.560947835445404,0.6256943941116333,-0.024355072528123856,0.5120739340782166,0.5300142765045166,-0.03491448238492012,0.4856979548931122,0.5046020150184631,-0.0353238470852375,0.47264760732650757,0.5002940893173218,-0.03216680511832237,0.5185551047325134,0.6473676562309265,-0.035565100610256195,0.47552651166915894,0.5331838726997375,-0.044483836740255356,0.45547154545783997,0.4996168613433838,-0.03926074132323265,0.4444904923439026,0.49238061904907227,-0.033132195472717285,0.47755658626556396,0.673421323299408,-0.04379948973655701,0.4402296543121338,0.5633458495140076,-0.04800949618220329,0.4294251799583435,0.5286769866943359,-0.037652742117643356,0.42652183771133423,0.5152921080589294,-0.029348069801926613,0.4430273175239563,0.7019208073616028,-0.049994129687547684,0.4228111505508423,0.6092248558998108,-0.04979844018816948,0.42145460844039917,0.5753573775291443,-0.03808540478348732,0.4235096871852875,0.5559950470924377,-0.028094347566366196,0,0,0,0,0,0,0,0,0,0,0,0,0,0,0,0,0,0,0,0,0,0,0,0,0,0,0,0,0,0,0,0,0,0,0,0,0,0,0,0,0,0,0,0,0,0,0,0,0,0,0,0,0,0,0,0,0,0,0,0,0,0,0,eat
0.5392330884933472,0.8148582577705383,1.0650271065060224e-07,0.5689161419868469,0.7290183901786804,0.00915675237774849,0.5621107220649719,0.6458306908607483,0.0034145796671509743,0.527474045753479,0.5907412171363831,-0.0028765543829649687,0.4935958981513977,0.5611588358879089,-0.01082544308155775,0.5619290471076965,0.6261653304100037,-0.027601510286331177,0.5125077962875366,0.5304967761039734,-0.03981906920671463,0.4829416871070862,0.5006092190742493,-0.04228029027581215,0.46451857686042786,0.4899798631668091,-0.04063194617629051,0.519913375377655,0.6486768126487732,-0.037683017551898956,0.4760030508041382,0.533302903175354,-0.04749539494514465,0.4534907042980194,0.49788936972618103,-0.04354454204440117,0.43889763951301575,0.48845282196998596,-0.03854771703481674,0.47907570004463196,0.6735195517539978,-0.04486168548464775,0.4420086741447449,0.5620400905609131,-0.04947991296648979,0.4307972192764282,0.5302528142929077,-0.038872286677360535,0.42559170722961426,0.5197475552558899,-0.030445486307144165,0.44425198435783386,0.6999322175979614,-0.05040831118822098,0.4242309331893921,0.6065039038658142,-0.05045313015580177,0.4234815239906311,0.575721263885498,-0.03821859881281853,0.4243154227733612,0.5598893165588379,-0.027975836768746376,0,0,0,0,0,0,0,0,0,0,0,0,0,0,0,0,0,0,0,0,0,0,0,0,0,0,0,0,0,0,0,0,0,0,0,0,0,0,0,0,0,0,0,0,0,0,0,0,0,0,0,0,0,0,0,0,0,0,0,0,0,0,0,eat
0.5313557982444763,0.7977425456047058,8.720305544329676e-08,0.5615628361701965,0.7153058052062988,0.007164032198488712,0.5578761696815491,0.6316709518432617,0.0012733311159536242,0.5215222239494324,0.5774588584899902,-0.004318083170801401,0.48625698685646057,0.5545797944068909,-0.010911582037806511,0.553780734539032,0.6057894229888916,-0.02934957854449749,0.5010195970535278,0.5137227177619934,-0.042084574699401855,0.47216832637786865,0.48876863718032837,-0.04380326345562935,0.45673877000808716,0.48494869470596313,-0.04127015545964241,0.511012852191925,0.626746416091919,-0.037963882088661194,0.46138569712638855,0.5103873610496521,-0.04945182055234909,0.4451350271701813,0.49570131301879883,-0.04304995760321617,0.44123151898384094,0.5063843727111816,-0.0346563495695591,0.4716692268848419,0.6506393551826477,-0.043812647461891174,0.4318144917488098,0.5407921671867371,-0.04958904907107353,0.42225581407546997,0.5234763026237488,-0.035700250416994095,0.42232728004455566,0.5257580280303955,-0.023692872375249863,0.4383559226989746,0.6777455806732178,-0.04821307584643364,0.4180169701576233,0.5869677066802979,-0.04899846762418747,0.4164500832557678,0.5598494410514832,-0.03593679890036583,0.41842377185821533,0.54802405834198,-0.024103771895170212,0,0,0,0,0,0,0,0,0,0,0,0,0,0,0,0,0,0,0,0,0,0,0,0,0,0,0,0,0,0,0,0,0,0,0,0,0,0,0,0,0,0,0,0,0,0,0,0,0,0,0,0,0,0,0,0,0,0,0,0,0,0,0,eat
0.5286717414855957,0.7917163968086243,7.496834086850868e-08,0.5579432249069214,0.7052562832832336,0.01192741934210062,0.5518912076950073,0.6261063814163208,0.007759806700050831,0.5160006880760193,0.5795428156852722,0.0022161074448376894,0.4803638160228729,0.5607181191444397,-0.00489617558196187,0.5465613007545471,0.5993404388427734,-0.021401776000857353,0.49653568863868713,0.5041946172714233,-0.031624700874090195,0.468709260225296,0.47886788845062256,-0.03270519897341728,0.4533775746822357,0.47391650080680847,-0.030134517699480057,0.5056708455085754,0.6203294396400452,-0.032117810100317,0.46127644181251526,0.507206916809082,-0.03908069059252739,0.44269636273384094,0.48810771107673645,-0.0323360450565815,0.4352491497993469,0.4933724105358124,-0.02506401017308235,0.46722927689552307,0.6454328894615173,-0.04008455574512482,0.430828720331192,0.5377708077430725,-0.041832372546195984,0.41974419355392456,0.5183228850364685,-0.028809867799282074,0.41727349162101746,0.5182181000709534,-0.019009048119187355,0.4345410466194153,0.6723814606666565,-0.04644137620925903,0.415229856967926,0.5827900767326355,-0.044583629816770554,0.4132255017757416,0.5563985109329224,-0.03140909597277641,0.41392651200294495,0.5432244539260864,-0.020499002188444138,0,0,0,0,0,0,0,0,0,0,0,0,0,0,0,0,0,0,0,0,0,0,0,0,0,0,0,0,0,0,0,0,0,0,0,0,0,0,0,0,0,0,0,0,0,0,0,0,0,0,0,0,0,0,0,0,0,0,0,0,0,0,0,eat
0.5300931334495544,0.7910797595977783,3.2962681473236444e-08,0.5564982891082764,0.7042964696884155,0.013554575853049755,0.5510121583938599,0.6270968317985535,0.00989567581564188,0.5157704949378967,0.5819417238235474,0.004454830661416054,0.4796472191810608,0.5668516755104065,-0.002996576251462102,0.5483547449111938,0.5986496806144714,-0.02077535353600979,0.49810799956321716,0.5126864910125732,-0.03173396736383438,0.46947747468948364,0.49460798501968384,-0.03280133008956909,0.4560558497905731,0.4952412247657776,-0.030207809060811996,0.5062052011489868,0.6189137697219849,-0.033273063600063324,0.4622085392475128,0.5070645809173584,-0.04311048239469528,0.44285979866981506,0.4884597659111023,-0.037132516503334045,0.43516644835472107,0.4947969913482666,-0.02944391593337059,0.4674658179283142,0.6454976797103882,-0.04289156571030617,0.4303765594959259,0.5382060408592224,-0.04786888137459755,0.41792353987693787,0.5166689157485962,-0.03585067763924599,0.4147118031978607,0.5142583847045898,-0.02561688981950283,0.4354056119918823,0.6757814288139343,-0.05052902176976204,0.4131561517715454,0.585011899471283,-0.050539132207632065,0.4090033173561096,0.5567266345024109,-0.03752554580569267,0.40823894739151,0.5422669649124146,-0.02626570500433445,0,0,0,0,0,0,0,0,0,0,0,0,0,0,0,0,0,0,0,0,0,0,0,0,0,0,0,0,0,0,0,0,0,0,0,0,0,0,0,0,0,0,0,0,0,0,0,0,0,0,0,0,0,0,0,0,0,0,0,0,0,0,0,eat
0.5400367975234985,0.8064063787460327,-1.3077953830986644e-08,0.564521312713623,0.7173604965209961,0.01363227516412735,0.5574543476104736,0.6367272734642029,0.00915820337831974,0.5203089714050293,0.5886130928993225,0.0029582264833152294,0.48414501547813416,0.5663233399391174,-0.004814761225134134,0.5595322251319885,0.6080664396286011,-0.022605733945965767,0.5063451528549194,0.5174739360809326,-0.03496571257710457,0.4785867929458618,0.49592310190200806,-0.036231592297554016,0.4646526873111725,0.49347221851348877,-0.03341173008084297,0.5177195072174072,0.6310945749282837,-0.03569905459880829,0.46783262491226196,0.5175269842147827,-0.046631425619125366,0.4502534866333008,0.501412034034729,-0.04131370410323143,0.4437069892883301,0.5090611577033997,-0.03388230502605438,0.4785556197166443,0.6586952805519104,-0.04584803432226181,0.4357343018054962,0.5490953922271729,-0.05082838982343674,0.4228770434856415,0.527519941329956,-0.038280781358480453,0.4196312427520752,0.5250766277313232,-0.027596909552812576,0.4448135197162628,0.688971996307373,-0.054124489426612854,0.4170907735824585,0.5960091948509216,-0.055078551173210144,0.4097670614719391,0.5609742999076843,-0.04355376213788986,0.40717995166778564,0.5406235456466675,-0.03310171514749527,0,0,0,0,0,0,0,0,0,0,0,0,0,0,0,0,0,0,0,0,0,0,0,0,0,0,0,0,0,0,0,0,0,0,0,0,0,0,0,0,0,0,0,0,0,0,0,0,0,0,0,0,0,0,0,0,0,0,0,0,0,0,0,eat
0.5386457443237305,0.8108961582183838,5.6795112612917364e-08,0.5667773485183716,0.7231674790382385,0.01139943115413189,0.560801088809967,0.6411575078964233,0.0061164177022874355,0.5262865424156189,0.5853521227836609,-0.0006250865408219397,0.4910462200641632,0.556614100933075,-0.009382004849612713,0.5581092834472656,0.61228346824646,-0.02521348185837269,0.5040863156318665,0.5183863043785095,-0.03749535605311394,0.4755929708480835,0.4927760362625122,-0.03894585743546486,0.46134623885154724,0.48754483461380005,-0.03613265976309776,0.5172718167304993,0.636922299861908,-0.03667526692152023,0.46861928701400757,0.5243358016014099,-0.045013148337602615,0.4504812955856323,0.4986249804496765,-0.037852924317121506,0.4430306553840637,0.49580442905426025,-0.030294889584183693,0.4784771800041199,0.6655893921852112,-0.04553774744272232,0.43859562277793884,0.5546149015426636,-0.049342624843120575,0.42713722586631775,0.5257595181465149,-0.035834383219480515,0.4243718385696411,0.517181396484375,-0.02520121820271015,0.4450678527355194,0.696587085723877,-0.05276985466480255,0.4195501506328583,0.601482629776001,-0.05304594337940216,0.4153858423233032,0.5664998888969421,-0.04015421122312546,0.4149317741394043,0.5467461943626404,-0.029005898162722588,0,0,0,0,0,0,0,0,0,0,0,0,0,0,0,0,0,0,0,0,0,0,0,0,0,0,0,0,0,0,0,0,0,0,0,0,0,0,0,0,0,0,0,0,0,0,0,0,0,0,0,0,0,0,0,0,0,0,0,0,0,0,0,eat
0.5343835353851318,0.8003087639808655,8.239720017400032e-08,0.5645486116409302,0.7154110074043274,0.009925159625709057,0.5581333637237549,0.630630612373352,0.003890578169375658,0.5194951295852661,0.5751944184303284,-0.00259136944077909,0.48532941937446594,0.5435083508491516,-0.010548331774771214,0.5562877058982849,0.6093701124191284,-0.03115001507103443,0.4991495907306671,0.5101752877235413,-0.04454047977924347,0.47389405965805054,0.4817444384098053,-0.0458674319088459,0.4619508683681488,0.47701066732406616,-0.042509689927101135,0.514272928237915,0.6349132657051086,-0.04134262725710869,0.46196210384368896,0.5155925750732422,-0.052275847643613815,0.4499746859073639,0.49486202001571655,-0.044856470078229904,0.44890540838241577,0.5028049945831299,-0.03616390749812126,0.47493571043014526,0.6618326306343079,-0.048434074968099594,0.4323008954524994,0.5461803078651428,-0.053543753921985626,0.4259306788444519,0.5241576433181763,-0.038360096514225006,0.42798715829849243,0.525757372379303,-0.025752384215593338,0.440874844789505,0.6898256540298462,-0.05379530042409897,0.4148506820201874,0.5925840139389038,-0.053933896124362946,0.4152108132839203,0.5637381672859192,-0.039499033242464066,0.41898590326309204,0.5521131157875061,-0.026842456310987473,0,0,0,0,0,0,0,0,0,0,0,0,0,0,0,0,0,0,0,0,0,0,0,0,0,0,0,0,0,0,0,0,0,0,0,0,0,0,0,0,0,0,0,0,0,0,0,0,0,0,0,0,0,0,0,0,0,0,0,0,0,0,0,eat
0.5333672761917114,0.7907239198684692,4.3176253683441246e-08,0.560024619102478,0.7028736472129822,0.010057219304144382,0.5535929799079895,0.6235569715499878,0.004169446416199207,0.5159804821014404,0.5757434964179993,-0.0029770690016448498,0.48050612211227417,0.5540162920951843,-0.01209280639886856,0.5529626607894897,0.5985460877418518,-0.025110481306910515,0.49971818923950195,0.5085654854774475,-0.04133773222565651,0.46914172172546387,0.48294341564178467,-0.047272492200136185,0.4520232379436493,0.4782142639160156,-0.04735902324318886,0.5122125744819641,0.6205863356590271,-0.03688729181885719,0.4627286195755005,0.5047659873962402,-0.05184007063508034,0.44259965419769287,0.4866504371166229,-0.04943298548460007,0.4352368414402008,0.49721747636795044,-0.04318556562066078,0.47400927543640137,0.6470519304275513,-0.04602963104844093,0.43104830384254456,0.536981999874115,-0.054898519068956375,0.41926097869873047,0.5175918936729431,-0.043634314090013504,0.41888225078582764,0.5204485058784485,-0.03253070265054703,0.4413524568080902,0.6766780614852905,-0.05348706617951393,0.4150891602039337,0.5830300450325012,-0.05597097426652908,0.4103827476501465,0.555750846862793,-0.04325826093554497,0.4111100137233734,0.544546365737915,-0.03129281848669052,0,0,0,0,0,0,0,0,0,0,0,0,0,0,0,0,0,0,0,0,0,0,0,0,0,0,0,0,0,0,0,0,0,0,0,0,0,0,0,0,0,0,0,0,0,0,0,0,0,0,0,0,0,0,0,0,0,0,0,0,0,0,0,eat
0.5341401100158691,0.7918909192085266,-1.69727698562383e-08,0.5599367022514343,0.7056513428688049,0.01080472394824028,0.5532046556472778,0.6250818371772766,0.00589712942019105,0.5162787437438965,0.5772216320037842,-0.0004918259801343083,0.48038995265960693,0.556267261505127,-0.008409565314650536,0.553010880947113,0.5996651649475098,-0.024111732840538025,0.501076877117157,0.5069068074226379,-0.040104012936353683,0.4700775146484375,0.4862503409385681,-0.04451356083154678,0.4548583924770355,0.48652830719947815,-0.043341755867004395,0.5125960111618042,0.6216782927513123,-0.036140479147434235,0.46407440304756165,0.5026031136512756,-0.050807561725378036,0.44380319118499756,0.4921775162220001,-0.04671766236424446,0.4373410940170288,0.5080118775367737,-0.03926052153110504,0.47453179955482483,0.6486625075340271,-0.045610461384058,0.43173569440841675,0.5371125936508179,-0.05447562038898468,0.42054855823516846,0.5272172689437866,-0.04160219058394432,0.42103567719459534,0.5367860794067383,-0.029417309910058975,0.4418877065181732,0.6782240271568298,-0.05342243239283562,0.41569003462791443,0.5828136205673218,-0.05667963624000549,0.4102286696434021,0.558044970035553,-0.044417575001716614,0.4103131890296936,0.5493980050086975,-0.03280455619096756,0,0,0,0,0,0,0,0,0,0,0,0,0,0,0,0,0,0,0,0,0,0,0,0,0,0,0,0,0,0,0,0,0,0,0,0,0,0,0,0,0,0,0,0,0,0,0,0,0,0,0,0,0,0,0,0,0,0,0,0,0,0,0,eat
0.5416970252990723,0.8070359826087952,4.012486787274838e-09,0.5674649477005005,0.7149478793144226,0.013272680342197418,0.5607030987739563,0.6358694434165955,0.008425074629485607,0.5252193212509155,0.5884632468223572,0.0017503764247521758,0.4885634183883667,0.5670520067214966,-0.006881189998239279,0.5647662281990051,0.6079710721969604,-0.022508427500724792,0.5114848017692566,0.5175208449363708,-0.03515074774622917,0.4822121858596802,0.49507781863212585,-0.03763595223426819,0.46700504422187805,0.49073609709739685,-0.03580141067504883,0.5222979187965393,0.6315698027610779,-0.03551071882247925,0.4732331931591034,0.5187919735908508,-0.045599911361932755,0.45398396253585815,0.49999064207077026,-0.04138858616352081,0.44621753692626953,0.5032863020896912,-0.035393983125686646,0.4820340573787689,0.659502387046814,-0.04568666219711304,0.4411347508430481,0.5507287979125977,-0.050606224685907364,0.42716503143310547,0.525924026966095,-0.03997546434402466,0.4227995276451111,0.518739640712738,-0.03111286833882332,0.4478239417076111,0.688457727432251,-0.05396966263651848,0.42416107654571533,0.598311185836792,-0.054981522262096405,0.4183022081851959,0.5631266236305237,-0.044210005551576614,0.4164890646934509,0.540692150592804,-0.03468462452292442,0,0,0,0,0,0,0,0,0,0,0,0,0,0,0,0,0,0,0,0,0,0,0,0,0,0,0,0,0,0,0,0,0,0,0,0,0,0,0,0,0,0,0,0,0,0,0,0,0,0,0,0,0,0,0,0,0,0,0,0,0,0,0,eat
0.5323660969734192,0.8080587983131409,1.522879387039211e-07,0.5663459300994873,0.7234330177307129,0.003725920571014285,0.5623451471328735,0.6353086233139038,-0.00349635467864573,0.5241514444351196,0.576376736164093,-0.010050601325929165,0.4869174659252167,0.5481421947479248,-0.01745171658694744,0.5518501400947571,0.6142486333847046,-0.030943697318434715,0.5042473077774048,0.5167189240455627,-0.044322073459625244,0.479766845703125,0.48518699407577515,-0.0471150241792202,0.46719321608543396,0.4770061671733856,-0.045331478118896484,0.5073100328445435,0.6366195678710938,-0.03736208379268646,0.463003009557724,0.5240949392318726,-0.04675348848104477,0.4526885449886322,0.49743586778640747,-0.04043903574347496,0.4513006806373596,0.4977002441883087,-0.033652085810899734,0.46730393171310425,0.6610761880874634,-0.041473351418972015,0.43186312913894653,0.5539937019348145,-0.04487575963139534,0.43085891008377075,0.5289110541343689,-0.0309892687946558,0.4355623722076416,0.5262854099273682,-0.020500056445598602,0.43524911999702454,0.6861960887908936,-0.044713426381349564,0.4169939160346985,0.5990201234817505,-0.043914858251810074,0.42276531457901,0.5701570510864258,-0.030786864459514618,0.4296811521053314,0.5567470192909241,-0.01979532651603222,0,0,0,0,0,0,0,0,0,0,0,0,0,0,0,0,0,0,0,0,0,0,0,0,0,0,0,0,0,0,0,0,0,0,0,0,0,0,0,0,0,0,0,0,0,0,0,0,0,0,0,0,0,0,0,0,0,0,0,0,0,0,0,eat
0.5267606377601624,0.8052709698677063,1.4266694847719918e-07,0.5595737099647522,0.7207838892936707,0.008306424133479595,0.5534138083457947,0.6355715990066528,0.0028731608763337135,0.5164254903793335,0.5834476947784424,-0.0025281759444624186,0.4807489812374115,0.5599371790885925,-0.00865072663873434,0.5433295369148254,0.6131130456924438,-0.02789369970560074,0.4955586791038513,0.5144653916358948,-0.0394354946911335,0.4728045165538788,0.4861428141593933,-0.04012003168463707,0.4619174599647522,0.4811054468154907,-0.03668529540300369,0.5001078248023987,0.6350694298744202,-0.03573371469974518,0.4555700421333313,0.5206417441368103,-0.04366367310285568,0.44537439942359924,0.49688586592674255,-0.035783085972070694,0.444352924823761,0.4997715651988983,-0.02776479907333851,0.46107912063598633,0.6590895652770996,-0.04072791710495949,0.4256427586078644,0.5504851341247559,-0.042265962809324265,0.42434507608413696,0.5281277894973755,-0.02740246057510376,0.42902180552482605,0.527849555015564,-0.016377320513129234,0.4299691319465637,0.6843114495277405,-0.04433358833193779,0.41054779291152954,0.5956757664680481,-0.04111999273300171,0.4172135889530182,0.5708402395248413,-0.026183798909187317,0.42476075887680054,0.562469482421875,-0.014059304259717464,0,0,0,0,0,0,0,0,0,0,0,0,0,0,0,0,0,0,0,0,0,0,0,0,0,0,0,0,0,0,0,0,0,0,0,0,0,0,0,0,0,0,0,0,0,0,0,0,0,0,0,0,0,0,0,0,0,0,0,0,0,0,0,eat
0.5248912572860718,0.8012356758117676,1.0617978318805399e-07,0.5570014715194702,0.7185231447219849,0.007744540460407734,0.552358865737915,0.6341440081596375,0.0015757333021610975,0.5143611431121826,0.582158088684082,-0.004233124665915966,0.4775543510913849,0.559211015701294,-0.010841370560228825,0.5450977683067322,0.6146817803382874,-0.03151753917336464,0.49550187587738037,0.5141897201538086,-0.044825293123722076,0.47129470109939575,0.489706814289093,-0.04620729386806488,0.46065595746040344,0.4874318242073059,-0.04315096512436867,0.5007626414299011,0.6363545060157776,-0.039805881679058075,0.4542268216609955,0.514676570892334,-0.05119851604104042,0.44436293840408325,0.49701133370399475,-0.04373437538743019,0.44377654790878296,0.5047923922538757,-0.03491900861263275,0.46088504791259766,0.6602082848548889,-0.04505489021539688,0.4241305887699127,0.545207142829895,-0.050504133105278015,0.42272448539733887,0.5274757742881775,-0.03502868115901947,0.42705100774765015,0.5293038487434387,-0.022311747074127197,0.4292701184749603,0.6849433183670044,-0.048723023384809494,0.4111171364784241,0.5921244025230408,-0.04837396368384361,0.41749921441078186,0.5692645907402039,-0.033383049070835114,0.4241732656955719,0.5617283582687378,-0.020571621134877205,0,0,0,0,0,0,0,0,0,0,0,0,0,0,0,0,0,0,0,0,0,0,0,0,0,0,0,0,0,0,0,0,0,0,0,0,0,0,0,0,0,0,0,0,0,0,0,0,0,0,0,0,0,0,0,0,0,0,0,0,0,0,0,eat
0.5150447487831116,0.7959581613540649,1.3818102218010608e-07,0.5434604287147522,0.7072348594665527,0.01019887812435627,0.534763753414154,0.6246756911277771,0.005566625855863094,0.49462735652923584,0.5800739526748657,0.0006573676946572959,0.4589943587779999,0.5603585839271545,-0.005195123143494129,0.5295819640159607,0.6004632711410522,-0.02426213026046753,0.484546035528183,0.5012126564979553,-0.03476489707827568,0.4587388038635254,0.4732125699520111,-0.035608384758234024,0.44318127632141113,0.46707987785339355,-0.03251829743385315,0.48717960715293884,0.6223635077476501,-0.03295883536338806,0.4448836147785187,0.5081915855407715,-0.04054069519042969,0.43310439586639404,0.4915817975997925,-0.033391959965229034,0.4304729998111725,0.498080849647522,-0.025451764464378357,0.44968393445014954,0.6473763585090637,-0.038672126829624176,0.4161542057991028,0.5367476344108582,-0.039851076900959015,0.4116915762424469,0.5183222889900208,-0.025122977793216705,0.4133916199207306,0.5186889171600342,-0.01385283563286066,0.4202606678009033,0.6744192838668823,-0.04278215393424034,0.40316224098205566,0.5841038823127747,-0.03913922980427742,0.40710699558258057,0.5598007440567017,-0.02381991595029831,0.41224122047424316,0.5501603484153748,-0.011121610179543495,0,0,0,0,0,0,0,0,0,0,0,0,0,0,0,0,0,0,0,0,0,0,0,0,0,0,0,0,0,0,0,0,0,0,0,0,0,0,0,0,0,0,0,0,0,0,0,0,0,0,0,0,0,0,0,0,0,0,0,0,0,0,0,eat
0.5135977864265442,0.8078832030296326,1.6186746165658406e-08,0.5457913279533386,0.7215095162391663,0.007159894797950983,0.539032518863678,0.6348873376846313,0.0016796403797343373,0.5016201734542847,0.5817780494689941,-0.003761343425139785,0.46510717272758484,0.5579991340637207,-0.009916974231600761,0.5323899388313293,0.616111159324646,-0.030603904277086258,0.4872359335422516,0.5171462297439575,-0.04078240320086479,0.46831363439559937,0.4995727241039276,-0.03980176895856857,0.46124690771102905,0.5023885369300842,-0.035981375724077225,0.4888570308685303,0.6375989317893982,-0.03914729505777359,0.4457649290561676,0.5146740674972534,-0.04617736116051674,0.4445464313030243,0.5124850273132324,-0.03743574768304825,0.448952317237854,0.5316822528839111,-0.02945786900818348,0.4495149254798889,0.6619811058044434,-0.04448993504047394,0.4140911102294922,0.543821394443512,-0.04697531834244728,0.42509782314300537,0.5494320392608643,-0.030548615381121635,0.4355154037475586,0.5713691115379333,-0.01905965805053711,0.4176766872406006,0.6867348551750183,-0.04851198196411133,0.400747150182724,0.5914823412895203,-0.04791298508644104,0.4155436158180237,0.5876566767692566,-0.0327230840921402,0.42544791102409363,0.5998615622520447,-0.020940767601132393,0,0,0,0,0,0,0,0,0,0,0,0,0,0,0,0,0,0,0,0,0,0,0,0,0,0,0,0,0,0,0,0,0,0,0,0,0,0,0,0,0,0,0,0,0,0,0,0,0,0,0,0,0,0,0,0,0,0,0,0,0,0,0,eat
0.5172638893127441,0.8153566122055054,-2.5931999658723726e-08,0.5504762530326843,0.7297408580780029,0.007305813021957874,0.5480331778526306,0.63995361328125,0.0008935070363804698,0.5127315521240234,0.582390308380127,-0.005938760470598936,0.47629138827323914,0.5601490139961243,-0.012894480489194393,0.5332719683647156,0.6238936185836792,-0.03307173401117325,0.4880014657974243,0.5191665887832642,-0.048353273421525955,0.48308247327804565,0.5197766423225403,-0.05140400305390358,0.489154189825058,0.5396619439125061,-0.04938405007123947,0.4890246093273163,0.6464276909828186,-0.04252089932560921,0.44645994901657104,0.5170064568519592,-0.053715433925390244,0.45300692319869995,0.5181260704994202,-0.04852098599076271,0.4621584713459015,0.5447747111320496,-0.04258452355861664,0.4501257538795471,0.6717641353607178,-0.04880162328481674,0.4163517951965332,0.5496931076049805,-0.05414978787302971,0.43103647232055664,0.5549315214157104,-0.04017218202352524,0.44390806555747986,0.5805234909057617,-0.02957354299724102,0.4196600317955017,0.6971994042396545,-0.05362406000494957,0.40367311239242554,0.6020894050598145,-0.053489163517951965,0.4196244776248932,0.5964914560317993,-0.03927025943994522,0.4300987720489502,0.6105526685714722,-0.02809787169098854,0,0,0,0,0,0,0,0,0,0,0,0,0,0,0,0,0,0,0,0,0,0,0,0,0,0,0,0,0,0,0,0,0,0,0,0,0,0,0,0,0,0,0,0,0,0,0,0,0,0,0,0,0,0,0,0,0,0,0,0,0,0,0,eat
0.5170906186103821,0.8173579573631287,-3.214058352796201e-08,0.5512450337409973,0.730559766292572,0.006274554878473282,0.5488412380218506,0.6392158269882202,0.0009113639825955033,0.5136780738830566,0.5793388485908508,-0.004637398757040501,0.47928452491760254,0.5515931844711304,-0.009658824652433395,0.5297298431396484,0.6248188018798828,-0.031495798379182816,0.4861309230327606,0.5165186524391174,-0.04604030027985573,0.4834829866886139,0.5176506638526917,-0.047993022948503494,0.49032464623451233,0.5381386280059814,-0.04517551511526108,0.48570457100868225,0.645220160484314,-0.039678383618593216,0.44512075185775757,0.5146578550338745,-0.050893671810626984,0.45508331060409546,0.5198782682418823,-0.04462526738643646,0.4663793444633484,0.5501772165298462,-0.037556543946266174,0.4478490948677063,0.668684720993042,-0.04491410776972771,0.41562002897262573,0.5474963784217834,-0.04958226904273033,0.4320956766605377,0.5549695491790771,-0.03431595489382744,0.44539642333984375,0.5818092823028564,-0.022860217839479446,0.41853639483451843,0.6929321885108948,-0.04890885576605797,0.40272554755210876,0.5976812839508057,-0.047638747841119766,0.4186740815639496,0.594348132610321,-0.032580409198999405,0.42870935797691345,0.6105694770812988,-0.020865770056843758,0,0,0,0,0,0,0,0,0,0,0,0,0,0,0,0,0,0,0,0,0,0,0,0,0,0,0,0,0,0,0,0,0,0,0,0,0,0,0,0,0,0,0,0,0,0,0,0,0,0,0,0,0,0,0,0,0,0,0,0,0,0,0,eat
0.5241155624389648,0.8224141001701355,4.884116577841269e-08,0.558675229549408,0.7339895367622375,0.007785036228597164,0.5582078695297241,0.6391003727912903,0.002658551326021552,0.5297940373420715,0.5702168941497803,-0.0021276974584907293,0.4939758777618408,0.5410111546516418,-0.007135473191738129,0.5461788177490234,0.6221184730529785,-0.03149279206991196,0.5015994906425476,0.5136709809303284,-0.04340663179755211,0.49290549755096436,0.5039156675338745,-0.04404695704579353,0.49664315581321716,0.5125638246536255,-0.040587764233350754,0.501697301864624,0.6447422504425049,-0.03973899409174919,0.4596492350101471,0.5181227326393127,-0.04748479649424553,0.45923346281051636,0.5006700754165649,-0.04066888988018036,0.4652445614337921,0.506517767906189,-0.03387939929962158,0.4616556167602539,0.6699778437614441,-0.044839560985565186,0.4293319582939148,0.5488592386245728,-0.0473877489566803,0.4355124235153198,0.527180016040802,-0.03487629070878029,0.4444974660873413,0.5252816677093506,-0.026011936366558075,0.4306758642196655,0.6947691440582275,-0.04841889813542366,0.4172917902469635,0.5986697673797607,-0.04687733203172684,0.42747920751571655,0.5726134181022644,-0.03382723405957222,0.43567925691604614,0.5637185573577881,-0.023651976138353348,0,0,0,0,0,0,0,0,0,0,0,0,0,0,0,0,0,0,0,0,0,0,0,0,0,0,0,0,0,0,0,0,0,0,0,0,0,0,0,0,0,0,0,0,0,0,0,0,0,0,0,0,0,0,0,0,0,0,0,0,0,0,0,eat
0.521652340888977,0.8253384828567505,1.5218834903407696e-07,0.5594893097877502,0.7392692565917969,0.0071825310587882996,0.5558955669403076,0.6472814679145813,0.001812667353078723,0.5212727189064026,0.5847834348678589,-0.0031986001413315535,0.4877959191799164,0.549267590045929,-0.008426055312156677,0.5450989603996277,0.6273097395896912,-0.0311862975358963,0.506241500377655,0.5166073441505432,-0.042406048625707626,0.4878978133201599,0.4871065020561218,-0.041496168822050095,0.4786751866340637,0.481101930141449,-0.037248142063617706,0.49889621138572693,0.6454396843910217,-0.03918161988258362,0.46281448006629944,0.5136130452156067,-0.04662255197763443,0.462627112865448,0.4963764548301697,-0.03663589060306549,0.4675337076187134,0.5025203824043274,-0.02722024731338024,0.4577518105506897,0.6676141023635864,-0.04417778179049492,0.4290332794189453,0.5450879335403442,-0.04565189778804779,0.44025346636772156,0.5326125621795654,-0.028240660205483437,0.4524323642253876,0.5387816429138184,-0.015905950218439102,0.4256781041622162,0.6910207867622375,-0.048041731119155884,0.41488879919052124,0.5947742462158203,-0.04589162766933441,0.43054136633872986,0.5777771472930908,-0.03013252466917038,0.44237950444221497,0.5776759386062622,-0.01759309321641922,0,0,0,0,0,0,0,0,0,0,0,0,0,0,0,0,0,0,0,0,0,0,0,0,0,0,0,0,0,0,0,0,0,0,0,0,0,0,0,0,0,0,0,0,0,0,0,0,0,0,0,0,0,0,0,0,0,0,0,0,0,0,0,eat
0.5219252705574036,0.8207513093948364,2.1688320472890155e-08,0.5627474188804626,0.7357584238052368,0.008501230739057064,0.5617188811302185,0.6455457806587219,0.005103474482893944,0.5310369729995728,0.5823133587837219,0.0017449393635615706,0.49650317430496216,0.5543648600578308,-0.0010026656091213226,0.5481609106063843,0.6199138760566711,-0.029412616044282913,0.5134341716766357,0.5044326782226562,-0.03993712738156319,0.5059058666229248,0.5056784152984619,-0.03835494816303253,0.5088638663291931,0.5264843106269836,-0.03346235305070877,0.5007509589195251,0.6330060958862305,-0.037207718938589096,0.46914222836494446,0.499570369720459,-0.043855953961610794,0.474877268075943,0.5046815872192383,-0.03478294610977173,0.4833737313747406,0.5305477380752563,-0.02649998478591442,0.4586021304130554,0.6527621746063232,-0.04156091436743736,0.43819648027420044,0.5326132774353027,-0.041813723742961884,0.45229682326316833,0.5426428914070129,-0.02525154873728752,0.46331870555877686,0.567687451839447,-0.014182866550981998,0.4259254038333893,0.6764844655990601,-0.044567354023456573,0.42218366265296936,0.5855211019515991,-0.04008309543132782,0.4380788207054138,0.5878358483314514,-0.02332185208797455,0.44712409377098083,0.6058250069618225,-0.010836131870746613,0,0,0,0,0,0,0,0,0,0,0,0,0,0,0,0,0,0,0,0,0,0,0,0,0,0,0,0,0,0,0,0,0,0,0,0,0,0,0,0,0,0,0,0,0,0,0,0,0,0,0,0,0,0,0,0,0,0,0,0,0,0,0,eat
0.524280309677124,0.8246458768844604,-1.1359664320309548e-08,0.5639863014221191,0.7360782027244568,0.011290566064417362,0.5642428398132324,0.6464096307754517,0.007963861338794231,0.5374855399131775,0.5805240869522095,0.0041156611405313015,0.5042554140090942,0.5497152805328369,0.0003419186978135258,0.5493989586830139,0.6201567053794861,-0.028916841372847557,0.51075679063797,0.5101450085639954,-0.0396154522895813,0.507128894329071,0.5091414451599121,-0.038471769541502,0.5117509365081787,0.5280061364173889,-0.03392729163169861,0.5031452775001526,0.6342005133628845,-0.03860243409872055,0.46881943941116333,0.500594437122345,-0.04570900648832321,0.4773169457912445,0.5023953914642334,-0.037134602665901184,0.48725730180740356,0.5278105139732361,-0.02909909188747406,0.4616676867008209,0.6556387543678284,-0.04443647712469101,0.43760672211647034,0.5367460250854492,-0.045291122049093246,0.4540127217769623,0.5426648259162903,-0.028891611844301224,0.4670473039150238,0.5646927952766418,-0.017831183969974518,0.42916253209114075,0.6812279224395752,-0.04862234741449356,0.4206666052341461,0.5894810557365417,-0.044922832399606705,0.43841752409935,0.5877406597137451,-0.027827192097902298,0.4494520127773285,0.602621853351593,-0.014907440170645714,0,0,0,0,0,0,0,0,0,0,0,0,0,0,0,0,0,0,0,0,0,0,0,0,0,0,0,0,0,0,0,0,0,0,0,0,0,0,0,0,0,0,0,0,0,0,0,0,0,0,0,0,0,0,0,0,0,0,0,0,0,0,0,eat
0.5287964344024658,0.8366902470588684,7.309461835802722e-08,0.5700966715812683,0.7490374445915222,0.013027415610849857,0.5713958144187927,0.6564515829086304,0.010812808759510517,0.5465624332427979,0.5865973234176636,0.007992333732545376,0.5172898173332214,0.5450094938278198,0.004476575646549463,0.5595049262046814,0.6258293986320496,-0.027242839336395264,0.5202025771141052,0.5154476165771484,-0.03482992202043533,0.5066165328025818,0.4918820858001709,-0.03210990130901337,0.5014973878860474,0.49028870463371277,-0.02688012272119522,0.5108460187911987,0.6406701803207397,-0.03732457011938095,0.4771360754966736,0.5063920617103577,-0.04168342426419258,0.4798169434070587,0.4916779398918152,-0.031372133642435074,0.4855189621448517,0.5036228895187378,-0.022249940782785416,0.4658985435962677,0.6622921228408813,-0.04345643147826195,0.4401338994503021,0.5349236130714417,-0.0421467050909996,0.452606201171875,0.5261690616607666,-0.025004452094435692,0.4644952416419983,0.5393851399421692,-0.013424580916762352,0.4299261271953583,0.6875096559524536,-0.04791826754808426,0.4196060001850128,0.5878694653511047,-0.04360361397266388,0.43505698442459106,0.5714462995529175,-0.027202462777495384,0.4467508792877197,0.5740765929222107,-0.014537250623106956,0,0,0,0,0,0,0,0,0,0,0,0,0,0,0,0,0,0,0,0,0,0,0,0,0,0,0,0,0,0,0,0,0,0,0,0,0,0,0,0,0,0,0,0,0,0,0,0,0,0,0,0,0,0,0,0,0,0,0,0,0,0,0,eat
0.5305600762367249,0.8312200307846069,9.241826859351931e-08,0.5717353820800781,0.7425353527069092,0.010567791759967804,0.5738959908485413,0.6479902267456055,0.005451319273561239,0.5491321682929993,0.5729190707206726,0.00016033099382184446,0.5210617184638977,0.5264359712600708,-0.005428893957287073,0.5607889294624329,0.6223821043968201,-0.03674234077334404,0.5206935405731201,0.5017231702804565,-0.04954931512475014,0.5096872448921204,0.4837949573993683,-0.047830790281295776,0.5086695551872253,0.49149996042251587,-0.042150598019361496,0.5113825798034668,0.6402623057365417,-0.04663149267435074,0.4752237796783447,0.4985462427139282,-0.05712132900953293,0.47847995162010193,0.48470765352249146,-0.04699822887778282,0.48496749997138977,0.49866944551467896,-0.037036072462797165,0.4660414159297943,0.6633161306381226,-0.05262225866317749,0.43711137771606445,0.5287377834320068,-0.05647280439734459,0.45030897855758667,0.5202202796936035,-0.038088466972112656,0.46300455927848816,0.5340378284454346,-0.02436910755932331,0.4295191168785095,0.690328061580658,-0.05685839429497719,0.41633665561676025,0.5855995416641235,-0.055230412632226944,0.4314444661140442,0.5676053166389465,-0.03813491389155388,0.44296789169311523,0.5693567395210266,-0.024261780083179474,0,0,0,0,0,0,0,0,0,0,0,0,0,0,0,0,0,0,0,0,0,0,0,0,0,0,0,0,0,0,0,0,0,0,0,0,0,0,0,0,0,0,0,0,0,0,0,0,0,0,0,0,0,0,0,0,0,0,0,0,0,0,0,eat
0.5301817059516907,0.8332735896110535,1.2150795214438403e-07,0.5730545520782471,0.7420299649238586,0.01297332439571619,0.5742446184158325,0.6482843160629272,0.009855488315224648,0.5492874979972839,0.5736928582191467,0.006245929282158613,0.5220761895179749,0.5249305963516235,0.0023249885998666286,0.5621482133865356,0.6183722019195557,-0.031206632032990456,0.5219544172286987,0.49861088395118713,-0.04011280834674835,0.5082909464836121,0.47924840450286865,-0.03637159243226051,0.5058503746986389,0.4833076596260071,-0.02986820414662361,0.5110370516777039,0.6358495950698853,-0.041344527155160904,0.4752839505672455,0.49616768956184387,-0.047919828444719315,0.4754934012889862,0.47628456354141235,-0.03694726154208183,0.480194628238678,0.48336005210876465,-0.0269443579018116,0.4639497995376587,0.6597468852996826,-0.04743628576397896,0.4341767430305481,0.5276417136192322,-0.047860048711299896,0.4474959373474121,0.516136884689331,-0.029397597536444664,0.4610354006290436,0.5262542963027954,-0.01637176238000393,0.42716071009635925,0.6871974468231201,-0.05163692310452461,0.413394033908844,0.5824302434921265,-0.047641657292842865,0.42865389585494995,0.5641955137252808,-0.029758211225271225,0.4412097632884979,0.5647686719894409,-0.01563200354576111,0,0,0,0,0,0,0,0,0,0,0,0,0,0,0,0,0,0,0,0,0,0,0,0,0,0,0,0,0,0,0,0,0,0,0,0,0,0,0,0,0,0,0,0,0,0,0,0,0,0,0,0,0,0,0,0,0,0,0,0,0,0,0,eat
0.5322324633598328,0.8116433024406433,1.2464852261473425e-07,0.5700715184211731,0.7197538018226624,0.0148343276232481,0.5730404257774353,0.6255939602851868,0.01266924012452364,0.5532476902008057,0.5571758151054382,0.009564572013914585,0.5284626483917236,0.5128636360168457,0.006096839439123869,0.5604621767997742,0.5910651087760925,-0.02889450453221798,0.5231886506080627,0.47325849533081055,-0.03902847692370415,0.4999545216560364,0.4471314549446106,-0.037105534225702286,0.487044095993042,0.44559574127197266,-0.031912799924612045,0.5101057291030884,0.6055890321731567,-0.04008912295103073,0.4786253571510315,0.46799013018608093,-0.0475226454436779,0.4737699329853058,0.4641859233379364,-0.03609864413738251,0.47623300552368164,0.4838981628417969,-0.02532082423567772,0.4616631865501404,0.6273185610771179,-0.04717128351330757,0.43883731961250305,0.49654459953308105,-0.04656088352203369,0.4449177086353302,0.5005048513412476,-0.025510717183351517,0.454315185546875,0.5220687389373779,-0.010742089711129665,0.42177700996398926,0.6558873057365417,-0.05255117267370224,0.4158002734184265,0.5563666224479675,-0.04650837928056717,0.4260514974594116,0.5494633913040161,-0.026842335239052773,0.4356982707977295,0.5597130656242371,-0.011366019025444984,0,0,0,0,0,0,0,0,0,0,0,0,0,0,0,0,0,0,0,0,0,0,0,0,0,0,0,0,0,0,0,0,0,0,0,0,0,0,0,0,0,0,0,0,0,0,0,0,0,0,0,0,0,0,0,0,0,0,0,0,0,0,0,eat
0.532010555267334,0.819176197052002,6.317193879112892e-08,0.572334885597229,0.7248422503471375,0.015368932858109474,0.5705572962760925,0.6303234100341797,0.014472924172878265,0.5396910905838013,0.5694122314453125,0.011420140974223614,0.5035518407821655,0.5403140783309937,0.007881789468228817,0.5610426664352417,0.5911151170730591,-0.016356240957975388,0.5227227807044983,0.4785652458667755,-0.025539206340909004,0.5020620226860046,0.456631600856781,-0.025475602596998215,0.49343228340148926,0.4596629738807678,-0.02186802215874195,0.5100246071815491,0.6026116609573364,-0.028392065316438675,0.4772157669067383,0.46986931562423706,-0.034036021679639816,0.4734964370727539,0.46808457374572754,-0.025256812572479248,0.4761655032634735,0.48789429664611816,-0.016247324645519257,0.4620906114578247,0.6244981288909912,-0.0371638648211956,0.4393300414085388,0.501761794090271,-0.03548205643892288,0.4466501474380493,0.5074254274368286,-0.017566876485943794,0.4563648998737335,0.5280221104621887,-0.005145665258169174,0.4226890802383423,0.6527884006500244,-0.04452407360076904,0.4183204472064972,0.560950756072998,-0.03762684389948845,0.4296649694442749,0.55712890625,-0.01932413876056671,0.43891844153404236,0.5677183270454407,-0.005268378183245659,0,0,0,0,0,0,0,0,0,0,0,0,0,0,0,0,0,0,0,0,0,0,0,0,0,0,0,0,0,0,0,0,0,0,0,0,0,0,0,0,0,0,0,0,0,0,0,0,0,0,0,0,0,0,0,0,0,0,0,0,0,0,0,eat
0.5333623886108398,0.822723388671875,5.468031005761986e-08,0.5744431018829346,0.7267013192176819,0.020512906834483147,0.5735906362533569,0.6334468126296997,0.021029870957136154,0.5444759726524353,0.567620575428009,0.01940126344561577,0.5108547210693359,0.5323924422264099,0.017120210453867912,0.5615444779396057,0.5956577658653259,-0.018867088481783867,0.5245671272277832,0.4794684648513794,-0.023044442757964134,0.5043999552726746,0.4551142454147339,-0.01660951040685177,0.4938506484031677,0.4566965103149414,-0.008863868191838264,0.5103632807731628,0.6077943444252014,-0.031829506158828735,0.4759676456451416,0.4705103635787964,-0.03303975984454155,0.47362715005874634,0.4672392010688782,-0.019157318398356438,0.4760092496871948,0.48510077595710754,-0.007343471981585026,0.4623897075653076,0.6301908493041992,-0.04021284729242325,0.4342213273048401,0.504418134689331,-0.034364648163318634,0.44508489966392517,0.5091450214385986,-0.012834712862968445,0.4558432996273041,0.5294650197029114,0.0008294029394164681,0.4229311943054199,0.6596935987472534,-0.046493880450725555,0.41205528378486633,0.5642474293708801,-0.03732642903923988,0.4263463020324707,0.5587438344955444,-0.016981802880764008,0.4375001788139343,0.5678966641426086,-0.0018952087266370654,0,0,0,0,0,0,0,0,0,0,0,0,0,0,0,0,0,0,0,0,0,0,0,0,0,0,0,0,0,0,0,0,0,0,0,0,0,0,0,0,0,0,0,0,0,0,0,0,0,0,0,0,0,0,0,0,0,0,0,0,0,0,0,eat
0.5352875590324402,0.8324564695358276,7.185759209882292e-10,0.5772626399993896,0.7377488017082214,0.017162976786494255,0.5777282118797302,0.6400158405303955,0.01729225367307663,0.5517263412475586,0.5698128938674927,0.015611987560987473,0.5210013389587402,0.5299525260925293,0.013719861395657063,0.565553605556488,0.5988873243331909,-0.020954038947820663,0.5244264602661133,0.4809791147708893,-0.02718479558825493,0.5080636739730835,0.4657464325428009,-0.023053761571645737,0.5040200352668762,0.47406503558158875,-0.016844946891069412,0.5139737129211426,0.6138752698898315,-0.03324822708964348,0.4767661690711975,0.4744076728820801,-0.037029702216386795,0.47550931572914124,0.4746449887752533,-0.025563368573784828,0.4790196120738983,0.49713608622550964,-0.015526585280895233,0.464834600687027,0.6382197141647339,-0.041362546384334564,0.43600964546203613,0.5074232220649719,-0.03887683153152466,0.44611939787864685,0.5174703598022461,-0.018943550065159798,0.4564897418022156,0.543127179145813,-0.005621662829071283,0.424165278673172,0.6680698990821838,-0.04755055159330368,0.41263025999069214,0.5653187036514282,-0.04074684530496597,0.4256783127784729,0.5657520294189453,-0.020756525918841362,0.4357510805130005,0.5835528373718262,-0.005629667546600103,0,0,0,0,0,0,0,0,0,0,0,0,0,0,0,0,0,0,0,0,0,0,0,0,0,0,0,0,0,0,0,0,0,0,0,0,0,0,0,0,0,0,0,0,0,0,0,0,0,0,0,0,0,0,0,0,0,0,0,0,0,0,0,eat
0.5345395803451538,0.8334916234016418,5.775839895250101e-08,0.5762985348701477,0.7373343110084534,0.01657937467098236,0.578528642654419,0.6386536955833435,0.015212575905025005,0.5594167113304138,0.5623451471328735,0.012161042541265488,0.5413494110107422,0.5141194462776184,0.008757740259170532,0.5621389746665955,0.6007753014564514,-0.024304380640387535,0.5234859585762024,0.48020562529563904,-0.03201720118522644,0.5054439306259155,0.4568944275379181,-0.028072601184248924,0.4972497820854187,0.4576231837272644,-0.021587597206234932,0.5119351148605347,0.6184206604957581,-0.0364924855530262,0.4740672707557678,0.4801310896873474,-0.041549041867256165,0.47172027826309204,0.46556663513183594,-0.029716648161411285,0.47487980127334595,0.47381478548049927,-0.019031642004847527,0.46475815773010254,0.6442761421203613,-0.04461393132805824,0.4320048391819,0.514311671257019,-0.0440874807536602,0.4426192045211792,0.5046260356903076,-0.024276217445731163,0.45450472831726074,0.5144599676132202,-0.01037904154509306,0.42534175515174866,0.6753767132759094,-0.050826605409383774,0.40895548462867737,0.5700268149375916,-0.046696923673152924,0.4216884672641754,0.5531890392303467,-0.027831310406327248,0.43302586674690247,0.5551932454109192,-0.012685348279774189,0,0,0,0,0,0,0,0,0,0,0,0,0,0,0,0,0,0,0,0,0,0,0,0,0,0,0,0,0,0,0,0,0,0,0,0,0,0,0,0,0,0,0,0,0,0,0,0,0,0,0,0,0,0,0,0,0,0,0,0,0,0,0,eat
0.5352734923362732,0.8314818143844604,9.646222309811492e-08,0.5760212540626526,0.7344927787780762,0.015772899612784386,0.5752132534980774,0.6372764706611633,0.013610238209366798,0.5434991121292114,0.5681865215301514,0.010303763672709465,0.5098313093185425,0.5294214487075806,0.006661841180175543,0.5622169971466064,0.6006138920783997,-0.02660534903407097,0.526452362537384,0.4798969626426697,-0.035397984087467194,0.5077930688858032,0.4560312330722809,-0.031049273908138275,0.4993676245212555,0.4583081007003784,-0.02391376718878746,0.5108529925346375,0.616870105266571,-0.038494132459163666,0.4740733802318573,0.4796260893344879,-0.04450668767094612,0.4710046648979187,0.4620811343193054,-0.03228405863046646,0.47425010800361633,0.46808916330337524,-0.020924385637044907,0.46375662088394165,0.642720639705658,-0.04641171172261238,0.4323328733444214,0.5151987671852112,-0.04600571095943451,0.44114917516708374,0.49752283096313477,-0.026664232835173607,0.4526064991950989,0.4981432855129242,-0.013037843629717827,0.42573559284210205,0.6751415133476257,-0.05231563374400139,0.4094749689102173,0.5731146931648254,-0.046974342316389084,0.42136675119400024,0.5491837859153748,-0.028048595413565636,0.43301454186439514,0.542249858379364,-0.01307897549122572,0,0,0,0,0,0,0,0,0,0,0,0,0,0,0,0,0,0,0,0,0,0,0,0,0,0,0,0,0,0,0,0,0,0,0,0,0,0,0,0,0,0,0,0,0,0,0,0,0,0,0,0,0,0,0,0,0,0,0,0,0,0,0,eat
0.5349215865135193,0.8112524747848511,3.132115722337403e-08,0.5760977864265442,0.7154766917228699,0.015538888052105904,0.5763266682624817,0.6214758157730103,0.01370498538017273,0.550340473651886,0.5543218851089478,0.011036902666091919,0.5222247838973999,0.5144795775413513,0.008386748842895031,0.5624882578849792,0.589501678943634,-0.030313575640320778,0.5267583727836609,0.46371322870254517,-0.03961973264813423,0.5070151090621948,0.44607871770858765,-0.035547129809856415,0.49746987223625183,0.4549969434738159,-0.02894464135169983,0.509614884853363,0.6009770631790161,-0.04099918156862259,0.47582149505615234,0.45820164680480957,-0.04709795489907265,0.47800615429878235,0.4683119058609009,-0.03446697071194649,0.48477840423583984,0.4992492198944092,-0.023437941446900368,0.4614558517932892,0.6216060519218445,-0.04718121141195297,0.4363720118999481,0.48922014236450195,-0.04430396482348442,0.44989603757858276,0.5053658485412598,-0.023248357698321342,0.4617389738559723,0.5359671711921692,-0.009895658120512962,0.4237605631351471,0.6490139961242676,-0.051474232226610184,0.41625601053237915,0.5532662868499756,-0.043415751308202744,0.43065157532691956,0.5580263137817383,-0.0236827339977026,0.44068023562431335,0.5778626799583435,-0.00932368915528059,0,0,0,0,0,0,0,0,0,0,0,0,0,0,0,0,0,0,0,0,0,0,0,0,0,0,0,0,0,0,0,0,0,0,0,0,0,0,0,0,0,0,0,0,0,0,0,0,0,0,0,0,0,0,0,0,0,0,0,0,0,0,0,eat
0.5415546298027039,0.823840320110321,-1.3066546067364015e-08,0.583753764629364,0.7238376140594482,0.015154165215790272,0.5825944542884827,0.6215128898620605,0.01286341529339552,0.548147976398468,0.5528959035873413,0.009566655382514,0.5084977149963379,0.5221850872039795,0.005300347693264484,0.5709710121154785,0.5943516492843628,-0.02897627092897892,0.5261275768280029,0.47695547342300415,-0.03699123114347458,0.5106878876686096,0.45671576261520386,-0.03411436825990677,0.5046907663345337,0.4599924087524414,-0.029080748558044434,0.5175352692604065,0.6126729846000671,-0.04097108542919159,0.47852572798728943,0.4716435968875885,-0.04455430805683136,0.48212313652038574,0.4701715409755707,-0.03344946727156639,0.4874388873577118,0.49242156744003296,-0.024738090112805367,0.4687274396419525,0.6376972794532776,-0.048441268503665924,0.4391016662120819,0.5007584691047668,-0.04614470899105072,0.4538157284259796,0.5070986151695251,-0.02703057788312435,0.46613574028015137,0.5319715738296509,-0.01513943262398243,0.42928749322891235,0.6657760143280029,-0.05397063493728638,0.4167388379573822,0.5583622455596924,-0.0486937053501606,0.43295276165008545,0.5547493696212769,-0.03023882955312729,0.4438023567199707,0.5696700811386108,-0.016832690685987473,0,0,0,0,0,0,0,0,0,0,0,0,0,0,0,0,0,0,0,0,0,0,0,0,0,0,0,0,0,0,0,0,0,0,0,0,0,0,0,0,0,0,0,0,0,0,0,0,0,0,0,0,0,0,0,0,0,0,0,0,0,0,0,eat
0.5448461174964905,0.8282157778739929,8.552672881023682e-08,0.585693359375,0.7296169400215149,0.011564554646611214,0.5868550539016724,0.6265130043029785,0.007471270393580198,0.5577554702758789,0.5462597012519836,0.003170432522892952,0.5210166573524475,0.5041704177856445,-0.0017066808650270104,0.5715315341949463,0.5995779037475586,-0.02944125421345234,0.528671383857727,0.48004820942878723,-0.03907143697142601,0.5126402378082275,0.4545040428638458,-0.037243425846099854,0.5071567893028259,0.4539306163787842,-0.032116182148456573,0.5202775597572327,0.6190099120140076,-0.03932652994990349,0.48003965616226196,0.48018768429756165,-0.044257134199142456,0.4795219898223877,0.46218568086624146,-0.033185023814439774,0.4841381311416626,0.4704415202140808,-0.023427434265613556,0.4735383093357086,0.6451783180236816,-0.04556436091661453,0.4404027462005615,0.5143358707427979,-0.0453302226960659,0.45059502124786377,0.496960312128067,-0.027298128232359886,0.46223410964012146,0.5014883875846863,-0.015032066032290459,0.4360530376434326,0.6742477416992188,-0.05013703554868698,0.4197339415550232,0.5693968534469604,-0.04674035310745239,0.4332183301448822,0.5472383499145508,-0.029524918645620346,0.4448997974395752,0.544634997844696,-0.015996331349015236,0,0,0,0,0,0,0,0,0,0,0,0,0,0,0,0,0,0,0,0,0,0,0,0,0,0,0,0,0,0,0,0,0,0,0,0,0,0,0,0,0,0,0,0,0,0,0,0,0,0,0,0,0,0,0,0,0,0,0,0,0,0,0,eat
0.5460760593414307,0.8051120042800903,4.1225625579954794e-08,0.5841585397720337,0.711683452129364,0.015516798011958599,0.5847864151000977,0.6160241961479187,0.012328426353633404,0.5617803931236267,0.5454457402229309,0.008171994239091873,0.531364381313324,0.5061830878257751,0.003419376676902175,0.5702857375144958,0.5817183256149292,-0.03328915685415268,0.5280895829200745,0.45997780561447144,-0.044851917773485184,0.5062493085861206,0.4379529356956482,-0.0424291156232357,0.4956507980823517,0.4416477084159851,-0.03668610006570816,0.5200509428977966,0.5981158018112183,-0.04512133449316025,0.48057717084884644,0.45889732241630554,-0.05422695353627205,0.4795197546482086,0.4634287357330322,-0.041895292699337006,0.4856841564178467,0.49038851261138916,-0.030459653586149216,0.4731283187866211,0.6229233145713806,-0.0524844266474247,0.441858172416687,0.4943368434906006,-0.05208158493041992,0.4527212977409363,0.5046080350875854,-0.02968868799507618,0.46492069959640503,0.5303539633750916,-0.014580456539988518,0.43482089042663574,0.654350221157074,-0.05803117901086807,0.42079275846481323,0.5555306673049927,-0.05106828361749649,0.4336395859718323,0.5527856945991516,-0.030141660943627357,0.4444253444671631,0.565812885761261,-0.014431668445467949,0,0,0,0,0,0,0,0,0,0,0,0,0,0,0,0,0,0,0,0,0,0,0,0,0,0,0,0,0,0,0,0,0,0,0,0,0,0,0,0,0,0,0,0,0,0,0,0,0,0,0,0,0,0,0,0,0,0,0,0,0,0,0,eat
0.5452123284339905,0.8068192005157471,-2.3643046631605102e-08,0.5846737027168274,0.7127331495285034,0.01852870173752308,0.5832143425941467,0.6171267032623291,0.019016243517398834,0.5555872321128845,0.5498322248458862,0.017639663070440292,0.5239161252975464,0.5139054656028748,0.015700487419962883,0.5707881450653076,0.5799753069877625,-0.020751377567648888,0.5291726589202881,0.463606059551239,-0.028323905542492867,0.5057447552680969,0.4419899880886078,-0.024551913142204285,0.4937114119529724,0.44453638792037964,-0.018458472564816475,0.5219249129295349,0.5955678820610046,-0.033841442316770554,0.48174163699150085,0.45889824628829956,-0.04029986634850502,0.47743678092956543,0.4606951177120209,-0.029210593551397324,0.48024988174438477,0.4841212034225464,-0.01848517544567585,0.4758681058883667,0.6207848191261292,-0.04269663617014885,0.44325506687164307,0.49619391560554504,-0.041577935218811035,0.4519992768764496,0.5049000382423401,-0.021196575835347176,0.4624699354171753,0.5283935070037842,-0.0069704423658549786,0.43736547231674194,0.6523810029029846,-0.049541935324668884,0.4207935333251953,0.5534486174583435,-0.04293079301714897,0.4321250915527344,0.5506917238235474,-0.02294500730931759,0.4417042136192322,0.5637606978416443,-0.007654963061213493,0,0,0,0,0,0,0,0,0,0,0,0,0,0,0,0,0,0,0,0,0,0,0,0,0,0,0,0,0,0,0,0,0,0,0,0,0,0,0,0,0,0,0,0,0,0,0,0,0,0,0,0,0,0,0,0,0,0,0,0,0,0,0,eat
0.5478889346122742,0.8067779541015625,-2.6016126142280882e-08,0.5858792662620544,0.7100228071212769,0.02114098146557808,0.5851356983184814,0.6200687289237976,0.02163342386484146,0.5600640773773193,0.556342363357544,0.019297273829579353,0.5294862389564514,0.5210921764373779,0.01567269116640091,0.5733897089958191,0.5830592513084412,-0.020170772448182106,0.531042218208313,0.47058671712875366,-0.027977479621767998,0.5116742849349976,0.44856107234954834,-0.024987686425447464,0.5031031370162964,0.4482761025428772,-0.019640671089291573,0.5255642533302307,0.5999645590782166,-0.03526540473103523,0.4859742820262909,0.46361032128334045,-0.042258020490407944,0.48283571004867554,0.4625598192214966,-0.031313780695199966,0.4855315685272217,0.4828248620033264,-0.020625963807106018,0.4806666076183319,0.6258310079574585,-0.045863524079322815,0.45163148641586304,0.49817174673080444,-0.04543919488787651,0.4596821963787079,0.504172146320343,-0.024971339851617813,0.4687785804271698,0.5254521369934082,-0.010343813337385654,0.4435051679611206,0.6583862900733948,-0.0542546808719635,0.4287143349647522,0.5578300952911377,-0.04842749983072281,0.44048836827278137,0.5503032207489014,-0.028363537043333054,0.45012569427490234,0.560178279876709,-0.012738130055367947,0,0,0,0,0,0,0,0,0,0,0,0,0,0,0,0,0,0,0,0,0,0,0,0,0,0,0,0,0,0,0,0,0,0,0,0,0,0,0,0,0,0,0,0,0,0,0,0,0,0,0,0,0,0,0,0,0,0,0,0,0,0,0,eat
0.5470260381698608,0.8181936740875244,-4.6388272778585815e-08,0.5889405012130737,0.7224733233451843,0.011298825964331627,0.5869004130363464,0.6213122606277466,0.008382655680179596,0.5501409769058228,0.5530215501785278,0.004870040342211723,0.5119997262954712,0.5222433805465698,0.0009137983433902264,0.5695289969444275,0.5949087142944336,-0.03028041496872902,0.5319233536720276,0.4770851731300354,-0.04109795019030571,0.5210420489311218,0.4637327194213867,-0.039428744465112686,0.5167371034622192,0.4737151861190796,-0.03482600674033165,0.5191503763198853,0.6102433204650879,-0.04099545255303383,0.4848627746105194,0.4707091748714447,-0.04873302951455116,0.49007487297058105,0.47413331270217896,-0.03946197032928467,0.4950923025608063,0.5028588175773621,-0.030889470130205154,0.4747491180896759,0.6345170140266418,-0.047894738614559174,0.44504231214523315,0.50240159034729,-0.04874483868479729,0.46086549758911133,0.5117480158805847,-0.03142479062080383,0.47246357798576355,0.5402104258537292,-0.01967635191977024,0.4398455321788788,0.6631996631622314,-0.053110308945178986,0.4231188893318176,0.5591533780097961,-0.049468133598566055,0.43970122933387756,0.5575687885284424,-0.03256720304489136,0.4503803849220276,0.575961172580719,-0.01977292262017727,0,0,0,0,0,0,0,0,0,0,0,0,0,0,0,0,0,0,0,0,0,0,0,0,0,0,0,0,0,0,0,0,0,0,0,0,0,0,0,0,0,0,0,0,0,0,0,0,0,0,0,0,0,0,0,0,0,0,0,0,0,0,0,eat
0.5346072316169739,0.81730717420578,8.476878576857416e-08,0.5751546025276184,0.7185243368148804,0.0210722703486681,0.5721837282180786,0.6255171298980713,0.024501321837306023,0.5418575406074524,0.5655889511108398,0.026665210723876953,0.5115957260131836,0.5319199562072754,0.0291926059871912,0.5480343103408813,0.5940096974372864,-0.01692848466336727,0.5184156894683838,0.4793644845485687,-0.01849878765642643,0.5040953159332275,0.45920562744140625,-0.008045314811170101,0.495808482170105,0.46380096673965454,0.0028764482121914625,0.4997531473636627,0.6068146824836731,-0.02801130712032318,0.469041645526886,0.47268056869506836,-0.029462166130542755,0.46744275093078613,0.45825260877609253,-0.01405241433531046,0.4700884521007538,0.467986524105072,-0.000326319073792547,0.4586537182331085,0.6304855346679688,-0.03462423011660576,0.43271028995513916,0.5077817440032959,-0.02904605306684971,0.44310295581817627,0.49337929487228394,-0.008741079829633236,0.454376220703125,0.49708181619644165,0.005128784570842981,0.42865073680877686,0.6619234681129456,-0.03864607959985733,0.4149248003959656,0.5647029876708984,-0.02730950340628624,0.42869409918785095,0.5449527502059937,-0.006602852139621973,0.4406954050064087,0.5438835024833679,0.008994639851152897,0,0,0,0,0,0,0,0,0,0,0,0,0,0,0,0,0,0,0,0,0,0,0,0,0,0,0,0,0,0,0,0,0,0,0,0,0,0,0,0,0,0,0,0,0,0,0,0,0,0,0,0,0,0,0,0,0,0,0,0,0,0,0,eat
0.5377094149589539,0.8170738220214844,1.0365097580233851e-07,0.5775444507598877,0.7189768552780151,0.018846724182367325,0.574320912361145,0.6282047629356384,0.01959172636270523,0.5373517870903015,0.5693981647491455,0.019200226292014122,0.5024490356445312,0.5382527709007263,0.018651222810149193,0.5489699244499207,0.5932182669639587,-0.019811762496829033,0.5168426632881165,0.47933584451675415,-0.023628735914826393,0.5030616521835327,0.46054816246032715,-0.01644730009138584,0.4962269365787506,0.46680015325546265,-0.007850462570786476,0.4996298551559448,0.6088722944259644,-0.030974261462688446,0.46822768449783325,0.4769013524055481,-0.0317082479596138,0.4670795798301697,0.4567391276359558,-0.019056063145399094,0.4692271947860718,0.4610898494720459,-0.008323040790855885,0.4579572081565857,0.6349583864212036,-0.037826426327228546,0.43059808015823364,0.5126521587371826,-0.03242676705121994,0.4397457242012024,0.4908440411090851,-0.015186124481260777,0.44970136880874634,0.48829299211502075,-0.004391612019389868,0.4278530180454254,0.6662763953208923,-0.04224340245127678,0.41299694776535034,0.5701632499694824,-0.0328831784427166,0.4246443510055542,0.5439498424530029,-0.01483994908630848,0.4347596764564514,0.5346132516860962,-0.0014707654481753707,0,0,0,0,0,0,0,0,0,0,0,0,0,0,0,0,0,0,0,0,0,0,0,0,0,0,0,0,0,0,0,0,0,0,0,0,0,0,0,0,0,0,0,0,0,0,0,0,0,0,0,0,0,0,0,0,0,0,0,0,0,0,0,eat
0.5319570899009705,0.7971276044845581,-1.2450561692745055e-09,0.5701459646224976,0.700606107711792,0.01668161153793335,0.565035343170166,0.6131021976470947,0.01704409345984459,0.5330396890640259,0.5544407963752747,0.01604127325117588,0.5013755559921265,0.5267252922058105,0.0159834586083889,0.5382805466651917,0.5780311822891235,-0.021854380145668983,0.5091938972473145,0.4650343656539917,-0.026323355734348297,0.5063065886497498,0.463994562625885,-0.018977459520101547,0.507036566734314,0.48500269651412964,-0.010521088726818562,0.49196723103523254,0.5905755162239075,-0.03197771683335304,0.4662584662437439,0.4629780650138855,-0.03288544341921806,0.4756026864051819,0.466226190328598,-0.020788617432117462,0.48210227489471436,0.4899538457393646,-0.011328094638884068,0.4539121687412262,0.6131299138069153,-0.03765108436346054,0.4354667365550995,0.493683397769928,-0.032046638429164886,0.45350757241249084,0.4998556971549988,-0.013653305359184742,0.4642786681652069,0.5218967795372009,-0.0026707525830715895,0.4270802438259125,0.6423016786575317,-0.0411832369863987,0.4197733402252197,0.5479251742362976,-0.03115413524210453,0.4381216764450073,0.5434243083000183,-0.011933757923543453,0.4491276741027832,0.5570058822631836,0.0018102499889209867,0,0,0,0,0,0,0,0,0,0,0,0,0,0,0,0,0,0,0,0,0,0,0,0,0,0,0,0,0,0,0,0,0,0,0,0,0,0,0,0,0,0,0,0,0,0,0,0,0,0,0,0,0,0,0,0,0,0,0,0,0,0,0,eat
0.5251930356025696,0.8074073195457458,1.2306447416676747e-08,0.5654304027557373,0.7133423089981079,0.0163141880184412,0.5619637966156006,0.6222615242004395,0.01810801401734352,0.526935875415802,0.5626859068870544,0.018892230466008186,0.49299028515815735,0.5355256795883179,0.020616333931684494,0.532278835773468,0.5926928520202637,-0.018534818664193153,0.5054802298545837,0.4768430292606354,-0.022131366655230522,0.50007164478302,0.4711535573005676,-0.014866046607494354,0.4989369213581085,0.48504090309143066,-0.007025554310530424,0.4849678575992584,0.6038227081298828,-0.028545279055833817,0.46114981174468994,0.47003862261772156,-0.03045918606221676,0.4680525064468384,0.46612346172332764,-0.01918790675699711,0.4732530415058136,0.484017938375473,-0.009487179107964039,0.44632089138031006,0.6253019571304321,-0.0343707911670208,0.4292372465133667,0.5017798542976379,-0.030084356665611267,0.44583553075790405,0.49765637516975403,-0.013192648999392986,0.4560042917728424,0.5115283727645874,-0.0025088347028940916,0.41933339834213257,0.6519407033920288,-0.038003213703632355,0.41371381282806396,0.5561923980712891,-0.02916102670133114,0.4300217032432556,0.5424742102622986,-0.011758379638195038,0.4389413893222809,0.5465889573097229,0.0008332564029842615,0,0,0,0,0,0,0,0,0,0,0,0,0,0,0,0,0,0,0,0,0,0,0,0,0,0,0,0,0,0,0,0,0,0,0,0,0,0,0,0,0,0,0,0,0,0,0,0,0,0,0,0,0,0,0,0,0,0,0,0,0,0,0,eat
0.5223761796951294,0.8105586171150208,1.2529912218894879e-08,0.56312495470047,0.7165312767028809,0.015846149995923042,0.5614835023880005,0.6271073818206787,0.01741073653101921,0.5282059907913208,0.5681520700454712,0.018168143928050995,0.49554896354675293,0.5402340292930603,0.019735638052225113,0.5283252000808716,0.5948216915130615,-0.022275730967521667,0.5028696060180664,0.4748744070529938,-0.025630010291934013,0.5014680027961731,0.469800740480423,-0.017245929688215256,0.5013856291770935,0.48741209506988525,-0.008134187199175358,0.48080193996429443,0.6059163212776184,-0.031424250453710556,0.45840930938720703,0.47198182344436646,-0.030597854405641556,0.4687672257423401,0.46964144706726074,-0.018004732206463814,0.4741951823234558,0.49045529961586,-0.008416305296123028,0.4421164095401764,0.6276339888572693,-0.03608446940779686,0.4247279763221741,0.5031031370162964,-0.029437951743602753,0.443703293800354,0.5054439306259155,-0.011397493071854115,0.45350053906440735,0.5263398885726929,-0.0008113888907246292,0.4149978756904602,0.655566930770874,-0.03855210170149803,0.4063904881477356,0.5570363998413086,-0.02900451049208641,0.42446738481521606,0.549673855304718,-0.01029422227293253,0.4343370199203491,0.562781572341919,0.0032228061463683844,0,0,0,0,0,0,0,0,0,0,0,0,0,0,0,0,0,0,0,0,0,0,0,0,0,0,0,0,0,0,0,0,0,0,0,0,0,0,0,0,0,0,0,0,0,0,0,0,0,0,0,0,0,0,0,0,0,0,0,0,0,0,0,eat
0.5232993364334106,0.8155084848403931,-2.126905940258439e-08,0.5638892650604248,0.7210882902145386,0.01632758043706417,0.5626260638237,0.6304587721824646,0.018929826095700264,0.5268821716308594,0.5739418268203735,0.02046971581876278,0.4925072193145752,0.5488409996032715,0.022965461015701294,0.528580904006958,0.5958479642868042,-0.0184182096272707,0.5023437142372131,0.47778022289276123,-0.021021272987127304,0.5016183257102966,0.47771787643432617,-0.012825237587094307,0.5036867260932922,0.49854031205177307,-0.0040566022507846355,0.48125791549682617,0.606003999710083,-0.027582941576838493,0.4580640196800232,0.474704772233963,-0.026036420837044716,0.467589408159256,0.47319746017456055,-0.014299673028290272,0.47346627712249756,0.4948016405105591,-0.005368890706449747,0.4427553117275238,0.6273382306098938,-0.032414425164461136,0.42622971534729004,0.5059616565704346,-0.02523900754749775,0.4447823464870453,0.5080593228340149,-0.00849382858723402,0.45519086718559265,0.529460608959198,0.0011318911565467715,0.41552090644836426,0.6549135446548462,-0.03503110632300377,0.40631604194641113,0.5582460165023804,-0.025496814399957657,0.42376476526260376,0.5494952201843262,-0.00786486268043518,0.43441662192344666,0.5615156888961792,0.004871422424912453,0,0,0,0,0,0,0,0,0,0,0,0,0,0,0,0,0,0,0,0,0,0,0,0,0,0,0,0,0,0,0,0,0,0,0,0,0,0,0,0,0,0,0,0,0,0,0,0,0,0,0,0,0,0,0,0,0,0,0,0,0,0,0,eat
0.5081056952476501,0.801962673664093,7.943553015365978e-08,0.5445244312286377,0.7006669044494629,0.021853968501091003,0.5405703783035278,0.612644374370575,0.02583892270922661,0.5112965703010559,0.5580200552940369,0.027813244611024857,0.484134703874588,0.5316696166992188,0.030776072293519974,0.5070638656616211,0.5802009701728821,-0.013993400149047375,0.4851706027984619,0.46774929761886597,-0.01573002152144909,0.49164947867393494,0.4645248055458069,-0.006353328004479408,0.49858102202415466,0.48428428173065186,0.003831880632787943,0.4603722095489502,0.5919727683067322,-0.025177227333188057,0.44055286049842834,0.46638357639312744,-0.023165689781308174,0.4558849036693573,0.46051719784736633,-0.00964412558823824,0.4678241014480591,0.47736066579818726,0.0009255548357032239,0.42431673407554626,0.615074872970581,-0.03186529502272606,0.4089674949645996,0.4981328547000885,-0.023678459227085114,0.4309581518173218,0.49084633588790894,-0.005912158638238907,0.44627273082733154,0.5007066130638123,0.004622789565473795,0.4016025960445404,0.6444293856620789,-0.03592536970973015,0.3966474235057831,0.5494305491447449,-0.023138713091611862,0.4166051149368286,0.531691312789917,-0.0037160469219088554,0.4302147626876831,0.5335370898246765,0.01018969900906086,0,0,0,0,0,0,0,0,0,0,0,0,0,0,0,0,0,0,0,0,0,0,0,0,0,0,0,0,0,0,0,0,0,0,0,0,0,0,0,0,0,0,0,0,0,0,0,0,0,0,0,0,0,0,0,0,0,0,0,0,0,0,0,eat
0.5033727884292603,0.7993577718734741,-3.6687982429839394e-08,0.5401451587677002,0.7023348212242126,0.022676056250929832,0.5398728251457214,0.6152799725532532,0.028250141069293022,0.5115277171134949,0.5603880882263184,0.03175909444689751,0.4789735674858093,0.5376225709915161,0.036076512187719345,0.5070791244506836,0.5785182118415833,-0.008589492179453373,0.48262691497802734,0.4681616723537445,-0.006986584980040789,0.4824486970901489,0.47282394766807556,0.0033527875784784555,0.48557743430137634,0.49327272176742554,0.012983136810362339,0.46143338084220886,0.5875486135482788,-0.01957339607179165,0.44041404128074646,0.4636685848236084,-0.016605474054813385,0.4505364000797272,0.4648297429084778,-0.004213895183056593,0.45801615715026855,0.4853912591934204,0.005788897164165974,0.42509740591049194,0.6093956828117371,-0.025796307250857353,0.4089612066745758,0.49351388216018677,-0.01734965853393078,0.42802467942237854,0.49237897992134094,4.852070560446009e-05,0.4400061368942261,0.5080442428588867,0.010522064752876759,0.40055420994758606,0.6389225721359253,-0.029165392741560936,0.39104533195495605,0.5447456240653992,-0.017497295513749123,0.4068751335144043,0.5326963067054749,0.0015539807500317693,0.41802287101745605,0.5385253429412842,0.015419594943523407,0,0,0,0,0,0,0,0,0,0,0,0,0,0,0,0,0,0,0,0,0,0,0,0,0,0,0,0,0,0,0,0,0,0,0,0,0,0,0,0,0,0,0,0,0,0,0,0,0,0,0,0,0,0,0,0,0,0,0,0,0,0,0,eat
0.5063391923904419,0.800578773021698,4.034509260009145e-08,0.5437448024749756,0.7033233046531677,0.01757919229567051,0.5419978499412537,0.6171000003814697,0.02070574276149273,0.5071691274642944,0.5634339451789856,0.022812211886048317,0.47486770153045654,0.5402779579162598,0.025221940129995346,0.5060542225837708,0.5870333313941956,-0.016525976359844208,0.4796040952205658,0.47547072172164917,-0.01744210347533226,0.47909700870513916,0.4685777723789215,-0.008763548918068409,0.481300413608551,0.48168709874153137,1.7174328604596667e-05,0.4600236117839813,0.5975256562232971,-0.025690389797091484,0.43766364455223083,0.4715096950531006,-0.023056060075759888,0.4469894766807556,0.4625483453273773,-0.011846785433590412,0.4541108012199402,0.4758872389793396,-0.003355013905093074,0.4238896071910858,0.6196454763412476,-0.030373327434062958,0.40626755356788635,0.5066389441490173,-0.022101517766714096,0.42425575852394104,0.49874669313430786,-0.007409206125885248,0.437064528465271,0.5094836354255676,0.00048091114149428904,0.3994239866733551,0.6470777988433838,-0.03267525136470795,0.38785320520401,0.5575350522994995,-0.02231883443892002,0.4049842953681946,0.5415706634521484,-0.005937100853770971,0.41759639978408813,0.545009195804596,0.005703391972929239,0,0,0,0,0,0,0,0,0,0,0,0,0,0,0,0,0,0,0,0,0,0,0,0,0,0,0,0,0,0,0,0,0,0,0,0,0,0,0,0,0,0,0,0,0,0,0,0,0,0,0,0,0,0,0,0,0,0,0,0,0,0,0,eat
0.5047430396080017,0.800764799118042,1.4118396451934245e-09,0.5425944924354553,0.7050912380218506,0.017573170363903046,0.5390541553497314,0.618438184261322,0.02130654826760292,0.504594087600708,0.5660892724990845,0.02453797496855259,0.4722888171672821,0.5440980195999146,0.02902127243578434,0.5069743394851685,0.5901790261268616,-0.0195593424141407,0.4824160635471344,0.4757964611053467,-0.01838812045753002,0.4843624532222748,0.47903960943222046,-0.006471633445471525,0.4880189299583435,0.5005074739456177,0.004327008500695229,0.46024346351623535,0.5986889004707336,-0.028078515082597733,0.4369141757488251,0.4697335958480835,-0.024401916190981865,0.4475337266921997,0.4675988554954529,-0.010839750990271568,0.4548666775226593,0.48695310950279236,-0.0008190872613340616,0.42319756746292114,0.618901252746582,-0.03168339654803276,0.4058855175971985,0.5040591955184937,-0.02216193825006485,0.4255853295326233,0.5030152797698975,-0.005674343556165695,0.4381220042705536,0.5202144384384155,0.003152170218527317,0.39802655577659607,0.6451355218887329,-0.03288615494966507,0.3880082368850708,0.5560709834098816,-0.021710146218538284,0.4062213897705078,0.5451202392578125,-0.004780429415404797,0.4189503490924835,0.5540037751197815,0.007000959478318691,0,0,0,0,0,0,0,0,0,0,0,0,0,0,0,0,0,0,0,0,0,0,0,0,0,0,0,0,0,0,0,0,0,0,0,0,0,0,0,0,0,0,0,0,0,0,0,0,0,0,0,0,0,0,0,0,0,0,0,0,0,0,0,eat
0.5232422351837158,0.797831654548645,9.300853420768362e-09,0.5612322092056274,0.6971057653427124,0.014678861945867538,0.5590395331382751,0.6130276918411255,0.012662036344408989,0.528142511844635,0.5549720525741577,0.009147923439741135,0.49718987941741943,0.5252974629402161,0.006868160329759121,0.5366858243942261,0.5946041941642761,-0.028006043285131454,0.5065080523490906,0.4751124680042267,-0.0387168787419796,0.5054223537445068,0.47058677673339844,-0.03467263653874397,0.5103920698165894,0.4917512536048889,-0.027652224525809288,0.4899899661540985,0.6077321171760559,-0.038692113012075424,0.45867547392845154,0.47296392917633057,-0.045630086213350296,0.4690185785293579,0.46636655926704407,-0.035675082355737686,0.4790393114089966,0.4864342510700226,-0.026674993336200714,0.45042818784713745,0.6277486085891724,-0.04523110389709473,0.4297066926956177,0.5077019333839417,-0.04353857412934303,0.4476660192012787,0.507593035697937,-0.02570968121290207,0.4592410922050476,0.5276813507080078,-0.014246340841054916,0.4229483902454376,0.6503109931945801,-0.0499255396425724,0.41926366090774536,0.5629206895828247,-0.0415215864777565,0.43716129660606384,0.5539377927780151,-0.02318526618182659,0.44706085324287415,0.565359354019165,-0.009910081513226032,0,0,0,0,0,0,0,0,0,0,0,0,0,0,0,0,0,0,0,0,0,0,0,0,0,0,0,0,0,0,0,0,0,0,0,0,0,0,0,0,0,0,0,0,0,0,0,0,0,0,0,0,0,0,0,0,0,0,0,0,0,0,0,eat
0.5323057174682617,0.775686502456665,1.520997550130687e-08,0.5627003312110901,0.6809134483337402,0.011376619338989258,0.5584715604782104,0.5917336940765381,0.006969212554395199,0.5253632664680481,0.5341890454292297,0.0012655911268666387,0.48803243041038513,0.5131662487983704,-0.004362431354820728,0.5480561852455139,0.5672311782836914,-0.02515406161546707,0.5059141516685486,0.45592549443244934,-0.035638634115457535,0.490753173828125,0.4500679075717926,-0.034709881991147995,0.4866032600402832,0.46562618017196655,-0.030411653220653534,0.5034969449043274,0.5857607126235962,-0.03549865260720253,0.4648229479789734,0.45758485794067383,-0.042719900608062744,0.46641016006469727,0.4641702175140381,-0.034656696021556854,0.47211340069770813,0.489682674407959,-0.026778489351272583,0.4638141095638275,0.6093659996986389,-0.0423736572265625,0.43794015049934387,0.4889194965362549,-0.04227428138256073,0.447196364402771,0.4982721209526062,-0.025433748960494995,0.4551008939743042,0.5217655897140503,-0.014181012287735939,0.4326004385948181,0.6344841718673706,-0.04783020541071892,0.4235166311264038,0.541793704032898,-0.04219388589262962,0.4372008144855499,0.5432501435279846,-0.024218078702688217,0.4453987777233124,0.5611883401870728,-0.010882606729865074,0,0,0,0,0,0,0,0,0,0,0,0,0,0,0,0,0,0,0,0,0,0,0,0,0,0,0,0,0,0,0,0,0,0,0,0,0,0,0,0,0,0,0,0,0,0,0,0,0,0,0,0,0,0,0,0,0,0,0,0,0,0,0,eat
0.5335468649864197,0.7769912481307983,-1.4610644250012683e-08,0.5683053135871887,0.6868084073066711,0.008472644723951817,0.566119909286499,0.5974557995796204,0.0050630816258490086,0.5385599136352539,0.5342057347297668,0.0006621111533604562,0.5059614181518555,0.5031325817108154,-0.0038424956146627665,0.5543897151947021,0.5659642219543457,-0.023194100707769394,0.5100800395011902,0.4624495506286621,-0.03432566300034523,0.4900891184806824,0.44881826639175415,-0.03569553419947624,0.48254233598709106,0.4554632306098938,-0.03339029476046562,0.5092852711677551,0.5830759406089783,-0.032577995210886,0.47157910466194153,0.460653156042099,-0.04061952233314514,0.4674595594406128,0.4614472985267639,-0.03447854518890381,0.4705323576927185,0.48434388637542725,-0.027888165786862373,0.46840864419937134,0.6070348620414734,-0.039157409220933914,0.4427642822265625,0.4944615960121155,-0.040982719510793686,0.45023873448371887,0.5030086636543274,-0.026285432279109955,0.45998653769493103,0.5270990133285522,-0.015973245725035667,0.43598079681396484,0.63332599401474,-0.04487288370728493,0.42846086621284485,0.5477758646011353,-0.043030451983213425,0.44063979387283325,0.5464027523994446,-0.028970200568437576,0.45006072521209717,0.5601230263710022,-0.017835265025496483,0,0,0,0,0,0,0,0,0,0,0,0,0,0,0,0,0,0,0,0,0,0,0,0,0,0,0,0,0,0,0,0,0,0,0,0,0,0,0,0,0,0,0,0,0,0,0,0,0,0,0,0,0,0,0,0,0,0,0,0,0,0,0,eat
0.534265398979187,0.7820702195167542,2.315263358809716e-08,0.5721819996833801,0.6959789395332336,0.0047217500396072865,0.5695797204971313,0.6016265153884888,0.0003099511959590018,0.5398428440093994,0.5308071970939636,-0.003855484537780285,0.5112809538841248,0.48817673325538635,-0.007806232199072838,0.5569472908973694,0.5774760246276855,-0.029081642627716064,0.5148068070411682,0.46671003103256226,-0.04000435769557953,0.5052494406700134,0.45004040002822876,-0.04053570702672005,0.5033555030822754,0.4547284245491028,-0.037726350128650665,0.5110962390899658,0.5939064025878906,-0.03579314053058624,0.47671177983283997,0.466762900352478,-0.04204724356532097,0.48192939162254333,0.4653460383415222,-0.03572123497724533,0.48847532272338867,0.4855138659477234,-0.030203785747289658,0.4698801636695862,0.6151874661445618,-0.03965821862220764,0.4451565146446228,0.4955078959465027,-0.04067007452249527,0.4583437144756317,0.5013827085494995,-0.026398705318570137,0.4687468111515045,0.5236667394638062,-0.017366060987114906,0.43661653995513916,0.637358546257019,-0.04270302131772041,0.4293607473373413,0.5468727350234985,-0.04131398722529411,0.44478097558021545,0.5469845533370972,-0.027846846729516983,0.4531828761100769,0.5626862049102783,-0.017604738473892212,0,0,0,0,0,0,0,0,0,0,0,0,0,0,0,0,0,0,0,0,0,0,0,0,0,0,0,0,0,0,0,0,0,0,0,0,0,0,0,0,0,0,0,0,0,0,0,0,0,0,0,0,0,0,0,0,0,0,0,0,0,0,0,eat
0.5343028903007507,0.7782886028289795,5.539323311154476e-08,0.5727399587631226,0.6926755905151367,0.004775335546582937,0.5710276365280151,0.5991888046264648,-0.0008354914607480168,0.5391097664833069,0.5295613408088684,-0.005966242868453264,0.5055951476097107,0.49258536100387573,-0.010790856555104256,0.5580869317054749,0.5766323208808899,-0.03237278014421463,0.5160903334617615,0.4618695080280304,-0.04398481547832489,0.5050262212753296,0.44926637411117554,-0.044152069836854935,0.5046315789222717,0.45838236808776855,-0.04097433388233185,0.5111244916915894,0.5944629311561584,-0.03926606848835945,0.47520390152931213,0.4648553133010864,-0.04640791937708855,0.48008692264556885,0.46173369884490967,-0.03903963789343834,0.4888768792152405,0.48154568672180176,-0.032738253474235535,0.46952351927757263,0.6169272065162659,-0.04310566931962967,0.444487601518631,0.49884000420570374,-0.04461410269141197,0.4584382474422455,0.5032970309257507,-0.028933577239513397,0.4709695875644684,0.5246913433074951,-0.018804796040058136,0.4367504119873047,0.6403218507766724,-0.04602969437837601,0.42774492502212524,0.5483201146125793,-0.04419560730457306,0.4436812400817871,0.5454124808311462,-0.029383240267634392,0.45394447445869446,0.5586779713630676,-0.0181986503303051,0,0,0,0,0,0,0,0,0,0,0,0,0,0,0,0,0,0,0,0,0,0,0,0,0,0,0,0,0,0,0,0,0,0,0,0,0,0,0,0,0,0,0,0,0,0,0,0,0,0,0,0,0,0,0,0,0,0,0,0,0,0,0,eat
0.5347887277603149,0.7686350345611572,1.8489064501636676e-08,0.5702935457229614,0.6788491010665894,0.008693323470652103,0.5619329810142517,0.5914798378944397,0.004777373280376196,0.5267102718353271,0.5353479385375977,0.00017416327318642288,0.49124035239219666,0.5108355283737183,-0.0044245063327252865,0.5546537637710571,0.5630654096603394,-0.024193434044718742,0.515734076499939,0.4564518928527832,-0.03538382053375244,0.49809858202934265,0.44773638248443604,-0.035776399075984955,0.4941171407699585,0.46003222465515137,-0.03292980417609215,0.51021808385849,0.5781824588775635,-0.03344602510333061,0.47425633668899536,0.4530262351036072,-0.04209348186850548,0.4738198220729828,0.4614418148994446,-0.03484819829463959,0.48080047965049744,0.4889572858810425,-0.027239039540290833,0.4698983430862427,0.6018065214157104,-0.03972311317920685,0.44243913888931274,0.4944208264350891,-0.04207490757107735,0.45390769839286804,0.5109158754348755,-0.02562769316136837,0.46554189920425415,0.5376749634742737,-0.014060278423130512,0.4376419186592102,0.6298024654388428,-0.04486112296581268,0.42719897627830505,0.5446996092796326,-0.04231158643960953,0.4417378306388855,0.552889883518219,-0.025541851297020912,0.4519374668598175,0.5724411010742188,-0.012661004438996315,0,0,0,0,0,0,0,0,0,0,0,0,0,0,0,0,0,0,0,0,0,0,0,0,0,0,0,0,0,0,0,0,0,0,0,0,0,0,0,0,0,0,0,0,0,0,0,0,0,0,0,0,0,0,0,0,0,0,0,0,0,0,0,eat
0.5386344790458679,0.7769510746002197,-7.205332508419815e-08,0.57552170753479,0.6844850182533264,0.006393436808139086,0.5701685547828674,0.5879520177841187,0.002139792777597904,0.5362324714660645,0.525955319404602,-0.002679942175745964,0.4968634247779846,0.505696177482605,-0.0071164024993777275,0.5532241463661194,0.5671461820602417,-0.024559564888477325,0.5147742629051208,0.4647194743156433,-0.03690095990896225,0.5114839673042297,0.4765149652957916,-0.03985888883471489,0.5167538523674011,0.5027134418487549,-0.03862249106168747,0.506778359413147,0.5832349061965942,-0.03312389925122261,0.47466427087783813,0.4594458043575287,-0.0394485704600811,0.48221760988235474,0.4729152023792267,-0.03372230380773544,0.48957303166389465,0.5051555633544922,-0.028460917994379997,0.46643489599227905,0.6062046885490417,-0.039144568145275116,0.44567006826400757,0.49240314960479736,-0.039515361189842224,0.4596489667892456,0.5100533962249756,-0.025006666779518127,0.46823805570602417,0.5393582582473755,-0.015888839960098267,0.4351954460144043,0.6307933330535889,-0.044326119124889374,0.42952609062194824,0.545661449432373,-0.04015745595097542,0.444634348154068,0.554665744304657,-0.02444068156182766,0.4508975148200989,0.5760793089866638,-0.0133249806240201,0,0,0,0,0,0,0,0,0,0,0,0,0,0,0,0,0,0,0,0,0,0,0,0,0,0,0,0,0,0,0,0,0,0,0,0,0,0,0,0,0,0,0,0,0,0,0,0,0,0,0,0,0,0,0,0,0,0,0,0,0,0,0,eat
0.546190619468689,0.7780441045761108,-1.2147253869443375e-07,0.5819982290267944,0.686526894569397,0.006497722584754229,0.579355776309967,0.5867204070091248,0.002602072199806571,0.5531015992164612,0.509132444858551,-0.001327546895481646,0.5170008540153503,0.47787514328956604,-0.0038822174537926912,0.560020387172699,0.5742543935775757,-0.029677225276827812,0.5205512642860413,0.46344345808029175,-0.04135182499885559,0.5233806371688843,0.48106300830841064,-0.04202509671449661,0.5323919057846069,0.509697437286377,-0.039036694914102554,0.5152149796485901,0.5926600694656372,-0.03738002851605415,0.4809528887271881,0.46167469024658203,-0.044083185493946075,0.4930534362792969,0.47502386569976807,-0.03671174496412277,0.5025524497032166,0.5078421235084534,-0.029986891895532608,0.4760122299194336,0.6151028871536255,-0.04207539185881615,0.4509337544441223,0.49106061458587646,-0.04214160889387131,0.46885934472084045,0.5020338296890259,-0.026758013293147087,0.4795459806919098,0.5286286473274231,-0.016773076727986336,0.44614458084106445,0.6377066969871521,-0.04578179493546486,0.43826964497566223,0.5425449013710022,-0.04106583446264267,0.45428162813186646,0.5427657961845398,-0.025652145966887474,0.4615057408809662,0.5602429509162903,-0.014756878837943077,0,0,0,0,0,0,0,0,0,0,0,0,0,0,0,0,0,0,0,0,0,0,0,0,0,0,0,0,0,0,0,0,0,0,0,0,0,0,0,0,0,0,0,0,0,0,0,0,0,0,0,0,0,0,0,0,0,0,0,0,0,0,0,eat
0.5464348196983337,0.7789758443832397,5.440582029336838e-08,0.5816706418991089,0.6921756267547607,0.006514261942356825,0.5804303884506226,0.5952982902526855,0.003352964762598276,0.5563575029373169,0.5178567171096802,0.0006713045877404511,0.5239446759223938,0.4792789816856384,-0.001223284867592156,0.5612582564353943,0.5760166049003601,-0.025722544640302658,0.5238314867019653,0.46667858958244324,-0.03501321002840996,0.5179836750030518,0.46036267280578613,-0.03438375145196915,0.5215224027633667,0.47285136580467224,-0.030562812462449074,0.5167946815490723,0.5926629304885864,-0.032110847532749176,0.48307469487190247,0.46726444363594055,-0.036624468863010406,0.4868215322494507,0.4546710252761841,-0.0291232168674469,0.4947139322757721,0.4649324417114258,-0.022746121510863304,0.4769946336746216,0.6157633066177368,-0.0357685349881649,0.45094797015190125,0.49990832805633545,-0.03550361469388008,0.46352821588516235,0.48825615644454956,-0.022118903696537018,0.47636356949806213,0.49547022581100464,-0.013673439621925354,0.4463313817977905,0.6401580572128296,-0.03835263103246689,0.4374081790447235,0.5508766174316406,-0.034813541918992996,0.45093846321105957,0.5344837307929993,-0.021271072328090668,0.46102818846702576,0.5345670580863953,-0.011240586638450623,0,0,0,0,0,0,0,0,0,0,0,0,0,0,0,0,0,0,0,0,0,0,0,0,0,0,0,0,0,0,0,0,0,0,0,0,0,0,0,0,0,0,0,0,0,0,0,0,0,0,0,0,0,0,0,0,0,0,0,0,0,0,0,eat
0.5476221442222595,0.7673498392105103,-5.1119943833555226e-08,0.5837427377700806,0.6808063387870789,0.00931820273399353,0.5792365074157715,0.595845639705658,0.007135702297091484,0.5459081530570984,0.5452016592025757,0.004260782618075609,0.5126845240592957,0.5229747295379639,0.0021428766194730997,0.5632269382476807,0.5624967217445374,-0.02136286161839962,0.5296946167945862,0.4607689380645752,-0.03178355470299721,0.5171846747398376,0.4700060486793518,-0.03193317726254463,0.5169919729232788,0.49499088525772095,-0.028784148395061493,0.5160216093063354,0.5716052055358887,-0.030087608844041824,0.48559191823005676,0.4508996605873108,-0.036890964955091476,0.4863777160644531,0.46867531538009644,-0.02893652394413948,0.49269434809684753,0.5019674897193909,-0.02060122601687908,0.47537124156951904,0.5922744870185852,-0.03595679998397827,0.45421281456947327,0.4879717230796814,-0.03546622395515442,0.46452927589416504,0.5071083307266235,-0.018988488242030144,0.4744001626968384,0.5341671705245972,-0.007749444339424372,0.44433027505874634,0.6197190284729004,-0.040641967207193375,0.43877220153808594,0.5422757267951965,-0.03428921103477478,0.45147445797920227,0.5529005527496338,-0.016409417614340782,0.4600463807582855,0.5733363628387451,-0.0029579554684460163,0,0,0,0,0,0,0,0,0,0,0,0,0,0,0,0,0,0,0,0,0,0,0,0,0,0,0,0,0,0,0,0,0,0,0,0,0,0,0,0,0,0,0,0,0,0,0,0,0,0,0,0,0,0,0,0,0,0,0,0,0,0,0,eat
0.5676899552345276,0.7804229855537415,-9.875460449393358e-08,0.6023927927017212,0.6862035393714905,0.008732854388654232,0.6018935441970825,0.5842772722244263,0.00433318642899394,0.5713722109794617,0.5066252946853638,-5.1715025620069355e-05,0.5341740846633911,0.4777703583240509,-0.003992367070168257,0.5808480978012085,0.5750886797904968,-0.03556013107299805,0.5363134145736694,0.4646458923816681,-0.04770829901099205,0.5338591933250427,0.45681196451187134,-0.04670289531350136,0.5366910099983215,0.4720478951931,-0.042536504566669464,0.5354868173599243,0.5957669019699097,-0.04517022892832756,0.49503350257873535,0.46844425797462463,-0.052396148443222046,0.5085684061050415,0.47188353538513184,-0.04414025694131851,0.5181984901428223,0.5005922913551331,-0.03749043121933937,0.4953266680240631,0.6203358173370361,-0.05085815489292145,0.46471476554870605,0.49901142716407776,-0.0510275736451149,0.4840584099292755,0.506147563457489,-0.03424130007624626,0.4953854978084564,0.5325641632080078,-0.02400435321033001,0.46271777153015137,0.6470746994018555,-0.05527430400252342,0.44992688298225403,0.5508687496185303,-0.05134886875748634,0.46684861183166504,0.549053966999054,-0.03533265367150307,0.4743732213973999,0.5666562914848328,-0.024127840995788574,0,0,0,0,0,0,0,0,0,0,0,0,0,0,0,0,0,0,0,0,0,0,0,0,0,0,0,0,0,0,0,0,0,0,0,0,0,0,0,0,0,0,0,0,0,0,0,0,0,0,0,0,0,0,0,0,0,0,0,0,0,0,0,eat
0.5696116089820862,0.7790065407752991,7.901501675178224e-08,0.6075852513313293,0.692231297492981,0.0096457963809371,0.607964038848877,0.6029036641120911,0.008314477279782295,0.5860320329666138,0.5382154583930969,0.00708349933847785,0.5573979020118713,0.503247082233429,0.006357109174132347,0.5912926197052002,0.5738305449485779,-0.025806739926338196,0.5491782426834106,0.4658728241920471,-0.033000398427248,0.5357666015625,0.44935309886932373,-0.02931034564971924,0.5329620242118835,0.45641976594924927,-0.02317616157233715,0.5441474318504333,0.5912816524505615,-0.03334075212478638,0.5046533942222595,0.46553316712379456,-0.038741543889045715,0.5053701400756836,0.4547575116157532,-0.02898048236966133,0.5110050439834595,0.46735113859176636,-0.01978537067770958,0.502274751663208,0.6150603890419006,-0.037584446370601654,0.47270092368125916,0.4970000982284546,-0.03732731193304062,0.483306884765625,0.4886396527290344,-0.02162044681608677,0.4948734641075134,0.4980838894844055,-0.010579708963632584,0.4701378345489502,0.6408383846282959,-0.040494147688150406,0.46024489402770996,0.5507023334503174,-0.03649132698774338,0.47393202781677246,0.5347888469696045,-0.021430427208542824,0.48543450236320496,0.5356132388114929,-0.00955019611865282,0,0,0,0,0,0,0,0,0,0,0,0,0,0,0,0,0,0,0,0,0,0,0,0,0,0,0,0,0,0,0,0,0,0,0,0,0,0,0,0,0,0,0,0,0,0,0,0,0,0,0,0,0,0,0,0,0,0,0,0,0,0,0,eat
0.5700023770332336,0.7800650000572205,1.3006201982079801e-07,0.6074367761611938,0.6914201378822327,0.009719204157590866,0.6040997505187988,0.6022491455078125,0.005951794795691967,0.5745115280151367,0.5407841205596924,0.001832897192798555,0.5444827675819397,0.5047874450683594,-0.0025693289935588837,0.5908536314964294,0.5755971670150757,-0.025304725393652916,0.5534904599189758,0.4675557315349579,-0.03553153946995735,0.5337454080581665,0.43726539611816406,-0.03495008870959282,0.5221463441848755,0.4325143098831177,-0.03066914714872837,0.5443082451820374,0.5924625396728516,-0.033836107701063156,0.5074015259742737,0.4670051336288452,-0.040028151124715805,0.5061887502670288,0.4506095051765442,-0.030343934893608093,0.5102949738502502,0.4574577808380127,-0.020871853455901146,0.5026677846908569,0.6157629489898682,-0.03946053609251976,0.4702979326248169,0.4985390305519104,-0.03923642635345459,0.48107707500457764,0.4836176037788391,-0.02235252410173416,0.4933945834636688,0.4868483543395996,-0.010482542216777802,0.4699687361717224,0.6416869759559631,-0.04390447214245796,0.45551785826683044,0.5514880418777466,-0.039841312915086746,0.4694986343383789,0.5313871502876282,-0.023934077471494675,0.4818827211856842,0.5271639227867126,-0.011266723275184631,0,0,0,0,0,0,0,0,0,0,0,0,0,0,0,0,0,0,0,0,0,0,0,0,0,0,0,0,0,0,0,0,0,0,0,0,0,0,0,0,0,0,0,0,0,0,0,0,0,0,0,0,0,0,0,0,0,0,0,0,0,0,0,eat
0.5710365176200867,0.7666009068489075,7.663627954457297e-09,0.6079238057136536,0.6791698336601257,0.008928678929805756,0.6065788865089417,0.5928422808647156,0.005775864236056805,0.5781798362731934,0.5350048542022705,0.0024399564135819674,0.5453925728797913,0.508733332157135,-0.0004905674140900373,0.5896360874176025,0.5620455741882324,-0.02659914642572403,0.5519282221794128,0.45714741945266724,-0.036307670176029205,0.5363247394561768,0.4514862298965454,-0.035095684230327606,0.5307663083076477,0.4658493101596832,-0.03105548582971096,0.5430066585540771,0.5767474174499512,-0.03517221286892891,0.5094816088676453,0.4521145522594452,-0.04332326352596283,0.5115036964416504,0.4623185396194458,-0.03503268584609032,0.5167449712753296,0.4913177490234375,-0.026380568742752075,0.5025808811187744,0.5996756553649902,-0.04047771543264389,0.47828763723373413,0.4837570786476135,-0.04188151657581329,0.48981672525405884,0.4960615634918213,-0.02560405433177948,0.49944981932640076,0.5206327438354492,-0.013987495563924313,0.47183752059936523,0.6271772384643555,-0.04449671879410744,0.46650296449661255,0.5407170057296753,-0.04046677052974701,0.48103728890419006,0.5437631011009216,-0.024056756868958473,0.49024873971939087,0.560643196105957,-0.011427365243434906,0,0,0,0,0,0,0,0,0,0,0,0,0,0,0,0,0,0,0,0,0,0,0,0,0,0,0,0,0,0,0,0,0,0,0,0,0,0,0,0,0,0,0,0,0,0,0,0,0,0,0,0,0,0,0,0,0,0,0,0,0,0,0,eat
0.5783964991569519,0.7809504270553589,1.4608188436682212e-08,0.6131673455238342,0.6925745606422424,0.013010839000344276,0.6126435399055481,0.601828932762146,0.01194799691438675,0.5892307162284851,0.5351477265357971,0.009904456324875355,0.5601358413696289,0.49852660298347473,0.007562107406556606,0.597293496131897,0.5705916285514832,-0.022056950256228447,0.5554673075675964,0.4677416980266571,-0.029258757829666138,0.5406630039215088,0.4488411545753479,-0.026722632348537445,0.5354802012443542,0.45153385400772095,-0.02180863916873932,0.5519220232963562,0.5887698531150818,-0.03237391635775566,0.5142107605934143,0.46670711040496826,-0.03757326677441597,0.5137490630149841,0.45974352955818176,-0.027975421398878098,0.5176361203193665,0.4744774401187897,-0.018860554322600365,0.5105162262916565,0.6146012544631958,-0.0393509604036808,0.48106062412261963,0.4971449375152588,-0.03887445107102394,0.4897339940071106,0.4895685613155365,-0.02246883511543274,0.49947214126586914,0.4990876317024231,-0.010952198877930641,0.47759661078453064,0.6443872451782227,-0.04475656896829605,0.46590372920036316,0.5516875386238098,-0.040603116154670715,0.47839516401290894,0.5370833873748779,-0.024687718600034714,0.4887210726737976,0.5400422811508179,-0.012119892053306103,0,0,0,0,0,0,0,0,0,0,0,0,0,0,0,0,0,0,0,0,0,0,0,0,0,0,0,0,0,0,0,0,0,0,0,0,0,0,0,0,0,0,0,0,0,0,0,0,0,0,0,0,0,0,0,0,0,0,0,0,0,0,0,eat
0.5803881287574768,0.770485520362854,5.290710447525271e-08,0.6144888401031494,0.6811432242393494,0.009534426964819431,0.6100060939788818,0.5889556407928467,0.005594500806182623,0.5782869458198547,0.5300641059875488,0.0012714663753286004,0.5443137884140015,0.5034047961235046,-0.0028582997620105743,0.5965099334716797,0.5664626955986023,-0.02946322411298752,0.5579299926757812,0.45815980434417725,-0.040962912142276764,0.544464111328125,0.4454723000526428,-0.03982914239168167,0.5408552885055542,0.4553549885749817,-0.03525425121188164,0.5510817170143127,0.5838773250579834,-0.03872080519795418,0.5148828625679016,0.4570634663105011,-0.048015695065259933,0.5175272822380066,0.45527684688568115,-0.03910684958100319,0.5236799716949463,0.47621026635169983,-0.030132556334137917,0.5100116729736328,0.6077455878257751,-0.04465317353606224,0.4805828928947449,0.4898061156272888,-0.04690396413207054,0.49379900097846985,0.4923998713493347,-0.029690351337194443,0.5057935118675232,0.512138307094574,-0.01716354489326477,0.4768757224082947,0.6353219747543335,-0.04920075461268425,0.46323686838150024,0.542639434337616,-0.04495467245578766,0.4778454601764679,0.538096010684967,-0.027492735534906387,0.4887595474720001,0.5518121719360352,-0.013988289050757885,0,0,0,0,0,0,0,0,0,0,0,0,0,0,0,0,0,0,0,0,0,0,0,0,0,0,0,0,0,0,0,0,0,0,0,0,0,0,0,0,0,0,0,0,0,0,0,0,0,0,0,0,0,0,0,0,0,0,0,0,0,0,0,eat
0.5799063444137573,0.7696455717086792,8.413765328896261e-08,0.6148698925971985,0.6793464422225952,0.007965544238686562,0.6081212759017944,0.5871506929397583,0.004192627500742674,0.5713310241699219,0.5294453501701355,0.00034262824920006096,0.5338267683982849,0.5058191418647766,-0.0031709950417280197,0.5989463329315186,0.565477192401886,-0.02552529238164425,0.5572429299354553,0.46026986837387085,-0.033847127109766006,0.5434125661849976,0.44591930508613586,-0.03184634447097778,0.5401963591575623,0.4531911015510559,-0.02751154825091362,0.5521316528320312,0.5822537541389465,-0.03348696976900101,0.5138574838638306,0.4590402841567993,-0.0387653186917305,0.5149950981140137,0.452968955039978,-0.030273787677288055,0.5197851657867432,0.46765369176864624,-0.0226266048848629,0.5094137191772461,0.605692446231842,-0.03836807236075401,0.4803623557090759,0.49028143286705017,-0.037592463195323944,0.4924010634422302,0.490394651889801,-0.02169959619641304,0.5033782124519348,0.5057446956634521,-0.01134001836180687,0.4751430153846741,0.6311325430870056,-0.04216298088431358,0.4657513201236725,0.5442732572555542,-0.037533100694417953,0.4798704981803894,0.5376002788543701,-0.02198561653494835,0.48965901136398315,0.5456556081771851,-0.010461139492690563,0,0,0,0,0,0,0,0,0,0,0,0,0,0,0,0,0,0,0,0,0,0,0,0,0,0,0,0,0,0,0,0,0,0,0,0,0,0,0,0,0,0,0,0,0,0,0,0,0,0,0,0,0,0,0,0,0,0,0,0,0,0,0,eat
0.5935865640640259,0.7587000131607056,7.400412727065486e-08,0.6241233348846436,0.6670330762863159,0.006341676227748394,0.6161669492721558,0.575825035572052,0.0007939809001982212,0.578657329082489,0.5223591327667236,-0.0050810049287974834,0.5386894941329956,0.5038928985595703,-0.010873083956539631,0.6082193851470947,0.5525084137916565,-0.025549616664648056,0.564378559589386,0.44745391607284546,-0.03742867335677147,0.5391897559165955,0.4273640513420105,-0.03853965178132057,0.5277519822120667,0.4314883351325989,-0.035935964435338974,0.562483012676239,0.571902871131897,-0.03396518528461456,0.5181781649589539,0.4489485025405884,-0.04239201545715332,0.5143951773643494,0.4472084641456604,-0.03589237853884697,0.5195015072822571,0.46699514985084534,-0.028992513194680214,0.5216478705406189,0.5966377854347229,-0.039738934487104416,0.4899325370788574,0.4824567437171936,-0.04151223599910736,0.4972096383571625,0.48918667435646057,-0.025850262492895126,0.5068366527557373,0.5114254355430603,-0.014889643527567387,0.48924338817596436,0.623178243637085,-0.044720813632011414,0.4773637354373932,0.5377721786499023,-0.041849736124277115,0.48948636651039124,0.5361860990524292,-0.02636348083615303,0.4990893602371216,0.5491176843643188,-0.014402410946786404,0,0,0,0,0,0,0,0,0,0,0,0,0,0,0,0,0,0,0,0,0,0,0,0,0,0,0,0,0,0,0,0,0,0,0,0,0,0,0,0,0,0,0,0,0,0,0,0,0,0,0,0,0,0,0,0,0,0,0,0,0,0,0,eat
0.6343282461166382,0.819756269454956,1.2383144110117428e-07,0.6674976348876953,0.7368088960647583,-0.007803739979863167,0.6575862169265747,0.635462760925293,-0.01655060239136219,0.6229111552238464,0.5563126802444458,-0.023337146267294884,0.5919495224952698,0.5021185874938965,-0.03068852424621582,0.6101164817810059,0.6273666620254517,-0.034111421555280685,0.5560363531112671,0.5183218121528625,-0.04971037432551384,0.5406705737113953,0.4717613458633423,-0.05498966947197914,0.5325267314910889,0.4438179135322571,-0.05621025711297989,0.5728765726089478,0.6588055491447449,-0.037116751074790955,0.5283070206642151,0.5387492775917053,-0.05022110417485237,0.518539309501648,0.48535487055778503,-0.05320155248045921,0.5164956450462341,0.45706450939178467,-0.054446831345558167,0.5467745065689087,0.6899352669715881,-0.03919830545783043,0.5103261470794678,0.5791279077529907,-0.046893227845430374,0.5027895569801331,0.5250423550605774,-0.04511551186442375,0.503206729888916,0.4918730556964874,-0.04426415637135506,0.5297170281410217,0.7182626128196716,-0.04124099016189575,0.4985728859901428,0.6322259902954102,-0.04556149244308472,0.4935659170150757,0.5861608982086182,-0.04183899238705635,0.49434393644332886,0.5530158281326294,-0.038871001452207565,0,0,0,0,0,0,0,0,0,0,0,0,0,0,0,0,0,0,0,0,0,0,0,0,0,0,0,0,0,0,0,0,0,0,0,0,0,0,0,0,0,0,0,0,0,0,0,0,0,0,0,0,0,0,0,0,0,0,0,0,0,0,0,eat
0.3710176348686218,0.8122062683105469,3.3558046652615303e-07,0.31832394003868103,0.7367227077484131,-0.012747577391564846,0.31257525086402893,0.6424093246459961,-0.02465461567044258,0.3476889729499817,0.5721202492713928,-0.03128400072455406,0.3851563334465027,0.5359640121459961,-0.036338258534669876,0.3574874997138977,0.6349295377731323,-0.0506010465323925,0.409112811088562,0.5280961394309998,-0.06289052218198776,0.43081629276275635,0.482477605342865,-0.060823291540145874,0.43931546807289124,0.4671841561794281,-0.05462515354156494,0.4027888774871826,0.659078061580658,-0.046238012611866,0.449857234954834,0.5448806285858154,-0.052435435354709625,0.4593944251537323,0.49709850549697876,-0.042797427624464035,0.4561712145805359,0.48088812828063965,-0.03317722678184509,0.4381955862045288,0.6823760271072388,-0.039834413677453995,0.4731924533843994,0.574712336063385,-0.041978031396865845,0.47838476300239563,0.526086151599884,-0.03022155910730362,0.473975270986557,0.5112037658691406,-0.020040951669216156,0.4644072651863098,0.7006701827049255,-0.033546771854162216,0.4830589294433594,0.6107523441314697,-0.03542632982134819,0.48276567459106445,0.5643435120582581,-0.027291283011436462,0.4772428870201111,0.5412716865539551,-0.017888648435473442,0,0,0,0,0,0,0,0,0,0,0,0,0,0,0,0,0,0,0,0,0,0,0,0,0,0,0,0,0,0,0,0,0,0,0,0,0,0,0,0,0,0,0,0,0,0,0,0,0,0,0,0,0,0,0,0,0,0,0,0,0,0,0,eat
0.3788209557533264,0.7702542543411255,4.3981214048471884e-07,0.42832714319229126,0.7192091941833496,0.003678564913570881,0.4576740860939026,0.6357105374336243,0.0021253335289657116,0.46488019824028015,0.5628599524497986,0.0017985771410167217,0.4655643105506897,0.5145257115364075,0.00368463690392673,0.4149290919303894,0.5946545004844666,-0.02451925538480282,0.45006710290908813,0.4898921549320221,-0.034574929624795914,0.4732387065887451,0.46741047501564026,-0.032632920891046524,0.48154592514038086,0.4716942310333252,-0.025476103648543358,0.38331156969070435,0.5803572535514832,-0.026964733377099037,0.41709381341934204,0.4579557776451111,-0.03404209390282631,0.44396284222602844,0.4383235573768616,-0.02819639816880226,0.4545658528804779,0.4486125409603119,-0.01988837495446205,0.36163997650146484,0.5754056572914124,-0.02650594711303711,0.39822036027908325,0.4730503559112549,-0.028156353160738945,0.4246061444282532,0.4722384512424469,-0.017548948526382446,0.43184521794319153,0.49125486612319946,-0.007562653627246618,0.3519180119037628,0.5775638818740845,-0.024918364360928535,0.3803682029247284,0.49936193227767944,-0.02166125364601612,0.4013768434524536,0.49021947383880615,-0.01004286203533411,0.41002753376960754,0.4964364767074585,0.0013568076537922025,0,0,0,0,0,0,0,0,0,0,0,0,0,0,0,0,0,0,0,0,0,0,0,0,0,0,0,0,0,0,0,0,0,0,0,0,0,0,0,0,0,0,0,0,0,0,0,0,0,0,0,0,0,0,0,0,0,0,0,0,0,0,0,eat
0.39755943417549133,0.7504324316978455,7.849651240121602e-08,0.3630695641040802,0.6563902497291565,0.027022231370210648,0.36415034532546997,0.57599276304245,0.030996033921837807,0.39784732460975647,0.5290480852127075,0.030998656526207924,0.4341253638267517,0.5148717761039734,0.03138674423098564,0.3507072627544403,0.540080726146698,-0.008699298836290836,0.4045085608959198,0.458452045917511,-0.006833606865257025,0.4322018623352051,0.46138355135917664,0.0053641353733837605,0.4466070830821991,0.48244428634643555,0.015911979600787163,0.3956589102745056,0.5404252409934998,-0.025683021172881126,0.4282534718513489,0.4159608781337738,-0.02732289955019951,0.441982626914978,0.4097636640071869,-0.017118483781814575,0.44604939222335815,0.4311635494232178,-0.006240675691515207,0.4396131634712219,0.5536349415779114,-0.03682661056518555,0.466736376285553,0.4414813220500946,-0.03170640021562576,0.4685402810573578,0.4589976668357849,-0.01429687812924385,0.4593672454357147,0.4900924563407898,-0.0012153633870184422,0.47715359926223755,0.5806245803833008,-0.04510502889752388,0.4783978760242462,0.5017004609107971,-0.0332779660820961,0.47096681594848633,0.5088186264038086,-0.013522092252969742,0.46446171402931213,0.525754451751709,0.0022002693731337786,0,0,0,0,0,0,0,0,0,0,0,0,0,0,0,0,0,0,0,0,0,0,0,0,0,0,0,0,0,0,0,0,0,0,0,0,0,0,0,0,0,0,0,0,0,0,0,0,0,0,0,0,0,0,0,0,0,0,0,0,0,0,0,eat
0.4021153151988983,0.7645701169967651,-4.490974703230677e-08,0.3642694056034088,0.6652857065200806,0.020134534686803818,0.36798468232154846,0.5736244320869446,0.022085729986429214,0.4046185314655304,0.520308792591095,0.0206782054156065,0.4421866536140442,0.5002639293670654,0.020551687106490135,0.3559606075286865,0.5412031412124634,-0.009885231032967567,0.41050902009010315,0.4452820420265198,-0.013521164655685425,0.43513816595077515,0.455493688583374,-0.006473289802670479,0.4475135803222656,0.48254382610321045,0.001717000501230359,0.3981553614139557,0.5418987274169922,-0.02436828799545765,0.4324887990951538,0.41337376832962036,-0.028050007298588753,0.4434601068496704,0.41465574502944946,-0.020123153924942017,0.4457753002643585,0.44100260734558105,-0.010539636947214603,0.4412440061569214,0.5542486310005188,-0.034669239073991776,0.46554774045944214,0.43976891040802,-0.03217783942818642,0.4652746617794037,0.45761072635650635,-0.017878137528896332,0.4573087692260742,0.4880608320236206,-0.006359214894473553,0.4796450138092041,0.5769573450088501,-0.04273608326911926,0.48043328523635864,0.49294063448905945,-0.03229393810033798,0.4685952067375183,0.501836359500885,-0.014272025786340237,0.4605367183685303,0.5200232267379761,0.00021571226534433663,0,0,0,0,0,0,0,0,0,0,0,0,0,0,0,0,0,0,0,0,0,0,0,0,0,0,0,0,0,0,0,0,0,0,0,0,0,0,0,0,0,0,0,0,0,0,0,0,0,0,0,0,0,0,0,0,0,0,0,0,0,0,0,eat
0.4074651896953583,0.7752720713615417,-2.5333655173653824e-09,0.3685648441314697,0.6726548075675964,0.027431247755885124,0.36750316619873047,0.5826075673103333,0.03268824890255928,0.39951762557029724,0.5292513370513916,0.0334002710878849,0.43816667795181274,0.510591447353363,0.03409381955862045,0.35799163579940796,0.5432872772216797,-0.006108678411692381,0.40943655371665955,0.4455093741416931,-0.004528143908828497,0.43809354305267334,0.442888468503952,0.0067854030057787895,0.4550662636756897,0.46131446957588196,0.01681586168706417,0.4040471613407135,0.5429373979568481,-0.023077908903360367,0.4321169853210449,0.41367751359939575,-0.023035796359181404,0.44582992792129517,0.408765584230423,-0.013031632639467716,0.4517228901386261,0.43004196882247925,-0.0030818225350230932,0.4500676393508911,0.5561045408248901,-0.03444632887840271,0.4716058075428009,0.4380605220794678,-0.02865135483443737,0.4738987684249878,0.4529872536659241,-0.012249535880982876,0.4670115113258362,0.48271864652633667,-0.00036088048364035785,0.48981672525405884,0.5813482403755188,-0.04290138930082321,0.4893236756324768,0.49515050649642944,-0.030070941895246506,0.48021021485328674,0.5003038644790649,-0.009996785782277584,0.47358059883117676,0.5159263610839844,0.005702440161257982,0,0,0,0,0,0,0,0,0,0,0,0,0,0,0,0,0,0,0,0,0,0,0,0,0,0,0,0,0,0,0,0,0,0,0,0,0,0,0,0,0,0,0,0,0,0,0,0,0,0,0,0,0,0,0,0,0,0,0,0,0,0,0,eat
0.41403383016586304,0.7803444862365723,-8.527780437361798e-08,0.37188538908958435,0.6744798421859741,0.028425557538866997,0.3705080449581146,0.574019193649292,0.03782251104712486,0.40254294872283936,0.519424319267273,0.04520955681800842,0.4414513111114502,0.5043730139732361,0.0528121255338192,0.3681688904762268,0.5409448146820068,-0.010662269778549671,0.4134666919708252,0.4288177192211151,-0.002096254378557205,0.4336091876029968,0.4265775680541992,0.016535677015781403,0.4429389536380768,0.44375842809677124,0.031298164278268814,0.41489481925964355,0.5448151230812073,-0.023526793345808983,0.44413256645202637,0.4092007875442505,-0.01447672676295042,0.45211008191108704,0.41517728567123413,0.0032597121316939592,0.45252320170402527,0.44234514236450195,0.017231730744242668,0.46031439304351807,0.560966968536377,-0.030032848939299583,0.4817722737789154,0.44398611783981323,-0.016171859577298164,0.4754551947116852,0.4586790204048157,0.0011374658206477761,0.4635179042816162,0.4869595766067505,0.01119580864906311,0.49727728962898254,0.5878564715385437,-0.03317302465438843,0.490953266620636,0.5122222900390625,-0.014853124506771564,0.47531795501708984,0.5236303210258484,0.003955399617552757,0.4655372202396393,0.5444924235343933,0.016813449561595917,0,0,0,0,0,0,0,0,0,0,0,0,0,0,0,0,0,0,0,0,0,0,0,0,0,0,0,0,0,0,0,0,0,0,0,0,0,0,0,0,0,0,0,0,0,0,0,0,0,0,0,0,0,0,0,0,0,0,0,0,0,0,0,eat
0.413226842880249,0.7751460075378418,-2.2065363225465262e-07,0.37611573934555054,0.6692787408828735,0.0309281162917614,0.37790876626968384,0.5785036087036133,0.03797449171543121,0.41125237941741943,0.5284408926963806,0.039458148181438446,0.45113176107406616,0.5108985900878906,0.04024367034435272,0.3657662570476532,0.5381737947463989,-0.0002581699809525162,0.4128558337688446,0.4417039752006531,0.0033345273695886135,0.43423160910606384,0.4538581967353821,0.014977345243096352,0.44230663776397705,0.47858962416648865,0.024108227342367172,0.41035693883895874,0.5391843318939209,-0.01893695630133152,0.43955132365226746,0.4093557596206665,-0.015115867368876934,0.4507065713405609,0.427945613861084,-0.003750124014914036,0.4511246979236603,0.4648246765136719,0.005655805580317974,0.4550092816352844,0.5541559457778931,-0.03238966315984726,0.4778406322002411,0.4332466125488281,-0.024645112454891205,0.4774229824542999,0.4550955295562744,-0.010556645691394806,0.4656844735145569,0.48825711011886597,-0.0022114876192063093,0.4912680685520172,0.5787811875343323,-0.04254365339875221,0.485172837972641,0.49782565236091614,-0.03116997890174389,0.4766172766685486,0.5068467855453491,-0.015509513206779957,0.46900323033332825,0.5227047204971313,-0.004464807920157909,0,0,0,0,0,0,0,0,0,0,0,0,0,0,0,0,0,0,0,0,0,0,0,0,0,0,0,0,0,0,0,0,0,0,0,0,0,0,0,0,0,0,0,0,0,0,0,0,0,0,0,0,0,0,0,0,0,0,0,0,0,0,0,eat
0.41292640566825867,0.7797006368637085,-1.6982212969196553e-07,0.3764289617538452,0.6717793941497803,0.028485959395766258,0.3783462643623352,0.5733980536460876,0.03535797819495201,0.4123331308364868,0.5197272896766663,0.03754562884569168,0.45150482654571533,0.5038426518440247,0.039627376943826675,0.3698098659515381,0.5394969582557678,-0.0006159147596918046,0.41691938042640686,0.4354752004146576,0.0014185792533680797,0.43501949310302734,0.4380541741847992,0.011499862186610699,0.4424290359020233,0.4593730866909027,0.020236441865563393,0.41301819682121277,0.542280912399292,-0.017488248646259308,0.44162583351135254,0.41317981481552124,-0.014250419102609158,0.44997143745422363,0.4219058156013489,-0.003480023704469204,0.45054519176483154,0.4519237279891968,0.00603701313957572,0.4568554162979126,0.557440996170044,-0.029662756249308586,0.4777893126010895,0.44106394052505493,-0.021993296220898628,0.4743797183036804,0.45185422897338867,-0.009206687100231647,0.4632627069950104,0.4755348861217499,-0.0013137495843693614,0.49453824758529663,0.5815382599830627,-0.03883503004908562,0.4897031784057617,0.5013301372528076,-0.02696964330971241,0.4763830006122589,0.503811240196228,-0.012427964247763157,0.46630629897117615,0.5143470764160156,-0.0019490151898935437,0,0,0,0,0,0,0,0,0,0,0,0,0,0,0,0,0,0,0,0,0,0,0,0,0,0,0,0,0,0,0,0,0,0,0,0,0,0,0,0,0,0,0,0,0,0,0,0,0,0,0,0,0,0,0,0,0,0,0,0,0,0,0,eat
0.4254567623138428,0.8020567297935486,-3.3363377838213637e-07,0.38748523592948914,0.7009861469268799,0.013952227309346199,0.3858233690261841,0.5998196005821228,0.01490719337016344,0.41458964347839355,0.539554238319397,0.01263269130140543,0.4477960467338562,0.5162600874900818,0.012484561651945114,0.38591837882995605,0.5588303208351135,-0.007309009786695242,0.42332980036735535,0.4526422321796417,-0.01410097349435091,0.4386163055896759,0.47495174407958984,-0.011243002489209175,0.44071996212005615,0.5042790770530701,-0.006157013587653637,0.42384690046310425,0.5568856596946716,-0.01999998651444912,0.4498322904109955,0.4333355724811554,-0.025648171082139015,0.4595687687397003,0.4598674774169922,-0.0197591632604599,0.4559740424156189,0.5024374127388,-0.011749133467674255,0.46397319436073303,0.5649117827415466,-0.030246568843722343,0.47769173979759216,0.4543626308441162,-0.02909679338335991,0.48053818941116333,0.477740079164505,-0.01613377034664154,0.4742661118507385,0.5103398561477661,-0.006080416031181812,0.49959054589271545,0.5827319025993347,-0.03933616727590561,0.4971933364868164,0.4938344955444336,-0.029948551207780838,0.49026724696159363,0.5053740739822388,-0.013036386109888554,0.48538169264793396,0.5261654257774353,-0.0001254339440492913,0,0,0,0,0,0,0,0,0,0,0,0,0,0,0,0,0,0,0,0,0,0,0,0,0,0,0,0,0,0,0,0,0,0,0,0,0,0,0,0,0,0,0,0,0,0,0,0,0,0,0,0,0,0,0,0,0,0,0,0,0,0,0,eat
0.42776066064834595,0.7995363473892212,-2.663624059096037e-07,0.43421825766563416,0.7134255766868591,0.020224489271640778,0.4477616548538208,0.6209933757781982,0.024673977866768837,0.4625174403190613,0.5514460802078247,0.027488350868225098,0.47165289521217346,0.5142070651054382,0.03259257227182388,0.44083768129348755,0.5756680369377136,-0.010249623097479343,0.46534374356269836,0.4587666988372803,-0.009841246530413628,0.47332122921943665,0.47103363275527954,0.00029740642639808357,0.47264209389686584,0.49578478932380676,0.010262168012559414,0.44061359763145447,0.5679001212120056,-0.020316530019044876,0.45937949419021606,0.4386308789253235,-0.01969487965106964,0.46639692783355713,0.45810580253601074,-0.009056552313268185,0.46501654386520386,0.4963892698287964,0.0012511053355410695,0.44278302788734436,0.5686029195785522,-0.025644851848483086,0.4562743604183197,0.4544867277145386,-0.018116872757673264,0.46301838755607605,0.4732326865196228,-0.002147468738257885,0.46013763546943665,0.5039237141609192,0.008304748684167862,0.4432618319988251,0.577512264251709,-0.028650693595409393,0.44581544399261475,0.4903343915939331,-0.015394282527267933,0.4475902318954468,0.497525691986084,0.0024504740722477436,0.44696933031082153,0.5141487121582031,0.015600349754095078,0,0,0,0,0,0,0,0,0,0,0,0,0,0,0,0,0,0,0,0,0,0,0,0,0,0,0,0,0,0,0,0,0,0,0,0,0,0,0,0,0,0,0,0,0,0,0,0,0,0,0,0,0,0,0,0,0,0,0,0,0,0,0,eat
0.4344412088394165,0.8021246194839478,-9.746985796255103e-08,0.5063538551330566,0.7470409870147705,0.0059267268516123295,0.5450398325920105,0.6665669083595276,0.006193880457431078,0.5404792428016663,0.5793460011482239,0.006900890730321407,0.5241475105285645,0.5259053111076355,0.01037647109478712,0.5093076825141907,0.5871244668960571,-0.010225994512438774,0.5091474056243896,0.4720790982246399,-0.012787293642759323,0.5080247521400452,0.47466376423835754,-0.009975398890674114,0.5041519999504089,0.4932347238063812,-0.006021559704095125,0.46235185861587524,0.5705348253250122,-0.013683205470442772,0.4714444875717163,0.4481525719165802,-0.013819975778460503,0.48084384202957153,0.46051353216171265,-0.010311047546565533,0.4821723699569702,0.4911719560623169,-0.00696483114734292,0.422372043132782,0.5659422874450684,-0.014296450652182102,0.436225026845932,0.45649254322052,-0.010412207804620266,0.4528912901878357,0.4651014804840088,-0.001680576242506504,0.4581199884414673,0.49017369747161865,0.0027249290142208338,0.3898567259311676,0.5689958930015564,-0.01384647749364376,0.4100199341773987,0.489215612411499,-0.009066726081073284,0.42688876390457153,0.48659080266952515,0.0012630303390324116,0.43340665102005005,0.494571715593338,0.009258163161575794,0,0,0,0,0,0,0,0,0,0,0,0,0,0,0,0,0,0,0,0,0,0,0,0,0,0,0,0,0,0,0,0,0,0,0,0,0,0,0,0,0,0,0,0,0,0,0,0,0,0,0,0,0,0,0,0,0,0,0,0,0,0,0,eat
0.4328955411911011,0.7966732978820801,-2.379206520686239e-08,0.5011879205703735,0.74946528673172,0.004484292585402727,0.5363529920578003,0.6667232513427734,0.005911796819418669,0.5258838534355164,0.5753849148750305,0.009620919823646545,0.5049930810928345,0.5244075059890747,0.015530838631093502,0.5052371025085449,0.5895219445228577,-0.018827078863978386,0.5030238628387451,0.472084105014801,-0.017606468871235847,0.5046641826629639,0.46657615900039673,-0.010223811492323875,0.5007522106170654,0.47776857018470764,-0.0032561677508056164,0.4585113227367401,0.5695949792861938,-0.018890390172600746,0.46502813696861267,0.4473574161529541,-0.013168071396648884,0.47566407918930054,0.45752042531967163,-0.00428708316758275,0.4761846661567688,0.484897255897522,0.0014568028273060918,0.4198169708251953,0.5641413927078247,-0.015380455181002617,0.4333193004131317,0.46164289116859436,-0.005514571443200111,0.4505484700202942,0.4713951349258423,0.006022858899086714,0.45486223697662354,0.4958091378211975,0.010763249360024929,0.3886587619781494,0.5670174956321716,-0.010687782429158688,0.40564364194869995,0.49225807189941406,-4.657761019188911e-05,0.42144083976745605,0.493122935295105,0.012485788203775883,0.4257599115371704,0.5036188960075378,0.02091996744275093,0,0,0,0,0,0,0,0,0,0,0,0,0,0,0,0,0,0,0,0,0,0,0,0,0,0,0,0,0,0,0,0,0,0,0,0,0,0,0,0,0,0,0,0,0,0,0,0,0,0,0,0,0,0,0,0,0,0,0,0,0,0,0,eat
0.4464373290538788,0.7990024089813232,-4.209741746308282e-07,0.3974730372428894,0.7042627930641174,0.024503614753484726,0.3938320279121399,0.6164306998252869,0.030913593247532845,0.41539737582206726,0.5499361753463745,0.03284762427210808,0.4438633620738983,0.517164409160614,0.03576933592557907,0.409746378660202,0.5690234899520874,0.0021923230960965157,0.43339696526527405,0.4591578245162964,0.0034873606637120247,0.43416938185691833,0.4709157645702362,0.01435131672769785,0.4337277412414551,0.49751225113868713,0.02496531791985035,0.45583847165107727,0.5709244608879089,-0.011136473156511784,0.4682295620441437,0.4508650600910187,-0.009478709660470486,0.4621477723121643,0.47080713510513306,0.0022399688605219126,0.45758962631225586,0.5078274607658386,0.013463588431477547,0.49828243255615234,0.584407389163971,-0.020699549466371536,0.5014591217041016,0.4719030261039734,-0.014734089374542236,0.49177154898643494,0.4900350570678711,0.00247347354888916,0.4853108823299408,0.5200916528701782,0.014919538050889969,0.5315450429916382,0.6077083945274353,-0.027782931923866272,0.52982497215271,0.5122254490852356,-0.013386018574237823,0.5168483257293701,0.5199490189552307,0.007866933941841125,0.5103768110275269,0.5427387356758118,0.02350774221122265,0,0,0,0,0,0,0,0,0,0,0,0,0,0,0,0,0,0,0,0,0,0,0,0,0,0,0,0,0,0,0,0,0,0,0,0,0,0,0,0,0,0,0,0,0,0,0,0,0,0,0,0,0,0,0,0,0,0,0,0,0,0,0,eat
0.4383064806461334,0.805034875869751,-1.3788979913442745e-07,0.5087442398071289,0.7628332376480103,0.010534072294831276,0.5575060844421387,0.6993721127510071,0.01085912436246872,0.5658602714538574,0.6259257197380066,0.010440560057759285,0.5521321296691895,0.5749392509460449,0.011309009045362473,0.5279182195663452,0.6121214628219604,-0.013923769816756248,0.5354743003845215,0.4993920922279358,-0.018426720052957535,0.5260791778564453,0.4878160357475281,-0.014362554997205734,0.517275869846344,0.4924743175506592,-0.009463857859373093,0.48471689224243164,0.5881862640380859,-0.02138865552842617,0.49330607056617737,0.46550896763801575,-0.02404024451971054,0.4892879128456116,0.4726947546005249,-0.01573714055120945,0.48484164476394653,0.4996837377548218,-0.008233504369854927,0.44186925888061523,0.5787807703018188,-0.02566702477633953,0.4534528851509094,0.46316251158714294,-0.024566631764173508,0.4583187699317932,0.4724132716655731,-0.008278326131403446,0.4583444595336914,0.497184693813324,0.002868410898372531,0.40285855531692505,0.5817315578460693,-0.028221849352121353,0.4157602787017822,0.48754575848579407,-0.023111961781978607,0.4243276119232178,0.48846131563186646,-0.005760988220572472,0.42839136719703674,0.5028618574142456,0.008124306797981262,0,0,0,0,0,0,0,0,0,0,0,0,0,0,0,0,0,0,0,0,0,0,0,0,0,0,0,0,0,0,0,0,0,0,0,0,0,0,0,0,0,0,0,0,0,0,0,0,0,0,0,0,0,0,0,0,0,0,0,0,0,0,0,eat
0.4343399703502655,0.7940713763237,-1.8697734560646495e-07,0.47313573956489563,0.743127703666687,0.013284176588058472,0.5021516680717468,0.6788355112075806,0.016220390796661377,0.5102347135543823,0.6062025427818298,0.017406903207302094,0.5076640844345093,0.5607659816741943,0.020310766994953156,0.46074721217155457,0.5873863101005554,-0.007458542939275503,0.4722064137458801,0.4801715612411499,-0.00774570694193244,0.4745206832885742,0.48063376545906067,0.0006493787514045835,0.4718286097049713,0.4974200129508972,0.008708624169230461,0.45522692799568176,0.5705912709236145,-0.014145560562610626,0.47020938992500305,0.457145094871521,-0.013266298919916153,0.4727779030799866,0.4715461730957031,-0.0030330156441777945,0.4695720076560974,0.5003088116645813,0.005338436458259821,0.45172229409217834,0.5683619379997253,-0.017651982605457306,0.466856449842453,0.458834707736969,-0.014492408372461796,0.47152772545814514,0.4747021198272705,0.0001100650624721311,0.4696449935436249,0.5008994340896606,0.010081527754664421,0.4495123624801636,0.578935444355011,-0.01928677037358284,0.4683636724948883,0.4887956976890564,-0.011109492741525173,0.4757601022720337,0.49003008008003235,0.005003392696380615,0.4779566526412964,0.5039095282554626,0.017319612205028534,0,0,0,0,0,0,0,0,0,0,0,0,0,0,0,0,0,0,0,0,0,0,0,0,0,0,0,0,0,0,0,0,0,0,0,0,0,0,0,0,0,0,0,0,0,0,0,0,0,0,0,0,0,0,0,0,0,0,0,0,0,0,0,eat
0.431593656539917,0.7805135250091553,-2.683147215520876e-07,0.4269668161869049,0.7063666582107544,0.02106529101729393,0.4375506639480591,0.6327588558197021,0.024799425154924393,0.45137882232666016,0.5703441500663757,0.02500944584608078,0.46151161193847656,0.5307800769805908,0.026784176006913185,0.43038660287857056,0.5692830085754395,-0.002163257682695985,0.4505254626274109,0.46359798312187195,-0.002492983592674136,0.45198574662208557,0.4739001989364624,0.005379163194447756,0.44886481761932373,0.49582555890083313,0.013678481802344322,0.4439869821071625,0.5641229748725891,-0.0140834366902709,0.461712509393692,0.4492405652999878,-0.013952884823083878,0.4601166844367981,0.46894407272338867,-0.004242639988660812,0.4532712697982788,0.500941812992096,0.005085131153464317,0.4568954110145569,0.5699212551116943,-0.02219068445265293,0.4700019657611847,0.4627602994441986,-0.017487339675426483,0.4682612419128418,0.4827459156513214,-0.0014345903182402253,0.4623699188232422,0.509006142616272,0.009919879958033562,0.4661622941493988,0.5863977074623108,-0.027944615110754967,0.4766509532928467,0.4951245188713074,-0.015444944612681866,0.47495827078819275,0.5076178312301636,0.004835858009755611,0.47223642468452454,0.5313136577606201,0.01989910565316677,0,0,0,0,0,0,0,0,0,0,0,0,0,0,0,0,0,0,0,0,0,0,0,0,0,0,0,0,0,0,0,0,0,0,0,0,0,0,0,0,0,0,0,0,0,0,0,0,0,0,0,0,0,0,0,0,0,0,0,0,0,0,0,eat
0.4296739399433136,0.7865248322486877,-2.9768906983917987e-07,0.49427536129951477,0.7401585578918457,0.015368436463177204,0.534913182258606,0.6723394989967346,0.01846826635301113,0.5388738512992859,0.5979537963867188,0.019101956859230995,0.5232343673706055,0.5495309233665466,0.02127194218337536,0.513772189617157,0.5933836698532104,-0.005717082880437374,0.5189266204833984,0.49071329832077026,-0.009830758906900883,0.5065873861312866,0.5060481429100037,-0.0060899327509105206,0.4978155493736267,0.532867968082428,-0.0013514957390725613,0.47307348251342773,0.5705593228340149,-0.01599433273077011,0.48199841380119324,0.457667738199234,-0.01779763214290142,0.4735509753227234,0.4804571270942688,-0.008892770856618881,0.4657362699508667,0.517238438129425,-0.0009471811936236918,0.43094027042388916,0.561634361743927,-0.023282267153263092,0.44303423166275024,0.45535004138946533,-0.02121965028345585,0.44453734159469604,0.4806153476238251,-0.0037156161852180958,0.4409647583961487,0.5138437747955322,0.007801918778568506,0.3908120095729828,0.565530002117157,-0.02867349609732628,0.40304648876190186,0.4786694347858429,-0.02223232574760914,0.40819087624549866,0.4971691071987152,-0.00308151519857347,0.4077813923358917,0.5234492421150208,0.011558041907846928,0,0,0,0,0,0,0,0,0,0,0,0,0,0,0,0,0,0,0,0,0,0,0,0,0,0,0,0,0,0,0,0,0,0,0,0,0,0,0,0,0,0,0,0,0,0,0,0,0,0,0,0,0,0,0,0,0,0,0,0,0,0,0,eat
0.4323227107524872,0.7902504801750183,-2.758643802280858e-07,0.39394932985305786,0.7110035419464111,0.017910558730363846,0.3912247121334076,0.6266624927520752,0.023585163056850433,0.4113416075706482,0.5547532439231873,0.028167467564344406,0.43436190485954285,0.5145527124404907,0.034709714353084564,0.3958255648612976,0.5732516646385193,-0.007444108370691538,0.4223140776157379,0.46446681022644043,-0.004251854028552771,0.4325927197933197,0.45750218629837036,0.008917219936847687,0.4351945221424103,0.4680870473384857,0.020919281989336014,0.433076411485672,0.571997880935669,-0.014544456265866756,0.44968628883361816,0.4526892900466919,-0.013738524168729782,0.4496731758117676,0.4587063789367676,-0.0017510473262518644,0.4453200697898865,0.4818309545516968,0.009741089306771755,0.47071176767349243,0.5822607278823853,-0.017476962879300117,0.4821084141731262,0.469620943069458,-0.014016246423125267,0.47694095969200134,0.4739379286766052,0.0011057142401114106,0.4708118736743927,0.491573303937912,0.012692976742982864,0.5014860033988953,0.602520763874054,-0.017910150811076164,0.5063641667366028,0.5134704113006592,-0.006904959212988615,0.4966801404953003,0.511417031288147,0.010618972592055798,0.49112021923065186,0.5238990187644958,0.02429778315126896,0,0,0,0,0,0,0,0,0,0,0,0,0,0,0,0,0,0,0,0,0,0,0,0,0,0,0,0,0,0,0,0,0,0,0,0,0,0,0,0,0,0,0,0,0,0,0,0,0,0,0,0,0,0,0,0,0,0,0,0,0,0,0,eat
0.42427942156791687,0.7830832600593567,-3.0391174732358195e-07,0.46001654863357544,0.7212043404579163,0.019982345402240753,0.48742666840553284,0.6464322209358215,0.02435806207358837,0.49482399225234985,0.5747835636138916,0.02567559853196144,0.4904070794582367,0.5284905433654785,0.02838469110429287,0.47402799129486084,0.5795695185661316,-0.0035208952613174915,0.48582950234413147,0.4729578495025635,-0.006104891654103994,0.4800061285495758,0.4947466254234314,-0.0006360537954606116,0.4726948142051697,0.5241400003433228,0.005804331507533789,0.4539254307746887,0.564673900604248,-0.01539889071136713,0.4675784409046173,0.44532352685928345,-0.018001478165388107,0.4630098044872284,0.47039908170700073,-0.009234736673533916,0.4557356834411621,0.50819993019104,0.000331212388118729,0.43181112408638,0.5610798597335815,-0.023568522185087204,0.44354507327079773,0.45149439573287964,-0.021300246939063072,0.4459082782268524,0.4764235019683838,-0.004718012176454067,0.44137024879455566,0.5081231594085693,0.0075930217280983925,0.40794798731803894,0.5677956342697144,-0.029334817081689835,0.41656768321990967,0.48041006922721863,-0.020949194207787514,0.42054152488708496,0.49589964747428894,-0.0018299325602129102,0.42008668184280396,0.5188300609588623,0.013455559499561787,0,0,0,0,0,0,0,0,0,0,0,0,0,0,0,0,0,0,0,0,0,0,0,0,0,0,0,0,0,0,0,0,0,0,0,0,0,0,0,0,0,0,0,0,0,0,0,0,0,0,0,0,0,0,0,0,0,0,0,0,0,0,0,eat
0.42290276288986206,0.786185622215271,-3.4866667419919395e-07,0.41783273220062256,0.7082701921463013,0.025377823039889336,0.4268406927585602,0.6298658847808838,0.03270436078310013,0.4370442032814026,0.561819314956665,0.036368951201438904,0.4445905089378357,0.5229024291038513,0.040901876986026764,0.42808857560157776,0.5676393508911133,0.0024568848311901093,0.4408123195171356,0.46343135833740234,0.005722424015402794,0.43993324041366577,0.47289568185806274,0.015052895061671734,0.4367518126964569,0.4947287440299988,0.023584911599755287,0.44153738021850586,0.5627238154411316,-0.009723621420562267,0.4517214596271515,0.44878336787223816,-0.005158226937055588,0.4480659067630768,0.4654094874858856,0.005368044134229422,0.44205692410469055,0.4974329173564911,0.014079036191105843,0.4525507092475891,0.5693531036376953,-0.01758025772869587,0.46156787872314453,0.4618995189666748,-0.009204051457345486,0.4577838182449341,0.4780387580394745,0.0060791801661252975,0.45249393582344055,0.5049676299095154,0.015574664808809757,0.4580843448638916,0.5858849287033081,-0.022664792835712433,0.4612570106983185,0.4987342953681946,-0.009428062476217747,0.45705655217170715,0.50478196144104,0.008758638985455036,0.4547725021839142,0.523210346698761,0.021852616220712662,0,0,0,0,0,0,0,0,0,0,0,0,0,0,0,0,0,0,0,0,0,0,0,0,0,0,0,0,0,0,0,0,0,0,0,0,0,0,0,0,0,0,0,0,0,0,0,0,0,0,0,0,0,0,0,0,0,0,0,0,0,0,0,eat
0.4292543828487396,0.7865736484527588,-3.909193821982626e-07,0.3979297876358032,0.7022364735603333,0.023011453449726105,0.404659241437912,0.6212753653526306,0.027243930846452713,0.4285065829753876,0.5573353171348572,0.02706759050488472,0.45172935724258423,0.5176587700843811,0.02823818475008011,0.40066999197006226,0.5653970241546631,0.0003222171508241445,0.42333874106407166,0.4566350281238556,-0.0007853769930079579,0.4301643371582031,0.4757349491119385,0.0069746398366987705,0.4292793571949005,0.5065795183181763,0.015538996085524559,0.43472135066986084,0.5635267496109009,-0.013735700398683548,0.4492091238498688,0.44605693221092224,-0.013306119479238987,0.45101791620254517,0.47237715125083923,-0.003924636635929346,0.4449039697647095,0.5122233033180237,0.005180285777896643,0.4676041603088379,0.5732690095901489,-0.02420632168650627,0.4765455424785614,0.46092545986175537,-0.019712578505277634,0.47380542755126953,0.4868908226490021,-0.0034367740154266357,0.466003954410553,0.5198245048522949,0.007956488989293575,0.49405625462532043,0.5933740735054016,-0.03223919868469238,0.4954584836959839,0.500045657157898,-0.01995960809290409,0.488238126039505,0.5163353681564331,0.0006695784395560622,0.4826929271221161,0.5431671142578125,0.015771685168147087,0,0,0,0,0,0,0,0,0,0,0,0,0,0,0,0,0,0,0,0,0,0,0,0,0,0,0,0,0,0,0,0,0,0,0,0,0,0,0,0,0,0,0,0,0,0,0,0,0,0,0,0,0,0,0,0,0,0,0,0,0,0,0,eat
0.42676180601119995,0.7873579263687134,-3.031086919236259e-07,0.3783639669418335,0.6949053406715393,0.025512317195534706,0.3754000663757324,0.6066600680351257,0.02975829504430294,0.4007262587547302,0.5441027283668518,0.029115229845046997,0.4313925504684448,0.5105391144752502,0.02928726188838482,0.3764401078224182,0.5652919411659241,-0.0015991678228601813,0.40538182854652405,0.458651602268219,-0.0025882134214043617,0.41921886801719666,0.46717026829719543,0.006498793605715036,0.42188727855682373,0.49152255058288574,0.016103385016322136,0.4220929741859436,0.5673097968101501,-0.018013939261436462,0.4414481222629547,0.44589734077453613,-0.01764144003391266,0.4477599561214447,0.46525922417640686,-0.006773627828806639,0.44420409202575684,0.5012180805206299,0.0037164969835430384,0.4664224684238434,0.5793610215187073,-0.03036908432841301,0.4803765118122101,0.4659380614757538,-0.026222463697195053,0.4787070155143738,0.48457345366477966,-0.00911807082593441,0.47064903378486633,0.5130713582038879,0.003325721947476268,0.5036824941635132,0.6009098887443542,-0.03997276723384857,0.505576491355896,0.5041698813438416,-0.02726678177714348,0.4975554943084717,0.5164645910263062,-0.00546026648953557,0.49079397320747375,0.5407713055610657,0.010715711861848831,0,0,0,0,0,0,0,0,0,0,0,0,0,0,0,0,0,0,0,0,0,0,0,0,0,0,0,0,0,0,0,0,0,0,0,0,0,0,0,0,0,0,0,0,0,0,0,0,0,0,0,0,0,0,0,0,0,0,0,0,0,0,0,eat
0.42446792125701904,0.7793246507644653,-3.505446670715173e-07,0.37878796458244324,0.689266562461853,0.025453178212046623,0.3764304518699646,0.6024795174598694,0.02940043807029724,0.40109872817993164,0.542212963104248,0.028584683313965797,0.43065235018730164,0.5097759366035461,0.028831230476498604,0.38183704018592834,0.5590736865997314,-0.005172958131879568,0.40989577770233154,0.4528999328613281,-0.006304377224296331,0.41750672459602356,0.4723794460296631,0.0036582183092832565,0.4175044298171997,0.5045307874679565,0.013906503096222878,0.42348483204841614,0.5599207282066345,-0.021371059119701385,0.44538694620132446,0.4400235414505005,-0.02115037851035595,0.44672784209251404,0.46519601345062256,-0.008222282864153385,0.44269511103630066,0.5040993690490723,0.0036543679889291525,0.4648546278476715,0.572228193283081,-0.033418621867895126,0.48126620054244995,0.4620519280433655,-0.02800038270652294,0.4753127992153168,0.484701007604599,-0.009349980391561985,0.4672834575176239,0.5148351788520813,0.003767455695196986,0.5002039670944214,0.5966269373893738,-0.042872123420238495,0.5062915682792664,0.5013725757598877,-0.027769526466727257,0.4949566125869751,0.5166369676589966,-0.004904524423182011,0.4876839518547058,0.543520450592041,0.011480248533189297,0,0,0,0,0,0,0,0,0,0,0,0,0,0,0,0,0,0,0,0,0,0,0,0,0,0,0,0,0,0,0,0,0,0,0,0,0,0,0,0,0,0,0,0,0,0,0,0,0,0,0,0,0,0,0,0,0,0,0,0,0,0,0,eat
0.4231681823730469,0.778861403465271,-3.533219512519281e-07,0.3767099678516388,0.685236930847168,0.026098079979419708,0.37586143612861633,0.5994246006011963,0.030483949929475784,0.40453359484672546,0.5419458150863647,0.02931111864745617,0.43850263953208923,0.5130308866500854,0.028797095641493797,0.37660616636276245,0.5549007058143616,-0.00013613431656267494,0.40430596470832825,0.45699775218963623,-0.0006453425157815218,0.41809356212615967,0.47359001636505127,0.0078108543530106544,0.42071107029914856,0.5024555325508118,0.016324911266565323,0.42135417461395264,0.5560805797576904,-0.01772003248333931,0.44221407175064087,0.4448026418685913,-0.015476847998797894,0.4475950002670288,0.46906742453575134,-0.004566751886159182,0.4439121186733246,0.5066388249397278,0.00465821847319603,0.4657076597213745,0.5683090090751648,-0.031366799026727676,0.48406997323036194,0.4654172956943512,-0.024915125221014023,0.48112598061561584,0.4895809292793274,-0.008040713146328926,0.47331276535987854,0.5205612182617188,0.0028450696263462305,0.5037916302680969,0.5915446877479553,-0.04260512813925743,0.5095601081848145,0.5034818649291992,-0.028761954978108406,0.5015112161636353,0.521342396736145,-0.007225786801427603,0.49555420875549316,0.5486302375793457,0.00793362595140934,0,0,0,0,0,0,0,0,0,0,0,0,0,0,0,0,0,0,0,0,0,0,0,0,0,0,0,0,0,0,0,0,0,0,0,0,0,0,0,0,0,0,0,0,0,0,0,0,0,0,0,0,0,0,0,0,0,0,0,0,0,0,0,eat
0.42421045899391174,0.7753984332084656,-3.3789140729822975e-07,0.3773377537727356,0.6867173910140991,0.02476288191974163,0.3745097219944,0.6014384031295776,0.028771044686436653,0.402055561542511,0.5419299006462097,0.027850590646266937,0.43606501817703247,0.512170135974884,0.028100114315748215,0.3731387257575989,0.5549808144569397,-0.003524542087689042,0.4019486904144287,0.4575520157814026,-0.004907736089080572,0.4178326427936554,0.4768489599227905,0.0047388444654643536,0.42064544558525085,0.5083581805229187,0.014654564671218395,0.4185914695262909,0.5548971891403198,-0.020581740885972977,0.44133925437927246,0.43965861201286316,-0.020965740084648132,0.44841551780700684,0.46774041652679443,-0.00877347867935896,0.44429296255111694,0.5077525973320007,0.0027791925240308046,0.4638880491256714,0.5665801763534546,-0.033685553818941116,0.48469042778015137,0.46392306685447693,-0.02966012805700302,0.48305851221084595,0.4912272095680237,-0.011367647908627987,0.47444993257522583,0.5229146480560303,0.001879788702353835,0.5026357173919678,0.5907958149909973,-0.04432355985045433,0.5097829699516296,0.5028270483016968,-0.031013183295726776,0.5028636455535889,0.5224844813346863,-0.008087105117738247,0.4963940382003784,0.5508167147636414,0.008715362288057804,0,0,0,0,0,0,0,0,0,0,0,0,0,0,0,0,0,0,0,0,0,0,0,0,0,0,0,0,0,0,0,0,0,0,0,0,0,0,0,0,0,0,0,0,0,0,0,0,0,0,0,0,0,0,0,0,0,0,0,0,0,0,0,eat
0.42281556129455566,0.7750282287597656,-3.2131308103089395e-07,0.3770841062068939,0.6796627044677734,0.027061043307185173,0.3752111792564392,0.5943880081176758,0.03157670423388481,0.40166622400283813,0.5380735993385315,0.030554866418242455,0.43294569849967957,0.5106555223464966,0.030189596116542816,0.3762882351875305,0.5500419735908508,-0.0007317834533751011,0.40708810091018677,0.45330414175987244,-0.0006276888307183981,0.42178696393966675,0.4682134985923767,0.008575514890253544,0.42490050196647644,0.49655529856681824,0.017623890191316605,0.42105400562286377,0.5521131753921509,-0.018593810498714447,0.44602224230766296,0.44428175687789917,-0.014831740409135818,0.45191797614097595,0.4680737853050232,-0.0029867987614125013,0.4488578140735626,0.5043898820877075,0.0064259907230734825,0.465597003698349,0.5651763677597046,-0.03233593329787254,0.48603540658950806,0.4634244441986084,-0.024135654792189598,0.4832283556461334,0.48610132932662964,-0.006630308460444212,0.4756585359573364,0.5158998966217041,0.004202267620712519,0.5042420625686646,0.5897557139396667,-0.04359676316380501,0.5104683041572571,0.501039445400238,-0.028313202783465385,0.5018601417541504,0.5163971781730652,-0.006112364586442709,0.4953277111053467,0.5419743061065674,0.00942196138203144,0,0,0,0,0,0,0,0,0,0,0,0,0,0,0,0,0,0,0,0,0,0,0,0,0,0,0,0,0,0,0,0,0,0,0,0,0,0,0,0,0,0,0,0,0,0,0,0,0,0,0,0,0,0,0,0,0,0,0,0,0,0,0,eat
0.4308064579963684,0.7688440084457397,-2.8886137215522467e-07,0.3853549659252167,0.6775157451629639,0.02497788518667221,0.37990087270736694,0.5856966972351074,0.03043198771774769,0.39880549907684326,0.516252875328064,0.031323350965976715,0.4266323447227478,0.4796311855316162,0.03335469961166382,0.3849138617515564,0.5448382496833801,-0.0011158138513565063,0.4142921566963196,0.44806402921676636,-0.0004683297302108258,0.4288727045059204,0.4533514380455017,0.008977564983069897,0.43290629982948303,0.47350049018859863,0.018131650984287262,0.43103206157684326,0.5503972768783569,-0.01661929115653038,0.45644962787628174,0.4429280757904053,-0.014411923475563526,0.46084558963775635,0.46464401483535767,-0.0028989955317229033,0.4574977159500122,0.49747779965400696,0.007065985817462206,0.4755958020687103,0.5645076632499695,-0.028023963794112206,0.4968646168708801,0.4680783748626709,-0.02087368071079254,0.49238353967666626,0.48829448223114014,-0.0033358146902173758,0.48401546478271484,0.5154372453689575,0.008143634535372257,0.5129318237304688,0.5881485939025879,-0.03706395626068115,0.5206130146980286,0.5038804411888123,-0.02129824087023735,0.5112293362617493,0.5174869298934937,0.0008933203062042594,0.5034626722335815,0.5417273044586182,0.016533486545085907,0,0,0,0,0,0,0,0,0,0,0,0,0,0,0,0,0,0,0,0,0,0,0,0,0,0,0,0,0,0,0,0,0,0,0,0,0,0,0,0,0,0,0,0,0,0,0,0,0,0,0,0,0,0,0,0,0,0,0,0,0,0,0,eat
0.4392561912536621,0.768656849861145,-3.0065763212405727e-07,0.3937097191810608,0.680675745010376,0.030942467972636223,0.38980311155319214,0.5914325714111328,0.03809857740998268,0.4094565510749817,0.5249229073524475,0.040117498487234116,0.4384344518184662,0.49100568890571594,0.042932651937007904,0.39041805267333984,0.5439339280128479,-0.00014514046779368073,0.4211328327655792,0.44891154766082764,0.004419686738401651,0.43904420733451843,0.4551472067832947,0.017920495942234993,0.44386136531829834,0.47493216395378113,0.029533831402659416,0.4361034333705902,0.5472908616065979,-0.017721230164170265,0.4632989168167114,0.44106000661849976,-0.011904855258762836,0.4706006646156311,0.46464255452156067,0.002647914458066225,0.4672462046146393,0.497949481010437,0.014030568301677704,0.48136037588119507,0.5607810020446777,-0.030049394816160202,0.5043021440505981,0.4661167860031128,-0.01893005333840847,0.502468466758728,0.48990678787231445,0.0010372304823249578,0.49438533186912537,0.5186790823936462,0.013077912852168083,0.5194922089576721,0.5849829316139221,-0.03945302963256836,0.5277403593063354,0.5015206336975098,-0.020061176270246506,0.5199923515319824,0.5184085369110107,0.004485835786908865,0.5129190683364868,0.5441229343414307,0.02113831415772438,0,0,0,0,0,0,0,0,0,0,0,0,0,0,0,0,0,0,0,0,0,0,0,0,0,0,0,0,0,0,0,0,0,0,0,0,0,0,0,0,0,0,0,0,0,0,0,0,0,0,0,0,0,0,0,0,0,0,0,0,0,0,0,eat
0.441993772983551,0.7629954814910889,-2.9564418468908116e-07,0.3965567648410797,0.672748327255249,0.02788691222667694,0.3926578164100647,0.5875037312507629,0.033469777554273605,0.4155389666557312,0.5261573195457458,0.03382938727736473,0.44479674100875854,0.4950103163719177,0.035090457648038864,0.3956732451915741,0.5413459539413452,-0.00032785022631287575,0.4260687530040741,0.4471161663532257,0.0009775504004210234,0.4408813714981079,0.45742306113243103,0.011659836396574974,0.4433220624923706,0.48038411140441895,0.021810749545693398,0.441209077835083,0.5463165640830994,-0.017673395574092865,0.4666428565979004,0.4374554455280304,-0.016285831108689308,0.47310441732406616,0.46109309792518616,-0.004011855460703373,0.46892842650413513,0.49660882353782654,0.007097757887095213,0.48588964343070984,0.5610271692276001,-0.030579248443245888,0.5087462663650513,0.46182507276535034,-0.02379791811108589,0.5062363743782043,0.483110249042511,-0.00535133620724082,0.49665507674217224,0.5112881064414978,0.007390270009636879,0.523352861404419,0.5867735743522644,-0.040780164301395416,0.5322878956794739,0.498540997505188,-0.024402601644396782,0.5241346955299377,0.5115713477134705,-0.0008588280761614442,0.5154280662536621,0.5360059142112732,0.01600966788828373,0,0,0,0,0,0,0,0,0,0,0,0,0,0,0,0,0,0,0,0,0,0,0,0,0,0,0,0,0,0,0,0,0,0,0,0,0,0,0,0,0,0,0,0,0,0,0,0,0,0,0,0,0,0,0,0,0,0,0,0,0,0,0,eat
0.4403371214866638,0.7653409242630005,-3.06872692590332e-07,0.3963848948478699,0.6731616854667664,0.028881287202239037,0.3948591947555542,0.5897886753082275,0.034509360790252686,0.4214897155761719,0.5345824956893921,0.034313447773456573,0.45330047607421875,0.5073416233062744,0.034710753709077835,0.3949839472770691,0.5418688058853149,0.002289063995704055,0.4256344735622406,0.44865599274635315,0.003630139399319887,0.44340601563453674,0.4635952115058899,0.013783760368824005,0.44703131914138794,0.49045640230178833,0.0233972929418087,0.43919438123703003,0.5434882640838623,-0.016353238373994827,0.46681270003318787,0.43623989820480347,-0.012378632090985775,0.4762468934059143,0.4611716866493225,-0.00014463516708929092,0.47278982400894165,0.4984820485115051,0.0099626574665308,0.4832584857940674,0.5575620532035828,-0.030789967626333237,0.5068662166595459,0.4591200351715088,-0.0222692359238863,0.5071818232536316,0.48275142908096313,-0.0043532052077353,0.4988730549812317,0.5124590396881104,0.006961974315345287,0.5211817622184753,0.5842611789703369,-0.04262837395071983,0.5310848951339722,0.4982301592826843,-0.026919014751911163,0.5245769023895264,0.5143526792526245,-0.00430410448461771,0.5164695382118225,0.5401038527488708,0.01154144573956728,0,0,0,0,0,0,0,0,0,0,0,0,0,0,0,0,0,0,0,0,0,0,0,0,0,0,0,0,0,0,0,0,0,0,0,0,0,0,0,0,0,0,0,0,0,0,0,0,0,0,0,0,0,0,0,0,0,0,0,0,0,0,0,eat
0.4478062391281128,0.7596100568771362,-2.9964598979859147e-07,0.4027448296546936,0.669385552406311,0.031303856521844864,0.3995243310928345,0.586020827293396,0.03738781064748764,0.4212481379508972,0.5234893560409546,0.038139406591653824,0.4514150321483612,0.4920533299446106,0.03957247734069824,0.4021323323249817,0.5395582318305969,-0.0028794556856155396,0.4309512674808502,0.44321808218955994,0.0014905616408213973,0.4489835500717163,0.45032405853271484,0.01598649099469185,0.45350807905197144,0.47161364555358887,0.028471756726503372,0.4475115239620209,0.5439084768295288,-0.020922059193253517,0.4738413095474243,0.43773841857910156,-0.01557521615177393,0.4813880920410156,0.45984330773353577,-0.00036556951818056405,0.4779932498931885,0.4926832616329193,0.011362163349986076,0.491784930229187,0.5581458210945129,-0.03351550176739693,0.5150108337402344,0.4606943130493164,-0.022904038429260254,0.5127425193786621,0.4824386239051819,-0.0023249611258506775,0.5037870407104492,0.5105640292167664,0.010210994631052017,0.5289776921272278,0.582895815372467,-0.043072912842035294,0.5382556319236755,0.4953150153160095,-0.024305542930960655,0.5300658941268921,0.5095022320747375,0.0005752126453444362,0.5216960906982422,0.5342746376991272,0.017620310187339783,0,0,0,0,0,0,0,0,0,0,0,0,0,0,0,0,0,0,0,0,0,0,0,0,0,0,0,0,0,0,0,0,0,0,0,0,0,0,0,0,0,0,0,0,0,0,0,0,0,0,0,0,0,0,0,0,0,0,0,0,0,0,0,eat
0.4528828561306,0.7574016451835632,-3.1715350701233547e-07,0.4079706072807312,0.6689704060554504,0.03038339503109455,0.40549319982528687,0.5846284627914429,0.0367744117975235,0.4288349449634552,0.5240244269371033,0.03796415776014328,0.4588974416255951,0.49425196647644043,0.04016496241092682,0.4060056805610657,0.5350866317749023,-0.0006667306297458708,0.4370881915092468,0.4413658678531647,0.0037089278921484947,0.4516344666481018,0.45359301567077637,0.017855757847428322,0.4538726806640625,0.4779099225997925,0.030148258432745934,0.45177513360977173,0.5394291281700134,-0.018388718366622925,0.4776165187358856,0.4324972629547119,-0.014366989955306053,0.4831303060054779,0.4578026235103607,0.00041205232264474034,0.4787833094596863,0.4940456748008728,0.012922419235110283,0.49662062525749207,0.5541577935218811,-0.03107464127242565,0.5189322233200073,0.4565260410308838,-0.02175453118979931,0.5158416032791138,0.4795754849910736,-0.001973244361579418,0.5065709948539734,0.5089579224586487,0.011104482226073742,0.5342756509780884,0.580499529838562,-0.04074731841683388,0.5424109101295471,0.4936816692352295,-0.021803200244903564,0.5337326526641846,0.5081120133399963,0.0028307889588177204,0.525617778301239,0.5335501432418823,0.020006896927952766,0,0,0,0,0,0,0,0,0,0,0,0,0,0,0,0,0,0,0,0,0,0,0,0,0,0,0,0,0,0,0,0,0,0,0,0,0,0,0,0,0,0,0,0,0,0,0,0,0,0,0,0,0,0,0,0,0,0,0,0,0,0,0,eat
0.45183658599853516,0.7595804333686829,-3.117087032933341e-07,0.4080122709274292,0.6689143180847168,0.030035708099603653,0.4054539203643799,0.584685742855072,0.03673812747001648,0.4301307201385498,0.5262846350669861,0.03776675835251808,0.4617161750793457,0.49972987174987793,0.03956866264343262,0.4087159335613251,0.5367668867111206,0.0024224475491791964,0.44042322039604187,0.4442138969898224,0.005943508818745613,0.45467954874038696,0.4554377794265747,0.018341628834605217,0.4576300382614136,0.47999465465545654,0.02927444688975811,0.4524058997631073,0.5402712225914001,-0.015647120773792267,0.4793952405452728,0.4351454973220825,-0.01077653281390667,0.4853925108909607,0.45649605989456177,0.002766261575743556,0.48299041390419006,0.4898640811443329,0.013737655244767666,0.4962441623210907,0.554935097694397,-0.029153700917959213,0.5191088318824768,0.45716047286987305,-0.01988965831696987,0.5164753794670105,0.4776923358440399,-0.0013751088408753276,0.5089671611785889,0.5053695440292358,0.010423543862998486,0.5341921448707581,0.5817397832870483,-0.03989149257540703,0.544320285320282,0.4947606325149536,-0.02295747399330139,0.5355010628700256,0.5078017115592957,-0.0001048338963300921,0.5278615951538086,0.5318515300750732,0.015830233693122864,0,0,0,0,0,0,0,0,0,0,0,0,0,0,0,0,0,0,0,0,0,0,0,0,0,0,0,0,0,0,0,0,0,0,0,0,0,0,0,0,0,0,0,0,0,0,0,0,0,0,0,0,0,0,0,0,0,0,0,0,0,0,0,eat
0.4507613778114319,0.7584199905395508,-3.610072951687471e-07,0.40780511498451233,0.6682707667350769,0.02804637886583805,0.4060206711292267,0.5836971402168274,0.0336562916636467,0.43066924810409546,0.5250194668769836,0.03402470797300339,0.46165984869003296,0.4979110360145569,0.03556743264198303,0.40911152958869934,0.5338090062141418,-0.0005369079881347716,0.440937340259552,0.4430882930755615,0.0008195865666493773,0.4529270529747009,0.4632025361061096,0.01263148058205843,0.45260509848594666,0.49340784549713135,0.02371758595108986,0.45379066467285156,0.5386750102043152,-0.018323199823498726,0.4810260832309723,0.43147000670433044,-0.016444789245724678,0.4851791262626648,0.45973584055900574,-0.0025850331876426935,0.47990354895591736,0.4978644847869873,0.009624166414141655,0.4976593554019928,0.5544189810752869,-0.03179638087749481,0.5204741954803467,0.45594480633735657,-0.025039292871952057,0.5173136591911316,0.4824581444263458,-0.00541438814252615,0.5087246298789978,0.5132734775543213,0.008073916658759117,0.5345295071601868,0.5823096632957458,-0.04261232912540436,0.5436163544654846,0.4938131272792816,-0.026821035891771317,0.5348696112632751,0.5109658241271973,-0.0029482331592589617,0.5271815657615662,0.5379846096038818,0.014130031690001488,0,0,0,0,0,0,0,0,0,0,0,0,0,0,0,0,0,0,0,0,0,0,0,0,0,0,0,0,0,0,0,0,0,0,0,0,0,0,0,0,0,0,0,0,0,0,0,0,0,0,0,0,0,0,0,0,0,0,0,0,0,0,0,eat
0.45130831003189087,0.7598474621772766,-3.681107898501068e-07,0.4070996046066284,0.6687964200973511,0.027978194877505302,0.40645909309387207,0.5855900645256042,0.03311917930841446,0.4331091642379761,0.5294021964073181,0.03282344341278076,0.46488282084465027,0.5038111209869385,0.03354450315237045,0.40911322832107544,0.5336715579032898,0.0001198100799228996,0.4410076141357422,0.4436555802822113,0.001069141668267548,0.45152658224105835,0.46570834517478943,0.011907641775906086,0.45094799995422363,0.4974634647369385,0.02225549705326557,0.4538109600543976,0.5385903716087341,-0.017790358513593674,0.48037847876548767,0.43131446838378906,-0.015328887850046158,0.48306673765182495,0.4588509500026703,-0.0019651995971798897,0.47813063859939575,0.4972611963748932,0.009594987146556377,0.49786630272865295,0.5550185441970825,-0.031512703746557236,0.5199213027954102,0.45516788959503174,-0.02464074082672596,0.5156418681144714,0.4802730679512024,-0.005779126193374395,0.5076464414596558,0.5109933018684387,0.007047364953905344,0.5351036190986633,0.583215057849884,-0.04254899173974991,0.5426313877105713,0.4942888617515564,-0.02671723999083042,0.5329738259315491,0.5105772614479065,-0.003137763822451234,0.5259986519813538,0.5368139147758484,0.013654236681759357,0,0,0,0,0,0,0,0,0,0,0,0,0,0,0,0,0,0,0,0,0,0,0,0,0,0,0,0,0,0,0,0,0,0,0,0,0,0,0,0,0,0,0,0,0,0,0,0,0,0,0,0,0,0,0,0,0,0,0,0,0,0,0,eat
0.4509928524494171,0.7586384415626526,-2.633933888773754e-07,0.4068326950073242,0.6681802272796631,0.027758276090025902,0.40588876605033875,0.583628237247467,0.03313672915101051,0.4318261742591858,0.5247026681900024,0.0333704799413681,0.46353259682655334,0.49583253264427185,0.034092411398887634,0.4056066572666168,0.5374124050140381,-0.0020119163673371077,0.4387950897216797,0.4363434910774231,-0.0009815728990361094,0.45682960748672485,0.4401969015598297,0.009983216412365437,0.4625376760959625,0.4597468972206116,0.02061191387474537,0.45178282260894775,0.5411308407783508,-0.019017983227968216,0.4792715907096863,0.4301215410232544,-0.01603148877620697,0.48547253012657166,0.4527569115161896,-0.0025568699929863214,0.48100969195365906,0.4882628619670868,0.009035138413310051,0.49691978096961975,0.5556814074516296,-0.03151969984173775,0.5192369222640991,0.4543401598930359,-0.023066040128469467,0.516913890838623,0.4767654538154602,-0.0035967358853667974,0.5087321400642395,0.5058204531669617,0.009331355802714825,0.5349694490432739,0.5805119276046753,-0.04137445241212845,0.540856122970581,0.48986703157424927,-0.024281317368149757,0.5325628519058228,0.5035295486450195,-0.00031091750133782625,0.5253974199295044,0.5280274152755737,0.016717003658413887,0,0,0,0,0,0,0,0,0,0,0,0,0,0,0,0,0,0,0,0,0,0,0,0,0,0,0,0,0,0,0,0,0,0,0,0,0,0,0,0,0,0,0,0,0,0,0,0,0,0,0,0,0,0,0,0,0,0,0,0,0,0,0,eat
0.45021969079971313,0.7593809962272644,-2.685264917090535e-07,0.40556663274765015,0.6680934429168701,0.029085377231240273,0.40305188298225403,0.582940399646759,0.03466697037220001,0.4272274374961853,0.521225094795227,0.03508525341749191,0.4577678143978119,0.49038970470428467,0.03598243370652199,0.40401312708854675,0.5383251309394836,-0.003078953828662634,0.43790748715400696,0.43820086121559143,-0.0006618829211220145,0.455260306596756,0.441330224275589,0.011844011954963207,0.46119770407676697,0.45963919162750244,0.023208949714899063,0.4509112238883972,0.5425604581832886,-0.02061322145164013,0.47830715775489807,0.4309723973274231,-0.017025886103510857,0.48351770639419556,0.45325198769569397,-0.0026387525722384453,0.4790831208229065,0.4882459044456482,0.009277015924453735,0.4966294765472412,0.5571869015693665,-0.03317898139357567,0.5188803672790527,0.45342403650283813,-0.024299679324030876,0.5159799456596375,0.4771595597267151,-0.0036934062372893095,0.5077025890350342,0.5073410272598267,0.009702222421765327,0.5350481867790222,0.5825077295303345,-0.04289624094963074,0.5405897498130798,0.4901684522628784,-0.02571548894047737,0.5320994257926941,0.5038019418716431,-0.0011529698967933655,0.5253478288650513,0.528292179107666,0.01617840677499771,0,0,0,0,0,0,0,0,0,0,0,0,0,0,0,0,0,0,0,0,0,0,0,0,0,0,0,0,0,0,0,0,0,0,0,0,0,0,0,0,0,0,0,0,0,0,0,0,0,0,0,0,0,0,0,0,0,0,0,0,0,0,0,eat
0.4517742693424225,0.7587549090385437,-2.778761540866981e-07,0.4061022102832794,0.6706031560897827,0.0292512197047472,0.4023040533065796,0.5858103036880493,0.0350685752928257,0.424424409866333,0.5212224721908569,0.03601604327559471,0.4552493691444397,0.48897743225097656,0.0375099703669548,0.40427616238594055,0.5407747030258179,-0.005065579898655415,0.43522748351097107,0.4376138150691986,-0.0020755447912961245,0.45181190967559814,0.44053447246551514,0.011908449232578278,0.4577542841434479,0.4591910243034363,0.024300236254930496,0.4517483413219452,0.5449433326721191,-0.022380510345101357,0.47760823369026184,0.4294775128364563,-0.01912330463528633,0.4826880991458893,0.45123589038848877,-0.003667334094643593,0.47901278734207153,0.48550471663475037,0.009326931089162827,0.49769702553749084,0.5592496991157532,-0.0344894677400589,0.519406795501709,0.4530468285083771,-0.026142027229070663,0.5160179138183594,0.4756530523300171,-0.00501130148768425,0.5079874992370605,0.5044077038764954,0.009040742181241512,0.5363077521324158,0.5841253995895386,-0.043607451021671295,0.5430722236633301,0.49102380871772766,-0.026812778785824776,0.5349895358085632,0.5049436688423157,-0.0021388332825154066,0.5284212827682495,0.5294324159622192,0.015444132499396801,0,0,0,0,0,0,0,0,0,0,0,0,0,0,0,0,0,0,0,0,0,0,0,0,0,0,0,0,0,0,0,0,0,0,0,0,0,0,0,0,0,0,0,0,0,0,0,0,0,0,0,0,0,0,0,0,0,0,0,0,0,0,0,eat
0.4509601294994354,0.7599684596061707,-2.3233512536080525e-07,0.4062521755695343,0.6706035137176514,0.028402911499142647,0.40303564071655273,0.5857129096984863,0.03411334753036499,0.42691734433174133,0.5242444276809692,0.034792281687259674,0.4579010605812073,0.4934488534927368,0.035704437643289566,0.40449273586273193,0.5413329601287842,-0.0033858148381114006,0.43481355905532837,0.43767285346984863,-0.0013912548311054707,0.45332658290863037,0.4352436661720276,0.01044729258865118,0.46090319752693176,0.4508472681045532,0.02139594778418541,0.45145782828330994,0.5442905426025391,-0.020363617688417435,0.47547677159309387,0.4305218458175659,-0.016386600211262703,0.4819523096084595,0.4483654201030731,-0.0023734653368592262,0.4791080951690674,0.48015308380126953,0.009108973667025566,0.4966782033443451,0.5582915544509888,-0.03246162459254265,0.517654538154602,0.4517163038253784,-0.024161558598279953,0.5150900483131409,0.4712413549423218,-0.004269890952855349,0.5070872902870178,0.49834591150283813,0.008778950199484825,0.5346474647521973,0.5829257369041443,-0.041700541973114014,0.5398704409599304,0.4897756278514862,-0.02585630677640438,0.5318005681037903,0.5004391074180603,-0.0021605598740279675,0.5248938798904419,0.5222986340522766,0.014873599633574486,0,0,0,0,0,0,0,0,0,0,0,0,0,0,0,0,0,0,0,0,0,0,0,0,0,0,0,0,0,0,0,0,0,0,0,0,0,0,0,0,0,0,0,0,0,0,0,0,0,0,0,0,0,0,0,0,0,0,0,0,0,0,0,eat
0.4492776691913605,0.7626923322677612,-2.3019312322958285e-07,0.40444761514663696,0.6715396642684937,0.029119791463017464,0.40347495675086975,0.5868085622787476,0.035257481038570404,0.429753839969635,0.5288793444633484,0.03624563291668892,0.4618539810180664,0.4996163547039032,0.037373024970293045,0.4014800786972046,0.5441502928733826,-0.002356547163799405,0.4334944784641266,0.43985646963119507,-0.0003254681942053139,0.45221778750419617,0.4375865161418915,0.011530328541994095,0.45988407731056213,0.45243704319000244,0.022559083998203278,0.4482952058315277,0.546950101852417,-0.019422752782702446,0.4737744629383087,0.43170103430747986,-0.015596108511090279,0.4808342158794403,0.4517967700958252,-0.0017136618262156844,0.47811174392700195,0.48522335290908813,0.009946155361831188,0.4937971234321594,0.5604130625724792,-0.031547661870718,0.5151236653327942,0.45250385999679565,-0.02304050512611866,0.5130217671394348,0.473970890045166,-0.003326918464154005,0.5050943493843079,0.5027133822441101,0.009795083664357662,0.532230794429779,0.583942174911499,-0.04073240980505943,0.5367037057876587,0.4896736741065979,-0.024343611672520638,0.5285736322402954,0.5010181069374084,-0.0006578047759830952,0.5217899680137634,0.5234979391098022,0.016370616853237152,0,0,0,0,0,0,0,0,0,0,0,0,0,0,0,0,0,0,0,0,0,0,0,0,0,0,0,0,0,0,0,0,0,0,0,0,0,0,0,0,0,0,0,0,0,0,0,0,0,0,0,0,0,0,0,0,0,0,0,0,0,0,0,eat
0.44917425513267517,0.764458179473877,-2.1392158089383884e-07,0.4025624692440033,0.6743465065956116,0.029047280550003052,0.3987326920032501,0.5872584581375122,0.03527991846203804,0.42106226086616516,0.5224829912185669,0.03675493970513344,0.4503515064716339,0.48969024419784546,0.03840571641921997,0.4021233320236206,0.5455503463745117,-0.005212120711803436,0.43495234847068787,0.4394468367099762,-0.003842627862468362,0.452147513628006,0.432977557182312,0.007995393127202988,0.4607376754283905,0.4456135332584381,0.019284356385469437,0.44900497794151306,0.5504546761512756,-0.02163654938340187,0.47488701343536377,0.4340127408504486,-0.01911856420338154,0.4791003167629242,0.44962677359580994,-0.0043699974194169044,0.4774135947227478,0.4800547957420349,0.008379094302654266,0.4943161606788635,0.565187394618988,-0.032924093306064606,0.5155700445175171,0.45619985461235046,-0.025591395795345306,0.5106610655784607,0.47308093309402466,-0.004966068081557751,0.5031455755233765,0.4991408884525299,0.009517930448055267,0.5325769186019897,0.5895878076553345,-0.04115172103047371,0.5371666550636292,0.49166426062583923,-0.02449575811624527,0.5269668698310852,0.49912428855895996,9.577022137818858e-05,0.520388662815094,0.520118772983551,0.018150655552744865,0,0,0,0,0,0,0,0,0,0,0,0,0,0,0,0,0,0,0,0,0,0,0,0,0,0,0,0,0,0,0,0,0,0,0,0,0,0,0,0,0,0,0,0,0,0,0,0,0,0,0,0,0,0,0,0,0,0,0,0,0,0,0,eat
0.45221105217933655,0.7617931365966797,-2.3002057503163087e-07,0.40448155999183655,0.6731470227241516,0.030692338943481445,0.4002850651741028,0.589809238910675,0.03759641945362091,0.4217642843723297,0.5281537771224976,0.039601005613803864,0.4514261782169342,0.49760687351226807,0.04178955778479576,0.40280798077583313,0.545146644115448,-0.004247815813869238,0.43433186411857605,0.4428357779979706,-0.00022371763770934194,0.4517585039138794,0.4368876516819,0.014247741550207138,0.4593867063522339,0.4497632086277008,0.02708398550748825,0.44977959990501404,0.5485602021217346,-0.021072177216410637,0.4745312035083771,0.4354777932167053,-0.017032461240887642,0.47921645641326904,0.4507516622543335,-0.0013610280584543943,0.4774874150753021,0.4811544120311737,0.011839140206575394,0.4954444468021393,0.5626662373542786,-0.03239668905735016,0.5165307521820068,0.45627570152282715,-0.023420078679919243,0.5116506814956665,0.4704618752002716,-0.0029128380119800568,0.5038157105445862,0.4944421052932739,0.011024159379303455,0.5336093902587891,0.5875253081321716,-0.04047025740146637,0.5388761162757874,0.4918917119503021,-0.02258920483291149,0.52852863073349,0.49800142645835876,0.0020801720675081015,0.5210041403770447,0.5184313058853149,0.01991795003414154,0,0,0,0,0,0,0,0,0,0,0,0,0,0,0,0,0,0,0,0,0,0,0,0,0,0,0,0,0,0,0,0,0,0,0,0,0,0,0,0,0,0,0,0,0,0,0,0,0,0,0,0,0,0,0,0,0,0,0,0,0,0,0,eat
0.4533446431159973,0.7612239718437195,-3.1048367077346484e-07,0.4076152741909027,0.6771080493927002,0.030209403485059738,0.404288113117218,0.5927732586860657,0.038278792053461075,0.42710480093955994,0.5330991744995117,0.04086107760667801,0.4566229581832886,0.5039795637130737,0.04408523440361023,0.40814143419265747,0.5397727489471436,0.00397553201764822,0.43480005860328674,0.44106096029281616,0.007699192967265844,0.4496447443962097,0.4462001919746399,0.020581064745783806,0.45333003997802734,0.4667886197566986,0.0322674959897995,0.45354562997817993,0.5420918464660645,-0.0135374516248703,0.4747467339038849,0.43120020627975464,-0.010145639069378376,0.4795527458190918,0.45361804962158203,0.0037052358966320753,0.47578662633895874,0.4882470369338989,0.01614518277347088,0.49775218963623047,0.5561419725418091,-0.02654418721795082,0.515875518321991,0.4554894268512726,-0.01847722940146923,0.5122773051261902,0.4756663739681244,0.00037653488107025623,0.5042601227760315,0.5026022791862488,0.013540462590754032,0.5346680879592896,0.5819951891899109,-0.03664790838956833,0.5396142601966858,0.4921548366546631,-0.019499698653817177,0.5308800935745239,0.5039455890655518,0.004166353493928909,0.5234777331352234,0.5283210277557373,0.02124182879924774,0,0,0,0,0,0,0,0,0,0,0,0,0,0,0,0,0,0,0,0,0,0,0,0,0,0,0,0,0,0,0,0,0,0,0,0,0,0,0,0,0,0,0,0,0,0,0,0,0,0,0,0,0,0,0,0,0,0,0,0,0,0,0,eat
0.4522935450077057,0.7632760405540466,-3.825057888207084e-07,0.40643179416656494,0.6751645803451538,0.03011586144566536,0.40391457080841064,0.5915630459785461,0.03742457181215286,0.426643431186676,0.5317723751068115,0.039254870265722275,0.45693767070770264,0.502135694026947,0.042127303779125214,0.4058265686035156,0.5381896495819092,0.0025261924602091312,0.43436485528945923,0.4438028335571289,0.007120402529835701,0.4479869604110718,0.462485671043396,0.021698731929063797,0.4489601254463196,0.4910478889942169,0.034459564834833145,0.4515646696090698,0.5401838421821594,-0.015186167322099209,0.47427627444267273,0.43104270100593567,-0.009650259278714657,0.4791175425052643,0.4580838084220886,0.005709959659725428,0.47470375895500183,0.4951039254665375,0.01834959350526333,0.4958910346031189,0.553611159324646,-0.02823525294661522,0.5149743556976318,0.4528992176055908,-0.01873006671667099,0.5123276114463806,0.4787791073322296,0.0011451750760897994,0.5046265125274658,0.5092676877975464,0.014174491167068481,0.5329532623291016,0.5791134834289551,-0.0383809395134449,0.5376704335212708,0.4887816309928894,-0.021341243758797646,0.5296560525894165,0.5042946934700012,0.0025061084888875484,0.5230817198753357,0.5299748778343201,0.019435524940490723,0,0,0,0,0,0,0,0,0,0,0,0,0,0,0,0,0,0,0,0,0,0,0,0,0,0,0,0,0,0,0,0,0,0,0,0,0,0,0,0,0,0,0,0,0,0,0,0,0,0,0,0,0,0,0,0,0,0,0,0,0,0,0,eat
0.45213571190834045,0.7604258060455322,-3.098020613379049e-07,0.406546413898468,0.6724027395248413,0.027034802362322807,0.402575820684433,0.5874484777450562,0.032791826874017715,0.42730265855789185,0.528613269329071,0.033308740705251694,0.45789480209350586,0.5000447630882263,0.03436625748872757,0.4048001766204834,0.5381596684455872,0.0004775394918397069,0.43573465943336487,0.44266289472579956,0.0017670997185632586,0.45111116766929626,0.45221421122550964,0.012022129260003567,0.45398131012916565,0.47517305612564087,0.021751804277300835,0.44989582896232605,0.5408299565315247,-0.01626848429441452,0.4735776484012604,0.4317558705806732,-0.013185705058276653,0.4797937870025635,0.45509597659111023,-0.0006750778993591666,0.4755856394767761,0.49029621481895447,0.009933398105204105,0.4940981864929199,0.5540919899940491,-0.028849713504314423,0.5147616267204285,0.4512689411640167,-0.02167131006717682,0.5131145119667053,0.4732216000556946,-0.0037953387945890427,0.5045962333679199,0.5022327303886414,0.008081702515482903,0.531254768371582,0.5777909755706787,-0.03879574313759804,0.536341667175293,0.4885055422782898,-0.02409782074391842,0.528939425945282,0.5015566349029541,-0.0020145594608038664,0.5215127468109131,0.5247580409049988,0.013840560801327229,0,0,0,0,0,0,0,0,0,0,0,0,0,0,0,0,0,0,0,0,0,0,0,0,0,0,0,0,0,0,0,0,0,0,0,0,0,0,0,0,0,0,0,0,0,0,0,0,0,0,0,0,0,0,0,0,0,0,0,0,0,0,0,eat
0.45033523440361023,0.7615410685539246,-3.415726155253651e-07,0.4041222929954529,0.6736706495285034,0.028645122423768044,0.40270909667015076,0.5902732014656067,0.034921858459711075,0.4287908673286438,0.5325818657875061,0.035980165004730225,0.4613809585571289,0.5048257112503052,0.03802939131855965,0.4016495943069458,0.536961555480957,0.0020588217303156853,0.4322848916053772,0.4458083510398865,0.004832790698856115,0.4465257525444031,0.46320635080337524,0.017140040174126625,0.44784992933273315,0.4910293221473694,0.02831478789448738,0.44722187519073486,0.5394453406333923,-0.015590869821608067,0.4719896912574768,0.43069005012512207,-0.01280941255390644,0.47794249653816223,0.4567716121673584,0.001022576354444027,0.4730289876461029,0.493685245513916,0.013320093043148518,0.4918263852596283,0.5530214905738831,-0.0289135929197073,0.5137131810188293,0.452521950006485,-0.021833131089806557,0.5119986534118652,0.47538885474205017,-0.002797028748318553,0.5030133128166199,0.5038447380065918,0.010478771291673183,0.5294621586799622,0.5784773230552673,-0.039432574063539505,0.5359693169593811,0.4899686276912689,-0.023373626172542572,0.5291001200675964,0.5053088665008545,0.00036147970240563154,0.5218554139137268,0.5304021835327148,0.017491566017270088,0,0,0,0,0,0,0,0,0,0,0,0,0,0,0,0,0,0,0,0,0,0,0,0,0,0,0,0,0,0,0,0,0,0,0,0,0,0,0,0,0,0,0,0,0,0,0,0,0,0,0,0,0,0,0,0,0,0,0,0,0,0,0,eat
0.4495394229888916,0.7615625858306885,-3.060516462483065e-07,0.4039173126220703,0.6704232096672058,0.030292250216007233,0.4031330943107605,0.5886441469192505,0.03712146729230881,0.4293084442615509,0.5335238575935364,0.03862418234348297,0.461245059967041,0.5066563487052917,0.040684424340724945,0.40209391713142395,0.5375133156776428,0.0032398574985563755,0.4324069917201996,0.44733911752700806,0.008568406105041504,0.4470769762992859,0.4579938054084778,0.022685609757900238,0.44851553440093994,0.48100873827934265,0.03466922789812088,0.44725969433784485,0.5398373007774353,-0.014391327276825905,0.46982941031455994,0.4338037371635437,-0.008273032493889332,0.47618234157562256,0.45364147424697876,0.006057206075638533,0.4713590741157532,0.4857109785079956,0.017586151137948036,0.49153393507003784,0.5534873008728027,-0.027286840602755547,0.5117494463920593,0.452425092458725,-0.01780603639781475,0.5097142457962036,0.46884360909461975,0.0007160107488743961,0.4994390904903412,0.4930567741394043,0.012618260458111763,0.5287175178527832,0.5785879492759705,-0.03713881969451904,0.5322018265724182,0.49037182331085205,-0.020709190517663956,0.5248144268989563,0.49959349632263184,0.002072545699775219,0.5164836645126343,0.5190844535827637,0.018251493573188782,0,0,0,0,0,0,0,0,0,0,0,0,0,0,0,0,0,0,0,0,0,0,0,0,0,0,0,0,0,0,0,0,0,0,0,0,0,0,0,0,0,0,0,0,0,0,0,0,0,0,0,0,0,0,0,0,0,0,0,0,0,0,0,eat
0.45014530420303345,0.7569265961647034,-3.2349601042369613e-07,0.40491488575935364,0.6697192788124084,0.03241518884897232,0.4018535614013672,0.5890661478042603,0.040082935243844986,0.424221396446228,0.529552698135376,0.04224593564867973,0.4550631642341614,0.5014594793319702,0.04485547915101051,0.4030485451221466,0.5369459986686707,0.0019468917744234204,0.43479490280151367,0.4453582167625427,0.007862086407840252,0.4499644339084625,0.4572151005268097,0.022875504568219185,0.45208731293678284,0.481251060962677,0.03537777438759804,0.44823169708251953,0.5401278138160706,-0.016197850927710533,0.47277355194091797,0.43413519859313965,-0.00975019671022892,0.4790050983428955,0.456672340631485,0.0058282832615077496,0.4746701717376709,0.4904593229293823,0.01792013645172119,0.4926791787147522,0.5546160340309143,-0.029171215370297432,0.5137739777565002,0.4559899568557739,-0.018405893817543983,0.5116197466850281,0.4762561321258545,0.0016432855045422912,0.5022367238998413,0.5034124851226807,0.013958386145532131,0.5299977660179138,0.5805301666259766,-0.03896030783653259,0.5352984666824341,0.4957304000854492,-0.02058986946940422,0.5281022191047668,0.508296012878418,0.0032810133416205645,0.5207763910293579,0.5304613709449768,0.01960022561252117,0,0,0,0,0,0,0,0,0,0,0,0,0,0,0,0,0,0,0,0,0,0,0,0,0,0,0,0,0,0,0,0,0,0,0,0,0,0,0,0,0,0,0,0,0,0,0,0,0,0,0,0,0,0,0,0,0,0,0,0,0,0,0,eat
0.4473288059234619,0.7600824236869812,-3.438888427353959e-07,0.4017936885356903,0.671143114566803,0.026687314733862877,0.39972448348999023,0.5853346586227417,0.03127800673246384,0.4257251024246216,0.5222535133361816,0.03133847936987877,0.45771723985671997,0.490919291973114,0.03223974630236626,0.39649054408073425,0.5376917123794556,-0.005380415357649326,0.43199020624160767,0.44136303663253784,-0.0033976968843489885,0.44774043560028076,0.45926088094711304,0.00918037723749876,0.449089914560318,0.4880848526954651,0.020563675090670586,0.44388464093208313,0.5412044525146484,-0.02211615815758705,0.4710406959056854,0.4320492744445801,-0.017993129789829254,0.47697538137435913,0.4618165194988251,-0.0036147236824035645,0.4711894989013672,0.5007946491241455,0.008058357983827591,0.4905523359775543,0.5549765825271606,-0.03420039638876915,0.5119526982307434,0.4541988968849182,-0.02571437507867813,0.5102241039276123,0.48128995299339294,-0.006309897638857365,0.5012803077697754,0.5129680633544922,0.006045603659003973,0.529853105545044,0.5794543623924255,-0.04348636418581009,0.5338332653045654,0.491064190864563,-0.027413111180067062,0.5266835689544678,0.509290874004364,-0.004004096146672964,0.5205272436141968,0.5353544354438782,0.012342218309640884,0,0,0,0,0,0,0,0,0,0,0,0,0,0,0,0,0,0,0,0,0,0,0,0,0,0,0,0,0,0,0,0,0,0,0,0,0,0,0,0,0,0,0,0,0,0,0,0,0,0,0,0,0,0,0,0,0,0,0,0,0,0,0,eat
0.4450305104255676,0.76304692029953,-3.09418140886919e-07,0.39731302857398987,0.6717148423194885,0.02490588277578354,0.3945435583591461,0.5820834636688232,0.028776895254850388,0.42157530784606934,0.5186691284179688,0.028832007199525833,0.4541802704334259,0.48921531438827515,0.03038463555276394,0.39590102434158325,0.5434310436248779,-0.00970927532762289,0.43213436007499695,0.4390777349472046,-0.010273179039359093,0.4405801594257355,0.4544537365436554,0.0025035454891622066,0.4419430196285248,0.48452287912368774,0.014992311596870422,0.44475579261779785,0.5491275787353516,-0.025377893820405006,0.47072747349739075,0.42675328254699707,-0.027078960090875626,0.4697923958301544,0.45244070887565613,-0.012209227308630943,0.46598681807518005,0.4914809465408325,0.0023369721602648497,0.4914139211177826,0.5628043413162231,-0.03645508363842964,0.5113586783409119,0.4510738253593445,-0.03299359232187271,0.503563404083252,0.47469913959503174,-0.01258406788110733,0.4959547221660614,0.5055089592933655,0.0033067939803004265,0.5308146476745605,0.5866753458976746,-0.044639937579631805,0.533950686454773,0.4884679913520813,-0.02989170141518116,0.5224014520645142,0.5011047720909119,-0.005686318967491388,0.5171374082565308,0.5254196524620056,0.012557826936244965,0,0,0,0,0,0,0,0,0,0,0,0,0,0,0,0,0,0,0,0,0,0,0,0,0,0,0,0,0,0,0,0,0,0,0,0,0,0,0,0,0,0,0,0,0,0,0,0,0,0,0,0,0,0,0,0,0,0,0,0,0,0,0,eat
0.4472351372241974,0.7655627131462097,-2.765565341178444e-07,0.3982577919960022,0.6759834885597229,0.029971064999699593,0.3942013382911682,0.587495744228363,0.036790553480386734,0.4207405745983124,0.5240693092346191,0.038594748824834824,0.45455703139305115,0.4935811758041382,0.04091878980398178,0.3960915505886078,0.5446580648422241,-0.002364969812333584,0.42938661575317383,0.4393348693847656,0.00013251087511889637,0.4444325566291809,0.44406023621559143,0.013146466575562954,0.4496280252933502,0.46546220779418945,0.02539793774485588,0.4444730877876282,0.5482150316238403,-0.019175685942173004,0.46892985701560974,0.4284486174583435,-0.016026601195335388,0.47378429770469666,0.4472532272338867,-0.0010573399486020207,0.4711722433567047,0.4803624153137207,0.012082175351679325,0.4912329912185669,0.5614851713180542,-0.030943313613533974,0.5113748908042908,0.4500412940979004,-0.02321835607290268,0.5071865916252136,0.4697346091270447,-0.002677424345165491,0.4989340603351593,0.49706098437309265,0.011773684062063694,0.5305138826370239,0.5849746465682983,-0.03952295705676079,0.5340339541435242,0.4864724278450012,-0.022098995745182037,0.5248221755027771,0.49817150831222534,0.0030017257668077946,0.5187016725540161,0.5211501121520996,0.021140331402420998,0,0,0,0,0,0,0,0,0,0,0,0,0,0,0,0,0,0,0,0,0,0,0,0,0,0,0,0,0,0,0,0,0,0,0,0,0,0,0,0,0,0,0,0,0,0,0,0,0,0,0,0,0,0,0,0,0,0,0,0,0,0,0,eat
0.45091867446899414,0.7641638517379761,-2.6462214464118006e-07,0.401263952255249,0.6742489337921143,0.02798663266003132,0.39709824323654175,0.5861868262290955,0.033987026661634445,0.422061562538147,0.5235162377357483,0.03504311293363571,0.45422157645225525,0.4942697584629059,0.036825649440288544,0.3987702429294586,0.539090096950531,-0.00017038683290593326,0.42952677607536316,0.4405471682548523,0.0025277885142713785,0.4443306028842926,0.4466935992240906,0.014375213533639908,0.4492754340171814,0.46858611702919006,0.025415679439902306,0.4471970796585083,0.5423348546028137,-0.016616422683000565,0.47005894780158997,0.4288055896759033,-0.012817957438528538,0.4752940833568573,0.4455529749393463,0.000413620873587206,0.47294870018959045,0.4775957465171814,0.011873055249452591,0.4937370717525482,0.5554516315460205,-0.028452184051275253,0.5126137733459473,0.4495649039745331,-0.020301973447203636,0.5083125829696655,0.46513983607292175,-0.0019200886599719524,0.4997583329677582,0.4904997646808624,0.010622651316225529,0.5326024293899536,0.5787439346313477,-0.03743300214409828,0.5353997945785522,0.48656976222991943,-0.020555933937430382,0.5260521769523621,0.49589723348617554,0.002911824267357588,0.5193432569503784,0.5174580812454224,0.019842572510242462,0,0,0,0,0,0,0,0,0,0,0,0,0,0,0,0,0,0,0,0,0,0,0,0,0,0,0,0,0,0,0,0,0,0,0,0,0,0,0,0,0,0,0,0,0,0,0,0,0,0,0,0,0,0,0,0,0,0,0,0,0,0,0,eat
0.4501345157623291,0.7628202438354492,-2.67775902784706e-07,0.40138378739356995,0.6731332540512085,0.02654031477868557,0.39776259660720825,0.5833205580711365,0.032003309577703476,0.4237734377384186,0.5199273228645325,0.03289886936545372,0.45609050989151,0.489216148853302,0.03473993018269539,0.3997718095779419,0.5401716828346252,-0.0026486485730856657,0.43121787905693054,0.4370439052581787,-0.0016395158600062132,0.4439435601234436,0.44386425614356995,0.00974198803305626,0.44868314266204834,0.4666597247123718,0.02081214264035225,0.44801652431488037,0.5446980595588684,-0.018592286854982376,0.47116103768348694,0.4256191551685333,-0.017526058480143547,0.47392407059669495,0.4457218647003174,-0.004349034279584885,0.47176072001457214,0.48057985305786133,0.008130346424877644,0.4945409893989563,0.5580824613571167,-0.030081704258918762,0.512947678565979,0.4491817057132721,-0.02427797019481659,0.506741464138031,0.4683522582054138,-0.005341858137398958,0.49925392866134644,0.49610134959220886,0.008633195422589779,0.5338423252105713,0.5811892747879028,-0.03875267878174782,0.536124050617218,0.48688799142837524,-0.022805798798799515,0.525197446346283,0.49835699796676636,0.0009153983555734158,0.5193955898284912,0.521965503692627,0.01843634806573391,0,0,0,0,0,0,0,0,0,0,0,0,0,0,0,0,0,0,0,0,0,0,0,0,0,0,0,0,0,0,0,0,0,0,0,0,0,0,0,0,0,0,0,0,0,0,0,0,0,0,0,0,0,0,0,0,0,0,0,0,0,0,0,eat
0.4520201086997986,0.7642216682434082,-2.8481542813096894e-07,0.404226154088974,0.6736114025115967,0.026927053928375244,0.40310871601104736,0.58819180727005,0.03307176008820534,0.4292404353618622,0.5296909809112549,0.03480595722794533,0.46149852871894836,0.5029287934303284,0.037579245865345,0.4045713543891907,0.5386003255844116,6.122710328781977e-05,0.43285301327705383,0.4430971145629883,0.004382724408060312,0.4444875419139862,0.4511052370071411,0.017366740852594376,0.44669109582901,0.4729297459125519,0.028797606006264687,0.45206865668296814,0.5411903262138367,-0.015304242260754108,0.47111356258392334,0.42977797985076904,-0.00954647921025753,0.4740389585494995,0.4427017271518707,0.004356302320957184,0.4701017737388611,0.47109153866767883,0.015773259103298187,0.4974990487098694,0.553939163684845,-0.026153704151511192,0.5133722424507141,0.4505506753921509,-0.016748053953051567,0.5070680379867554,0.460502564907074,0.0008482413832098246,0.496904194355011,0.48104381561279297,0.012416155077517033,0.5356818437576294,0.5771774053573608,-0.03425290808081627,0.5364392995834351,0.48967111110687256,-0.01743360050022602,0.5256944894790649,0.49648982286453247,0.004715573973953724,0.5176189541816711,0.5150973200798035,0.020595429465174675,0,0,0,0,0,0,0,0,0,0,0,0,0,0,0,0,0,0,0,0,0,0,0,0,0,0,0,0,0,0,0,0,0,0,0,0,0,0,0,0,0,0,0,0,0,0,0,0,0,0,0,0,0,0,0,0,0,0,0,0,0,0,0,eat
0.4536534547805786,0.7646005153656006,-3.608157044254767e-07,0.4073604941368103,0.6739323735237122,0.026285966858267784,0.4053773581981659,0.5898807048797607,0.03158755972981453,0.43099522590637207,0.533628523349762,0.03183981403708458,0.4634667634963989,0.5084733366966248,0.033173806965351105,0.40663236379623413,0.5358366966247559,0.0028356676921248436,0.4337063431739807,0.4474583566188812,0.005705258809030056,0.44527602195739746,0.46783578395843506,0.016583289951086044,0.4453427791595459,0.49661684036254883,0.026229387149214745,0.45210540294647217,0.5372653007507324,-0.01384785771369934,0.47179463505744934,0.430544912815094,-0.009083050303161144,0.4764704704284668,0.4549114406108856,0.0033134769182652235,0.4723424017429352,0.49044984579086304,0.013506176881492138,0.4968577027320862,0.5506287813186646,-0.02654430828988552,0.5132731199264526,0.45224708318710327,-0.018230466172099113,0.5104291439056396,0.4736807942390442,-0.0015877776313573122,0.5019363760948181,0.5011641979217529,0.009077626280486584,0.5347728729248047,0.5759986042976379,-0.03671516105532646,0.5382025837898254,0.49064353108406067,-0.021011698991060257,0.530301034450531,0.5066280961036682,0.0008515437948517501,0.5235854983329773,0.5313737392425537,0.01628788933157921,0,0,0,0,0,0,0,0,0,0,0,0,0,0,0,0,0,0,0,0,0,0,0,0,0,0,0,0,0,0,0,0,0,0,0,0,0,0,0,0,0,0,0,0,0,0,0,0,0,0,0,0,0,0,0,0,0,0,0,0,0,0,0,eat
0.4577702581882477,0.768664538860321,-2.7342994712853397e-07,0.40801340341567993,0.6779263019561768,0.02896912954747677,0.4067411422729492,0.5913823246955872,0.0361233726143837,0.4315890669822693,0.5294196605682373,0.03879408538341522,0.46313032507896423,0.5004859566688538,0.04245903342962265,0.40939095616340637,0.5420657396316528,0.002166020218282938,0.43721485137939453,0.44543513655662537,0.008662265725433826,0.45071789622306824,0.4521627426147461,0.022808516398072243,0.4545711278915405,0.4727412760257721,0.03489698842167854,0.45700374245643616,0.5453777313232422,-0.013167941942811012,0.4765125811100006,0.4360002875328064,-0.004762839991599321,0.48068445920944214,0.4485512673854828,0.009812925942242146,0.47822123765945435,0.47538992762565613,0.021192362532019615,0.5022274851799011,0.5601019263267517,-0.023614035919308662,0.518682599067688,0.45829451084136963,-0.011926508508622646,0.5123812556266785,0.46742886304855347,0.006001742091029882,0.5025838017463684,0.48711875081062317,0.01731870323419571,0.5404337644577026,0.5853042006492615,-0.031066996976733208,0.541459321975708,0.4985485374927521,-0.011591649614274502,0.5307453274726868,0.502950131893158,0.011364651843905449,0.5227733850479126,0.519641637802124,0.027361005544662476,0,0,0,0,0,0,0,0,0,0,0,0,0,0,0,0,0,0,0,0,0,0,0,0,0,0,0,0,0,0,0,0,0,0,0,0,0,0,0,0,0,0,0,0,0,0,0,0,0,0,0,0,0,0,0,0,0,0,0,0,0,0,0,eat
0.4578210413455963,0.7697243690490723,-3.5089283301203977e-07,0.4092964828014374,0.6810964345932007,0.03033221885561943,0.4061008393764496,0.593958854675293,0.037408940494060516,0.42909368872642517,0.5301598906517029,0.039274271577596664,0.4601525366306305,0.4985876679420471,0.0423167422413826,0.4078081548213959,0.5413134694099426,0.001804882544092834,0.4383583962917328,0.4450611472129822,0.0056650652550160885,0.4507769048213959,0.4621420204639435,0.019690988585352898,0.45338359475135803,0.4910585880279541,0.03218242898583412,0.4536137878894806,0.543430507183075,-0.015982184559106827,0.47838693857192993,0.42976582050323486,-0.01251173671334982,0.48158761858940125,0.45576921105384827,0.002881688065826893,0.4784143269062042,0.49424588680267334,0.016523098573088646,0.49892860651016235,0.5572293400764465,-0.029101712629199028,0.5186490416526794,0.45511752367019653,-0.02109828032553196,0.5139639377593994,0.47989392280578613,-0.001022954354993999,0.5066971182823181,0.5108060836791992,0.013010572642087936,0.5378373265266418,0.5838363170623779,-0.039234261959791183,0.5439174771308899,0.4944385290145874,-0.021212540566921234,0.5343208312988281,0.5117496848106384,0.003329594386741519,0.5281801223754883,0.5397990942001343,0.020826056599617004,0,0,0,0,0,0,0,0,0,0,0,0,0,0,0,0,0,0,0,0,0,0,0,0,0,0,0,0,0,0,0,0,0,0,0,0,0,0,0,0,0,0,0,0,0,0,0,0,0,0,0,0,0,0,0,0,0,0,0,0,0,0,0,eat
0.46093621850013733,0.7803199887275696,-2.551884676904592e-07,0.41208598017692566,0.6892497539520264,0.033012181520462036,0.4104403853416443,0.5994477868080139,0.04255162179470062,0.4322449862957001,0.5276450514793396,0.04810963198542595,0.4629209041595459,0.49194765090942383,0.055371008813381195,0.4154919385910034,0.5508286356925964,0.002337678102776408,0.44159671664237976,0.44631466269493103,0.01398477517068386,0.45363765954971313,0.44809937477111816,0.035164739936590195,0.45875585079193115,0.4655303359031677,0.05216751620173454,0.4634278416633606,0.5559137463569641,-0.012961258180439472,0.4839944839477539,0.43641650676727295,-0.004792273044586182,0.48813900351524353,0.44537320733070374,0.014097032137215137,0.48849722743034363,0.46916863322257996,0.03000427782535553,0.5088320374488831,0.5722834467887878,-0.022322440519928932,0.5235608220100403,0.46112772822380066,-0.010820063762366772,0.5155128836631775,0.46991026401519775,0.011085711419582367,0.5082422494888306,0.48923617601394653,0.026547415181994438,0.5471405982971191,0.6011857390403748,-0.028051309287548065,0.5494304299354553,0.5039367079734802,-0.005761284846812487,0.5351923108100891,0.5065218806266785,0.02045130915939808,0.5278151035308838,0.5242313146591187,0.039106037467718124,0,0,0,0,0,0,0,0,0,0,0,0,0,0,0,0,0,0,0,0,0,0,0,0,0,0,0,0,0,0,0,0,0,0,0,0,0,0,0,0,0,0,0,0,0,0,0,0,0,0,0,0,0,0,0,0,0,0,0,0,0,0,0,eat
0.4617125689983368,0.7790423035621643,-3.556167769147578e-07,0.42966753244400024,0.6981405019760132,0.029859986156225204,0.43189603090286255,0.613999605178833,0.038180507719516754,0.4515152871608734,0.5442368388175964,0.042811181396245956,0.4746752679347992,0.5057920813560486,0.049391310662031174,0.4362870752811432,0.5550351738929749,0.00025919813197106123,0.4605105221271515,0.44938504695892334,0.009861510246992111,0.4638315439224243,0.46383917331695557,0.02920636348426342,0.46223512291908264,0.48978230357170105,0.044750772416591644,0.4693385362625122,0.5506380796432495,-0.013558977283537388,0.49006351828575134,0.43158847093582153,-0.007979071699082851,0.4882729649543762,0.45253807306289673,0.009158775210380554,0.48300912976264954,0.4851628839969635,0.02404320240020752,0.5013333559036255,0.5586568117141724,-0.02188456803560257,0.5149900913238525,0.447770357131958,-0.012646754272282124,0.5090452432632446,0.46749064326286316,0.0074300807900726795,0.5012639164924622,0.49430051445961,0.021443108096718788,0.5264690518379211,0.5811631679534912,-0.026791585609316826,0.5335561037063599,0.4869118332862854,-0.008424688130617142,0.5243667364120483,0.4990207552909851,0.014980639331042767,0.5182517766952515,0.5226553678512573,0.03178029879927635,0,0,0,0,0,0,0,0,0,0,0,0,0,0,0,0,0,0,0,0,0,0,0,0,0,0,0,0,0,0,0,0,0,0,0,0,0,0,0,0,0,0,0,0,0,0,0,0,0,0,0,0,0,0,0,0,0,0,0,0,0,0,0,eat
0.46060851216316223,0.7795251607894897,-3.5424741895440093e-07,0.41456717252731323,0.6908271908760071,0.026477891951799393,0.41045793890953064,0.604512631893158,0.03341225907206535,0.43112897872924805,0.5375853776931763,0.03669300302863121,0.4615083932876587,0.5044746398925781,0.04156271368265152,0.4199371337890625,0.5479839444160461,0.00022742700821254402,0.44595715403556824,0.44745105504989624,0.009079830721020699,0.4556810259819031,0.4628244638442993,0.02686983160674572,0.456460565328598,0.4894678294658661,0.04090450331568718,0.4624808132648468,0.5462145209312439,-0.012820065952837467,0.48141637444496155,0.4336523413658142,-0.0050239223055541515,0.4853774309158325,0.4541567265987396,0.010766766034066677,0.4824610650539398,0.48616543412208557,0.023274358361959457,0.504230260848999,0.5577384233474731,-0.020990407094359398,0.5156864523887634,0.45431822538375854,-0.010460966266691685,0.5130391120910645,0.47268688678741455,0.007806736510246992,0.5059881210327148,0.4978521764278412,0.019332624971866608,0.5383598804473877,0.5817006826400757,-0.026170048862695694,0.5412465929985046,0.4929206967353821,-0.008334193378686905,0.5323253870010376,0.5046301484107971,0.013752033933997154,0.5251593589782715,0.5261796712875366,0.029074931517243385,0,0,0,0,0,0,0,0,0,0,0,0,0,0,0,0,0,0,0,0,0,0,0,0,0,0,0,0,0,0,0,0,0,0,0,0,0,0,0,0,0,0,0,0,0,0,0,0,0,0,0,0,0,0,0,0,0,0,0,0,0,0,0,eat
0.46047356724739075,0.7802029848098755,-3.330574998017255e-07,0.41225311160087585,0.6918980479240417,0.026425205171108246,0.41025686264038086,0.6066800355911255,0.0330813005566597,0.43366312980651855,0.5428422093391418,0.0355425626039505,0.46442660689353943,0.5124408006668091,0.039516646414995193,0.41913414001464844,0.5488571524620056,0.0026373325381428003,0.4447929859161377,0.4472772181034088,0.010019594803452492,0.45266255736351013,0.46195167303085327,0.025268226861953735,0.4538745880126953,0.48807471990585327,0.03783231973648071,0.4635302424430847,0.5484469532966614,-0.010972261428833008,0.4838390648365021,0.4369337558746338,-0.0032411650754511356,0.4851379990577698,0.45565539598464966,0.01118014007806778,0.48201924562454224,0.48619377613067627,0.02260316163301468,0.5062115788459778,0.5612377524375916,-0.020094582810997963,0.5199373960494995,0.4563741683959961,-0.009791389107704163,0.5144386887550354,0.47356081008911133,0.007516895420849323,0.5074545741081238,0.4984953999519348,0.018669724464416504,0.5413210988044739,0.5865713357925415,-0.026365771889686584,0.5464633107185364,0.49431928992271423,-0.008255502209067345,0.5360589027404785,0.5047739148139954,0.013878519646823406,0.5291001200675964,0.5271380543708801,0.02937844768166542,0,0,0,0,0,0,0,0,0,0,0,0,0,0,0,0,0,0,0,0,0,0,0,0,0,0,0,0,0,0,0,0,0,0,0,0,0,0,0,0,0,0,0,0,0,0,0,0,0,0,0,0,0,0,0,0,0,0,0,0,0,0,0,eat
0.46038007736206055,0.7721052765846252,-3.5281661325825553e-07,0.41307586431503296,0.6816922426223755,0.02893797680735588,0.41091886162757874,0.5971627235412598,0.03489570692181587,0.43322837352752686,0.53440260887146,0.03593406453728676,0.4646441340446472,0.5040876269340515,0.038409274071455,0.41656017303466797,0.5450065732002258,0.0007852615090087056,0.44104838371276855,0.4466403126716614,0.005290983710438013,0.4481245279312134,0.4646570682525635,0.01981275901198387,0.44905591011047363,0.49473702907562256,0.03254278376698494,0.46192559599876404,0.5468843579292297,-0.01559204701334238,0.48246079683303833,0.4325906038284302,-0.010801385156810284,0.4826021194458008,0.45378535985946655,0.0043335845693945885,0.47827354073524475,0.48862048983573914,0.017188744619488716,0.5053389668464661,0.5608060956001282,-0.02721465937793255,0.5201404690742493,0.4557386636734009,-0.018492626026272774,0.5135197639465332,0.475128710269928,0.0006615150487050414,0.5055597424507141,0.502689778804779,0.013599379919469357,0.5415269136428833,0.5868273377418518,-0.03584849834442139,0.5467160940170288,0.4971003830432892,-0.01794729009270668,0.5368009805679321,0.5104668736457825,0.005810415372252464,0.5307732224464417,0.5359436869621277,0.022681809961795807,0,0,0,0,0,0,0,0,0,0,0,0,0,0,0,0,0,0,0,0,0,0,0,0,0,0,0,0,0,0,0,0,0,0,0,0,0,0,0,0,0,0,0,0,0,0,0,0,0,0,0,0,0,0,0,0,0,0,0,0,0,0,0,eat
0.460913747549057,0.7741659879684448,-4.003015305897861e-07,0.4352414608001709,0.693544864654541,0.029525021091103554,0.43657147884368896,0.6121408939361572,0.03569398075342178,0.45145612955093384,0.5478211641311646,0.03709309548139572,0.4712803065776825,0.512752115726471,0.039848338812589645,0.448263019323349,0.5578614473342896,0.0014185103354975581,0.4665277600288391,0.4530707001686096,0.006595419254153967,0.4675585925579071,0.47210389375686646,0.020198501646518707,0.4644726812839508,0.5014371275901794,0.031606126576662064,0.4722352623939514,0.548372745513916,-0.013846113346517086,0.4913449287414551,0.4338611364364624,-0.008505078963935375,0.4888286888599396,0.45895516872406006,0.005652625113725662,0.4819351136684418,0.4938320517539978,0.017022589221596718,0.4950050115585327,0.551116943359375,-0.024148447439074516,0.5059670805931091,0.4434569776058197,-0.014184505678713322,0.5017249584197998,0.46805688738822937,0.0041151465848088264,0.4940606653690338,0.49806344509124756,0.015157770365476608,0.5118609666824341,0.566707968711853,-0.03138609230518341,0.5158767104148865,0.47967106103897095,-0.015240616165101528,0.5081023573875427,0.496174156665802,0.005997475702315569,0.5013059973716736,0.5206901431083679,0.02068205736577511,0,0,0,0,0,0,0,0,0,0,0,0,0,0,0,0,0,0,0,0,0,0,0,0,0,0,0,0,0,0,0,0,0,0,0,0,0,0,0,0,0,0,0,0,0,0,0,0,0,0,0,0,0,0,0,0,0,0,0,0,0,0,0,eat
0.4571046829223633,0.7757187485694885,-2.850494809081283e-07,0.41130906343460083,0.682194173336029,0.03228124603629112,0.4097409248352051,0.5981520414352417,0.04089057072997093,0.4312225878238678,0.5365514755249023,0.04453611373901367,0.46169477701187134,0.5074508190155029,0.049409300088882446,0.4161883294582367,0.5453464388847351,0.006053161341696978,0.44122323393821716,0.45136696100234985,0.016838574782013893,0.4541517496109009,0.45515674352645874,0.036299578845500946,0.45733609795570374,0.4735186696052551,0.051661938428878784,0.461372971534729,0.5472602248191833,-0.010012920014560223,0.4796779453754425,0.4369354248046875,0.00019415128917898983,0.48440027236938477,0.44444435834884644,0.01754029281437397,0.48178812861442566,0.4668283760547638,0.031034808605909348,0.5048699378967285,0.5614867806434631,-0.02081061527132988,0.5185221433639526,0.4596492648124695,-0.007692590355873108,0.5142861604690552,0.4653332233428955,0.011908475309610367,0.5055186152458191,0.4813793897628784,0.02427794598042965,0.5411925315856934,0.588347315788269,-0.028387075290083885,0.5452256798744202,0.5005388259887695,-0.008327207528054714,0.5355556011199951,0.5019596219062805,0.015197455883026123,0.5262184739112854,0.5168909430503845,0.031761929392814636,0,0,0,0,0,0,0,0,0,0,0,0,0,0,0,0,0,0,0,0,0,0,0,0,0,0,0,0,0,0,0,0,0,0,0,0,0,0,0,0,0,0,0,0,0,0,0,0,0,0,0,0,0,0,0,0,0,0,0,0,0,0,0,eat
0.45795097947120667,0.7748225927352905,-2.757448953616404e-07,0.41301169991493225,0.6845633387565613,0.03107064589858055,0.4114375114440918,0.5994014143943787,0.03949641063809395,0.43257829546928406,0.5398792624473572,0.042499370872974396,0.46205613017082214,0.510600745677948,0.04634036496281624,0.41718679666519165,0.5466359257698059,0.008008868433535099,0.44044655561447144,0.4514045715332031,0.015413121320307255,0.4505561888217926,0.4541873037815094,0.030643796548247337,0.45301735401153564,0.4728795289993286,0.0434286892414093,0.4611259400844574,0.5477803945541382,-0.008617556653916836,0.4799576997756958,0.4368405342102051,-0.0010183306876569986,0.4816119074821472,0.44541269540786743,0.013686180114746094,0.47756528854370117,0.4702410399913788,0.02591036632657051,0.503368616104126,0.5614973902702332,-0.02066192775964737,0.5183740258216858,0.45911073684692383,-0.010084524750709534,0.5115450024604797,0.4677598476409912,0.0075710248202085495,0.5022442936897278,0.4868651032447815,0.019390104338526726,0.538999617099762,0.5876809358596802,-0.029648447409272194,0.5435943007469177,0.5000708699226379,-0.011310931295156479,0.5329387187957764,0.504008412361145,0.011080020107328892,0.5242558121681213,0.5221856236457825,0.027185797691345215,0,0,0,0,0,0,0,0,0,0,0,0,0,0,0,0,0,0,0,0,0,0,0,0,0,0,0,0,0,0,0,0,0,0,0,0,0,0,0,0,0,0,0,0,0,0,0,0,0,0,0,0,0,0,0,0,0,0,0,0,0,0,0,eat
0.4598412811756134,0.7739660739898682,-3.629133971116971e-07,0.4171299636363983,0.6878568530082703,0.028870118781924248,0.41386327147483826,0.6063764095306396,0.035592999309301376,0.4324817657470703,0.5449692010879517,0.03762965649366379,0.45950639247894287,0.5133851766586304,0.04091795161366463,0.4220556318759918,0.5526379942893982,0.0017744264332577586,0.44561541080474854,0.45152539014816284,0.0086483433842659,0.45166200399398804,0.46772652864456177,0.024500306695699692,0.4506411850452423,0.49511927366256714,0.03747012838721275,0.46132147312164307,0.5476177930831909,-0.013662304729223251,0.4821626842021942,0.433339387178421,-0.006807729136198759,0.48315340280532837,0.4561178684234619,0.008593782782554626,0.47799152135849,0.49066171050071716,0.02086634747684002,0.5006828308105469,0.5570412278175354,-0.02432882785797119,0.5142098069190979,0.4504129886627197,-0.013666108250617981,0.5094981789588928,0.4721567630767822,0.004880954511463642,0.5014278292655945,0.5004718899726868,0.0163287166506052,0.5336251854896545,0.5808168053627014,-0.03203829750418663,0.5401254892349243,0.4932812750339508,-0.014338376931846142,0.5302796363830566,0.5071326494216919,0.007617199327796698,0.5217748880386353,0.5312005281448364,0.02269202098250389,0,0,0,0,0,0,0,0,0,0,0,0,0,0,0,0,0,0,0,0,0,0,0,0,0,0,0,0,0,0,0,0,0,0,0,0,0,0,0,0,0,0,0,0,0,0,0,0,0,0,0,0,0,0,0,0,0,0,0,0,0,0,0,eat
0.45805495977401733,0.7709695100784302,-3.29068228666074e-07,0.40937381982803345,0.6831218004226685,0.02791636809706688,0.4058499336242676,0.5973133444786072,0.03440716490149498,0.42807817459106445,0.5333969593048096,0.03630691394209862,0.45771005749702454,0.5015580654144287,0.03946579247713089,0.41110607981681824,0.5457191467285156,7.783110049786046e-05,0.4379878342151642,0.44665271043777466,0.004730992950499058,0.44778960943222046,0.4613668918609619,0.019119152799248695,0.4495382308959961,0.4889792799949646,0.0316631942987442,0.45730283856391907,0.5463429093360901,-0.015236576087772846,0.4776855707168579,0.43354693055152893,-0.009210673160851002,0.4793848395347595,0.45198437571525574,0.005637601017951965,0.4752812683582306,0.48407503962516785,0.017693014815449715,0.5007405281066895,0.5580927729606628,-0.02581144869327545,0.5135259032249451,0.45319032669067383,-0.016714325174689293,0.5083033442497253,0.47234782576560974,0.0020053228363394737,0.5008400678634644,0.49952566623687744,0.014337129890918732,0.5363847017288208,0.581329345703125,-0.03345036134123802,0.5365287065505981,0.4933711290359497,-0.016616396605968475,0.5265873670578003,0.5067088007926941,0.006293219514191151,0.5206447839736938,0.5309830904006958,0.02267150953412056,0,0,0,0,0,0,0,0,0,0,0,0,0,0,0,0,0,0,0,0,0,0,0,0,0,0,0,0,0,0,0,0,0,0,0,0,0,0,0,0,0,0,0,0,0,0,0,0,0,0,0,0,0,0,0,0,0,0,0,0,0,0,0,eat
0.4553777277469635,0.7695489525794983,-3.604134235501988e-07,0.4070689082145691,0.6824833750724792,0.03183438256382942,0.40313875675201416,0.5965892672538757,0.04075838252902031,0.4251442849636078,0.5339865684509277,0.04422536492347717,0.45570269227027893,0.5035228133201599,0.0484846830368042,0.40395787358283997,0.54545658826828,0.004779899027198553,0.43099892139434814,0.4484180808067322,0.010389839299023151,0.44499894976615906,0.4634574055671692,0.025076137855648994,0.44815006852149963,0.48982447385787964,0.03777754679322243,0.44942769408226013,0.5448257923126221,-0.012635234743356705,0.4681645631790161,0.42917704582214355,-0.007105779834091663,0.4736439287662506,0.45347678661346436,0.00805655401200056,0.47060179710388184,0.4899052679538727,0.02118217572569847,0.4941459894180298,0.555838942527771,-0.025122400373220444,0.5107823610305786,0.4505504071712494,-0.015961110591888428,0.5084853172302246,0.47358939051628113,0.003170018782839179,0.5006546974182129,0.5031402707099915,0.016332082450389862,0.5317876935005188,0.5789607763290405,-0.034357987344264984,0.5341726541519165,0.4898366332054138,-0.016370227560400963,0.5273017883300781,0.5049329996109009,0.007364470511674881,0.5218461751937866,0.5304713845252991,0.02428254671394825,0,0,0,0,0,0,0,0,0,0,0,0,0,0,0,0,0,0,0,0,0,0,0,0,0,0,0,0,0,0,0,0,0,0,0,0,0,0,0,0,0,0,0,0,0,0,0,0,0,0,0,0,0,0,0,0,0,0,0,0,0,0,0,eat
0.4573245048522949,0.7711329460144043,-2.910502132635884e-07,0.40486928820610046,0.6826275587081909,0.02780185267329216,0.40242040157318115,0.5935847759246826,0.03425678238272667,0.425892174243927,0.5286585092544556,0.03675674647092819,0.4550076127052307,0.49675828218460083,0.040347836911678314,0.408646821975708,0.5474507808685303,-0.004953956697136164,0.43485182523727417,0.4416895806789398,-0.0010639806278049946,0.44333547353744507,0.4481855630874634,0.013571743853390217,0.44730478525161743,0.4716504216194153,0.026873856782913208,0.45754626393318176,0.5516277551651001,-0.019588027149438858,0.4722164571285248,0.4303719103336334,-0.015521016903221607,0.47005417943000793,0.4444800615310669,0.0002815339539665729,0.46866077184677124,0.47517886757850647,0.013906031847000122,0.5032310485839844,0.5659166574478149,-0.02907143346965313,0.51513671875,0.45298483967781067,-0.02138300985097885,0.5038073658943176,0.46676379442214966,-0.0015826026210561395,0.4962966740131378,0.49252763390541077,0.012685561552643776,0.5407820343971252,0.5907326936721802,-0.03533922880887985,0.5375877022743225,0.49621468782424927,-0.01757936179637909,0.5228332281112671,0.5019820332527161,0.006515215616673231,0.5169236660003662,0.5231571793556213,0.024151120334863663,0,0,0,0,0,0,0,0,0,0,0,0,0,0,0,0,0,0,0,0,0,0,0,0,0,0,0,0,0,0,0,0,0,0,0,0,0,0,0,0,0,0,0,0,0,0,0,0,0,0,0,0,0,0,0,0,0,0,0,0,0,0,0,eat
0.45716315507888794,0.7718057632446289,-2.714927802571765e-07,0.4060611128807068,0.6832379102706909,0.02867943048477173,0.40307381749153137,0.5946969985961914,0.03586597740650177,0.42696142196655273,0.5302190184593201,0.038762081414461136,0.45658591389656067,0.4978402853012085,0.04250717908143997,0.4071717858314514,0.5482453107833862,-0.0033488804474473,0.4360139071941376,0.4446640908718109,0.0013079119380563498,0.44858288764953613,0.44819822907447815,0.01649629697203636,0.4544331729412079,0.468763530254364,0.0298870038241148,0.4549896717071533,0.5504260063171387,-0.01875327341258526,0.472350150346756,0.42937469482421875,-0.014371128752827644,0.4741992950439453,0.4430256485939026,0.0013582686660811305,0.47340983152389526,0.47359582781791687,0.01498814020305872,0.5007662773132324,0.5637964010238647,-0.029010405763983727,0.5150630474090576,0.45186781883239746,-0.02136862650513649,0.507512629032135,0.466691792011261,-0.0017792638391256332,0.5002524852752686,0.49255606532096863,0.012326992116868496,0.5389838814735413,0.5886145234107971,-0.0360557921230793,0.5389177799224854,0.4943646192550659,-0.01882997341454029,0.5269997119903564,0.5027282238006592,0.005068439524620771,0.52120041847229,0.5255903005599976,0.022555621340870857,0,0,0,0,0,0,0,0,0,0,0,0,0,0,0,0,0,0,0,0,0,0,0,0,0,0,0,0,0,0,0,0,0,0,0,0,0,0,0,0,0,0,0,0,0,0,0,0,0,0,0,0,0,0,0,0,0,0,0,0,0,0,0,eat
0.4585517346858978,0.7740968465805054,-2.9269236279105826e-07,0.4078490138053894,0.6837880611419678,0.03139718621969223,0.40414929389953613,0.5954769253730774,0.039721712470054626,0.42636731266975403,0.5310004949569702,0.04356391355395317,0.45538896322250366,0.4986726641654968,0.04838300123810768,0.4086722135543823,0.5484840869903564,-0.0017497524386271834,0.4359717071056366,0.4440166652202606,0.005855898838490248,0.4487987458705902,0.44984522461891174,0.02375473454594612,0.45393237471580505,0.4715235233306885,0.038649264723062515,0.4566657543182373,0.5511020421981812,-0.01767577975988388,0.47367340326309204,0.4315539002418518,-0.011350857093930244,0.4766191840171814,0.44724899530410767,0.0055585382506251335,0.47644293308258057,0.47753259539604187,0.019516773521900177,0.5027977228164673,0.5649441480636597,-0.027849804610013962,0.5157381296157837,0.45276036858558655,-0.018302801996469498,0.508805513381958,0.47106271982192993,0.0024334921035915613,0.5020073056221008,0.4983912706375122,0.01672826148569584,0.5407019853591919,0.5911281704902649,-0.0344824492931366,0.5405911803245544,0.49691951274871826,-0.01560250949114561,0.5283901691436768,0.5073984861373901,0.009416376240551472,0.5227813124656677,0.5321288108825684,0.02743486501276493,0,0,0,0,0,0,0,0,0,0,0,0,0,0,0,0,0,0,0,0,0,0,0,0,0,0,0,0,0,0,0,0,0,0,0,0,0,0,0,0,0,0,0,0,0,0,0,0,0,0,0,0,0,0,0,0,0,0,0,0,0,0,0,eat
0.4584338068962097,0.7744830250740051,-2.942620369594806e-07,0.40875887870788574,0.6836668848991394,0.028677532449364662,0.404890239238739,0.5954397320747375,0.03587206080555916,0.42771732807159424,0.5320982336997986,0.03858482465147972,0.4575239419937134,0.5008786916732788,0.04227094352245331,0.4115918278694153,0.5507258772850037,-0.0013850049581378698,0.437079519033432,0.4489988684654236,0.004113476723432541,0.44729894399642944,0.45658108592033386,0.019089018926024437,0.4518122971057892,0.47759807109832764,0.03175952658057213,0.45723801851272583,0.5519457459449768,-0.017093099653720856,0.47348999977111816,0.4313785433769226,-0.012111962772905827,0.4748624563217163,0.44708484411239624,0.003185882465913892,0.47420284152030945,0.47754570841789246,0.016219548881053925,0.5012069940567017,0.5642936825752258,-0.027672503143548965,0.5141886472702026,0.45396876335144043,-0.019211020320653915,0.5070829391479492,0.4717906713485718,0.00030813366174697876,0.5004271268844604,0.4982435703277588,0.013970596715807915,0.5383124351501465,0.5886560082435608,-0.03515498712658882,0.5398346185684204,0.4937204420566559,-0.017458947375416756,0.5279154181480408,0.5038895606994629,0.006654561497271061,0.5216795802116394,0.5274960994720459,0.024121683090925217,0,0,0,0,0,0,0,0,0,0,0,0,0,0,0,0,0,0,0,0,0,0,0,0,0,0,0,0,0,0,0,0,0,0,0,0,0,0,0,0,0,0,0,0,0,0,0,0,0,0,0,0,0,0,0,0,0,0,0,0,0,0,0,eat
0.455776572227478,0.768391489982605,-2.6669064823181543e-07,0.41009756922721863,0.6753120422363281,0.03210394084453583,0.40761932730674744,0.5952528119087219,0.04036068916320801,0.4302864968776703,0.5384342670440674,0.043238651007413864,0.4605806767940521,0.5119696855545044,0.04689892381429672,0.4077704846858978,0.5440713167190552,0.004718141630291939,0.4335763156414032,0.4531064033508301,0.013769884593784809,0.4501873850822449,0.45860037207603455,0.03186402842402458,0.45449334383010864,0.4774683713912964,0.04627619683742523,0.45283207297325134,0.5444942712783813,-0.012730024755001068,0.46849367022514343,0.43161535263061523,-0.005026881583034992,0.4766342043876648,0.44332143664360046,0.010888718999922276,0.4760347604751587,0.4699379801750183,0.023861786350607872,0.4971877336502075,0.5568624138832092,-0.024788880720734596,0.5117734670639038,0.45546814799308777,-0.013847717083990574,0.5102143883705139,0.46971064805984497,0.005331054329872131,0.5023559927940369,0.49185091257095337,0.017996666952967644,0.5350127816200256,0.5817511081695557,-0.03360333666205406,0.534673273563385,0.4958423972129822,-0.015542486682534218,0.5263996720314026,0.5019513964653015,0.007750842720270157,0.519288182258606,0.5199320316314697,0.024618135765194893,0,0,0,0,0,0,0,0,0,0,0,0,0,0,0,0,0,0,0,0,0,0,0,0,0,0,0,0,0,0,0,0,0,0,0,0,0,0,0,0,0,0,0,0,0,0,0,0,0,0,0,0,0,0,0,0,0,0,0,0,0,0,0,eat
0.45625799894332886,0.7662225961685181,-2.694425802474143e-07,0.41016513109207153,0.678809404373169,0.03485585004091263,0.4064038097858429,0.597892165184021,0.04562975838780403,0.427185982465744,0.5393402576446533,0.050729166716337204,0.45621803402900696,0.5111897587776184,0.05634211003780365,0.40719345211982727,0.544817328453064,0.00937745627015829,0.4326358735561371,0.4535633325576782,0.01974348910152912,0.44907256960868835,0.45657670497894287,0.03796794265508652,0.4532387852668762,0.47390830516815186,0.05247898027300835,0.4518793821334839,0.5438773036003113,-0.008353703655302525,0.46857932209968567,0.43202632665634155,0.0006285955314524472,0.4777142107486725,0.44323623180389404,0.017175335437059402,0.4774155616760254,0.46857550740242004,0.030517809092998505,0.495705246925354,0.5551539063453674,-0.020681897178292274,0.5134418606758118,0.45420634746551514,-0.008823573589324951,0.5124483704566956,0.46850407123565674,0.010994384996592999,0.5040327906608582,0.49013617634773254,0.02398959919810295,0.5325143337249756,0.5794607996940613,-0.029550975188612938,0.5358337163925171,0.49433982372283936,-0.009856345131993294,0.5291159749031067,0.5028122663497925,0.014500865712761879,0.5222629308700562,0.5224686861038208,0.031742118299007416,0,0,0,0,0,0,0,0,0,0,0,0,0,0,0,0,0,0,0,0,0,0,0,0,0,0,0,0,0,0,0,0,0,0,0,0,0,0,0,0,0,0,0,0,0,0,0,0,0,0,0,0,0,0,0,0,0,0,0,0,0,0,0,eat
0.45682069659233093,0.7669032216072083,-2.6716506340562773e-07,0.40913400053977966,0.6792751550674438,0.032449331134557724,0.40614956617355347,0.5972756743431091,0.04199442267417908,0.42876577377319336,0.5380076766014099,0.04637946933507919,0.45833083987236023,0.5099811553955078,0.05121860280632973,0.4059833288192749,0.5437344908714294,0.005829673260450363,0.43348318338394165,0.45358601212501526,0.015403702855110168,0.45036596059799194,0.4597182273864746,0.03214166685938835,0.4556218683719635,0.47846028208732605,0.04544786363840103,0.45165079832077026,0.5440351963043213,-0.010814804583787918,0.4681878089904785,0.43526601791381836,-0.0009410416823811829,0.4759366810321808,0.44741594791412354,0.014447622001171112,0.4761827290058136,0.47339996695518494,0.026192190125584602,0.49626845121383667,0.5562256574630737,-0.022044450044631958,0.5121563076972961,0.45571205019950867,-0.009822465479373932,0.5098994970321655,0.47095465660095215,0.008494537323713303,0.5021578073501587,0.4946250915527344,0.019954558461904526,0.53353351354599,0.5800417065620422,-0.02994086779654026,0.533939003944397,0.4954434037208557,-0.010980549268424511,0.5254479050636292,0.5044422149658203,0.011999758891761303,0.5190234184265137,0.5240952968597412,0.028175847604870796,0,0,0,0,0,0,0,0,0,0,0,0,0,0,0,0,0,0,0,0,0,0,0,0,0,0,0,0,0,0,0,0,0,0,0,0,0,0,0,0,0,0,0,0,0,0,0,0,0,0,0,0,0,0,0,0,0,0,0,0,0,0,0,eat
0.4559805989265442,0.7673590183258057,-2.7526624535312294e-07,0.40917426347732544,0.679175615310669,0.031093930825591087,0.4073505997657776,0.5959321856498718,0.03975746035575867,0.4310545325279236,0.5374965667724609,0.043730612844228745,0.46078726649284363,0.5095850825309753,0.04841581732034683,0.4087337255477905,0.54758220911026,0.003205282613635063,0.43489691615104675,0.4552057981491089,0.011835901066660881,0.4495333135128021,0.46489936113357544,0.02815888077020645,0.45342907309532166,0.48569345474243164,0.041178103536367416,0.45365995168685913,0.5485115051269531,-0.012999188154935837,0.46956998109817505,0.43743574619293213,-0.004164109937846661,0.476051390171051,0.4499569535255432,0.01104420144110918,0.4756437838077545,0.4760616421699524,0.022720564156770706,0.4971124529838562,0.5609443783760071,-0.023814229294657707,0.5124244689941406,0.4591684341430664,-0.012131577357649803,0.5089083313941956,0.4742860198020935,0.00652156351134181,0.5007468461990356,0.4974011182785034,0.018162643536925316,0.5331912636756897,0.5851942300796509,-0.031410664319992065,0.5319294333457947,0.5018270611763,-0.012862912379205227,0.5225343704223633,0.5110124945640564,0.010126711800694466,0.5165292024612427,0.530434787273407,0.026226375252008438,0,0,0,0,0,0,0,0,0,0,0,0,0,0,0,0,0,0,0,0,0,0,0,0,0,0,0,0,0,0,0,0,0,0,0,0,0,0,0,0,0,0,0,0,0,0,0,0,0,0,0,0,0,0,0,0,0,0,0,0,0,0,0,eat
0.4583025574684143,0.7725479006767273,-2.919115615895862e-07,0.41057735681533813,0.685957670211792,0.02973741851747036,0.4078788161277771,0.6006079912185669,0.038252800703048706,0.43210074305534363,0.5399073958396912,0.042172934859991074,0.46283984184265137,0.5112196207046509,0.047017402946949005,0.40878379344940186,0.5507203340530396,0.0029179807752370834,0.43500491976737976,0.46029791235923767,0.011568034999072552,0.45074591040611267,0.470415860414505,0.027942674234509468,0.4553453326225281,0.49143317341804504,0.0409284383058548,0.4550750255584717,0.5505546927452087,-0.01277567446231842,0.4711872935295105,0.4406646192073822,-0.004851044155657291,0.4783998727798462,0.45434096455574036,0.009914861060678959,0.47812217473983765,0.4816940426826477,0.02175898291170597,0.49977952241897583,0.5620580315589905,-0.02315749041736126,0.5143120288848877,0.46229538321495056,-0.012491489760577679,0.5116295218467712,0.47847291827201843,0.005792226642370224,0.5042012333869934,0.502557098865509,0.017641495913267136,0.537202000617981,0.5854897499084473,-0.030428072437644005,0.5373510718345642,0.5013197660446167,-0.012906965799629688,0.5281857848167419,0.5118255615234375,0.009996709413826466,0.5221733450889587,0.5332684516906738,0.026370078325271606,0,0,0,0,0,0,0,0,0,0,0,0,0,0,0,0,0,0,0,0,0,0,0,0,0,0,0,0,0,0,0,0,0,0,0,0,0,0,0,0,0,0,0,0,0,0,0,0,0,0,0,0,0,0,0,0,0,0,0,0,0,0,0,eat
0.45884859561920166,0.7737973928451538,-3.2886055123526603e-07,0.4096149206161499,0.6883777379989624,0.02856433391571045,0.40723538398742676,0.6026184558868408,0.03649398684501648,0.43083760142326355,0.5408376455307007,0.03970653936266899,0.46116721630096436,0.5110300779342651,0.0439445786178112,0.4102557301521301,0.5496435761451721,0.0035897514317184687,0.4353879690170288,0.4597855508327484,0.010345812886953354,0.4476696848869324,0.4751172959804535,0.02505926601588726,0.45017507672309875,0.4999968409538269,0.03733909875154495,0.4558977782726288,0.5505383610725403,-0.012137209996581078,0.47220391035079956,0.44112297892570496,-0.005800128914415836,0.4762488305568695,0.45953255891799927,0.008338497951626778,0.47472983598709106,0.49119293689727783,0.020243244245648384,0.49983295798301697,0.5626255869865417,-0.023070096969604492,0.5151087641716003,0.46378883719444275,-0.013967921957373619,0.5100151300430298,0.48458850383758545,0.0038671044167131186,0.5025323033332825,0.5123323798179626,0.016025366261601448,0.5364570021629333,0.5865016579627991,-0.031031696125864983,0.5368876457214355,0.5017852783203125,-0.013734700158238411,0.5265974402427673,0.5160901546478271,0.009117204695940018,0.5208891034126282,0.5408163070678711,0.025556955486536026,0,0,0,0,0,0,0,0,0,0,0,0,0,0,0,0,0,0,0,0,0,0,0,0,0,0,0,0,0,0,0,0,0,0,0,0,0,0,0,0,0,0,0,0,0,0,0,0,0,0,0,0,0,0,0,0,0,0,0,0,0,0,0,eat
0.4602797031402588,0.775997519493103,-2.8943352958776813e-07,0.4144827127456665,0.6832275390625,0.030169492587447166,0.4137091040611267,0.5998145341873169,0.03736567497253418,0.4385961592197418,0.5420371890068054,0.0396968275308609,0.46862491965293884,0.5136488080024719,0.04282144457101822,0.41397809982299805,0.5520347952842712,0.00201144115999341,0.43972018361091614,0.45804545283317566,0.008657645434141159,0.4548912048339844,0.469105988740921,0.02313086949288845,0.45902585983276367,0.4913792610168457,0.035066187381744385,0.4603911340236664,0.5545768737792969,-0.014728392474353313,0.4750893712043762,0.44447237253189087,-0.0073912679217755795,0.4811386168003082,0.45912110805511475,0.00644179480150342,0.4800117611885071,0.48790442943573,0.01721774972975254,0.5048133134841919,0.5683403015136719,-0.026212699711322784,0.5178276896476746,0.46537962555885315,-0.01609787903726101,0.5136985778808594,0.48198217153549194,0.0019710904452949762,0.5053466558456421,0.5071715116500854,0.013471420854330063,0.5421683192253113,0.5937092900276184,-0.034483302384614944,0.5401034951210022,0.508003294467926,-0.017509205266833305,0.52976393699646,0.5188819169998169,0.005433821585029364,0.5233933925628662,0.5410056710243225,0.021860426291823387,0,0,0,0,0,0,0,0,0,0,0,0,0,0,0,0,0,0,0,0,0,0,0,0,0,0,0,0,0,0,0,0,0,0,0,0,0,0,0,0,0,0,0,0,0,0,0,0,0,0,0,0,0,0,0,0,0,0,0,0,0,0,0,eat
0.46282243728637695,0.7861790657043457,-3.387090998785425e-07,0.4166731834411621,0.69779372215271,0.029648231342434883,0.41419413685798645,0.6105749607086182,0.037860892713069916,0.43458956480026245,0.5467480421066284,0.041879039257764816,0.46204453706741333,0.5141861438751221,0.047155026346445084,0.4254279136657715,0.5622022151947021,0.001570394029840827,0.44788646697998047,0.4625934958457947,0.010793952271342278,0.4576115310192108,0.4745197296142578,0.028647227212786674,0.46047136187553406,0.4981517195701599,0.043002814054489136,0.4691304862499237,0.5631973743438721,-0.012856435030698776,0.4878690540790558,0.452078253030777,-0.0036232536658644676,0.49017128348350525,0.4698472321033478,0.013351100496947765,0.4888375401496887,0.49900341033935547,0.02664037048816681,0.5104712247848511,0.5761971473693848,-0.022113030776381493,0.5211900472640991,0.47141334414482117,-0.009996159933507442,0.5156270265579224,0.4864843487739563,0.009238755330443382,0.5100740790367126,0.5096636414527893,0.021428769454360008,0.5437957644462585,0.6014965772628784,-0.028206776827573776,0.5442426800727844,0.5119108557701111,-0.008919933810830116,0.5320370197296143,0.5179224014282227,0.013750308193266392,0.5252573490142822,0.5360533595085144,0.02955569699406624,0,0,0,0,0,0,0,0,0,0,0,0,0,0,0,0,0,0,0,0,0,0,0,0,0,0,0,0,0,0,0,0,0,0,0,0,0,0,0,0,0,0,0,0,0,0,0,0,0,0,0,0,0,0,0,0,0,0,0,0,0,0,0,eat
0.4620325267314911,0.7988339066505432,-3.0327802846841223e-07,0.41709181666374207,0.7076228857040405,0.028763847425580025,0.41546642780303955,0.6187022924423218,0.03642620891332626,0.43817785382270813,0.5546262264251709,0.040059637278318405,0.4672463536262512,0.5239806175231934,0.04481295496225357,0.4217902421951294,0.569795548915863,-8.08044133009389e-05,0.4478330910205841,0.468600869178772,0.006953032687306404,0.46004563570022583,0.47524088621139526,0.022644387558102608,0.4630199372768402,0.49537092447280884,0.03583979606628418,0.46828073263168335,0.574394166469574,-0.01461631990969181,0.48570576310157776,0.45966988801956177,-0.0063513037748634815,0.49012282490730286,0.4691477119922638,0.009115535765886307,0.48833149671554565,0.4934891164302826,0.021498359739780426,0.5122729539871216,0.5899554491043091,-0.024048082530498505,0.5252532362937927,0.4810695946216583,-0.013328159227967262,0.5200660228729248,0.48672249913215637,0.004425609018653631,0.5116655826568604,0.5038895606994629,0.016182763502001762,0.5480898022651672,0.6171078681945801,-0.030326999723911285,0.547356903553009,0.5251696109771729,-0.013377304188907146,0.5356820225715637,0.5234436392784119,0.007900967262685299,0.5275285243988037,0.5356985330581665,0.023460036143660545,0,0,0,0,0,0,0,0,0,0,0,0,0,0,0,0,0,0,0,0,0,0,0,0,0,0,0,0,0,0,0,0,0,0,0,0,0,0,0,0,0,0,0,0,0,0,0,0,0,0,0,0,0,0,0,0,0,0,0,0,0,0,0,eat
0.46418166160583496,0.8008483648300171,-3.499677063700801e-07,0.41998761892318726,0.710613489151001,0.027197733521461487,0.41948291659355164,0.6201134920120239,0.03355174884200096,0.4412442147731781,0.5536677241325378,0.03565576300024986,0.4690205156803131,0.519739031791687,0.03921961039304733,0.4295394718647003,0.5710724592208862,-0.0004321785527281463,0.4566861391067505,0.4669063985347748,0.004801906645298004,0.4630325138568878,0.48004835844039917,0.019398938864469528,0.46298909187316895,0.5060405731201172,0.03208836540579796,0.4725853502750397,0.5747321844100952,-0.015182031318545341,0.4933825135231018,0.45963287353515625,-0.009240764193236828,0.49264124035835266,0.475593239068985,0.005360243376344442,0.4875371754169464,0.5060415863990784,0.01748443953692913,0.5132699012756348,0.5886019468307495,-0.025285255163908005,0.5261781811714172,0.47904497385025024,-0.016488129273056984,0.5184005498886108,0.49225854873657227,0.0013634728966280818,0.5097828507423401,0.5165490508079529,0.013482488691806793,0.5461633205413818,0.6140875816345215,-0.032432783395051956,0.5476871132850647,0.5183515548706055,-0.015929942950606346,0.5343698263168335,0.5240030288696289,0.005781564861536026,0.5260213613510132,0.5441466569900513,0.021391039714217186,0,0,0,0,0,0,0,0,0,0,0,0,0,0,0,0,0,0,0,0,0,0,0,0,0,0,0,0,0,0,0,0,0,0,0,0,0,0,0,0,0,0,0,0,0,0,0,0,0,0,0,0,0,0,0,0,0,0,0,0,0,0,0,eat
0.4667810797691345,0.8199996948242188,-2.3182400354926358e-07,0.42050665616989136,0.7247751355171204,0.02490137703716755,0.42089349031448364,0.6314592957496643,0.030792543664574623,0.4460368752479553,0.5661210417747498,0.032595109194517136,0.47474151849746704,0.5319222211837769,0.035064276307821274,0.429701566696167,0.5912346243858337,1.2339594832155854e-05,0.45075932145118713,0.4837877154350281,0.003020863514393568,0.4629347026348114,0.47492748498916626,0.014021575450897217,0.46984702348709106,0.48252609372138977,0.024181876331567764,0.47601836919784546,0.5975208282470703,-0.01422629039734602,0.4897555410861969,0.47644177079200745,-0.010648681782186031,0.49242645502090454,0.47686275839805603,0.0014917398802936077,0.49189773201942444,0.49540281295776367,0.012638016603887081,0.5186552405357361,0.6131856441497803,-0.024315014481544495,0.5284125208854675,0.49648258090019226,-0.01815178245306015,0.5208629965782166,0.49351370334625244,-0.0016308627091348171,0.5132699608802795,0.506026029586792,0.010781214572489262,0.5525627136230469,0.6378964781761169,-0.03182223066687584,0.5515388250350952,0.5394298434257507,-0.018645046278834343,0.5373761057853699,0.5300289988517761,0.0013946209801360965,0.5284004807472229,0.5387365221977234,0.016933809965848923,0,0,0,0,0,0,0,0,0,0,0,0,0,0,0,0,0,0,0,0,0,0,0,0,0,0,0,0,0,0,0,0,0,0,0,0,0,0,0,0,0,0,0,0,0,0,0,0,0,0,0,0,0,0,0,0,0,0,0,0,0,0,0,eat
0.4689527750015259,0.8088220357894897,-2.893764587952319e-07,0.423400342464447,0.7096772193908691,0.026944689452648163,0.42330628633499146,0.6180228590965271,0.03234787657856941,0.4490402936935425,0.5535821318626404,0.032721005380153656,0.47975677251815796,0.5207687616348267,0.03399575874209404,0.42979884147644043,0.5823909044265747,0.0004087660927325487,0.4592176377773285,0.4771668314933777,0.0010981527157127857,0.46995535492897034,0.48834025859832764,0.011304274201393127,0.47274041175842285,0.5155455470085144,0.021593330428004265,0.47547635436058044,0.5874241590499878,-0.0158725306391716,0.4942813217639923,0.4666694402694702,-0.01304441224783659,0.4985033869743347,0.4839339852333069,-0.0012817226815968752,0.49586498737335205,0.5169927477836609,0.009436321444809437,0.5181371569633484,0.6015347242355347,-0.027888551354408264,0.5289230346679688,0.4894905090332031,-0.02120054140686989,0.524837076663971,0.5063953399658203,-0.003951471298933029,0.5172247886657715,0.5334625244140625,0.008230057545006275,0.5525197982788086,0.6252654194831848,-0.03714168071746826,0.5499327182769775,0.5311673283576965,-0.022498389706015587,0.5397480726242065,0.5398208498954773,-0.000710238644387573,0.5336041450500488,0.563006579875946,0.015380842611193657,0,0,0,0,0,0,0,0,0,0,0,0,0,0,0,0,0,0,0,0,0,0,0,0,0,0,0,0,0,0,0,0,0,0,0,0,0,0,0,0,0,0,0,0,0,0,0,0,0,0,0,0,0,0,0,0,0,0,0,0,0,0,0,eat
0.46452680230140686,0.8021622896194458,-3.0357642799572204e-07,0.4217253029346466,0.7036738395690918,0.02518521621823311,0.42460399866104126,0.6193735003471375,0.0295321773737669,0.4547935724258423,0.5640994310379028,0.029160410165786743,0.48799118399620056,0.5374792814254761,0.029717687517404556,0.4234969913959503,0.5770330429077148,-0.0007806879002600908,0.4528350532054901,0.48467013239860535,0.0016335948603227735,0.46715664863586426,0.4999074935913086,0.012744022533297539,0.46868959069252014,0.5251014232635498,0.02258029580116272,0.4686097204685211,0.5804468393325806,-0.01670732907950878,0.4864683151245117,0.46773093938827515,-0.013085919432342052,0.4930952191352844,0.48554185032844543,-0.0023414220195263624,0.4887855350971222,0.5176631212234497,0.006646623369306326,0.5115137100219727,0.5934759378433228,-0.0282574612647295,0.5262963771820068,0.4899669885635376,-0.020992884412407875,0.5238989591598511,0.5063093900680542,-0.005820632912218571,0.5139380693435669,0.5315865874290466,0.003911943174898624,0.5463769435882568,0.6154004335403442,-0.037246547639369965,0.5443120002746582,0.5301343202590942,-0.024157581850886345,0.5355901718139648,0.5388137698173523,-0.0048714508302509785,0.5281772613525391,0.5577809810638428,0.009047538973391056,0,0,0,0,0,0,0,0,0,0,0,0,0,0,0,0,0,0,0,0,0,0,0,0,0,0,0,0,0,0,0,0,0,0,0,0,0,0,0,0,0,0,0,0,0,0,0,0,0,0,0,0,0,0,0,0,0,0,0,0,0,0,0,eat
0.4556988477706909,0.8010373711585999,-2.6876722358792904e-07,0.41423577070236206,0.7004889249801636,0.02541165240108967,0.4170081615447998,0.61665278673172,0.029499074444174767,0.44873034954071045,0.5650953054428101,0.0285995751619339,0.48418229818344116,0.5438194274902344,0.02836267277598381,0.4148906469345093,0.5729424953460693,0.0007561719394288957,0.44420188665390015,0.48647499084472656,0.0026853757444769144,0.460595965385437,0.5026597380638123,0.012431912124156952,0.4631219208240509,0.5289801359176636,0.02118655852973461,0.4603273570537567,0.577187180519104,-0.015831822529435158,0.4803135097026825,0.46967804431915283,-0.011076398193836212,0.48981890082359314,0.4869159758090973,-0.0012557303998619318,0.4870871305465698,0.5178139209747314,0.006488877348601818,0.503871738910675,0.591845691204071,-0.028217824175953865,0.5201671123504639,0.48992112278938293,-0.020208515226840973,0.5200949311256409,0.5059316158294678,-0.0062365541234612465,0.510635256767273,0.5303646922111511,0.002147942315787077,0.5398328900337219,0.6157643795013428,-0.038067352026700974,0.5373544096946716,0.5333365201950073,-0.02494818903505802,0.5298612713813782,0.5415018796920776,-0.006397048942744732,0.5227659344673157,0.5584535002708435,0.006805542856454849,0,0,0,0,0,0,0,0,0,0,0,0,0,0,0,0,0,0,0,0,0,0,0,0,0,0,0,0,0,0,0,0,0,0,0,0,0,0,0,0,0,0,0,0,0,0,0,0,0,0,0,0,0,0,0,0,0,0,0,0,0,0,0,eat
0.4563397765159607,0.7992935180664062,-3.1957651458469627e-07,0.4151829481124878,0.7029880285263062,0.02658027783036232,0.4158216118812561,0.6180626749992371,0.03141755610704422,0.44389787316322327,0.5636635422706604,0.030810516327619553,0.4768538773059845,0.5391916036605835,0.030958963558077812,0.41660964488983154,0.5734938979148865,0.00239479704760015,0.4463333487510681,0.4858992099761963,0.00295203342102468,0.4594118297100067,0.504625141620636,0.01187053695321083,0.46022260189056396,0.5331161022186279,0.020556971430778503,0.46176421642303467,0.5772740840911865,-0.015200933441519737,0.4825141429901123,0.4673563241958618,-0.013391324318945408,0.48933568596839905,0.48831602931022644,-0.0035058397334069014,0.48523420095443726,0.5231534242630005,0.005631090607494116,0.5052252411842346,0.5914555191993713,-0.02872607484459877,0.5221593976020813,0.4889538288116455,-0.022128542885184288,0.5209671258926392,0.5085881352424622,-0.0063742781057953835,0.5116750001907349,0.5354673862457275,0.0043078199960291386,0.5412735342979431,0.6164128184318542,-0.0397508479654789,0.5430629849433899,0.5295109748840332,-0.02553466521203518,0.5363726019859314,0.5414153337478638,-0.004457653034478426,0.5298659801483154,0.5637043118476868,0.010858265683054924,0,0,0,0,0,0,0,0,0,0,0,0,0,0,0,0,0,0,0,0,0,0,0,0,0,0,0,0,0,0,0,0,0,0,0,0,0,0,0,0,0,0,0,0,0,0,0,0,0,0,0,0,0,0,0,0,0,0,0,0,0,0,0,eat
0.4562920928001404,0.8035272359848022,-2.98776740237372e-07,0.41392838954925537,0.7069200277328491,0.026544766500592232,0.4143088459968567,0.6202734708786011,0.03180230036377907,0.4439857304096222,0.5629577040672302,0.03236490115523338,0.4760216176509857,0.5366206169128418,0.033701732754707336,0.41467389464378357,0.5808194875717163,-0.002971802605316043,0.4482738673686981,0.48174360394477844,-0.0020312066189944744,0.4603879749774933,0.4936660826206207,0.008957978338003159,0.4615657329559326,0.5193804502487183,0.019613930955529213,0.46196311712265015,0.5874229073524475,-0.019219662994146347,0.4840677082538605,0.46902352571487427,-0.016882622614502907,0.48827892541885376,0.4877188503742218,-0.004324781708419323,0.48401907086372375,0.5219700336456299,0.0069350977428257465,0.5067735314369202,0.6026184558868408,-0.030967282131314278,0.523870050907135,0.4916696548461914,-0.023932291194796562,0.5199486613273621,0.5096825957298279,-0.00598516222089529,0.510269045829773,0.5367365479469299,0.006470408756285906,0.5433538556098938,0.6267637610435486,-0.03995634242892265,0.5429155230522156,0.531613826751709,-0.025385599583387375,0.5336226224899292,0.5403428077697754,-0.0034177585039287806,0.5268564820289612,0.560949444770813,0.012722992338240147,0,0,0,0,0,0,0,0,0,0,0,0,0,0,0,0,0,0,0,0,0,0,0,0,0,0,0,0,0,0,0,0,0,0,0,0,0,0,0,0,0,0,0,0,0,0,0,0,0,0,0,0,0,0,0,0,0,0,0,0,0,0,0,eat
0.4555619955062866,0.7986249327659607,-3.5117119523420115e-07,0.4160386919975281,0.7008882164955139,0.02680140547454357,0.4191409945487976,0.6154675483703613,0.03150133788585663,0.44783756136894226,0.5598496198654175,0.03075920231640339,0.4796803295612335,0.5327556133270264,0.03097662888467312,0.4147455096244812,0.5706077814102173,0.0025118933990597725,0.44612038135528564,0.4860880970954895,0.0038188467733561993,0.4594600796699524,0.509356677532196,0.013503902591764927,0.45929867029190063,0.5399331450462341,0.02217130735516548,0.4593904912471771,0.5735970139503479,-0.016013234853744507,0.4808666706085205,0.46461766958236694,-0.014833444729447365,0.4881734251976013,0.48936355113983154,-0.005122399423271418,0.4834122955799103,0.5264848470687866,0.0039559598080813885,0.5034854412078857,0.5878269672393799,-0.030380738899111748,0.5219255685806274,0.48769932985305786,-0.02448495663702488,0.521518886089325,0.509488582611084,-0.008503549732267857,0.5118291974067688,0.5368952751159668,0.0022597252391278744,0.5408617258071899,0.6136417388916016,-0.042227622121572495,0.5437887907028198,0.5284191966056824,-0.02890549972653389,0.5375921130180359,0.5414230823516846,-0.007782384753227234,0.5310814380645752,0.563811182975769,0.007538971491158009,0,0,0,0,0,0,0,0,0,0,0,0,0,0,0,0,0,0,0,0,0,0,0,0,0,0,0,0,0,0,0,0,0,0,0,0,0,0,0,0,0,0,0,0,0,0,0,0,0,0,0,0,0,0,0,0,0,0,0,0,0,0,0,eat
0.4543035924434662,0.7958953380584717,-3.2057616294878244e-07,0.4107843041419983,0.6984763741493225,0.024691477417945862,0.41340509057044983,0.6119632124900818,0.028631694614887238,0.44366592168807983,0.5538803339004517,0.02801920287311077,0.47761619091033936,0.5263673663139343,0.028554195538163185,0.4085876941680908,0.568019688129425,-0.002179366070777178,0.4423693120479584,0.4815128743648529,0.00044430961133912206,0.4576764702796936,0.5037001371383667,0.011849532835185528,0.4580715596675873,0.5335149168968201,0.021678240969777107,0.4548351466655731,0.5713738799095154,-0.018435217440128326,0.47671234607696533,0.46259576082229614,-0.014440314844250679,0.48450538516044617,0.48667770624160767,-0.003501849714666605,0.4802608788013458,0.5229593515396118,0.005467047914862633,0.5002349019050598,0.5850111842155457,-0.030197756364941597,0.5182393789291382,0.484036922454834,-0.022046832367777824,0.5177167654037476,0.5074929594993591,-0.00594107061624527,0.5082751512527466,0.5371986031532288,0.003939779940992594,0.5381239056587219,0.6088368892669678,-0.03946314752101898,0.5384880304336548,0.5258585214614868,-0.025274740532040596,0.5312266945838928,0.5403822064399719,-0.004793204832822084,0.5246139168739319,0.5628605484962463,0.00968234520405531,0,0,0,0,0,0,0,0,0,0,0,0,0,0,0,0,0,0,0,0,0,0,0,0,0,0,0,0,0,0,0,0,0,0,0,0,0,0,0,0,0,0,0,0,0,0,0,0,0,0,0,0,0,0,0,0,0,0,0,0,0,0,0,eat
0.46353578567504883,0.7861171960830688,-1.3561067646605807e-07,0.41563549637794495,0.6958732604980469,0.01807372458279133,0.41300028562545776,0.59731525182724,0.020321950316429138,0.4427239000797272,0.5333062410354614,0.018519748002290726,0.47592028975486755,0.5060629844665527,0.017767932265996933,0.41697466373443604,0.5628641843795776,-0.005476218182593584,0.4537532925605774,0.4545692205429077,-0.012906991876661777,0.46759989857673645,0.4518775939941406,-0.010337107814848423,0.47348636388778687,0.470562219619751,-0.004276490304619074,0.465666800737381,0.5715953707695007,-0.019029900431632996,0.4911639392375946,0.4465061128139496,-0.024676809087395668,0.4949237108230591,0.4587711989879608,-0.01800498366355896,0.49317920207977295,0.49271517992019653,-0.008720076642930508,0.5116047859191895,0.5870447158813477,-0.02952219918370247,0.5299124121665955,0.47611063718795776,-0.02840726263821125,0.5246209502220154,0.48987987637519836,-0.013928649015724659,0.5168066620826721,0.5177801847457886,-0.0016162226675078273,0.550240159034729,0.6087576746940613,-0.03825380653142929,0.5505014657974243,0.5154553651809692,-0.025965632870793343,0.539019763469696,0.5215980410575867,-0.0055769942700862885,0.5319799184799194,0.5435724258422852,0.010435622185468674,0,0,0,0,0,0,0,0,0,0,0,0,0,0,0,0,0,0,0,0,0,0,0,0,0,0,0,0,0,0,0,0,0,0,0,0,0,0,0,0,0,0,0,0,0,0,0,0,0,0,0,0,0,0,0,0,0,0,0,0,0,0,0,eat
0.4634811580181122,0.7913082838058472,-1.7129025309259305e-07,0.4152790606021881,0.6975274085998535,0.019533677026629448,0.4135732650756836,0.6011056303977966,0.022113878279924393,0.44325342774391174,0.5352442860603333,0.020155256614089012,0.47605806589126587,0.5016559958457947,0.019182518124580383,0.41841691732406616,0.5652583837509155,-0.002548233373090625,0.45245060324668884,0.45746105909347534,-0.009550753980875015,0.46808040142059326,0.45527076721191406,-0.006999623030424118,0.47737371921539307,0.4726753234863281,-0.001044376171194017,0.46626171469688416,0.5723286271095276,-0.016971508041024208,0.4918564260005951,0.44765961170196533,-0.021170878782868385,0.49586331844329834,0.45799341797828674,-0.013803190551698208,0.495683491230011,0.4882747232913971,-0.004477343987673521,0.5113738179206848,0.5871110558509827,-0.028470324352383614,0.5282227993011475,0.474721223115921,-0.027047280222177505,0.5234737396240234,0.49012279510498047,-0.011410003527998924,0.5178834795951843,0.5177337527275085,0.0017345859669148922,0.5501061081886292,0.6087158918380737,-0.03816055878996849,0.5517674088478088,0.5116540193557739,-0.025609424337744713,0.5402681827545166,0.5185372233390808,-0.004246726166456938,0.5340189933776855,0.5407383441925049,0.012542585842311382,0,0,0,0,0,0,0,0,0,0,0,0,0,0,0,0,0,0,0,0,0,0,0,0,0,0,0,0,0,0,0,0,0,0,0,0,0,0,0,0,0,0,0,0,0,0,0,0,0,0,0,0,0,0,0,0,0,0,0,0,0,0,0,eat
0.477926105260849,0.7743338942527771,-1.3063609571872803e-07,0.4268259108066559,0.6855567693710327,0.027007341384887695,0.4257742464542389,0.590448796749115,0.034529004245996475,0.4534533619880676,0.5278076529502869,0.03905849903821945,0.486480176448822,0.5023002028465271,0.044658347964286804,0.4374638497829437,0.5441576242446899,-0.004812576342374086,0.46209073066711426,0.43582218885421753,0.00027917162515223026,0.4741836190223694,0.4281309247016907,0.01582362689077854,0.4810810983181,0.44046393036842346,0.029877355322241783,0.4860597550868988,0.5506212711334229,-0.01706046052277088,0.5048171281814575,0.4247082769870758,-0.014137722551822662,0.5067209005355835,0.4247170388698578,0.0014362308429554105,0.5065391063690186,0.4465519189834595,0.016559869050979614,0.5297142863273621,0.5667860507965088,-0.023901594802737236,0.5428988337516785,0.45594823360443115,-0.015277940779924393,0.5329746007919312,0.4553346633911133,0.003901435760781169,0.5238304734230042,0.4709160625934601,0.01877940446138382,0.5644035339355469,0.5925343632698059,-0.02768099680542946,0.5647497177124023,0.49805593490600586,-0.008182162418961525,0.55025315284729,0.4918295741081238,0.015511893667280674,0.540985643863678,0.5030262470245361,0.03349890559911728,0,0,0,0,0,0,0,0,0,0,0,0,0,0,0,0,0,0,0,0,0,0,0,0,0,0,0,0,0,0,0,0,0,0,0,0,0,0,0,0,0,0,0,0,0,0,0,0,0,0,0,0,0,0,0,0,0,0,0,0,0,0,0,eat
0.4789048433303833,0.7694283127784729,-2.609876901260577e-07,0.43116337060928345,0.6787258386611938,0.031479861587285995,0.43368247151374817,0.5864601731300354,0.04188021644949913,0.4600600600242615,0.5248761773109436,0.04826701059937477,0.492953360080719,0.4985780715942383,0.05595162510871887,0.44170546531677246,0.5344966650009155,0.0045962855219841,0.4667990803718567,0.43318724632263184,0.01406646054238081,0.47768062353134155,0.4402470588684082,0.032331690192222595,0.48187771439552307,0.4621984362602234,0.047459956258535385,0.48890289664268494,0.5371935367584229,-0.009884282946586609,0.5051818490028381,0.4158151149749756,-0.003429799573495984,0.5068973302841187,0.4165457487106323,0.011893702670931816,0.5042964220046997,0.4352796673774719,0.025868983939290047,0.5319939851760864,0.5520828366279602,-0.01904905214905739,0.5452591180801392,0.4418470859527588,-0.010396975092589855,0.5368077754974365,0.4354360103607178,0.005986702162772417,0.5248285531997681,0.44441312551498413,0.01856604777276516,0.5658135414123535,0.5781516432762146,-0.024503422901034355,0.5649001598358154,0.4888410270214081,-0.006490811239928007,0.5535976886749268,0.48309439420700073,0.015537756495177746,0.5444446802139282,0.49362897872924805,0.0320776030421257,0,0,0,0,0,0,0,0,0,0,0,0,0,0,0,0,0,0,0,0,0,0,0,0,0,0,0,0,0,0,0,0,0,0,0,0,0,0,0,0,0,0,0,0,0,0,0,0,0,0,0,0,0,0,0,0,0,0,0,0,0,0,0,eat
0.4793767035007477,0.7685925960540771,-3.1944301781550166e-07,0.43380239605903625,0.67518150806427,0.031643096357584,0.43367767333984375,0.587396502494812,0.040430597960948944,0.4576452374458313,0.5267142653465271,0.044628944247961044,0.490500807762146,0.4987485110759735,0.04950717091560364,0.44185400009155273,0.5349547266960144,0.005861607845872641,0.4655962884426117,0.43509596586227417,0.016206886619329453,0.4762743413448334,0.44207867980003357,0.03415929153561592,0.4783366322517395,0.4631982445716858,0.04836149513721466,0.48560309410095215,0.5325732231140137,-0.00902392715215683,0.5009424686431885,0.41375887393951416,0.0008010555757209659,0.504045307636261,0.4238132834434509,0.01621239446103573,0.5006570219993591,0.450591117143631,0.028646288439631462,0.5279545187950134,0.5437580347061157,-0.01857040636241436,0.5377256870269775,0.4337105453014374,-0.006283720023930073,0.5332446098327637,0.43858906626701355,0.009937252849340439,0.5237807035446167,0.45616576075553894,0.02015567384660244,0.562368631362915,0.5668484568595886,-0.024524781852960587,0.5587821006774902,0.47832897305488586,-0.00571026373654604,0.5473788380622864,0.4796985387802124,0.015248116105794907,0.5374158620834351,0.4934363067150116,0.030009489506483078,0,0,0,0,0,0,0,0,0,0,0,0,0,0,0,0,0,0,0,0,0,0,0,0,0,0,0,0,0,0,0,0,0,0,0,0,0,0,0,0,0,0,0,0,0,0,0,0,0,0,0,0,0,0,0,0,0,0,0,0,0,0,0,eat
0.4791809916496277,0.7697086930274963,-2.5762020072761516e-07,0.4344189763069153,0.6772429347038269,0.029128791764378548,0.43731689453125,0.5872532725334167,0.03853457048535347,0.4600898325443268,0.5240681767463684,0.04389554262161255,0.4879419207572937,0.49297183752059937,0.04996195062994957,0.4541739821434021,0.5337690711021423,0.006648085545748472,0.47374066710472107,0.43142884969711304,0.01752835139632225,0.48147478699684143,0.4326452612876892,0.03363814949989319,0.4837331771850586,0.44661226868629456,0.04614197462797165,0.4963265061378479,0.5344018340110779,-0.006010169629007578,0.5066373944282532,0.4192061424255371,0.005057530477643013,0.507034957408905,0.41392794251441956,0.018491700291633606,0.5032639503479004,0.42705631256103516,0.028651611879467964,0.5351263284683228,0.5480790138244629,-0.013631652109324932,0.5398671627044678,0.4412769377231598,-0.0009738795342855155,0.5328631401062012,0.4351508915424347,0.013500407338142395,0.5229821801185608,0.44514450430870056,0.02239985577762127,0.5648576021194458,0.5724136233329773,-0.017993226647377014,0.5600543022155762,0.4875110983848572,0.0007804391207173467,0.5475583672523499,0.48102861642837524,0.020722299814224243,0.5371425151824951,0.48993954062461853,0.03477783128619194,0,0,0,0,0,0,0,0,0,0,0,0,0,0,0,0,0,0,0,0,0,0,0,0,0,0,0,0,0,0,0,0,0,0,0,0,0,0,0,0,0,0,0,0,0,0,0,0,0,0,0,0,0,0,0,0,0,0,0,0,0,0,0,eat
0.47399473190307617,0.7736610174179077,-1.7918745243150624e-07,0.529006838798523,0.7139274477958679,0.03338610380887985,0.5549047589302063,0.6326601505279541,0.04637628793716431,0.550908625125885,0.5578474998474121,0.05454481393098831,0.5359703898429871,0.5160298347473145,0.06266767531633377,0.5516181588172913,0.561491847038269,0.016475588083267212,0.5548326969146729,0.4636486768722534,0.026269661262631416,0.5471884608268738,0.44264376163482666,0.037565696984529495,0.5378021597862244,0.43923288583755493,0.046064022928476334,0.5189558267593384,0.5420746207237244,0.002395972376689315,0.5230733752250671,0.42869919538497925,0.012622651644051075,0.5200409889221191,0.42815181612968445,0.025678521022200584,0.5142994523048401,0.44527867436408997,0.035669077187776566,0.48558491468429565,0.5355673432350159,-0.006835624575614929,0.49483853578567505,0.43086984753608704,0.005728696007281542,0.49941113591194153,0.43380361795425415,0.022525181993842125,0.4965096712112427,0.4511120319366455,0.03247460350394249,0.451811820268631,0.5406329035758972,-0.012560109607875347,0.46073049306869507,0.4558967351913452,0.0034985553938895464,0.46784910559654236,0.4544023275375366,0.023049872368574142,0.4692409932613373,0.4639417827129364,0.03711741790175438,0,0,0,0,0,0,0,0,0,0,0,0,0,0,0,0,0,0,0,0,0,0,0,0,0,0,0,0,0,0,0,0,0,0,0,0,0,0,0,0,0,0,0,0,0,0,0,0,0,0,0,0,0,0,0,0,0,0,0,0,0,0,0,eat
0.4792581796646118,0.7988470196723938,-2.8590579859155696e-07,0.4465950131416321,0.7116615772247314,0.023728352040052414,0.4512484669685364,0.6234802007675171,0.031047239899635315,0.47235143184661865,0.554012656211853,0.03553173691034317,0.49305182695388794,0.5153923034667969,0.04101952165365219,0.4664343297481537,0.57075434923172,0.002415650524199009,0.4865890145301819,0.46396785974502563,0.00658167852088809,0.49151694774627686,0.44815248250961304,0.01828426867723465,0.49622398614883423,0.44984495639801025,0.02839381992816925,0.4998207092285156,0.5696510672569275,-0.008371707051992416,0.5121525526046753,0.4471206068992615,-0.006119254045188427,0.508149266242981,0.43879789113998413,0.006127524189651012,0.5054704546928406,0.4533086121082306,0.01815798319876194,0.528367817401886,0.5791165828704834,-0.015239265747368336,0.53596431016922,0.46527573466300964,-0.009888330474495888,0.5269527435302734,0.4486563801765442,0.005392797291278839,0.5199076533317566,0.4507076144218445,0.017093626782298088,0.5486491322517395,0.5980454087257385,-0.019544966518878937,0.5460687279701233,0.5063636302947998,-0.008942488580942154,0.53416508436203,0.48088082671165466,0.007064479403197765,0.5263693332672119,0.4734969735145569,0.020199306309223175,0,0,0,0,0,0,0,0,0,0,0,0,0,0,0,0,0,0,0,0,0,0,0,0,0,0,0,0,0,0,0,0,0,0,0,0,0,0,0,0,0,0,0,0,0,0,0,0,0,0,0,0,0,0,0,0,0,0,0,0,0,0,0,eat
0.4873179793357849,0.8408895134925842,-3.3717179803716135e-07,0.4648100733757019,0.7639034986495972,0.006209806073457003,0.47642555832862854,0.6646997928619385,0.00554300332441926,0.49323973059654236,0.5776762962341309,0.006165818311274052,0.510611355304718,0.5276788473129272,0.009076411835849285,0.49603918194770813,0.6292420625686646,-0.024347679689526558,0.5116772651672363,0.5005157589912415,-0.031048886477947235,0.5023026466369629,0.4862470328807831,-0.024694593623280525,0.49694743752479553,0.495710551738739,-0.01571022905409336,0.526469886302948,0.635945200920105,-0.02817697450518608,0.5364793539047241,0.49207228422164917,-0.03564770519733429,0.5201314687728882,0.489845335483551,-0.026557331904768944,0.5125269293785095,0.5162626504898071,-0.014714530669152737,0.551232635974884,0.646596372127533,-0.028652949258685112,0.5535178184509277,0.5149074792861938,-0.030678723007440567,0.5332037210464478,0.5123694539070129,-0.01534048281610012,0.5254069566726685,0.5325315594673157,-0.0016917145112529397,0.5673803687095642,0.6622665524482727,-0.0278561282902956,0.5654711127281189,0.5594305992126465,-0.021571658551692963,0.5453356504440308,0.5531996488571167,-0.005794711876660585,0.5397024750709534,0.5681233406066895,0.007967769168317318,0,0,0,0,0,0,0,0,0,0,0,0,0,0,0,0,0,0,0,0,0,0,0,0,0,0,0,0,0,0,0,0,0,0,0,0,0,0,0,0,0,0,0,0,0,0,0,0,0,0,0,0,0,0,0,0,0,0,0,0,0,0,0,eat
0.48289236426353455,0.8549536466598511,-8.388861161279237e-09,0.5539807081222534,0.8117320537567139,-0.0037372878286987543,0.6083518862724304,0.733867883682251,-0.006237223278731108,0.6104795932769775,0.6334126591682434,-0.004977025091648102,0.6002740859985352,0.5660350918769836,-0.0010885893134400249,0.5678579807281494,0.6622743010520935,-0.02100205235183239,0.5664704442024231,0.5419339537620544,-0.025326689705252647,0.5583749413490295,0.5215395092964172,-0.021672148257493973,0.5498532056808472,0.5209479928016663,-0.016262980177998543,0.5207535028457642,0.6447805762290955,-0.01978461630642414,0.5306312441825867,0.5114408731460571,-0.021660251542925835,0.5310147404670715,0.5031306743621826,-0.01592947356402874,0.5260159373283386,0.516477644443512,-0.010256215929985046,0.478973388671875,0.6359169483184814,-0.01644911803305149,0.4931616187095642,0.5123997926712036,-0.016323579475283623,0.5031020641326904,0.5059636235237122,-0.00458084512501955,0.5051766037940979,0.5168250799179077,0.003500600578263402,0.4407137930393219,0.6351228952407837,-0.012544713914394379,0.45583489537239075,0.5387246012687683,-0.01182385254651308,0.47010180354118347,0.523740828037262,-0.0009101597825065255,0.4790552258491516,0.518120527267456,0.008562184870243073,0,0,0,0,0,0,0,0,0,0,0,0,0,0,0,0,0,0,0,0,0,0,0,0,0,0,0,0,0,0,0,0,0,0,0,0,0,0,0,0,0,0,0,0,0,0,0,0,0,0,0,0,0,0,0,0,0,0,0,0,0,0,0,eat
0.47999799251556396,0.8522930145263672,7.426803705357088e-08,0.54085373878479,0.8082578182220459,-0.005149219650775194,0.5939045548439026,0.7296910285949707,-0.007703397888690233,0.5979141592979431,0.6320149898529053,-0.005223785061389208,0.5875147581100464,0.5696054697036743,-0.0002459241368342191,0.5534620881080627,0.660425066947937,-0.02569478005170822,0.5535863041877747,0.5352053642272949,-0.028298618271946907,0.548330545425415,0.5088272094726562,-0.021811623126268387,0.5450560450553894,0.5049989223480225,-0.01480624359101057,0.5208236575126648,0.6457833647727966,-0.02231636829674244,0.527825653553009,0.5063145160675049,-0.023404158651828766,0.5255715250968933,0.49782514572143555,-0.014728294685482979,0.5221395492553711,0.5154791474342346,-0.006155435927212238,0.4893462359905243,0.6390480995178223,-0.016457336023449898,0.4978334903717041,0.5157313346862793,-0.014819655567407608,0.5020720362663269,0.5085384845733643,-0.0005874509806744754,0.5031400918960571,0.5227848887443542,0.009716073982417583,0.45717939734458923,0.6397469639778137,-0.010099316947162151,0.46526187658309937,0.5515000820159912,-0.006047022994607687,0.47292742133140564,0.5412030816078186,0.006758343428373337,0.478619784116745,0.5416978001594543,0.01769178919494152,0,0,0,0,0,0,0,0,0,0,0,0,0,0,0,0,0,0,0,0,0,0,0,0,0,0,0,0,0,0,0,0,0,0,0,0,0,0,0,0,0,0,0,0,0,0,0,0,0,0,0,0,0,0,0,0,0,0,0,0,0,0,0,eat
0.4838908612728119,0.8555343151092529,-1.0078366585730691e-07,0.5555031895637512,0.812280535697937,0.0005098510882817209,0.6094908714294434,0.738074004650116,-0.0013787747593596578,0.6118947863578796,0.6389535665512085,-0.0011391023872420192,0.5924878716468811,0.5810536742210388,0.001055017113685608,0.5730816721916199,0.6642308235168457,-0.01781090907752514,0.5681844353675842,0.5486169457435608,-0.02180524542927742,0.5550570487976074,0.5405395030975342,-0.018140366300940514,0.5462216734886169,0.5506982803344727,-0.01335647888481617,0.5292761325836182,0.6444272398948669,-0.019193539395928383,0.535763680934906,0.5190021991729736,-0.0194954015314579,0.5301459431648254,0.5193841457366943,-0.013212990015745163,0.5231160521507263,0.538445770740509,-0.008441762998700142,0.48844945430755615,0.6348919868469238,-0.01820751093327999,0.5007543563842773,0.5141791701316833,-0.01662006415426731,0.5040958523750305,0.5182863473892212,-0.004366206005215645,0.5029886364936829,0.5379559397697449,0.0029991096816956997,0.4486798048019409,0.6348549127578735,-0.016450658440589905,0.4641317129135132,0.5430664420127869,-0.013828529976308346,0.47258394956588745,0.540561318397522,-0.0018622082425281405,0.4764922559261322,0.5471130609512329,0.007548471912741661,0,0,0,0,0,0,0,0,0,0,0,0,0,0,0,0,0,0,0,0,0,0,0,0,0,0,0,0,0,0,0,0,0,0,0,0,0,0,0,0,0,0,0,0,0,0,0,0,0,0,0,0,0,0,0,0,0,0,0,0,0,0,0,eat
0.4827578365802765,0.8441377878189087,-1.2703033291927568e-07,0.5518478155136108,0.8006920218467712,-0.001804421772249043,0.6044297814369202,0.7370691895484924,-0.0057089305482804775,0.6088725924491882,0.650754451751709,-0.007229777984321117,0.5884032249450684,0.5992230772972107,-0.006553808692842722,0.5595226883888245,0.641370952129364,-0.02302139438688755,0.5542186498641968,0.5366746187210083,-0.027569642290472984,0.5463932752609253,0.5563644170761108,-0.02352784015238285,0.5425640344619751,0.5850470066070557,-0.018815211951732635,0.5232630968093872,0.6204953193664551,-0.023774143308401108,0.525950014591217,0.50612473487854,-0.02618405967950821,0.5210170745849609,0.5298672914505005,-0.018154261633753777,0.5164716839790344,0.5658823847770691,-0.011466620489954948,0.48675674200057983,0.6112027168273926,-0.022026902064681053,0.49409663677215576,0.5067297220230103,-0.022161167114973068,0.4969630837440491,0.5325669050216675,-0.007578796241432428,0.4963289499282837,0.5670159459114075,0.0019993558526039124,0.4504823684692383,0.6133094429969788,-0.019641203805804253,0.45997780561447144,0.5338156223297119,-0.017365815117955208,0.465592622756958,0.5537052750587463,-0.002333124866709113,0.4675677716732025,0.5795658826828003,0.00995641015470028,0,0,0,0,0,0,0,0,0,0,0,0,0,0,0,0,0,0,0,0,0,0,0,0,0,0,0,0,0,0,0,0,0,0,0,0,0,0,0,0,0,0,0,0,0,0,0,0,0,0,0,0,0,0,0,0,0,0,0,0,0,0,0,eat
0.47661104798316956,0.8367363214492798,-1.5645019857402076e-07,0.5231989026069641,0.7921165227890015,0.002278338186442852,0.568236231803894,0.733594536781311,0.0027987451758235693,0.5804281234741211,0.6561146974563599,0.005687902215868235,0.5762069821357727,0.6078788042068481,0.011797450482845306,0.521062433719635,0.6360851526260376,-0.017780808731913567,0.5276430249214172,0.5272511839866638,-0.013676433824002743,0.5264177322387695,0.5386036038398743,-0.0010909655829891562,0.5238470435142517,0.5600961446762085,0.009150597266852856,0.5082166194915771,0.6200137734413147,-0.017363540828227997,0.5168746709823608,0.5014703273773193,-0.015138658694922924,0.5145998597145081,0.5177993774414062,-0.004511215724050999,0.5101223587989807,0.5491496324539185,0.004733942449092865,0.4957212209701538,0.615821361541748,-0.01352574210613966,0.5035061240196228,0.5106896758079529,-0.009833840653300285,0.5049101710319519,0.5270747542381287,0.003577894764021039,0.5027271509170532,0.5564998984336853,0.01288845669478178,0.4821125864982605,0.6222933530807495,-0.008497976697981358,0.4887380301952362,0.5416252613067627,-0.0024302734527736902,0.4908255338668823,0.5518950819969177,0.011212728917598724,0.49280768632888794,0.5736244320869446,0.022527839988470078,0,0,0,0,0,0,0,0,0,0,0,0,0,0,0,0,0,0,0,0,0,0,0,0,0,0,0,0,0,0,0,0,0,0,0,0,0,0,0,0,0,0,0,0,0,0,0,0,0,0,0,0,0,0,0,0,0,0,0,0,0,0,0,eat
0.480543851852417,0.8400713801383972,-1.0469437228266543e-07,0.5469558238983154,0.8047603964805603,-0.0006980806938372552,0.597915530204773,0.7416807413101196,-0.0013596913777291775,0.6062600016593933,0.6602046489715576,0.00016768205387052149,0.5951154232025146,0.6072320342063904,0.0042234063148498535,0.5546683669090271,0.6424985527992249,-0.015218354761600494,0.5555402040481567,0.5359903573989868,-0.01568443514406681,0.5492329001426697,0.5398454666137695,-0.010098704136908054,0.5432788729667664,0.5572844743728638,-0.004335206001996994,0.5176876187324524,0.6252855658531189,-0.014659246429800987,0.5224089622497559,0.5094367861747742,-0.013739259913563728,0.5195950865745544,0.519690990447998,-0.007636339403688908,0.5147443413734436,0.5479751825332642,-0.002311615739017725,0.4827877879142761,0.6204818487167358,-0.011636664159595966,0.4903094172477722,0.5155006647109985,-0.008935369551181793,0.49535638093948364,0.5285444855690002,0.0019758075941354036,0.49493834376335144,0.5577310919761658,0.008895856328308582,0.4493056833744049,0.6262184381484985,-0.007852739654481411,0.4580586850643158,0.5483404397964478,-0.0037011990789324045,0.4643392264842987,0.5560091137886047,0.008213075809180737,0.4667937457561493,0.5738394260406494,0.018062736839056015,0,0,0,0,0,0,0,0,0,0,0,0,0,0,0,0,0,0,0,0,0,0,0,0,0,0,0,0,0,0,0,0,0,0,0,0,0,0,0,0,0,0,0,0,0,0,0,0,0,0,0,0,0,0,0,0,0,0,0,0,0,0,0,eat
0.4784168004989624,0.840751588344574,-1.7962777576485678e-07,0.5356589555740356,0.8016114234924316,0.0044205146841704845,0.5826931595802307,0.7403868436813354,0.006178328301757574,0.5925986170768738,0.662875771522522,0.008998450823128223,0.5841233134269714,0.6140565276145935,0.014294677414000034,0.5412175059318542,0.6381314992904663,-0.01021081954240799,0.5420841574668884,0.5352073907852173,-0.0073300981894135475,0.5364707708358765,0.5489042401313782,0.0012241523945704103,0.5319623947143555,0.5729119777679443,0.008441520854830742,0.5169715881347656,0.6208527088165283,-0.011717776767909527,0.5223555564880371,0.5091899633407593,-0.008274774067103863,0.5181981325149536,0.5265622138977051,0.00012066581984981894,0.5130405426025391,0.5595545768737793,0.006924445275217295,0.49169057607650757,0.6163861751556396,-0.010356941260397434,0.4980558753013611,0.5147453546524048,-0.005565063562244177,0.4997386038303375,0.5324161648750305,0.006441138219088316,0.49756568670272827,0.5637531280517578,0.013900422491133213,0.4648924171924591,0.6229121088981628,-0.007859555073082447,0.4724549949169159,0.5460579991340637,-0.0013829321833327413,0.47612395882606506,0.5569913387298584,0.011722728610038757,0.47752445936203003,0.5784653425216675,0.022112783044576645,0,0,0,0,0,0,0,0,0,0,0,0,0,0,0,0,0,0,0,0,0,0,0,0,0,0,0,0,0,0,0,0,0,0,0,0,0,0,0,0,0,0,0,0,0,0,0,0,0,0,0,0,0,0,0,0,0,0,0,0,0,0,0,eat
0.49138909578323364,0.8400357365608215,-4.0432055925521126e-07,0.44379061460494995,0.7537735104560852,0.01421371940523386,0.43659159541130066,0.6698627471923828,0.017338929697871208,0.4542429447174072,0.597856879234314,0.019846851006150246,0.4807838499546051,0.5632956027984619,0.024932198226451874,0.4525749981403351,0.6166796088218689,-0.013530298136174679,0.46929892897605896,0.5195273756980896,-0.007729283068329096,0.47159892320632935,0.5397129654884338,0.009844137355685234,0.47173911333084106,0.568943202495575,0.02387870103120804,0.5022515058517456,0.6198449730873108,-0.020539935678243637,0.5104453563690186,0.5039520263671875,-0.018455710262060165,0.503570020198822,0.5234683752059937,-0.005000229459255934,0.4977588951587677,0.5585267543792725,0.0069892993196845055,0.5474474430084229,0.6342602968215942,-0.023045318201184273,0.5460978150367737,0.5262136459350586,-0.018713751807808876,0.5340877175331116,0.5428990721702576,-0.003646798664703965,0.5265364050865173,0.5734044313430786,0.0070621175691485405,0.5812238454818726,0.6580669283866882,-0.02333167754113674,0.5717916488647461,0.5765140652656555,-0.01406348217278719,0.5547987222671509,0.5854616761207581,0.0023245124612003565,0.5478017330169678,0.6095424890518188,0.015139502473175526,0,0,0,0,0,0,0,0,0,0,0,0,0,0,0,0,0,0,0,0,0,0,0,0,0,0,0,0,0,0,0,0,0,0,0,0,0,0,0,0,0,0,0,0,0,0,0,0,0,0,0,0,0,0,0,0,0,0,0,0,0,0,0,eat
0.48244890570640564,0.8468887209892273,-2.3685564087827515e-07,0.5485062003135681,0.8074168562889099,0.0011211498640477657,0.605633556842804,0.7354966998100281,0.0009588238317519426,0.609843373298645,0.6492942571640015,0.002454637549817562,0.5910033583641052,0.5971298217773438,0.006721701007336378,0.5642327070236206,0.6449748873710632,-0.01205600518733263,0.5646637678146362,0.5396072268486023,-0.01659766398370266,0.550615131855011,0.5533885955810547,-0.01339036226272583,0.5419230461120605,0.5788780450820923,-0.00882877316325903,0.5270088911056519,0.6263321042060852,-0.014593985863029957,0.5320752263069153,0.5078282356262207,-0.018860070034861565,0.5228235125541687,0.5274476408958435,-0.013609332963824272,0.5166106820106506,0.5656089186668396,-0.006738199852406979,0.49037066102027893,0.6199926137924194,-0.015188741497695446,0.4962959587574005,0.5151501893997192,-0.015888262540102005,0.49710994958877563,0.534936785697937,-0.0029011338483542204,0.49619215726852417,0.5678423047065735,0.0068899160251021385,0.45404520630836487,0.6254618763923645,-0.015084999613463879,0.4589563310146332,0.5460488200187683,-0.011684969067573547,0.4625511169433594,0.5604273676872253,0.002635170007124543,0.46475017070770264,0.5813632011413574,0.014718607068061829,0,0,0,0,0,0,0,0,0,0,0,0,0,0,0,0,0,0,0,0,0,0,0,0,0,0,0,0,0,0,0,0,0,0,0,0,0,0,0,0,0,0,0,0,0,0,0,0,0,0,0,0,0,0,0,0,0,0,0,0,0,0,0,eat
0.488635390996933,0.8462823033332825,-2.0557858704250975e-07,0.5045941472053528,0.7836918830871582,-0.007630590815097094,0.5300147533416748,0.6951931715011597,-0.011403498239815235,0.5398243069648743,0.5965433120727539,-0.010093765333294868,0.5436991453170776,0.5353915691375732,-0.004887092392891645,0.5178766250610352,0.6462372541427612,-0.035208072513341904,0.5255286693572998,0.5204426050186157,-0.03856520354747772,0.5174323916435242,0.528434157371521,-0.028980232775211334,0.5134111642837524,0.5531033277511597,-0.019432056695222855,0.5218561887741089,0.6425277590751648,-0.030906617641448975,0.5264505743980408,0.5037655830383301,-0.035098057240247726,0.5164036750793457,0.5152016282081604,-0.025730591267347336,0.510649561882019,0.5485004186630249,-0.01610252633690834,0.5235875844955444,0.6439053416252136,-0.023807909339666367,0.5235214233398438,0.5188696384429932,-0.02611619234085083,0.5168564915657043,0.5326341986656189,-0.01197847444564104,0.5144380927085876,0.5630012154579163,-0.0005833481554873288,0.5197246670722961,0.6510839462280273,-0.016167674213647842,0.5181207060813904,0.5598089694976807,-0.01620517484843731,0.5123915076255798,0.5653862953186035,-0.004416810814291239,0.5136425495147705,0.5848742723464966,0.006518755108118057,0,0,0,0,0,0,0,0,0,0,0,0,0,0,0,0,0,0,0,0,0,0,0,0,0,0,0,0,0,0,0,0,0,0,0,0,0,0,0,0,0,0,0,0,0,0,0,0,0,0,0,0,0,0,0,0,0,0,0,0,0,0,0,eat
0.497382789850235,0.8477975726127625,-4.169355349858961e-07,0.454592227935791,0.7596096992492676,0.008304214105010033,0.4521130323410034,0.6642284989356995,0.008222962729632854,0.4711523652076721,0.5805630087852478,0.008922598324716091,0.49338969588279724,0.5324051380157471,0.01206846721470356,0.4818953573703766,0.6360076665878296,-0.02703896537423134,0.4960184097290039,0.5136959552764893,-0.029029367491602898,0.48638224601745605,0.5211323499679565,-0.01615319214761257,0.48457053303718567,0.5462220311164856,-0.004012363031506538,0.5282086133956909,0.643766462802887,-0.032023027539253235,0.5311138033866882,0.5041490793228149,-0.03659125789999962,0.5131256580352783,0.5181966423988342,-0.022842716425657272,0.5058457255363464,0.5547884106636047,-0.00894224364310503,0.5665007829666138,0.6572471857070923,-0.033086296170949936,0.5606781244277954,0.5257660150527954,-0.033930692821741104,0.5400051474571228,0.540320634841919,-0.015110068954527378,0.532355546951294,0.5716875195503235,-3.3590345992706716e-05,0.5923079252243042,0.6769067049026489,-0.03250306844711304,0.5841221213340759,0.5783635973930359,-0.02664574794471264,0.5634973645210266,0.582676351070404,-0.009152302518486977,0.5574203133583069,0.604572594165802,0.005276254378259182,0,0,0,0,0,0,0,0,0,0,0,0,0,0,0,0,0,0,0,0,0,0,0,0,0,0,0,0,0,0,0,0,0,0,0,0,0,0,0,0,0,0,0,0,0,0,0,0,0,0,0,0,0,0,0,0,0,0,0,0,0,0,0,eat
0.49514850974082947,0.8418295383453369,-3.399228774014773e-07,0.47395360469818115,0.7652100324630737,0.003837972180917859,0.4796507656574249,0.679041862487793,0.0025970807764679193,0.49428799748420715,0.5944766402244568,0.0027374406345188618,0.5081770420074463,0.5442584753036499,0.005509332753717899,0.48750579357147217,0.6343932151794434,-0.02538633532822132,0.5010893940925598,0.5181769132614136,-0.028085090219974518,0.4960291385650635,0.5308791399002075,-0.01837764121592045,0.4947737753391266,0.5566325187683105,-0.00881342776119709,0.5190842151641846,0.6365821361541748,-0.028140801936388016,0.5246202945709229,0.5017828941345215,-0.03316270932555199,0.5139837861061096,0.51622074842453,-0.02314022183418274,0.5082577466964722,0.5515954494476318,-0.01200345903635025,0.5467818379402161,0.6455913186073303,-0.02747700922191143,0.5452457666397095,0.5204845666885376,-0.029875949025154114,0.532153308391571,0.5345643162727356,-0.014829441905021667,0.5262978672981262,0.5641807913780212,-0.0022237899247556925,0.5663569569587708,0.6616643071174622,-0.025407874956727028,0.560706615447998,0.5660245418548584,-0.022477418184280396,0.5461960434913635,0.5741685032844543,-0.007468996569514275,0.5430284142494202,0.596077561378479,0.005645050201565027,0,0,0,0,0,0,0,0,0,0,0,0,0,0,0,0,0,0,0,0,0,0,0,0,0,0,0,0,0,0,0,0,0,0,0,0,0,0,0,0,0,0,0,0,0,0,0,0,0,0,0,0,0,0,0,0,0,0,0,0,0,0,0,eat
0.48525938391685486,0.837551474571228,-2.3157008399721235e-07,0.5065634846687317,0.7841038107872009,0.0005561006255447865,0.5381267666816711,0.7088921070098877,0.0004407652886584401,0.5475157499313354,0.6259927749633789,0.0016863849014043808,0.5494540333747864,0.574595034122467,0.005689303390681744,0.5193225145339966,0.6294203400611877,-0.01304551586508751,0.5286023020744324,0.5220239162445068,-0.015067526139318943,0.5235095620155334,0.5272012948989868,-0.00961477030068636,0.5192185640335083,0.5446723699569702,-0.003455819096416235,0.5184845328330994,0.622112512588501,-0.014143322594463825,0.5249093770980835,0.5032987594604492,-0.017223700881004333,0.5181488394737244,0.5166187882423401,-0.011779431253671646,0.5133926868438721,0.5488100647926331,-0.004519387148320675,0.5169013142585754,0.6243662238121033,-0.013187913224101067,0.521285891532898,0.5141128301620483,-0.015006639994680882,0.5167094469070435,0.5261282920837402,-0.0050640106201171875,0.5136732459068298,0.5545685291290283,0.0038620776031166315,0.5113012194633484,0.63576340675354,-0.011303449980914593,0.5144397616386414,0.5499845147132874,-0.008950303308665752,0.5110318660736084,0.5544701814651489,0.0026621303986757994,0.5117763876914978,0.5729007720947266,0.013540436513721943,0,0,0,0,0,0,0,0,0,0,0,0,0,0,0,0,0,0,0,0,0,0,0,0,0,0,0,0,0,0,0,0,0,0,0,0,0,0,0,0,0,0,0,0,0,0,0,0,0,0,0,0,0,0,0,0,0,0,0,0,0,0,0,eat
0.49691087007522583,0.848606288433075,-3.222597229068924e-07,0.4490965008735657,0.7592722177505493,0.00842998456209898,0.4389868974685669,0.6616089940071106,0.008215946145355701,0.4534403085708618,0.5771064162254333,0.00867194402962923,0.4763333797454834,0.5309362411499023,0.011382336728274822,0.4765130579471588,0.6379799246788025,-0.023783376440405846,0.4945550560951233,0.5175989866256714,-0.026892106980085373,0.4886288344860077,0.5108368396759033,-0.016200412064790726,0.4864535331726074,0.5260327458381653,-0.005051606334745884,0.523529052734375,0.6461483240127563,-0.028237110003829002,0.5285549163818359,0.5057495832443237,-0.03380351513624191,0.5119678974151611,0.5078105330467224,-0.021598944440484047,0.5023126006126404,0.5368474125862122,-0.007926956750452518,0.5622122883796692,0.6586946845054626,-0.028869884088635445,0.5566622614860535,0.5272685289382935,-0.030871659517288208,0.5363515615463257,0.5317918658256531,-0.013253765180706978,0.5262197852134705,0.5571887493133545,0.002204966964200139,0.5884899497032166,0.676772952079773,-0.02773725800216198,0.5798089504241943,0.5772812962532043,-0.023071950301527977,0.5596871972084045,0.5744073987007141,-0.006363202352076769,0.55214524269104,0.5911365151405334,0.008491501212120056,0,0,0,0,0,0,0,0,0,0,0,0,0,0,0,0,0,0,0,0,0,0,0,0,0,0,0,0,0,0,0,0,0,0,0,0,0,0,0,0,0,0,0,0,0,0,0,0,0,0,0,0,0,0,0,0,0,0,0,0,0,0,0,eat
0.4941217005252838,0.8487447500228882,-3.0632025982413325e-07,0.47115278244018555,0.7704941034317017,0.008206653408706188,0.4831107556819916,0.6819616556167603,0.009238303638994694,0.503402054309845,0.6001756191253662,0.01127700973302126,0.5192680358886719,0.5489863157272339,0.015907833352684975,0.49017462134361267,0.64170241355896,-0.025535326451063156,0.49969908595085144,0.5171297788619995,-0.027324672788381577,0.4916095733642578,0.51417475938797,-0.014150284230709076,0.48936954140663147,0.5322924852371216,-0.0012747086584568024,0.5235519409179688,0.6465950608253479,-0.030413951724767685,0.5249722599983215,0.5077661275863647,-0.034793365746736526,0.5088452100753784,0.5130332708358765,-0.020824994891881943,0.5018196702003479,0.5415349006652832,-0.006687216926366091,0.550251305103302,0.6578105688095093,-0.03160911053419113,0.5473824143409729,0.5277366042137146,-0.03235640004277229,0.5274572372436523,0.5363532900810242,-0.012828290462493896,0.5198596119880676,0.5623111724853516,0.0030458522960543633,0.566273033618927,0.6771916747093201,-0.03133435919880867,0.5610920190811157,0.5761164426803589,-0.024722116068005562,0.5432228446006775,0.5741923451423645,-0.0066706836223602295,0.5389006733894348,0.5908059477806091,0.00817290972918272,0,0,0,0,0,0,0,0,0,0,0,0,0,0,0,0,0,0,0,0,0,0,0,0,0,0,0,0,0,0,0,0,0,0,0,0,0,0,0,0,0,0,0,0,0,0,0,0,0,0,0,0,0,0,0,0,0,0,0,0,0,0,0,eat
0.49643078446388245,0.8493561744689941,-3.840565341306501e-07,0.4451024830341339,0.7561426758766174,0.007273366674780846,0.43601566553115845,0.6534040570259094,0.006253117695450783,0.45509597659111023,0.5658189654350281,0.00663516903296113,0.4816446006298065,0.5167680978775024,0.009691589511930943,0.4796196222305298,0.6433972120285034,-0.03062734566628933,0.49176692962646484,0.5178340077400208,-0.032686661928892136,0.4809347987174988,0.5156957507133484,-0.01866755075752735,0.47781625390052795,0.5354672074317932,-0.005507207475602627,0.5306827425956726,0.6564172506332397,-0.03440790995955467,0.52878737449646,0.5099652409553528,-0.03944998234510422,0.5088433623313904,0.5159369707107544,-0.02395966276526451,0.5005208253860474,0.5474334955215454,-0.008839411661028862,0.5711318254470825,0.6724647879600525,-0.034049905836582184,0.5606968998908997,0.5353495478630066,-0.035575833171606064,0.5372845530509949,0.5410053133964539,-0.015193683095276356,0.5270724296569824,0.5667786598205566,0.0013576794881373644,0.5986296534538269,0.6928917169570923,-0.031949762254953384,0.5893043279647827,0.5901638269424438,-0.027189621701836586,0.5671467185020447,0.5834981203079224,-0.01021688710898161,0.5578142404556274,0.596750795841217,0.00395796587690711,0,0,0,0,0,0,0,0,0,0,0,0,0,0,0,0,0,0,0,0,0,0,0,0,0,0,0,0,0,0,0,0,0,0,0,0,0,0,0,0,0,0,0,0,0,0,0,0,0,0,0,0,0,0,0,0,0,0,0,0,0,0,0,eat
0.497384637594223,0.8413822054862976,-3.975001732214878e-07,0.45183300971984863,0.7560257911682129,0.009373112581670284,0.444297730922699,0.6671332716941833,0.009288753382861614,0.46316903829574585,0.5885529518127441,0.009138827212154865,0.48942452669143677,0.5482463240623474,0.011026025749742985,0.47004687786102295,0.6299489140510559,-0.020422624424099922,0.486333966255188,0.517191469669342,-0.021712685003876686,0.4821830689907074,0.5301952362060547,-0.01062561571598053,0.48241227865219116,0.5582866668701172,-0.0002773138403426856,0.5162980556488037,0.6333568096160889,-0.02588704787194729,0.5215049982070923,0.50413978099823,-0.027035651728510857,0.509856104850769,0.5201417207717896,-0.015280287712812424,0.5041329264640808,0.5569116473197937,-0.004096470307558775,0.5564311742782593,0.6445392370223999,-0.027688635513186455,0.5512964725494385,0.5236759185791016,-0.02689582295715809,0.535377562046051,0.5383625030517578,-0.011906519532203674,0.5281156897544861,0.5691804885864258,-0.0006206384277902544,0.58560711145401,0.6627408862113953,-0.027696287259459496,0.5740795135498047,0.5743553638458252,-0.022808140143752098,0.5560736060142517,0.5841876268386841,-0.007868324406445026,0.5506608486175537,0.6081652045249939,0.004477334674447775,0,0,0,0,0,0,0,0,0,0,0,0,0,0,0,0,0,0,0,0,0,0,0,0,0,0,0,0,0,0,0,0,0,0,0,0,0,0,0,0,0,0,0,0,0,0,0,0,0,0,0,0,0,0,0,0,0,0,0,0,0,0,0,eat
0.485789954662323,0.8429058194160461,-2.0874594497399812e-07,0.5487222671508789,0.8030861616134644,0.0032884988468140364,0.6056836843490601,0.7374377250671387,0.0032333023846149445,0.6106815934181213,0.6516710519790649,0.005056689493358135,0.5976766347885132,0.5955913066864014,0.009781288914382458,0.5681064128875732,0.6518718600273132,-0.01517238188534975,0.5651078820228577,0.5417376756668091,-0.01750670187175274,0.5469590425491333,0.5479034781455994,-0.010801099240779877,0.5379657745361328,0.5679168105125427,-0.003980543464422226,0.530644416809082,0.630415678024292,-0.017285572364926338,0.5343636870384216,0.5092557668685913,-0.021005768328905106,0.5211475491523743,0.5242618918418884,-0.012503075413405895,0.5140313506126404,0.5582085847854614,-0.003552189329639077,0.4923357367515564,0.6203435659408569,-0.01668652333319187,0.5002855062484741,0.5110108852386475,-0.016866397112607956,0.49742060899734497,0.5271626114845276,-0.0014381945366039872,0.4948928952217102,0.5580142736434937,0.010058564133942127,0.4534679055213928,0.6213497519493103,-0.014893419109284878,0.4610815942287445,0.5350216031074524,-0.009734604507684708,0.46309930086135864,0.5452699065208435,0.006536461878567934,0.46469104290008545,0.5642175674438477,0.01989707536995411,0,0,0,0,0,0,0,0,0,0,0,0,0,0,0,0,0,0,0,0,0,0,0,0,0,0,0,0,0,0,0,0,0,0,0,0,0,0,0,0,0,0,0,0,0,0,0,0,0,0,0,0,0,0,0,0,0,0,0,0,0,0,0,eat
0.4818152189254761,0.848537802696228,-3.353983046849862e-08,0.5444028973579407,0.807293176651001,-0.0072547672316432,0.596255362033844,0.732912003993988,-0.008970828726887703,0.602048397064209,0.6341931223869324,-0.005669005215167999,0.5954688787460327,0.5682986974716187,0.0008543782168999314,0.5537304878234863,0.6530387997627258,-0.02309856377542019,0.5513836741447449,0.5328866243362427,-0.024218665435910225,0.5440783500671387,0.5249243378639221,-0.016203109174966812,0.5383276343345642,0.5360995531082153,-0.008244136348366737,0.5184847116470337,0.6378476023674011,-0.017977064475417137,0.5217682719230652,0.5101161599159241,-0.018339399248361588,0.5167022943496704,0.5150967240333557,-0.009933612309396267,0.5118860006332397,0.5388386249542236,-0.0021619508042931557,0.4855484068393707,0.6318363547325134,-0.010835238732397556,0.49081656336784363,0.5165269374847412,-0.009871010668575764,0.4933369755744934,0.5243384838104248,0.0034999416675418615,0.49364814162254333,0.5457798838615417,0.013007632456719875,0.45257583260536194,0.6351258754730225,-0.0033426994923502207,0.4592461585998535,0.55047208070755,-0.0011934117646887898,0.4661126434803009,0.5526711940765381,0.010397807694971561,0.4718250334262848,0.5618526935577393,0.02062128484249115,0,0,0,0,0,0,0,0,0,0,0,0,0,0,0,0,0,0,0,0,0,0,0,0,0,0,0,0,0,0,0,0,0,0,0,0,0,0,0,0,0,0,0,0,0,0,0,0,0,0,0,0,0,0,0,0,0,0,0,0,0,0,0,eat
0.48123615980148315,0.8491847515106201,-7.208224417354359e-08,0.5367732048034668,0.803849995136261,-0.0013822437031194568,0.5829632878303528,0.7290686964988708,-0.0013622890692204237,0.5865588188171387,0.6362606287002563,0.0021727813873440027,0.5792621970176697,0.5761994123458862,0.008544097654521465,0.549004316329956,0.6521943807601929,-0.01765173114836216,0.5468990206718445,0.5343033075332642,-0.0184935349971056,0.5394524931907654,0.5261058211326599,-0.011138076893985271,0.5348981618881226,0.5376846194267273,-0.0036604537162929773,0.5203707218170166,0.6388386487960815,-0.015824371948838234,0.5225000977516174,0.5094910860061646,-0.016007566824555397,0.5170578360557556,0.513310968875885,-0.007878790609538555,0.513465940952301,0.5386956334114075,-4.273952072253451e-06,0.4921407103538513,0.634107232093811,-0.011612046509981155,0.49549156427383423,0.5188054442405701,-0.010134042240679264,0.49673208594322205,0.5259894728660583,0.0031383123714476824,0.4976886212825775,0.5494769811630249,0.012786271050572395,0.4626498222351074,0.6380419731140137,-0.006587114650756121,0.46639683842658997,0.5519944429397583,-0.0027177773881703615,0.4697437882423401,0.5536544919013977,0.009961883537471294,0.4736919701099396,0.565244197845459,0.02084892988204956,0,0,0,0,0,0,0,0,0,0,0,0,0,0,0,0,0,0,0,0,0,0,0,0,0,0,0,0,0,0,0,0,0,0,0,0,0,0,0,0,0,0,0,0,0,0,0,0,0,0,0,0,0,0,0,0,0,0,0,0,0,0,0,eat
0.49368420243263245,0.8544458746910095,-3.2431930208076665e-07,0.44441622495651245,0.7607831954956055,0.00842149369418621,0.4335356056690216,0.660323977470398,0.009007193148136139,0.44725459814071655,0.5727908611297607,0.0111625287681818,0.4677208960056305,0.5229837894439697,0.016274869441986084,0.4768229126930237,0.6380247473716736,-0.0245610810816288,0.4899386167526245,0.517114520072937,-0.022171825170516968,0.48362454771995544,0.50418621301651,-0.0055090757086873055,0.47924041748046875,0.5153805613517761,0.009180671535432339,0.5258767604827881,0.6480834484100342,-0.026994161307811737,0.5253342390060425,0.5122968554496765,-0.02729141153395176,0.5084086060523987,0.5039324760437012,-0.012054531835019588,0.4967939853668213,0.5231935977935791,0.0020535632502287626,0.5659067034721375,0.6634043455123901,-0.025148063898086548,0.555880606174469,0.5354132652282715,-0.022618725895881653,0.5345308184623718,0.5280035138130188,-0.004371282644569874,0.5215737819671631,0.5433748960494995,0.009821186773478985,0.5926907062530518,0.6853816509246826,-0.021514790132641792,0.5818852782249451,0.592113196849823,-0.015000884421169758,0.5605390667915344,0.5752834677696228,0.0002535359235480428,0.549273669719696,0.5780621767044067,0.013314205221831799,0,0,0,0,0,0,0,0,0,0,0,0,0,0,0,0,0,0,0,0,0,0,0,0,0,0,0,0,0,0,0,0,0,0,0,0,0,0,0,0,0,0,0,0,0,0,0,0,0,0,0,0,0,0,0,0,0,0,0,0,0,0,0,eat
0.49428117275238037,0.8373703360557556,-3.522807503486547e-07,0.46333277225494385,0.7627047896385193,0.008001606911420822,0.4664488732814789,0.6831257343292236,0.008962984196841717,0.4804285764694214,0.6023634076118469,0.01177691575139761,0.4952784478664398,0.5541404485702515,0.01761684939265251,0.47714439034461975,0.6268753409385681,-0.024818072095513344,0.48899704217910767,0.5166561603546143,-0.01970033161342144,0.48236775398254395,0.527545154094696,-0.0007164599956013262,0.48031479120254517,0.5527676939964294,0.01464294083416462,0.5136792063713074,0.6240381002426147,-0.027201827615499496,0.5188250541687012,0.4981629252433777,-0.02760843001306057,0.5042032599449158,0.5144548416137695,-0.01192974392324686,0.497595876455307,0.5496543645858765,0.002758598420768976,0.5449855327606201,0.6323572993278503,-0.0250423401594162,0.543749213218689,0.5178982019424438,-0.022782308980822563,0.5267580151557922,0.5322571396827698,-0.0051881298422813416,0.5197542905807495,0.5617846250534058,0.008089438080787659,0.5660883784294128,0.6508947610855103,-0.020902011543512344,0.5568609237670898,0.5664001703262329,-0.012379547581076622,0.5391281247138977,0.5733228325843811,0.004589378833770752,0.5343955755233765,0.5949152112007141,0.01814728043973446,0,0,0,0,0,0,0,0,0,0,0,0,0,0,0,0,0,0,0,0,0,0,0,0,0,0,0,0,0,0,0,0,0,0,0,0,0,0,0,0,0,0,0,0,0,0,0,0,0,0,0,0,0,0,0,0,0,0,0,0,0,0,0,eat
0.48786842823028564,0.8366858959197998,-2.2619872197537916e-07,0.545645534992218,0.796747624874115,0.0024802747648209333,0.5996434688568115,0.7333938479423523,0.0021759518422186375,0.6067484021186829,0.648412823677063,0.00377007108181715,0.5985010266304016,0.5885942578315735,0.008174017071723938,0.5651893019676208,0.6445297002792358,-0.016468333080410957,0.5565017461776733,0.5316394567489624,-0.01785260997712612,0.5391627550125122,0.5399342775344849,-0.01021098904311657,0.5317525863647461,0.5608682036399841,-0.0029114745557308197,0.5338329672813416,0.6263167858123779,-0.01820438727736473,0.5311262607574463,0.5041879415512085,-0.020832013338804245,0.5166234970092773,0.5200401544570923,-0.011239266023039818,0.510077178478241,0.5525923371315002,-0.0019462849013507366,0.4994582533836365,0.6194760799407959,-0.017292605713009834,0.5006819367408752,0.5090941786766052,-0.01719808764755726,0.49635013937950134,0.5272457003593445,-0.0005495714722201228,0.4948923587799072,0.5584264397621155,0.011524309404194355,0.4619899392127991,0.6233951449394226,-0.015373999252915382,0.46668341755867004,0.5374233722686768,-0.010878637433052063,0.46759167313575745,0.5503478646278381,0.005811808165162802,0.46957382559776306,0.5729912519454956,0.019483501091599464,0,0,0,0,0,0,0,0,0,0,0,0,0,0,0,0,0,0,0,0,0,0,0,0,0,0,0,0,0,0,0,0,0,0,0,0,0,0,0,0,0,0,0,0,0,0,0,0,0,0,0,0,0,0,0,0,0,0,0,0,0,0,0,eat
0.49041035771369934,0.8330938816070557,-2.698654952837387e-07,0.4918307065963745,0.7758590579032898,-0.004320524167269468,0.5125622153282166,0.7010045647621155,-0.004797302186489105,0.5189021825790405,0.6116500496864319,-0.0010891188867390156,0.5205127596855164,0.5572046041488647,0.006321651861071587,0.5142777562141418,0.6305330991744995,-0.027333734557032585,0.5132730603218079,0.5187753438949585,-0.022828584536910057,0.5001968145370483,0.526611328125,-0.007581852842122316,0.4953438341617584,0.5492779612541199,0.004662363789975643,0.5267205238342285,0.6243532299995422,-0.02281750738620758,0.52493816614151,0.5016593933105469,-0.0221922155469656,0.5068135261535645,0.5110218524932861,-0.010109062306582928,0.49933987855911255,0.5396223068237305,0.0008674368727952242,0.5342552661895752,0.62857586145401,-0.015130781568586826,0.5308914184570312,0.5157947540283203,-0.014294694177806377,0.5147165060043335,0.5234758257865906,-0.0016057488974183798,0.5085467100143433,0.5495156049728394,0.008140197023749352,0.5328507423400879,0.6415736675262451,-0.006571629550307989,0.5311987996101379,0.5595515370368958,-0.004366753622889519,0.5191574096679688,0.5597336292266846,0.006312115583568811,0.517033040523529,0.5772750377655029,0.016304610297083855,0,0,0,0,0,0,0,0,0,0,0,0,0,0,0,0,0,0,0,0,0,0,0,0,0,0,0,0,0,0,0,0,0,0,0,0,0,0,0,0,0,0,0,0,0,0,0,0,0,0,0,0,0,0,0,0,0,0,0,0,0,0,0,eat
0.48731908202171326,0.8297674655914307,-2.587557617061975e-07,0.5286239981651306,0.791309118270874,-0.0013606701977550983,0.5776034593582153,0.727957546710968,-0.0017611661460250616,0.5886202454566956,0.6410158276557922,0.0006400038837455213,0.5839400887489319,0.5836079120635986,0.0060671241953969,0.5427384972572327,0.6388717889785767,-0.021407023072242737,0.5383284687995911,0.5218223929405212,-0.022075185552239418,0.5230857133865356,0.5360831022262573,-0.01290504913777113,0.5195766091346741,0.5632947683334351,-0.004846727009862661,0.5278164148330688,0.6245128512382507,-0.02069944702088833,0.5273327827453613,0.5013555288314819,-0.02213422954082489,0.5124737620353699,0.5200642347335815,-0.011122212745249271,0.5084915161132812,0.5541130900382996,-0.0011713950661942363,0.5088850855827332,0.6200891137123108,-0.017607806250452995,0.510545551776886,0.5074430108070374,-0.018245087936520576,0.5031522512435913,0.5285800695419312,-0.002219307003542781,0.50258868932724,0.5606117248535156,0.009568760171532631,0.4845845401287079,0.6261321902275085,-0.013725492171943188,0.4869544208049774,0.5410000085830688,-0.011315574869513512,0.4847843647003174,0.5545147061347961,0.0033014218788594007,0.4879918694496155,0.5780399441719055,0.015586167573928833,0,0,0,0,0,0,0,0,0,0,0,0,0,0,0,0,0,0,0,0,0,0,0,0,0,0,0,0,0,0,0,0,0,0,0,0,0,0,0,0,0,0,0,0,0,0,0,0,0,0,0,0,0,0,0,0,0,0,0,0,0,0,0,eat
0.4895952343940735,0.8297358155250549,-2.204278644057922e-07,0.512479305267334,0.7860089540481567,-0.008626474998891354,0.5498450994491577,0.713066577911377,-0.010424185544252396,0.5601721405982971,0.6185768842697144,-0.00706764031201601,0.5619238018989563,0.559708297252655,-1.8773185729514807e-05,0.5272600054740906,0.6318605542182922,-0.028388196602463722,0.5287787914276123,0.5193389654159546,-0.027095330879092216,0.5184693932533264,0.5338436365127563,-0.016101570799946785,0.5150877833366394,0.5590656995773315,-0.006576674059033394,0.5229266285896301,0.6235731244087219,-0.022243397310376167,0.5270678400993347,0.4996950626373291,-0.02315226010978222,0.5144113302230835,0.5174482464790344,-0.013113846071064472,0.5099428296089172,0.5512909293174744,-0.0033973222598433495,0.5168619751930237,0.6249905824661255,-0.013614649884402752,0.5190912485122681,0.5134508609771729,-0.014491822570562363,0.5109900236129761,0.5313851237297058,-0.0022650850005447865,0.5094748735427856,0.5635157823562622,0.007448713760823011,0.5047707557678223,0.6350053548812866,-0.00445603160187602,0.5085660219192505,0.550686776638031,-0.0031983593944460154,0.502962589263916,0.5627040863037109,0.0077321394346654415,0.5042967200279236,0.587478518486023,0.017832763493061066,0,0,0,0,0,0,0,0,0,0,0,0,0,0,0,0,0,0,0,0,0,0,0,0,0,0,0,0,0,0,0,0,0,0,0,0,0,0,0,0,0,0,0,0,0,0,0,0,0,0,0,0,0,0,0,0,0,0,0,0,0,0,0,eat
0.48763588070869446,0.8329607248306274,-2.446651308218861e-07,0.5028678178787231,0.7780715227127075,-0.006642134860157967,0.5342578887939453,0.6974719166755676,-0.008574694395065308,0.5443098545074463,0.6031375527381897,-0.006278074346482754,0.5489214062690735,0.5437209010124207,-0.0005049365572631359,0.5203204154968262,0.6277891993522644,-0.025817308574914932,0.5225599408149719,0.5185931921005249,-0.025269007310271263,0.5126813650131226,0.534599781036377,-0.015783008188009262,0.5089910626411438,0.5602584481239319,-0.007503036875277758,0.5209972858428955,0.6252822279930115,-0.022023040801286697,0.5233719348907471,0.5024588108062744,-0.02341596595942974,0.5119923949241638,0.5176424384117126,-0.015338332392275333,0.5070430636405945,0.5498559474945068,-0.007423082832247019,0.5193403363227844,0.6302781701087952,-0.015658153221011162,0.5219074487686157,0.5168203711509705,-0.017321305349469185,0.5144098401069641,0.5336570739746094,-0.005386342294514179,0.5122758150100708,0.5650612115859985,0.004083477426320314,0.5114083886146545,0.6424497365951538,-0.00864163227379322,0.5134829878807068,0.5555611252784729,-0.00857863761484623,0.5076000094413757,0.5673767924308777,0.002782666590064764,0.508668839931488,0.5922313928604126,0.0133168650791049,0,0,0,0,0,0,0,0,0,0,0,0,0,0,0,0,0,0,0,0,0,0,0,0,0,0,0,0,0,0,0,0,0,0,0,0,0,0,0,0,0,0,0,0,0,0,0,0,0,0,0,0,0,0,0,0,0,0,0,0,0,0,0,eat
0.49315640330314636,0.8447232842445374,-4.070155341651116e-07,0.44852685928344727,0.7583821415901184,0.010674183256924152,0.4420452415943146,0.6664884686470032,0.013300339691340923,0.45602187514305115,0.5863977074623108,0.016827702522277832,0.4772220849990845,0.5427159070968628,0.023322321474552155,0.47594931721687317,0.6322718262672424,-0.021592840552330017,0.4864635467529297,0.5203058123588562,-0.01773296669125557,0.4779258966445923,0.5283088088035583,0.00021136279974598438,0.4762514531612396,0.5523207187652588,0.015160935930907726,0.5208870768547058,0.6385859847068787,-0.02615508995950222,0.5227118134498596,0.5070001482963562,-0.028155023232102394,0.5059780478477478,0.5158087015151978,-0.012661115266382694,0.498849093914032,0.5461752414703369,0.002639693208038807,0.5577349662780762,0.6507781744003296,-0.02617720514535904,0.5522158741950989,0.5295426249504089,-0.025673165917396545,0.5320618152618408,0.5377225875854492,-0.006739777512848377,0.5237681269645691,0.5625808835029602,0.008874188177287579,0.5817589163780212,0.6712489128112793,-0.024160975590348244,0.5747786164283752,0.5756528377532959,-0.017515795305371284,0.5553808212280273,0.5759645104408264,0.0005927530000917614,0.5492609739303589,0.5950547456741333,0.015944406390190125,0,0,0,0,0,0,0,0,0,0,0,0,0,0,0,0,0,0,0,0,0,0,0,0,0,0,0,0,0,0,0,0,0,0,0,0,0,0,0,0,0,0,0,0,0,0,0,0,0,0,0,0,0,0,0,0,0,0,0,0,0,0,0,eat
0.4824944734573364,0.8443129062652588,-2.3014135308585537e-07,0.5189465284347534,0.7931875586509705,0.009529397822916508,0.5617929697036743,0.7213935852050781,0.012421279214322567,0.572973370552063,0.6385796666145325,0.01571217179298401,0.5684329867362976,0.584680438041687,0.02144515886902809,0.5316197872161865,0.6430861353874207,-0.011500225402414799,0.5317202806472778,0.5274897217750549,-0.011265556327998638,0.5201478004455566,0.529657244682312,-0.0011754280421882868,0.5155841708183289,0.548005223274231,0.008281190879642963,0.523761510848999,0.6338274478912354,-0.0162910595536232,0.5264113545417786,0.5092415809631348,-0.01721700094640255,0.5139748454093933,0.5192663669586182,-0.0055108387023210526,0.5084960460662842,0.5468887686729431,0.005581283941864967,0.511306881904602,0.6335244178771973,-0.018002549186348915,0.516265332698822,0.517166256904602,-0.016756754368543625,0.5077865123748779,0.5308513641357422,0.0015614602016285062,0.5043440461158752,0.557843804359436,0.015558253042399883,0.49330902099609375,0.6439534425735474,-0.01824377290904522,0.4991801679134369,0.5521333813667297,-0.011191735044121742,0.49607396125793457,0.5556609630584717,0.006891858763992786,0.49761703610420227,0.5727235078811646,0.021475519984960556,0,0,0,0,0,0,0,0,0,0,0,0,0,0,0,0,0,0,0,0,0,0,0,0,0,0,0,0,0,0,0,0,0,0,0,0,0,0,0,0,0,0,0,0,0,0,0,0,0,0,0,0,0,0,0,0,0,0,0,0,0,0,0,eat
0.4941450357437134,0.8518480658531189,-3.6146232673672785e-07,0.4493185877799988,0.7662815451622009,0.008025499060750008,0.44050997495651245,0.672697901725769,0.009822024032473564,0.45333385467529297,0.5898946523666382,0.01306677982211113,0.47260767221450806,0.5414798855781555,0.019648754969239235,0.4717116355895996,0.6352316737174988,-0.023468540981411934,0.4786222577095032,0.5185868740081787,-0.020009152591228485,0.4745696187019348,0.5190287828445435,-0.0008943626307882369,0.4745433032512665,0.5385828018188477,0.015256790444254875,0.5192839503288269,0.6415045857429504,-0.02703303098678589,0.5209997892379761,0.5084633827209473,-0.02913711778819561,0.5066749453544617,0.5136473178863525,-0.013604640029370785,0.49965062737464905,0.5409451723098755,0.001471134484745562,0.5595132112503052,0.6556911468505859,-0.02647252380847931,0.5540924668312073,0.5314800143241882,-0.026363395154476166,0.5343649983406067,0.5369081497192383,-0.008048754185438156,0.5261668562889099,0.5593472123146057,0.006912512704730034,0.5874043703079224,0.6793112754821777,-0.024202484637498856,0.5829982757568359,0.5833740234375,-0.019154293462634087,0.5620980262756348,0.5773645639419556,-0.0030674824956804514,0.5538429021835327,0.5911746621131897,0.010968257673084736,0,0,0,0,0,0,0,0,0,0,0,0,0,0,0,0,0,0,0,0,0,0,0,0,0,0,0,0,0,0,0,0,0,0,0,0,0,0,0,0,0,0,0,0,0,0,0,0,0,0,0,0,0,0,0,0,0,0,0,0,0,0,0,eat
0.48257163166999817,0.8512701988220215,-1.914310558959187e-07,0.538909375667572,0.8003500699996948,0.0018680957145988941,0.5924670696258545,0.7260422706604004,0.0009297044016420841,0.6051011681556702,0.6342886090278625,0.0020366234239190817,0.6000874042510986,0.568649411201477,0.006222401279956102,0.5507614016532898,0.6545321345329285,-0.02019481174647808,0.5468982458114624,0.5314635038375854,-0.02461135946214199,0.5330851078033447,0.5352506637573242,-0.017527174204587936,0.5271145701408386,0.5553038716316223,-0.009682983160018921,0.5265340209007263,0.6429453492164612,-0.02234976552426815,0.5298399329185486,0.5129742622375488,-0.02580968663096428,0.5183615684509277,0.5263315439224243,-0.01590270921587944,0.5136410593986511,0.5567665696144104,-0.006356959696859121,0.5000105500221252,0.6395522952079773,-0.022112054750323296,0.5058859586715698,0.5196231007575989,-0.022338811308145523,0.5013214945793152,0.536034107208252,-0.00437805475667119,0.500016450881958,0.5645381808280945,0.008775654248893261,0.47073403000831604,0.6449669003486633,-0.021060127764940262,0.4773472249507904,0.5521088242530823,-0.016315637156367302,0.4782756268978119,0.5586649179458618,0.00035427167313173413,0.48137637972831726,0.5742795467376709,0.01379726268351078,0,0,0,0,0,0,0,0,0,0,0,0,0,0,0,0,0,0,0,0,0,0,0,0,0,0,0,0,0,0,0,0,0,0,0,0,0,0,0,0,0,0,0,0,0,0,0,0,0,0,0,0,0,0,0,0,0,0,0,0,0,0,0,eat
0.49267417192459106,0.8526702523231506,-3.210983834378567e-07,0.4607160687446594,0.7700502872467041,0.004668751731514931,0.45851922035217285,0.6771533489227295,0.003972685430198908,0.47109681367874146,0.5888957977294922,0.005441481247544289,0.48546043038368225,0.5334913730621338,0.010274350643157959,0.48455938696861267,0.6420263648033142,-0.02800814062356949,0.4976895749568939,0.5216848850250244,-0.028746096417307854,0.49231329560279846,0.5177003145217896,-0.014244386926293373,0.4898899793624878,0.5361899733543396,-0.0007505853427574039,0.5239697694778442,0.6481270790100098,-0.029857300221920013,0.5276930332183838,0.511378288269043,-0.03374513238668442,0.5125606656074524,0.5179842710494995,-0.019945545122027397,0.5043646693229675,0.5486332774162292,-0.006223411299288273,0.5574303865432739,0.6615011096000671,-0.027902787551283836,0.5517637133598328,0.5350775122642517,-0.028345048427581787,0.5332029461860657,0.5455374121665955,-0.009859226644039154,0.5260037779808044,0.573225200176239,0.004740042146295309,0.5797931551933289,0.6831548810005188,-0.024556852877140045,0.5744207501411438,0.5880919098854065,-0.020246708765625954,0.5550844669342041,0.5872305631637573,-0.004515222739428282,0.5485398769378662,0.6041146516799927,0.009036488831043243,0,0,0,0,0,0,0,0,0,0,0,0,0,0,0,0,0,0,0,0,0,0,0,0,0,0,0,0,0,0,0,0,0,0,0,0,0,0,0,0,0,0,0,0,0,0,0,0,0,0,0,0,0,0,0,0,0,0,0,0,0,0,0,eat
0.4924103021621704,0.8551069498062134,-3.857441015497898e-07,0.4450978636741638,0.763470470905304,0.009018892422318459,0.4365274906158447,0.6665956974029541,0.008718673139810562,0.4496842622756958,0.5802056193351746,0.009566775523126125,0.4705568850040436,0.5289326310157776,0.013560493476688862,0.4723619520664215,0.6414431929588318,-0.028801877051591873,0.4885721802711487,0.5211833119392395,-0.028599709272384644,0.4815223515033722,0.5246150493621826,-0.011915985494852066,0.4794914424419403,0.5478929281234741,0.0029622232541441917,0.522574782371521,0.6536096334457397,-0.03336646035313606,0.5267249941825867,0.5128204822540283,-0.037164051085710526,0.5108150839805603,0.5229727625846863,-0.020404936745762825,0.5031983256340027,0.5562511682510376,-0.004353626631200314,0.56439208984375,0.6705610752105713,-0.033504318445920944,0.5592809915542603,0.5390954613685608,-0.03344758227467537,0.5392851829528809,0.5486724972724915,-0.012019112706184387,0.5303058624267578,0.5761309862136841,0.0049871220253407955,0.5942409634590149,0.6935852766036987,-0.03179023042321205,0.5875918865203857,0.592210590839386,-0.024579191580414772,0.5665874481201172,0.5919099450111389,-0.005475074518471956,0.5581523180007935,0.6105390787124634,0.010088778100907803,0,0,0,0,0,0,0,0,0,0,0,0,0,0,0,0,0,0,0,0,0,0,0,0,0,0,0,0,0,0,0,0,0,0,0,0,0,0,0,0,0,0,0,0,0,0,0,0,0,0,0,0,0,0,0,0,0,0,0,0,0,0,0,eat
0.49220356345176697,0.85570228099823,-3.572539810647868e-07,0.4435293972492218,0.7665682435035706,0.012446482665836811,0.4353060722351074,0.6691717505455017,0.014239786192774773,0.45153599977493286,0.585787296295166,0.01632522977888584,0.4738485813140869,0.5370177030563354,0.02061394974589348,0.47086623311042786,0.6452986001968384,-0.02323880046606064,0.4864378571510315,0.5200256109237671,-0.023447595536708832,0.48003292083740234,0.5118458867073059,-0.008034597150981426,0.4781452417373657,0.5270420908927917,0.0064384774304926395,0.5208050012588501,0.6543799638748169,-0.02894451469182968,0.5244470834732056,0.510793924331665,-0.03258341923356056,0.507418155670166,0.5162904858589172,-0.01602894812822342,0.4989360272884369,0.5469006299972534,0.00042942780419252813,0.5619057416915894,0.6693886518478394,-0.030391424894332886,0.557360053062439,0.5363602638244629,-0.029402829706668854,0.5364862084388733,0.5430992841720581,-0.008011536672711372,0.527126669883728,0.5682207942008972,0.009225880727171898,0.5906029343605042,0.6909133791923523,-0.029851319268345833,0.5827613472938538,0.5895742177963257,-0.020759301260113716,0.5617029070854187,0.5855376124382019,-0.0011986935278400779,0.5536031723022461,0.6005112528800964,0.014550951309502125,0,0,0,0,0,0,0,0,0,0,0,0,0,0,0,0,0,0,0,0,0,0,0,0,0,0,0,0,0,0,0,0,0,0,0,0,0,0,0,0,0,0,0,0,0,0,0,0,0,0,0,0,0,0,0,0,0,0,0,0,0,0,0,eat
0.4801290035247803,0.8509437441825867,-1.3929498265952134e-07,0.5440391898155212,0.8114750385284424,0.0006094129057601094,0.6009684801101685,0.7449892163276672,-0.0009695684420876205,0.6079083681106567,0.6548677682876587,0.00035226711770519614,0.5980362296104431,0.5947719216346741,0.0043446971103549,0.5653793811798096,0.6633666157722473,-0.01898144744336605,0.5613714456558228,0.5471790432929993,-0.02182273380458355,0.547255277633667,0.5382988452911377,-0.015593033283948898,0.5387577414512634,0.5459628105163574,-0.009055139496922493,0.5269015431404114,0.6430487632751465,-0.01939411647617817,0.5267689824104309,0.5166236758232117,-0.021427571773529053,0.519163191318512,0.5236445665359497,-0.013231552205979824,0.5152132511138916,0.5513312816619873,-0.00545598054304719,0.48910588026046753,0.632462203502655,-0.017177864909172058,0.49281078577041626,0.5177959203720093,-0.016523942351341248,0.49357107281684875,0.5246555805206299,-0.0019075238378718495,0.4932958483695984,0.5486112833023071,0.00832219235599041,0.4518786370754242,0.6315822601318359,-0.013957814313471317,0.45713305473327637,0.5429338216781616,-0.01036291103810072,0.4615524411201477,0.5422831177711487,0.0036188585218042135,0.4652337431907654,0.5501618385314941,0.015183151699602604,0,0,0,0,0,0,0,0,0,0,0,0,0,0,0,0,0,0,0,0,0,0,0,0,0,0,0,0,0,0,0,0,0,0,0,0,0,0,0,0,0,0,0,0,0,0,0,0,0,0,0,0,0,0,0,0,0,0,0,0,0,0,0,eat
0.4875091314315796,0.8388352990150452,-3.7955280163259886e-07,0.46070611476898193,0.7619432210922241,0.008235374465584755,0.4637592136859894,0.6813468337059021,0.00934621412307024,0.47784361243247986,0.5996690392494202,0.011575529351830482,0.4927447736263275,0.5541964173316956,0.017173398286104202,0.4675862193107605,0.6200581789016724,-0.01862545683979988,0.4775395691394806,0.5145671367645264,-0.014475945383310318,0.4759453237056732,0.5342811942100525,0.0023024457041174173,0.4767700433731079,0.565100371837616,0.016135120764374733,0.5032768845558167,0.6164727210998535,-0.021434612572193146,0.5081533789634705,0.5014581084251404,-0.01917257346212864,0.4988836348056793,0.5217595100402832,-0.004475968424230814,0.4957423508167267,0.5557155609130859,0.00782290194183588,0.5360467433929443,0.6237796545028687,-0.020341092720627785,0.5321443676948547,0.5151785612106323,-0.016689689829945564,0.5201588869094849,0.5360435843467712,-0.00037233048351481557,0.5164288878440857,0.5683038830757141,0.01091209426522255,0.5604190230369568,0.6418354511260986,-0.01764058507978916,0.5519077181816101,0.5598583817481995,-0.01012645848095417,0.5382066965103149,0.5735023021697998,0.0056839813478291035,0.5355790257453918,0.601165235042572,0.018249113112688065,0,0,0,0,0,0,0,0,0,0,0,0,0,0,0,0,0,0,0,0,0,0,0,0,0,0,0,0,0,0,0,0,0,0,0,0,0,0,0,0,0,0,0,0,0,0,0,0,0,0,0,0,0,0,0,0,0,0,0,0,0,0,0,eat
0.4820311963558197,0.8440887928009033,-2.4391206920881814e-07,0.552751898765564,0.8079636096954346,0.007354142144322395,0.6011460423469543,0.7356331944465637,0.010560269467532635,0.6071807146072388,0.6457087397575378,0.014241666533052921,0.6017802953720093,0.5871491432189941,0.0207284614443779,0.5649980306625366,0.6464307904243469,-0.007990480400621891,0.5589359402656555,0.5421448945999146,-0.006921437568962574,0.546876072883606,0.5501734614372253,0.0008736986783333123,0.5386284589767456,0.5683165192604065,0.007832330651581287,0.5227823853492737,0.6256683468818665,-0.011841419152915478,0.5272175073623657,0.5093196630477905,-0.011875358410179615,0.5220268368721008,0.5282937288284302,-0.0027236538007855415,0.516899824142456,0.5603010654449463,0.0056294724345207214,0.4812009930610657,0.6171826720237732,-0.012920349836349487,0.49201104044914246,0.5094079971313477,-0.010830753482878208,0.49458619952201843,0.5261945128440857,0.0032688293140381575,0.4925857186317444,0.5550008416175842,0.012985451146960258,0.44017666578292847,0.6202220916748047,-0.012534849345684052,0.45374247431755066,0.5316372513771057,-0.006243667099624872,0.45875856280326843,0.5413233041763306,0.009229503571987152,0.4586712718009949,0.560235321521759,0.021208247169852257,0,0,0,0,0,0,0,0,0,0,0,0,0,0,0,0,0,0,0,0,0,0,0,0,0,0,0,0,0,0,0,0,0,0,0,0,0,0,0,0,0,0,0,0,0,0,0,0,0,0,0,0,0,0,0,0,0,0,0,0,0,0,0,eat
0.47623690962791443,0.8440635800361633,-1.9915938764825114e-07,0.5266498923301697,0.8015997409820557,0.0076458449475467205,0.5676015019416809,0.7357577085494995,0.01109008677303791,0.5743217468261719,0.6543184518814087,0.01525579672306776,0.5677609443664551,0.6043850183486938,0.022083431482315063,0.5303410887718201,0.6380276083946228,-0.00915241613984108,0.5314667224884033,0.5287340879440308,-0.005095754750072956,0.5254582762718201,0.5388716459274292,0.005504427012056112,0.5210087299346924,0.5609681606292725,0.0142438355833292,0.51316899061203,0.6225663423538208,-0.011254429817199707,0.517676055431366,0.5053641200065613,-0.007825721986591816,0.5120932459831238,0.5213077664375305,0.002755769994109869,0.5072920918464661,0.5518971681594849,0.011459394358098507,0.4942033886909485,0.6184636950492859,-0.01011205930262804,0.5021942853927612,0.5104005336761475,-0.005592878442257643,0.5010675191879272,0.5279796123504639,0.008370981551706791,0.49830716848373413,0.5579895973205566,0.017831945791840553,0.4730231463909149,0.6257087588310242,-0.007483887020498514,0.4833763837814331,0.5437948107719421,-9.364759171148762e-05,0.4853495955467224,0.5532430410385132,0.014411606825888157,0.48683422803878784,0.574630081653595,0.02600283920764923,0,0,0,0,0,0,0,0,0,0,0,0,0,0,0,0,0,0,0,0,0,0,0,0,0,0,0,0,0,0,0,0,0,0,0,0,0,0,0,0,0,0,0,0,0,0,0,0,0,0,0,0,0,0,0,0,0,0,0,0,0,0,0,eat
0.48048216104507446,0.8482692837715149,-2.3854425990066375e-08,0.540819525718689,0.8059285879135132,-0.004641386680305004,0.5937026143074036,0.7346209287643433,-0.006958694197237492,0.596714973449707,0.6410802602767944,-0.005222026724368334,0.5839830040931702,0.5809010863304138,-0.0009269150905311108,0.553224503993988,0.6556926369667053,-0.021311677992343903,0.5489932298660278,0.5401266813278198,-0.023410482332110405,0.5407142043113708,0.5266929268836975,-0.01710822619497776,0.5353449583053589,0.5331066846847534,-0.010443008504807949,0.5182143449783325,0.6414000988006592,-0.018966512754559517,0.5196888446807861,0.5143567323684692,-0.02018839120864868,0.5144472718238831,0.5097014904022217,-0.012968895956873894,0.5098493099212646,0.5267978310585022,-0.006158561445772648,0.48484277725219727,0.6368103623390198,-0.014485208317637444,0.48919951915740967,0.5201393961906433,-0.014777738600969315,0.49128711223602295,0.519580602645874,-0.0019094116287305951,0.4917736053466797,0.5363332629203796,0.007419945206493139,0.45064637064933777,0.6409730911254883,-0.009446430020034313,0.4567619860172272,0.5525438189506531,-0.007865725085139275,0.46237415075302124,0.5478197336196899,0.004154475871473551,0.4669837951660156,0.5531957745552063,0.01467013917863369,0,0,0,0,0,0,0,0,0,0,0,0,0,0,0,0,0,0,0,0,0,0,0,0,0,0,0,0,0,0,0,0,0,0,0,0,0,0,0,0,0,0,0,0,0,0,0,0,0,0,0,0,0,0,0,0,0,0,0,0,0,0,0,eat
0.4850482940673828,0.8432149887084961,-1.7060823154224636e-07,0.48529091477394104,0.77762371301651,0.004977856762707233,0.5065134167671204,0.6982240080833435,0.006371349096298218,0.5182059407234192,0.6143481135368347,0.009951147250831127,0.5245635509490967,0.5623297691345215,0.016231056302785873,0.4907381236553192,0.6358730792999268,-0.019468680024147034,0.5014899969100952,0.5192388296127319,-0.018228108063340187,0.5004929900169373,0.511950671672821,-0.005709215998649597,0.5001001954078674,0.5247442126274109,0.0060408711433410645,0.5073051452636719,0.6306535005569458,-0.020478462800383568,0.5154935717582703,0.5009916424751282,-0.02098032273352146,0.5075437426567078,0.5061190128326416,-0.00921584665775299,0.5017738938331604,0.5344927310943604,0.0028922581113874912,0.5228535532951355,0.6350627541542053,-0.018076978623867035,0.524951696395874,0.5175634622573853,-0.01675427518785,0.5154857039451599,0.5260374546051025,-0.002658694516867399,0.5111502408981323,0.5526412725448608,0.008961393497884274,0.5328868627548218,0.6492087244987488,-0.014185274951159954,0.529827892780304,0.5624302625656128,-0.008627503179013729,0.5205018520355225,0.5662586688995361,0.00533363176509738,0.5194119215011597,0.5857321619987488,0.01780175231397152,0,0,0,0,0,0,0,0,0,0,0,0,0,0,0,0,0,0,0,0,0,0,0,0,0,0,0,0,0,0,0,0,0,0,0,0,0,0,0,0,0,0,0,0,0,0,0,0,0,0,0,0,0,0,0,0,0,0,0,0,0,0,0,eat
0.48176145553588867,0.8403910398483276,-1.6040961270391563e-07,0.5515251159667969,0.8006734848022461,0.006209358107298613,0.6003365516662598,0.7325018048286438,0.008048845455050468,0.6039382815361023,0.6451661586761475,0.01123613677918911,0.5944014191627502,0.5893556475639343,0.016906915232539177,0.5639986991882324,0.6460711359977722,-0.014582516625523567,0.5557692050933838,0.533907413482666,-0.013288100250065327,0.5427535176277161,0.531793475151062,-0.004237984772771597,0.5333459377288818,0.5453094244003296,0.003791332710534334,0.520226776599884,0.6238267421722412,-0.01722046360373497,0.522417426109314,0.5023247599601746,-0.017042793333530426,0.5160012245178223,0.5147268772125244,-0.007263252977281809,0.5085957646369934,0.5445098876953125,0.001313882996328175,0.47782832384109497,0.613811731338501,-0.01644415594637394,0.4872834384441376,0.5036935210227966,-0.013337335549294949,0.48961132764816284,0.5173454284667969,0.0017025768756866455,0.48684605956077576,0.5456118583679199,0.011710630729794502,0.4374784231185913,0.6151357889175415,-0.0141921266913414,0.45142608880996704,0.526669442653656,-0.007778200786560774,0.45656096935272217,0.532964289188385,0.00785460602492094,0.4563315808773041,0.5488529205322266,0.02009161189198494,0,0,0,0,0,0,0,0,0,0,0,0,0,0,0,0,0,0,0,0,0,0,0,0,0,0,0,0,0,0,0,0,0,0,0,0,0,0,0,0,0,0,0,0,0,0,0,0,0,0,0,0,0,0,0,0,0,0,0,0,0,0,0,eat
0.4761858284473419,0.8366912603378296,-1.2032207052925514e-07,0.5334680080413818,0.7998570799827576,-0.00036328291753306985,0.5823044776916504,0.7361840009689331,-3.9347807614831254e-05,0.5876792669296265,0.6505577564239502,0.0027573334518820047,0.5764051675796509,0.5944446921348572,0.008329079486429691,0.5419185757637024,0.6378671526908875,-0.013021434657275677,0.5387843251228333,0.527428925037384,-0.012363553047180176,0.5298649668693542,0.5285148024559021,-0.004827013239264488,0.524328887462616,0.5460287928581238,0.0024482819717377424,0.5148122906684875,0.6185489892959595,-0.011456534266471863,0.5145233273506165,0.5006399154663086,-0.010630415752530098,0.5072231888771057,0.5093282461166382,-0.002880919026210904,0.502289891242981,0.5364813804626465,0.004218746442347765,0.4867032766342163,0.6114224195480347,-0.007576894946396351,0.48949214816093445,0.5017827749252319,-0.006256799679249525,0.4889315366744995,0.513899564743042,0.006426622159779072,0.4874590337276459,0.5408144593238831,0.015595735050737858,0.45730626583099365,0.6154394745826721,-0.002756232162937522,0.4632878303527832,0.5321612358093262,0.0013240694534033537,0.46661320328712463,0.5387450456619263,0.014783451333642006,0.46997204422950745,0.5556545257568359,0.02624417468905449,0,0,0,0,0,0,0,0,0,0,0,0,0,0,0,0,0,0,0,0,0,0,0,0,0,0,0,0,0,0,0,0,0,0,0,0,0,0,0,0,0,0,0,0,0,0,0,0,0,0,0,0,0,0,0,0,0,0,0,0,0,0,0,eat
0.4774724543094635,0.8340494632720947,-2.0436921488453663e-07,0.5041043758392334,0.7850655913352966,0.0038085158448666334,0.5364407896995544,0.713042140007019,0.006509494036436081,0.5395615100860596,0.6265943050384521,0.011131076142191887,0.5341978073120117,0.573358416557312,0.018475746735930443,0.5160359740257263,0.6306611895561218,-0.01277968194335699,0.5152151584625244,0.5183566808700562,-0.009970181621611118,0.5067942142486572,0.5200212001800537,0.0009702761890366673,0.5015383362770081,0.539466917514801,0.010985469445586205,0.5116662979125977,0.6180516481399536,-0.012177438475191593,0.5114983916282654,0.497998982667923,-0.011773383244872093,0.5007519125938416,0.5069067478179932,-0.0023504614364355803,0.4950107932090759,0.535057008266449,0.007123216055333614,0.5047479271888733,0.6170145273208618,-0.00849741417914629,0.5057260990142822,0.5057860612869263,-0.007631676737219095,0.498603492975235,0.5173668265342712,0.005344650242477655,0.49509623646736145,0.5452744960784912,0.015918981283903122,0.4929642081260681,0.6264114379882812,-0.0032789779361337423,0.49539715051651,0.5414916276931763,0.0018074874533340335,0.49181291460990906,0.5484477281570435,0.016103658825159073,0.4932222366333008,0.5703440308570862,0.02875348925590515,0,0,0,0,0,0,0,0,0,0,0,0,0,0,0,0,0,0,0,0,0,0,0,0,0,0,0,0,0,0,0,0,0,0,0,0,0,0,0,0,0,0,0,0,0,0,0,0,0,0,0,0,0,0,0,0,0,0,0,0,0,0,0,eat
0.47899264097213745,0.8399357795715332,-1.0114872139865838e-07,0.5456095933914185,0.8034436106681824,0.007088807411491871,0.5949053764343262,0.7336751222610474,0.009151432663202286,0.6010481119155884,0.6468510627746582,0.012237866409122944,0.5917943120002747,0.5889201760292053,0.0168604739010334,0.5633686184883118,0.6480737328529358,-0.011815449222922325,0.5566140413284302,0.5334036350250244,-0.012115538120269775,0.5447788238525391,0.5182508230209351,-0.005504187196493149,0.5359423160552979,0.5230797529220581,0.0011531731579452753,0.5225459933280945,0.6281786561012268,-0.0150014478713274,0.5234295129776001,0.5047658085823059,-0.014999080449342728,0.5176986455917358,0.5051766037940979,-0.007288111839443445,0.5132120251655579,0.5254090428352356,-0.0005548226763494313,0.4820070266723633,0.6191656589508057,-0.015147239901125431,0.4907357394695282,0.4990425705909729,-0.014288057573139668,0.49400290846824646,0.5028692483901978,-0.0011596191907301545,0.4943062663078308,0.525204062461853,0.008101345971226692,0.4414328336715698,0.6202885508537292,-0.013509240932762623,0.45202159881591797,0.5235916376113892,-0.010443689301609993,0.46061593294143677,0.5190345644950867,0.003079651389271021,0.46678104996681213,0.5282543897628784,0.014465995132923126,0,0,0,0,0,0,0,0,0,0,0,0,0,0,0,0,0,0,0,0,0,0,0,0,0,0,0,0,0,0,0,0,0,0,0,0,0,0,0,0,0,0,0,0,0,0,0,0,0,0,0,0,0,0,0,0,0,0,0,0,0,0,0,eat
0.47598230838775635,0.8188062906265259,-8.198169609840988e-08,0.5475641489028931,0.779727578163147,0.0038765831850469112,0.5955728888511658,0.7190994620323181,0.0018285881960764527,0.6000440716743469,0.6391223073005676,0.00030070263892412186,0.5912230610847473,0.5877962112426758,0.0004212012863717973,0.555361270904541,0.6267511248588562,-0.019595982506871223,0.5502521991729736,0.5202898383140564,-0.024251731112599373,0.5448182225227356,0.5333168506622314,-0.02024528570473194,0.5408317446708679,0.5578308701515198,-0.014964434318244457,0.5124223232269287,0.6053228378295898,-0.023903219029307365,0.5207036137580872,0.4815676510334015,-0.02821451984345913,0.52040696144104,0.5037086009979248,-0.020571911707520485,0.5144186615943909,0.5407165288925171,-0.012893547303974628,0.4703853130340576,0.5971195697784424,-0.02526305988430977,0.48244279623031616,0.4812315106391907,-0.026415886357426643,0.4895128607749939,0.5029615759849548,-0.012641211971640587,0.48786190152168274,0.5364347100257874,-0.002386766718700528,0.4294746518135071,0.601664125919342,-0.025405317544937134,0.44494539499282837,0.5084222555160522,-0.023745298385620117,0.45866185426712036,0.5154803991317749,-0.009809674695134163,0.46385177969932556,0.5350905060768127,0.0020617791451513767,0,0,0,0,0,0,0,0,0,0,0,0,0,0,0,0,0,0,0,0,0,0,0,0,0,0,0,0,0,0,0,0,0,0,0,0,0,0,0,0,0,0,0,0,0,0,0,0,0,0,0,0,0,0,0,0,0,0,0,0,0,0,0,eat
0.46992048621177673,0.8179413080215454,-2.4543663812437444e-07,0.4646557867527008,0.7407267093658447,0.02616674266755581,0.4698493182659149,0.6628821492195129,0.03347146511077881,0.4794960618019104,0.5972472429275513,0.03746631741523743,0.4872482717037201,0.560867190361023,0.04300329461693764,0.46959590911865234,0.6041159629821777,0.0023972017224878073,0.4826304316520691,0.498196005821228,0.0061590238474309444,0.4855251908302307,0.4927729368209839,0.01762445643544197,0.4841850996017456,0.5030171275138855,0.027916941791772842,0.48077964782714844,0.5962578058242798,-0.009168660268187523,0.4931256175041199,0.48178887367248535,-0.006101966369897127,0.4938517212867737,0.48936188220977783,0.006434993352741003,0.49016979336738586,0.511491060256958,0.01703013852238655,0.4904406666755676,0.5984164476394653,-0.016331374645233154,0.5013018250465393,0.49173247814178467,-0.008711486123502254,0.5030168890953064,0.5007126927375793,0.007959822192788124,0.4997510015964508,0.5193237662315369,0.01906557008624077,0.49541419744491577,0.6109389066696167,-0.020774463191628456,0.5029891729354858,0.5216530561447144,-0.006965175271034241,0.5032258629798889,0.5184165835380554,0.011438136920332909,0.5016013383865356,0.526839017868042,0.024870431050658226,0,0,0,0,0,0,0,0,0,0,0,0,0,0,0,0,0,0,0,0,0,0,0,0,0,0,0,0,0,0,0,0,0,0,0,0,0,0,0,0,0,0,0,0,0,0,0,0,0,0,0,0,0,0,0,0,0,0,0,0,0,0,0,eat
0.4719127118587494,0.8224514722824097,-2.1765499980119785e-07,0.4251784384250641,0.7326125502586365,0.02658119983971119,0.4213148355484009,0.6450890302658081,0.0338040329515934,0.4432375431060791,0.5809696912765503,0.03597785159945488,0.4696303904056549,0.545678973197937,0.03839714825153351,0.4271480441093445,0.6026061773300171,0.005426726303994656,0.45106643438339233,0.5003403425216675,0.007095868233591318,0.46791785955429077,0.48906630277633667,0.01625729911029339,0.47580400109291077,0.49629828333854675,0.02545507252216339,0.47309914231300354,0.6049574613571167,-0.009935908019542694,0.4852471351623535,0.48860982060432434,-0.006776755675673485,0.49074023962020874,0.4877960681915283,0.003481264691799879,0.48952430486679077,0.5070472359657288,0.013091021217405796,0.5155039429664612,0.6177536249160767,-0.021448377519845963,0.5241259336471558,0.5104905962944031,-0.015684664249420166,0.5206436514854431,0.5098462104797363,-0.0005205789348110557,0.5136319994926453,0.5230475068092346,0.010669440031051636,0.5499588251113892,0.6393899917602539,-0.03038332797586918,0.5476346015930176,0.5470952391624451,-0.017933344468474388,0.5386331677436829,0.5433385372161865,0.0017211770173162222,0.5316014289855957,0.5548833608627319,0.016889235004782677,0,0,0,0,0,0,0,0,0,0,0,0,0,0,0,0,0,0,0,0,0,0,0,0,0,0,0,0,0,0,0,0,0,0,0,0,0,0,0,0,0,0,0,0,0,0,0,0,0,0,0,0,0,0,0,0,0,0,0,0,0,0,0,eat
0.4752885401248932,0.8157988786697388,-2.311355302708762e-07,0.4265107810497284,0.7245544791221619,0.023892957717180252,0.4214346706867218,0.632412850856781,0.02937733381986618,0.44071996212005615,0.563856840133667,0.030033361166715622,0.4647384285926819,0.5239410400390625,0.03135928884148598,0.42869994044303894,0.5993269681930542,0.000765225209761411,0.454072505235672,0.4950713515281677,-0.0022626202553510666,0.4665650725364685,0.492146760225296,0.003786560380831361,0.4724741280078888,0.5087082982063293,0.011690864339470863,0.47396159172058105,0.6034395694732666,-0.014835319481790066,0.48863908648490906,0.48165059089660645,-0.01675521768629551,0.4900021553039551,0.49156853556632996,-0.007918688468635082,0.48698776960372925,0.5217147469520569,0.0021683843806385994,0.5164284706115723,0.6164934039115906,-0.026849206537008286,0.5272687673568726,0.5059465169906616,-0.02440732717514038,0.5199729204177856,0.5181254148483276,-0.008588960394263268,0.5115587711334229,0.5436133146286011,0.004311051685363054,0.5505784749984741,0.63819819688797,-0.03649662062525749,0.5469666123390198,0.5458430051803589,-0.023863190785050392,0.5353019833564758,0.5527027249336243,-0.002691389061510563,0.5289270281791687,0.576171875,0.013729327358305454,0,0,0,0,0,0,0,0,0,0,0,0,0,0,0,0,0,0,0,0,0,0,0,0,0,0,0,0,0,0,0,0,0,0,0,0,0,0,0,0,0,0,0,0,0,0,0,0,0,0,0,0,0,0,0,0,0,0,0,0,0,0,0,eat
0.4755851626396179,0.819343090057373,-2.5405279302503914e-07,0.4545184075832367,0.7475404739379883,0.02335113100707531,0.4612377882003784,0.6623499393463135,0.03115602396428585,0.47806689143180847,0.5894815325737,0.037051521241664886,0.4897928833961487,0.5443937182426453,0.04424990341067314,0.4618256986141205,0.613374650478363,-0.005020729266107082,0.4778077006340027,0.5003683567047119,0.0011961959535256028,0.4833453893661499,0.4902472496032715,0.017234986647963524,0.48426613211631775,0.49625298380851746,0.031199997290968895,0.48472702503204346,0.6091984510421753,-0.015049707144498825,0.49866074323654175,0.48360690474510193,-0.01268664188683033,0.4988228678703308,0.49730828404426575,0.0014470681780949235,0.4975578486919403,0.527775228023529,0.015548590570688248,0.5074663758277893,0.6156928539276123,-0.020115172490477562,0.5171482563018799,0.5005395412445068,-0.013622505590319633,0.5133664608001709,0.5138645172119141,0.003221281571313739,0.5102878212928772,0.5381574630737305,0.01627415604889393,0.5243861675262451,0.6325981616973877,-0.02220572903752327,0.5257331728935242,0.5361500382423401,-0.007130684796720743,0.5176700353622437,0.5403847694396973,0.01223762147128582,0.5153456330299377,0.5576073527336121,0.027009526267647743,0,0,0,0,0,0,0,0,0,0,0,0,0,0,0,0,0,0,0,0,0,0,0,0,0,0,0,0,0,0,0,0,0,0,0,0,0,0,0,0,0,0,0,0,0,0,0,0,0,0,0,0,0,0,0,0,0,0,0,0,0,0,0,eat
0.4673375189304352,0.8216304779052734,-2.6845648903872643e-07,0.5254490375518799,0.7689107060432434,0.018369734287261963,0.5702152848243713,0.6970952153205872,0.02335400879383087,0.5850940942764282,0.6148000955581665,0.026372810825705528,0.5833645462989807,0.5596151947975159,0.031984347850084305,0.5291022658348083,0.6160207986831665,-0.001789452275261283,0.5368263721466064,0.5098786950111389,0.0015036023687571287,0.5349724292755127,0.5287832617759705,0.011959769763052464,0.528696596622467,0.5564898252487183,0.020983384922146797,0.5008323788642883,0.6012511253356934,-0.011401491239666939,0.5140124559402466,0.4869735836982727,-0.008626782335340977,0.5161165595054626,0.5072217583656311,0.001421688706614077,0.5111911296844482,0.5399739146232605,0.0099718626588583,0.471810519695282,0.5980660915374756,-0.01706518977880478,0.4852603077888489,0.4927489757537842,-0.011358692310750484,0.49374181032180786,0.5114096999168396,0.0050369370728731155,0.49134835600852966,0.5393360257148743,0.015477162785828114,0.44297030568122864,0.6056700944900513,-0.020381014794111252,0.4552365839481354,0.5182958841323853,-0.010217128321528435,0.4632745683193207,0.5287709832191467,0.008243228308856487,0.4643233120441437,0.5476049184799194,0.021933935582637787,0,0,0,0,0,0,0,0,0,0,0,0,0,0,0,0,0,0,0,0,0,0,0,0,0,0,0,0,0,0,0,0,0,0,0,0,0,0,0,0,0,0,0,0,0,0,0,0,0,0,0,0,0,0,0,0,0,0,0,0,0,0,0,eat
0.47688114643096924,0.8244985342025757,-2.546071868891886e-07,0.4493522047996521,0.7497581839561462,0.02084677293896675,0.45240429043769836,0.6734673380851746,0.02727627195417881,0.4722420573234558,0.6050845384597778,0.03196794167160988,0.4909019470214844,0.5648778080940247,0.038755957037210464,0.44960761070251465,0.6034010052680969,-0.00029342243215069175,0.47070640325546265,0.5016254186630249,0.008538098074495792,0.4829096794128418,0.5018284320831299,0.025142429396510124,0.48497274518013,0.5160651206970215,0.03870229050517082,0.4815342128276825,0.5978603959083557,-0.008021429181098938,0.4944586753845215,0.4861929416656494,-0.00265631265938282,0.49972406029701233,0.4928966760635376,0.009395084343850613,0.49701258540153503,0.5154093503952026,0.02010614424943924,0.5134392976760864,0.6060332655906677,-0.011189896613359451,0.5194045305252075,0.5033057332038879,-0.0034050033427774906,0.5204126834869385,0.5063242316246033,0.010585694573819637,0.5157699584960938,0.5224642753601074,0.020172931253910065,0.5385276079177856,0.6256046295166016,-0.011644125916063786,0.5390021800994873,0.5413404107093811,0.0023914072662591934,0.5335441827774048,0.5363129377365112,0.019704477861523628,0.5290110111236572,0.544844388961792,0.03267401084303856,0,0,0,0,0,0,0,0,0,0,0,0,0,0,0,0,0,0,0,0,0,0,0,0,0,0,0,0,0,0,0,0,0,0,0,0,0,0,0,0,0,0,0,0,0,0,0,0,0,0,0,0,0,0,0,0,0,0,0,0,0,0,0,eat
0.467463880777359,0.8190721273422241,-2.8728032930303016e-07,0.4968137741088867,0.7628316879272461,0.017325880005955696,0.5330773591995239,0.6925345063209534,0.021452292799949646,0.5546892881393433,0.6179916262626648,0.023640312254428864,0.5609655976295471,0.5673338174819946,0.028365779668092728,0.4971657991409302,0.6109645962715149,-0.002675713738426566,0.5151275396347046,0.5029652118682861,-0.0010271091014146805,0.518159806728363,0.5234720706939697,0.009398775175213814,0.5131406188011169,0.5520058274269104,0.019241996109485626,0.49143823981285095,0.5982383489608765,-0.012463596649467945,0.5094577670097351,0.47901856899261475,-0.013162043876945972,0.5119153261184692,0.5036788582801819,-0.0035712621174752712,0.5062928795814514,0.5408041477203369,0.00658849673345685,0.4847305119037628,0.5977382659912109,-0.018560241907835007,0.5002108812332153,0.48868122696876526,-0.015820380300283432,0.5051713585853577,0.5116370916366577,0.0006521404720842838,0.5002309679985046,0.5421433448791504,0.013157243840396404,0.47491273283958435,0.6083787679672241,-0.022401753813028336,0.48409759998321533,0.5191247463226318,-0.012563114985823631,0.48765966296195984,0.5327293872833252,0.006694564130157232,0.48726117610931396,0.5550969839096069,0.021821726113557816,0,0,0,0,0,0,0,0,0,0,0,0,0,0,0,0,0,0,0,0,0,0,0,0,0,0,0,0,0,0,0,0,0,0,0,0,0,0,0,0,0,0,0,0,0,0,0,0,0,0,0,0,0,0,0,0,0,0,0,0,0,0,0,eat
0.47055742144584656,0.8182117938995361,-1.2488513334574236e-07,0.5445905327796936,0.7856155037879944,-0.0005174448015168309,0.5926750302314758,0.710985541343689,-0.0014769550180062652,0.5983392596244812,0.6105875968933105,-0.00017508167366031557,0.6006340384483337,0.5440942049026489,0.0037687690928578377,0.5494024157524109,0.6276479363441467,-0.017223099246621132,0.5475818514823914,0.5179368257522583,-0.019074801355600357,0.5447199940681458,0.5149704217910767,-0.013300277292728424,0.5364898443222046,0.527313768863678,-0.007428976707160473,0.5051900148391724,0.6081616878509521,-0.01728348806500435,0.5121764540672302,0.49126994609832764,-0.01817576214671135,0.5178608298301697,0.5013889670372009,-0.013149313628673553,0.5155404806137085,0.5267515182495117,-0.008917704224586487,0.4664492905139923,0.6006812453269958,-0.014836825430393219,0.4776328206062317,0.49006831645965576,-0.014354221522808075,0.4913911819458008,0.498188853263855,-0.004235058091580868,0.4940710663795471,0.5203884840011597,0.001885153935290873,0.43029990792274475,0.6029835343360901,-0.011263703927397728,0.44391927123069763,0.5152550339698792,-0.009813233278691769,0.4582059383392334,0.5099498629570007,-2.2778856873628683e-05,0.46442922949790955,0.5134896636009216,0.00805724784731865,0,0,0,0,0,0,0,0,0,0,0,0,0,0,0,0,0,0,0,0,0,0,0,0,0,0,0,0,0,0,0,0,0,0,0,0,0,0,0,0,0,0,0,0,0,0,0,0,0,0,0,0,0,0,0,0,0,0,0,0,0,0,0,eat
0.46290966868400574,0.8013283014297485,-1.0790939342086858e-07,0.5237674713134766,0.7655606269836426,0.004353818483650684,0.5726913213729858,0.7139093279838562,0.003222545376047492,0.5816824436187744,0.6478418707847595,0.0031504055950790644,0.567997932434082,0.6051739454269409,0.005467921029776335,0.5180261135101318,0.6029586791992188,-0.014392470940947533,0.5217281579971313,0.5044508576393127,-0.015739401802420616,0.5213331580162048,0.5216521620750427,-0.009487406350672245,0.5186872482299805,0.5471384525299072,-0.0032985752914100885,0.48926401138305664,0.583358645439148,-0.017325906082987785,0.49912866950035095,0.47317954897880554,-0.01918022707104683,0.5003877282142639,0.5000135898590088,-0.010597934015095234,0.4963291883468628,0.5361480116844177,-0.0027747098356485367,0.4622272849082947,0.5778559446334839,-0.017449241131544113,0.47553005814552307,0.4786178469657898,-0.016820499673485756,0.4819304049015045,0.5041569471359253,-0.0019023274071514606,0.47929030656814575,0.5352343916893005,0.008720657788217068,0.4359225332736969,0.5838614702224731,-0.01628236100077629,0.4489902853965759,0.5034829378128052,-0.010378963313996792,0.4570103585720062,0.5191015601158142,0.006383529864251614,0.45803186297416687,0.5417829155921936,0.019580025225877762,0,0,0,0,0,0,0,0,0,0,0,0,0,0,0,0,0,0,0,0,0,0,0,0,0,0,0,0,0,0,0,0,0,0,0,0,0,0,0,0,0,0,0,0,0,0,0,0,0,0,0,0,0,0,0,0,0,0,0,0,0,0,0,eat
0.4675319492816925,0.7991312742233276,-8.264257900236771e-08,0.5383120775222778,0.7676650285720825,-0.0014019736554473639,0.5820385217666626,0.7065258622169495,-0.0035812060814350843,0.5781335830688477,0.6220055222511292,-0.0036546816118061543,0.5617572069168091,0.5701193809509277,-0.000843621208332479,0.5378485321998596,0.6054800152778625,-0.01758619025349617,0.5379862785339355,0.5063437819480896,-0.01861623115837574,0.5356062054634094,0.5179375410079956,-0.012603545561432838,0.5282456874847412,0.5428126454353333,-0.006113020703196526,0.4946897327899933,0.5840668082237244,-0.016917137429118156,0.5031129717826843,0.4764900803565979,-0.014791149646043777,0.5057006478309631,0.4911312758922577,-0.007268168963491917,0.4991479814052582,0.5203765630722046,-0.0017939516110345721,0.45541876554489136,0.5779944062232971,-0.01377988699823618,0.46837642788887024,0.4763028621673584,-0.010679266415536404,0.4776607155799866,0.4928346276283264,0.0012404907029122114,0.47449976205825806,0.5222113728523254,0.008394768461585045,0.42005425691604614,0.5842418670654297,-0.00975758582353592,0.43798917531967163,0.501582682132721,-0.005110791884362698,0.4497830271720886,0.5094183087348938,0.008551103994250298,0.4507457911968231,0.5279204249382019,0.019295670092105865,0,0,0,0,0,0,0,0,0,0,0,0,0,0,0,0,0,0,0,0,0,0,0,0,0,0,0,0,0,0,0,0,0,0,0,0,0,0,0,0,0,0,0,0,0,0,0,0,0,0,0,0,0,0,0,0,0,0,0,0,0,0,0,eat
0.46534261107444763,0.8019649386405945,-1.2230636059484823e-07,0.5324663519859314,0.7698802351951599,0.0014781540958210826,0.5784235596656799,0.7106817364692688,0.0009337832452729344,0.5806725025177002,0.6304788589477539,0.002196073532104492,0.5661770105361938,0.5781600475311279,0.006208446342498064,0.5319806337356567,0.6082236170768738,-0.01645050011575222,0.5354059934616089,0.5044308304786682,-0.01735015958547592,0.53177809715271,0.5223143696784973,-0.010383819229900837,0.5254958868026733,0.5512203574180603,-0.00325074908323586,0.4935748875141144,0.5860260128974915,-0.01675810106098652,0.501727819442749,0.4748184084892273,-0.016691260039806366,0.5014950633049011,0.4952191114425659,-0.008866555988788605,0.49603965878486633,0.528513491153717,-0.0020009318832308054,0.4576118290424347,0.5791906714439392,-0.014288188889622688,0.4680730700492859,0.47723388671875,-0.012565984390676022,0.4752185642719269,0.49639031291007996,0.0004256886022631079,0.472922146320343,0.5266599655151367,0.009288010187447071,0.4249245524406433,0.5838581323623657,-0.010516607202589512,0.4391598403453827,0.5014086365699768,-0.005630400963127613,0.448230504989624,0.5111206769943237,0.008958708494901657,0.4503505527973175,0.5295997858047485,0.020793335512280464,0,0,0,0,0,0,0,0,0,0,0,0,0,0,0,0,0,0,0,0,0,0,0,0,0,0,0,0,0,0,0,0,0,0,0,0,0,0,0,0,0,0,0,0,0,0,0,0,0,0,0,0,0,0,0,0,0,0,0,0,0,0,0,eat
0.4674433469772339,0.7919554710388184,-3.0961345487412473e-07,0.44216418266296387,0.7199722528457642,0.013556772843003273,0.44495078921318054,0.6425626277923584,0.016646981239318848,0.4610929787158966,0.5745764970779419,0.018452608957886696,0.48037758469581604,0.5387535095214844,0.022398807108402252,0.43320125341415405,0.5737674832344055,-0.004202922340482473,0.4506058990955353,0.48053011298179626,-0.0022183600813150406,0.46101489663124084,0.500346839427948,0.007559961173683405,0.462990939617157,0.5284196138381958,0.016544217243790627,0.46265262365341187,0.5664734840393066,-0.011169498786330223,0.47428083419799805,0.45845741033554077,-0.009912168607115746,0.47858351469039917,0.48544466495513916,-0.0008533446816727519,0.4751220643520355,0.5225123763084412,0.007877443917095661,0.4929291903972626,0.5725897550582886,-0.014938678592443466,0.4979041516780853,0.4755231738090515,-0.011186584830284119,0.49864667654037476,0.50033038854599,0.0011586534092202783,0.49371781945228577,0.5303967595100403,0.009941400960087776,0.5173905491828918,0.5892385244369507,-0.016826657578349113,0.5154190063476562,0.5119622945785522,-0.007140272296965122,0.5120019912719727,0.5264280438423157,0.00829242542386055,0.5088143348693848,0.5485823750495911,0.020005956292152405,0,0,0,0,0,0,0,0,0,0,0,0,0,0,0,0,0,0,0,0,0,0,0,0,0,0,0,0,0,0,0,0,0,0,0,0,0,0,0,0,0,0,0,0,0,0,0,0,0,0,0,0,0,0,0,0,0,0,0,0,0,0,0,eat
0.45239341259002686,0.7829715013504028,-3.230010179322562e-07,0.4136522114276886,0.6979148983955383,0.02723737247288227,0.41201052069664,0.6222490072250366,0.03439079597592354,0.4320453703403473,0.5679558515548706,0.037248846143484116,0.4577064514160156,0.5406420826911926,0.041034046560525894,0.417290061712265,0.5672404766082764,0.0041319760493934155,0.4376124143600464,0.477502703666687,0.012314781546592712,0.4497886896133423,0.4934197962284088,0.028011895716190338,0.4508730173110962,0.5193848013877869,0.04055203124880791,0.45129457116127014,0.5621248483657837,-0.009251977317035198,0.4634983241558075,0.4623974561691284,-0.001412169891409576,0.4689861834049225,0.48005211353302,0.011761258356273174,0.4668024480342865,0.5107824206352234,0.021921075880527496,0.48486781120300293,0.5693587064743042,-0.017966488376259804,0.49073201417922974,0.4781363606452942,-0.007120325695723295,0.49027782678604126,0.49402615427970886,0.008369957096874714,0.48506253957748413,0.5182474851608276,0.017575183883309364,0.512833297252655,0.5878750681877136,-0.023800043389201164,0.5089807510375977,0.5091953277587891,-0.007278152275830507,0.5020719766616821,0.5166819095611572,0.011994403786957264,0.4971959888935089,0.5337789058685303,0.02534513548016548,0,0,0,0,0,0,0,0,0,0,0,0,0,0,0,0,0,0,0,0,0,0,0,0,0,0,0,0,0,0,0,0,0,0,0,0,0,0,0,0,0,0,0,0,0,0,0,0,0,0,0,0,0,0,0,0,0,0,0,0,0,0,0,eat
0.44108855724334717,0.7808023691177368,-3.1692360380475293e-07,0.39710715413093567,0.6927486658096313,0.02527916245162487,0.39492174983024597,0.613476574420929,0.03080574795603752,0.41890454292297363,0.5582346320152283,0.0313839390873909,0.4480263888835907,0.5308955907821655,0.03288983181118965,0.3902086019515991,0.568652868270874,0.004054752644151449,0.418708860874176,0.48345673084259033,0.0067307548597455025,0.4355723559856415,0.5004287958145142,0.017269112169742584,0.4388148784637451,0.5270862579345703,0.02682090923190117,0.4331875741481781,0.5675972700119019,-0.011410816572606564,0.44983312487602234,0.46568816900253296,-0.007325266487896442,0.4580225944519043,0.4881676733493805,0.00308781280182302,0.4555676281452179,0.5225422978401184,0.012019619345664978,0.4750981628894806,0.5765097737312317,-0.022914620116353035,0.48486578464508057,0.48084163665771484,-0.01609455980360508,0.4858696758747101,0.5032508373260498,-0.0010838189627975225,0.47986823320388794,0.5319591164588928,0.008910752832889557,0.5106908679008484,0.5951564311981201,-0.03181089088320732,0.5055484175682068,0.5118266940116882,-0.01906091533601284,0.4988645017147064,0.5246812105178833,0.00028630762244574726,0.4943076968193054,0.5458386540412903,0.014477921649813652,0,0,0,0,0,0,0,0,0,0,0,0,0,0,0,0,0,0,0,0,0,0,0,0,0,0,0,0,0,0,0,0,0,0,0,0,0,0,0,0,0,0,0,0,0,0,0,0,0,0,0,0,0,0,0,0,0,0,0,0,0,0,0,eat
0.4377962350845337,0.7762200832366943,-3.164114730225265e-07,0.3917580842971802,0.6878350377082825,0.021683432161808014,0.3908490836620331,0.6046396493911743,0.024417569860816002,0.418375164270401,0.5490540266036987,0.022901052609086037,0.44849804043769836,0.5220016837120056,0.02274690382182598,0.38773342967033386,0.5673607587814331,-0.0028763008303940296,0.41978365182876587,0.47646278142929077,-0.004443327896296978,0.428542822599411,0.4983288645744324,0.00359883694909513,0.42832958698272705,0.5293887257575989,0.012034748680889606,0.43104368448257446,0.5696392059326172,-0.018036309629678726,0.45175138115882874,0.460959792137146,-0.018321802839636803,0.453747421503067,0.4867510497570038,-0.007681811694055796,0.4500659704208374,0.5242247581481934,0.0025567933917045593,0.4734627604484558,0.5802846550941467,-0.029725858941674232,0.48685166239738464,0.479436457157135,-0.02550034038722515,0.48278099298477173,0.5026644468307495,-0.009094947017729282,0.4762614667415619,0.532220721244812,0.0028359279967844486,0.5095983743667603,0.600556492805481,-0.039214909076690674,0.5074166059494019,0.5134860277175903,-0.026400752365589142,0.498002827167511,0.5287103056907654,-0.005535767413675785,0.49354106187820435,0.5535414814949036,0.009869220666587353,0,0,0,0,0,0,0,0,0,0,0,0,0,0,0,0,0,0,0,0,0,0,0,0,0,0,0,0,0,0,0,0,0,0,0,0,0,0,0,0,0,0,0,0,0,0,0,0,0,0,0,0,0,0,0,0,0,0,0,0,0,0,0,eat
0.43819087743759155,0.7770549058914185,-3.2849843023541325e-07,0.39246129989624023,0.6901595592498779,0.02268131822347641,0.38916757702827454,0.6086018681526184,0.026756633073091507,0.41345980763435364,0.5518997311592102,0.026302587240934372,0.4428827166557312,0.5254784226417542,0.027361180633306503,0.38720521330833435,0.5670102834701538,0.0012485432671383023,0.41763508319854736,0.4788769781589508,0.0015056318370625377,0.42780300974845886,0.49882423877716064,0.010303213261067867,0.42735546827316284,0.5278738141059875,0.01907903142273426,0.4311181306838989,0.5684897303581238,-0.013744493015110493,0.45137158036231995,0.464578241109848,-0.011781935580074787,0.45547881722450256,0.48708808422088623,-0.0010267113102599978,0.4524703919887543,0.5208993554115295,0.008705081418156624,0.47341540455818176,0.5782017111778259,-0.02530176006257534,0.48668164014816284,0.4821718633174896,-0.01925230212509632,0.4845644235610962,0.5028842091560364,-0.0031180328223854303,0.4781913459300995,0.5297877788543701,0.008102207444608212,0.5092048048973083,0.5975984334945679,-0.03471528738737106,0.508492648601532,0.511936604976654,-0.020939357578754425,0.5009185075759888,0.5251032114028931,-0.00013476012099999934,0.4958019554615021,0.5479090809822083,0.015066621825098991,0,0,0,0,0,0,0,0,0,0,0,0,0,0,0,0,0,0,0,0,0,0,0,0,0,0,0,0,0,0,0,0,0,0,0,0,0,0,0,0,0,0,0,0,0,0,0,0,0,0,0,0,0,0,0,0,0,0,0,0,0,0,0,eat
0.4341433644294739,0.7728941440582275,-3.0912318038645026e-07,0.39038047194480896,0.6846492886543274,0.025691024959087372,0.3900145888328552,0.6056503653526306,0.03056742623448372,0.4174034893512726,0.5546863675117493,0.030636485666036606,0.4486815631389618,0.5316504836082458,0.03175988048315048,0.38329213857650757,0.562595784664154,0.0005352339358069003,0.4133516550064087,0.4790846109390259,0.0038717822171747684,0.4276190400123596,0.500336766242981,0.015841281041502953,0.4287576675415039,0.528959333896637,0.025958018377423286,0.4259411096572876,0.5628517270088196,-0.01615643873810768,0.44590994715690613,0.4590485692024231,-0.013146789744496346,0.4530802071094513,0.48530763387680054,-0.0012016658438369632,0.44929617643356323,0.5219876766204834,0.009188255295157433,0.4684351086616516,0.5736055374145508,-0.028621651232242584,0.48366227746009827,0.4763202369213104,-0.021401647478342056,0.4838602542877197,0.49959850311279297,-0.00466163968667388,0.4763208031654358,0.5284909009933472,0.006480693351477385,0.5048007965087891,0.5961018204689026,-0.03857596591114998,0.504553496837616,0.5139335989952087,-0.024492738768458366,0.4985257685184479,0.5273064374923706,-0.0036866609007120132,0.49335381388664246,0.5498028993606567,0.011256293393671513,0,0,0,0,0,0,0,0,0,0,0,0,0,0,0,0,0,0,0,0,0,0,0,0,0,0,0,0,0,0,0,0,0,0,0,0,0,0,0,0,0,0,0,0,0,0,0,0,0,0,0,0,0,0,0,0,0,0,0,0,0,0,0,eat
0.43318507075309753,0.7838535904884338,-2.91589230982936e-07,0.3919448256492615,0.6944519281387329,0.025087162852287292,0.38986822962760925,0.611929714679718,0.030844032764434814,0.413438081741333,0.5570603013038635,0.03212542459368706,0.4424472451210022,0.5304498076438904,0.03455645963549614,0.38467898964881897,0.5700094103813171,0.0013484484516084194,0.4146696925163269,0.48343923687934875,0.005682949908077717,0.4282401204109192,0.4959181249141693,0.01770075596868992,0.43035340309143066,0.5181947946548462,0.027627820149064064,0.4268641173839569,0.5715796947479248,-0.014036161825060844,0.4454199969768524,0.46867644786834717,-0.00871694553643465,0.4519380033016205,0.4854685664176941,0.0031905106734484434,0.45031461119651794,0.5146631598472595,0.012773227877914906,0.4683838188648224,0.5824742317199707,-0.02518400177359581,0.4833902418613434,0.48644769191741943,-0.016349786892533302,0.4818880259990692,0.501799464225769,-0.00046258745715022087,0.4743232727050781,0.5255835652351379,0.009536569006741047,0.5043575763702393,0.6034814119338989,-0.033924881368875504,0.5035831332206726,0.5215873122215271,-0.019676221534609795,0.49619847536087036,0.529672384262085,-0.000122012548672501,0.4908481538295746,0.5474124550819397,0.01383279263973236,0,0,0,0,0,0,0,0,0,0,0,0,0,0,0,0,0,0,0,0,0,0,0,0,0,0,0,0,0,0,0,0,0,0,0,0,0,0,0,0,0,0,0,0,0,0,0,0,0,0,0,0,0,0,0,0,0,0,0,0,0,0,0,eat
0.42970141768455505,0.7818740606307983,-3.0336761369653686e-07,0.3862764835357666,0.691584050655365,0.023179160431027412,0.3867281377315521,0.6106280088424683,0.026924872770905495,0.415007084608078,0.5571712255477905,0.026331981644034386,0.4467330574989319,0.5334318280220032,0.0267599206417799,0.3796270787715912,0.570076048374176,-0.0005046163569204509,0.4096016585826874,0.4891347289085388,0.0023691514506936073,0.42281320691108704,0.5089280009269714,0.012480681762099266,0.4234676659107208,0.5357168912887573,0.020832829177379608,0.4228251576423645,0.5714797973632812,-0.015828648582100868,0.44054940342903137,0.47071579098701477,-0.012380237691104412,0.44739100337028503,0.49280670285224915,-0.0026824104133993387,0.4445814788341522,0.5270261168479919,0.005474107339978218,0.4657069742679596,0.5821529030799866,-0.02705000527203083,0.4791971445083618,0.4875905513763428,-0.01949850283563137,0.4788290560245514,0.5056135058403015,-0.0050605651922523975,0.47124677896499634,0.5316268801689148,0.00396235566586256,0.5023153424263,0.6024237275123596,-0.035972341895103455,0.500598669052124,0.5241504907608032,-0.02259814366698265,0.4944591522216797,0.534227192401886,-0.0037634766194969416,0.4897829592227936,0.552661120891571,0.009557546116411686,0,0,0,0,0,0,0,0,0,0,0,0,0,0,0,0,0,0,0,0,0,0,0,0,0,0,0,0,0,0,0,0,0,0,0,0,0,0,0,0,0,0,0,0,0,0,0,0,0,0,0,0,0,0,0,0,0,0,0,0,0,0,0,eat
0.4218267500400543,0.7840803265571594,-3.0024787633919914e-07,0.37866005301475525,0.6964390277862549,0.02094491757452488,0.3757723569869995,0.6154369115829468,0.024237798526883125,0.40189221501350403,0.558073103427887,0.02329409494996071,0.4326874613761902,0.530491292476654,0.02386343665421009,0.36732667684555054,0.5751040577888489,0.0010124589316546917,0.39815351366996765,0.4927292764186859,0.0022197009529918432,0.4139339327812195,0.5136224031448364,0.01125942263752222,0.4142891764640808,0.5419793725013733,0.019566185772418976,0.41123369336128235,0.5744212865829468,-0.013476764783263206,0.4304872155189514,0.47353050112724304,-0.011250989511609077,0.4405768811702728,0.4962525963783264,-0.002252519829198718,0.4377729594707489,0.5312149524688721,0.005946450866758823,0.4542686939239502,0.5826378464698792,-0.02449122630059719,0.4658474028110504,0.4877871870994568,-0.018613021820783615,0.4688708782196045,0.5098718404769897,-0.003948070574551821,0.4624977707862854,0.5386812090873718,0.005968448705971241,0.49115049839019775,0.6011693477630615,-0.03343159332871437,0.4882763624191284,0.5207667350769043,-0.02141752280294895,0.48362115025520325,0.5342214107513428,-0.002311438787728548,0.47887033224105835,0.5555853843688965,0.01175160426646471,0,0,0,0,0,0,0,0,0,0,0,0,0,0,0,0,0,0,0,0,0,0,0,0,0,0,0,0,0,0,0,0,0,0,0,0,0,0,0,0,0,0,0,0,0,0,0,0,0,0,0,0,0,0,0,0,0,0,0,0,0,0,0,eat
0.4224029779434204,0.7831434011459351,-2.671821448529954e-07,0.3788805305957794,0.6999809741973877,0.02164379507303238,0.3740393817424774,0.6197223663330078,0.025064099580049515,0.39840826392173767,0.563995361328125,0.02380821853876114,0.42797404527664185,0.5381598472595215,0.02351970039308071,0.36777928471565247,0.5768319368362427,0.0008762372308410704,0.40063565969467163,0.4917181134223938,0.0009110104292631149,0.41593968868255615,0.5085223913192749,0.007924195379018784,0.4177170693874359,0.532808244228363,0.014602416194975376,0.4110206663608551,0.5753048658370972,-0.014552646316587925,0.4330476224422455,0.4729700982570648,-0.01264613401144743,0.4426954686641693,0.49360403418540955,-0.003904840210452676,0.4407608211040497,0.526343822479248,0.0038319879677146673,0.4542704224586487,0.5837019681930542,-0.026594066992402077,0.4708116352558136,0.49197202920913696,-0.019901929423213005,0.4730798304080963,0.5122212767601013,-0.00513085164129734,0.46636590361595154,0.5383589863777161,0.004341719672083855,0.4920271039009094,0.602802038192749,-0.03675322234630585,0.4941895604133606,0.5235357880592346,-0.023535801097750664,0.4892483055591583,0.5366362929344177,-0.003854770213365555,0.48332056403160095,0.5583840608596802,0.010200570337474346,0,0,0,0,0,0,0,0,0,0,0,0,0,0,0,0,0,0,0,0,0,0,0,0,0,0,0,0,0,0,0,0,0,0,0,0,0,0,0,0,0,0,0,0,0,0,0,0,0,0,0,0,0,0,0,0,0,0,0,0,0,0,0,eat
0.4193800687789917,0.7897024154663086,-2.6105325900971366e-07,0.3735744059085846,0.7048897743225098,0.02485150843858719,0.3696228265762329,0.6239688992500305,0.029456833377480507,0.39542335271835327,0.5650197267532349,0.03016764298081398,0.42617031931877136,0.5365123748779297,0.032134369015693665,0.3601680397987366,0.5852165222167969,-0.0060681928880512714,0.39438891410827637,0.4954342544078827,-0.0017585712485015392,0.4118655323982239,0.5127177238464355,0.012990144081413746,0.41444534063339233,0.5399265289306641,0.025280365720391273,0.4051552712917328,0.5837180614471436,-0.021494200453162193,0.4276160001754761,0.47320809960365295,-0.018488455563783646,0.4386402368545532,0.49296700954437256,-0.005110588390380144,0.4371606409549713,0.5262578129768372,0.006445333361625671,0.44922056794166565,0.5914948582649231,-0.0319744311273098,0.46501225233078003,0.486188143491745,-0.02506958693265915,0.46811264753341675,0.5056940913200378,-0.0069404779933393,0.4608810842037201,0.5333237051963806,0.005443860311061144,0.48676830530166626,0.6107841730117798,-0.039691582322120667,0.4864579439163208,0.5198343992233276,-0.02645258978009224,0.4815249443054199,0.5298892259597778,-0.005183790810406208,0.4755750000476837,0.5500556230545044,0.01044464111328125,0,0,0,0,0,0,0,0,0,0,0,0,0,0,0,0,0,0,0,0,0,0,0,0,0,0,0,0,0,0,0,0,0,0,0,0,0,0,0,0,0,0,0,0,0,0,0,0,0,0,0,0,0,0,0,0,0,0,0,0,0,0,0,eat
0.41909340023994446,0.7865958213806152,-1.9573580800624768e-07,0.37320733070373535,0.6986243724822998,0.018443893641233444,0.3715045154094696,0.6133965253829956,0.02003171108663082,0.400078684091568,0.5509727001190186,0.01844238117337227,0.4312172830104828,0.5195564031600952,0.018411703407764435,0.3628821074962616,0.5823701024055481,-0.007573109585791826,0.39833417534828186,0.48751211166381836,-0.008535967208445072,0.41376808285713196,0.4970439672470093,-0.00026719828019849956,0.417602002620697,0.5185099840164185,0.007817985489964485,0.40813159942626953,0.5832729935646057,-0.02083778753876686,0.42878615856170654,0.4705769419670105,-0.021272260695695877,0.43709704279899597,0.48507624864578247,-0.011999770067632198,0.4361612796783447,0.5152366757392883,-0.0030408967286348343,0.45258209109306335,0.5916447043418884,-0.030340686440467834,0.467160165309906,0.4911082684993744,-0.025594018399715424,0.46656107902526855,0.5054600238800049,-0.010256712324917316,0.4587397575378418,0.529426634311676,0.0006259920191951096,0.4907761812210083,0.6090874075889587,-0.03789883852005005,0.4878055155277252,0.5246481895446777,-0.025585442781448364,0.47918909788131714,0.5301681160926819,-0.00627663591876626,0.4720790982246399,0.5464451313018799,0.008057414554059505,0,0,0,0,0,0,0,0,0,0,0,0,0,0,0,0,0,0,0,0,0,0,0,0,0,0,0,0,0,0,0,0,0,0,0,0,0,0,0,0,0,0,0,0,0,0,0,0,0,0,0,0,0,0,0,0,0,0,0,0,0,0,0,eat
0.41985100507736206,0.7808785438537598,-2.079725618386874e-07,0.3774033188819885,0.6897463202476501,0.023577235639095306,0.3784005343914032,0.6091268658638,0.026974216103553772,0.4067592918872833,0.5510252714157104,0.025661146268248558,0.43688100576400757,0.5209585428237915,0.025208771228790283,0.3666820228099823,0.5708375573158264,0.001468914677388966,0.3998294472694397,0.48460841178894043,0.0039565968327224255,0.4183272123336792,0.4936463236808777,0.012526490725576878,0.42304572463035583,0.5119261741638184,0.019454946741461754,0.4093954563140869,0.5696203708648682,-0.014770579524338245,0.4310780465602875,0.4690589904785156,-0.010709341615438461,0.4423525929450989,0.4825536906719208,-0.002331059891730547,0.440726637840271,0.5099115967750549,0.004123706836253405,0.4522467255592346,0.5782674551010132,-0.02707371860742569,0.4688728153705597,0.4891135096549988,-0.017856672406196594,0.47095170617103577,0.5023229122161865,-0.0035765161737799644,0.4628346562385559,0.5243631601333618,0.004334837663918734,0.4902222156524658,0.5967313051223755,-0.03740929439663887,0.48925355076789856,0.5221680402755737,-0.02329367585480213,0.4832897186279297,0.527705729007721,-0.004783268552273512,0.4764660596847534,0.5428844094276428,0.007939903065562248,0,0,0,0,0,0,0,0,0,0,0,0,0,0,0,0,0,0,0,0,0,0,0,0,0,0,0,0,0,0,0,0,0,0,0,0,0,0,0,0,0,0,0,0,0,0,0,0,0,0,0,0,0,0,0,0,0,0,0,0,0,0,0,eat
0.42227989435195923,0.7772886753082275,-2.784780122055963e-07,0.3778529465198517,0.690535306930542,0.022507162764668465,0.3752882778644562,0.61170494556427,0.02585519477725029,0.40024250745773315,0.5567333102226257,0.024811843410134315,0.42951294779777527,0.5299264192581177,0.02488107793033123,0.3673423230648041,0.5710076093673706,-0.0011667006183415651,0.3991346061229706,0.4857546091079712,-0.00013546613627113402,0.4132929742336273,0.5035802125930786,0.009014599956572056,0.4143344461917877,0.5281809568405151,0.017038457095623016,0.4101048707962036,0.5695810317993164,-0.01698523759841919,0.43155959248542786,0.46582263708114624,-0.015778563916683197,0.4402536153793335,0.4872538447380066,-0.006033097859472036,0.43734970688819885,0.5200464129447937,0.002816065913066268,0.4529930651187897,0.5782999396324158,-0.029069967567920685,0.4687071442604065,0.4837419390678406,-0.023199833929538727,0.4697328209877014,0.5017032027244568,-0.008218476548790932,0.46206462383270264,0.5266875624656677,0.001869221217930317,0.4903720021247864,0.5980128645896912,-0.039007529616355896,0.48890769481658936,0.5174187421798706,-0.026859259232878685,0.4826846122741699,0.5255367755889893,-0.007952781394124031,0.4762372672557831,0.5435500144958496,0.005950859747827053,0,0,0,0,0,0,0,0,0,0,0,0,0,0,0,0,0,0,0,0,0,0,0,0,0,0,0,0,0,0,0,0,0,0,0,0,0,0,0,0,0,0,0,0,0,0,0,0,0,0,0,0,0,0,0,0,0,0,0,0,0,0,0,eat
0.4229033291339874,0.7806522250175476,-2.291588145908463e-07,0.37914013862609863,0.6969094276428223,0.026349492371082306,0.375655859708786,0.6200021505355835,0.032010700553655624,0.3993559181690216,0.5643979907035828,0.03281938284635544,0.42868572473526,0.5381358861923218,0.034137316048145294,0.36767131090164185,0.5749638676643372,0.002113452646881342,0.4003894627094269,0.48942553997039795,0.00680337380617857,0.4177384078502655,0.497918963432312,0.018533214926719666,0.4215584695339203,0.5168018937110901,0.02793242037296295,0.4098568856716156,0.5723390579223633,-0.014222919940948486,0.4307266175746918,0.4696827828884125,-0.008653152734041214,0.44224268198013306,0.48100563883781433,0.002640704158693552,0.443116694688797,0.5067636966705322,0.011532103642821312,0.45270097255706787,0.5810474157333374,-0.026219455525279045,0.46951863169670105,0.4869813024997711,-0.01664084568619728,0.47216784954071045,0.49721619486808777,-0.0009717826615087688,0.46599557995796204,0.5155625343322754,0.008358310908079147,0.49086815118789673,0.601345956325531,-0.03575542941689491,0.49122586846351624,0.5229468941688538,-0.020810185000300407,0.4852698743343353,0.5286226272583008,-0.00089180504437536,0.4787180423736572,0.5434954762458801,0.013025443069636822,0,0,0,0,0,0,0,0,0,0,0,0,0,0,0,0,0,0,0,0,0,0,0,0,0,0,0,0,0,0,0,0,0,0,0,0,0,0,0,0,0,0,0,0,0,0,0,0,0,0,0,0,0,0,0,0,0,0,0,0,0,0,0,eat
0.42829662561416626,0.7818703055381775,-2.2477058791992022e-07,0.3804534375667572,0.6983160972595215,0.019922316074371338,0.3783874213695526,0.6128680109977722,0.022680891677737236,0.4077598750591278,0.5528423190116882,0.021881820634007454,0.4394853413105011,0.524093508720398,0.02240002527832985,0.3706835210323334,0.576479434967041,-0.004889591597020626,0.405631959438324,0.47857552766799927,-0.005946088116616011,0.41866105794906616,0.49050116539001465,0.0019411412067711353,0.4209175407886505,0.5141609311103821,0.010133422911167145,0.4164128601551056,0.5775309801101685,-0.0184062197804451,0.4373634159564972,0.46503549814224243,-0.018464207649230957,0.4432905614376068,0.48344141244888306,-0.009031527675688267,0.4408887028694153,0.5156789422035217,0.00037182302912697196,0.4609728157520294,0.586647629737854,-0.028255369514226913,0.474357932806015,0.4851733446121216,-0.022857092320919037,0.47206050157546997,0.5016932487487793,-0.007409143727272749,0.46391114592552185,0.5272407531738281,0.0037006649654358625,0.49910733103752136,0.6049814820289612,-0.03601791709661484,0.4941096901893616,0.5197981595993042,-0.02241300605237484,0.48495814204216003,0.5271708965301514,-0.00239192065782845,0.47873252630233765,0.5449653267860413,0.012389179319143295,0,0,0,0,0,0,0,0,0,0,0,0,0,0,0,0,0,0,0,0,0,0,0,0,0,0,0,0,0,0,0,0,0,0,0,0,0,0,0,0,0,0,0,0,0,0,0,0,0,0,0,0,0,0,0,0,0,0,0,0,0,0,0,eat
0.4276086986064911,0.7859663367271423,-2.4531635745006497e-07,0.3826311230659485,0.6990216970443726,0.023982718586921692,0.37850308418273926,0.6183943152427673,0.02786647528409958,0.4050402045249939,0.5621494054794312,0.027033783495426178,0.43691951036453247,0.537298321723938,0.027097715064883232,0.3729538321495056,0.5793755650520325,-0.0010459296172484756,0.4051373302936554,0.4829251170158386,-0.0015733811305835843,0.4193083941936493,0.4938047528266907,0.006288484204560518,0.42166751623153687,0.5164464712142944,0.014250838197767735,0.417505145072937,0.5788058638572693,-0.01672162115573883,0.4378560483455658,0.468530535697937,-0.01466737687587738,0.4450496435165405,0.4836880564689636,-0.004798781126737595,0.443116158246994,0.5130508542060852,0.003913779743015766,0.46099260449409485,0.587471067905426,-0.028550224378705025,0.4751904010772705,0.48750633001327515,-0.02152050845324993,0.47423943877220154,0.5016971826553345,-0.0061192321591079235,0.4659452736377716,0.524732768535614,0.00413507642224431,0.49889060854911804,0.6058739423751831,-0.03810811787843704,0.49588698148727417,0.5212276577949524,-0.024592043831944466,0.48741984367370605,0.5251019597053528,-0.005229921080172062,0.479719877243042,0.5386187434196472,0.008910514414310455,0,0,0,0,0,0,0,0,0,0,0,0,0,0,0,0,0,0,0,0,0,0,0,0,0,0,0,0,0,0,0,0,0,0,0,0,0,0,0,0,0,0,0,0,0,0,0,0,0,0,0,0,0,0,0,0,0,0,0,0,0,0,0,eat
0.4288942515850067,0.7837295532226562,-2.335592910185369e-07,0.38277629017829895,0.6992550492286682,0.023968154564499855,0.3783426880836487,0.6176055073738098,0.02861553616821766,0.40376996994018555,0.5602819919586182,0.029017942026257515,0.4334671199321747,0.5336588621139526,0.030243242159485817,0.37425076961517334,0.5790040493011475,-0.0029609808698296547,0.40611761808395386,0.4834452271461487,-0.0019090382847934961,0.4205034375190735,0.4925304055213928,0.008062826469540596,0.4241727888584137,0.5144299864768982,0.017423108220100403,0.41880089044570923,0.5786998271942139,-0.017943959683179855,0.43843117356300354,0.4668594002723694,-0.01635899767279625,0.44532984495162964,0.4830397665500641,-0.00538966478779912,0.4439646005630493,0.5131325125694275,0.004633848089724779,0.46211668848991394,0.587344765663147,-0.0287177711725235,0.4764779508113861,0.485873818397522,-0.02239670604467392,0.4747369885444641,0.5017359256744385,-0.006042639724910259,0.4668229818344116,0.5257715582847595,0.005337811540812254,0.4991024434566498,0.6058048605918884,-0.037038348615169525,0.49669888615608215,0.5199229121208191,-0.023378701880574226,0.4880443215370178,0.5272864699363708,-0.0030341604724526405,0.48114314675331116,0.5446044206619263,0.01197320967912674,0,0,0,0,0,0,0,0,0,0,0,0,0,0,0,0,0,0,0,0,0,0,0,0,0,0,0,0,0,0,0,0,0,0,0,0,0,0,0,0,0,0,0,0,0,0,0,0,0,0,0,0,0,0,0,0,0,0,0,0,0,0,0,eat
0.42783886194229126,0.7841871380805969,-2.2972609770022245e-07,0.385487824678421,0.6988683342933655,0.025062546133995056,0.3831101953983307,0.6189035773277283,0.030918119475245476,0.40826714038848877,0.5637756586074829,0.03204062581062317,0.43827709555625916,0.5398684144020081,0.03391164541244507,0.37442710995674133,0.57598477602005,0.004338005091995001,0.40652576088905334,0.48977458477020264,0.007970532402396202,0.42242828011512756,0.4991682171821594,0.018275786191225052,0.4268046021461487,0.5182300806045532,0.026924321427941322,0.4172717332839966,0.5746863484382629,-0.011220227926969528,0.43579569458961487,0.4688678979873657,-0.00871463492512703,0.4453393220901489,0.4813726544380188,0.0008560118149034679,0.4459652006626129,0.5083342790603638,0.009990237653255463,0.45984408259391785,0.5833497643470764,-0.02273941971361637,0.473319947719574,0.4866529405117035,-0.01596957817673683,0.4747832417488098,0.4979517459869385,-0.0010937049519270658,0.46817469596862793,0.5176481008529663,0.009455971419811249,0.49681347608566284,0.6025538444519043,-0.03184805437922478,0.49333563446998596,0.5212627053260803,-0.0181257426738739,0.4869763255119324,0.524328351020813,0.0013938858173787594,0.48095452785491943,0.5367543697357178,0.015976766124367714,0,0,0,0,0,0,0,0,0,0,0,0,0,0,0,0,0,0,0,0,0,0,0,0,0,0,0,0,0,0,0,0,0,0,0,0,0,0,0,0,0,0,0,0,0,0,0,0,0,0,0,0,0,0,0,0,0,0,0,0,0,0,0,eat
0.42799878120422363,0.7904104590415955,-2.916360699600773e-07,0.38436850905418396,0.7052253484725952,0.023119306191802025,0.3802831172943115,0.6224460601806641,0.02693319134414196,0.4062115550041199,0.5656664967536926,0.026154596358537674,0.437664270401001,0.5403413772583008,0.026479437947273254,0.3742469847202301,0.5837252736091614,-0.0019258457468822598,0.40615314245224,0.4881772994995117,-0.002778757829219103,0.41953492164611816,0.5035864114761353,0.005516654346138239,0.4215584993362427,0.5302864909172058,0.014027799479663372,0.4178565442562103,0.5831815600395203,-0.017226720228791237,0.43850982189178467,0.4714580178260803,-0.01614604890346527,0.4452393054962158,0.49149101972579956,-0.00595161272212863,0.44317466020584106,0.5247327089309692,0.0035701869055628777,0.46038690209388733,0.5914864540100098,-0.028760366141796112,0.47432076930999756,0.4897729158401489,-0.022391436621546745,0.4734969139099121,0.5085021257400513,-0.006636157166212797,0.4660228490829468,0.5353537797927856,0.004262844566255808,0.49716582894325256,0.6094727516174316,-0.03807899355888367,0.49371954798698425,0.5225699543952942,-0.024543175473809242,0.48546016216278076,0.5295482277870178,-0.0049404422752559185,0.47871944308280945,0.5460548996925354,0.009377414360642433,0,0,0,0,0,0,0,0,0,0,0,0,0,0,0,0,0,0,0,0,0,0,0,0,0,0,0,0,0,0,0,0,0,0,0,0,0,0,0,0,0,0,0,0,0,0,0,0,0,0,0,0,0,0,0,0,0,0,0,0,0,0,0,eat
0.43328049778938293,0.7947457432746887,-2.486849268734659e-07,0.38825175166130066,0.7075625061988831,0.02378799393773079,0.3851900100708008,0.6245253682136536,0.028197066858410835,0.4110317826271057,0.5661603808403015,0.02837672270834446,0.4426674544811249,0.5405533313751221,0.02933269925415516,0.3800278604030609,0.5848005414009094,-0.001784635940566659,0.4113195836544037,0.49134719371795654,0.0004256450047250837,0.4249110817909241,0.5013728141784668,0.010526265949010849,0.42853620648384094,0.5231642723083496,0.019599150866270065,0.4254304766654968,0.5851613879203796,-0.01626010797917843,0.4437961280345917,0.4760684669017792,-0.012483367696404457,0.449852854013443,0.4890490174293518,-0.0019103545928373933,0.4490583539009094,0.5175096392631531,0.007177563849836588,0.46884751319885254,0.594957172870636,-0.026421556249260902,0.4804989993572235,0.4966391324996948,-0.01764037273824215,0.47797295451164246,0.5082197785377502,-0.002167272614315152,0.47018370032310486,0.5300716161727905,0.007723136804997921,0.5057293772697449,0.6141909956932068,-0.03419578820466995,0.4998357892036438,0.5317745208740234,-0.019323555752635002,0.4900258481502533,0.5339014530181885,0.00017967046005651355,0.4831637442111969,0.5462061166763306,0.014183850958943367,0,0,0,0,0,0,0,0,0,0,0,0,0,0,0,0,0,0,0,0,0,0,0,0,0,0,0,0,0,0,0,0,0,0,0,0,0,0,0,0,0,0,0,0,0,0,0,0,0,0,0,0,0,0,0,0,0,0,0,0,0,0,0,eat
0.4347315728664398,0.7920799255371094,-2.60974701404848e-07,0.39131757616996765,0.7050179243087769,0.026392392814159393,0.3894517719745636,0.625602126121521,0.03228715434670448,0.4140191078186035,0.5725350379943848,0.03386738896369934,0.4441841244697571,0.5485690236091614,0.03640900179743767,0.3863970637321472,0.5837147235870361,0.0008631685050204396,0.4146673083305359,0.4953705668449402,0.006139653734862804,0.4270656406879425,0.5061816573143005,0.01921854540705681,0.42921027541160583,0.52690190076828,0.029875800013542175,0.4296858608722687,0.5834640860557556,-0.01449985709041357,0.44523465633392334,0.4752335548400879,-0.010369119234383106,0.4510965347290039,0.48940587043762207,0.0016007967060431838,0.449369877576828,0.5175513029098511,0.012004929594695568,0.47160786390304565,0.5934442281723022,-0.025194110348820686,0.4833703339099884,0.4956960082054138,-0.01647115871310234,0.480564147233963,0.5060738325119019,-0.00044765949132852256,0.47213315963745117,0.5255964994430542,0.010143890045583248,0.5072919130325317,0.6141286492347717,-0.0331886000931263,0.5031536221504211,0.5335224866867065,-0.01786264404654503,0.49355581402778625,0.5358584523200989,0.002183480653911829,0.4862334728240967,0.5487687587738037,0.016680195927619934,0,0,0,0,0,0,0,0,0,0,0,0,0,0,0,0,0,0,0,0,0,0,0,0,0,0,0,0,0,0,0,0,0,0,0,0,0,0,0,0,0,0,0,0,0,0,0,0,0,0,0,0,0,0,0,0,0,0,0,0,0,0,0,eat
0.4343000054359436,0.7905829548835754,-2.798839489059901e-07,0.3906761109828949,0.703052818775177,0.026005839928984642,0.38999783992767334,0.6243847012519836,0.031754057854413986,0.41692814230918884,0.5722512602806091,0.03257235512137413,0.4473283886909485,0.5480518937110901,0.034205056726932526,0.38470950722694397,0.5825837850570679,0.003949569072574377,0.41425102949142456,0.49565261602401733,0.007984667085111141,0.427240252494812,0.509707510471344,0.01899542286992073,0.4292947053909302,0.5329921245574951,0.02822568267583847,0.42769283056259155,0.5816916227340698,-0.012116894125938416,0.4445520043373108,0.4744405150413513,-0.008313307538628578,0.4509453773498535,0.49197444319725037,0.0020875982008874416,0.44919002056121826,0.5234748721122742,0.011242124252021313,0.4701620042324066,0.5912550091743469,-0.02403702400624752,0.4831955134868622,0.49213409423828125,-0.016390012577176094,0.48169031739234924,0.5087694525718689,-0.001516831456683576,0.47441238164901733,0.5335274934768677,0.008356042206287384,0.5066933035850525,0.611545979976654,-0.033412523567676544,0.5043378472328186,0.5303693413734436,-0.0194079726934433,0.49598491191864014,0.5387657880783081,-0.00022158953652251512,0.49016767740249634,0.5565996170043945,0.0136232515797019,0,0,0,0,0,0,0,0,0,0,0,0,0,0,0,0,0,0,0,0,0,0,0,0,0,0,0,0,0,0,0,0,0,0,0,0,0,0,0,0,0,0,0,0,0,0,0,0,0,0,0,0,0,0,0,0,0,0,0,0,0,0,0,eat
0.43267911672592163,0.795211911201477,-2.448657028253365e-07,0.38848942518234253,0.7091441750526428,0.02587197534739971,0.38757455348968506,0.6283561587333679,0.03210784122347832,0.4126957058906555,0.5712409615516663,0.03393348678946495,0.44230514764785767,0.5426076650619507,0.03695380315184593,0.38257044553756714,0.5844975709915161,0.003338335081934929,0.41113486886024475,0.4973170757293701,0.008618965744972229,0.42671912908554077,0.5100224018096924,0.021435312926769257,0.4308967888355255,0.5321829319000244,0.03213363513350487,0.4264535903930664,0.5845587253570557,-0.011730180121958256,0.4437516927719116,0.47839510440826416,-0.006676691118627787,0.4523637294769287,0.48928123712539673,0.004751170054078102,0.4529430568218231,0.5134936571121216,0.01463524904102087,0.46852147579193115,0.5943849682807922,-0.02240012399852276,0.482257604598999,0.497419148683548,-0.013687136583030224,0.482216477394104,0.5085765719413757,0.002432083012536168,0.47578102350234985,0.5272395014762878,0.013260570354759693,0.5041409134864807,0.6143630743026733,-0.030506664887070656,0.501787006855011,0.5328472256660461,-0.015057536773383617,0.4949135184288025,0.5370925664901733,0.005682826042175293,0.48994532227516174,0.5505689978599548,0.020840127021074295,0,0,0,0,0,0,0,0,0,0,0,0,0,0,0,0,0,0,0,0,0,0,0,0,0,0,0,0,0,0,0,0,0,0,0,0,0,0,0,0,0,0,0,0,0,0,0,0,0,0,0,0,0,0,0,0,0,0,0,0,0,0,0,eat
0.4347764849662781,0.8028650283813477,-2.992958343384089e-07,0.39113059639930725,0.7167560458183289,0.022893939167261124,0.38867875933647156,0.6305354833602905,0.02701677940785885,0.41474902629852295,0.5700618028640747,0.026960249990224838,0.4457974135875702,0.5414785146713257,0.028270116075873375,0.38368991017341614,0.591823399066925,-0.0023648906499147415,0.41410771012306213,0.4972326457500458,-0.0019387516658753157,0.42785322666168213,0.5136919021606445,0.007444191258400679,0.4303346574306488,0.5408291816711426,0.01639873906970024,0.4288899898529053,0.5918912887573242,-0.01730894111096859,0.447349488735199,0.4803849458694458,-0.015493755228817463,0.45421117544174194,0.498624324798584,-0.004946104250848293,0.45242565870285034,0.5304346680641174,0.004723004996776581,0.4726705253124237,0.6016164422035217,-0.028303276747465134,0.4854702949523926,0.5016053915023804,-0.02157026156783104,0.4841896593570709,0.5171729326248169,-0.005515079014003277,0.47652292251586914,0.5403682589530945,0.005365697201341391,0.5102288126945496,0.6213299632072449,-0.037034809589385986,0.5071249008178711,0.5376284122467041,-0.02308722585439682,0.49910038709640503,0.5444247126579285,-0.002894426928833127,0.4929030239582062,0.5607720613479614,0.011746354401111603,0,0,0,0,0,0,0,0,0,0,0,0,0,0,0,0,0,0,0,0,0,0,0,0,0,0,0,0,0,0,0,0,0,0,0,0,0,0,0,0,0,0,0,0,0,0,0,0,0,0,0,0,0,0,0,0,0,0,0,0,0,0,0,eat
0.44502881169319153,0.8070892691612244,-2.5318482244074403e-07,0.3991105854511261,0.7165704369544983,0.027201054617762566,0.39623039960861206,0.6310405135154724,0.03415026143193245,0.4207976460456848,0.5702735185623169,0.037175554782152176,0.45143041014671326,0.5414319038391113,0.04131884500384331,0.3981062173843384,0.5960173606872559,0.0006186687387526035,0.42352521419525146,0.4950495660305023,0.007199543062597513,0.43570709228515625,0.4982587695121765,0.022272557020187378,0.4391450583934784,0.5167742371559143,0.03509311378002167,0.4426853656768799,0.5985190272331238,-0.012896614149212837,0.4579167664051056,0.4862753450870514,-0.0057921945117414,0.4623124897480011,0.4959891438484192,0.007896884344518185,0.46166881918907166,0.5208536982536316,0.019190359860658646,0.48519420623779297,0.6100171208381653,-0.02146872505545616,0.4940800368785858,0.507229745388031,-0.010646676644682884,0.488723486661911,0.5128458738327026,0.005866272374987602,0.4808323085308075,0.5299497246742249,0.01651158183813095,0.5210082530975342,0.6309265494346619,-0.02707805298268795,0.5186582803726196,0.5425381660461426,-0.009823458269238472,0.5063315629959106,0.5402666330337524,0.0104884197935462,0.49781090021133423,0.5508028864860535,0.0249574426561594,0,0,0,0,0,0,0,0,0,0,0,0,0,0,0,0,0,0,0,0,0,0,0,0,0,0,0,0,0,0,0,0,0,0,0,0,0,0,0,0,0,0,0,0,0,0,0,0,0,0,0,0,0,0,0,0,0,0,0,0,0,0,0,eat
0.44576171040534973,0.8007133603096008,-2.9097017772983236e-07,0.3993197977542877,0.7132666110992432,0.025721313431859016,0.3986973762512207,0.630572497844696,0.030898738652467728,0.4245840013027191,0.5733315944671631,0.03165528550744057,0.45432665944099426,0.5440448522567749,0.03329500928521156,0.3977152109146118,0.5930506587028503,-0.0018452979857102036,0.4250180721282959,0.49553170800209045,0.00043050400563515723,0.43708035349845886,0.5106567144393921,0.012020589783787727,0.4395759701728821,0.5381002426147461,0.02279030717909336,0.4401318430900574,0.593814492225647,-0.017154810950160027,0.4570426642894745,0.4788588881492615,-0.014537991024553776,0.46179601550102234,0.499795138835907,-0.0024420381523668766,0.45937639474868774,0.5344337224960327,0.008631821721792221,0.4819420576095581,0.6046522855758667,-0.027984611690044403,0.4932776093482971,0.49851155281066895,-0.021919794380664825,0.4899054765701294,0.5181646943092346,-0.005598731804639101,0.48259392380714417,0.5464458465576172,0.006154545117169619,0.5172218680381775,0.6257318258285522,-0.03596581518650055,0.5159876346588135,0.5368992686271667,-0.02176353521645069,0.5063305497169495,0.5488207340240479,-0.0008595006656832993,0.5005297660827637,0.5725281238555908,0.014538915827870369,0,0,0,0,0,0,0,0,0,0,0,0,0,0,0,0,0,0,0,0,0,0,0,0,0,0,0,0,0,0,0,0,0,0,0,0,0,0,0,0,0,0,0,0,0,0,0,0,0,0,0,0,0,0,0,0,0,0,0,0,0,0,0,eat
0.44616714119911194,0.7969751358032227,-2.270173666829578e-07,0.4024517238140106,0.7102788686752319,0.03203870728611946,0.40005403757095337,0.6338261365890503,0.04117843881249428,0.42189645767211914,0.5815842747688293,0.04464011266827583,0.4509073793888092,0.5565022230148315,0.04827729985117912,0.4005545377731323,0.586976945400238,0.009349861182272434,0.42502856254577637,0.4982782006263733,0.018919507041573524,0.4408203959465027,0.5010148286819458,0.034910693764686584,0.44573354721069336,0.5159520506858826,0.047409869730472565,0.4419434368610382,0.5855534076690674,-0.007468256168067455,0.45610201358795166,0.4801451563835144,0.0015822561690583825,0.46427369117736816,0.4887186586856842,0.015592669136822224,0.46426069736480713,0.5102693438529968,0.026543915271759033,0.4825137257575989,0.5956770181655884,-0.019306600093841553,0.49476751685142517,0.49994879961013794,-0.007089100778102875,0.49390923976898193,0.5110132098197937,0.009925569407641888,0.48716428875923157,0.5291907787322998,0.02049265243113041,0.5168627500534058,0.617929220199585,-0.028061268851161003,0.5163953900337219,0.5368859767913818,-0.00962215568870306,0.5094887018203735,0.542198121547699,0.012159042060375214,0.5039368271827698,0.5586392879486084,0.027446815744042397,0,0,0,0,0,0,0,0,0,0,0,0,0,0,0,0,0,0,0,0,0,0,0,0,0,0,0,0,0,0,0,0,0,0,0,0,0,0,0,0,0,0,0,0,0,0,0,0,0,0,0,0,0,0,0,0,0,0,0,0,0,0,0,eat
0.44639700651168823,0.7992790937423706,-2.1701305286114803e-07,0.4017210304737091,0.7099847197532654,0.027814451605081558,0.40101614594459534,0.6304419040679932,0.03476220741868019,0.42662397027015686,0.5776577591896057,0.03674842044711113,0.4568341374397278,0.5521735548973083,0.03922217711806297,0.40020450949668884,0.5903000831604004,0.004253724589943886,0.42648932337760925,0.4989752769470215,0.010272051207721233,0.44282716512680054,0.5020992755889893,0.023335695266723633,0.4489867687225342,0.5194700360298157,0.03419515863060951,0.4420793056488037,0.5900075435638428,-0.011331047862768173,0.458834707736969,0.4838610887527466,-0.004737198818475008,0.4677182137966156,0.4930029809474945,0.007098481524735689,0.4688494801521301,0.5165033340454102,0.01670033484697342,0.4835089445114136,0.6008486747741699,-0.022346975281834602,0.49674028158187866,0.5008854866027832,-0.01312225591391325,0.49576589465141296,0.509277880191803,0.0019074069568887353,0.48939380049705505,0.5274519920349121,0.0116602573543787,0.5193437337875366,0.6226779818534851,-0.030513577163219452,0.5192462801933289,0.5366097092628479,-0.01564367488026619,0.5102290511131287,0.5372479557991028,0.003818417666479945,0.5031958222389221,0.5503003597259521,0.01796208880841732,0,0,0,0,0,0,0,0,0,0,0,0,0,0,0,0,0,0,0,0,0,0,0,0,0,0,0,0,0,0,0,0,0,0,0,0,0,0,0,0,0,0,0,0,0,0,0,0,0,0,0,0,0,0,0,0,0,0,0,0,0,0,0,eat
0.44966667890548706,0.804874062538147,-2.2406921118545142e-07,0.40196651220321655,0.7213433384895325,0.026997117325663567,0.4004482626914978,0.6371632218360901,0.03489411249756813,0.42461127042770386,0.5797501802444458,0.03842662647366524,0.452971875667572,0.5506928563117981,0.042712774127721786,0.4037454426288605,0.5940726399421692,0.004962218459695578,0.43039894104003906,0.49554452300071716,0.01144352275878191,0.4435531795024872,0.49666890501976013,0.02540256641805172,0.44879254698753357,0.5129926800727844,0.03735160082578659,0.44598010182380676,0.5940659642219543,-0.00905668642371893,0.4644961953163147,0.4834299087524414,-0.003123160917311907,0.469353049993515,0.49732184410095215,0.009981454350054264,0.4691360294818878,0.5245739817619324,0.021550796926021576,0.48734745383262634,0.6056405901908875,-0.018746202811598778,0.49984312057495117,0.5017260909080505,-0.01004430465400219,0.49593019485473633,0.5144252777099609,0.006152658257633448,0.4901810586452484,0.5366826057434082,0.017683425918221474,0.5224531888961792,0.6282148957252502,-0.025570426136255264,0.523371696472168,0.538791835308075,-0.008760658092796803,0.5124402642250061,0.5425695180892944,0.011986476369202137,0.5055464506149292,0.5597832202911377,0.027075866237282753,0,0,0,0,0,0,0,0,0,0,0,0,0,0,0,0,0,0,0,0,0,0,0,0,0,0,0,0,0,0,0,0,0,0,0,0,0,0,0,0,0,0,0,0,0,0,0,0,0,0,0,0,0,0,0,0,0,0,0,0,0,0,0,eat
0.4497641623020172,0.8073303699493408,-2.619453027818963e-07,0.40202924609184265,0.7217861413955688,0.02628611959517002,0.4010901153087616,0.6403818130493164,0.03265054151415825,0.4256436228752136,0.583649754524231,0.03434349223971367,0.4551713764667511,0.5555953979492188,0.03678659722208977,0.4037926495075226,0.5951104760169983,0.0036653385031968355,0.43056508898735046,0.4948952794075012,0.008572797290980816,0.4445440173149109,0.5036725401878357,0.02100193500518799,0.4487449526786804,0.5250329971313477,0.03188866376876831,0.444966197013855,0.5936837196350098,-0.01080829743295908,0.4643442630767822,0.4854188859462738,-0.004735621158033609,0.47085994482040405,0.5035926103591919,0.0076585812494158745,0.46989601850509644,0.5332797765731812,0.017969612032175064,0.48588138818740845,0.6042318344116211,-0.021101677790284157,0.49825572967529297,0.500909686088562,-0.012301105074584484,0.49683889746665955,0.518284022808075,0.003808230860158801,0.49139660596847534,0.5435715317726135,0.014600579626858234,0.5207126140594482,0.6261130571365356,-0.028670713305473328,0.5231519341468811,0.5363496541976929,-0.012773147784173489,0.5142980217933655,0.5440487265586853,0.00789107009768486,0.5078228116035461,0.563712477684021,0.022756708785891533,0,0,0,0,0,0,0,0,0,0,0,0,0,0,0,0,0,0,0,0,0,0,0,0,0,0,0,0,0,0,0,0,0,0,0,0,0,0,0,0,0,0,0,0,0,0,0,0,0,0,0,0,0,0,0,0,0,0,0,0,0,0,0,eat
0.44786033034324646,0.803432285785675,-2.7280481162961223e-07,0.4013362526893616,0.7147197723388672,0.029267895966768265,0.40037283301353455,0.6307883262634277,0.03672844544053078,0.424612820148468,0.5762292742729187,0.039106544107198715,0.45312756299972534,0.5491123795509338,0.042198244482278824,0.40355995297431946,0.5874006748199463,0.004719426389783621,0.42965570092201233,0.489706814289093,0.008825537748634815,0.43944650888442993,0.5005319714546204,0.02116924710571766,0.4420590102672577,0.5255856513977051,0.0323973074555397,0.44534987211227417,0.5883347988128662,-0.011377634480595589,0.461726576089859,0.4775646924972534,-0.006453396286815405,0.46272924542427063,0.4955272674560547,0.006792133674025536,0.45890310406684875,0.5282315611839294,0.01844671368598938,0.48528334498405457,0.600089967250824,-0.0230562724173069,0.4952963590621948,0.49916598200798035,-0.014225945807993412,0.4895016551017761,0.516413688659668,0.003117677988484502,0.48175400495529175,0.5426235795021057,0.015177466906607151,0.5186917185783386,0.6230409741401672,-0.03180382773280144,0.5174514055252075,0.5371683835983276,-0.014504536986351013,0.5073208808898926,0.5472937822341919,0.00765946926549077,0.5011699199676514,0.5700411796569824,0.02366984449326992,0,0,0,0,0,0,0,0,0,0,0,0,0,0,0,0,0,0,0,0,0,0,0,0,0,0,0,0,0,0,0,0,0,0,0,0,0,0,0,0,0,0,0,0,0,0,0,0,0,0,0,0,0,0,0,0,0,0,0,0,0,0,0,eat
0.44535061717033386,0.7929485440254211,-2.448238376473455e-07,0.39936280250549316,0.7066490650177002,0.028412077575922012,0.3989793062210083,0.6291928291320801,0.03505159169435501,0.4230347275733948,0.5751346349716187,0.03715542331337929,0.45183056592941284,0.5483842492103577,0.0396580845117569,0.4017762243747711,0.5816733241081238,-0.00038028930430300534,0.4262641668319702,0.4898016154766083,0.0057103754952549934,0.4412345290184021,0.4959248900413513,0.020218849182128906,0.44597575068473816,0.5146775841712952,0.03217866271734238,0.44408026337623596,0.5807120203971863,-0.015683697536587715,0.45698827505111694,0.47354981303215027,-0.009767104871571064,0.4621492624282837,0.4860605299472809,0.003914570901542902,0.4589996635913849,0.512875497341156,0.014876002445816994,0.4839291274547577,0.5909959673881531,-0.0258331336081028,0.49445801973342896,0.4930790066719055,-0.016446560621261597,0.4921843111515045,0.5062103271484375,0.0009227384580299258,0.48392680287361145,0.528694212436676,0.012117770500481129,0.516081690788269,0.6117103695869446,-0.03299928084015846,0.5136526823043823,0.5313222408294678,-0.01676669903099537,0.5068738460540771,0.5395745038986206,0.004776022396981716,0.5012575387954712,0.5591821074485779,0.020121604204177856,0,0,0,0,0,0,0,0,0,0,0,0,0,0,0,0,0,0,0,0,0,0,0,0,0,0,0,0,0,0,0,0,0,0,0,0,0,0,0,0,0,0,0,0,0,0,0,0,0,0,0,0,0,0,0,0,0,0,0,0,0,0,0,eat
0.44407594203948975,0.7917912006378174,-2.575646362856787e-07,0.3973510265350342,0.7053008675575256,0.028297951444983482,0.39621028304100037,0.6260182857513428,0.035598304122686386,0.42027023434638977,0.5712711215019226,0.03841374069452286,0.44902893900871277,0.5432555079460144,0.04187766835093498,0.39585408568382263,0.5817825198173523,0.002421916928142309,0.4238704442977905,0.49000251293182373,0.009153165854513645,0.43857541680336,0.49538227915763855,0.023930443450808525,0.4429275691509247,0.5141064524650574,0.036110300570726395,0.43953320384025574,0.5813135504722595,-0.012799400836229324,0.45599398016929626,0.47415775060653687,-0.006540704518556595,0.46135860681533813,0.48639488220214844,0.007122933864593506,0.45848768949508667,0.5131091475486755,0.018573686480522156,0.4812810719013214,0.5917643904685974,-0.023147664964199066,0.4931185841560364,0.49132058024406433,-0.014634552411735058,0.49052736163139343,0.5010994076728821,0.002248071599751711,0.4821036458015442,0.5207252502441406,0.01375417411327362,0.5164307951927185,0.6126765608787537,-0.030379263684153557,0.5135958790779114,0.5273807644844055,-0.015870865434408188,0.5052628517150879,0.5320872068405151,0.004916530568152666,0.49826779961586,0.5488309264183044,0.020321477204561234,0,0,0,0,0,0,0,0,0,0,0,0,0,0,0,0,0,0,0,0,0,0,0,0,0,0,0,0,0,0,0,0,0,0,0,0,0,0,0,0,0,0,0,0,0,0,0,0,0,0,0,0,0,0,0,0,0,0,0,0,0,0,0,eat
0.44517982006073,0.7916860580444336,-2.130876168848772e-07,0.3978215157985687,0.7086210250854492,0.029909050092101097,0.39578384160995483,0.6295850872993469,0.03859028220176697,0.4183017909526825,0.5758509039878845,0.04230232909321785,0.4471665918827057,0.5487138628959656,0.04625933989882469,0.3971700668334961,0.5816690921783447,0.005735769867897034,0.42533987760543823,0.4884803891181946,0.011960739269852638,0.4398438334465027,0.4854256808757782,0.025755081325769424,0.4452975392341614,0.49921277165412903,0.037581417709589005,0.4402112066745758,0.5816511511802673,-0.009838785976171494,0.45841318368911743,0.4760369658470154,-0.004136109258979559,0.46386224031448364,0.4858458936214447,0.00937474612146616,0.46261897683143616,0.510668158531189,0.021102145314216614,0.4813441336154938,0.5928467512130737,-0.020676342770457268,0.49518343806266785,0.4949895739555359,-0.011990324594080448,0.4920252859592438,0.5046701431274414,0.0055076731368899345,0.4846870005130768,0.5240029096603394,0.017835896462202072,0.5159161686897278,0.6148515343666077,-0.028393756598234177,0.5146600008010864,0.5297116637229919,-0.011713758111000061,0.5059165358543396,0.5347287654876709,0.010631187818944454,0.4995894730091095,0.5525320172309875,0.027086423709988594,0,0,0,0,0,0,0,0,0,0,0,0,0,0,0,0,0,0,0,0,0,0,0,0,0,0,0,0,0,0,0,0,0,0,0,0,0,0,0,0,0,0,0,0,0,0,0,0,0,0,0,0,0,0,0,0,0,0,0,0,0,0,0,eat
0.44454360008239746,0.7915545105934143,-2.3962965656210145e-07,0.39599138498306274,0.7065411806106567,0.025761451572179794,0.3952386975288391,0.6261842250823975,0.03177127614617348,0.4232335388660431,0.5745806694030762,0.03327426686882973,0.45402589440345764,0.5490122437477112,0.03539099171757698,0.3938353359699249,0.582452654838562,0.003221651539206505,0.4199487566947937,0.490204781293869,0.006767577491700649,0.43291476368904114,0.49619340896606445,0.017733566462993622,0.437522828578949,0.5165544152259827,0.02763935923576355,0.43781036138534546,0.5829563736915588,-0.011752390302717686,0.4517863988876343,0.4747362732887268,-0.008275716565549374,0.4551636576652527,0.4899316728115082,0.002967268228530884,0.4523085653781891,0.5202813744544983,0.013253347016870975,0.4799155294895172,0.5936864614486694,-0.022617673501372337,0.4910337030887604,0.49217525124549866,-0.016114357858896255,0.4867136478424072,0.5061101913452148,-0.0004930104478262365,0.4784204363822937,0.5299307703971863,0.010758144780993462,0.5153319835662842,0.6139646172523499,-0.030696678906679153,0.5110100507736206,0.528732180595398,-0.016469044610857964,0.5013824701309204,0.5371099710464478,0.00415321858599782,0.495320588350296,0.5567753314971924,0.019420694559812546,0,0,0,0,0,0,0,0,0,0,0,0,0,0,0,0,0,0,0,0,0,0,0,0,0,0,0,0,0,0,0,0,0,0,0,0,0,0,0,0,0,0,0,0,0,0,0,0,0,0,0,0,0,0,0,0,0,0,0,0,0,0,0,eat
0.4424269497394562,0.7866531610488892,-2.799857554691698e-07,0.3950846195220947,0.7037065625190735,0.02751370333135128,0.39451149106025696,0.6244527101516724,0.034425102174282074,0.4208514988422394,0.5735169053077698,0.037064045667648315,0.45140665769577026,0.5494599342346191,0.0403914712369442,0.3963979184627533,0.5793554782867432,0.00031085056252777576,0.41898223757743835,0.48957493901252747,0.005720597226172686,0.4292377233505249,0.5000206232070923,0.019879372790455818,0.43242090940475464,0.5219289660453796,0.03179106116294861,0.4388793110847473,0.5792656540870667,-0.014712152071297169,0.4526803195476532,0.46957898139953613,-0.01086132600903511,0.4550830125808716,0.48749062418937683,0.0028442160692065954,0.4524291157722473,0.5189433097839355,0.015036003664135933,0.47946301102638245,0.589854896068573,-0.025012442842125893,0.4909708797931671,0.48763880133628845,-0.017254872247576714,0.4852175712585449,0.5024444460868835,-0.0004988834261894226,0.47663283348083496,0.5267175436019897,0.011311985552310944,0.5126542448997498,0.6108120083808899,-0.03232511505484581,0.5093287825584412,0.528134822845459,-0.016766656190156937,0.49863287806510925,0.5345211029052734,0.0036240550689399242,0.4916805028915405,0.5521818399429321,0.01843036524951458,0,0,0,0,0,0,0,0,0,0,0,0,0,0,0,0,0,0,0,0,0,0,0,0,0,0,0,0,0,0,0,0,0,0,0,0,0,0,0,0,0,0,0,0,0,0,0,0,0,0,0,0,0,0,0,0,0,0,0,0,0,0,0,eat
0.43833041191101074,0.7886497378349304,-2.809227055422525e-07,0.39271607995033264,0.7008906006813049,0.026354806497693062,0.3932741582393646,0.6226325035095215,0.03253305330872536,0.4208700954914093,0.5732694864273071,0.03381217643618584,0.452800989151001,0.5515554547309875,0.035826925188302994,0.3916969895362854,0.5757482051849365,0.005989958066493273,0.41512155532836914,0.48962923884391785,0.010988593101501465,0.428975373506546,0.5009440183639526,0.0229918472468853,0.43198978900909424,0.5232967734336853,0.03322700783610344,0.43432217836380005,0.5753070116043091,-0.009764411486685276,0.4488288462162018,0.47058790922164917,-0.004159913398325443,0.4552854597568512,0.48588937520980835,0.007123234216123819,0.4529348313808441,0.5147643089294434,0.016907036304473877,0.47508516907691956,0.5856009721755981,-0.02150147221982479,0.48683083057403564,0.48860132694244385,-0.012698138132691383,0.4855336546897888,0.49976515769958496,0.001605629688128829,0.4775175452232361,0.5199472904205322,0.01110068615525961,0.5092435479164124,0.605659008026123,-0.03061516582965851,0.504463791847229,0.5237370729446411,-0.016895679756999016,0.49665501713752747,0.5255612134933472,0.0014113734941929579,0.48943978548049927,0.538018524646759,0.014932059682905674,0,0,0,0,0,0,0,0,0,0,0,0,0,0,0,0,0,0,0,0,0,0,0,0,0,0,0,0,0,0,0,0,0,0,0,0,0,0,0,0,0,0,0,0,0,0,0,0,0,0,0,0,0,0,0,0,0,0,0,0,0,0,0,eat
0.43880096077919006,0.7907150983810425,-2.202300635190113e-07,0.3937709927558899,0.702468752861023,0.028512323275208473,0.3947521150112152,0.6238130331039429,0.035961683839559555,0.42246681451797485,0.574816107749939,0.03832359239459038,0.45345503091812134,0.5516535043716431,0.041083041578531265,0.39230629801750183,0.5794060826301575,0.007990142330527306,0.41758570075035095,0.49025994539260864,0.014384057372808456,0.4306156039237976,0.49134111404418945,0.02685508131980896,0.43424859642982483,0.5065401792526245,0.037188805639743805,0.43472200632095337,0.5779821276664734,-0.00790722668170929,0.45015600323677063,0.47414928674697876,-0.0006916404818184674,0.45589736104011536,0.48201650381088257,0.01104532927274704,0.453791081905365,0.5052009224891663,0.020611435174942017,0.4754735827445984,0.5875189304351807,-0.019538672640919685,0.48918789625167847,0.48975253105163574,-0.009289087727665901,0.4863814115524292,0.4949398934841156,0.005656838417053223,0.4774443209171295,0.5108786821365356,0.01510054524987936,0.5099109411239624,0.607079029083252,-0.028371792286634445,0.5070311427116394,0.5255956053733826,-0.01273824367672205,0.49914878606796265,0.5263214707374573,0.00683550676330924,0.49271684885025024,0.5385174751281738,0.02085239812731743,0,0,0,0,0,0,0,0,0,0,0,0,0,0,0,0,0,0,0,0,0,0,0,0,0,0,0,0,0,0,0,0,0,0,0,0,0,0,0,0,0,0,0,0,0,0,0,0,0,0,0,0,0,0,0,0,0,0,0,0,0,0,0,eat
0.4379260838031769,0.7929273247718811,-2.578719033863308e-07,0.38982701301574707,0.7071687579154968,0.02476566471159458,0.3880518078804016,0.6287762522697449,0.02935260720551014,0.4146372675895691,0.5750795006752014,0.029761694371700287,0.4465063214302063,0.5498217940330505,0.03107975237071514,0.38349100947380066,0.5834463834762573,-0.0018764972919598222,0.40771034359931946,0.49272820353507996,0.0023885874543339014,0.4230300784111023,0.5055156946182251,0.01575772650539875,0.428178995847702,0.5298140645027161,0.027214180678129196,0.4286726117134094,0.5821141600608826,-0.016908297315239906,0.4451405107975006,0.47397351264953613,-0.01190025731921196,0.4526098668575287,0.4914986193180084,0.0007324228063225746,0.4516506791114807,0.5216864347457886,0.011403744108974934,0.47180166840553284,0.5920528173446655,-0.02746322751045227,0.4844302535057068,0.48978379368782043,-0.019430147483944893,0.4836733937263489,0.5040545463562012,-0.0032782184425741434,0.47694122791290283,0.5269543528556824,0.007518610917031765,0.5076520442962646,0.6125345230102539,-0.03529363498091698,0.5030863881111145,0.5276740789413452,-0.021388355642557144,0.49604350328445435,0.532767117023468,-0.0012647368712350726,0.4907008111476898,0.548343300819397,0.013513727113604546,0,0,0,0,0,0,0,0,0,0,0,0,0,0,0,0,0,0,0,0,0,0,0,0,0,0,0,0,0,0,0,0,0,0,0,0,0,0,0,0,0,0,0,0,0,0,0,0,0,0,0,0,0,0,0,0,0,0,0,0,0,0,0,eat
0.4359493851661682,0.7956827878952026,-2.1507317171653995e-07,0.3890518844127655,0.7077727317810059,0.025791551917791367,0.38963285088539124,0.627034068107605,0.03178553655743599,0.418613076210022,0.574103593826294,0.03412875533103943,0.4500897526741028,0.5495154857635498,0.03713914006948471,0.38845524191856384,0.5844760537147522,-0.0017513699131086469,0.4141797721385956,0.49133774638175964,0.0037926991935819387,0.42705947160720825,0.4935544431209564,0.016838273033499718,0.4312634766101837,0.510024905204773,0.027766160666942596,0.4335511028766632,0.58584064245224,-0.015369061380624771,0.4476694166660309,0.47776052355766296,-0.00904597993940115,0.4519646167755127,0.4846026301383972,0.0035855493042618036,0.4505060613155365,0.5071778893470764,0.013745776377618313,0.47609633207321167,0.5975494980812073,-0.024228712543845177,0.48855260014533997,0.4958589971065521,-0.01461788360029459,0.48265019059181213,0.4965103268623352,0.00027289832360111177,0.47272399067878723,0.5104960799217224,0.00985697191208601,0.5112138986587524,0.6188043355941772,-0.030146891251206398,0.5040481090545654,0.5366392731666565,-0.015117719769477844,0.4916455149650574,0.5301344990730286,0.003326902398839593,0.4828278720378876,0.5362852811813354,0.016730433329939842,0,0,0,0,0,0,0,0,0,0,0,0,0,0,0,0,0,0,0,0,0,0,0,0,0,0,0,0,0,0,0,0,0,0,0,0,0,0,0,0,0,0,0,0,0,0,0,0,0,0,0,0,0,0,0,0,0,0,0,0,0,0,0,eat
0.4376364052295685,0.793462872505188,-2.4501534312548756e-07,0.3918460011482239,0.7078296542167664,0.02610841952264309,0.39001035690307617,0.6293870806694031,0.03263867273926735,0.41463929414749146,0.5754993557929993,0.03476996719837189,0.4446428418159485,0.5496225953102112,0.037693604826927185,0.3882518708705902,0.5841731429100037,0.003910091705620289,0.412506639957428,0.4987078309059143,0.01068156585097313,0.4279061555862427,0.5065497756004333,0.024275589734315872,0.4323810935020447,0.525513231754303,0.035241059958934784,0.4315081536769867,0.581415057182312,-0.0108148492872715,0.44799569249153137,0.4781133234500885,-0.003996646031737328,0.45736828446388245,0.48958516120910645,0.008116815239191055,0.4567369222640991,0.5147368907928467,0.018063116818666458,0.47382646799087524,0.5910732746124268,-0.021205587312579155,0.4883807599544525,0.4921143651008606,-0.012112079188227654,0.4891718327999115,0.4980012774467468,0.002553897676989436,0.48213428258895874,0.5145466327667236,0.012021844275295734,0.5096680521965027,0.6128851175308228,-0.028799770399928093,0.5081864595413208,0.5331190228462219,-0.01463986188173294,0.5022939443588257,0.5331893563270569,0.00422941567376256,0.49605050683021545,0.5455845594406128,0.017999444156885147,0,0,0,0,0,0,0,0,0,0,0,0,0,0,0,0,0,0,0,0,0,0,0,0,0,0,0,0,0,0,0,0,0,0,0,0,0,0,0,0,0,0,0,0,0,0,0,0,0,0,0,0,0,0,0,0,0,0,0,0,0,0,0,eat
0.4361741840839386,0.7978690266609192,-2.2278540257048007e-07,0.39036887884140015,0.709429919719696,0.025927577167749405,0.3904775381088257,0.6291802525520325,0.03193196281790733,0.41735774278640747,0.5728126764297485,0.034334804862737656,0.4483151137828827,0.5456764101982117,0.03788335993885994,0.38788336515426636,0.5853700637817383,-0.0019291951321065426,0.41638582944869995,0.49736058712005615,0.005479871761053801,0.43204832077026367,0.5046982765197754,0.021054858341813087,0.4362128973007202,0.5231319069862366,0.033530984073877335,0.43266037106513977,0.5872843861579895,-0.01616884209215641,0.4498290717601776,0.48171088099479675,-0.009860346093773842,0.45807090401649475,0.490167498588562,0.003412405261769891,0.4579060673713684,0.5126058459281921,0.014376794919371605,0.4755401313304901,0.5991465449333191,-0.02534360997378826,0.4898023009300232,0.49973493814468384,-0.0164567269384861,0.48799601197242737,0.5045145153999329,-0.0002981554134748876,0.4797343909740448,0.5201120376586914,0.010621362365782261,0.5115251541137695,0.6210983395576477,-0.031520575284957886,0.5074156522750854,0.5359121561050415,-0.017172541469335556,0.49797534942626953,0.532654345035553,0.002673869486898184,0.4907672107219696,0.5418105125427246,0.01756494864821434,0,0,0,0,0,0,0,0,0,0,0,0,0,0,0,0,0,0,0,0,0,0,0,0,0,0,0,0,0,0,0,0,0,0,0,0,0,0,0,0,0,0,0,0,0,0,0,0,0,0,0,0,0,0,0,0,0,0,0,0,0,0,0,eat
0.4372251033782959,0.7981945276260376,-3.1084965712580015e-07,0.3917001187801361,0.7124494910240173,0.02588951773941517,0.38979923725128174,0.6311011910438538,0.031570449471473694,0.41619858145713806,0.5765888094902039,0.03284727409482002,0.447792649269104,0.5523050427436829,0.03496178612112999,0.38627684116363525,0.5861865878105164,-0.0010042908834293485,0.4148302972316742,0.49712759256362915,0.003009677166119218,0.42867255210876465,0.5140590667724609,0.015885984525084496,0.43019139766693115,0.5389697551727295,0.0268159918487072,0.4301944375038147,0.5860901474952698,-0.016966933384537697,0.4491112232208252,0.47607213258743286,-0.013838282786309719,0.4559868276119232,0.4998350143432617,-0.0015386968152597547,0.4521315395832062,0.534439206123352,0.009580472484230995,0.473563551902771,0.5969856381416321,-0.028414279222488403,0.48908519744873047,0.4929896593093872,-0.021782809868454933,0.4879976809024811,0.5116772651672363,-0.005663488991558552,0.47891464829444885,0.5381249189376831,0.005665051285177469,0.5096645355224609,0.6192908883094788,-0.037017226219177246,0.5084388256072998,0.5321352481842041,-0.024084677919745445,0.5011793971061707,0.5401710867881775,-0.004239110741764307,0.4940286874771118,0.5590561032295227,0.010525588877499104,0,0,0,0,0,0,0,0,0,0,0,0,0,0,0,0,0,0,0,0,0,0,0,0,0,0,0,0,0,0,0,0,0,0,0,0,0,0,0,0,0,0,0,0,0,0,0,0,0,0,0,0,0,0,0,0,0,0,0,0,0,0,0,eat
0.43607237935066223,0.795249342918396,-2.0858415439306555e-07,0.3903059959411621,0.7115752696990967,0.02745780162513256,0.3873540759086609,0.6316346526145935,0.03440885245800018,0.4117412269115448,0.5738734602928162,0.03712751343846321,0.4424235224723816,0.545608639717102,0.04020385071635246,0.3870004713535309,0.5873428583145142,0.00017034405027516186,0.4168209731578827,0.49202030897140503,0.005945517681539059,0.4319436848163605,0.49139460921287537,0.019986368715763092,0.43599963188171387,0.5056658983230591,0.03191651776432991,0.43079203367233276,0.5872286558151245,-0.014402695931494236,0.45002567768096924,0.4758949279785156,-0.009573688730597496,0.4582633674144745,0.486023485660553,0.0030634321738034487,0.4570251703262329,0.5108649134635925,0.014139438048005104,0.47322261333465576,0.5972229242324829,-0.02399999462068081,0.4890185594558716,0.4925416111946106,-0.0153728649020195,0.4873846173286438,0.49940067529678345,0.0007618507370352745,0.4783504605293274,0.5175351500511169,0.011834881268441677,0.5085175037384033,0.6171869039535522,-0.03052346222102642,0.5063286423683167,0.5298888683319092,-0.015959110110998154,0.4980897605419159,0.5279910564422607,0.003649358171969652,0.49026215076446533,0.5388270020484924,0.01832643523812294,0,0,0,0,0,0,0,0,0,0,0,0,0,0,0,0,0,0,0,0,0,0,0,0,0,0,0,0,0,0,0,0,0,0,0,0,0,0,0,0,0,0,0,0,0,0,0,0,0,0,0,0,0,0,0,0,0,0,0,0,0,0,0,eat
0.43619030714035034,0.7893735766410828,-2.7063859420195513e-07,0.3913947343826294,0.7046618461608887,0.0250337366014719,0.3887006342411041,0.6243427395820618,0.030756622552871704,0.41224172711372375,0.5675008893013,0.03242781385779381,0.4412509500980377,0.5392705798149109,0.034832291305065155,0.3882995843887329,0.5811751484870911,-0.0005186281050555408,0.41545674204826355,0.49330759048461914,0.0038510935846716166,0.4290229082107544,0.503851056098938,0.016031615436077118,0.4314195215702057,0.5239630937576294,0.02636028453707695,0.4312334656715393,0.5806857347488403,-0.015037483535706997,0.44944635033607483,0.4730755686759949,-0.011803759261965752,0.4560733139514923,0.49045512080192566,-0.00039347863639704883,0.45237991213798523,0.5212517976760864,0.009962817654013634,0.47301429510116577,0.5900497436523438,-0.02501624822616577,0.4888507127761841,0.4904426336288452,-0.01731817238032818,0.48696064949035645,0.5029110312461853,-0.0018513282993808389,0.4773169755935669,0.5254603028297424,0.008685392327606678,0.5077042579650879,0.610275149345398,-0.03228640556335449,0.5068696737289429,0.5290283560752869,-0.018031731247901917,0.49995261430740356,0.5341895818710327,0.0016075426246970892,0.49302002787590027,0.5513328313827515,0.016048485413193703,0,0,0,0,0,0,0,0,0,0,0,0,0,0,0,0,0,0,0,0,0,0,0,0,0,0,0,0,0,0,0,0,0,0,0,0,0,0,0,0,0,0,0,0,0,0,0,0,0,0,0,0,0,0,0,0,0,0,0,0,0,0,0,eat
0.43300536274909973,0.7857393622398376,-2.620839154587884e-07,0.3870460093021393,0.6984285116195679,0.023197753354907036,0.3853013813495636,0.6194065809249878,0.02668440341949463,0.41170504689216614,0.5638792514801025,0.02633087895810604,0.4430646598339081,0.5381132364273071,0.026870833709836006,0.3830784559249878,0.579984188079834,-0.006234307307749987,0.4096260070800781,0.49187150597572327,-0.0031432558316737413,0.42461133003234863,0.507258415222168,0.009539226070046425,0.42745041847229004,0.5331645607948303,0.020456301048398018,0.42675209045410156,0.5801373720169067,-0.020920835435390472,0.44455695152282715,0.47237682342529297,-0.017778856679797173,0.4528292715549469,0.4899267554283142,-0.00633569061756134,0.451454758644104,0.5210449695587158,0.00351364235393703,0.46957042813301086,0.5907275080680847,-0.03094617649912834,0.4855022430419922,0.4882476329803467,-0.024766424670815468,0.48423275351524353,0.5013892650604248,-0.009640634059906006,0.4757081866264343,0.524602472782135,0.0006024386966601014,0.5052276253700256,0.6115151643753052,-0.038254253566265106,0.5035697221755981,0.5272862315177917,-0.026544876396656036,0.4954702854156494,0.5311819911003113,-0.007860527373850346,0.4886990785598755,0.5465331077575684,0.006090572569519281,0,0,0,0,0,0,0,0,0,0,0,0,0,0,0,0,0,0,0,0,0,0,0,0,0,0,0,0,0,0,0,0,0,0,0,0,0,0,0,0,0,0,0,0,0,0,0,0,0,0,0,0,0,0,0,0,0,0,0,0,0,0,0,eat
0.4335353970527649,0.7840820550918579,-2.685756612663681e-07,0.3873635232448578,0.6989392042160034,0.022362517192959785,0.38538774847984314,0.619832456111908,0.026015521958470345,0.4111161530017853,0.5627472996711731,0.02637348510324955,0.4416874051094055,0.5364791750907898,0.02792300470173359,0.3835375905036926,0.579600989818573,-0.007500737905502319,0.41424959897994995,0.4908101260662079,-0.004407437983900309,0.4251940846443176,0.5051056146621704,0.00849729124456644,0.42560598254203796,0.5289855003356934,0.019500060006976128,0.4283566176891327,0.581078827381134,-0.021400215104222298,0.4478842318058014,0.4710516333580017,-0.01987023465335369,0.4523967206478119,0.48856526613235474,-0.007928204722702503,0.4492354989051819,0.519764244556427,0.002983612008392811,0.4716123342514038,0.591763436794281,-0.0306373443454504,0.4874574542045593,0.49018484354019165,-0.024625346064567566,0.48316866159439087,0.5034591555595398,-0.00859696976840496,0.4737389385700226,0.5270717740058899,0.0026976941153407097,0.5074477791786194,0.6127852201461792,-0.037272725254297256,0.5046572089195251,0.528511643409729,-0.024539224803447723,0.4947597086429596,0.5320752263069153,-0.005241378676146269,0.48774975538253784,0.5475667119026184,0.009180376306176186,0,0,0,0,0,0,0,0,0,0,0,0,0,0,0,0,0,0,0,0,0,0,0,0,0,0,0,0,0,0,0,0,0,0,0,0,0,0,0,0,0,0,0,0,0,0,0,0,0,0,0,0,0,0,0,0,0,0,0,0,0,0,0,eat
0.432943731546402,0.7872661352157593,-1.79267900080049e-07,0.3876492977142334,0.7029327750205994,0.024939749389886856,0.3855823874473572,0.6220239400863647,0.030237985774874687,0.41255271434783936,0.5659712553024292,0.031147658824920654,0.4429992139339447,0.5385217666625977,0.03244844079017639,0.3832833170890808,0.5834689140319824,-0.001301752170547843,0.41561487317085266,0.48655039072036743,0.0005655116401612759,0.4318873882293701,0.4848056435585022,0.010554919950664043,0.4367823302745819,0.49892812967300415,0.01982034742832184,0.42695537209510803,0.5833855867385864,-0.016154736280441284,0.44752851128578186,0.4720888137817383,-0.014049927704036236,0.4564456045627594,0.4832189381122589,-0.0035867798142135143,0.4551766514778137,0.509265661239624,0.006105166859924793,0.4700966775417328,0.5933855175971985,-0.02662983536720276,0.48673611879348755,0.4886930584907532,-0.020146071910858154,0.486522376537323,0.4972345232963562,-0.00443862471729517,0.47837355732917786,0.5165191888809204,0.006611818913370371,0.5069078207015991,0.6133819818496704,-0.03447626158595085,0.5066426396369934,0.5260511040687561,-0.021523674950003624,0.49936386942863464,0.5257042646408081,-0.0020345288794487715,0.4920600354671478,0.537659227848053,0.01267850212752819,0,0,0,0,0,0,0,0,0,0,0,0,0,0,0,0,0,0,0,0,0,0,0,0,0,0,0,0,0,0,0,0,0,0,0,0,0,0,0,0,0,0,0,0,0,0,0,0,0,0,0,0,0,0,0,0,0,0,0,0,0,0,0,eat
0.4388267695903778,0.7881324291229248,-2.4977344992294093e-07,0.39393362402915955,0.7031959891319275,0.026813071221113205,0.3929261267185211,0.6228258609771729,0.03372810035943985,0.4177255630493164,0.5677594542503357,0.03629789873957634,0.4478690028190613,0.5433663129806519,0.03937489911913872,0.3903300166130066,0.5773857831954956,0.002905239351093769,0.41971778869628906,0.4882104694843292,0.00923943892121315,0.43349823355674744,0.4939301609992981,0.022261017933487892,0.4366477131843567,0.5117589235305786,0.03294388949871063,0.4348117411136627,0.5778976678848267,-0.011664170771837234,0.4533939063549042,0.47546377778053284,-0.0046504042111337185,0.4595378637313843,0.48750534653663635,0.007017255295068026,0.45750486850738525,0.5128770470619202,0.01633686013519764,0.4776385724544525,0.5880036950111389,-0.02161526307463646,0.4913053512573242,0.4934222102165222,-0.010691065341234207,0.48828303813934326,0.5008341073989868,0.004029036033898592,0.47950658202171326,0.5183771252632141,0.012882668524980545,0.5134173631668091,0.6076407432556152,-0.028788944706320763,0.5080099701881409,0.5290619134902954,-0.012517565861344337,0.49824395775794983,0.530426025390625,0.006653524935245514,0.49077045917510986,0.5425721406936646,0.020130841061472893,0,0,0,0,0,0,0,0,0,0,0,0,0,0,0,0,0,0,0,0,0,0,0,0,0,0,0,0,0,0,0,0,0,0,0,0,0,0,0,0,0,0,0,0,0,0,0,0,0,0,0,0,0,0,0,0,0,0,0,0,0,0,0,eat
0.4400680959224701,0.7848475575447083,-1.8941622670354263e-07,0.3960464596748352,0.6990388035774231,0.02439326047897339,0.39638251066207886,0.6201786994934082,0.028870251029729843,0.4243648052215576,0.5668066143989563,0.029778357595205307,0.4558224678039551,0.5424577593803406,0.03118622861802578,0.3932094871997833,0.5800284147262573,-0.0047422368079423904,0.42338964343070984,0.48887085914611816,0.00015723421529401094,0.4395432770252228,0.4916727542877197,0.012838403694331646,0.44420626759529114,0.506852388381958,0.023242291063070297,0.4368216097354889,0.5810152292251587,-0.018725451081991196,0.45550772547721863,0.4737902879714966,-0.013381912373006344,0.4637971520423889,0.4853571355342865,-0.001386543270200491,0.461997389793396,0.5109968185424805,0.008316888473927975,0.479503870010376,0.592006266117096,-0.027830390259623528,0.49507710337638855,0.4934306740760803,-0.018414614722132683,0.4934905171394348,0.5004981756210327,-0.0031733207870274782,0.48405107855796814,0.5186246633529663,0.006266128271818161,0.515274167060852,0.612474799156189,-0.034206733107566833,0.5120569467544556,0.533286452293396,-0.019395390525460243,0.5038923621177673,0.5338619351387024,-0.0003426175971981138,0.49658554792404175,0.5456538200378418,0.013297789730131626,0,0,0,0,0,0,0,0,0,0,0,0,0,0,0,0,0,0,0,0,0,0,0,0,0,0,0,0,0,0,0,0,0,0,0,0,0,0,0,0,0,0,0,0,0,0,0,0,0,0,0,0,0,0,0,0,0,0,0,0,0,0,0,eat
0.43959343433380127,0.7842649817466736,-1.6574827554904914e-07,0.3957967162132263,0.699975311756134,0.02483614906668663,0.39568784832954407,0.6225125789642334,0.030019143596291542,0.42365762591362,0.5708798170089722,0.030934778973460197,0.4550914168357849,0.5470393300056458,0.03216176852583885,0.39157983660697937,0.5796041488647461,-5.907053855480626e-05,0.4216034412384033,0.4919177293777466,0.005518134217709303,0.4392441511154175,0.49408191442489624,0.017915498465299606,0.4455079138278961,0.5085484981536865,0.027935544028878212,0.4346681833267212,0.5783635377883911,-0.014678643085062504,0.4539506137371063,0.47349709272384644,-0.008367651142179966,0.46510449051856995,0.48211613297462463,0.0027986178174614906,0.4663439393043518,0.5055049657821655,0.011632031761109829,0.4772384464740753,0.5884460210800171,-0.024791598320007324,0.49343037605285645,0.4894501864910126,-0.015592208132147789,0.494442343711853,0.49731481075286865,-0.001244563260115683,0.48772862553596497,0.5154297947883606,0.007611055858433247,0.5136431455612183,0.6089843511581421,-0.03227587044239044,0.51318359375,0.5288169980049133,-0.018449611961841583,0.5068700909614563,0.5302155613899231,-3.007249688380398e-05,0.5009559988975525,0.5428467988967896,0.013302591629326344,0,0,0,0,0,0,0,0,0,0,0,0,0,0,0,0,0,0,0,0,0,0,0,0,0,0,0,0,0,0,0,0,0,0,0,0,0,0,0,0,0,0,0,0,0,0,0,0,0,0,0,0,0,0,0,0,0,0,0,0,0,0,0,eat
0.43949320912361145,0.7895284295082092,-2.3058304066125856e-07,0.39461416006088257,0.7024054527282715,0.01973392628133297,0.39556533098220825,0.6174378991127014,0.02236422710120678,0.42747989296913147,0.5595672726631165,0.022018400952219963,0.4600255489349365,0.5327929854393005,0.023200633004307747,0.390530526638031,0.5821961760520935,-0.008303939364850521,0.42464911937713623,0.488691508769989,-0.007060433272272348,0.4374719262123108,0.4998200833797455,0.003149916883558035,0.43963465094566345,0.5220653414726257,0.012302244082093239,0.4362330734729767,0.585266649723053,-0.021222246810793877,0.45820558071136475,0.47670137882232666,-0.019471053034067154,0.46395957469940186,0.4905003011226654,-0.009343503043055534,0.4616737365722656,0.5177977085113525,-0.0003139188338536769,0.4802267253398895,0.5961635708808899,-0.029935520142316818,0.49740442633628845,0.4958067536354065,-0.023944765329360962,0.4940970838069916,0.5051059722900391,-0.009361160919070244,0.48505523800849915,0.524776816368103,0.0005704673822037876,0.5172825455665588,0.6155306100845337,-0.03636876493692398,0.5160831212997437,0.5306766629219055,-0.024402683600783348,0.5052596926689148,0.5302374362945557,-0.006342157255858183,0.49718743562698364,0.5412350296974182,0.007104792166501284,0,0,0,0,0,0,0,0,0,0,0,0,0,0,0,0,0,0,0,0,0,0,0,0,0,0,0,0,0,0,0,0,0,0,0,0,0,0,0,0,0,0,0,0,0,0,0,0,0,0,0,0,0,0,0,0,0,0,0,0,0,0,0,eat
0.44585341215133667,0.7970288991928101,-1.5402225983507378e-07,0.3987652063369751,0.7093608379364014,0.019491447135806084,0.3981950283050537,0.6220144629478455,0.022358456626534462,0.4295232594013214,0.562366247177124,0.022321507334709167,0.4630035161972046,0.5340600609779358,0.023426374420523643,0.393879234790802,0.5920830965042114,-0.008660359308123589,0.4261269271373749,0.49147215485572815,-0.008713023737072945,0.44345003366470337,0.4901641607284546,0.00010164071136387065,0.4511728882789612,0.5065014362335205,0.008957924321293831,0.4404326379299164,0.594300389289856,-0.020732471719384193,0.46042847633361816,0.4809058904647827,-0.018539242446422577,0.46754181385040283,0.4892630875110626,-0.008956979028880596,0.46737924218177795,0.5140048265457153,-0.00040005246410146356,0.4853184223175049,0.6042343974113464,-0.02857957035303116,0.5003843903541565,0.4991743564605713,-0.021877871826291084,0.4967672526836395,0.5060407519340515,-0.007419993635267019,0.4883432686328888,0.5252137780189514,0.0022557347547262907,0.5233708620071411,0.6216843724250793,-0.034183699637651443,0.51907879114151,0.5363864898681641,-0.020836643874645233,0.5081095099449158,0.537034809589386,-0.001944959512911737,0.50106281042099,0.5499827265739441,0.011958873830735683,0,0,0,0,0,0,0,0,0,0,0,0,0,0,0,0,0,0,0,0,0,0,0,0,0,0,0,0,0,0,0,0,0,0,0,0,0,0,0,0,0,0,0,0,0,0,0,0,0,0,0,0,0,0,0,0,0,0,0,0,0,0,0,eat
0.4445175528526306,0.7971897125244141,-1.5887654569723964e-07,0.3991810083389282,0.7101907134056091,0.026765000075101852,0.3977164924144745,0.6279023885726929,0.033372413367033005,0.42458289861679077,0.5713229179382324,0.03599894419312477,0.4544435441493988,0.5443919897079468,0.038794443011283875,0.3965452015399933,0.5921533703804016,-0.0014464972773566842,0.4269731342792511,0.49539661407470703,0.002892684191465378,0.4434437155723572,0.4897119998931885,0.014857647940516472,0.4515080451965332,0.5014116764068604,0.025291377678513527,0.44189101457595825,0.594386637210846,-0.015611384995281696,0.4615705609321594,0.48388147354125977,-0.01070311013609171,0.4682234823703766,0.49026408791542053,0.0009128617239184678,0.46874624490737915,0.5124542713165283,0.010724031366407871,0.4855484962463379,0.6055288910865784,-0.024875076487660408,0.5021212100982666,0.501308798789978,-0.016268465667963028,0.4983300268650055,0.5050458908081055,-0.0009330267203040421,0.49036455154418945,0.5207192897796631,0.009184685535728931,0.5223860144615173,0.6251457929611206,-0.03114343248307705,0.5194684267044067,0.5396340489387512,-0.016216957941651344,0.5093591213226318,0.5372709631919861,0.0032178929541260004,0.5029175877571106,0.5469146370887756,0.017419759184122086,0,0,0,0,0,0,0,0,0,0,0,0,0,0,0,0,0,0,0,0,0,0,0,0,0,0,0,0,0,0,0,0,0,0,0,0,0,0,0,0,0,0,0,0,0,0,0,0,0,0,0,0,0,0,0,0,0,0,0,0,0,0,0,eat
0.4440538287162781,0.7954556345939636,-2.1445701747779822e-07,0.3998795449733734,0.709579586982727,0.024168191477656364,0.39883822202682495,0.6294225454330444,0.02934584580361843,0.42615917325019836,0.5761697292327881,0.029810316860675812,0.4574551582336426,0.5508261919021606,0.031077709048986435,0.3948446214199066,0.58497154712677,0.0038356685545295477,0.424671471118927,0.5010933876037598,0.0077482471242547035,0.4416036009788513,0.5105538964271545,0.018149718642234802,0.44693949818611145,0.5305253267288208,0.026896828785538673,0.43716591596603394,0.5839706659317017,-0.011366433463990688,0.458289235830307,0.4834553003311157,-0.00643665436655283,0.46858036518096924,0.4972693920135498,0.0038148369640111923,0.4685225188732147,0.523356556892395,0.012245440855622292,0.4793195128440857,0.5942537784576416,-0.022770777344703674,0.49694129824638367,0.4988868534564972,-0.015239808708429337,0.4980316460132599,0.5114992260932922,-0.0007663623546250165,0.4912686347961426,0.531620979309082,0.008555631153285503,0.5159006714820862,0.6155872941017151,-0.03184395655989647,0.5190534591674805,0.5361946821212769,-0.01907050423324108,0.512861967086792,0.542500376701355,-0.0002681083569768816,0.5065298080444336,0.5589843392372131,0.013468326069414616,0,0,0,0,0,0,0,0,0,0,0,0,0,0,0,0,0,0,0,0,0,0,0,0,0,0,0,0,0,0,0,0,0,0,0,0,0,0,0,0,0,0,0,0,0,0,0,0,0,0,0,0,0,0,0,0,0,0,0,0,0,0,0,eat
0.4437197148799896,0.794966459274292,-2.3276112415260286e-07,0.39971429109573364,0.7092344760894775,0.023407865315675735,0.39939233660697937,0.6291256546974182,0.02808443456888199,0.4281259775161743,0.576148509979248,0.028287051245570183,0.45926544070243835,0.5511869192123413,0.02922982908785343,0.3945562243461609,0.5867459774017334,0.001484305365011096,0.42534899711608887,0.5000453591346741,0.004811527673155069,0.44043242931365967,0.5099301338195801,0.014892234466969967,0.4440099596977234,0.5306791663169861,0.023459497839212418,0.437654972076416,0.5858423113822937,-0.01348886638879776,0.45848914980888367,0.4835854470729828,-0.008550680242478848,0.4667869210243225,0.49902811646461487,0.0013637105002999306,0.46530798077583313,0.527125358581543,0.00934895221143961,0.4804254174232483,0.5950372815132141,-0.024610180407762527,0.4965343475341797,0.4997698664665222,-0.016349896788597107,0.49598369002342224,0.5131968855857849,-0.002661231206730008,0.4886079728603363,0.5348297357559204,0.0056921676732599735,0.5171723961830139,0.6142826080322266,-0.03345179930329323,0.5167458653450012,0.535805344581604,-0.020489877089858055,0.509493350982666,0.5421416759490967,-0.002702330471947789,0.5032572150230408,0.5583221316337585,0.01005302183330059,0,0,0,0,0,0,0,0,0,0,0,0,0,0,0,0,0,0,0,0,0,0,0,0,0,0,0,0,0,0,0,0,0,0,0,0,0,0,0,0,0,0,0,0,0,0,0,0,0,0,0,0,0,0,0,0,0,0,0,0,0,0,0,eat
0.4400458037853241,0.8007540702819824,-2.0974711389953882e-07,0.39779338240623474,0.7114807963371277,0.027029020711779594,0.3983222544193268,0.6331251859664917,0.03335591033101082,0.4268360137939453,0.5808599591255188,0.03490796312689781,0.4578571021556854,0.5565648674964905,0.037049200385808945,0.39328861236572266,0.5923775434494019,0.003064279444515705,0.4240940511226654,0.5043928027153015,0.009021593257784843,0.4407999515533447,0.5101264715194702,0.02160468138754368,0.44548341631889343,0.5281286239624023,0.03178124129772186,0.43656808137893677,0.592771589756012,-0.012863695621490479,0.45683953166007996,0.48841607570648193,-0.006141237448900938,0.46716710925102234,0.49795836210250854,0.005139447282999754,0.46732205152511597,0.5215798616409302,0.013993878848850727,0.4794597327709198,0.603493332862854,-0.02426339127123356,0.49634063243865967,0.5055299997329712,-0.014600812457501888,0.4968830943107605,0.5136269330978394,0.00023285917995963246,0.4894523024559021,0.5310292840003967,0.009379593655467033,0.5165601372718811,0.6248083710670471,-0.032951802015304565,0.5160773396492004,0.5420042872428894,-0.018619364127516747,0.5089462399482727,0.5423010587692261,0.0002952039649244398,0.5025995969772339,0.5531814098358154,0.01387159712612629,0,0,0,0,0,0,0,0,0,0,0,0,0,0,0,0,0,0,0,0,0,0,0,0,0,0,0,0,0,0,0,0,0,0,0,0,0,0,0,0,0,0,0,0,0,0,0,0,0,0,0,0,0,0,0,0,0,0,0,0,0,0,0,eat
0.4382706880569458,0.8074468970298767,-2.3813694838281663e-07,0.39315134286880493,0.723192572593689,0.024020971730351448,0.3917762339115143,0.6419891119003296,0.028947502374649048,0.4197528064250946,0.5863515138626099,0.029492517933249474,0.45213162899017334,0.5613131523132324,0.03103979304432869,0.3854745328426361,0.5969974994659424,0.0006894367979839444,0.41544821858406067,0.5087005496025085,0.004116909112781286,0.4329617917537689,0.5198454856872559,0.015424818731844425,0.43820491433143616,0.5428988933563232,0.025463033467531204,0.43121954798698425,0.5970105528831482,-0.014194801449775696,0.452914297580719,0.4927207827568054,-0.009534130804240704,0.463314950466156,0.5075722932815552,0.0015212798025459051,0.46314072608947754,0.5355026721954346,0.01093420572578907,0.47574537992477417,0.6071048378944397,-0.025024333968758583,0.4924081265926361,0.5071243047714233,-0.017676563933491707,0.49386948347091675,0.5196396112442017,-0.0025110056158155203,0.487570196390152,0.5410101413726807,0.007759013678878546,0.5136675238609314,0.6269996762275696,-0.03331165388226509,0.5134851336479187,0.5407222509384155,-0.019632449373602867,0.5072774887084961,0.5462357401847839,0.00031341094290837646,0.5018088817596436,0.5624130368232727,0.014991271309554577,0,0,0,0,0,0,0,0,0,0,0,0,0,0,0,0,0,0,0,0,0,0,0,0,0,0,0,0,0,0,0,0,0,0,0,0,0,0,0,0,0,0,0,0,0,0,0,0,0,0,0,0,0,0,0,0,0,0,0,0,0,0,0,eat
0.43492764234542847,0.8061413764953613,-2.258642979313663e-07,0.3896489441394806,0.7208631038665771,0.02473686821758747,0.3882840871810913,0.6383510231971741,0.029148608446121216,0.4170096814632416,0.5831916928291321,0.029002271592617035,0.44893306493759155,0.5582658052444458,0.029473569244146347,0.38268494606018066,0.5954748392105103,-0.001368005876429379,0.4154987931251526,0.5031324625015259,-0.00018496204575058073,0.43222734332084656,0.5145916938781738,0.009645634330809116,0.43613967299461365,0.5388613343238831,0.019067030400037766,0.4269218444824219,0.5957971811294556,-0.017097413539886475,0.44907039403915405,0.485601544380188,-0.01565774716436863,0.45813214778900146,0.5048559308052063,-0.005351349711418152,0.4553319811820984,0.5381247997283936,0.004551011603325605,0.4705076217651367,0.6061684489250183,-0.02858988754451275,0.4882567226886749,0.5036321878433228,-0.022668303921818733,0.4888345003128052,0.5200777649879456,-0.007027782034128904,0.48001354932785034,0.5456433296203613,0.004187822341918945,0.5069983601570129,0.6271257996559143,-0.037431634962558746,0.50762939453125,0.5397345423698425,-0.02380477637052536,0.5016378164291382,0.5467743277549744,-0.0031992527656257153,0.49473538994789124,0.5654722452163696,0.012162035331130028,0,0,0,0,0,0,0,0,0,0,0,0,0,0,0,0,0,0,0,0,0,0,0,0,0,0,0,0,0,0,0,0,0,0,0,0,0,0,0,0,0,0,0,0,0,0,0,0,0,0,0,0,0,0,0,0,0,0,0,0,0,0,0,eat
0.4339045286178589,0.804227888584137,-2.414222990410053e-07,0.38979029655456543,0.7148503065109253,0.02336987666785717,0.3903762996196747,0.6347461342811584,0.027202196419239044,0.420281320810318,0.5807181596755981,0.026679769158363342,0.45247942209243774,0.5575094819068909,0.026957161724567413,0.3827381432056427,0.594523012638092,-0.0012505167396739125,0.41574323177337646,0.5059097409248352,0.001369620906189084,0.43096476793289185,0.5199508666992188,0.011144410818815231,0.4340541660785675,0.5429436564445496,0.019524792209267616,0.42686203122138977,0.594424307346344,-0.01641240529716015,0.44622093439102173,0.4863036274909973,-0.01318071223795414,0.4547952711582184,0.5020138025283813,-0.003709367709234357,0.4540874660015106,0.5317668318748474,0.004527643788605928,0.4702484607696533,0.6041860580444336,-0.027324771508574486,0.48554477095603943,0.5038613677024841,-0.02002500370144844,0.48521918058395386,0.5173051953315735,-0.005972235929220915,0.47722506523132324,0.5405159592628479,0.0031843832693994045,0.5072484612464905,0.6237601637840271,-0.035836026072502136,0.5055141448974609,0.5405219197273254,-0.022872397676110268,0.4974666237831116,0.5454527139663696,-0.004401304293423891,0.4904712736606598,0.5610567927360535,0.009074349887669086,0,0,0,0,0,0,0,0,0,0,0,0,0,0,0,0,0,0,0,0,0,0,0,0,0,0,0,0,0,0,0,0,0,0,0,0,0,0,0,0,0,0,0,0,0,0,0,0,0,0,0,0,0,0,0,0,0,0,0,0,0,0,0,eat
0.43423449993133545,0.8021063208580017,-2.6196860858362925e-07,0.38957417011260986,0.7142645120620728,0.024640770629048347,0.3886668086051941,0.635682225227356,0.029030635952949524,0.4174026846885681,0.5829444527626038,0.029096776619553566,0.44916409254074097,0.5604150295257568,0.02993091009557247,0.38339048624038696,0.5942932367324829,-0.0025087969843298197,0.4163317084312439,0.5043467283248901,0.00048394687473773956,0.43037521839141846,0.5177285075187683,0.011875078082084656,0.43224385380744934,0.5405995845794678,0.021647009998559952,0.4277520179748535,0.5953561067581177,-0.01787896640598774,0.4474160373210907,0.486727774143219,-0.015054211020469666,0.45467159152030945,0.5034061074256897,-0.003835907904431224,0.45272737741470337,0.533667266368866,0.006037316285073757,0.47127363085746765,0.6063040494918823,-0.028778865933418274,0.48641037940979004,0.5058344602584839,-0.02153071202337742,0.4852057099342346,0.5182271003723145,-0.005936950445175171,0.47671085596084595,0.5401865243911743,0.004563904833048582,0.5082871317863464,0.6276020407676697,-0.03707211837172508,0.5051615834236145,0.5422351956367493,-0.023587729781866074,0.49609842896461487,0.5449305176734924,-0.004072420299053192,0.48839643597602844,0.5585370063781738,0.010226750746369362,0,0,0,0,0,0,0,0,0,0,0,0,0,0,0,0,0,0,0,0,0,0,0,0,0,0,0,0,0,0,0,0,0,0,0,0,0,0,0,0,0,0,0,0,0,0,0,0,0,0,0,0,0,0,0,0,0,0,0,0,0,0,0,eat
0.431511789560318,0.7979199886322021,-2.490470762950281e-07,0.38812756538391113,0.7101889848709106,0.023289011791348457,0.38583070039749146,0.6312894821166992,0.02746708318591118,0.4121541678905487,0.5752383470535278,0.027440408244729042,0.44306519627571106,0.5505753755569458,0.028334345668554306,0.3787285089492798,0.5913122892379761,-0.0005006944411434233,0.4117848873138428,0.5097811222076416,0.0038453545421361923,0.4277369976043701,0.5247203707695007,0.01541483961045742,0.4300946593284607,0.5472116470336914,0.024705830961465836,0.4221557676792145,0.5906157493591309,-0.015473497100174427,0.4441626965999603,0.4880378246307373,-0.011547539383172989,0.45393672585487366,0.5035245418548584,-0.0010240646079182625,0.4527192711830139,0.532731294631958,0.00801143143326044,0.4651104211807251,0.599909782409668,-0.0262029767036438,0.48203563690185547,0.5055687427520752,-0.01865355484187603,0.4831788241863251,0.5173535346984863,-0.004093681462109089,0.47514671087265015,0.5379892587661743,0.005411225371062756,0.5020292401313782,0.6198688745498657,-0.034562595188617706,0.5026633739471436,0.5393249988555908,-0.02197226695716381,0.49640631675720215,0.543563187122345,-0.003454312216490507,0.489057719707489,0.5580626130104065,0.0101731326431036,0,0,0,0,0,0,0,0,0,0,0,0,0,0,0,0,0,0,0,0,0,0,0,0,0,0,0,0,0,0,0,0,0,0,0,0,0,0,0,0,0,0,0,0,0,0,0,0,0,0,0,0,0,0,0,0,0,0,0,0,0,0,0,eat
0.4243963956832886,0.8045618534088135,-2.740860338690254e-07,0.3803209364414215,0.7181277871131897,0.024365102872252464,0.378073513507843,0.6362897157669067,0.028852498158812523,0.40594610571861267,0.5778772234916687,0.029223348945379257,0.438059002161026,0.5511693954467773,0.03088175691664219,0.36766988039016724,0.5956910252571106,-0.0020050164312124252,0.4026165306568146,0.5092234015464783,0.002064557047560811,0.4191174805164337,0.526661217212677,0.015011676587164402,0.42098960280418396,0.5524986982345581,0.025766445323824883,0.41374027729034424,0.5948363542556763,-0.01747518964111805,0.43769970536231995,0.48694080114364624,-0.014558517374098301,0.44730716943740845,0.5065223574638367,-0.0028554806485772133,0.44494980573654175,0.5399718284606934,0.007775419391691685,0.4586775600910187,0.6036795973777771,-0.028469206765294075,0.4755939245223999,0.5010576844215393,-0.021620018407702446,0.47686755657196045,0.5156294107437134,-0.005652263760566711,0.46816736459732056,0.5391391515731812,0.0054070008918643,0.4972694218158722,0.6237736940383911,-0.03680124133825302,0.49697399139404297,0.5362695455551147,-0.024743039160966873,0.489703893661499,0.5393307209014893,-0.005762732122093439,0.48085975646972656,0.5527472496032715,0.008542693220078945,0,0,0,0,0,0,0,0,0,0,0,0,0,0,0,0,0,0,0,0,0,0,0,0,0,0,0,0,0,0,0,0,0,0,0,0,0,0,0,0,0,0,0,0,0,0,0,0,0,0,0,0,0,0,0,0,0,0,0,0,0,0,0,eat
0.4243498742580414,0.8051409721374512,-1.885825469116753e-07,0.3805544078350067,0.7170963287353516,0.025440026074647903,0.37716230750083923,0.6350789070129395,0.03019021451473236,0.4035952091217041,0.5773041844367981,0.030456505715847015,0.4341569244861603,0.5507754683494568,0.03163575008511543,0.36857903003692627,0.5955777168273926,-0.0023229203652590513,0.40456387400627136,0.5023178458213806,-0.0001718082494335249,0.4238610565662384,0.5121201276779175,0.010840874165296555,0.42906153202056885,0.5347813367843628,0.02074555493891239,0.41363126039505005,0.5956711769104004,-0.01840435527265072,0.436909943819046,0.4822584390640259,-0.01670186035335064,0.4491700232028961,0.49395620822906494,-0.005975101608783007,0.4495363235473633,0.5213899612426758,0.004099957644939423,0.458490788936615,0.6059096455574036,-0.029791153967380524,0.4759485721588135,0.5040537118911743,-0.02320883236825466,0.47865360975265503,0.5175851583480835,-0.006415774580091238,0.4707156717777252,0.5400339961051941,0.005506492219865322,0.4977348744869232,0.6277400255203247,-0.038524191826581955,0.49879398941993713,0.5397552251815796,-0.024285607039928436,0.4927626848220825,0.544479250907898,-0.0024944678880274296,0.4850783348083496,0.5605453252792358,0.013837951235473156,0,0,0,0,0,0,0,0,0,0,0,0,0,0,0,0,0,0,0,0,0,0,0,0,0,0,0,0,0,0,0,0,0,0,0,0,0,0,0,0,0,0,0,0,0,0,0,0,0,0,0,0,0,0,0,0,0,0,0,0,0,0,0,eat
0.42332905530929565,0.8078725337982178,-2.636563465330255e-07,0.37982413172721863,0.717218279838562,0.025266757234930992,0.377324640750885,0.6347968578338623,0.029525868594646454,0.40599995851516724,0.5779021382331848,0.02901352196931839,0.4384396970272064,0.5529333353042603,0.029500599950551987,0.36776167154312134,0.5953805446624756,-0.003477078163996339,0.4045615792274475,0.4992793798446655,-0.0023421081714332104,0.42175960540771484,0.5174691677093506,0.0082328449934721,0.42520880699157715,0.5465258955955505,0.017873598262667656,0.41391533613204956,0.5953434705734253,-0.01981305703520775,0.43771907687187195,0.48294922709465027,-0.016600051894783974,0.4469538927078247,0.5004556179046631,-0.005520171951502562,0.44601795077323914,0.5316718220710754,0.0037125812377780676,0.45935651659965515,0.6055340766906738,-0.031657684594392776,0.47550538182258606,0.5025975108146667,-0.02362031675875187,0.47602421045303345,0.5213538408279419,-0.006771453656256199,0.46819472312927246,0.5479468703269958,0.0040739309042692184,0.4989210367202759,0.6268848776817322,-0.04103568568825722,0.4966907501220703,0.5390474200248718,-0.026814352720975876,0.48869603872299194,0.5458201169967651,-0.0061543830670416355,0.4815956950187683,0.5620644688606262,0.008702188730239868,0,0,0,0,0,0,0,0,0,0,0,0,0,0,0,0,0,0,0,0,0,0,0,0,0,0,0,0,0,0,0,0,0,0,0,0,0,0,0,0,0,0,0,0,0,0,0,0,0,0,0,0,0,0,0,0,0,0,0,0,0,0,0,eat
0.42392125725746155,0.8108776807785034,-2.058814203564907e-07,0.3818916380405426,0.7192820906639099,0.027593886479735374,0.3792988061904907,0.6388310790061951,0.03307480365037918,0.4055919647216797,0.5832523107528687,0.03340132161974907,0.4374168813228607,0.5577625632286072,0.03437040001153946,0.3709108233451843,0.5969208478927612,0.001722330809570849,0.405716210603714,0.5056554079055786,0.005308012943714857,0.42551136016845703,0.51336270570755,0.01645737886428833,0.4307032823562622,0.532543420791626,0.02583944797515869,0.4149731397628784,0.5960419178009033,-0.015284856781363487,0.43899691104888916,0.4873228669166565,-0.010467657819390297,0.45252150297164917,0.49582362174987793,0.0002820056688506156,0.4533942937850952,0.5193867087364197,0.009008949622511864,0.4588903486728668,0.6060373187065125,-0.02764812856912613,0.4763464331626892,0.5064554810523987,-0.018384724855422974,0.47991302609443665,0.5150217413902283,-0.0023977025412023067,0.4724830389022827,0.5328739285469055,0.007515008561313152,0.497577965259552,0.6275652647018433,-0.03740526735782623,0.4981178343296051,0.5433053970336914,-0.022771405056118965,0.49195173382759094,0.5438171625137329,-0.0025519749615341425,0.4840349853038788,0.5546557903289795,0.01204637810587883,0,0,0,0,0,0,0,0,0,0,0,0,0,0,0,0,0,0,0,0,0,0,0,0,0,0,0,0,0,0,0,0,0,0,0,0,0,0,0,0,0,0,0,0,0,0,0,0,0,0,0,0,0,0,0,0,0,0,0,0,0,0,0,eat
0.423911452293396,0.8054172992706299,-2.223709429927112e-07,0.38255757093429565,0.7183149456977844,0.026786046102643013,0.3802877962589264,0.6403074264526367,0.03283550217747688,0.4054286777973175,0.5869942903518677,0.03368588164448738,0.4357231855392456,0.5636097192764282,0.035035766661167145,0.374595046043396,0.5911935567855835,0.006055564619600773,0.4083397686481476,0.5093992352485657,0.011723748408257961,0.4248660206794739,0.5180169939994812,0.02319187857210636,0.429313600063324,0.5351899266242981,0.03192194551229477,0.41684725880622864,0.5891632437705994,-0.010476337745785713,0.4387984573841095,0.4875136613845825,-0.006391114555299282,0.44874805212020874,0.5002378225326538,0.003597317496314645,0.44837871193885803,0.5266458988189697,0.012257027439773083,0.45887288451194763,0.5984663367271423,-0.022630339488387108,0.47603875398635864,0.5063395500183105,-0.013564442284405231,0.4774250388145447,0.519057035446167,0.002051018411293626,0.4696926772594452,0.5392107367515564,0.012013600207865238,0.49543988704681396,0.619992196559906,-0.0323900431394577,0.4976610541343689,0.5411015748977661,-0.01697777770459652,0.4915255606174469,0.5460363626480103,0.0035044036339968443,0.48378682136535645,0.5605238676071167,0.0182320736348629,0,0,0,0,0,0,0,0,0,0,0,0,0,0,0,0,0,0,0,0,0,0,0,0,0,0,0,0,0,0,0,0,0,0,0,0,0,0,0,0,0,0,0,0,0,0,0,0,0,0,0,0,0,0,0,0,0,0,0,0,0,0,0,eat
0.4214765429496765,0.8040752410888672,-2.4166246248569223e-07,0.38046741485595703,0.7125941514968872,0.023896748200058937,0.38117220997810364,0.6312261819839478,0.02838079258799553,0.41064122319221497,0.5744712352752686,0.028368713334202766,0.44314754009246826,0.5499669313430786,0.029522109776735306,0.3701769709587097,0.5897787809371948,0.0008945110021159053,0.40749481320381165,0.507942259311676,0.005287023261189461,0.42417263984680176,0.5259206295013428,0.016698842868208885,0.42766132950782776,0.54986971616745,0.0256776325404644,0.41442254185676575,0.5908373594284058,-0.014757861383259296,0.4379390776157379,0.4881994128227234,-0.011291897855699062,0.44742679595947266,0.5052695274353027,-0.0012697044294327497,0.44759654998779297,0.5346729159355164,0.007488992065191269,0.4581696689128876,0.6014665961265564,-0.026096070185303688,0.47551295161247253,0.5060380697250366,-0.018090736120939255,0.4764914810657501,0.5218339562416077,-0.0026481689419597387,0.4693734645843506,0.5447041392326355,0.007360173389315605,0.49568185210227966,0.6223970055580139,-0.035194337368011475,0.4973014295101166,0.5411406755447388,-0.02112993784248829,0.4905635714530945,0.5495746731758118,-0.0011558383703231812,0.48398053646087646,0.5665586590766907,0.013311702758073807,0,0,0,0,0,0,0,0,0,0,0,0,0,0,0,0,0,0,0,0,0,0,0,0,0,0,0,0,0,0,0,0,0,0,0,0,0,0,0,0,0,0,0,0,0,0,0,0,0,0,0,0,0,0,0,0,0,0,0,0,0,0,0,eat
0.42229118943214417,0.8053051233291626,-2.671568779533118e-07,0.38153916597366333,0.716062068939209,0.024357818067073822,0.3811342120170593,0.6351900696754456,0.029138939455151558,0.4080314338207245,0.5782879590988159,0.029613398015499115,0.43911463022232056,0.5526537299156189,0.0313059538602829,0.37134745717048645,0.5910970568656921,0.0007698003319092095,0.40734681487083435,0.5089824199676514,0.005744322668761015,0.4233144521713257,0.5255725979804993,0.017808761447668076,0.42573580145835876,0.5476316809654236,0.02702496387064457,0.41520658135414124,0.5913615226745605,-0.014880184084177017,0.438218355178833,0.48868995904922485,-0.011211279779672623,0.44736573100090027,0.5064466595649719,-0.0006869369535706937,0.4462461769580841,0.5363963842391968,0.008454926311969757,0.45897209644317627,0.6016972661018372,-0.026119092479348183,0.4760117530822754,0.5079342722892761,-0.01750892587006092,0.4771181344985962,0.5221165418624878,-0.0020353379659354687,0.4695088863372803,0.5437456369400024,0.007736296858638525,0.4970247447490692,0.6229227781295776,-0.03505656123161316,0.4974883198738098,0.5445976853370667,-0.02083619125187397,0.490064412355423,0.5505539774894714,-0.0014936123043298721,0.4823841154575348,0.5648130774497986,0.012405375018715858,0,0,0,0,0,0,0,0,0,0,0,0,0,0,0,0,0,0,0,0,0,0,0,0,0,0,0,0,0,0,0,0,0,0,0,0,0,0,0,0,0,0,0,0,0,0,0,0,0,0,0,0,0,0,0,0,0,0,0,0,0,0,0,eat
0.428413987159729,0.8084454536437988,-2.75659289172836e-07,0.3819715976715088,0.7214999198913574,0.021247604861855507,0.3785993456840515,0.6378664970397949,0.024473879486322403,0.406007319688797,0.5793269276618958,0.023835523054003716,0.4381706416606903,0.5541841983795166,0.024533145129680634,0.3731974959373474,0.598932683467865,-0.0039374688640236855,0.4099028706550598,0.5064272284507751,-0.0037873550318181515,0.42127713561058044,0.5216578245162964,0.005251299124211073,0.42061856389045715,0.5464610457420349,0.013908539898693562,0.419098436832428,0.5997640490531921,-0.01817132718861103,0.44235336780548096,0.48939061164855957,-0.017186230048537254,0.44723522663116455,0.5088499784469604,-0.006966644898056984,0.44298067688941956,0.5415681600570679,0.002710760571062565,0.46422651410102844,0.6095378398895264,-0.028538329526782036,0.48020225763320923,0.5095405578613281,-0.022280629724264145,0.4776443839073181,0.5254707336425781,-0.006791032385081053,0.4685198664665222,0.5504710674285889,0.004001069348305464,0.5028078556060791,0.6296677589416504,-0.0367068313062191,0.501014769077301,0.5442703366279602,-0.022961871698498726,0.4924949109554291,0.5508745908737183,-0.0029377099126577377,0.4855121970176697,0.5683655738830566,0.011761229485273361,0,0,0,0,0,0,0,0,0,0,0,0,0,0,0,0,0,0,0,0,0,0,0,0,0,0,0,0,0,0,0,0,0,0,0,0,0,0,0,0,0,0,0,0,0,0,0,0,0,0,0,0,0,0,0,0,0,0,0,0,0,0,0,eat
0.4302159249782562,0.8087352514266968,-2.088860497906353e-07,0.3863391876220703,0.7170531153678894,0.023091692477464676,0.3853294849395752,0.6372206211090088,0.02635386772453785,0.41394785046577454,0.5825984477996826,0.02510249987244606,0.4458957612514496,0.5596756339073181,0.024741021916270256,0.37934592366218567,0.5963988900184631,-0.0003060789604205638,0.4139612019062042,0.5086468458175659,0.0013340295990929008,0.42982906103134155,0.5164387822151184,0.010141106322407722,0.4323676526546478,0.5351800322532654,0.018051933497190475,0.42384013533592224,0.597916305065155,-0.015394994989037514,0.447030246257782,0.49657320976257324,-0.011426151730120182,0.4565061926841736,0.5075706243515015,-0.0018254279857501388,0.45498383045196533,0.5327367186546326,0.005879273638129234,0.467280775308609,0.6091337203979492,-0.026529747992753983,0.48370879888534546,0.5165956020355225,-0.018001964315772057,0.4846998453140259,0.5259017944335938,-0.0030895646195858717,0.47684594988822937,0.5449281930923462,0.006121381651610136,0.5049043893814087,0.6299735903739929,-0.03551683947443962,0.503669261932373,0.5487703084945679,-0.021004367619752884,0.49652552604675293,0.5501458048820496,-0.001349455676972866,0.48912814259529114,0.5619404911994934,0.01269375067204237,0,0,0,0,0,0,0,0,0,0,0,0,0,0,0,0,0,0,0,0,0,0,0,0,0,0,0,0,0,0,0,0,0,0,0,0,0,0,0,0,0,0,0,0,0,0,0,0,0,0,0,0,0,0,0,0,0,0,0,0,0,0,0,eat
0.43404731154441833,0.8035814166069031,-2.0929368815814087e-07,0.38985475897789,0.7199501991271973,0.030502011999487877,0.3869573175907135,0.6437900066375732,0.03837082162499428,0.41028892993927,0.5913239121437073,0.04079696908593178,0.439980685710907,0.5668535828590393,0.043441202491521835,0.383155882358551,0.59663987159729,0.007642747368663549,0.41474011540412903,0.5120667219161987,0.014883939176797867,0.43207111954689026,0.5144640803337097,0.02826186828315258,0.4363446831703186,0.5288888812065125,0.0388362854719162,0.42516976594924927,0.5957933664321899,-0.00931960716843605,0.4472184181213379,0.49710598587989807,-0.002508301753550768,0.45778167247772217,0.508694052696228,0.009790658950805664,0.45685380697250366,0.5329710245132446,0.019531939178705215,0.4670465588569641,0.6061479449272156,-0.021621424704790115,0.4853668212890625,0.5169762372970581,-0.010016432031989098,0.4870374798774719,0.5259613394737244,0.006660974118858576,0.47969311475753784,0.5422341823577881,0.01661732979118824,0.5030837655067444,0.627882719039917,-0.031126420944929123,0.5062218904495239,0.5504867434501648,-0.01265010703355074,0.5010145902633667,0.553978443145752,0.009188879281282425,0.49407079815864563,0.5677840113639832,0.02417115308344364,0,0,0,0,0,0,0,0,0,0,0,0,0,0,0,0,0,0,0,0,0,0,0,0,0,0,0,0,0,0,0,0,0,0,0,0,0,0,0,0,0,0,0,0,0,0,0,0,0,0,0,0,0,0,0,0,0,0,0,0,0,0,0,eat
0.43150120973587036,0.8094602823257446,-2.8476804914134846e-07,0.38725656270980835,0.7234246730804443,0.026818780228495598,0.386922687292099,0.6420774459838867,0.033171396702528,0.41436272859573364,0.5886867642402649,0.0348820760846138,0.4445110857486725,0.5642644166946411,0.03763779252767563,0.38078340888023376,0.5996686816215515,0.0026783247012645006,0.4149171710014343,0.5113991498947144,0.006428646855056286,0.4280972182750702,0.524796187877655,0.018587548285722733,0.42907053232192993,0.549275279045105,0.029314914718270302,0.4252288341522217,0.6006870269775391,-0.013410317711532116,0.4480826258659363,0.49647057056427,-0.010180158540606499,0.45430701971054077,0.5179847478866577,0.002282144734635949,0.451242595911026,0.5518574714660645,0.01363828033208847,0.4688427150249481,0.6110495924949646,-0.025298133492469788,0.4853164255619049,0.5130528211593628,-0.017843900248408318,0.4840450584888458,0.5303996801376343,-0.0006961383624002337,0.4764043986797333,0.5554643869400024,0.011385669931769371,0.5061712861061096,0.6319722533226013,-0.03446870669722557,0.5050681233406067,0.5465456247329712,-0.01956717111170292,0.49649176001548767,0.5534223318099976,0.0015948711661621928,0.4896599352359772,0.5706309080123901,0.017155077308416367,0,0,0,0,0,0,0,0,0,0,0,0,0,0,0,0,0,0,0,0,0,0,0,0,0,0,0,0,0,0,0,0,0,0,0,0,0,0,0,0,0,0,0,0,0,0,0,0,0,0,0,0,0,0,0,0,0,0,0,0,0,0,0,eat
0.43305060267448425,0.8110107779502869,-2.8144987140876765e-07,0.387297123670578,0.7235743403434753,0.027899328619241714,0.3861052989959717,0.643075168132782,0.034491751343011856,0.4113132655620575,0.588991641998291,0.0365157425403595,0.4401000142097473,0.5644255876541138,0.03958500549197197,0.38090577721595764,0.5994394421577454,0.002073053503409028,0.4144337475299835,0.5120043754577637,0.007471768651157618,0.42790722846984863,0.5247284173965454,0.021395405754446983,0.4293939769268036,0.5482852458953857,0.03308073803782463,0.4250548183917999,0.5998033285140991,-0.014037104323506355,0.4474690854549408,0.4964650869369507,-0.009585825726389885,0.45381465554237366,0.5166729688644409,0.003866454353556037,0.4507361650466919,0.5488085746765137,0.01553542073816061,0.46843335032463074,0.6106563210487366,-0.02555086277425289,0.48509421944618225,0.5138515830039978,-0.01700395531952381,0.4837164580821991,0.5294904112815857,0.0007742225425317883,0.47564852237701416,0.552947461605072,0.012880681082606316,0.5052921772003174,0.632615864276886,-0.034204546362161636,0.5046177506446838,0.548328697681427,-0.018140409141778946,0.4966343343257904,0.5543935298919678,0.003760957159101963,0.4898046851158142,0.5709002017974854,0.019610434770584106,0,0,0,0,0,0,0,0,0,0,0,0,0,0,0,0,0,0,0,0,0,0,0,0,0,0,0,0,0,0,0,0,0,0,0,0,0,0,0,0,0,0,0,0,0,0,0,0,0,0,0,0,0,0,0,0,0,0,0,0,0,0,0,eat
0.4382592439651489,0.8146853446960449,-2.027723695618988e-07,0.3914591372013092,0.7289513349533081,0.024716787040233612,0.38972046971321106,0.6447739601135254,0.030428526923060417,0.41631031036376953,0.5896093249320984,0.031774237751960754,0.4467034339904785,0.5645391941070557,0.03398401290178299,0.38624507188796997,0.6029646396636963,0.002189768711104989,0.41736552119255066,0.5087482333183289,0.004471490625292063,0.43283456563949585,0.5111387372016907,0.014326903969049454,0.4372572898864746,0.5291405320167542,0.02384723536670208,0.43213286995887756,0.6046357750892639,-0.012070762924849987,0.4511074721813202,0.4970950782299042,-0.00869141798466444,0.4578506052494049,0.5101796984672546,0.0016846120124682784,0.4563675820827484,0.5383580327033997,0.011263469234108925,0.47604379057884216,0.615788996219635,-0.022225575521588326,0.48902663588523865,0.5171377062797546,-0.014252728782594204,0.48656773567199707,0.5283859372138977,0.0012544038472697139,0.4789261519908905,0.5499929189682007,0.012033689767122269,0.5132094621658325,0.636400580406189,-0.029856497421860695,0.5093249678611755,0.5533736348152161,-0.013960793614387512,0.4996640682220459,0.556320071220398,0.006844866089522839,0.49267733097076416,0.5712569952011108,0.02212798222899437,0,0,0,0,0,0,0,0,0,0,0,0,0,0,0,0,0,0,0,0,0,0,0,0,0,0,0,0,0,0,0,0,0,0,0,0,0,0,0,0,0,0,0,0,0,0,0,0,0,0,0,0,0,0,0,0,0,0,0,0,0,0,0,eat
0.4395477771759033,0.8089423179626465,-2.4967764034045103e-07,0.3963909447193146,0.7221707105636597,0.02822825312614441,0.3960578739643097,0.6434338092803955,0.03489210084080696,0.422587126493454,0.5938174724578857,0.03658000007271767,0.4520438015460968,0.5710387825965881,0.03882184252142906,0.39264440536499023,0.5976990461349487,0.004548538476228714,0.4226038157939911,0.5090187788009644,0.010073614306747913,0.43630337715148926,0.5177838802337646,0.022615782916545868,0.43895551562309265,0.5370599031448364,0.03292433172464371,0.43457865715026855,0.5980965495109558,-0.011852956376969814,0.45412322878837585,0.4931156635284424,-0.007216702215373516,0.46069833636283875,0.51060950756073,0.004482582211494446,0.45766863226890564,0.5406540036201477,0.014565816149115562,0.47571176290512085,0.6091635823249817,-0.023791847750544548,0.4908365309238434,0.5114787817001343,-0.015052645467221737,0.48901593685150146,0.5244744420051575,0.00032975885551422834,0.48018696904182434,0.5463820695877075,0.010480605065822601,0.5102322697639465,0.6310808062553406,-0.03289755806326866,0.5102928280830383,0.5484626889228821,-0.01769202947616577,0.5019856691360474,0.5533990263938904,0.0020979682449251413,0.4944573640823364,0.5696882009506226,0.01636529341340065,0,0,0,0,0,0,0,0,0,0,0,0,0,0,0,0,0,0,0,0,0,0,0,0,0,0,0,0,0,0,0,0,0,0,0,0,0,0,0,0,0,0,0,0,0,0,0,0,0,0,0,0,0,0,0,0,0,0,0,0,0,0,0,eat
0.4358396530151367,0.8098533153533936,-2.6327816726734454e-07,0.39328891038894653,0.7214581966400146,0.024346737191081047,0.3945547044277191,0.6406897902488708,0.02931658923625946,0.42339786887168884,0.5878313183784485,0.029470551759004593,0.4544961154460907,0.5632780194282532,0.03057149425148964,0.38922059535980225,0.5943750739097595,0.0039046795573085546,0.419607549905777,0.5115567445755005,0.008112581446766853,0.43381738662719727,0.5262244343757629,0.018550075590610504,0.435983270406723,0.5492528676986694,0.02712855488061905,0.43209517002105713,0.5943935513496399,-0.011847925372421741,0.45198872685432434,0.4941346049308777,-0.006820212583988905,0.4601213037967682,0.5109802484512329,0.0031970276031643152,0.4580795466899872,0.540065348148346,0.011418920941650867,0.47430604696273804,0.6053704023361206,-0.023729804903268814,0.49037986993789673,0.5106944441795349,-0.015577282756567001,0.4901134967803955,0.525734007358551,-0.0013105657417327166,0.48210203647613525,0.5480399131774902,0.007710011675953865,0.5103297829627991,0.6274975538253784,-0.03332095593214035,0.5122087597846985,0.5471035838127136,-0.019610760733485222,0.505731999874115,0.555822491645813,-0.0005031799082644284,0.4997204542160034,0.5742142796516418,0.0132373608648777,0,0,0,0,0,0,0,0,0,0,0,0,0,0,0,0,0,0,0,0,0,0,0,0,0,0,0,0,0,0,0,0,0,0,0,0,0,0,0,0,0,0,0,0,0,0,0,0,0,0,0,0,0,0,0,0,0,0,0,0,0,0,0,eat
0.4358500838279724,0.8085668683052063,-2.5853881879811524e-07,0.3900924324989319,0.7205167412757874,0.025474974885582924,0.39083945751190186,0.639983057975769,0.03039427660405636,0.41965851187705994,0.5876421928405762,0.03083503060042858,0.4514526426792145,0.5624128580093384,0.03212662786245346,0.38341256976127625,0.5969815850257874,6.891097291372716e-05,0.4137054979801178,0.5099820494651794,0.003916270565241575,0.42935633659362793,0.5258384943008423,0.01604410819709301,0.4325720965862274,0.551218569278717,0.02641742303967476,0.42717689275741577,0.5984476208686829,-0.0157821886241436,0.44629040360450745,0.4906095266342163,-0.01230003871023655,0.45492440462112427,0.5114604830741882,-0.0010277115507051349,0.4530749022960663,0.5448972582817078,0.00899526197463274,0.4707320034503937,0.6102650761604309,-0.027223369106650352,0.4861198663711548,0.5082715749740601,-0.020618798211216927,0.4861891567707062,0.525649905204773,-0.005120938643813133,0.47835302352905273,0.5512799024581909,0.005568971391767263,0.507760226726532,0.6318919062614441,-0.03586157038807869,0.5061049461364746,0.5477131605148315,-0.02211068384349346,0.4990520179271698,0.5565194487571716,-0.001886567217297852,0.4933079183101654,0.575552761554718,0.012899506837129593,0,0,0,0,0,0,0,0,0,0,0,0,0,0,0,0,0,0,0,0,0,0,0,0,0,0,0,0,0,0,0,0,0,0,0,0,0,0,0,0,0,0,0,0,0,0,0,0,0,0,0,0,0,0,0,0,0,0,0,0,0,0,0,eat
0.4356871545314789,0.8067078590393066,-2.3713586472240422e-07,0.38919177651405334,0.7194908261299133,0.028073767200112343,0.3885945975780487,0.641434371471405,0.03494735434651375,0.41378045082092285,0.5872676372528076,0.037564873695373535,0.44298067688941956,0.5610833168029785,0.04089544713497162,0.38656604290008545,0.597865879535675,0.0017743915086612105,0.41731739044189453,0.5084272027015686,0.0085050193592906,0.42969557642936707,0.5127900838851929,0.022972870618104935,0.4317903518676758,0.529732882976532,0.03493307903409004,0.4309127628803253,0.5999991297721863,-0.013058576732873917,0.44874444603919983,0.4939112663269043,-0.007439255714416504,0.4537883698940277,0.5050142407417297,0.006006950046867132,0.4516584277153015,0.5307585597038269,0.017556531354784966,0.4739997386932373,0.6121953129768372,-0.02301342599093914,0.48800063133239746,0.5132917165756226,-0.013798097148537636,0.48379912972450256,0.5181847214698792,0.0026318123564124107,0.4742945730686188,0.5342130661010742,0.013882972300052643,0.5102505087852478,0.6342175602912903,-0.029876479879021645,0.5066821575164795,0.550409734249115,-0.013893812894821167,0.4961757957935333,0.5477302074432373,0.006406092084944248,0.48793718218803406,0.5573133230209351,0.02131679095327854,0,0,0,0,0,0,0,0,0,0,0,0,0,0,0,0,0,0,0,0,0,0,0,0,0,0,0,0,0,0,0,0,0,0,0,0,0,0,0,0,0,0,0,0,0,0,0,0,0,0,0,0,0,0,0,0,0,0,0,0,0,0,0,eat
0.4344981908798218,0.8060489892959595,-2.506332634766295e-07,0.3897556960582733,0.7214595675468445,0.02387133240699768,0.3895629942417145,0.6407665014266968,0.028631458058953285,0.41806307435035706,0.5872994065284729,0.028873112052679062,0.4496179223060608,0.5621898770332336,0.03007332794368267,0.38368868827819824,0.5965521335601807,0.001859585870988667,0.41509371995925903,0.5097817182540894,0.004569569136947393,0.43017587065696716,0.5229234099388123,0.01488280389457941,0.4324199855327606,0.5460481643676758,0.024045461788773537,0.4269525110721588,0.5960713624954224,-0.01349684502929449,0.44733333587646484,0.49056458473205566,-0.010644746944308281,0.4561591148376465,0.5089049935340881,-0.00041435888851992786,0.45350489020347595,0.5399132370948792,0.008899614214897156,0.46981316804885864,0.6060556769371033,-0.024982672184705734,0.48607778549194336,0.5077718496322632,-0.01837872341275215,0.4868321716785431,0.5235015153884888,-0.003290513763204217,0.47869282960891724,0.5466808080673218,0.007076450157910585,0.5063782334327698,0.6269426941871643,-0.034086208790540695,0.507133424282074,0.5446153879165649,-0.020479246973991394,0.5016103982925415,0.5532618761062622,-0.0004964204854331911,0.4954164922237396,0.5718833804130554,0.014098475687205791,0,0,0,0,0,0,0,0,0,0,0,0,0,0,0,0,0,0,0,0,0,0,0,0,0,0,0,0,0,0,0,0,0,0,0,0,0,0,0,0,0,0,0,0,0,0,0,0,0,0,0,0,0,0,0,0,0,0,0,0,0,0,0,eat
0.428533673286438,0.8050554990768433,-2.7503293154040875e-07,0.38623613119125366,0.7165488004684448,0.023756911978125572,0.38500624895095825,0.6356455087661743,0.028456171974539757,0.4103764295578003,0.5792075395584106,0.028955185785889626,0.4408685266971588,0.5520694255828857,0.03041437827050686,0.37815436720848083,0.5923055410385132,-0.0001304249744862318,0.40817704796791077,0.5115194320678711,0.0044745770283043385,0.42362016439437866,0.5275896191596985,0.016475075855851173,0.42549675703048706,0.5509620308876038,0.02604776620864868,0.42123159766197205,0.5913286209106445,-0.01534389890730381,0.44170740246772766,0.49075108766555786,-0.010592822916805744,0.45084890723228455,0.5110086798667908,0.0004103620012756437,0.44866394996643066,0.5429064035415649,0.00961516797542572,0.46407634019851685,0.6011356711387634,-0.026242470368742943,0.4811386466026306,0.5087740421295166,-0.017939267680048943,0.4817650020122528,0.5256035327911377,-0.0026826884131878614,0.47372713685035706,0.5496696829795837,0.0069348448887467384,0.5007268786430359,0.6227842569351196,-0.034758973866701126,0.5018079280853271,0.5461556911468506,-0.020909704267978668,0.4965762794017792,0.5556687116622925,-0.0013654195936396718,0.49115362763404846,0.5740925669670105,0.01265585608780384,0,0,0,0,0,0,0,0,0,0,0,0,0,0,0,0,0,0,0,0,0,0,0,0,0,0,0,0,0,0,0,0,0,0,0,0,0,0,0,0,0,0,0,0,0,0,0,0,0,0,0,0,0,0,0,0,0,0,0,0,0,0,0,eat
0.425590455532074,0.8046046495437622,-2.3947549721015093e-07,0.38229891657829285,0.7170761227607727,0.022600557655096054,0.3808521032333374,0.6344814896583557,0.026943113654851913,0.4059576690196991,0.5738775134086609,0.027192138135433197,0.4364983141422272,0.5445919036865234,0.028669701889157295,0.37306421995162964,0.5954047441482544,0.00024413161736447364,0.40489473938941956,0.5131095051765442,0.003881207900121808,0.42238330841064453,0.5258051753044128,0.01508883573114872,0.42633798718452454,0.5477792620658875,0.02441815659403801,0.41597598791122437,0.5940910577774048,-0.014524037018418312,0.43633562326431274,0.49218976497650146,-0.01175196934491396,0.4472721517086029,0.5070755481719971,-0.0018647736869752407,0.4471893012523651,0.5355439782142639,0.007234510034322739,0.45902931690216064,0.6029337048530579,-0.02521379105746746,0.47545093297958374,0.5081824660301208,-0.01904013194143772,0.47760456800460815,0.5196365118026733,-0.004283720627427101,0.47062018513679504,0.5393950343132019,0.005925529170781374,0.4966314733028412,0.6226803064346313,-0.033552829176187515,0.49703213572502136,0.5415979623794556,-0.02122366614639759,0.49158376455307007,0.5460299253463745,-0.002048405585810542,0.48566168546676636,0.5606683492660522,0.01231103390455246,0,0,0,0,0,0,0,0,0,0,0,0,0,0,0,0,0,0,0,0,0,0,0,0,0,0,0,0,0,0,0,0,0,0,0,0,0,0,0,0,0,0,0,0,0,0,0,0,0,0,0,0,0,0,0,0,0,0,0,0,0,0,0,eat
0.4273964464664459,0.8031386733055115,-2.663883833520231e-07,0.3832922577857971,0.7157225012779236,0.019389834254980087,0.38139623403549194,0.6312624216079712,0.022158406674861908,0.40725985169410706,0.5695319175720215,0.0213394183665514,0.4372478425502777,0.5404061675071716,0.021897055208683014,0.3744831681251526,0.5944894552230835,-0.0026843606028705835,0.4089764952659607,0.5084207057952881,-0.0012021767906844616,0.4223502576351166,0.522849440574646,0.0074853054247796535,0.4230198264122009,0.5444637537002563,0.01482745073735714,0.41770508885383606,0.5946535468101501,-0.016273746266961098,0.43947094678878784,0.492706835269928,-0.014164336957037449,0.44635844230651855,0.5097723007202148,-0.005375128239393234,0.4430333375930786,0.5398823022842407,0.002451434964314103,0.46100834012031555,0.6038305163383484,-0.026300430297851562,0.47703757882118225,0.5109748244285583,-0.01988913305103779,0.4761711657047272,0.5221984386444092,-0.006778176408261061,0.4673057198524475,0.5429705381393433,0.0016535886097699404,0.4988935589790344,0.6226410865783691,-0.03435524180531502,0.49732834100723267,0.5447745323181152,-0.022960606962442398,0.48878803849220276,0.5472977757453918,-0.006462985649704933,0.48035937547683716,0.5598852634429932,0.005617076531052589,0,0,0,0,0,0,0,0,0,0,0,0,0,0,0,0,0,0,0,0,0,0,0,0,0,0,0,0,0,0,0,0,0,0,0,0,0,0,0,0,0,0,0,0,0,0,0,0,0,0,0,0,0,0,0,0,0,0,0,0,0,0,0,eat
0.4219662547111511,0.8008409738540649,-2.3378088087611104e-07,0.37925776839256287,0.7149626016616821,0.023458315059542656,0.3776319622993469,0.6346824169158936,0.0279953982681036,0.40432190895080566,0.5773643851280212,0.028653599321842194,0.4361895024776459,0.550504744052887,0.030234215781092644,0.36804983019828796,0.5908804535865784,-0.0009681752999313176,0.40086981654167175,0.5099399089813232,0.00490451417863369,0.41719770431518555,0.5232497453689575,0.017514938488602638,0.4206825792789459,0.5437034964561462,0.027094542980194092,0.41198933124542236,0.5886915326118469,-0.01582782156765461,0.43313562870025635,0.487985759973526,-0.010568339377641678,0.44332820177078247,0.5051982402801514,0.0005262873601168394,0.44243404269218445,0.5349105000495911,0.009686433710157871,0.455664724111557,0.5968961119651794,-0.026123400777578354,0.4719333350658417,0.5019650459289551,-0.017236338928341866,0.4730193316936493,0.5166903734207153,-0.001613971428014338,0.464862585067749,0.5392729043960571,0.008230072446167469,0.49317023158073425,0.6172761917114258,-0.033987484872341156,0.4928857088088989,0.5381558537483215,-0.020336339250206947,0.48766061663627625,0.5451550483703613,-0.000673385220579803,0.48153895139694214,0.5621998906135559,0.013653370551764965,0,0,0,0,0,0,0,0,0,0,0,0,0,0,0,0,0,0,0,0,0,0,0,0,0,0,0,0,0,0,0,0,0,0,0,0,0,0,0,0,0,0,0,0,0,0,0,0,0,0,0,0,0,0,0,0,0,0,0,0,0,0,0,eat
0.42190682888031006,0.8043439388275146,-2.3331104159751703e-07,0.37891465425491333,0.7170395851135254,0.026307662948966026,0.3768206238746643,0.6391558647155762,0.03181334212422371,0.4029068648815155,0.5842524766921997,0.03261188790202141,0.4336789548397064,0.559708833694458,0.03417716920375824,0.36562755703926086,0.5934539437294006,0.0027434213552623987,0.4009571969509125,0.5105482339859009,0.009424325078725815,0.41935601830482483,0.5245115160942078,0.022848214954137802,0.4243892431259155,0.5450399518013,0.03285154327750206,0.4103318452835083,0.5903067588806152,-0.013601036742329597,0.4322279095649719,0.4875628352165222,-0.0075719780288636684,0.4442015290260315,0.5031013488769531,0.003838102100417018,0.44601887464523315,0.5311250686645508,0.013059590943157673,0.45436030626296997,0.5985171794891357,-0.025297582149505615,0.46923699975013733,0.5026795864105225,-0.015652485191822052,0.4731747806072235,0.518221378326416,0.0005312273860909045,0.467722088098526,0.5407839417457581,0.010597760789096355,0.49253377318382263,0.61882483959198,-0.034461475908756256,0.4913257658481598,0.537739634513855,-0.0206284336745739,0.4863477945327759,0.5432755947113037,-0.000917349592782557,0.4802064001560211,0.5565371513366699,0.013470053672790527,0,0,0,0,0,0,0,0,0,0,0,0,0,0,0,0,0,0,0,0,0,0,0,0,0,0,0,0,0,0,0,0,0,0,0,0,0,0,0,0,0,0,0,0,0,0,0,0,0,0,0,0,0,0,0,0,0,0,0,0,0,0,0,eat
0.42106637358665466,0.8098279237747192,-2.54912890795822e-07,0.3784943222999573,0.7214146256446838,0.026797190308570862,0.37610557675361633,0.6400856375694275,0.032489098608493805,0.4021710753440857,0.5836575627326965,0.03287823125720024,0.43211519718170166,0.5570861101150513,0.033830028027296066,0.36725303530693054,0.5951688885688782,0.0036952293012291193,0.40186041593551636,0.5076475143432617,0.007694169878959656,0.4195975661277771,0.5207177996635437,0.017864985391497612,0.42292144894599915,0.5420768857002258,0.02599509432911873,0.41093966364860535,0.5928170084953308,-0.013482102192938328,0.43303924798965454,0.4890100061893463,-0.0075689940713346004,0.4445675015449524,0.5037616491317749,0.0023585250601172447,0.4440336227416992,0.5320196747779846,0.009880602359771729,0.45495715737342834,0.6017930507659912,-0.026329969987273216,0.4713589549064636,0.5059967041015625,-0.016497373580932617,0.4750068783760071,0.5215867757797241,-0.00132798682898283,0.46813613176345825,0.5449861884117126,0.007393486797809601,0.4937678277492523,0.6227843761444092,-0.036737874150276184,0.4952799081802368,0.542487621307373,-0.022308286279439926,0.49046939611434937,0.5509765148162842,-0.002514984691515565,0.4835208058357239,0.5686244964599609,0.01133662462234497,0,0,0,0,0,0,0,0,0,0,0,0,0,0,0,0,0,0,0,0,0,0,0,0,0,0,0,0,0,0,0,0,0,0,0,0,0,0,0,0,0,0,0,0,0,0,0,0,0,0,0,0,0,0,0,0,0,0,0,0,0,0,0,eat
0.42142465710639954,0.8104317784309387,-2.717393954299041e-07,0.378301739692688,0.720450758934021,0.02457641251385212,0.37547993659973145,0.6370487809181213,0.02944128029048443,0.40167057514190674,0.5793923735618591,0.029237017035484314,0.4321304261684418,0.5530149340629578,0.029916387051343918,0.367694616317749,0.5921146273612976,0.0027511075604707003,0.40199342370033264,0.5054157376289368,0.0058041284792125225,0.4189204275608063,0.5219793915748596,0.01544707641005516,0.42142733931541443,0.5457623600959778,0.023544536903500557,0.4122989773750305,0.591441810131073,-0.01359386183321476,0.43464165925979614,0.48828548192977905,-0.009106574580073357,0.44493091106414795,0.5059335231781006,0.0003369501791894436,0.4436241090297699,0.5364184975624084,0.008124343119561672,0.4562141001224518,0.6010977029800415,-0.025879567489027977,0.47128137946128845,0.5054648518562317,-0.01729661226272583,0.4735732078552246,0.5237960815429688,-0.002258527325466275,0.4664931297302246,0.5496029257774353,0.0070637245662510395,0.4945014417171478,0.6218942999839783,-0.035939186811447144,0.4940878450870514,0.5383964776992798,-0.022528016939759254,0.487592875957489,0.5475006699562073,-0.003008755622431636,0.4802585542201996,0.5662366151809692,0.011144395917654037,0,0,0,0,0,0,0,0,0,0,0,0,0,0,0,0,0,0,0,0,0,0,0,0,0,0,0,0,0,0,0,0,0,0,0,0,0,0,0,0,0,0,0,0,0,0,0,0,0,0,0,0,0,0,0,0,0,0,0,0,0,0,0,eat
0.42777320742607117,0.8126342296600342,-2.5026068328770634e-07,0.3846376836299896,0.7213922142982483,0.023770688101649284,0.3834618926048279,0.6378234028816223,0.027829859405755997,0.4118896722793579,0.5818570852279663,0.026697570458054543,0.44551441073417664,0.5592477917671204,0.02645842358469963,0.3738451898097992,0.5938162207603455,0.0049527366645634174,0.4089895486831665,0.5084789395332336,0.0065904767252504826,0.42696940898895264,0.5234158039093018,0.013781162910163403,0.43081918358802795,0.5460426211357117,0.02003452368080616,0.4180028736591339,0.5916818380355835,-0.011358149349689484,0.44100168347358704,0.4908900856971741,-0.0070227812975645065,0.4522939622402191,0.5058044195175171,0.0007154406048357487,0.45190513134002686,0.5340443253517151,0.006920326501131058,0.4619499742984772,0.600509524345398,-0.024051489308476448,0.4779001772403717,0.5095679759979248,-0.015176292508840561,0.48016074299812317,0.5247893333435059,-0.0014585730386897922,0.47288405895233154,0.5481460094451904,0.006555778905749321,0.5007650852203369,0.6200637817382812,-0.03477048873901367,0.4989749491214752,0.5421095490455627,-0.02071380615234375,0.4920707941055298,0.5480676889419556,-0.0019649500027298927,0.4848629832267761,0.5629366636276245,0.011259125545620918,0,0,0,0,0,0,0,0,0,0,0,0,0,0,0,0,0,0,0,0,0,0,0,0,0,0,0,0,0,0,0,0,0,0,0,0,0,0,0,0,0,0,0,0,0,0,0,0,0,0,0,0,0,0,0,0,0,0,0,0,0,0,0,eat
0.42847445607185364,0.809241771697998,-1.95793774082631e-07,0.385475754737854,0.7210526466369629,0.02600293979048729,0.3845578134059906,0.6407811641693115,0.031965699046850204,0.4122837781906128,0.5860264897346497,0.03334088250994682,0.44342342019081116,0.5629441142082214,0.03512844815850258,0.37739798426628113,0.5947644114494324,0.002931115683168173,0.4130587875843048,0.5116063356399536,0.009791098535060883,0.4299396574497223,0.518994927406311,0.022168001160025597,0.4346388280391693,0.5344346761703491,0.031121186912059784,0.42073944211006165,0.5937719345092773,-0.012714280746877193,0.4434419572353363,0.4907420575618744,-0.007253226824104786,0.4532296657562256,0.5014358758926392,0.0028932371642440557,0.4526287019252777,0.5260259509086609,0.011139733716845512,0.4638119637966156,0.6040033102035522,-0.023652710020542145,0.48225557804107666,0.5114297866821289,-0.013963709585368633,0.4826816916465759,0.5211796164512634,0.00036069744965061545,0.4737447202205658,0.5400263667106628,0.009035944938659668,0.5007331967353821,0.6257252097129822,-0.032062988728284836,0.5023912191390991,0.5487541556358337,-0.01724683865904808,0.4957367181777954,0.5506441593170166,0.0016334536485373974,0.4878688156604767,0.5623260140419006,0.015089859254658222,0,0,0,0,0,0,0,0,0,0,0,0,0,0,0,0,0,0,0,0,0,0,0,0,0,0,0,0,0,0,0,0,0,0,0,0,0,0,0,0,0,0,0,0,0,0,0,0,0,0,0,0,0,0,0,0,0,0,0,0,0,0,0,eat
0.4273190200328827,0.8077070713043213,-2.532922280806815e-07,0.3839973211288452,0.7196401357650757,0.02428409270942211,0.38286057114601135,0.6385785937309265,0.029015744104981422,0.4091683626174927,0.5800970792770386,0.029596179723739624,0.4413682222366333,0.5536788105964661,0.031549468636512756,0.3724384605884552,0.5963480472564697,-0.0004935939214192331,0.40629810094833374,0.5129438042640686,0.004684152081608772,0.423460990190506,0.5307580828666687,0.017913397401571274,0.42662501335144043,0.5562191605567932,0.028558267280459404,0.4167017638683319,0.5952877402305603,-0.015806617215275764,0.43901345133781433,0.4906237721443176,-0.012180701829493046,0.44988521933555603,0.5085967779159546,-0.0006835150416009128,0.449245810508728,0.5393158793449402,0.009464751929044724,0.4605388939380646,0.6040968894958496,-0.02656477317214012,0.4780764877796173,0.5082427263259888,-0.01857387274503708,0.4803583025932312,0.5247906446456909,-0.0019932708237320185,0.4727986752986908,0.5484094023704529,0.009062884375452995,0.49831610918045044,0.6242179274559021,-0.034889210015535355,0.49989646673202515,0.5420480370521545,-0.02009262517094612,0.4949936270713806,0.551521897315979,0.0011030379682779312,0.48909974098205566,0.5699049830436707,0.016485678032040596,0,0,0,0,0,0,0,0,0,0,0,0,0,0,0,0,0,0,0,0,0,0,0,0,0,0,0,0,0,0,0,0,0,0,0,0,0,0,0,0,0,0,0,0,0,0,0,0,0,0,0,0,0,0,0,0,0,0,0,0,0,0,0,eat
0.4292098581790924,0.8024028539657593,-2.3485948474899487e-07,0.38487812876701355,0.7175154685974121,0.02360020950436592,0.3804934024810791,0.6360496878623962,0.028650199994444847,0.4032978415489197,0.5771397352218628,0.02941688522696495,0.43283316493034363,0.5503383874893188,0.03114931285381317,0.3745917081832886,0.5911892652511597,0.0018475803080946207,0.4066554009914398,0.5084316730499268,0.006152086425572634,0.4227149784564972,0.5215954184532166,0.017030924558639526,0.42624154686927795,0.5426169037818909,0.025826215744018555,0.4179282784461975,0.5911014080047607,-0.013122376054525375,0.4401586353778839,0.48919570446014404,-0.009521580301225185,0.4504694938659668,0.5031963586807251,0.00022770502255298197,0.45021453499794006,0.5306116342544556,0.008842985145747662,0.46074211597442627,0.6006221175193787,-0.02392345480620861,0.4778851270675659,0.5083661675453186,-0.01611548662185669,0.47947511076927185,0.5215215086936951,-0.0013159191003069282,0.4726049304008484,0.542643129825592,0.008446304127573967,0.4975771903991699,0.620741605758667,-0.03241115063428879,0.496794730424881,0.5419974327087402,-0.01849128119647503,0.4897812008857727,0.5472691059112549,0.0008942092536017299,0.48322057723999023,0.5623593926429749,0.015127343125641346,0,0,0,0,0,0,0,0,0,0,0,0,0,0,0,0,0,0,0,0,0,0,0,0,0,0,0,0,0,0,0,0,0,0,0,0,0,0,0,0,0,0,0,0,0,0,0,0,0,0,0,0,0,0,0,0,0,0,0,0,0,0,0,eat
0.42938312888145447,0.7992833256721497,-2.2340711325341545e-07,0.3855438828468323,0.7155652046203613,0.025588922202587128,0.3817751705646515,0.6374267339706421,0.031100312247872353,0.4047216773033142,0.5791072249412537,0.03225431218743324,0.43363702297210693,0.5518456101417542,0.03424451872706413,0.37443816661834717,0.5911310911178589,0.0013670844491571188,0.4071072041988373,0.5098178386688232,0.00705366674810648,0.424105703830719,0.5219828486442566,0.01939377747476101,0.42814120650291443,0.5421082973480225,0.028951358050107956,0.4177703857421875,0.5905458331108093,-0.014210125431418419,0.43989789485931396,0.48929503560066223,-0.009585164487361908,0.45150014758110046,0.5009719133377075,0.0011633880203589797,0.4521583914756775,0.5262672901153564,0.010123945772647858,0.4607260823249817,0.6001603603363037,-0.025123005732893944,0.47767284512519836,0.5084930658340454,-0.016338801011443138,0.4803706407546997,0.5206908583641052,-0.0005832583992742002,0.4735511839389801,0.5410709977149963,0.009418281726539135,0.49783873558044434,0.6206941604614258,-0.03349154070019722,0.49710264801979065,0.5434783697128296,-0.01858907751739025,0.49076420068740845,0.5487275719642639,0.001655704341828823,0.48422497510910034,0.5631490349769592,0.01623319461941719,0,0,0,0,0,0,0,0,0,0,0,0,0,0,0,0,0,0,0,0,0,0,0,0,0,0,0,0,0,0,0,0,0,0,0,0,0,0,0,0,0,0,0,0,0,0,0,0,0,0,0,0,0,0,0,0,0,0,0,0,0,0,0,eat
0.4159122705459595,0.8131420612335205,-2.5069033426916576e-07,0.3766946792602539,0.7247626781463623,0.02805452048778534,0.3762289583683014,0.6456798911094666,0.03440595418214798,0.4047642648220062,0.5909373164176941,0.035894911736249924,0.4379878640174866,0.5690900087356567,0.038401857018470764,0.36370038986206055,0.6007246971130371,0.0016316164983436465,0.4012583792209625,0.5191673040390015,0.007834834977984428,0.41967514157295227,0.5381865501403809,0.02223173715174198,0.42391660809516907,0.5643141865730286,0.03323706239461899,0.4087499678134918,0.5995208621025085,-0.015864286571741104,0.4335443675518036,0.4933582842350006,-0.012047724798321724,0.4445353150367737,0.5106874108314514,0.00013276372919790447,0.44563907384872437,0.5407399535179138,0.010788317769765854,0.45307427644729614,0.609260082244873,-0.028390975669026375,0.4723486304283142,0.5122960805892944,-0.019922969862818718,0.4749513268470764,0.5318438410758972,-0.0021839940454810858,0.467868447303772,0.5578298568725586,0.00972533505409956,0.4910697340965271,0.6320124268531799,-0.038244109600782394,0.49322205781936646,0.5492991209030151,-0.023130828514695168,0.48856109380722046,0.5573338866233826,-0.0016427302034571767,0.483285129070282,0.5734225511550903,0.013918807730078697,0,0,0,0,0,0,0,0,0,0,0,0,0,0,0,0,0,0,0,0,0,0,0,0,0,0,0,0,0,0,0,0,0,0,0,0,0,0,0,0,0,0,0,0,0,0,0,0,0,0,0,0,0,0,0,0,0,0,0,0,0,0,0,eat
0.41642582416534424,0.8201895356178284,-2.647705343861162e-07,0.3739859461784363,0.7311475872993469,0.022669373080134392,0.3733198940753937,0.6444940567016602,0.02638654038310051,0.4053027927875519,0.5870392322540283,0.025362391024827957,0.4406079649925232,0.5639809966087341,0.02552518993616104,0.3617159128189087,0.6060232520103455,-0.0009219561470672488,0.40042367577552795,0.5137978196144104,-0.0014914670027792454,0.416440486907959,0.5339057445526123,0.005779833532869816,0.41916319727897644,0.5620099306106567,0.012882188893854618,0.4073595106601715,0.6062971353530884,-0.016549643129110336,0.4329611361026764,0.4953049123287201,-0.01525495108217001,0.44188016653060913,0.514390766620636,-0.006733991671353579,0.4403853714466095,0.5464466214179993,0.0012069641379639506,0.4523092210292816,0.6159612536430359,-0.028381533920764923,0.4708896577358246,0.5147393345832825,-0.021926777437329292,0.4714314639568329,0.5341406464576721,-0.0071788206696510315,0.4627487361431122,0.5612941980361938,0.0027622308116406202,0.49095985293388367,0.6354100108146667,-0.0381389819085598,0.49167948961257935,0.5491980314254761,-0.024917619302868843,0.48440971970558167,0.5567850470542908,-0.005762150511145592,0.47688183188438416,0.5735365748405457,0.008073299191892147,0,0,0,0,0,0,0,0,0,0,0,0,0,0,0,0,0,0,0,0,0,0,0,0,0,0,0,0,0,0,0,0,0,0,0,0,0,0,0,0,0,0,0,0,0,0,0,0,0,0,0,0,0,0,0,0,0,0,0,0,0,0,0,eat
0.42215728759765625,0.8193077445030212,-2.3668623327921523e-07,0.3820101022720337,0.7269501686096191,0.023024674504995346,0.38008788228034973,0.6409727931022644,0.027039039880037308,0.4083932936191559,0.5844107270240784,0.0251348614692688,0.4412105083465576,0.5641450881958008,0.023779865354299545,0.37089577317237854,0.6003695726394653,0.008087840862572193,0.409297376871109,0.5167578458786011,0.007086968049407005,0.42557528614997864,0.532070517539978,0.010874152183532715,0.4305102527141571,0.5538076162338257,0.014440235681831837,0.41474294662475586,0.5998694896697998,-0.009313862770795822,0.4384176731109619,0.4961603581905365,-0.009973835200071335,0.44761091470718384,0.5123803019523621,-0.0054511139169335365,0.4482501149177551,0.5421980023384094,-9.909576328936964e-05,0.4583165645599365,0.6098456978797913,-0.023567168042063713,0.47518935799598694,0.5152950286865234,-0.018337585031986237,0.47694921493530273,0.5336199402809143,-0.005136180203408003,0.4704364538192749,0.5589278340339661,0.003847514744848013,0.4965764582157135,0.6302109360694885,-0.03616568446159363,0.49761977791786194,0.5494637489318848,-0.02396426349878311,0.4919881224632263,0.5567498207092285,-0.005214114207774401,0.4864533245563507,0.5727174878120422,0.008523155935108662,0,0,0,0,0,0,0,0,0,0,0,0,0,0,0,0,0,0,0,0,0,0,0,0,0,0,0,0,0,0,0,0,0,0,0,0,0,0,0,0,0,0,0,0,0,0,0,0,0,0,0,0,0,0,0,0,0,0,0,0,0,0,0,eat
0.42041629552841187,0.8138365149497986,-2.2359958506967814e-07,0.38167449831962585,0.7192567586898804,0.02323976717889309,0.3823648691177368,0.6362128257751465,0.026634080335497856,0.41297945380210876,0.5807440876960754,0.024297993630170822,0.4474483132362366,0.5598686933517456,0.022533591836690903,0.3722565770149231,0.6012943983078003,0.004779309965670109,0.4124148488044739,0.515075147151947,0.0033068929333239794,0.4295319616794586,0.5312283039093018,0.007934639230370522,0.435319721698761,0.5543115139007568,0.012392573058605194,0.41600948572158813,0.6023111343383789,-0.012604346498847008,0.43909433484077454,0.4936527609825134,-0.014253765344619751,0.447900652885437,0.5112820863723755,-0.008702806197106838,0.4488987922668457,0.5428515672683716,-0.002228696830570698,0.4594385027885437,0.6135011315345764,-0.026625948026776314,0.4767085313796997,0.513965368270874,-0.022342395037412643,0.4774954617023468,0.531681478023529,-0.008703049272298813,0.47002261877059937,0.5569673180580139,0.0010320850415155292,0.4968581795692444,0.6344101428985596,-0.03880821168422699,0.4981875717639923,0.5521567463874817,-0.027255123481154442,0.4925278127193451,0.5572252869606018,-0.008822036907076836,0.48640358448028564,0.5712272524833679,0.004856749437749386,0,0,0,0,0,0,0,0,0,0,0,0,0,0,0,0,0,0,0,0,0,0,0,0,0,0,0,0,0,0,0,0,0,0,0,0,0,0,0,0,0,0,0,0,0,0,0,0,0,0,0,0,0,0,0,0,0,0,0,0,0,0,0,eat
0.4217296838760376,0.8298007845878601,-2.664052090040059e-07,0.3833295404911041,0.734083354473114,0.021359702572226524,0.3877306282520294,0.6451648473739624,0.023868337273597717,0.41934049129486084,0.5843679904937744,0.02151360735297203,0.4549686312675476,0.5571280717849731,0.02052108198404312,0.37617796659469604,0.6102476716041565,0.00014164604363031685,0.4158044159412384,0.5212066769599915,-0.001281960285268724,0.4343165457248688,0.5372759103775024,0.004450996872037649,0.44008180499076843,0.5621848106384277,0.010175746865570545,0.41928109526634216,0.6120434999465942,-0.016017481684684753,0.44599926471710205,0.5060939192771912,-0.015238582156598568,0.45688366889953613,0.5242457985877991,-0.008518749848008156,0.4566172659397125,0.5555025339126587,-0.002125323750078678,0.4622690677642822,0.623517632484436,-0.02872634306550026,0.48140549659729004,0.5283100008964539,-0.02233714424073696,0.4833722412586212,0.5464389324188232,-0.008741820231080055,0.4761210083961487,0.572501540184021,-7.727553020231426e-05,0.5005834102630615,0.6437415480613708,-0.03973443806171417,0.5022320747375488,0.5628600120544434,-0.026865188032388687,0.4953988790512085,0.5700023770332336,-0.008826338686048985,0.4889184534549713,0.5870738625526428,0.0039255740121006966,0,0,0,0,0,0,0,0,0,0,0,0,0,0,0,0,0,0,0,0,0,0,0,0,0,0,0,0,0,0,0,0,0,0,0,0,0,0,0,0,0,0,0,0,0,0,0,0,0,0,0,0,0,0,0,0,0,0,0,0,0,0,0,eat
0.40771472454071045,0.8594329357147217,-2.7778318667515123e-07,0.3647458851337433,0.7699322700500488,0.019942235201597214,0.35945621132850647,0.6841035485267639,0.021983372047543526,0.3857383728027344,0.6253737807273865,0.018970277160406113,0.41633886098861694,0.6026307344436646,0.017373153939843178,0.3576549291610718,0.6458595991134644,-0.0024440039414912462,0.3936959505081177,0.5499520301818848,-0.007497457787394524,0.4098406434059143,0.5660597085952759,-0.003044812474399805,0.4125092327594757,0.5925776362419128,0.0030334244947880507,0.40171122550964355,0.6499262452125549,-0.018429270014166832,0.4284076988697052,0.5306222438812256,-0.02409423142671585,0.4373001158237457,0.5510355234146118,-0.016988255083560944,0.4336686432361603,0.5874125957489014,-0.008084657602012157,0.4444087743759155,0.6602091193199158,-0.03135477751493454,0.4615437984466553,0.5480036735534668,-0.031077701598405838,0.4636528789997101,0.56790691614151,-0.015497353859245777,0.4570028483867645,0.5983926057815552,-0.002678075572475791,0.480766236782074,0.6800446510314941,-0.04256105422973633,0.4849783182144165,0.5816908478736877,-0.03321407735347748,0.4787440896034241,0.5881818532943726,-0.013614577241241932,0.47262170910835266,0.6096792221069336,0.0017617528792470694,0,0,0,0,0,0,0,0,0,0,0,0,0,0,0,0,0,0,0,0,0,0,0,0,0,0,0,0,0,0,0,0,0,0,0,0,0,0,0,0,0,0,0,0,0,0,0,0,0,0,0,0,0,0,0,0,0,0,0,0,0,0,0,eat
0.4066493809223175,0.864762544631958,-2.3529949544354167e-07,0.3628552258014679,0.7722249031066895,0.023656770586967468,0.3595150113105774,0.6855961084365845,0.026656102389097214,0.3889222741127014,0.6271341443061829,0.02452179789543152,0.42320531606674194,0.6009411811828613,0.0236040148884058,0.3537063002586365,0.6496863961219788,-0.004267391283065081,0.3906564712524414,0.5506806373596191,-0.007832253351807594,0.4068875312805176,0.5643976330757141,-0.0006742999539710581,0.41055166721343994,0.5919761657714844,0.007608483079820871,0.39928197860717773,0.6511874198913574,-0.02139083296060562,0.4260563552379608,0.5301373600959778,-0.024810027331113815,0.43540269136428833,0.5476324558258057,-0.01563999429345131,0.4338497221469879,0.5807240605354309,-0.005564567167311907,0.44372498989105225,0.6614565849304199,-0.034536056220531464,0.4650265872478485,0.5502060651779175,-0.031680211424827576,0.4658229351043701,0.5696090459823608,-0.014507667161524296,0.4573557674884796,0.5976772904396057,-0.001262074802070856,0.481827050447464,0.6826461553573608,-0.045470137149095535,0.48720794916152954,0.585899829864502,-0.033252619206905365,0.48097580671310425,0.5945495367050171,-0.01136314868927002,0.4739662706851959,0.6158040165901184,0.005327651277184486,0,0,0,0,0,0,0,0,0,0,0,0,0,0,0,0,0,0,0,0,0,0,0,0,0,0,0,0,0,0,0,0,0,0,0,0,0,0,0,0,0,0,0,0,0,0,0,0,0,0,0,0,0,0,0,0,0,0,0,0,0,0,0,eat
0.4167728126049042,0.830826461315155,-1.9758913083478546e-07,0.3759949505329132,0.7397133111953735,0.022689584642648697,0.3710407316684723,0.651667058467865,0.025480326265096664,0.39631813764572144,0.591605544090271,0.023287706077098846,0.42757582664489746,0.5641022324562073,0.022335613146424294,0.36255404353141785,0.6169112920761108,-0.004914019722491503,0.40504953265190125,0.52065110206604,-0.006872792728245258,0.42377302050590515,0.5391247272491455,0.0010348070645704865,0.42786905169487,0.5649616122245789,0.008886021561920643,0.4059111475944519,0.6161858439445496,-0.021350903436541557,0.43444517254829407,0.4954116642475128,-0.02332632802426815,0.4469481110572815,0.5168766975402832,-0.013571971096098423,0.44556060433387756,0.5515382885932922,-0.003789398353546858,0.45031020045280457,0.6238919496536255,-0.033713940531015396,0.46981292963027954,0.5123416185379028,-0.029101839289069176,0.4760229289531708,0.5377563238143921,-0.011368432082235813,0.46989965438842773,0.5694310069084167,0.0012892853701487184,0.4886513352394104,0.6423512101173401,-0.044062335044145584,0.49323588609695435,0.547245442867279,-0.03214646130800247,0.4918667674064636,0.5595796704292297,-0.011135305278003216,0.48722419142723083,0.5832089781761169,0.004627385176718235,0,0,0,0,0,0,0,0,0,0,0,0,0,0,0,0,0,0,0,0,0,0,0,0,0,0,0,0,0,0,0,0,0,0,0,0,0,0,0,0,0,0,0,0,0,0,0,0,0,0,0,0,0,0,0,0,0,0,0,0,0,0,0,eat
0.41777825355529785,0.8306275606155396,-2.8486658720794367e-07,0.37588876485824585,0.7384228706359863,0.02395142987370491,0.37184977531433105,0.6514753699302673,0.027188928797841072,0.3994133770465851,0.591138482093811,0.024965431541204453,0.43312641978263855,0.5644828081130981,0.023507991805672646,0.36253637075424194,0.6159922480583191,-0.0025789523497223854,0.40423446893692017,0.5159412622451782,-0.004969569854438305,0.4205266535282135,0.5388580560684204,0.0020967982709407806,0.42508187890052795,0.5683162212371826,0.009272519499063492,0.40765538811683655,0.6149660348892212,-0.020038599148392677,0.4353979825973511,0.4918658137321472,-0.02184627577662468,0.444196492433548,0.5174283385276794,-0.012684052810072899,0.4440426528453827,0.5541443824768066,-0.003240370424464345,0.4523424506187439,0.6245524287223816,-0.03355277329683304,0.4714924097061157,0.5112616419792175,-0.029023386538028717,0.4730587303638458,0.5375407338142395,-0.01186611782759428,0.46597373485565186,0.5705190896987915,0.0004961352096870542,0.4905150532722473,0.6445346474647522,-0.04497958719730377,0.49116209149360657,0.5487973690032959,-0.033118657767772675,0.4850199818611145,0.5594117641448975,-0.01282135397195816,0.47893500328063965,0.5802567601203918,0.002318326150998473,0,0,0,0,0,0,0,0,0,0,0,0,0,0,0,0,0,0,0,0,0,0,0,0,0,0,0,0,0,0,0,0,0,0,0,0,0,0,0,0,0,0,0,0,0,0,0,0,0,0,0,0,0,0,0,0,0,0,0,0,0,0,0,eat
0.4195668399333954,0.8078452348709106,-2.5088795041483536e-07,0.3776436150074005,0.7158427238464355,0.02837083674967289,0.37218430638313293,0.6326751112937927,0.033547062426805496,0.3974595069885254,0.5740304589271545,0.03268377482891083,0.4291739761829376,0.5480859279632568,0.032300058752298355,0.3636202812194824,0.5914582014083862,0.0029021836817264557,0.40206170082092285,0.4964290261268616,0.004774704109877348,0.42033761739730835,0.5095558166503906,0.014493103139102459,0.42555510997772217,0.5322186946868896,0.022749347612261772,0.4084182381629944,0.5895639657974243,-0.01591002196073532,0.4356223940849304,0.4718277156352997,-0.01510543841868639,0.4463060200214386,0.4912867248058319,-0.005502959247678518,0.4437800645828247,0.5256153345108032,0.003682871116325259,0.45322561264038086,0.5985096096992493,-0.030227039009332657,0.46970516443252563,0.4901129901409149,-0.022857455536723137,0.47410884499549866,0.5085810422897339,-0.0057919141836464405,0.46676352620124817,0.5360934734344482,0.005567971151322126,0.4916142225265503,0.6202870011329651,-0.0420604944229126,0.4931614398956299,0.5274112224578857,-0.029915304854512215,0.48917677998542786,0.5298159718513489,-0.010386353358626366,0.4808882474899292,0.5441969037055969,0.0041435775347054005,0,0,0,0,0,0,0,0,0,0,0,0,0,0,0,0,0,0,0,0,0,0,0,0,0,0,0,0,0,0,0,0,0,0,0,0,0,0,0,0,0,0,0,0,0,0,0,0,0,0,0,0,0,0,0,0,0,0,0,0,0,0,0,eat
0.4228224456310272,0.8110042214393616,-1.5434117983659235e-07,0.37918221950531006,0.7149932384490967,0.025992872193455696,0.3743389844894409,0.6313335299491882,0.028895840048789978,0.4013161361217499,0.5709618330001831,0.026628460735082626,0.4354173541069031,0.5433384776115417,0.024720534682273865,0.3655802011489868,0.5979400873184204,-0.0033058100380003452,0.40327510237693787,0.49510133266448975,-0.004768787883222103,0.4255717992782593,0.49433523416519165,0.0028983361553400755,0.4366159737110138,0.5105215907096863,0.010764982551336288,0.4102753698825836,0.5978608131408691,-0.020319387316703796,0.43411508202552795,0.473874032497406,-0.020475314930081367,0.44777652621269226,0.4780510663986206,-0.012108639813959599,0.45228445529937744,0.5034029483795166,-0.0034996108151972294,0.45580098032951355,0.6083500981330872,-0.032743193209171295,0.47130897641181946,0.49208593368530273,-0.02744954079389572,0.476410448551178,0.4919649660587311,-0.013182226568460464,0.47143250703811646,0.5085331797599792,-0.0027601250912994146,0.49692797660827637,0.6287996768951416,-0.04247235879302025,0.49437636137008667,0.5315835475921631,-0.03240082412958145,0.48786890506744385,0.5158708095550537,-0.015446987003087997,0.4789431691169739,0.5137882232666016,-0.0018361009424552321,0,0,0,0,0,0,0,0,0,0,0,0,0,0,0,0,0,0,0,0,0,0,0,0,0,0,0,0,0,0,0,0,0,0,0,0,0,0,0,0,0,0,0,0,0,0,0,0,0,0,0,0,0,0,0,0,0,0,0,0,0,0,0,eat
0.4248415529727936,0.8256436586380005,-3.8379216249495585e-08,0.3819957375526428,0.7270904183387756,0.02543642558157444,0.37755727767944336,0.6444776058197021,0.028324227780103683,0.4032047390937805,0.5823799967765808,0.025565771386027336,0.43463319540023804,0.5530856251716614,0.02274472452700138,0.37040799856185913,0.6101773977279663,-0.00015624999650754035,0.404257595539093,0.5099945068359375,-0.0018611004343256354,0.4296470582485199,0.49246159195899963,0.0043600182980299,0.4467654228210449,0.49488502740859985,0.011011938564479351,0.4164561927318573,0.6106212139129639,-0.01735091395676136,0.4344397187232971,0.49181216955184937,-0.01705656759440899,0.44869479537010193,0.4774061441421509,-0.009268533438444138,0.4567531645298004,0.4861608147621155,-0.0015331411268562078,0.46152952313423157,0.6213903427124023,-0.030394326895475388,0.4732440114021301,0.5079658627510071,-0.025582678616046906,0.47812825441360474,0.4973645806312561,-0.01060463022440672,0.47553732991218567,0.5049567222595215,0.0005861584795638919,0.5016964673995972,0.6424574851989746,-0.041169166564941406,0.4983673095703125,0.5460907220840454,-0.03109695017337799,0.49211254715919495,0.5243202447891235,-0.012685120105743408,0.48567938804626465,0.5182089805603027,0.0023380625061690807,0,0,0,0,0,0,0,0,0,0,0,0,0,0,0,0,0,0,0,0,0,0,0,0,0,0,0,0,0,0,0,0,0,0,0,0,0,0,0,0,0,0,0,0,0,0,0,0,0,0,0,0,0,0,0,0,0,0,0,0,0,0,0,eat
0.42601633071899414,0.819027304649353,-1.8705783588757185e-08,0.3808237910270691,0.723110556602478,0.023917296901345253,0.37641847133636475,0.6400346159934998,0.026615237817168236,0.40246352553367615,0.5786271095275879,0.024986566975712776,0.4340743124485016,0.5489339828491211,0.023549029603600502,0.3735957145690918,0.6119173169136047,-0.003424989525228739,0.40627485513687134,0.5086487531661987,-0.004090493079274893,0.42895790934562683,0.4905182123184204,0.0033815247006714344,0.4437616467475891,0.49136456847190857,0.011224950663745403,0.4203997552394867,0.6143070459365845,-0.01808120682835579,0.43886712193489075,0.4922263026237488,-0.017575474455952644,0.44712257385253906,0.4769916534423828,-0.008819268085062504,0.45065435767173767,0.48453646898269653,0.00020708798547275364,0.46523597836494446,0.6254938244819641,-0.028383469209074974,0.4769188165664673,0.5116817355155945,-0.022681038826704025,0.4761253297328949,0.49610382318496704,-0.007903806865215302,0.46973562240600586,0.4980759024620056,0.00334789021871984,0.5035852789878845,0.6453326344490051,-0.03623902425169945,0.49788281321525574,0.5495874285697937,-0.025112083181738853,0.4883042573928833,0.5233857035636902,-0.007327118888497353,0.47903987765312195,0.511204719543457,0.007318052928894758,0,0,0,0,0,0,0,0,0,0,0,0,0,0,0,0,0,0,0,0,0,0,0,0,0,0,0,0,0,0,0,0,0,0,0,0,0,0,0,0,0,0,0,0,0,0,0,0,0,0,0,0,0,0,0,0,0,0,0,0,0,0,0,eat
0.4288210868835449,0.7930309772491455,-2.0383239984766988e-07,0.38618549704551697,0.7033898234367371,0.028109384700655937,0.38462603092193604,0.6241276860237122,0.03285055607557297,0.4118008315563202,0.5712662935256958,0.03231998160481453,0.4428163468837738,0.5484885573387146,0.0318993404507637,0.37674880027770996,0.5832898020744324,-0.000766407058108598,0.4086562693119049,0.4876977205276489,0.0024276007898151875,0.4286409914493561,0.49490705132484436,0.013201462104916573,0.43488991260528564,0.5140921473503113,0.022332625463604927,0.41958391666412354,0.5819316506385803,-0.017923584207892418,0.4403725862503052,0.46861883997917175,-0.013184746727347374,0.454163134098053,0.47938966751098633,-0.0035390097182244062,0.4552801847457886,0.5083742141723633,0.00437021441757679,0.46298179030418396,0.5920409560203552,-0.030122943222522736,0.4780632555484772,0.48282551765441895,-0.02101122960448265,0.48395082354545593,0.48853999376296997,-0.007267927750945091,0.47784423828125,0.5098031163215637,0.000986334402114153,0.5005841851234436,0.6131531000137329,-0.03944207355380058,0.4973840117454529,0.5250601768493652,-0.029141994193196297,0.49178650975227356,0.5127646923065186,-0.014006172306835651,0.4823527932167053,0.514568567276001,-0.002514820545911789,0,0,0,0,0,0,0,0,0,0,0,0,0,0,0,0,0,0,0,0,0,0,0,0,0,0,0,0,0,0,0,0,0,0,0,0,0,0,0,0,0,0,0,0,0,0,0,0,0,0,0,0,0,0,0,0,0,0,0,0,0,0,0,eat
0.42785173654556274,0.7906488180160522,-2.1652064674526628e-07,0.38277363777160645,0.7030499577522278,0.02446097880601883,0.37898844480514526,0.6221151351928711,0.027940114960074425,0.40394753217697144,0.564052402973175,0.026879584416747093,0.43397265672683716,0.5361514091491699,0.026146093383431435,0.37257933616638184,0.5838497877120972,-0.002315457444638014,0.4042004942893982,0.4883343577384949,-0.0007805154891684651,0.4247073233127594,0.4900570809841156,0.00848462712019682,0.4317993223667145,0.505316972732544,0.016716303303837776,0.415953129529953,0.5824728012084961,-0.017837297171354294,0.43621909618377686,0.46950864791870117,-0.015140734612941742,0.44927045702934265,0.477206826210022,-0.006636863108724356,0.45169180631637573,0.5024901628494263,0.0009376594098284841,0.46058788895606995,0.5918895602226257,-0.028986487537622452,0.47676554322242737,0.4840352535247803,-0.02302277460694313,0.48291224241256714,0.4837570786476135,-0.011012802831828594,0.479230135679245,0.49877306818962097,-0.003058097558096051,0.5000884532928467,0.6111552119255066,-0.0373685285449028,0.49678581953048706,0.5222257375717163,-0.028683016076683998,0.4902168810367584,0.5069873929023743,-0.014510130509734154,0.48164433240890503,0.5044260621070862,-0.0034055733121931553,0,0,0,0,0,0,0,0,0,0,0,0,0,0,0,0,0,0,0,0,0,0,0,0,0,0,0,0,0,0,0,0,0,0,0,0,0,0,0,0,0,0,0,0,0,0,0,0,0,0,0,0,0,0,0,0,0,0,0,0,0,0,0,eat
0.42084118723869324,0.8238545060157776,-9.656010746539323e-08,0.37528935074806213,0.7394681572914124,0.019818773493170738,0.37007996439933777,0.6548900604248047,0.021311555057764053,0.3955432176589966,0.5928566455841064,0.018690058961510658,0.42503678798675537,0.5614347457885742,0.016775792464613914,0.3647364675998688,0.6171959638595581,-0.007257475052028894,0.3980916142463684,0.5134633183479309,-0.013560938648879528,0.41799405217170715,0.5045535564422607,-0.009546875953674316,0.4283604621887207,0.5144909620285034,-0.002965209074318409,0.41090309619903564,0.6197152137756348,-0.022437701001763344,0.4314909875392914,0.48988422751426697,-0.02987872064113617,0.4409357011318207,0.4843558073043823,-0.023493554443120956,0.44295141100883484,0.5026021003723145,-0.013839266262948513,0.45543351769447327,0.6295984983444214,-0.033893149346113205,0.4697180986404419,0.5123060941696167,-0.035130634903907776,0.4704625606536865,0.5145462155342102,-0.019941972568631172,0.4650288224220276,0.533010721206665,-0.005851967725902796,0.49453985691070557,0.6491683721542358,-0.043324463069438934,0.4918927550315857,0.5475791692733765,-0.03497858718037605,0.48268362879753113,0.5359793305397034,-0.015797020867466927,0.4754057228565216,0.541200578212738,0.000603179563768208,0,0,0,0,0,0,0,0,0,0,0,0,0,0,0,0,0,0,0,0,0,0,0,0,0,0,0,0,0,0,0,0,0,0,0,0,0,0,0,0,0,0,0,0,0,0,0,0,0,0,0,0,0,0,0,0,0,0,0,0,0,0,0,eat
0.41968294978141785,0.8301595449447632,-1.772408637634726e-07,0.3764292597770691,0.7367088794708252,0.02257995866239071,0.37061864137649536,0.6486796140670776,0.023979440331459045,0.3960721492767334,0.583756685256958,0.020446453243494034,0.42940428853034973,0.5511605143547058,0.017630845308303833,0.36660486459732056,0.61728435754776,-0.006115281488746405,0.40037697553634644,0.5119765996932983,-0.01175193302333355,0.4198666512966156,0.5122801065444946,-0.006781642325222492,0.4296013116836548,0.531509280204773,0.00018799581448547542,0.4109320640563965,0.6182262897491455,-0.022563153877854347,0.4323711693286896,0.49076297879219055,-0.027422890067100525,0.44239678978919983,0.49575623869895935,-0.020013995468616486,0.4445969760417938,0.5225546360015869,-0.010709046386182308,0.45503395795822144,0.6289870142936707,-0.03512231633067131,0.4693971872329712,0.5127689838409424,-0.0334966666996479,0.47046127915382385,0.5163211226463318,-0.018735386431217194,0.46417826414108276,0.5357299447059631,-0.006604352965950966,0.49480122327804565,0.6493566632270813,-0.04546593129634857,0.4920061528682709,0.5512270927429199,-0.03681525960564613,0.4824681878089905,0.5370538234710693,-0.019821729511022568,0.47291117906570435,0.5377920866012573,-0.005748866591602564,0,0,0,0,0,0,0,0,0,0,0,0,0,0,0,0,0,0,0,0,0,0,0,0,0,0,0,0,0,0,0,0,0,0,0,0,0,0,0,0,0,0,0,0,0,0,0,0,0,0,0,0,0,0,0,0,0,0,0,0,0,0,0,eat
0.41838088631629944,0.8514052629470825,-1.198863230911229e-07,0.3725517988204956,0.7559946775436401,0.020327160134911537,0.3687575161457062,0.671619713306427,0.021695928648114204,0.3987334668636322,0.6139589548110962,0.017957376316189766,0.43368658423423767,0.5891223549842834,0.01432174351066351,0.3614937663078308,0.639822781085968,-0.004413559101521969,0.39813387393951416,0.5354326963424683,-0.010952786542475224,0.42112427949905396,0.5297211408615112,-0.008792412467300892,0.43512845039367676,0.5416097044944763,-0.004311573691666126,0.40883520245552063,0.6428815722465515,-0.020282646641135216,0.42967838048934937,0.5176703929901123,-0.02493240125477314,0.43985921144485474,0.5213643312454224,-0.02012588270008564,0.44296398758888245,0.545877993106842,-0.013717452995479107,0.4548261761665344,0.6536476612091064,-0.03276440128684044,0.47057241201400757,0.5396808981895447,-0.03204666078090668,0.471917062997818,0.5495418310165405,-0.0193550456315279,0.4666931927204132,0.5737882852554321,-0.008881865069270134,0.4941982626914978,0.6723567843437195,-0.043335720896720886,0.48972976207733154,0.5761444568634033,-0.033894095569849014,0.4823996424674988,0.5725758671760559,-0.016119739040732384,0.47785231471061707,0.5826729536056519,-0.002140072174370289,0,0,0,0,0,0,0,0,0,0,0,0,0,0,0,0,0,0,0,0,0,0,0,0,0,0,0,0,0,0,0,0,0,0,0,0,0,0,0,0,0,0,0,0,0,0,0,0,0,0,0,0,0,0,0,0,0,0,0,0,0,0,0,eat
0.4268050491809845,0.8473947048187256,-2.07250607786591e-07,0.38438403606414795,0.7524840831756592,0.019012073054909706,0.382968932390213,0.6650437116622925,0.020394567400217056,0.4125273823738098,0.607610285282135,0.016622738912701607,0.44648441672325134,0.5843123197555542,0.013789036311209202,0.37761765718460083,0.6307869553565979,0.0025273405481129885,0.40867745876312256,0.5336888432502747,-0.002651649061590433,0.42292824387550354,0.5405197739601135,-0.0014055963838472962,0.4280455410480499,0.5615079402923584,0.001983517548069358,0.4224686026573181,0.6335103511810303,-0.012416906654834747,0.44121652841567993,0.5227981805801392,-0.014188366010785103,0.44856300950050354,0.53221595287323,-0.010877201333642006,0.4490308165550232,0.5587549805641174,-0.006533883512020111,0.46598008275032043,0.6450609564781189,-0.024713970720767975,0.47969651222229004,0.5448691248893738,-0.021240875124931335,0.47843044996261597,0.5541631579399109,-0.01073563564568758,0.47110337018966675,0.5753205418586731,-0.003256614552810788,0.5039881467819214,0.6634048819541931,-0.035450879484415054,0.5020670890808105,0.5803912281990051,-0.025146614760160446,0.4931378662586212,0.5775202512741089,-0.009453978389501572,0.4849901497364044,0.585978090763092,0.0023432935122400522,0,0,0,0,0,0,0,0,0,0,0,0,0,0,0,0,0,0,0,0,0,0,0,0,0,0,0,0,0,0,0,0,0,0,0,0,0,0,0,0,0,0,0,0,0,0,0,0,0,0,0,0,0,0,0,0,0,0,0,0,0,0,0,eat
0.4314102828502655,0.8384602665901184,-1.7356815362745692e-07,0.3878781795501709,0.7462305426597595,0.027046583592891693,0.3879336714744568,0.6642935872077942,0.03256974741816521,0.4155420958995819,0.6127379536628723,0.03279910981655121,0.4472721517086029,0.5889219641685486,0.03351479396224022,0.3858005702495575,0.6270455121994019,0.004285044502466917,0.4146865904331207,0.5325312614440918,0.00591663271188736,0.43230360746383667,0.5327721834182739,0.015009721741080284,0.43923717737197876,0.55009925365448,0.023802995681762695,0.42968228459358215,0.6282360553741455,-0.012415778823196888,0.44615480303764343,0.5172441005706787,-0.010773342102766037,0.45564326643943787,0.5256609916687012,-0.0019678734242916107,0.4555134177207947,0.5512463450431824,0.006710862275213003,0.4714943766593933,0.638821005821228,-0.024936243891716003,0.4849207103252411,0.5374196767807007,-0.01831858418881893,0.4845634698867798,0.5439057946205139,-0.003620879026129842,0.47640562057495117,0.5614327788352966,0.006835723761469126,0.506772518157959,0.6592186689376831,-0.03483779728412628,0.5049439668655396,0.5740893483161926,-0.020636675879359245,0.4975012540817261,0.5724035501480103,-0.0005084724398329854,0.49009212851524353,0.5837279558181763,0.014591402374207973,0,0,0,0,0,0,0,0,0,0,0,0,0,0,0,0,0,0,0,0,0,0,0,0,0,0,0,0,0,0,0,0,0,0,0,0,0,0,0,0,0,0,0,0,0,0,0,0,0,0,0,0,0,0,0,0,0,0,0,0,0,0,0,eat
0.43120166659355164,0.8350236415863037,-1.9037842946545425e-07,0.38810521364212036,0.7422177195549011,0.02484455145895481,0.38899579644203186,0.6606870889663696,0.029006151482462883,0.4173212945461273,0.6085272431373596,0.028531432151794434,0.44903337955474854,0.5840863585472107,0.028629222884774208,0.3860733211040497,0.6242526769638062,-0.0021353450138121843,0.41659945249557495,0.5289191007614136,-0.0009773621568456292,0.4331732988357544,0.5353304147720337,0.008395437151193619,0.4395653009414673,0.5561752915382385,0.017316218465566635,0.43050527572631836,0.6272217631340027,-0.017699813470244408,0.4488530158996582,0.5162439942359924,-0.01404422428458929,0.45717236399650574,0.5279040336608887,-0.003967046272009611,0.45750802755355835,0.5548959374427795,0.004410131834447384,0.47291696071624756,0.6393662691116333,-0.028908561915159225,0.4876794219017029,0.534923255443573,-0.02132629230618477,0.48615431785583496,0.5472626090049744,-0.00605370057746768,0.47891852259635925,0.5694609880447388,0.0038920557126402855,0.5084786415100098,0.6599814891815186,-0.03759138658642769,0.5065134763717651,0.5744713544845581,-0.023848675191402435,0.4981193542480469,0.5782849788665771,-0.004124005790799856,0.4920586049556732,0.5938296914100647,0.01032203808426857,0,0,0,0,0,0,0,0,0,0,0,0,0,0,0,0,0,0,0,0,0,0,0,0,0,0,0,0,0,0,0,0,0,0,0,0,0,0,0,0,0,0,0,0,0,0,0,0,0,0,0,0,0,0,0,0,0,0,0,0,0,0,0,eat
0.43073102831840515,0.8386441469192505,-2.1623708335027914e-07,0.3861089050769806,0.7491970658302307,0.021198216825723648,0.3837312161922455,0.6643878817558289,0.023410486057400703,0.4105798900127411,0.6037190556526184,0.022156264632940292,0.4408501386642456,0.5722059011459351,0.02170049585402012,0.38387322425842285,0.6335771679878235,-0.011232002638280392,0.41433191299438477,0.5320481657981873,-0.012315253727138042,0.4287995398044586,0.5362906455993652,-0.0031189906876534224,0.4331345856189728,0.556466281414032,0.006202963180840015,0.42805546522140503,0.6383695602416992,-0.024682028219103813,0.4463013708591461,0.5209139585494995,-0.023279385641217232,0.45257773995399475,0.5316559076309204,-0.011995512992143631,0.4508444666862488,0.5596356987953186,-0.0022203540429472923,0.47050946950912476,0.6505053043365479,-0.03377184644341469,0.48419997096061707,0.5403463840484619,-0.027746476233005524,0.4810603857040405,0.548439621925354,-0.011545399203896523,0.47259774804115295,0.5692466497421265,-0.0006597171304747462,0.5058952569961548,0.6693701148033142,-0.04046538099646568,0.5020530819892883,0.5790993571281433,-0.028550291433930397,0.4917157292366028,0.5789511799812317,-0.009841612540185452,0.4841807782649994,0.5913271307945251,0.004010623786598444,0,0,0,0,0,0,0,0,0,0,0,0,0,0,0,0,0,0,0,0,0,0,0,0,0,0,0,0,0,0,0,0,0,0,0,0,0,0,0,0,0,0,0,0,0,0,0,0,0,0,0,0,0,0,0,0,0,0,0,0,0,0,0,eat
0.42749807238578796,0.8409105539321899,-2.5128309744104627e-07,0.38409703969955444,0.7509211301803589,0.02237701043486595,0.38517826795578003,0.6658046841621399,0.02588472329080105,0.4160052239894867,0.6111211180686951,0.024927960708737373,0.44831955432891846,0.5855857133865356,0.024773959070444107,0.3810618817806244,0.6298896670341492,-0.002686056774109602,0.41107887029647827,0.536389946937561,-0.00316940201446414,0.42567014694213867,0.5495449304580688,0.004635079763829708,0.4301629960536957,0.5753904581069946,0.012578456662595272,0.42491471767425537,0.6326177716255188,-0.01774788275361061,0.4419499337673187,0.52047199010849,-0.016098838299512863,0.448406457901001,0.5376539826393127,-0.006696957629173994,0.4473097324371338,0.5700073838233948,0.0018816615920513868,0.46709296107292175,0.6446928381919861,-0.029005596414208412,0.4809606969356537,0.5392666459083557,-0.023461181670427322,0.47872284054756165,0.5569202899932861,-0.008755512535572052,0.47114214301109314,0.5841293931007385,0.0014110596384853125,0.5026359558105469,0.6651118397712708,-0.03798823058605194,0.49979060888290405,0.5780634880065918,-0.02596862241625786,0.49025529623031616,0.5853004455566406,-0.007387025747448206,0.48382148146629333,0.6038192510604858,0.00634402921423316,0,0,0,0,0,0,0,0,0,0,0,0,0,0,0,0,0,0,0,0,0,0,0,0,0,0,0,0,0,0,0,0,0,0,0,0,0,0,0,0,0,0,0,0,0,0,0,0,0,0,0,0,0,0,0,0,0,0,0,0,0,0,0,eat
0.4182070791721344,0.8601205348968506,-7.589103034888467e-08,0.37357333302497864,0.7704405188560486,0.015841342508792877,0.3731016516685486,0.683376669883728,0.014983299188315868,0.40512657165527344,0.6209321618080139,0.01052872184664011,0.4401696026325226,0.588790237903595,0.006687446963042021,0.3687540590763092,0.6544602513313293,-0.011030969209969044,0.40390855073928833,0.5508573055267334,-0.018621224910020828,0.42703285813331604,0.5452901124954224,-0.017013179138302803,0.4381178915500641,0.5574433207511902,-0.01255990844219923,0.41376012563705444,0.6577001214027405,-0.024467555806040764,0.4381464123725891,0.5372546911239624,-0.026981519535183907,0.4526759386062622,0.5359199047088623,-0.020757833495736122,0.45579245686531067,0.5545591711997986,-0.014424077235162258,0.45735108852386475,0.6691402792930603,-0.034853000193834305,0.47543641924858093,0.5557758808135986,-0.03296850621700287,0.47829586267471313,0.5593485832214355,-0.01977536827325821,0.4728371798992157,0.5769264698028564,-0.010083474218845367,0.4952864646911621,0.6871826648712158,-0.04365929588675499,0.4932229518890381,0.5946023464202881,-0.03536562621593475,0.48555096983909607,0.5875542759895325,-0.018862172961235046,0.4790680408477783,0.5944849252700806,-0.006000960245728493,0,0,0,0,0,0,0,0,0,0,0,0,0,0,0,0,0,0,0,0,0,0,0,0,0,0,0,0,0,0,0,0,0,0,0,0,0,0,0,0,0,0,0,0,0,0,0,0,0,0,0,0,0,0,0,0,0,0,0,0,0,0,0,eat
0.4207465946674347,0.8656998872756958,-1.0206210987462327e-07,0.3740091621875763,0.7769631743431091,0.016254158690571785,0.3706985116004944,0.6868858933448792,0.016313839703798294,0.399638295173645,0.6240979433059692,0.01268515083938837,0.43416786193847656,0.5892170667648315,0.009954620152711868,0.37627264857292175,0.6575879454612732,-0.006075674202293158,0.40892693400382996,0.556068480014801,-0.01141873188316822,0.4265816807746887,0.5493189692497253,-0.008484897203743458,0.4347531795501709,0.5594342947006226,-0.0034951448906213045,0.4174427390098572,0.6588001251220703,-0.018770521506667137,0.4405427873134613,0.5433027148246765,-0.020861193537712097,0.45208272337913513,0.5447553992271423,-0.014225097373127937,0.45494571328163147,0.5648962259292603,-0.007121591363102198,0.45872119069099426,0.6690301299095154,-0.02861090563237667,0.47480690479278564,0.5595182180404663,-0.025932298973202705,0.47639724612236023,0.5619388222694397,-0.012447773478925228,0.47209328413009644,0.5780117511749268,-0.0024496319238096476,0.49635055661201477,0.6867371797561646,-0.036895621567964554,0.4988298714160919,0.5948124527931213,-0.027179857715964317,0.49130839109420776,0.5894182920455933,-0.010054722428321838,0.48489370942115784,0.5982069373130798,0.003201301209628582,0,0,0,0,0,0,0,0,0,0,0,0,0,0,0,0,0,0,0,0,0,0,0,0,0,0,0,0,0,0,0,0,0,0,0,0,0,0,0,0,0,0,0,0,0,0,0,0,0,0,0,0,0,0,0,0,0,0,0,0,0,0,0,eat
